open_time_ms,open_time_iso,open,high,low,close,volume
1779802200000,2026-05-26T13:30:00+00:00,302.21000000,308.00000000,301.12000000,305.31000000,1349.26000000
1779803100000,2026-05-26T13:45:00+00:00,304.16000000,307.78000000,298.00000000,306.39000000,1311.40000000
1779804000000,2026-05-26T14:00:00+00:00,307.35000000,311.98000000,305.22000000,311.98000000,806.28000000
1779804900000,2026-05-26T14:15:00+00:00,311.98000000,314.17000000,308.72000000,312.63000000,779.38000000
1779805800000,2026-05-26T14:30:00+00:00,312.61000000,316.69000000,312.20000000,312.76000000,728.44000000
1779806700000,2026-05-26T14:45:00+00:00,313.32000000,318.56000000,310.82000000,317.52000000,879.20000000
1779807600000,2026-05-26T15:00:00+00:00,317.53000000,318.24000000,314.49000000,316.37000000,938.29000000
1779808500000,2026-05-26T15:15:00+00:00,316.38000000,320.65000000,314.14000000,318.75000000,471.93000000
1779809400000,2026-05-26T15:30:00+00:00,318.72000000,319.44000000,316.85000000,317.52000000,438.76000000
1779810300000,2026-05-26T15:45:00+00:00,317.36000000,317.96000000,312.33000000,316.94000000,777.82000000
1779811200000,2026-05-26T16:00:00+00:00,316.85000000,320.00000000,316.45000000,319.80000000,500.91000000
1779812100000,2026-05-26T16:15:00+00:00,319.70000000,322.31000000,318.25000000,320.24000000,502.45000000
1779813000000,2026-05-26T16:30:00+00:00,320.09000000,321.25000000,317.40000000,317.41000000,328.39000000
1779813900000,2026-05-26T16:45:00+00:00,317.57000000,319.26000000,316.59000000,318.33000000,211.73000000
1779814800000,2026-05-26T17:00:00+00:00,318.46000000,321.10000000,316.46000000,316.97000000,210.55000000
1779815700000,2026-05-26T17:15:00+00:00,316.89000000,318.11000000,315.77000000,316.92000000,333.74000000
1779816600000,2026-05-26T17:30:00+00:00,316.87000000,318.26000000,314.17000000,316.12000000,309.61000000
1779817500000,2026-05-26T17:45:00+00:00,316.25000000,317.46000000,315.70000000,316.84000000,122.36000000
1779818400000,2026-05-26T18:00:00+00:00,316.82000000,318.88000000,316.10000000,317.07000000,78.32000000
1779819300000,2026-05-26T18:15:00+00:00,317.50000000,318.08000000,316.71000000,317.05000000,30.03000000
1779820200000,2026-05-26T18:30:00+00:00,317.05000000,318.78000000,316.71000000,317.38000000,64.77000000
1779821100000,2026-05-26T18:45:00+00:00,317.28000000,318.65000000,316.73000000,317.40000000,46.08000000
1779822000000,2026-05-26T19:00:00+00:00,317.44000000,320.93000000,317.10000000,319.85000000,176.43000000
1779822900000,2026-05-26T19:15:00+00:00,319.85000000,320.28000000,318.35000000,318.77000000,157.31000000
1779823800000,2026-05-26T19:30:00+00:00,318.50000000,321.60000000,318.50000000,321.07000000,84.41000000
1779824700000,2026-05-26T19:45:00+00:00,321.08000000,322.69000000,319.74000000,322.05000000,142.94000000
1779825600000,2026-05-26T20:00:00+00:00,322.04000000,322.18000000,319.02000000,320.22000000,135.28000000
1779826500000,2026-05-26T20:15:00+00:00,320.68000000,320.99000000,320.11000000,320.54000000,21.47000000
1779827400000,2026-05-26T20:30:00+00:00,320.82000000,321.89000000,320.68000000,321.67000000,50.27000000
1779828300000,2026-05-26T20:45:00+00:00,321.60000000,321.86000000,320.56000000,321.30000000,130.51000000
1779829200000,2026-05-26T21:00:00+00:00,320.54000000,321.26000000,319.00000000,319.93000000,143.12000000
1779830100000,2026-05-26T21:15:00+00:00,319.59000000,320.55000000,319.47000000,319.98000000,19.38000000
1779831000000,2026-05-26T21:30:00+00:00,320.43000000,320.55000000,319.50000000,320.54000000,20.03000000
1779831900000,2026-05-26T21:45:00+00:00,319.95000000,321.17000000,319.68000000,320.73000000,51.23000000
1779832800000,2026-05-26T22:00:00+00:00,320.83000000,321.22000000,319.96000000,320.20000000,26.98000000
1779833700000,2026-05-26T22:15:00+00:00,320.26000000,321.03000000,319.84000000,320.87000000,31.08000000
1779834600000,2026-05-26T22:30:00+00:00,320.74000000,320.74000000,320.08000000,320.27000000,2.09000000
1779835500000,2026-05-26T22:45:00+00:00,320.11000000,320.81000000,319.59000000,320.51000000,26.97000000
1779836400000,2026-05-26T23:00:00+00:00,320.58000000,320.69000000,319.86000000,320.41000000,22.62000000
1779837300000,2026-05-26T23:15:00+00:00,320.32000000,320.69000000,319.83000000,320.69000000,26.21000000
1779838200000,2026-05-26T23:30:00+00:00,320.69000000,321.30000000,319.89000000,321.27000000,15.42000000
1779839100000,2026-05-26T23:45:00+00:00,321.27000000,322.65000000,320.70000000,322.45000000,282.28000000
1779840000000,2026-05-27T00:00:00+00:00,322.40000000,323.65000000,317.17000000,321.68000000,490.11000000
1779840900000,2026-05-27T00:15:00+00:00,321.30000000,321.30000000,319.47000000,320.06000000,59.70000000
1779841800000,2026-05-27T00:30:00+00:00,320.06000000,320.69000000,318.48000000,320.69000000,66.52000000
1779842700000,2026-05-27T00:45:00+00:00,320.73000000,320.99000000,318.87000000,320.21000000,53.94000000
1779843600000,2026-05-27T01:00:00+00:00,320.58000000,320.68000000,318.87000000,319.58000000,68.53000000
1779844500000,2026-05-27T01:15:00+00:00,319.43000000,320.56000000,318.97000000,320.38000000,28.32000000
1779845400000,2026-05-27T01:30:00+00:00,320.40000000,322.11000000,319.79000000,321.59000000,74.53000000
1779846300000,2026-05-27T01:45:00+00:00,321.79000000,321.92000000,319.69000000,320.20000000,38.09000000
1779847200000,2026-05-27T02:00:00+00:00,319.86000000,320.69000000,319.59000000,320.52000000,24.60000000
1779848100000,2026-05-27T02:15:00+00:00,320.55000000,321.65000000,320.07000000,321.24000000,38.21000000
1779849000000,2026-05-27T02:30:00+00:00,321.13000000,321.89000000,320.73000000,321.33000000,64.31000000
1779849900000,2026-05-27T02:45:00+00:00,321.04000000,322.47000000,321.04000000,321.93000000,67.64000000
1779850800000,2026-05-27T03:00:00+00:00,321.65000000,322.01000000,320.78000000,321.81000000,17.87000000
1779851700000,2026-05-27T03:15:00+00:00,321.75000000,321.80000000,319.75000000,321.51000000,67.42000000
1779852600000,2026-05-27T03:30:00+00:00,321.50000000,321.59000000,320.69000000,320.95000000,41.98000000
1779853500000,2026-05-27T03:45:00+00:00,320.79000000,321.28000000,320.07000000,320.72000000,57.62000000
1779854400000,2026-05-27T04:00:00+00:00,320.73000000,321.09000000,320.14000000,320.42000000,89.75000000
1779855300000,2026-05-27T04:15:00+00:00,320.42000000,320.64000000,318.70000000,319.38000000,116.44000000
1779856200000,2026-05-27T04:30:00+00:00,319.08000000,319.08000000,315.70000000,317.05000000,211.90000000
1779857100000,2026-05-27T04:45:00+00:00,316.88000000,317.71000000,316.20000000,317.22000000,97.64000000
1779858000000,2026-05-27T05:00:00+00:00,317.18000000,317.50000000,315.05000000,315.99000000,89.43000000
1779858900000,2026-05-27T05:15:00+00:00,316.00000000,317.05000000,313.55000000,314.75000000,222.38000000
1779859800000,2026-05-27T05:30:00+00:00,314.75000000,316.37000000,314.75000000,315.92000000,115.31000000
1779860700000,2026-05-27T05:45:00+00:00,316.08000000,317.86000000,316.02000000,316.69000000,95.97000000
1779861600000,2026-05-27T06:00:00+00:00,316.66000000,317.59000000,316.23000000,316.77000000,54.44000000
1779862500000,2026-05-27T06:15:00+00:00,316.95000000,316.96000000,315.53000000,315.83000000,56.59000000
1779863400000,2026-05-27T06:30:00+00:00,315.61000000,315.98000000,314.38000000,315.03000000,111.25000000
1779864300000,2026-05-27T06:45:00+00:00,315.32000000,316.75000000,314.75000000,315.72000000,32.05000000
1779865200000,2026-05-27T07:00:00+00:00,315.94000000,317.37000000,315.94000000,317.37000000,9.55000000
1779866100000,2026-05-27T07:15:00+00:00,317.35000000,318.54000000,317.02000000,317.77000000,35.82000000
1779867000000,2026-05-27T07:30:00+00:00,317.77000000,318.75000000,317.68000000,318.20000000,39.27000000
1779867900000,2026-05-27T07:45:00+00:00,318.19000000,320.18000000,318.19000000,319.43000000,357.95000000
1779868800000,2026-05-27T08:00:00+00:00,319.42000000,320.05000000,317.84000000,319.51000000,281.56000000
1779869700000,2026-05-27T08:15:00+00:00,319.79000000,320.78000000,319.21000000,320.44000000,173.33000000
1779870600000,2026-05-27T08:30:00+00:00,320.53000000,320.83000000,319.18000000,320.07000000,190.59000000
1779871500000,2026-05-27T08:45:00+00:00,319.73000000,320.51000000,319.48000000,319.80000000,47.73000000
1779872400000,2026-05-27T09:00:00+00:00,319.79000000,320.70000000,318.65000000,318.89000000,147.25000000
1779873300000,2026-05-27T09:15:00+00:00,318.85000000,319.38000000,318.20000000,318.55000000,27.74000000
1779874200000,2026-05-27T09:30:00+00:00,318.31000000,319.44000000,317.56000000,318.49000000,124.95000000
1779875100000,2026-05-27T09:45:00+00:00,318.44000000,319.57000000,318.34000000,318.83000000,19.94000000
1779876000000,2026-05-27T10:00:00+00:00,318.61000000,318.77000000,316.44000000,318.37000000,357.99000000
1779876900000,2026-05-27T10:15:00+00:00,318.37000000,318.71000000,316.74000000,318.29000000,162.00000000
1779877800000,2026-05-27T10:30:00+00:00,318.24000000,318.51000000,316.44000000,317.25000000,76.34000000
1779878700000,2026-05-27T10:45:00+00:00,316.98000000,317.85000000,316.77000000,317.41000000,46.86000000
1779879600000,2026-05-27T11:00:00+00:00,317.18000000,320.97000000,317.18000000,320.69000000,191.33000000
1779880500000,2026-05-27T11:15:00+00:00,320.69000000,322.45000000,320.30000000,321.15000000,170.46000000
1779881400000,2026-05-27T11:30:00+00:00,321.05000000,323.37000000,320.20000000,320.73000000,177.80000000
1779882300000,2026-05-27T11:45:00+00:00,320.31000000,321.69000000,320.20000000,320.77000000,149.02000000
1779883200000,2026-05-27T12:00:00+00:00,320.63000000,320.88000000,318.57000000,318.90000000,105.20000000
1779884100000,2026-05-27T12:15:00+00:00,318.64000000,322.68000000,318.04000000,320.72000000,317.06000000
1779885000000,2026-05-27T12:30:00+00:00,320.52000000,323.35000000,319.67000000,321.42000000,225.06000000
1779885900000,2026-05-27T12:45:00+00:00,321.84000000,322.95000000,319.19000000,319.62000000,388.74000000
1779886800000,2026-05-27T13:00:00+00:00,319.32000000,320.25000000,318.94000000,319.32000000,88.42000000
1779887700000,2026-05-27T13:15:00+00:00,319.28000000,320.90000000,318.86000000,319.99000000,117.34000000
1779888600000,2026-05-27T13:30:00+00:00,320.30000000,323.33000000,313.00000000,313.64000000,1019.25000000
1779889500000,2026-05-27T13:45:00+00:00,313.18000000,317.43000000,308.91000000,311.93000000,681.67000000
1779890400000,2026-05-27T14:00:00+00:00,312.05000000,314.44000000,308.03000000,308.99000000,237.27000000
1779891300000,2026-05-27T14:15:00+00:00,309.00000000,310.92000000,301.26000000,302.87000000,530.09000000
1779892200000,2026-05-27T14:30:00+00:00,302.96000000,308.89000000,302.67000000,307.84000000,333.14000000
1779893100000,2026-05-27T14:45:00+00:00,307.96000000,310.27000000,306.05000000,307.09000000,171.73000000
1779894000000,2026-05-27T15:00:00+00:00,307.21000000,308.84000000,305.01000000,308.25000000,60.77000000
1779894900000,2026-05-27T15:15:00+00:00,308.07000000,308.07000000,304.52000000,305.85000000,109.79000000
1779895800000,2026-05-27T15:30:00+00:00,306.19000000,307.30000000,301.54000000,304.73000000,466.00000000
1779896700000,2026-05-27T15:45:00+00:00,304.69000000,306.20000000,303.48000000,305.32000000,139.74000000
1779897600000,2026-05-27T16:00:00+00:00,305.06000000,308.14000000,304.17000000,307.74000000,165.70000000
1779898500000,2026-05-27T16:15:00+00:00,307.74000000,312.09000000,306.72000000,308.08000000,916.47000000
1779899400000,2026-05-27T16:30:00+00:00,307.85000000,308.29000000,306.37000000,307.05000000,74.68000000
1779900300000,2026-05-27T16:45:00+00:00,307.03000000,308.51000000,303.05000000,303.54000000,143.25000000
1779901200000,2026-05-27T17:00:00+00:00,303.62000000,304.57000000,300.86000000,301.71000000,227.22000000
1779902100000,2026-05-27T17:15:00+00:00,301.82000000,306.14000000,301.78000000,304.29000000,364.11000000
1779903000000,2026-05-27T17:30:00+00:00,304.57000000,304.84000000,302.14000000,302.84000000,180.79000000
1779903900000,2026-05-27T17:45:00+00:00,302.57000000,304.78000000,302.57000000,303.74000000,37.04000000
1779904800000,2026-05-27T18:00:00+00:00,303.68000000,305.66000000,303.19000000,304.41000000,113.63000000
1779905700000,2026-05-27T18:15:00+00:00,304.31000000,305.81000000,304.00000000,305.80000000,13.38000000
1779906600000,2026-05-27T18:30:00+00:00,305.73000000,306.19000000,304.84000000,305.35000000,26.94000000
1779907500000,2026-05-27T18:45:00+00:00,305.46000000,305.99000000,303.44000000,304.25000000,24.75000000
1779908400000,2026-05-27T19:00:00+00:00,304.04000000,304.96000000,303.66000000,303.75000000,13.78000000
1779909300000,2026-05-27T19:15:00+00:00,303.84000000,305.08000000,303.79000000,304.33000000,48.85000000
1779910200000,2026-05-27T19:30:00+00:00,304.20000000,305.31000000,304.20000000,304.42000000,18.56000000
1779911100000,2026-05-27T19:45:00+00:00,304.44000000,304.77000000,301.64000000,302.47000000,84.38000000
1779912000000,2026-05-27T20:00:00+00:00,302.96000000,304.46000000,302.31000000,303.14000000,90.43000000
1779912900000,2026-05-27T20:15:00+00:00,302.89000000,305.84000000,302.89000000,305.45000000,99.64000000
1779913800000,2026-05-27T20:30:00+00:00,305.15000000,305.71000000,304.71000000,305.00000000,14.20000000
1779914700000,2026-05-27T20:45:00+00:00,305.05000000,306.01000000,305.05000000,305.89000000,7.33000000
1779915600000,2026-05-27T21:00:00+00:00,305.67000000,305.75000000,304.70000000,305.47000000,50.12000000
1779916500000,2026-05-27T21:15:00+00:00,305.68000000,305.80000000,304.71000000,304.71000000,29.06000000
1779917400000,2026-05-27T21:30:00+00:00,304.76000000,305.34000000,304.30000000,304.59000000,64.23000000
1779918300000,2026-05-27T21:45:00+00:00,304.73000000,305.19000000,304.34000000,304.79000000,114.38000000
1779919200000,2026-05-27T22:00:00+00:00,305.00000000,305.66000000,304.45000000,304.61000000,84.06000000
1779920100000,2026-05-27T22:15:00+00:00,304.61000000,304.76000000,303.64000000,303.94000000,82.92000000
1779921000000,2026-05-27T22:30:00+00:00,303.78000000,304.31000000,303.07000000,304.17000000,56.79000000
1779921900000,2026-05-27T22:45:00+00:00,304.29000000,304.80000000,303.62000000,304.35000000,20.96000000
1779922800000,2026-05-27T23:00:00+00:00,304.34000000,305.38000000,303.90000000,304.16000000,95.06000000
1779923700000,2026-05-27T23:15:00+00:00,304.29000000,304.57000000,303.78000000,303.96000000,38.85000000
1779924600000,2026-05-27T23:30:00+00:00,304.08000000,304.24000000,302.15000000,302.15000000,48.23000000
1779925500000,2026-05-27T23:45:00+00:00,302.15000000,303.00000000,301.29000000,302.32000000,107.47000000
1779926400000,2026-05-28T00:00:00+00:00,302.48000000,305.16000000,302.18000000,302.18000000,62.31000000
1779927300000,2026-05-28T00:15:00+00:00,302.16000000,303.22000000,301.78000000,302.12000000,22.12000000
1779928200000,2026-05-28T00:30:00+00:00,302.35000000,302.35000000,297.20000000,300.55000000,195.56000000
1779929100000,2026-05-28T00:45:00+00:00,300.51000000,303.00000000,300.22000000,302.97000000,97.79000000
1779930000000,2026-05-28T01:00:00+00:00,302.99000000,304.25000000,302.73000000,303.77000000,52.19000000
1779930900000,2026-05-28T01:15:00+00:00,303.64000000,304.62000000,302.70000000,303.50000000,67.57000000
1779931800000,2026-05-28T01:30:00+00:00,303.77000000,304.48000000,303.59000000,303.60000000,22.13000000
1779932700000,2026-05-28T01:45:00+00:00,303.69000000,303.92000000,302.78000000,302.78000000,40.07000000
1779933600000,2026-05-28T02:00:00+00:00,302.74000000,303.16000000,302.41000000,303.01000000,8.98000000
1779934500000,2026-05-28T02:15:00+00:00,303.11000000,303.73000000,302.75000000,303.52000000,21.23000000
1779935400000,2026-05-28T02:30:00+00:00,303.56000000,303.60000000,302.25000000,302.42000000,20.62000000
1779936300000,2026-05-28T02:45:00+00:00,302.19000000,302.42000000,301.76000000,301.76000000,43.02000000
1779937200000,2026-05-28T03:00:00+00:00,301.91000000,301.91000000,299.40000000,299.87000000,105.53000000
1779938100000,2026-05-28T03:15:00+00:00,299.94000000,299.94000000,296.04000000,296.06000000,174.01000000
1779939000000,2026-05-28T03:30:00+00:00,296.04000000,296.53000000,291.13000000,291.72000000,1622.92000000
1779939900000,2026-05-28T03:45:00+00:00,291.64000000,293.81000000,290.42000000,292.71000000,278.94000000
1779940800000,2026-05-28T04:00:00+00:00,292.68000000,293.15000000,291.00000000,291.15000000,163.98000000
1779941700000,2026-05-28T04:15:00+00:00,290.97000000,291.77000000,287.68000000,289.01000000,185.45000000
1779942600000,2026-05-28T04:30:00+00:00,289.04000000,292.72000000,288.77000000,292.33000000,131.74000000
1779943500000,2026-05-28T04:45:00+00:00,292.17000000,292.17000000,290.69000000,291.93000000,25.21000000
1779944400000,2026-05-28T05:00:00+00:00,291.65000000,293.46000000,290.81000000,293.31000000,22.72000000
1779945300000,2026-05-28T05:15:00+00:00,293.57000000,296.59000000,292.88000000,295.70000000,119.83000000
1779946200000,2026-05-28T05:30:00+00:00,295.87000000,298.60000000,295.87000000,297.57000000,74.89000000
1779947100000,2026-05-28T05:45:00+00:00,297.83000000,300.99000000,297.74000000,299.59000000,150.10000000
1779948000000,2026-05-28T06:00:00+00:00,299.63000000,300.99000000,299.52000000,300.33000000,102.58000000
1779948900000,2026-05-28T06:15:00+00:00,300.63000000,301.25000000,299.44000000,300.34000000,46.38000000
1779949800000,2026-05-28T06:30:00+00:00,300.09000000,300.19000000,298.93000000,299.22000000,101.91000000
1779950700000,2026-05-28T06:45:00+00:00,299.55000000,301.00000000,299.42000000,300.88000000,98.75000000
1779951600000,2026-05-28T07:00:00+00:00,300.88000000,303.30000000,300.50000000,302.85000000,130.32000000
1779952500000,2026-05-28T07:15:00+00:00,303.00000000,303.92000000,303.00000000,303.86000000,78.78000000
1779953400000,2026-05-28T07:30:00+00:00,303.89000000,303.90000000,302.88000000,303.10000000,19.75000000
1779954300000,2026-05-28T07:45:00+00:00,303.25000000,303.25000000,301.42000000,301.95000000,85.49000000
1779955200000,2026-05-28T08:00:00+00:00,302.11000000,306.56000000,299.82000000,300.08000000,451.40000000
1779956100000,2026-05-28T08:15:00+00:00,300.08000000,302.06000000,300.08000000,300.63000000,160.63000000
1779957000000,2026-05-28T08:30:00+00:00,300.77000000,302.56000000,299.82000000,302.06000000,92.56000000
1779957900000,2026-05-28T08:45:00+00:00,302.06000000,302.42000000,300.16000000,300.76000000,53.61000000
1779958800000,2026-05-28T09:00:00+00:00,300.79000000,301.35000000,299.01000000,299.43000000,199.73000000
1779959700000,2026-05-28T09:15:00+00:00,299.61000000,300.04000000,299.08000000,299.98000000,51.96000000
1779960600000,2026-05-28T09:30:00+00:00,299.98000000,300.08000000,299.33000000,300.04000000,38.33000000
1779961500000,2026-05-28T09:45:00+00:00,300.25000000,300.52000000,299.68000000,300.21000000,59.00000000
1779962400000,2026-05-28T10:00:00+00:00,300.25000000,302.78000000,300.11000000,302.22000000,235.13000000
1779963300000,2026-05-28T10:15:00+00:00,302.09000000,302.27000000,299.79000000,301.05000000,80.41000000
1779964200000,2026-05-28T10:30:00+00:00,301.17000000,301.72000000,298.55000000,298.70000000,195.26000000
1779965100000,2026-05-28T10:45:00+00:00,298.41000000,299.85000000,297.57000000,299.35000000,402.12000000
1779966000000,2026-05-28T11:00:00+00:00,299.62000000,299.99000000,298.56000000,298.92000000,171.60000000
1779966900000,2026-05-28T11:15:00+00:00,299.27000000,299.40000000,298.31000000,298.42000000,103.79000000
1779967800000,2026-05-28T11:30:00+00:00,298.45000000,300.66000000,298.33000000,300.66000000,169.75000000
1779968700000,2026-05-28T11:45:00+00:00,300.38000000,300.85000000,299.72000000,300.85000000,33.98000000
1779969600000,2026-05-28T12:00:00+00:00,300.82000000,302.08000000,300.14000000,301.06000000,85.50000000
1779970500000,2026-05-28T12:15:00+00:00,300.98000000,301.20000000,298.91000000,299.19000000,121.14000000
1779971400000,2026-05-28T12:30:00+00:00,298.63000000,302.29000000,298.63000000,302.29000000,145.30000000
1779972300000,2026-05-28T12:45:00+00:00,302.83000000,308.31000000,302.78000000,305.75000000,594.24000000
1779973200000,2026-05-28T13:00:00+00:00,305.77000000,307.96000000,304.93000000,305.35000000,172.39000000
1779974100000,2026-05-28T13:15:00+00:00,305.47000000,310.30000000,304.91000000,309.38000000,500.87000000
1779975000000,2026-05-28T13:30:00+00:00,309.17000000,322.04000000,309.01000000,317.80000000,1665.26000000
1779975900000,2026-05-28T13:45:00+00:00,317.85000000,322.38000000,315.66000000,322.15000000,1005.52000000
1779976800000,2026-05-28T14:00:00+00:00,321.93000000,330.76000000,319.83000000,329.11000000,1376.44000000
1779977700000,2026-05-28T14:15:00+00:00,329.35000000,334.22000000,327.72000000,332.03000000,1285.30000000
1779978600000,2026-05-28T14:30:00+00:00,332.05000000,336.15000000,330.37000000,334.03000000,1314.62000000
1779979500000,2026-05-28T14:45:00+00:00,334.11000000,340.81000000,330.54000000,339.74000000,1672.96000000
1779980400000,2026-05-28T15:00:00+00:00,339.80000000,343.51000000,339.04000000,341.68000000,2573.50000000
1779981300000,2026-05-28T15:15:00+00:00,341.58000000,345.15000000,339.29000000,343.08000000,1917.87000000
1779982200000,2026-05-28T15:30:00+00:00,343.28000000,344.45000000,340.75000000,340.84000000,1348.05000000
1779983100000,2026-05-28T15:45:00+00:00,340.84000000,344.16000000,340.20000000,340.70000000,1734.07000000
1779984000000,2026-05-28T16:00:00+00:00,340.59000000,344.80000000,340.36000000,343.29000000,1812.04000000
1779984900000,2026-05-28T16:15:00+00:00,343.28000000,347.55000000,342.61000000,346.11000000,1859.78000000
1779985800000,2026-05-28T16:30:00+00:00,346.09000000,350.00000000,343.12000000,345.40000000,2510.42000000
1779986700000,2026-05-28T16:45:00+00:00,345.46000000,348.96000000,344.91000000,348.39000000,839.48000000
1779987600000,2026-05-28T17:00:00+00:00,348.37000000,349.18000000,344.55000000,345.35000000,1517.26000000
1779988500000,2026-05-28T17:15:00+00:00,345.35000000,345.85000000,344.22000000,344.32000000,795.34000000
1779989400000,2026-05-28T17:30:00+00:00,344.32000000,344.72000000,342.20000000,344.25000000,1250.47000000
1779990300000,2026-05-28T17:45:00+00:00,344.21000000,346.34000000,343.43000000,343.45000000,722.26000000
1779991200000,2026-05-28T18:00:00+00:00,343.58000000,344.87000000,342.66000000,343.00000000,558.47000000
1779992100000,2026-05-28T18:15:00+00:00,343.00000000,345.23000000,343.00000000,344.82000000,659.40000000
1779993000000,2026-05-28T18:30:00+00:00,344.84000000,344.90000000,342.15000000,342.62000000,367.53000000
1779993900000,2026-05-28T18:45:00+00:00,342.61000000,343.76000000,342.10000000,343.15000000,225.06000000
1779994800000,2026-05-28T19:00:00+00:00,343.12000000,344.74000000,342.44000000,343.12000000,602.91000000
1779995700000,2026-05-28T19:15:00+00:00,343.14000000,343.14000000,336.03000000,336.03000000,2827.49000000
1779996600000,2026-05-28T19:30:00+00:00,336.12000000,337.57000000,333.81000000,336.56000000,1240.96000000
1779997500000,2026-05-28T19:45:00+00:00,336.57000000,338.44000000,333.75000000,335.31000000,827.25000000
1779998400000,2026-05-28T20:00:00+00:00,335.16000000,339.89000000,334.77000000,339.70000000,586.08000000
1779999300000,2026-05-28T20:15:00+00:00,339.85000000,340.87000000,339.00000000,339.71000000,353.56000000
1780000200000,2026-05-28T20:30:00+00:00,339.81000000,341.29000000,339.49000000,340.96000000,384.77000000
1780001100000,2026-05-28T20:45:00+00:00,340.99000000,342.93000000,340.84000000,342.28000000,225.64000000
1780002000000,2026-05-28T21:00:00+00:00,342.25000000,342.38000000,341.19000000,341.79000000,292.15000000
1780002900000,2026-05-28T21:15:00+00:00,341.95000000,342.17000000,340.79000000,341.14000000,190.88000000
1780003800000,2026-05-28T21:30:00+00:00,341.25000000,341.65000000,340.39000000,341.57000000,365.96000000
1780004700000,2026-05-28T21:45:00+00:00,341.50000000,343.62000000,341.31000000,341.70000000,451.21000000
1780005600000,2026-05-28T22:00:00+00:00,341.65000000,342.50000000,341.29000000,341.99000000,309.88000000
1780006500000,2026-05-28T22:15:00+00:00,341.95000000,342.65000000,341.11000000,341.55000000,711.05000000
1780007400000,2026-05-28T22:30:00+00:00,341.55000000,343.42000000,341.31000000,342.88000000,281.63000000
1780008300000,2026-05-28T22:45:00+00:00,342.89000000,343.41000000,342.53000000,342.92000000,257.93000000
1780009200000,2026-05-28T23:00:00+00:00,342.89000000,343.52000000,342.44000000,343.02000000,109.34000000
1780010100000,2026-05-28T23:15:00+00:00,343.02000000,343.22000000,342.66000000,342.74000000,78.15000000
1780011000000,2026-05-28T23:30:00+00:00,342.74000000,343.00000000,341.70000000,342.02000000,148.64000000
1780011900000,2026-05-28T23:45:00+00:00,342.20000000,342.40000000,341.39000000,341.52000000,69.82000000
1780012800000,2026-05-29T00:00:00+00:00,341.61000000,341.88000000,339.36000000,340.92000000,465.26000000
1780013700000,2026-05-29T00:15:00+00:00,341.04000000,342.40000000,340.68000000,341.25000000,172.72000000
1780014600000,2026-05-29T00:30:00+00:00,341.22000000,341.22000000,338.39000000,338.97000000,247.43000000
1780015500000,2026-05-29T00:45:00+00:00,339.00000000,339.27000000,337.89000000,338.88000000,94.23000000
1780016400000,2026-05-29T01:00:00+00:00,338.85000000,340.29000000,337.71000000,339.76000000,149.88000000
1780017300000,2026-05-29T01:15:00+00:00,339.80000000,340.83000000,339.52000000,339.92000000,172.08000000
1780018200000,2026-05-29T01:30:00+00:00,339.76000000,343.22000000,339.74000000,342.77000000,999.47000000
1780019100000,2026-05-29T01:45:00+00:00,342.75000000,343.00000000,342.69000000,342.70000000,559.05000000
1780020000000,2026-05-29T02:00:00+00:00,342.80000000,343.56000000,341.41000000,343.49000000,186.67000000
1780020900000,2026-05-29T02:15:00+00:00,343.49000000,346.57000000,343.49000000,345.65000000,395.33000000
1780021800000,2026-05-29T02:30:00+00:00,345.60000000,346.38000000,342.47000000,344.36000000,1210.67000000
1780022700000,2026-05-29T02:45:00+00:00,344.35000000,344.61000000,343.39000000,343.69000000,237.24000000
1780023600000,2026-05-29T03:00:00+00:00,343.62000000,344.58000000,343.02000000,343.90000000,100.32000000
1780024500000,2026-05-29T03:15:00+00:00,343.93000000,346.93000000,343.83000000,346.81000000,263.70000000
1780025400000,2026-05-29T03:30:00+00:00,346.81000000,348.67000000,346.56000000,348.16000000,676.75000000
1780026300000,2026-05-29T03:45:00+00:00,348.06000000,348.07000000,347.14000000,347.31000000,227.98000000
1780027200000,2026-05-29T04:00:00+00:00,347.21000000,349.76000000,347.03000000,349.43000000,515.73000000
1780028100000,2026-05-29T04:15:00+00:00,349.54000000,358.63000000,349.48000000,353.18000000,3099.66000000
1780029000000,2026-05-29T04:30:00+00:00,353.05000000,353.75000000,350.21000000,352.00000000,666.62000000
1780029900000,2026-05-29T04:45:00+00:00,352.00000000,352.05000000,348.15000000,349.96000000,663.05000000
1780030800000,2026-05-29T05:00:00+00:00,349.77000000,350.40000000,348.00000000,348.34000000,264.39000000
1780031700000,2026-05-29T05:15:00+00:00,348.14000000,351.18000000,347.97000000,351.05000000,397.29000000
1780032600000,2026-05-29T05:30:00+00:00,351.05000000,351.69000000,347.76000000,350.06000000,573.99000000
1780033500000,2026-05-29T05:45:00+00:00,350.03000000,350.03000000,348.25000000,349.47000000,187.04000000
1780034400000,2026-05-29T06:00:00+00:00,349.47000000,349.60000000,347.23000000,348.35000000,251.09000000
1780035300000,2026-05-29T06:15:00+00:00,348.35000000,348.82000000,347.05000000,347.35000000,118.27000000
1780036200000,2026-05-29T06:30:00+00:00,347.35000000,349.32000000,347.20000000,348.13000000,219.19000000
1780037100000,2026-05-29T06:45:00+00:00,348.13000000,350.15000000,348.11000000,349.38000000,235.38000000
1780038000000,2026-05-29T07:00:00+00:00,349.38000000,349.55000000,347.52000000,348.21000000,153.59000000
1780038900000,2026-05-29T07:15:00+00:00,348.21000000,348.74000000,343.79000000,343.93000000,773.46000000
1780039800000,2026-05-29T07:30:00+00:00,343.91000000,345.26000000,343.83000000,344.83000000,734.60000000
1780040700000,2026-05-29T07:45:00+00:00,344.98000000,345.08000000,343.00000000,344.43000000,640.15000000
1780041600000,2026-05-29T08:00:00+00:00,344.58000000,346.52000000,343.90000000,344.30000000,823.40000000
1780042500000,2026-05-29T08:15:00+00:00,344.36000000,346.76000000,343.90000000,346.20000000,293.23000000
1780043400000,2026-05-29T08:30:00+00:00,346.19000000,347.53000000,346.08000000,346.31000000,266.91000000
1780044300000,2026-05-29T08:45:00+00:00,346.30000000,347.43000000,345.27000000,346.74000000,149.02000000
1780045200000,2026-05-29T09:00:00+00:00,346.57000000,347.38000000,346.17000000,347.04000000,225.46000000
1780046100000,2026-05-29T09:15:00+00:00,347.23000000,347.73000000,346.18000000,346.80000000,198.47000000
1780047000000,2026-05-29T09:30:00+00:00,346.88000000,347.12000000,345.75000000,346.02000000,64.06000000
1780047900000,2026-05-29T09:45:00+00:00,346.15000000,347.02000000,345.94000000,346.65000000,70.55000000
1780048800000,2026-05-29T10:00:00+00:00,346.48000000,347.32000000,345.42000000,347.09000000,149.82000000
1780049700000,2026-05-29T10:15:00+00:00,347.20000000,347.82000000,346.60000000,347.72000000,173.67000000
1780050600000,2026-05-29T10:30:00+00:00,347.64000000,348.10000000,346.80000000,347.32000000,196.50000000
1780051500000,2026-05-29T10:45:00+00:00,347.33000000,347.72000000,345.70000000,345.83000000,165.79000000
1780052400000,2026-05-29T11:00:00+00:00,345.90000000,349.38000000,345.83000000,349.38000000,466.39000000
1780053300000,2026-05-29T11:15:00+00:00,349.26000000,351.99000000,348.31000000,348.72000000,602.25000000
1780054200000,2026-05-29T11:30:00+00:00,348.89000000,349.47000000,347.61000000,349.10000000,336.47000000
1780055100000,2026-05-29T11:45:00+00:00,349.06000000,350.34000000,348.25000000,350.27000000,302.57000000
1780056000000,2026-05-29T12:00:00+00:00,350.13000000,350.25000000,346.33000000,346.60000000,1450.37000000
1780056900000,2026-05-29T12:15:00+00:00,346.72000000,347.04000000,345.46000000,346.28000000,301.00000000
1780057800000,2026-05-29T12:30:00+00:00,346.50000000,346.87000000,344.00000000,344.95000000,591.31000000
1780058700000,2026-05-29T12:45:00+00:00,344.96000000,346.76000000,344.66000000,346.16000000,356.71000000
1780059600000,2026-05-29T13:00:00+00:00,346.16000000,348.20000000,345.35000000,347.07000000,501.20000000
1780060500000,2026-05-29T13:15:00+00:00,347.04000000,347.37000000,339.51000000,339.78000000,1135.94000000
1780061400000,2026-05-29T13:30:00+00:00,339.58000000,351.99000000,337.40000000,351.60000000,4196.89000000
1780062300000,2026-05-29T13:45:00+00:00,351.36000000,354.17000000,349.34000000,352.88000000,2445.37000000
1780063200000,2026-05-29T14:00:00+00:00,352.83000000,355.87000000,349.60000000,350.65000000,1653.48000000
1780064100000,2026-05-29T14:15:00+00:00,350.55000000,350.91000000,340.00000000,342.32000000,2935.15000000
1780065000000,2026-05-29T14:30:00+00:00,342.29000000,344.21000000,338.00000000,338.15000000,1494.12000000
1780065900000,2026-05-29T14:45:00+00:00,338.05000000,345.84000000,337.48000000,344.71000000,2960.11000000
1780066800000,2026-05-29T15:00:00+00:00,344.60000000,346.92000000,344.45000000,345.98000000,848.48000000
1780067700000,2026-05-29T15:15:00+00:00,345.92000000,347.71000000,345.14000000,347.15000000,810.29000000
1780068600000,2026-05-29T15:30:00+00:00,347.11000000,347.92000000,345.00000000,345.66000000,275.99000000
1780069500000,2026-05-29T15:45:00+00:00,345.55000000,346.57000000,344.18000000,346.50000000,390.60000000
1780070400000,2026-05-29T16:00:00+00:00,346.52000000,351.75000000,346.44000000,350.80000000,619.56000000
1780071300000,2026-05-29T16:15:00+00:00,350.91000000,351.15000000,349.30000000,350.95000000,565.19000000
1780072200000,2026-05-29T16:30:00+00:00,350.96000000,354.53000000,350.04000000,351.96000000,793.41000000
1780073100000,2026-05-29T16:45:00+00:00,352.00000000,355.80000000,351.30000000,354.39000000,407.81000000
1780074000000,2026-05-29T17:00:00+00:00,354.20000000,356.12000000,352.40000000,352.45000000,784.84000000
1780074900000,2026-05-29T17:15:00+00:00,352.47000000,353.16000000,351.25000000,352.67000000,381.00000000
1780075800000,2026-05-29T17:30:00+00:00,352.49000000,353.85000000,350.17000000,350.27000000,630.02000000
1780076700000,2026-05-29T17:45:00+00:00,350.21000000,351.09000000,349.25000000,349.37000000,320.63000000
1780077600000,2026-05-29T18:00:00+00:00,349.25000000,352.95000000,348.99000000,351.92000000,283.42000000
1780078500000,2026-05-29T18:15:00+00:00,351.82000000,352.88000000,350.75000000,352.01000000,464.78000000
1780079400000,2026-05-29T18:30:00+00:00,352.19000000,353.35000000,351.71000000,353.04000000,927.40000000
1780080300000,2026-05-29T18:45:00+00:00,353.04000000,353.04000000,349.30000000,350.25000000,485.00000000
1780081200000,2026-05-29T19:00:00+00:00,350.14000000,352.06000000,350.14000000,350.78000000,338.04000000
1780082100000,2026-05-29T19:15:00+00:00,350.85000000,351.29000000,348.00000000,348.89000000,605.52000000
1780083000000,2026-05-29T19:30:00+00:00,349.05000000,351.69000000,348.88000000,350.70000000,1105.48000000
1780083900000,2026-05-29T19:45:00+00:00,350.58000000,353.64000000,350.21000000,351.67000000,1039.81000000
1780084800000,2026-05-29T20:00:00+00:00,351.82000000,353.08000000,351.35000000,352.37000000,408.63000000
1780085700000,2026-05-29T20:15:00+00:00,352.36000000,352.88000000,350.85000000,350.89000000,272.91000000
1780086600000,2026-05-29T20:30:00+00:00,350.89000000,350.94000000,349.76000000,350.12000000,404.64000000
1780087500000,2026-05-29T20:45:00+00:00,350.20000000,352.27000000,349.68000000,351.57000000,242.89000000
1780088400000,2026-05-29T21:00:00+00:00,351.66000000,351.71000000,350.59000000,351.68000000,92.80000000
1780089300000,2026-05-29T21:15:00+00:00,351.68000000,352.60000000,351.32000000,352.43000000,94.27000000
1780090200000,2026-05-29T21:30:00+00:00,352.55000000,353.00000000,352.04000000,352.16000000,105.65000000
1780091100000,2026-05-29T21:45:00+00:00,352.16000000,353.04000000,351.94000000,352.45000000,104.74000000
1780092000000,2026-05-29T22:00:00+00:00,352.45000000,354.21000000,352.45000000,353.70000000,115.11000000
1780092900000,2026-05-29T22:15:00+00:00,353.80000000,354.65000000,353.40000000,354.05000000,138.67000000
1780093800000,2026-05-29T22:30:00+00:00,354.28000000,354.45000000,354.03000000,354.10000000,133.83000000
1780094700000,2026-05-29T22:45:00+00:00,354.10000000,354.81000000,353.47000000,353.60000000,189.55000000
1780095600000,2026-05-29T23:00:00+00:00,353.60000000,353.72000000,353.32000000,353.55000000,116.86000000
1780096500000,2026-05-29T23:15:00+00:00,353.55000000,353.72000000,352.52000000,352.80000000,150.50000000
1780097400000,2026-05-29T23:30:00+00:00,352.85000000,354.54000000,352.68000000,354.20000000,164.89000000
1780098300000,2026-05-29T23:45:00+00:00,354.18000000,354.74000000,353.45000000,354.72000000,204.68000000
1780099200000,2026-05-30T00:00:00+00:00,354.55000000,354.55000000,351.38000000,353.20000000,319.80000000
1780100100000,2026-05-30T00:15:00+00:00,353.35000000,354.17000000,352.72000000,353.72000000,138.13000000
1780101000000,2026-05-30T00:30:00+00:00,353.67000000,353.96000000,352.07000000,353.75000000,178.70000000
1780101900000,2026-05-30T00:45:00+00:00,353.75000000,357.23000000,353.56000000,353.90000000,759.84000000
1780102800000,2026-05-30T01:00:00+00:00,354.00000000,355.65000000,352.82000000,352.82000000,162.49000000
1780103700000,2026-05-30T01:15:00+00:00,352.80000000,353.47000000,352.41000000,352.45000000,62.20000000
1780104600000,2026-05-30T01:30:00+00:00,352.52000000,354.44000000,352.28000000,353.90000000,50.27000000
1780105500000,2026-05-30T01:45:00+00:00,353.92000000,354.74000000,353.85000000,354.45000000,44.32000000
1780106400000,2026-05-30T02:00:00+00:00,354.35000000,354.50000000,353.80000000,354.37000000,102.17000000
1780107300000,2026-05-30T02:15:00+00:00,354.49000000,354.68000000,353.84000000,354.10000000,37.22000000
1780108200000,2026-05-30T02:30:00+00:00,354.15000000,354.60000000,354.04000000,354.27000000,17.69000000
1780109100000,2026-05-30T02:45:00+00:00,354.27000000,354.43000000,354.04000000,354.04000000,37.57000000
1780110000000,2026-05-30T03:00:00+00:00,354.04000000,354.60000000,353.70000000,354.51000000,91.91000000
1780110900000,2026-05-30T03:15:00+00:00,354.39000000,354.65000000,353.64000000,354.37000000,79.24000000
1780111800000,2026-05-30T03:30:00+00:00,354.40000000,354.60000000,353.64000000,353.64000000,85.52000000
1780112700000,2026-05-30T03:45:00+00:00,353.74000000,353.90000000,353.64000000,353.90000000,29.28000000
1780113600000,2026-05-30T04:00:00+00:00,353.95000000,354.24000000,353.64000000,354.19000000,46.23000000
1780114500000,2026-05-30T04:15:00+00:00,354.09000000,354.33000000,353.64000000,353.81000000,75.67000000
1780115400000,2026-05-30T04:30:00+00:00,353.76000000,354.73000000,353.64000000,353.74000000,159.61000000
1780116300000,2026-05-30T04:45:00+00:00,353.76000000,354.45000000,353.64000000,353.81000000,104.17000000
1780117200000,2026-05-30T05:00:00+00:00,353.88000000,354.50000000,352.87000000,353.51000000,262.97000000
1780118100000,2026-05-30T05:15:00+00:00,353.61000000,354.92000000,353.08000000,353.19000000,103.84000000
1780119000000,2026-05-30T05:30:00+00:00,353.08000000,354.50000000,352.82000000,353.50000000,113.17000000
1780119900000,2026-05-30T05:45:00+00:00,353.40000000,355.27000000,353.39000000,354.70000000,89.19000000
1780120800000,2026-05-30T06:00:00+00:00,354.70000000,355.61000000,354.17000000,354.98000000,287.84000000
1780121700000,2026-05-30T06:15:00+00:00,355.05000000,356.53000000,354.95000000,355.63000000,272.64000000
1780122600000,2026-05-30T06:30:00+00:00,355.63000000,356.29000000,355.10000000,355.75000000,285.87000000
1780123500000,2026-05-30T06:45:00+00:00,355.95000000,357.14000000,355.74000000,356.02000000,211.28000000
1780124400000,2026-05-30T07:00:00+00:00,356.12000000,361.00000000,356.02000000,357.41000000,1587.14000000
1780125300000,2026-05-30T07:15:00+00:00,357.37000000,357.65000000,356.54000000,357.24000000,195.66000000
1780126200000,2026-05-30T07:30:00+00:00,357.26000000,359.45000000,357.26000000,357.71000000,437.70000000
1780127100000,2026-05-30T07:45:00+00:00,357.70000000,358.01000000,357.70000000,357.96000000,106.27000000
1780128000000,2026-05-30T08:00:00+00:00,357.83000000,360.35000000,357.80000000,358.51000000,599.39000000
1780128900000,2026-05-30T08:15:00+00:00,358.50000000,358.52000000,357.85000000,357.92000000,120.14000000
1780129800000,2026-05-30T08:30:00+00:00,357.92000000,358.31000000,357.12000000,357.40000000,75.93000000
1780130700000,2026-05-30T08:45:00+00:00,357.41000000,358.24000000,357.18000000,357.95000000,149.17000000
1780131600000,2026-05-30T09:00:00+00:00,357.92000000,358.54000000,357.65000000,358.27000000,77.34000000
1780132500000,2026-05-30T09:15:00+00:00,358.31000000,358.73000000,358.15000000,358.52000000,123.24000000
1780133400000,2026-05-30T09:30:00+00:00,358.47000000,358.69000000,357.80000000,357.97000000,57.54000000
1780134300000,2026-05-30T09:45:00+00:00,357.98000000,358.29000000,357.91000000,358.15000000,48.08000000
1780135200000,2026-05-30T10:00:00+00:00,358.14000000,358.29000000,357.81000000,358.04000000,176.22000000
1780136100000,2026-05-30T10:15:00+00:00,358.09000000,358.66000000,357.93000000,358.28000000,184.16000000
1780137000000,2026-05-30T10:30:00+00:00,358.26000000,358.67000000,353.33000000,357.39000000,925.79000000
1780137900000,2026-05-30T10:45:00+00:00,357.00000000,358.39000000,356.94000000,358.09000000,64.34000000
1780138800000,2026-05-30T11:00:00+00:00,358.22000000,358.35000000,357.50000000,357.74000000,43.16000000
1780139700000,2026-05-30T11:15:00+00:00,357.75000000,358.28000000,357.70000000,358.11000000,96.98000000
1780140600000,2026-05-30T11:30:00+00:00,358.25000000,358.41000000,358.10000000,358.33000000,50.89000000
1780141500000,2026-05-30T11:45:00+00:00,358.42000000,358.76000000,358.10000000,358.69000000,122.92000000
1780142400000,2026-05-30T12:00:00+00:00,358.69000000,358.82000000,358.35000000,358.68000000,72.37000000
1780143300000,2026-05-30T12:15:00+00:00,358.67000000,359.07000000,358.58000000,358.90000000,144.98000000
1780144200000,2026-05-30T12:30:00+00:00,358.98000000,359.27000000,358.85000000,359.20000000,165.03000000
1780145100000,2026-05-30T12:45:00+00:00,359.22000000,359.86000000,359.22000000,359.57000000,181.44000000
1780146000000,2026-05-30T13:00:00+00:00,359.56000000,360.00000000,359.56000000,359.81000000,102.76000000
1780146900000,2026-05-30T13:15:00+00:00,359.82000000,360.88000000,359.81000000,360.81000000,298.30000000
1780147800000,2026-05-30T13:30:00+00:00,360.76000000,363.39000000,360.50000000,361.06000000,800.58000000
1780148700000,2026-05-30T13:45:00+00:00,361.06000000,361.87000000,360.71000000,361.36000000,318.29000000
1780149600000,2026-05-30T14:00:00+00:00,361.39000000,364.84000000,361.00000000,361.73000000,772.24000000
1780150500000,2026-05-30T14:15:00+00:00,361.73000000,365.67000000,361.25000000,363.42000000,1637.98000000
1780151400000,2026-05-30T14:30:00+00:00,363.49000000,363.85000000,363.39000000,363.79000000,284.89000000
1780152300000,2026-05-30T14:45:00+00:00,363.78000000,364.91000000,363.50000000,364.07000000,519.47000000
1780153200000,2026-05-30T15:00:00+00:00,364.07000000,365.42000000,364.00000000,364.47000000,288.20000000
1780154100000,2026-05-30T15:15:00+00:00,364.47000000,364.61000000,364.00000000,364.01000000,424.62000000
1780155000000,2026-05-30T15:30:00+00:00,364.00000000,364.01000000,363.84000000,363.89000000,172.53000000
1780155900000,2026-05-30T15:45:00+00:00,363.89000000,374.16000000,363.85000000,366.39000000,1654.23000000
1780156800000,2026-05-30T16:00:00+00:00,366.42000000,366.99000000,366.35000000,366.99000000,268.52000000
1780157700000,2026-05-30T16:15:00+00:00,366.87000000,366.99000000,366.47000000,366.79000000,121.97000000
1780158600000,2026-05-30T16:30:00+00:00,366.79000000,366.99000000,366.66000000,366.95000000,483.78000000
1780159500000,2026-05-30T16:45:00+00:00,366.99000000,369.38000000,366.70000000,368.75000000,239.30000000
1780160400000,2026-05-30T17:00:00+00:00,369.00000000,373.02000000,368.66000000,370.49000000,499.96000000
1780161300000,2026-05-30T17:15:00+00:00,370.72000000,378.00000000,369.79000000,374.80000000,1363.35000000
1780162200000,2026-05-30T17:30:00+00:00,374.96000000,375.81000000,366.86000000,369.09000000,1073.90000000
1780163100000,2026-05-30T17:45:00+00:00,369.40000000,372.21000000,367.58000000,370.14000000,236.17000000
1780164000000,2026-05-30T18:00:00+00:00,370.01000000,374.76000000,369.00000000,371.60000000,496.97000000
1780164900000,2026-05-30T18:15:00+00:00,371.59000000,374.28000000,371.49000000,373.80000000,334.11000000
1780165800000,2026-05-30T18:30:00+00:00,373.80000000,373.80000000,371.49000000,372.56000000,259.42000000
1780166700000,2026-05-30T18:45:00+00:00,372.49000000,373.24000000,371.70000000,373.24000000,49.25000000
1780167600000,2026-05-30T19:00:00+00:00,373.24000000,375.70000000,372.88000000,374.76000000,216.20000000
1780168500000,2026-05-30T19:15:00+00:00,374.78000000,377.87000000,372.74000000,377.00000000,331.69000000
1780169400000,2026-05-30T19:30:00+00:00,376.92000000,377.28000000,374.60000000,376.38000000,209.30000000
1780170300000,2026-05-30T19:45:00+00:00,376.41000000,376.92000000,375.52000000,375.56000000,32.01000000
1780171200000,2026-05-30T20:00:00+00:00,375.56000000,376.31000000,374.37000000,374.53000000,95.51000000
1780172100000,2026-05-30T20:15:00+00:00,374.58000000,374.70000000,372.00000000,372.08000000,225.99000000
1780173000000,2026-05-30T20:30:00+00:00,372.00000000,373.00000000,372.00000000,372.17000000,172.26000000
1780173900000,2026-05-30T20:45:00+00:00,372.19000000,375.03000000,372.19000000,375.03000000,67.53000000
1780174800000,2026-05-30T21:00:00+00:00,375.02000000,376.12000000,374.78000000,375.48000000,80.09000000
1780175700000,2026-05-30T21:15:00+00:00,375.40000000,375.89000000,375.12000000,375.29000000,12.74000000
1780176600000,2026-05-30T21:30:00+00:00,375.23000000,376.23000000,374.73000000,375.13000000,131.64000000
1780177500000,2026-05-30T21:45:00+00:00,375.22000000,376.75000000,375.20000000,376.75000000,74.82000000
1780178400000,2026-05-30T22:00:00+00:00,376.79000000,376.80000000,374.08000000,375.66000000,96.82000000
1780179300000,2026-05-30T22:15:00+00:00,375.66000000,375.92000000,374.08000000,374.08000000,64.90000000
1780180200000,2026-05-30T22:30:00+00:00,374.08000000,374.52000000,373.21000000,373.21000000,48.87000000
1780181100000,2026-05-30T22:45:00+00:00,373.20000000,374.54000000,373.12000000,374.52000000,44.08000000
1780182000000,2026-05-30T23:00:00+00:00,374.52000000,374.97000000,373.83000000,373.83000000,115.32000000
1780182900000,2026-05-30T23:15:00+00:00,373.83000000,374.48000000,373.52000000,373.77000000,63.51000000
1780183800000,2026-05-30T23:30:00+00:00,373.77000000,373.84000000,371.02000000,371.21000000,396.26000000
1780184700000,2026-05-30T23:45:00+00:00,371.40000000,372.35000000,370.38000000,371.01000000,341.47000000
1780185600000,2026-05-31T00:00:00+00:00,370.98000000,373.83000000,370.79000000,373.50000000,415.58000000
1780186500000,2026-05-31T00:15:00+00:00,373.45000000,374.07000000,372.52000000,373.56000000,195.07000000
1780187400000,2026-05-31T00:30:00+00:00,373.47000000,374.32000000,373.12000000,374.21000000,81.80000000
1780188300000,2026-05-31T00:45:00+00:00,374.21000000,374.80000000,373.83000000,374.66000000,95.18000000
1780189200000,2026-05-31T01:00:00+00:00,374.72000000,375.00000000,373.83000000,375.00000000,158.64000000
1780190100000,2026-05-31T01:15:00+00:00,375.00000000,375.92000000,374.98000000,375.50000000,200.43000000
1780191000000,2026-05-31T01:30:00+00:00,375.49000000,376.38000000,375.33000000,376.15000000,121.73000000
1780191900000,2026-05-31T01:45:00+00:00,376.23000000,376.56000000,376.02000000,376.16000000,104.04000000
1780192800000,2026-05-31T02:00:00+00:00,376.16000000,376.72000000,375.80000000,375.89000000,176.07000000
1780193700000,2026-05-31T02:15:00+00:00,375.89000000,375.96000000,375.02000000,375.70000000,265.90000000
1780194600000,2026-05-31T02:30:00+00:00,375.75000000,376.22000000,375.32000000,375.84000000,37.80000000
1780195500000,2026-05-31T02:45:00+00:00,375.84000000,375.99000000,375.12000000,375.83000000,52.21000000
1780196400000,2026-05-31T03:00:00+00:00,375.82000000,376.31000000,375.33000000,375.50000000,219.82000000
1780197300000,2026-05-31T03:15:00+00:00,375.61000000,375.64000000,375.00000000,375.28000000,57.88000000
1780198200000,2026-05-31T03:30:00+00:00,375.27000000,376.22000000,375.24000000,375.88000000,114.88000000
1780199100000,2026-05-31T03:45:00+00:00,375.87000000,376.32000000,375.70000000,376.04000000,57.87000000
1780200000000,2026-05-31T04:00:00+00:00,376.11000000,376.77000000,376.04000000,376.16000000,190.36000000
1780200900000,2026-05-31T04:15:00+00:00,376.10000000,376.78000000,376.04000000,376.32000000,153.87000000
1780201800000,2026-05-31T04:30:00+00:00,376.40000000,377.22000000,376.32000000,376.52000000,169.79000000
1780202700000,2026-05-31T04:45:00+00:00,376.53000000,377.10000000,376.46000000,377.01000000,178.99000000
1780203600000,2026-05-31T05:00:00+00:00,377.09000000,377.10000000,376.46000000,376.76000000,70.10000000
1780204500000,2026-05-31T05:15:00+00:00,376.65000000,377.68000000,376.32000000,377.12000000,554.07000000
1780205400000,2026-05-31T05:30:00+00:00,377.18000000,377.31000000,376.70000000,376.88000000,144.32000000
1780206300000,2026-05-31T05:45:00+00:00,376.90000000,377.12000000,376.60000000,376.91000000,40.19000000
1780207200000,2026-05-31T06:00:00+00:00,376.92000000,376.99000000,376.36000000,376.54000000,109.30000000
1780208100000,2026-05-31T06:15:00+00:00,376.62000000,376.62000000,376.05000000,376.50000000,51.29000000
1780209000000,2026-05-31T06:30:00+00:00,376.55000000,376.55000000,376.18000000,376.18000000,161.66000000
1780209900000,2026-05-31T06:45:00+00:00,376.22000000,377.99000000,375.74000000,377.84000000,331.30000000
1780210800000,2026-05-31T07:00:00+00:00,377.92000000,378.58000000,376.68000000,377.28000000,424.57000000
1780211700000,2026-05-31T07:15:00+00:00,377.16000000,378.36000000,377.08000000,378.12000000,128.77000000
1780212600000,2026-05-31T07:30:00+00:00,378.22000000,378.48000000,377.90000000,377.90000000,182.83000000
1780213500000,2026-05-31T07:45:00+00:00,377.91000000,379.00000000,377.90000000,378.21000000,327.88000000
1780214400000,2026-05-31T08:00:00+00:00,378.28000000,378.69000000,377.10000000,378.11000000,390.16000000
1780215300000,2026-05-31T08:15:00+00:00,378.11000000,378.42000000,378.00000000,378.15000000,167.88000000
1780216200000,2026-05-31T08:30:00+00:00,378.18000000,378.43000000,376.12000000,376.24000000,457.88000000
1780217100000,2026-05-31T08:45:00+00:00,376.24000000,376.52000000,375.57000000,375.91000000,183.44000000
1780218000000,2026-05-31T09:00:00+00:00,375.78000000,376.98000000,375.45000000,376.28000000,365.07000000
1780218900000,2026-05-31T09:15:00+00:00,376.44000000,377.00000000,376.24000000,376.96000000,62.46000000
1780219800000,2026-05-31T09:30:00+00:00,376.86000000,377.01000000,376.00000000,376.29000000,106.96000000
1780220700000,2026-05-31T09:45:00+00:00,376.35000000,377.08000000,376.23000000,376.60000000,97.66000000
1780221600000,2026-05-31T10:00:00+00:00,376.59000000,377.00000000,376.50000000,376.65000000,48.86000000
1780222500000,2026-05-31T10:15:00+00:00,376.62000000,376.89000000,376.58000000,376.65000000,117.70000000
1780223400000,2026-05-31T10:30:00+00:00,376.56000000,376.81000000,374.86000000,376.12000000,302.75000000
1780224300000,2026-05-31T10:45:00+00:00,376.12000000,376.40000000,375.60000000,375.96000000,81.74000000
1780225200000,2026-05-31T11:00:00+00:00,376.08000000,376.30000000,375.80000000,376.11000000,42.23000000
1780226100000,2026-05-31T11:15:00+00:00,376.11000000,377.23000000,375.86000000,376.62000000,177.69000000
1780227000000,2026-05-31T11:30:00+00:00,376.66000000,376.66000000,375.60000000,376.20000000,32.43000000
1780227900000,2026-05-31T11:45:00+00:00,376.32000000,376.82000000,375.97000000,376.71000000,29.29000000
1780228800000,2026-05-31T12:00:00+00:00,376.65000000,376.82000000,375.32000000,375.59000000,52.72000000
1780229700000,2026-05-31T12:15:00+00:00,375.60000000,376.74000000,375.51000000,376.19000000,63.34000000
1780230600000,2026-05-31T12:30:00+00:00,376.17000000,376.96000000,376.12000000,376.55000000,168.27000000
1780231500000,2026-05-31T12:45:00+00:00,376.61000000,376.93000000,376.55000000,376.55000000,104.23000000
1780232400000,2026-05-31T13:00:00+00:00,376.65000000,376.91000000,376.55000000,376.55000000,238.99000000
1780233300000,2026-05-31T13:15:00+00:00,376.55000000,376.60000000,375.75000000,375.89000000,137.76000000
1780234200000,2026-05-31T13:30:00+00:00,375.89000000,377.67000000,375.27000000,375.31000000,379.71000000
1780235100000,2026-05-31T13:45:00+00:00,375.30000000,375.43000000,374.37000000,375.07000000,300.38000000
1780236000000,2026-05-31T14:00:00+00:00,375.07000000,375.60000000,374.86000000,375.25000000,116.16000000
1780236900000,2026-05-31T14:15:00+00:00,375.22000000,375.39000000,374.42000000,375.27000000,250.40000000
1780237800000,2026-05-31T14:30:00+00:00,375.29000000,375.30000000,374.72000000,374.81000000,126.14000000
1780238700000,2026-05-31T14:45:00+00:00,374.82000000,375.15000000,374.45000000,374.69000000,230.17000000
1780239600000,2026-05-31T15:00:00+00:00,374.74000000,375.15000000,374.61000000,375.00000000,75.94000000
1780240500000,2026-05-31T15:15:00+00:00,375.15000000,376.95000000,372.32000000,373.29000000,1202.12000000
1780241400000,2026-05-31T15:30:00+00:00,373.29000000,374.67000000,372.63000000,374.56000000,350.73000000
1780242300000,2026-05-31T15:45:00+00:00,374.56000000,376.24000000,374.37000000,375.28000000,176.37000000
1780243200000,2026-05-31T16:00:00+00:00,375.48000000,376.25000000,374.85000000,374.91000000,96.61000000
1780244100000,2026-05-31T16:15:00+00:00,374.86000000,375.17000000,374.00000000,374.89000000,151.11000000
1780245000000,2026-05-31T16:30:00+00:00,374.93000000,375.40000000,374.21000000,374.44000000,83.35000000
1780245900000,2026-05-31T16:45:00+00:00,374.44000000,375.05000000,371.89000000,372.69000000,429.04000000
1780246800000,2026-05-31T17:00:00+00:00,372.85000000,373.60000000,371.62000000,373.02000000,304.65000000
1780247700000,2026-05-31T17:15:00+00:00,373.05000000,373.14000000,372.85000000,372.95000000,170.53000000
1780248600000,2026-05-31T17:30:00+00:00,373.04000000,373.24000000,372.45000000,372.45000000,122.10000000
1780249500000,2026-05-31T17:45:00+00:00,372.44000000,372.84000000,372.29000000,372.76000000,26.63000000
1780250400000,2026-05-31T18:00:00+00:00,372.76000000,372.90000000,372.42000000,372.83000000,96.48000000
1780251300000,2026-05-31T18:15:00+00:00,372.88000000,372.90000000,372.67000000,372.71000000,50.92000000
1780252200000,2026-05-31T18:30:00+00:00,372.77000000,372.90000000,372.67000000,372.68000000,23.23000000
1780253100000,2026-05-31T18:45:00+00:00,372.67000000,374.25000000,372.42000000,373.61000000,190.08000000
1780254000000,2026-05-31T19:00:00+00:00,373.55000000,373.55000000,371.87000000,372.70000000,132.07000000
1780254900000,2026-05-31T19:15:00+00:00,372.80000000,373.50000000,372.52000000,373.50000000,69.16000000
1780255800000,2026-05-31T19:30:00+00:00,373.49000000,373.56000000,373.28000000,373.28000000,96.36000000
1780256700000,2026-05-31T19:45:00+00:00,373.40000000,373.52000000,372.93000000,372.96000000,48.42000000
1780257600000,2026-05-31T20:00:00+00:00,373.08000000,374.64000000,372.70000000,372.71000000,267.00000000
1780258500000,2026-05-31T20:15:00+00:00,372.65000000,374.10000000,372.29000000,372.40000000,153.18000000
1780259400000,2026-05-31T20:30:00+00:00,372.40000000,372.48000000,371.00000000,371.04000000,83.27000000
1780260300000,2026-05-31T20:45:00+00:00,371.02000000,371.04000000,370.00000000,370.44000000,146.67000000
1780261200000,2026-05-31T21:00:00+00:00,370.50000000,371.36000000,370.12000000,370.71000000,83.50000000
1780262100000,2026-05-31T21:15:00+00:00,370.90000000,371.97000000,370.50000000,370.65000000,43.61000000
1780263000000,2026-05-31T21:30:00+00:00,370.59000000,371.00000000,370.10000000,370.78000000,62.93000000
1780263900000,2026-05-31T21:45:00+00:00,370.76000000,371.15000000,368.00000000,368.72000000,646.45000000
1780264800000,2026-05-31T22:00:00+00:00,368.79000000,369.57000000,368.01000000,368.47000000,268.62000000
1780265700000,2026-05-31T22:15:00+00:00,368.55000000,369.00000000,368.23000000,368.64000000,65.24000000
1780266600000,2026-05-31T22:30:00+00:00,368.70000000,368.78000000,366.58000000,368.25000000,465.69000000
1780267500000,2026-05-31T22:45:00+00:00,368.24000000,369.70000000,367.84000000,369.63000000,161.61000000
1780268400000,2026-05-31T23:00:00+00:00,369.65000000,372.40000000,369.54000000,372.00000000,251.85000000
1780269300000,2026-05-31T23:15:00+00:00,372.08000000,372.53000000,371.19000000,371.49000000,200.28000000
1780270200000,2026-05-31T23:30:00+00:00,371.42000000,372.60000000,369.42000000,370.11000000,209.86000000
1780271100000,2026-05-31T23:45:00+00:00,370.13000000,371.54000000,369.13000000,370.38000000,181.75000000
1780272000000,2026-06-01T00:00:00+00:00,370.10000000,387.32000000,367.34000000,383.10000000,5419.35000000
1780272900000,2026-06-01T00:15:00+00:00,382.96000000,389.44000000,382.31000000,386.32000000,1020.57000000
1780273800000,2026-06-01T00:30:00+00:00,386.32000000,387.60000000,380.36000000,383.33000000,1194.36000000
1780274700000,2026-06-01T00:45:00+00:00,383.34000000,388.34000000,381.41000000,387.45000000,1183.67000000
1780275600000,2026-06-01T01:00:00+00:00,387.45000000,387.45000000,381.55000000,382.16000000,1270.99000000
1780276500000,2026-06-01T01:15:00+00:00,382.15000000,383.61000000,380.00000000,383.33000000,511.88000000
1780277400000,2026-06-01T01:30:00+00:00,383.35000000,386.66000000,382.00000000,386.66000000,797.29000000
1780278300000,2026-06-01T01:45:00+00:00,386.66000000,387.12000000,384.78000000,386.10000000,439.83000000
1780279200000,2026-06-01T02:00:00+00:00,386.10000000,387.70000000,385.76000000,386.48000000,1253.07000000
1780280100000,2026-06-01T02:15:00+00:00,386.48000000,386.48000000,383.17000000,383.57000000,334.88000000
1780281000000,2026-06-01T02:30:00+00:00,383.41000000,384.32000000,382.00000000,382.58000000,539.91000000
1780281900000,2026-06-01T02:45:00+00:00,382.57000000,385.52000000,381.42000000,385.26000000,703.03000000
1780282800000,2026-06-01T03:00:00+00:00,385.34000000,386.12000000,384.10000000,385.61000000,297.62000000
1780283700000,2026-06-01T03:15:00+00:00,385.63000000,385.65000000,383.05000000,384.97000000,546.70000000
1780284600000,2026-06-01T03:30:00+00:00,384.80000000,386.30000000,381.09000000,382.16000000,1029.50000000
1780285500000,2026-06-01T03:45:00+00:00,382.05000000,383.03000000,381.53000000,382.65000000,531.47000000
1780286400000,2026-06-01T04:00:00+00:00,382.72000000,384.96000000,382.65000000,384.64000000,460.35000000
1780287300000,2026-06-01T04:15:00+00:00,384.62000000,385.00000000,382.05000000,382.44000000,859.21000000
1780288200000,2026-06-01T04:30:00+00:00,382.44000000,384.76000000,381.73000000,384.27000000,516.48000000
1780289100000,2026-06-01T04:45:00+00:00,384.39000000,384.80000000,383.52000000,383.91000000,471.36000000
1780290000000,2026-06-01T05:00:00+00:00,383.88000000,384.50000000,381.69000000,382.12000000,718.22000000
1780290900000,2026-06-01T05:15:00+00:00,382.17000000,382.86000000,380.29000000,381.61000000,935.71000000
1780291800000,2026-06-01T05:30:00+00:00,381.58000000,382.22000000,380.12000000,380.40000000,266.42000000
1780292700000,2026-06-01T05:45:00+00:00,380.40000000,380.46000000,377.82000000,378.43000000,1104.00000000
1780293600000,2026-06-01T06:00:00+00:00,378.43000000,381.41000000,378.17000000,379.71000000,653.77000000
1780294500000,2026-06-01T06:15:00+00:00,379.68000000,380.72000000,379.02000000,379.74000000,292.70000000
1780295400000,2026-06-01T06:30:00+00:00,379.83000000,379.83000000,372.27000000,376.79000000,1799.42000000
1780296300000,2026-06-01T06:45:00+00:00,376.67000000,379.50000000,375.75000000,378.56000000,1431.94000000
1780297200000,2026-06-01T07:00:00+00:00,378.56000000,379.08000000,376.14000000,379.08000000,635.29000000
1780298100000,2026-06-01T07:15:00+00:00,379.09000000,379.15000000,377.17000000,377.57000000,273.92000000
1780299000000,2026-06-01T07:30:00+00:00,377.75000000,379.36000000,376.35000000,378.22000000,712.64000000
1780299900000,2026-06-01T07:45:00+00:00,378.34000000,378.42000000,376.20000000,377.77000000,1001.92000000
1780300800000,2026-06-01T08:00:00+00:00,377.77000000,383.08000000,375.82000000,380.62000000,1959.51000000
1780301700000,2026-06-01T08:15:00+00:00,380.48000000,383.79000000,380.46000000,383.36000000,943.42000000
1780302600000,2026-06-01T08:30:00+00:00,383.32000000,387.50000000,381.45000000,387.27000000,1702.04000000
1780303500000,2026-06-01T08:45:00+00:00,387.07000000,393.63000000,386.32000000,391.49000000,4432.78000000
1780304400000,2026-06-01T09:00:00+00:00,391.34000000,399.91000000,391.27000000,398.67000000,5132.39000000
1780305300000,2026-06-01T09:15:00+00:00,398.58000000,400.77000000,394.78000000,396.82000000,2366.03000000
1780306200000,2026-06-01T09:30:00+00:00,396.82000000,405.96000000,396.37000000,402.48000000,3833.61000000
1780307100000,2026-06-01T09:45:00+00:00,402.42000000,403.84000000,400.57000000,400.75000000,2055.88000000
1780308000000,2026-06-01T10:00:00+00:00,400.77000000,409.13000000,400.61000000,406.13000000,1619.69000000
1780308900000,2026-06-01T10:15:00+00:00,406.13000000,412.31000000,403.41000000,404.27000000,3140.01000000
1780309800000,2026-06-01T10:30:00+00:00,404.27000000,406.68000000,400.89000000,401.52000000,1815.39000000
1780310700000,2026-06-01T10:45:00+00:00,401.52000000,403.12000000,399.50000000,401.94000000,1511.90000000
1780311600000,2026-06-01T11:00:00+00:00,401.83000000,408.10000000,400.38000000,403.49000000,4677.48000000
1780312500000,2026-06-01T11:15:00+00:00,403.50000000,403.67000000,396.82000000,397.30000000,1724.24000000
1780313400000,2026-06-01T11:30:00+00:00,397.27000000,398.50000000,391.72000000,395.17000000,3105.11000000
1780314300000,2026-06-01T11:45:00+00:00,395.20000000,398.13000000,392.24000000,393.95000000,1531.87000000
1780315200000,2026-06-01T12:00:00+00:00,394.04000000,395.51000000,391.51000000,393.42000000,1845.23000000
1780316100000,2026-06-01T12:15:00+00:00,393.37000000,396.04000000,391.20000000,393.70000000,1344.79000000
1780317000000,2026-06-01T12:30:00+00:00,393.75000000,395.80000000,391.35000000,394.04000000,2230.14000000
1780317900000,2026-06-01T12:45:00+00:00,394.01000000,394.86000000,391.61000000,394.48000000,2073.95000000
1780318800000,2026-06-01T13:00:00+00:00,394.47000000,395.05000000,388.60000000,388.84000000,2600.28000000
1780319700000,2026-06-01T13:15:00+00:00,388.88000000,395.76000000,388.88000000,391.10000000,2846.21000000
1780320600000,2026-06-01T13:30:00+00:00,390.94000000,410.83000000,383.57000000,394.78000000,13676.46000000
1780321500000,2026-06-01T13:45:00+00:00,394.71000000,399.20000000,385.36000000,386.93000000,7682.27000000
1780322400000,2026-06-01T14:00:00+00:00,386.89000000,395.00000000,381.11000000,391.52000000,5166.02000000
1780323300000,2026-06-01T14:15:00+00:00,391.49000000,403.81000000,391.48000000,402.73000000,3268.81000000
1780324200000,2026-06-01T14:30:00+00:00,402.99000000,409.65000000,402.78000000,404.62000000,4730.13000000
1780325100000,2026-06-01T14:45:00+00:00,404.64000000,408.05000000,402.78000000,406.95000000,4069.64000000
1780326000000,2026-06-01T15:00:00+00:00,406.99000000,412.00000000,405.43000000,410.43000000,2240.25000000
1780326900000,2026-06-01T15:15:00+00:00,410.41000000,417.28000000,410.41000000,416.90000000,3869.39000000
1780327800000,2026-06-01T15:30:00+00:00,416.90000000,421.80000000,416.37000000,419.21000000,4045.07000000
1780328700000,2026-06-01T15:45:00+00:00,419.20000000,419.75000000,414.26000000,417.38000000,1994.07000000
1780329600000,2026-06-01T16:00:00+00:00,417.56000000,420.87000000,417.53000000,419.11000000,1968.23000000
1780330500000,2026-06-01T16:15:00+00:00,419.10000000,419.25000000,413.26000000,413.30000000,2028.98000000
1780331400000,2026-06-01T16:30:00+00:00,413.31000000,416.44000000,411.73000000,414.88000000,4147.44000000
1780332300000,2026-06-01T16:45:00+00:00,414.90000000,418.35000000,413.78000000,417.12000000,3737.51000000
1780333200000,2026-06-01T17:00:00+00:00,417.14000000,417.57000000,414.26000000,416.64000000,1246.10000000
1780334100000,2026-06-01T17:15:00+00:00,416.68000000,417.32000000,410.92000000,411.79000000,2273.02000000
1780335000000,2026-06-01T17:30:00+00:00,411.79000000,412.30000000,410.16000000,410.66000000,712.27000000
1780335900000,2026-06-01T17:45:00+00:00,410.56000000,412.77000000,409.45000000,410.61000000,1251.98000000
1780336800000,2026-06-01T18:00:00+00:00,410.71000000,411.25000000,407.73000000,409.08000000,1039.73000000
1780337700000,2026-06-01T18:15:00+00:00,409.03000000,413.95000000,408.76000000,413.89000000,1018.67000000
1780338600000,2026-06-01T18:30:00+00:00,413.85000000,413.97000000,410.77000000,411.00000000,362.03000000
1780339500000,2026-06-01T18:45:00+00:00,411.06000000,412.83000000,410.40000000,411.59000000,477.22000000
1780340400000,2026-06-01T19:00:00+00:00,411.51000000,413.95000000,410.05000000,411.74000000,389.98000000
1780341300000,2026-06-01T19:15:00+00:00,411.62000000,411.62000000,409.21000000,411.45000000,239.98000000
1780342200000,2026-06-01T19:30:00+00:00,411.47000000,411.85000000,409.00000000,410.00000000,375.62000000
1780343100000,2026-06-01T19:45:00+00:00,409.91000000,411.65000000,408.87000000,409.54000000,501.66000000
1780344000000,2026-06-01T20:00:00+00:00,409.65000000,411.03000000,405.63000000,409.32000000,2806.23000000
1780344900000,2026-06-01T20:15:00+00:00,409.28000000,410.88000000,409.19000000,410.85000000,273.49000000
1780345800000,2026-06-01T20:30:00+00:00,410.86000000,413.17000000,410.65000000,411.93000000,448.20000000
1780346700000,2026-06-01T20:45:00+00:00,411.83000000,412.60000000,410.29000000,411.04000000,239.45000000
1780347600000,2026-06-01T21:00:00+00:00,411.12000000,411.23000000,410.00000000,410.71000000,138.54000000
1780348500000,2026-06-01T21:15:00+00:00,410.72000000,411.05000000,410.04000000,410.84000000,152.12000000
1780349400000,2026-06-01T21:30:00+00:00,410.84000000,413.20000000,410.75000000,413.18000000,157.30000000
1780350300000,2026-06-01T21:45:00+00:00,413.12000000,413.20000000,412.20000000,413.02000000,211.51000000
1780351200000,2026-06-01T22:00:00+00:00,412.91000000,413.03000000,411.50000000,412.50000000,211.22000000
1780352100000,2026-06-01T22:15:00+00:00,412.42000000,413.90000000,412.17000000,413.54000000,204.34000000
1780353000000,2026-06-01T22:30:00+00:00,413.65000000,414.77000000,411.83000000,411.92000000,354.31000000
1780353900000,2026-06-01T22:45:00+00:00,411.93000000,413.67000000,411.51000000,412.45000000,370.95000000
1780354800000,2026-06-01T23:00:00+00:00,412.60000000,413.25000000,412.07000000,412.30000000,269.85000000
1780355700000,2026-06-01T23:15:00+00:00,412.28000000,412.55000000,411.79000000,412.42000000,322.98000000
1780356600000,2026-06-01T23:30:00+00:00,412.60000000,413.26000000,412.37000000,413.09000000,79.28000000
1780357500000,2026-06-01T23:45:00+00:00,413.09000000,414.59000000,412.37000000,414.59000000,205.47000000
1780358400000,2026-06-02T00:00:00+00:00,414.60000000,414.90000000,403.35000000,406.62000000,1447.51000000
1780359300000,2026-06-02T00:15:00+00:00,406.52000000,407.20000000,398.47000000,406.83000000,3071.34000000
1780360200000,2026-06-02T00:30:00+00:00,406.71000000,410.50000000,405.96000000,407.22000000,658.00000000
1780361100000,2026-06-02T00:45:00+00:00,407.24000000,407.70000000,402.00000000,402.35000000,450.07000000
1780362000000,2026-06-02T01:00:00+00:00,402.24000000,404.40000000,400.79000000,404.23000000,757.47000000
1780362900000,2026-06-02T01:15:00+00:00,404.09000000,405.78000000,403.23000000,403.23000000,220.32000000
1780363800000,2026-06-02T01:30:00+00:00,403.33000000,404.10000000,401.30000000,402.25000000,241.64000000
1780364700000,2026-06-02T01:45:00+00:00,402.35000000,402.70000000,398.82000000,400.04000000,1402.79000000
1780365600000,2026-06-02T02:00:00+00:00,400.13000000,401.13000000,396.66000000,399.10000000,957.87000000
1780366500000,2026-06-02T02:15:00+00:00,399.15000000,401.81000000,398.56000000,401.69000000,266.89000000
1780367400000,2026-06-02T02:30:00+00:00,401.69000000,404.00000000,401.56000000,402.91000000,332.86000000
1780368300000,2026-06-02T02:45:00+00:00,402.91000000,404.21000000,402.80000000,403.00000000,276.78000000
1780369200000,2026-06-02T03:00:00+00:00,403.00000000,403.40000000,401.41000000,402.84000000,154.91000000
1780370100000,2026-06-02T03:15:00+00:00,402.83000000,403.20000000,400.20000000,400.61000000,209.34000000
1780371000000,2026-06-02T03:30:00+00:00,400.53000000,401.20000000,394.14000000,400.83000000,1930.04000000
1780371900000,2026-06-02T03:45:00+00:00,400.82000000,406.55000000,399.44000000,403.33000000,1087.36000000
1780372800000,2026-06-02T04:00:00+00:00,403.39000000,410.00000000,403.38000000,409.65000000,620.48000000
1780373700000,2026-06-02T04:15:00+00:00,409.60000000,409.63000000,404.48000000,405.03000000,415.11000000
1780374600000,2026-06-02T04:30:00+00:00,405.05000000,405.90000000,403.41000000,405.85000000,210.87000000
1780375500000,2026-06-02T04:45:00+00:00,405.81000000,408.42000000,405.10000000,406.25000000,801.97000000
1780376400000,2026-06-02T05:00:00+00:00,406.23000000,409.17000000,405.73000000,409.07000000,384.00000000
1780377300000,2026-06-02T05:15:00+00:00,409.07000000,410.59000000,407.55000000,408.50000000,455.04000000
1780378200000,2026-06-02T05:30:00+00:00,408.52000000,411.19000000,406.65000000,411.19000000,242.58000000
1780379100000,2026-06-02T05:45:00+00:00,411.14000000,411.25000000,409.42000000,409.46000000,213.05000000
1780380000000,2026-06-02T06:00:00+00:00,409.42000000,409.73000000,407.02000000,407.58000000,204.12000000
1780380900000,2026-06-02T06:15:00+00:00,407.68000000,407.97000000,405.49000000,407.45000000,475.12000000
1780381800000,2026-06-02T06:30:00+00:00,407.37000000,408.88000000,406.00000000,407.45000000,409.26000000
1780382700000,2026-06-02T06:45:00+00:00,407.51000000,418.44000000,407.51000000,416.76000000,1741.32000000
1780383600000,2026-06-02T07:00:00+00:00,416.76000000,416.89000000,412.00000000,413.24000000,797.49000000
1780384500000,2026-06-02T07:15:00+00:00,413.25000000,414.79000000,412.18000000,412.18000000,429.78000000
1780385400000,2026-06-02T07:30:00+00:00,412.45000000,412.88000000,410.00000000,411.10000000,586.22000000
1780386300000,2026-06-02T07:45:00+00:00,411.05000000,411.83000000,409.81000000,411.41000000,269.82000000
1780387200000,2026-06-02T08:00:00+00:00,411.46000000,417.12000000,411.15000000,416.07000000,1054.92000000
1780388100000,2026-06-02T08:15:00+00:00,416.10000000,419.70000000,415.75000000,418.99000000,1124.66000000
1780389000000,2026-06-02T08:30:00+00:00,419.15000000,422.62000000,418.40000000,419.02000000,1179.32000000
1780389900000,2026-06-02T08:45:00+00:00,419.07000000,420.05000000,415.86000000,416.78000000,1138.14000000
1780390800000,2026-06-02T09:00:00+00:00,416.55000000,416.55000000,412.43000000,414.95000000,741.87000000
1780391700000,2026-06-02T09:15:00+00:00,414.89000000,415.88000000,412.75000000,414.43000000,547.91000000
1780392600000,2026-06-02T09:30:00+00:00,414.32000000,415.45000000,413.13000000,415.23000000,240.86000000
1780393500000,2026-06-02T09:45:00+00:00,415.26000000,417.51000000,414.79000000,416.67000000,1051.37000000
1780394400000,2026-06-02T10:00:00+00:00,416.52000000,418.95000000,414.10000000,417.35000000,874.58000000
1780395300000,2026-06-02T10:15:00+00:00,417.36000000,418.95000000,414.85000000,416.09000000,610.76000000
1780396200000,2026-06-02T10:30:00+00:00,416.29000000,417.45000000,414.00000000,414.73000000,323.54000000
1780397100000,2026-06-02T10:45:00+00:00,414.65000000,415.12000000,413.46000000,413.46000000,320.98000000
1780398000000,2026-06-02T11:00:00+00:00,413.59000000,413.59000000,409.99000000,412.95000000,950.74000000
1780398900000,2026-06-02T11:15:00+00:00,413.00000000,413.70000000,411.74000000,412.55000000,443.21000000
1780399800000,2026-06-02T11:30:00+00:00,412.62000000,415.66000000,412.05000000,414.66000000,357.70000000
1780400700000,2026-06-02T11:45:00+00:00,414.63000000,414.78000000,412.16000000,412.43000000,284.36000000
1780401600000,2026-06-02T12:00:00+00:00,412.58000000,413.98000000,412.04000000,412.90000000,279.45000000
1780402500000,2026-06-02T12:15:00+00:00,412.80000000,413.80000000,411.82000000,412.47000000,206.58000000
1780403400000,2026-06-02T12:30:00+00:00,412.60000000,412.68000000,407.53000000,408.05000000,511.02000000
1780404300000,2026-06-02T12:45:00+00:00,408.08000000,408.38000000,405.16000000,407.83000000,1116.78000000
1780405200000,2026-06-02T13:00:00+00:00,407.70000000,408.55000000,403.63000000,405.02000000,998.58000000
1780406100000,2026-06-02T13:15:00+00:00,405.00000000,409.49000000,401.46000000,401.86000000,2538.21000000
1780407000000,2026-06-02T13:30:00+00:00,401.57000000,401.57000000,388.29000000,394.96000000,7603.84000000
1780407900000,2026-06-02T13:45:00+00:00,395.20000000,398.40000000,389.30000000,392.90000000,4410.92000000
1780408800000,2026-06-02T14:00:00+00:00,393.00000000,405.65000000,388.75000000,403.94000000,9563.53000000
1780409700000,2026-06-02T14:15:00+00:00,404.03000000,406.42000000,398.81000000,401.14000000,4786.20000000
1780410600000,2026-06-02T14:30:00+00:00,401.05000000,407.40000000,400.22000000,406.43000000,1906.64000000
1780411500000,2026-06-02T14:45:00+00:00,406.40000000,414.31000000,402.83000000,414.31000000,4634.79000000
1780412400000,2026-06-02T15:00:00+00:00,414.24000000,415.00000000,411.57000000,413.64000000,2054.06000000
1780413300000,2026-06-02T15:15:00+00:00,413.75000000,419.81000000,412.05000000,419.02000000,1632.53000000
1780414200000,2026-06-02T15:30:00+00:00,418.92000000,424.58000000,416.55000000,422.04000000,2316.71000000
1780415100000,2026-06-02T15:45:00+00:00,421.97000000,425.60000000,421.89000000,425.12000000,1815.68000000
1780416000000,2026-06-02T16:00:00+00:00,425.15000000,428.00000000,422.23000000,422.95000000,1443.26000000
1780416900000,2026-06-02T16:15:00+00:00,423.21000000,424.26000000,412.36000000,413.38000000,3262.87000000
1780417800000,2026-06-02T16:30:00+00:00,413.49000000,415.68000000,409.05000000,409.20000000,1481.58000000
1780418700000,2026-06-02T16:45:00+00:00,409.10000000,411.95000000,407.00000000,410.10000000,1850.72000000
1780419600000,2026-06-02T17:00:00+00:00,410.18000000,413.13000000,406.06000000,413.01000000,1015.25000000
1780420500000,2026-06-02T17:15:00+00:00,413.06000000,413.80000000,408.90000000,409.77000000,672.04000000
1780421400000,2026-06-02T17:30:00+00:00,409.74000000,410.53000000,407.21000000,408.00000000,418.16000000
1780422300000,2026-06-02T17:45:00+00:00,408.00000000,409.15000000,406.00000000,406.00000000,459.64000000
1780423200000,2026-06-02T18:00:00+00:00,406.15000000,407.79000000,404.67000000,406.33000000,814.05000000
1780424100000,2026-06-02T18:15:00+00:00,406.17000000,406.33000000,403.28000000,405.36000000,640.72000000
1780425000000,2026-06-02T18:30:00+00:00,405.44000000,406.66000000,403.71000000,405.53000000,355.32000000
1780425900000,2026-06-02T18:45:00+00:00,405.40000000,407.92000000,405.40000000,407.19000000,259.06000000
1780426800000,2026-06-02T19:00:00+00:00,407.14000000,407.97000000,406.05000000,407.28000000,156.65000000
1780427700000,2026-06-02T19:15:00+00:00,407.06000000,407.17000000,403.08000000,403.92000000,394.57000000
1780428600000,2026-06-02T19:30:00+00:00,403.95000000,406.10000000,402.23000000,404.25000000,532.00000000
1780429500000,2026-06-02T19:45:00+00:00,403.90000000,405.15000000,402.06000000,403.02000000,427.25000000
1780430400000,2026-06-02T20:00:00+00:00,402.90000000,404.40000000,402.28000000,402.62000000,498.85000000
1780431300000,2026-06-02T20:15:00+00:00,402.71000000,404.14000000,402.50000000,403.71000000,303.84000000
1780432200000,2026-06-02T20:30:00+00:00,403.63000000,405.24000000,403.62000000,404.67000000,382.28000000
1780433100000,2026-06-02T20:45:00+00:00,404.75000000,405.07000000,404.16000000,404.57000000,298.84000000
1780434000000,2026-06-02T21:00:00+00:00,404.45000000,405.00000000,404.22000000,404.74000000,71.81000000
1780434900000,2026-06-02T21:15:00+00:00,404.74000000,405.24000000,403.75000000,403.80000000,81.51000000
1780435800000,2026-06-02T21:30:00+00:00,403.83000000,404.10000000,403.48000000,403.93000000,83.21000000
1780436700000,2026-06-02T21:45:00+00:00,403.85000000,404.46000000,403.40000000,404.21000000,151.80000000
1780437600000,2026-06-02T22:00:00+00:00,404.26000000,404.64000000,402.72000000,402.90000000,248.77000000
1780438500000,2026-06-02T22:15:00+00:00,402.80000000,403.05000000,400.50000000,400.50000000,784.19000000
1780439400000,2026-06-02T22:30:00+00:00,400.75000000,402.04000000,400.49000000,401.01000000,204.27000000
1780440300000,2026-06-02T22:45:00+00:00,401.01000000,401.14000000,398.71000000,398.99000000,379.60000000
1780441200000,2026-06-02T23:00:00+00:00,398.99000000,399.34000000,397.80000000,398.58000000,571.21000000
1780442100000,2026-06-02T23:15:00+00:00,398.47000000,398.89000000,395.24000000,395.48000000,572.69000000
1780443000000,2026-06-02T23:30:00+00:00,395.49000000,398.01000000,395.03000000,397.81000000,579.95000000
1780443900000,2026-06-02T23:45:00+00:00,398.05000000,398.44000000,396.29000000,397.53000000,297.00000000
1780444800000,2026-06-03T00:00:00+00:00,397.68000000,401.55000000,396.98000000,398.88000000,901.53000000
1780445700000,2026-06-03T00:15:00+00:00,398.88000000,400.20000000,397.32000000,398.28000000,452.18000000
1780446600000,2026-06-03T00:30:00+00:00,398.35000000,398.66000000,395.87000000,395.94000000,320.68000000
1780447500000,2026-06-03T00:45:00+00:00,396.03000000,398.55000000,395.80000000,398.37000000,546.41000000
1780448400000,2026-06-03T01:00:00+00:00,398.35000000,398.48000000,397.50000000,398.31000000,102.18000000
1780449300000,2026-06-03T01:15:00+00:00,398.25000000,399.66000000,397.12000000,399.66000000,644.39000000
1780450200000,2026-06-03T01:30:00+00:00,399.69000000,401.48000000,399.37000000,400.03000000,462.77000000
1780451100000,2026-06-03T01:45:00+00:00,399.99000000,401.37000000,399.46000000,401.28000000,264.50000000
1780452000000,2026-06-03T02:00:00+00:00,401.31000000,402.24000000,400.29000000,400.29000000,568.24000000
1780452900000,2026-06-03T02:15:00+00:00,400.29000000,401.01000000,399.89000000,400.97000000,192.05000000
1780453800000,2026-06-03T02:30:00+00:00,401.00000000,401.40000000,400.49000000,400.86000000,195.14000000
1780454700000,2026-06-03T02:45:00+00:00,400.87000000,400.99000000,400.00000000,400.54000000,94.91000000
1780455600000,2026-06-03T03:00:00+00:00,400.48000000,400.55000000,399.50000000,400.08000000,152.85000000
1780456500000,2026-06-03T03:15:00+00:00,400.11000000,400.34000000,399.58000000,399.69000000,195.64000000
1780457400000,2026-06-03T03:30:00+00:00,399.69000000,400.29000000,399.58000000,400.17000000,157.20000000
1780458300000,2026-06-03T03:45:00+00:00,400.30000000,402.12000000,400.22000000,400.39000000,834.10000000
1780459200000,2026-06-03T04:00:00+00:00,400.38000000,400.69000000,399.58000000,399.58000000,216.92000000
1780460100000,2026-06-03T04:15:00+00:00,399.58000000,399.58000000,397.43000000,397.74000000,231.80000000
1780461000000,2026-06-03T04:30:00+00:00,397.74000000,399.07000000,397.43000000,398.41000000,148.89000000
1780461900000,2026-06-03T04:45:00+00:00,398.34000000,398.42000000,397.24000000,397.48000000,349.36000000
1780462800000,2026-06-03T05:00:00+00:00,397.48000000,398.51000000,396.27000000,398.50000000,356.43000000
1780463700000,2026-06-03T05:15:00+00:00,398.48000000,399.70000000,397.30000000,397.56000000,537.23000000
1780464600000,2026-06-03T05:30:00+00:00,397.54000000,398.95000000,396.37000000,398.54000000,335.46000000
1780465500000,2026-06-03T05:45:00+00:00,398.55000000,400.13000000,398.42000000,400.03000000,123.12000000
1780466400000,2026-06-03T06:00:00+00:00,400.03000000,401.84000000,398.53000000,398.55000000,349.32000000
1780467300000,2026-06-03T06:15:00+00:00,398.67000000,400.28000000,398.26000000,399.71000000,231.29000000
1780468200000,2026-06-03T06:30:00+00:00,399.72000000,401.67000000,399.00000000,399.97000000,192.69000000
1780469100000,2026-06-03T06:45:00+00:00,399.95000000,400.38000000,399.00000000,400.22000000,108.11000000
1780470000000,2026-06-03T07:00:00+00:00,400.32000000,402.25000000,400.20000000,402.19000000,140.56000000
1780470900000,2026-06-03T07:15:00+00:00,402.27000000,403.40000000,401.81000000,403.40000000,148.35000000
1780471800000,2026-06-03T07:30:00+00:00,403.34000000,404.55000000,402.10000000,402.78000000,323.99000000
1780472700000,2026-06-03T07:45:00+00:00,402.75000000,403.10000000,401.50000000,401.80000000,112.30000000
1780473600000,2026-06-03T08:00:00+00:00,401.87000000,411.29000000,401.87000000,411.28000000,1346.03000000
1780474500000,2026-06-03T08:15:00+00:00,411.29000000,411.55000000,407.39000000,411.00000000,1222.08000000
1780475400000,2026-06-03T08:30:00+00:00,411.02000000,412.23000000,408.77000000,410.26000000,889.56000000
1780476300000,2026-06-03T08:45:00+00:00,410.06000000,411.43000000,409.15000000,409.76000000,826.39000000
1780477200000,2026-06-03T09:00:00+00:00,409.50000000,411.70000000,408.50000000,411.70000000,845.94000000
1780478100000,2026-06-03T09:15:00+00:00,411.49000000,411.49000000,406.38000000,407.90000000,715.66000000
1780479000000,2026-06-03T09:30:00+00:00,408.00000000,410.30000000,407.54000000,409.10000000,486.01000000
1780479900000,2026-06-03T09:45:00+00:00,408.90000000,409.04000000,402.35000000,403.56000000,1132.80000000
1780480800000,2026-06-03T10:00:00+00:00,403.36000000,406.15000000,402.40000000,405.05000000,916.90000000
1780481700000,2026-06-03T10:15:00+00:00,405.26000000,407.55000000,405.06000000,407.48000000,180.99000000
1780482600000,2026-06-03T10:30:00+00:00,407.47000000,409.20000000,407.47000000,408.56000000,180.13000000
1780483500000,2026-06-03T10:45:00+00:00,408.40000000,409.00000000,407.94000000,408.34000000,369.14000000
1780484400000,2026-06-03T11:00:00+00:00,408.25000000,410.46000000,407.62000000,408.80000000,693.62000000
1780485300000,2026-06-03T11:15:00+00:00,408.50000000,410.14000000,407.88000000,409.60000000,220.31000000
1780486200000,2026-06-03T11:30:00+00:00,409.55000000,409.87000000,408.29000000,408.70000000,179.08000000
1780487100000,2026-06-03T11:45:00+00:00,408.65000000,408.75000000,407.88000000,408.17000000,86.52000000
1780488000000,2026-06-03T12:00:00+00:00,408.15000000,414.13000000,407.83000000,412.17000000,443.51000000
1780488900000,2026-06-03T12:15:00+00:00,412.05000000,412.26000000,409.70000000,409.70000000,424.58000000
1780489800000,2026-06-03T12:30:00+00:00,409.68000000,409.90000000,407.51000000,408.17000000,242.81000000
1780490700000,2026-06-03T12:45:00+00:00,408.22000000,408.76000000,405.61000000,407.25000000,487.31000000
1780491600000,2026-06-03T13:00:00+00:00,407.30000000,408.45000000,406.58000000,406.90000000,311.05000000
1780492500000,2026-06-03T13:15:00+00:00,406.91000000,411.00000000,406.62000000,407.60000000,2334.64000000
1780493400000,2026-06-03T13:30:00+00:00,407.50000000,412.20000000,379.28000000,380.04000000,20349.08000000
1780494300000,2026-06-03T13:45:00+00:00,380.27000000,385.18000000,373.60000000,385.18000000,8417.19000000
1780495200000,2026-06-03T14:00:00+00:00,384.85000000,393.67000000,384.21000000,392.87000000,3314.27000000
1780496100000,2026-06-03T14:15:00+00:00,393.07000000,394.93000000,390.33000000,393.88000000,2126.69000000
1780497000000,2026-06-03T14:30:00+00:00,393.73000000,398.73000000,392.20000000,396.65000000,3595.62000000
1780497900000,2026-06-03T14:45:00+00:00,396.70000000,399.65000000,395.50000000,399.65000000,1629.59000000
1780498800000,2026-06-03T15:00:00+00:00,399.52000000,402.05000000,397.20000000,401.78000000,2049.47000000
1780499700000,2026-06-03T15:15:00+00:00,401.97000000,402.69000000,394.80000000,397.71000000,3303.25000000
1780500600000,2026-06-03T15:30:00+00:00,397.76000000,400.14000000,396.55000000,397.27000000,1679.55000000
1780501500000,2026-06-03T15:45:00+00:00,397.27000000,400.71000000,393.71000000,399.90000000,1777.04000000
1780502400000,2026-06-03T16:00:00+00:00,399.89000000,400.79000000,397.05000000,398.10000000,1252.32000000
1780503300000,2026-06-03T16:15:00+00:00,398.06000000,398.17000000,393.67000000,395.32000000,1219.45000000
1780504200000,2026-06-03T16:30:00+00:00,395.39000000,396.90000000,392.65000000,393.98000000,664.32000000
1780505100000,2026-06-03T16:45:00+00:00,393.97000000,398.20000000,393.97000000,397.91000000,640.18000000
1780506000000,2026-06-03T17:00:00+00:00,397.79000000,398.58000000,395.61000000,397.06000000,979.86000000
1780506900000,2026-06-03T17:15:00+00:00,397.20000000,399.76000000,395.67000000,399.71000000,1173.89000000
1780507800000,2026-06-03T17:30:00+00:00,399.69000000,402.50000000,398.15000000,401.24000000,854.49000000
1780508700000,2026-06-03T17:45:00+00:00,401.28000000,407.52000000,401.28000000,406.95000000,1064.93000000
1780509600000,2026-06-03T18:00:00+00:00,407.03000000,409.77000000,406.49000000,409.71000000,1511.55000000
1780510500000,2026-06-03T18:15:00+00:00,409.69000000,419.26000000,408.77000000,417.20000000,3093.13000000
1780511400000,2026-06-03T18:30:00+00:00,417.28000000,417.97000000,409.28000000,410.18000000,4258.43000000
1780512300000,2026-06-03T18:45:00+00:00,410.25000000,411.80000000,408.96000000,411.36000000,7473.54000000
1780513200000,2026-06-03T19:00:00+00:00,411.29000000,412.85000000,410.34000000,412.06000000,1540.77000000
1780514100000,2026-06-03T19:15:00+00:00,412.00000000,412.33000000,409.76000000,411.45000000,1314.52000000
1780515000000,2026-06-03T19:30:00+00:00,411.35000000,412.53000000,410.39000000,411.73000000,983.37000000
1780515900000,2026-06-03T19:45:00+00:00,411.72000000,414.80000000,411.37000000,412.15000000,5966.21000000
1780516800000,2026-06-03T20:00:00+00:00,412.28000000,412.39000000,409.84000000,410.83000000,1034.45000000
1780517700000,2026-06-03T20:15:00+00:00,410.86000000,410.86000000,405.20000000,405.71000000,2576.30000000
1780518600000,2026-06-03T20:30:00+00:00,405.71000000,405.79000000,399.99000000,400.11000000,1345.70000000
1780519500000,2026-06-03T20:45:00+00:00,400.26000000,403.41000000,399.82000000,403.29000000,1528.69000000
1780520400000,2026-06-03T21:00:00+00:00,403.37000000,404.11000000,396.92000000,397.44000000,1051.09000000
1780521300000,2026-06-03T21:15:00+00:00,397.40000000,400.14000000,395.37000000,397.10000000,976.00000000
1780522200000,2026-06-03T21:30:00+00:00,397.28000000,398.79000000,393.88000000,396.67000000,957.21000000
1780523100000,2026-06-03T21:45:00+00:00,396.57000000,400.52000000,396.57000000,400.52000000,431.37000000
1780524000000,2026-06-03T22:00:00+00:00,400.53000000,403.41000000,396.80000000,397.18000000,660.74000000
1780524900000,2026-06-03T22:15:00+00:00,397.17000000,398.51000000,395.91000000,397.25000000,214.89000000
1780525800000,2026-06-03T22:30:00+00:00,397.05000000,399.45000000,397.05000000,397.57000000,236.79000000
1780526700000,2026-06-03T22:45:00+00:00,397.65000000,397.82000000,392.12000000,396.50000000,758.43000000
1780527600000,2026-06-03T23:00:00+00:00,396.38000000,396.70000000,390.12000000,391.90000000,652.93000000
1780528500000,2026-06-03T23:15:00+00:00,391.95000000,392.94000000,390.23000000,391.30000000,823.17000000
1780529400000,2026-06-03T23:30:00+00:00,391.29000000,392.24000000,389.83000000,390.81000000,483.50000000
1780530300000,2026-06-03T23:45:00+00:00,390.85000000,394.62000000,390.01000000,394.14000000,468.43000000
1780531200000,2026-06-04T00:00:00+00:00,394.02000000,395.00000000,391.12000000,392.47000000,900.41000000
1780532100000,2026-06-04T00:15:00+00:00,392.55000000,396.24000000,392.25000000,394.97000000,473.01000000
1780533000000,2026-06-04T00:30:00+00:00,395.13000000,397.58000000,393.71000000,397.58000000,366.86000000
1780533900000,2026-06-04T00:45:00+00:00,397.58000000,399.77000000,396.84000000,398.98000000,549.06000000
1780534800000,2026-06-04T01:00:00+00:00,399.05000000,401.19000000,397.65000000,397.90000000,280.15000000
1780535700000,2026-06-04T01:15:00+00:00,397.85000000,397.98000000,393.50000000,394.37000000,312.54000000
1780536600000,2026-06-04T01:30:00+00:00,394.37000000,395.50000000,392.95000000,393.21000000,170.94000000
1780537500000,2026-06-04T01:45:00+00:00,393.25000000,393.44000000,390.91000000,391.80000000,259.17000000
1780538400000,2026-06-04T02:00:00+00:00,391.85000000,392.08000000,387.61000000,390.80000000,818.82000000
1780539300000,2026-06-04T02:15:00+00:00,390.75000000,392.49000000,388.99000000,391.63000000,256.55000000
1780540200000,2026-06-04T02:30:00+00:00,391.57000000,394.31000000,391.06000000,394.22000000,122.62000000
1780541100000,2026-06-04T02:45:00+00:00,394.24000000,396.13000000,394.00000000,394.65000000,280.73000000
1780542000000,2026-06-04T03:00:00+00:00,394.63000000,397.68000000,394.55000000,397.24000000,255.92000000
1780542900000,2026-06-04T03:15:00+00:00,397.13000000,397.75000000,396.24000000,396.29000000,74.77000000
1780543800000,2026-06-04T03:30:00+00:00,396.24000000,396.78000000,395.28000000,395.97000000,148.52000000
1780544700000,2026-06-04T03:45:00+00:00,396.00000000,396.21000000,394.83000000,395.90000000,740.66000000
1780545600000,2026-06-04T04:00:00+00:00,395.87000000,397.05000000,395.41000000,396.35000000,218.15000000
1780546500000,2026-06-04T04:15:00+00:00,396.45000000,396.54000000,395.31000000,396.05000000,161.42000000
1780547400000,2026-06-04T04:30:00+00:00,396.04000000,396.38000000,395.20000000,395.46000000,82.35000000
1780548300000,2026-06-04T04:45:00+00:00,395.39000000,395.70000000,394.98000000,395.50000000,60.11000000
1780549200000,2026-06-04T05:00:00+00:00,395.55000000,395.66000000,393.00000000,394.56000000,288.09000000
1780550100000,2026-06-04T05:15:00+00:00,394.59000000,395.40000000,393.75000000,394.36000000,90.83000000
1780551000000,2026-06-04T05:30:00+00:00,394.27000000,395.93000000,394.10000000,395.71000000,105.99000000
1780551900000,2026-06-04T05:45:00+00:00,395.83000000,395.90000000,394.92000000,395.60000000,117.00000000
1780552800000,2026-06-04T06:00:00+00:00,395.58000000,397.26000000,395.12000000,397.19000000,149.27000000
1780553700000,2026-06-04T06:15:00+00:00,397.19000000,397.62000000,396.73000000,397.51000000,300.82000000
1780554600000,2026-06-04T06:30:00+00:00,397.49000000,397.60000000,396.01000000,396.50000000,434.77000000
1780555500000,2026-06-04T06:45:00+00:00,396.50000000,398.32000000,396.00000000,397.45000000,157.17000000
1780556400000,2026-06-04T07:00:00+00:00,397.40000000,397.53000000,396.35000000,396.46000000,139.15000000
1780557300000,2026-06-04T07:15:00+00:00,396.46000000,396.70000000,395.04000000,395.65000000,241.20000000
1780558200000,2026-06-04T07:30:00+00:00,395.70000000,397.04000000,395.55000000,396.59000000,203.15000000
1780559100000,2026-06-04T07:45:00+00:00,396.52000000,396.54000000,395.50000000,395.70000000,77.50000000
1780560000000,2026-06-04T08:00:00+00:00,395.65000000,396.70000000,391.98000000,392.90000000,904.97000000
1780560900000,2026-06-04T08:15:00+00:00,392.88000000,393.56000000,388.43000000,390.11000000,1354.46000000
1780561800000,2026-06-04T08:30:00+00:00,390.13000000,393.84000000,389.80000000,390.40000000,703.25000000
1780562700000,2026-06-04T08:45:00+00:00,390.57000000,390.99000000,387.34000000,387.47000000,1218.70000000
1780563600000,2026-06-04T09:00:00+00:00,387.59000000,387.90000000,379.49000000,379.65000000,4177.64000000
1780564500000,2026-06-04T09:15:00+00:00,379.64000000,385.20000000,377.22000000,383.38000000,3160.54000000
1780565400000,2026-06-04T09:30:00+00:00,383.50000000,387.86000000,382.85000000,384.40000000,1330.01000000
1780566300000,2026-06-04T09:45:00+00:00,384.51000000,388.22000000,384.51000000,386.33000000,616.64000000
1780567200000,2026-06-04T10:00:00+00:00,386.52000000,387.42000000,383.89000000,384.58000000,787.41000000
1780568100000,2026-06-04T10:15:00+00:00,384.58000000,384.61000000,382.67000000,383.16000000,774.11000000
1780569000000,2026-06-04T10:30:00+00:00,383.16000000,385.60000000,381.06000000,381.18000000,1388.24000000
1780569900000,2026-06-04T10:45:00+00:00,381.06000000,383.16000000,380.02000000,382.84000000,1239.92000000
1780570800000,2026-06-04T11:00:00+00:00,382.85000000,387.02000000,382.85000000,385.49000000,1378.54000000
1780571700000,2026-06-04T11:15:00+00:00,385.59000000,387.35000000,383.60000000,385.05000000,1243.95000000
1780572600000,2026-06-04T11:30:00+00:00,385.01000000,386.55000000,380.99000000,382.67000000,1481.65000000
1780573500000,2026-06-04T11:45:00+00:00,382.68000000,384.95000000,381.06000000,384.38000000,1490.98000000
1780574400000,2026-06-04T12:00:00+00:00,384.37000000,384.84000000,380.84000000,382.79000000,1282.16000000
1780575300000,2026-06-04T12:15:00+00:00,382.75000000,385.38000000,382.39000000,385.38000000,1622.48000000
1780576200000,2026-06-04T12:30:00+00:00,385.39000000,388.81000000,384.79000000,388.35000000,990.28000000
1780577100000,2026-06-04T12:45:00+00:00,388.31000000,389.80000000,386.68000000,387.36000000,870.09000000
1780578000000,2026-06-04T13:00:00+00:00,387.40000000,388.70000000,386.50000000,387.79000000,722.77000000
1780578900000,2026-06-04T13:15:00+00:00,387.70000000,388.02000000,378.22000000,380.64000000,2474.34000000
1780579800000,2026-06-04T13:30:00+00:00,380.49000000,390.21000000,376.72000000,378.93000000,8565.27000000
1780580700000,2026-06-04T13:45:00+00:00,379.00000000,381.39000000,371.96000000,372.26000000,7427.21000000
1780581600000,2026-06-04T14:00:00+00:00,372.36000000,375.65000000,367.71000000,375.28000000,5842.01000000
1780582500000,2026-06-04T14:15:00+00:00,375.40000000,381.50000000,371.85000000,380.96000000,4255.76000000
1780583400000,2026-06-04T14:30:00+00:00,380.96000000,384.49000000,380.88000000,382.36000000,3110.90000000
1780584300000,2026-06-04T14:45:00+00:00,382.25000000,387.40000000,381.95000000,387.10000000,1085.92000000
1780585200000,2026-06-04T15:00:00+00:00,387.07000000,387.99000000,384.82000000,386.85000000,1455.21000000
1780586100000,2026-06-04T15:15:00+00:00,386.85000000,389.71000000,385.22000000,385.22000000,1057.31000000
1780587000000,2026-06-04T15:30:00+00:00,385.49000000,386.87000000,383.79000000,384.60000000,1216.90000000
1780587900000,2026-06-04T15:45:00+00:00,384.60000000,386.21000000,380.50000000,386.13000000,1593.14000000
1780588800000,2026-06-04T16:00:00+00:00,386.15000000,391.83000000,385.95000000,390.65000000,1185.72000000
1780589700000,2026-06-04T16:15:00+00:00,390.56000000,392.19000000,389.66000000,391.26000000,1011.98000000
1780590600000,2026-06-04T16:30:00+00:00,391.35000000,391.45000000,388.64000000,389.48000000,970.00000000
1780591500000,2026-06-04T16:45:00+00:00,389.47000000,390.53000000,388.66000000,389.28000000,424.08000000
1780592400000,2026-06-04T17:00:00+00:00,389.35000000,390.04000000,388.04000000,389.64000000,438.13000000
1780593300000,2026-06-04T17:15:00+00:00,389.60000000,391.84000000,388.84000000,391.32000000,632.13000000
1780594200000,2026-06-04T17:30:00+00:00,391.25000000,392.77000000,390.20000000,391.95000000,338.53000000
1780595100000,2026-06-04T17:45:00+00:00,391.97000000,395.45000000,391.45000000,394.80000000,546.01000000
1780596000000,2026-06-04T18:00:00+00:00,394.77000000,397.49000000,394.11000000,396.18000000,629.70000000
1780596900000,2026-06-04T18:15:00+00:00,396.18000000,396.80000000,394.82000000,395.80000000,414.41000000
1780597800000,2026-06-04T18:30:00+00:00,395.70000000,396.13000000,392.85000000,394.36000000,356.34000000
1780598700000,2026-06-04T18:45:00+00:00,394.26000000,395.48000000,392.25000000,392.34000000,586.78000000
1780599600000,2026-06-04T19:00:00+00:00,392.42000000,393.11000000,391.20000000,391.45000000,843.75000000
1780600500000,2026-06-04T19:15:00+00:00,391.45000000,393.42000000,390.50000000,392.88000000,1652.59000000
1780601400000,2026-06-04T19:30:00+00:00,392.91000000,395.67000000,391.77000000,391.87000000,1034.23000000
1780602300000,2026-06-04T19:45:00+00:00,391.84000000,393.44000000,390.33000000,393.17000000,863.39000000
1780603200000,2026-06-04T20:00:00+00:00,393.36000000,393.54000000,390.56000000,391.21000000,346.09000000
1780604100000,2026-06-04T20:15:00+00:00,391.18000000,391.52000000,390.65000000,391.09000000,143.90000000
1780605000000,2026-06-04T20:30:00+00:00,391.10000000,391.29000000,389.96000000,390.95000000,429.16000000
1780605900000,2026-06-04T20:45:00+00:00,390.90000000,391.37000000,390.44000000,391.35000000,163.49000000
1780606800000,2026-06-04T21:00:00+00:00,391.32000000,391.32000000,390.29000000,390.60000000,52.36000000
1780607700000,2026-06-04T21:15:00+00:00,390.65000000,390.65000000,389.06000000,389.19000000,106.37000000
1780608600000,2026-06-04T21:30:00+00:00,389.19000000,390.52000000,388.83000000,390.10000000,190.61000000
1780609500000,2026-06-04T21:45:00+00:00,390.16000000,390.29000000,389.40000000,389.48000000,142.81000000
1780610400000,2026-06-04T22:00:00+00:00,389.58000000,389.80000000,386.85000000,387.09000000,178.19000000
1780611300000,2026-06-04T22:15:00+00:00,387.01000000,387.01000000,385.10000000,386.07000000,295.45000000
1780612200000,2026-06-04T22:30:00+00:00,386.10000000,386.84000000,385.93000000,386.45000000,179.62000000
1780613100000,2026-06-04T22:45:00+00:00,386.43000000,388.11000000,386.30000000,388.09000000,131.82000000
1780614000000,2026-06-04T23:00:00+00:00,388.14000000,388.33000000,386.67000000,386.67000000,126.70000000
1780614900000,2026-06-04T23:15:00+00:00,386.66000000,387.05000000,386.34000000,386.97000000,128.49000000
1780615800000,2026-06-04T23:30:00+00:00,386.98000000,386.98000000,385.06000000,385.42000000,188.12000000
1780616700000,2026-06-04T23:45:00+00:00,385.24000000,385.57000000,384.86000000,385.24000000,214.38000000
1780617600000,2026-06-05T00:00:00+00:00,385.06000000,387.68000000,380.36000000,380.61000000,977.97000000
1780618500000,2026-06-05T00:15:00+00:00,380.85000000,381.69000000,373.30000000,377.74000000,1327.02000000
1780619400000,2026-06-05T00:30:00+00:00,377.78000000,381.01000000,377.56000000,380.10000000,770.40000000
1780620300000,2026-06-05T00:45:00+00:00,379.65000000,380.94000000,377.45000000,377.45000000,854.29000000
1780621200000,2026-06-05T01:00:00+00:00,377.58000000,378.09000000,374.95000000,376.78000000,775.51000000
1780622100000,2026-06-05T01:15:00+00:00,376.78000000,377.43000000,374.65000000,375.25000000,577.97000000
1780623000000,2026-06-05T01:30:00+00:00,375.30000000,382.12000000,375.30000000,381.94000000,747.46000000
1780623900000,2026-06-05T01:45:00+00:00,381.95000000,382.90000000,379.99000000,382.50000000,544.83000000
1780624800000,2026-06-05T02:00:00+00:00,382.51000000,384.06000000,381.58000000,383.52000000,771.08000000
1780625700000,2026-06-05T02:15:00+00:00,383.30000000,384.21000000,381.85000000,384.03000000,289.91000000
1780626600000,2026-06-05T02:30:00+00:00,383.95000000,384.46000000,382.06000000,382.61000000,206.11000000
1780627500000,2026-06-05T02:45:00+00:00,382.56000000,382.96000000,381.17000000,381.37000000,816.12000000
1780628400000,2026-06-05T03:00:00+00:00,381.42000000,382.45000000,381.37000000,382.12000000,515.27000000
1780629300000,2026-06-05T03:15:00+00:00,382.12000000,382.64000000,380.64000000,381.59000000,259.39000000
1780630200000,2026-06-05T03:30:00+00:00,381.51000000,381.65000000,380.34000000,380.34000000,146.98000000
1780631100000,2026-06-05T03:45:00+00:00,380.60000000,380.82000000,378.48000000,379.25000000,236.56000000
1780632000000,2026-06-05T04:00:00+00:00,379.35000000,381.75000000,379.08000000,380.79000000,302.57000000
1780632900000,2026-06-05T04:15:00+00:00,380.84000000,381.70000000,380.17000000,381.33000000,132.19000000
1780633800000,2026-06-05T04:30:00+00:00,381.30000000,382.29000000,380.25000000,381.64000000,182.06000000
1780634700000,2026-06-05T04:45:00+00:00,381.80000000,383.72000000,381.20000000,382.72000000,273.21000000
1780635600000,2026-06-05T05:00:00+00:00,382.61000000,383.18000000,380.19000000,381.18000000,418.61000000
1780636500000,2026-06-05T05:15:00+00:00,381.15000000,382.65000000,380.47000000,381.34000000,389.66000000
1780637400000,2026-06-05T05:30:00+00:00,381.22000000,382.86000000,381.04000000,381.87000000,236.95000000
1780638300000,2026-06-05T05:45:00+00:00,381.85000000,381.97000000,379.87000000,380.10000000,379.80000000
1780639200000,2026-06-05T06:00:00+00:00,380.06000000,380.93000000,379.64000000,379.72000000,346.77000000
1780640100000,2026-06-05T06:15:00+00:00,379.71000000,379.71000000,377.68000000,377.88000000,561.60000000
1780641000000,2026-06-05T06:30:00+00:00,377.81000000,378.25000000,376.32000000,376.42000000,407.44000000
1780641900000,2026-06-05T06:45:00+00:00,376.43000000,377.87000000,375.87000000,377.28000000,85.70000000
1780642800000,2026-06-05T07:00:00+00:00,377.35000000,377.39000000,374.86000000,375.81000000,475.89000000
1780643700000,2026-06-05T07:15:00+00:00,375.60000000,376.30000000,374.41000000,374.89000000,404.28000000
1780644600000,2026-06-05T07:30:00+00:00,374.93000000,378.26000000,374.90000000,376.69000000,267.90000000
1780645500000,2026-06-05T07:45:00+00:00,376.70000000,377.52000000,375.20000000,376.62000000,737.56000000
1780646400000,2026-06-05T08:00:00+00:00,376.59000000,376.59000000,372.51000000,372.90000000,1369.80000000
1780647300000,2026-06-05T08:15:00+00:00,372.86000000,376.78000000,371.95000000,376.78000000,734.68000000
1780648200000,2026-06-05T08:30:00+00:00,376.80000000,377.00000000,374.12000000,374.53000000,529.38000000
1780649100000,2026-06-05T08:45:00+00:00,374.52000000,375.03000000,373.39000000,374.53000000,285.53000000
1780650000000,2026-06-05T09:00:00+00:00,374.53000000,377.05000000,373.12000000,375.70000000,581.46000000
1780650900000,2026-06-05T09:15:00+00:00,375.82000000,376.73000000,373.59000000,373.65000000,582.74000000
1780651800000,2026-06-05T09:30:00+00:00,373.75000000,374.72000000,373.07000000,374.61000000,297.27000000
1780652700000,2026-06-05T09:45:00+00:00,374.65000000,375.00000000,373.82000000,374.87000000,488.90000000
1780653600000,2026-06-05T10:00:00+00:00,374.95000000,375.05000000,374.21000000,374.86000000,243.23000000
1780654500000,2026-06-05T10:15:00+00:00,374.84000000,377.46000000,374.69000000,377.46000000,520.05000000
1780655400000,2026-06-05T10:30:00+00:00,377.37000000,377.80000000,376.13000000,376.70000000,405.93000000
1780656300000,2026-06-05T10:45:00+00:00,376.72000000,376.72000000,375.18000000,375.58000000,348.49000000
1780657200000,2026-06-05T11:00:00+00:00,375.54000000,375.74000000,373.73000000,374.40000000,495.30000000
1780658100000,2026-06-05T11:15:00+00:00,374.25000000,374.25000000,371.51000000,373.53000000,992.60000000
1780659000000,2026-06-05T11:30:00+00:00,373.62000000,373.86000000,371.82000000,373.12000000,558.12000000
1780659900000,2026-06-05T11:45:00+00:00,373.23000000,373.73000000,372.12000000,372.12000000,696.63000000
1780660800000,2026-06-05T12:00:00+00:00,372.12000000,372.24000000,370.46000000,370.76000000,622.13000000
1780661700000,2026-06-05T12:15:00+00:00,370.77000000,372.80000000,370.17000000,370.53000000,834.78000000
1780662600000,2026-06-05T12:30:00+00:00,370.54000000,372.50000000,368.50000000,372.50000000,1595.74000000
1780663500000,2026-06-05T12:45:00+00:00,372.38000000,373.89000000,370.45000000,370.65000000,1000.93000000
1780664400000,2026-06-05T13:00:00+00:00,370.76000000,371.45000000,369.71000000,370.95000000,1421.30000000
1780665300000,2026-06-05T13:15:00+00:00,370.70000000,371.09000000,368.04000000,369.87000000,1323.71000000
1780666200000,2026-06-05T13:30:00+00:00,369.62000000,373.27000000,359.53000000,360.02000000,10067.25000000
1780667100000,2026-06-05T13:45:00+00:00,360.11000000,362.42000000,355.05000000,355.69000000,8782.23000000
1780668000000,2026-06-05T14:00:00+00:00,355.55000000,361.18000000,354.31000000,360.16000000,6064.63000000
1780668900000,2026-06-05T14:15:00+00:00,360.20000000,362.77000000,356.90000000,357.92000000,3496.35000000
1780669800000,2026-06-05T14:30:00+00:00,357.90000000,365.00000000,357.61000000,363.68000000,3141.89000000
1780670700000,2026-06-05T14:45:00+00:00,363.64000000,366.91000000,361.52000000,366.14000000,3443.28000000
1780671600000,2026-06-05T15:00:00+00:00,365.78000000,365.78000000,358.10000000,358.32000000,2958.57000000
1780672500000,2026-06-05T15:15:00+00:00,358.35000000,361.23000000,357.55000000,359.51000000,2067.93000000
1780673400000,2026-06-05T15:30:00+00:00,359.40000000,361.14000000,355.86000000,357.36000000,1799.39000000
1780674300000,2026-06-05T15:45:00+00:00,357.40000000,359.78000000,357.28000000,358.91000000,1637.46000000
1780675200000,2026-06-05T16:00:00+00:00,358.98000000,359.30000000,354.02000000,354.98000000,2729.23000000
1780676100000,2026-06-05T16:15:00+00:00,354.85000000,355.00000000,352.25000000,352.31000000,1636.87000000
1780677000000,2026-06-05T16:30:00+00:00,352.31000000,352.41000000,346.65000000,347.13000000,3308.38000000
1780677900000,2026-06-05T16:45:00+00:00,347.13000000,351.83000000,346.34000000,349.80000000,2678.09000000
1780678800000,2026-06-05T17:00:00+00:00,349.81000000,350.23000000,345.81000000,347.42000000,2136.91000000
1780679700000,2026-06-05T17:15:00+00:00,347.46000000,348.85000000,345.45000000,347.71000000,2149.41000000
1780680600000,2026-06-05T17:30:00+00:00,347.75000000,350.65000000,345.83000000,346.16000000,1131.35000000
1780681500000,2026-06-05T17:45:00+00:00,346.25000000,347.37000000,345.81000000,347.15000000,858.08000000
1780682400000,2026-06-05T18:00:00+00:00,347.20000000,347.80000000,342.14000000,342.57000000,2001.42000000
1780683300000,2026-06-05T18:15:00+00:00,342.65000000,343.07000000,340.87000000,341.45000000,1353.03000000
1780684200000,2026-06-05T18:30:00+00:00,341.59000000,342.59000000,338.17000000,339.81000000,1629.29000000
1780685100000,2026-06-05T18:45:00+00:00,339.72000000,345.46000000,337.46000000,345.22000000,2527.38000000
1780686000000,2026-06-05T19:00:00+00:00,345.15000000,346.70000000,340.74000000,341.43000000,2089.79000000
1780686900000,2026-06-05T19:15:00+00:00,341.45000000,345.52000000,338.69000000,345.52000000,2111.07000000
1780687800000,2026-06-05T19:30:00+00:00,345.55000000,346.84000000,342.60000000,344.73000000,10702.27000000
1780688700000,2026-06-05T19:45:00+00:00,344.54000000,345.73000000,342.56000000,342.89000000,2133.44000000
1780689600000,2026-06-05T20:00:00+00:00,342.99000000,343.38000000,335.92000000,336.53000000,2592.36000000
1780690500000,2026-06-05T20:15:00+00:00,336.55000000,338.15000000,333.89000000,335.59000000,2647.32000000
1780691400000,2026-06-05T20:30:00+00:00,335.46000000,336.08000000,331.95000000,335.64000000,2202.98000000
1780692300000,2026-06-05T20:45:00+00:00,335.58000000,338.58000000,335.24000000,337.83000000,1268.42000000
1780693200000,2026-06-05T21:00:00+00:00,337.72000000,340.26000000,336.72000000,339.76000000,939.39000000
1780694100000,2026-06-05T21:15:00+00:00,339.77000000,342.15000000,339.30000000,340.58000000,771.69000000
1780695000000,2026-06-05T21:30:00+00:00,340.49000000,341.13000000,338.30000000,338.30000000,687.06000000
1780695900000,2026-06-05T21:45:00+00:00,338.59000000,339.44000000,337.61000000,338.47000000,165.33000000
1780696800000,2026-06-05T22:00:00+00:00,338.47000000,339.75000000,337.87000000,338.98000000,492.34000000
1780697700000,2026-06-05T22:15:00+00:00,338.98000000,339.64000000,338.10000000,338.60000000,446.13000000
1780698600000,2026-06-05T22:30:00+00:00,338.50000000,338.65000000,334.67000000,334.67000000,272.33000000
1780699500000,2026-06-05T22:45:00+00:00,334.73000000,336.89000000,334.67000000,336.72000000,313.63000000
1780700400000,2026-06-05T23:00:00+00:00,336.70000000,336.85000000,334.91000000,336.15000000,255.35000000
1780701300000,2026-06-05T23:15:00+00:00,336.10000000,336.24000000,332.60000000,334.12000000,595.87000000
1780702200000,2026-06-05T23:30:00+00:00,334.10000000,334.19000000,332.47000000,333.79000000,664.45000000
1780703100000,2026-06-05T23:45:00+00:00,333.80000000,336.04000000,332.75000000,334.93000000,424.34000000
1780704000000,2026-06-06T00:00:00+00:00,335.00000000,338.88000000,334.77000000,337.94000000,587.04000000
1780704900000,2026-06-06T00:15:00+00:00,337.94000000,339.60000000,337.71000000,339.26000000,272.44000000
1780705800000,2026-06-06T00:30:00+00:00,339.30000000,340.85000000,338.06000000,339.80000000,108.29000000
1780706700000,2026-06-06T00:45:00+00:00,339.80000000,341.15000000,339.21000000,340.61000000,161.53000000
1780707600000,2026-06-06T01:00:00+00:00,340.61000000,341.31000000,339.16000000,339.92000000,258.09000000
1780708500000,2026-06-06T01:15:00+00:00,339.82000000,339.82000000,337.17000000,338.23000000,279.92000000
1780709400000,2026-06-06T01:30:00+00:00,338.11000000,338.11000000,335.26000000,335.41000000,144.23000000
1780710300000,2026-06-06T01:45:00+00:00,335.30000000,335.30000000,330.81000000,331.76000000,906.56000000
1780711200000,2026-06-06T02:00:00+00:00,331.76000000,333.36000000,329.30000000,329.31000000,439.38000000
1780712100000,2026-06-06T02:15:00+00:00,329.30000000,329.65000000,325.95000000,327.22000000,1350.70000000
1780713000000,2026-06-06T02:30:00+00:00,326.96000000,327.29000000,324.33000000,326.20000000,532.65000000
1780713900000,2026-06-06T02:45:00+00:00,326.05000000,326.16000000,322.40000000,324.99000000,710.26000000
1780714800000,2026-06-06T03:00:00+00:00,324.95000000,326.70000000,323.23000000,325.91000000,603.21000000
1780715700000,2026-06-06T03:15:00+00:00,326.03000000,327.03000000,325.71000000,327.02000000,560.01000000
1780716600000,2026-06-06T03:30:00+00:00,327.05000000,328.73000000,326.64000000,328.64000000,309.50000000
1780717500000,2026-06-06T03:45:00+00:00,328.47000000,330.03000000,328.47000000,329.20000000,436.18000000
1780718400000,2026-06-06T04:00:00+00:00,329.27000000,329.84000000,327.56000000,329.00000000,339.19000000
1780719300000,2026-06-06T04:15:00+00:00,328.99000000,329.24000000,328.01000000,328.42000000,956.28000000
1780720200000,2026-06-06T04:30:00+00:00,328.41000000,328.42000000,325.61000000,326.38000000,420.04000000
1780721100000,2026-06-06T04:45:00+00:00,326.38000000,327.20000000,325.14000000,326.40000000,235.29000000
1780722000000,2026-06-06T05:00:00+00:00,326.21000000,327.61000000,325.19000000,326.89000000,324.39000000
1780722900000,2026-06-06T05:15:00+00:00,326.86000000,330.66000000,326.50000000,329.17000000,644.62000000
1780723800000,2026-06-06T05:30:00+00:00,329.05000000,331.10000000,328.71000000,330.77000000,389.34000000
1780724700000,2026-06-06T05:45:00+00:00,330.77000000,332.74000000,330.48000000,331.53000000,756.23000000
1780725600000,2026-06-06T06:00:00+00:00,331.37000000,332.53000000,331.25000000,331.76000000,226.79000000
1780726500000,2026-06-06T06:15:00+00:00,331.70000000,333.13000000,331.43000000,333.02000000,260.41000000
1780727400000,2026-06-06T06:30:00+00:00,332.97000000,334.09000000,331.99000000,332.13000000,388.50000000
1780728300000,2026-06-06T06:45:00+00:00,332.13000000,332.29000000,331.30000000,331.64000000,231.42000000
1780729200000,2026-06-06T07:00:00+00:00,331.50000000,331.98000000,330.65000000,331.40000000,472.61000000
1780730100000,2026-06-06T07:15:00+00:00,331.41000000,331.89000000,330.73000000,330.77000000,157.67000000
1780731000000,2026-06-06T07:30:00+00:00,330.77000000,332.02000000,327.10000000,329.21000000,328.21000000
1780731900000,2026-06-06T07:45:00+00:00,329.05000000,329.56000000,328.62000000,328.86000000,134.04000000
1780732800000,2026-06-06T08:00:00+00:00,328.73000000,329.05000000,327.97000000,328.57000000,335.80000000
1780733700000,2026-06-06T08:15:00+00:00,328.70000000,331.23000000,328.52000000,331.23000000,133.58000000
1780734600000,2026-06-06T08:30:00+00:00,331.23000000,331.31000000,329.54000000,329.70000000,109.93000000
1780735500000,2026-06-06T08:45:00+00:00,329.60000000,332.12000000,329.20000000,331.55000000,142.54000000
1780736400000,2026-06-06T09:00:00+00:00,331.58000000,332.95000000,331.26000000,332.36000000,173.12000000
1780737300000,2026-06-06T09:15:00+00:00,332.35000000,334.10000000,332.13000000,333.93000000,178.13000000
1780738200000,2026-06-06T09:30:00+00:00,334.10000000,334.19000000,332.30000000,332.55000000,84.74000000
1780739100000,2026-06-06T09:45:00+00:00,332.42000000,332.44000000,331.31000000,331.62000000,163.83000000
1780740000000,2026-06-06T10:00:00+00:00,331.58000000,331.65000000,329.06000000,329.06000000,314.07000000
1780740900000,2026-06-06T10:15:00+00:00,329.16000000,332.13000000,329.16000000,331.80000000,765.45000000
1780741800000,2026-06-06T10:30:00+00:00,331.60000000,331.74000000,330.76000000,331.49000000,149.43000000
1780742700000,2026-06-06T10:45:00+00:00,331.59000000,332.56000000,331.32000000,332.28000000,75.42000000
1780743600000,2026-06-06T11:00:00+00:00,332.36000000,334.39000000,332.06000000,334.39000000,198.25000000
1780744500000,2026-06-06T11:15:00+00:00,334.39000000,334.49000000,333.42000000,334.24000000,165.77000000
1780745400000,2026-06-06T11:30:00+00:00,334.21000000,334.62000000,333.62000000,333.63000000,120.55000000
1780746300000,2026-06-06T11:45:00+00:00,333.67000000,334.52000000,333.42000000,333.83000000,33.10000000
1780747200000,2026-06-06T12:00:00+00:00,333.82000000,337.42000000,333.65000000,337.22000000,239.68000000
1780748100000,2026-06-06T12:15:00+00:00,337.21000000,337.72000000,336.41000000,336.69000000,263.26000000
1780749000000,2026-06-06T12:30:00+00:00,336.61000000,337.64000000,336.41000000,337.22000000,82.16000000
1780749900000,2026-06-06T12:45:00+00:00,337.40000000,338.38000000,337.35000000,337.85000000,59.44000000
1780750800000,2026-06-06T13:00:00+00:00,337.80000000,338.90000000,337.36000000,338.90000000,61.93000000
1780751700000,2026-06-06T13:15:00+00:00,338.93000000,339.09000000,338.01000000,338.18000000,82.25000000
1780752600000,2026-06-06T13:30:00+00:00,338.03000000,338.54000000,337.60000000,338.01000000,105.98000000
1780753500000,2026-06-06T13:45:00+00:00,337.93000000,337.96000000,337.00000000,337.09000000,210.34000000
1780754400000,2026-06-06T14:00:00+00:00,337.09000000,337.70000000,337.03000000,337.36000000,40.05000000
1780755300000,2026-06-06T14:15:00+00:00,337.26000000,337.89000000,336.99000000,337.12000000,158.54000000
1780756200000,2026-06-06T14:30:00+00:00,337.11000000,337.30000000,336.53000000,337.30000000,111.99000000
1780757100000,2026-06-06T14:45:00+00:00,337.35000000,337.67000000,336.60000000,336.65000000,27.80000000
1780758000000,2026-06-06T15:00:00+00:00,336.58000000,337.29000000,336.10000000,336.24000000,83.99000000
1780758900000,2026-06-06T15:15:00+00:00,336.25000000,336.70000000,335.47000000,335.53000000,83.36000000
1780759800000,2026-06-06T15:30:00+00:00,335.54000000,336.30000000,335.37000000,335.97000000,72.79000000
1780760700000,2026-06-06T15:45:00+00:00,335.97000000,336.36000000,335.68000000,336.20000000,29.11000000
1780761600000,2026-06-06T16:00:00+00:00,336.19000000,336.49000000,335.55000000,336.48000000,61.96000000
1780762500000,2026-06-06T16:15:00+00:00,336.50000000,337.22000000,336.25000000,336.49000000,59.75000000
1780763400000,2026-06-06T16:30:00+00:00,336.35000000,336.85000000,336.00000000,336.85000000,25.79000000
1780764300000,2026-06-06T16:45:00+00:00,336.90000000,337.50000000,336.81000000,337.10000000,22.76000000
1780765200000,2026-06-06T17:00:00+00:00,337.11000000,337.37000000,336.11000000,336.18000000,37.58000000
1780766100000,2026-06-06T17:15:00+00:00,336.13000000,336.45000000,335.34000000,335.48000000,55.47000000
1780767000000,2026-06-06T17:30:00+00:00,335.45000000,335.45000000,334.00000000,334.18000000,104.10000000
1780767900000,2026-06-06T17:45:00+00:00,334.15000000,334.28000000,333.60000000,333.74000000,83.62000000
1780768800000,2026-06-06T18:00:00+00:00,333.92000000,334.21000000,333.57000000,333.97000000,24.58000000
1780769700000,2026-06-06T18:15:00+00:00,334.05000000,334.62000000,333.50000000,334.59000000,34.49000000
1780770600000,2026-06-06T18:30:00+00:00,334.63000000,334.79000000,334.03000000,334.79000000,25.40000000
1780771500000,2026-06-06T18:45:00+00:00,334.79000000,335.27000000,334.74000000,335.18000000,48.60000000
1780772400000,2026-06-06T19:00:00+00:00,335.15000000,336.45000000,335.06000000,336.29000000,129.20000000
1780773300000,2026-06-06T19:15:00+00:00,336.24000000,336.24000000,335.70000000,335.95000000,15.09000000
1780774200000,2026-06-06T19:30:00+00:00,335.94000000,336.26000000,335.80000000,336.21000000,33.41000000
1780775100000,2026-06-06T19:45:00+00:00,336.21000000,336.90000000,335.91000000,336.75000000,58.32000000
1780776000000,2026-06-06T20:00:00+00:00,336.72000000,336.94000000,335.85000000,336.25000000,63.91000000
1780776900000,2026-06-06T20:15:00+00:00,336.25000000,337.06000000,335.84000000,336.86000000,61.27000000
1780777800000,2026-06-06T20:30:00+00:00,336.94000000,337.91000000,336.65000000,337.75000000,131.70000000
1780778700000,2026-06-06T20:45:00+00:00,337.69000000,338.05000000,336.75000000,337.46000000,93.89000000
1780779600000,2026-06-06T21:00:00+00:00,337.36000000,338.06000000,337.19000000,337.95000000,67.23000000
1780780500000,2026-06-06T21:15:00+00:00,338.00000000,338.45000000,337.68000000,338.35000000,74.25000000
1780781400000,2026-06-06T21:30:00+00:00,338.34000000,338.42000000,337.58000000,338.42000000,51.49000000
1780782300000,2026-06-06T21:45:00+00:00,338.42000000,338.42000000,337.00000000,337.55000000,32.52000000
1780783200000,2026-06-06T22:00:00+00:00,337.40000000,337.60000000,336.29000000,336.42000000,86.42000000
1780784100000,2026-06-06T22:15:00+00:00,336.42000000,336.99000000,336.00000000,336.25000000,30.19000000
1780785000000,2026-06-06T22:30:00+00:00,336.25000000,337.03000000,335.82000000,336.21000000,64.69000000
1780785900000,2026-06-06T22:45:00+00:00,336.25000000,337.07000000,336.12000000,336.92000000,42.14000000
1780786800000,2026-06-06T23:00:00+00:00,336.91000000,337.99000000,336.91000000,337.98000000,41.81000000
1780787700000,2026-06-06T23:15:00+00:00,337.96000000,338.45000000,337.69000000,338.15000000,49.96000000
1780788600000,2026-06-06T23:30:00+00:00,338.15000000,339.92000000,338.05000000,339.70000000,192.44000000
1780789500000,2026-06-06T23:45:00+00:00,339.67000000,339.89000000,338.89000000,338.89000000,52.62000000
1780790400000,2026-06-07T00:00:00+00:00,338.86000000,339.87000000,338.56000000,339.76000000,41.04000000
1780791300000,2026-06-07T00:15:00+00:00,339.76000000,341.63000000,339.76000000,340.40000000,229.66000000
1780792200000,2026-06-07T00:30:00+00:00,340.36000000,341.76000000,339.98000000,340.45000000,166.64000000
1780793100000,2026-06-07T00:45:00+00:00,340.31000000,340.79000000,339.39000000,339.58000000,72.71000000
1780794000000,2026-06-07T01:00:00+00:00,339.60000000,341.30000000,339.40000000,340.90000000,85.40000000
1780794900000,2026-06-07T01:15:00+00:00,340.78000000,342.61000000,340.20000000,342.53000000,124.71000000
1780795800000,2026-06-07T01:30:00+00:00,342.54000000,343.15000000,341.21000000,342.90000000,147.49000000
1780796700000,2026-06-07T01:45:00+00:00,343.14000000,344.58000000,342.93000000,343.90000000,271.66000000
1780797600000,2026-06-07T02:00:00+00:00,343.85000000,343.85000000,343.16000000,343.60000000,20.33000000
1780798500000,2026-06-07T02:15:00+00:00,343.44000000,344.50000000,342.60000000,342.87000000,107.72000000
1780799400000,2026-06-07T02:30:00+00:00,342.95000000,343.46000000,341.86000000,342.26000000,159.84000000
1780800300000,2026-06-07T02:45:00+00:00,342.37000000,342.99000000,341.75000000,341.77000000,73.72000000
1780801200000,2026-06-07T03:00:00+00:00,341.89000000,342.69000000,341.35000000,341.80000000,73.98000000
1780802100000,2026-06-07T03:15:00+00:00,342.00000000,343.35000000,341.57000000,342.15000000,90.68000000
1780803000000,2026-06-07T03:30:00+00:00,342.10000000,342.55000000,341.55000000,342.25000000,46.69000000
1780803900000,2026-06-07T03:45:00+00:00,342.33000000,342.40000000,341.77000000,342.32000000,24.28000000
1780804800000,2026-06-07T04:00:00+00:00,342.27000000,343.72000000,342.27000000,343.68000000,61.22000000
1780805700000,2026-06-07T04:15:00+00:00,343.54000000,344.34000000,343.38000000,343.89000000,71.06000000
1780806600000,2026-06-07T04:30:00+00:00,343.85000000,345.46000000,343.85000000,344.75000000,52.26000000
1780807500000,2026-06-07T04:45:00+00:00,344.70000000,344.93000000,343.96000000,344.80000000,47.74000000
1780808400000,2026-06-07T05:00:00+00:00,344.80000000,346.05000000,344.58000000,345.75000000,87.89000000
1780809300000,2026-06-07T05:15:00+00:00,345.83000000,348.57000000,345.76000000,347.15000000,422.21000000
1780810200000,2026-06-07T05:30:00+00:00,347.15000000,347.29000000,345.40000000,345.60000000,125.59000000
1780811100000,2026-06-07T05:45:00+00:00,345.63000000,346.78000000,345.63000000,345.75000000,75.35000000
1780812000000,2026-06-07T06:00:00+00:00,345.80000000,345.94000000,345.07000000,345.83000000,87.82000000
1780812900000,2026-06-07T06:15:00+00:00,345.77000000,347.36000000,345.69000000,347.25000000,28.83000000
1780813800000,2026-06-07T06:30:00+00:00,347.30000000,349.88000000,347.08000000,348.28000000,969.61000000
1780814700000,2026-06-07T06:45:00+00:00,348.21000000,348.70000000,345.60000000,346.91000000,1135.74000000
1780815600000,2026-06-07T07:00:00+00:00,346.90000000,348.71000000,346.25000000,347.00000000,374.00000000
1780816500000,2026-06-07T07:15:00+00:00,346.95000000,347.49000000,346.65000000,347.46000000,27.42000000
1780817400000,2026-06-07T07:30:00+00:00,347.36000000,348.15000000,347.05000000,347.16000000,96.14000000
1780818300000,2026-06-07T07:45:00+00:00,347.00000000,347.18000000,346.80000000,346.96000000,8.52000000
1780819200000,2026-06-07T08:00:00+00:00,346.96000000,347.14000000,346.73000000,346.90000000,18.61000000
1780820100000,2026-06-07T08:15:00+00:00,346.86000000,347.11000000,346.50000000,346.90000000,32.68000000
1780821000000,2026-06-07T08:30:00+00:00,346.99000000,347.03000000,345.80000000,346.72000000,138.11000000
1780821900000,2026-06-07T08:45:00+00:00,346.75000000,348.19000000,346.75000000,348.11000000,197.74000000
1780822800000,2026-06-07T09:00:00+00:00,348.09000000,348.28000000,347.15000000,347.40000000,224.16000000
1780823700000,2026-06-07T09:15:00+00:00,347.40000000,348.45000000,347.29000000,348.01000000,782.17000000
1780824600000,2026-06-07T09:30:00+00:00,347.97000000,348.10000000,345.78000000,346.09000000,200.68000000
1780825500000,2026-06-07T09:45:00+00:00,346.07000000,346.30000000,344.80000000,344.83000000,100.19000000
1780826400000,2026-06-07T10:00:00+00:00,344.83000000,344.86000000,341.71000000,341.71000000,229.78000000
1780827300000,2026-06-07T10:15:00+00:00,341.73000000,342.64000000,341.70000000,342.09000000,124.79000000
1780828200000,2026-06-07T10:30:00+00:00,342.16000000,342.85000000,341.70000000,342.25000000,136.70000000
1780829100000,2026-06-07T10:45:00+00:00,342.25000000,342.49000000,341.41000000,341.55000000,82.70000000
1780830000000,2026-06-07T11:00:00+00:00,341.53000000,345.03000000,341.49000000,343.60000000,516.91000000
1780830900000,2026-06-07T11:15:00+00:00,343.59000000,343.92000000,342.85000000,343.19000000,47.73000000
1780831800000,2026-06-07T11:30:00+00:00,343.20000000,344.45000000,343.03000000,344.30000000,155.42000000
1780832700000,2026-06-07T11:45:00+00:00,344.30000000,344.89000000,343.74000000,344.89000000,168.92000000
1780833600000,2026-06-07T12:00:00+00:00,344.89000000,346.83000000,344.89000000,346.40000000,276.14000000
1780834500000,2026-06-07T12:15:00+00:00,346.47000000,348.16000000,345.25000000,346.15000000,264.76000000
1780835400000,2026-06-07T12:30:00+00:00,346.12000000,347.59000000,345.62000000,346.89000000,177.14000000
1780836300000,2026-06-07T12:45:00+00:00,346.90000000,348.33000000,346.68000000,347.68000000,159.97000000
1780837200000,2026-06-07T13:00:00+00:00,347.69000000,349.55000000,346.76000000,348.72000000,563.80000000
1780838100000,2026-06-07T13:15:00+00:00,348.75000000,349.41000000,348.24000000,349.05000000,115.65000000
1780839000000,2026-06-07T13:30:00+00:00,349.15000000,349.75000000,349.13000000,349.45000000,94.66000000
1780839900000,2026-06-07T13:45:00+00:00,349.41000000,349.88000000,349.41000000,349.79000000,70.69000000
1780840800000,2026-06-07T14:00:00+00:00,349.85000000,351.65000000,349.67000000,351.65000000,221.19000000
1780841700000,2026-06-07T14:15:00+00:00,351.53000000,352.70000000,350.20000000,351.28000000,242.13000000
1780842600000,2026-06-07T14:30:00+00:00,351.30000000,352.32000000,350.80000000,351.98000000,174.94000000
1780843500000,2026-06-07T14:45:00+00:00,352.00000000,352.20000000,349.18000000,349.63000000,361.46000000
1780844400000,2026-06-07T15:00:00+00:00,349.82000000,351.35000000,349.73000000,350.86000000,32.59000000
1780845300000,2026-06-07T15:15:00+00:00,350.85000000,351.35000000,348.94000000,349.16000000,140.58000000
1780846200000,2026-06-07T15:30:00+00:00,349.20000000,351.20000000,349.20000000,350.68000000,120.33000000
1780847100000,2026-06-07T15:45:00+00:00,350.75000000,350.90000000,349.16000000,349.83000000,136.27000000
1780848000000,2026-06-07T16:00:00+00:00,350.02000000,350.40000000,348.86000000,349.65000000,167.62000000
1780848900000,2026-06-07T16:15:00+00:00,349.80000000,350.05000000,349.46000000,349.75000000,145.87000000
1780849800000,2026-06-07T16:30:00+00:00,349.70000000,351.81000000,349.65000000,351.81000000,174.39000000
1780850700000,2026-06-07T16:45:00+00:00,351.84000000,352.27000000,350.16000000,351.14000000,118.10000000
1780851600000,2026-06-07T17:00:00+00:00,351.09000000,351.80000000,350.82000000,351.64000000,44.29000000
1780852500000,2026-06-07T17:15:00+00:00,351.74000000,352.23000000,350.94000000,351.71000000,49.42000000
1780853400000,2026-06-07T17:30:00+00:00,351.71000000,352.61000000,351.44000000,351.90000000,93.25000000
1780854300000,2026-06-07T17:45:00+00:00,351.85000000,351.90000000,350.00000000,350.84000000,65.03000000
1780855200000,2026-06-07T18:00:00+00:00,350.80000000,351.20000000,350.00000000,350.57000000,62.59000000
1780856100000,2026-06-07T18:15:00+00:00,350.46000000,350.68000000,349.63000000,350.27000000,40.66000000
1780857000000,2026-06-07T18:30:00+00:00,350.30000000,350.49000000,349.55000000,349.90000000,63.78000000
1780857900000,2026-06-07T18:45:00+00:00,349.91000000,350.50000000,349.38000000,349.43000000,59.13000000
1780858800000,2026-06-07T19:00:00+00:00,349.35000000,349.35000000,345.48000000,345.86000000,314.52000000
1780859700000,2026-06-07T19:15:00+00:00,345.80000000,345.80000000,343.74000000,344.53000000,149.02000000
1780860600000,2026-06-07T19:30:00+00:00,344.53000000,344.90000000,341.00000000,341.36000000,164.23000000
1780861500000,2026-06-07T19:45:00+00:00,341.35000000,343.30000000,340.64000000,341.57000000,218.34000000
1780862400000,2026-06-07T20:00:00+00:00,341.52000000,342.75000000,340.75000000,342.18000000,150.92000000
1780863300000,2026-06-07T20:15:00+00:00,342.19000000,342.60000000,340.73000000,341.50000000,118.60000000
1780864200000,2026-06-07T20:30:00+00:00,341.55000000,342.84000000,341.35000000,342.42000000,121.25000000
1780865100000,2026-06-07T20:45:00+00:00,342.25000000,343.26000000,341.91000000,342.70000000,89.16000000
1780866000000,2026-06-07T21:00:00+00:00,342.88000000,344.27000000,342.67000000,344.14000000,76.91000000
1780866900000,2026-06-07T21:15:00+00:00,344.17000000,344.80000000,343.53000000,344.51000000,123.19000000
1780867800000,2026-06-07T21:30:00+00:00,344.51000000,345.26000000,343.77000000,344.55000000,65.52000000
1780868700000,2026-06-07T21:45:00+00:00,344.58000000,344.58000000,342.07000000,342.19000000,45.94000000
1780869600000,2026-06-07T22:00:00+00:00,342.20000000,347.30000000,341.32000000,346.80000000,517.00000000
1780870500000,2026-06-07T22:15:00+00:00,346.77000000,348.13000000,346.22000000,346.99000000,421.49000000
1780871400000,2026-06-07T22:30:00+00:00,347.00000000,347.86000000,345.57000000,345.87000000,546.57000000
1780872300000,2026-06-07T22:45:00+00:00,345.85000000,346.30000000,342.95000000,343.04000000,440.24000000
1780873200000,2026-06-07T23:00:00+00:00,343.04000000,344.85000000,342.91000000,344.74000000,218.34000000
1780874100000,2026-06-07T23:15:00+00:00,344.76000000,345.15000000,343.66000000,344.99000000,133.92000000
1780875000000,2026-06-07T23:30:00+00:00,344.88000000,345.19000000,344.20000000,345.09000000,79.55000000
1780875900000,2026-06-07T23:45:00+00:00,345.08000000,346.00000000,344.65000000,345.32000000,204.79000000
1780876800000,2026-06-08T00:00:00+00:00,345.42000000,355.60000000,342.59000000,354.90000000,2384.87000000
1780877700000,2026-06-08T00:15:00+00:00,354.92000000,355.82000000,350.49000000,351.89000000,2122.41000000
1780878600000,2026-06-08T00:30:00+00:00,351.80000000,354.36000000,349.82000000,352.02000000,6981.16000000
1780879500000,2026-06-08T00:45:00+00:00,351.98000000,352.87000000,346.09000000,348.93000000,1274.28000000
1780880400000,2026-06-08T01:00:00+00:00,348.90000000,349.15000000,343.10000000,344.28000000,855.26000000
1780881300000,2026-06-08T01:15:00+00:00,344.30000000,344.34000000,334.66000000,336.69000000,2135.64000000
1780882200000,2026-06-08T01:30:00+00:00,336.51000000,342.72000000,334.94000000,341.55000000,1350.09000000
1780883100000,2026-06-08T01:45:00+00:00,341.39000000,343.77000000,340.40000000,343.77000000,597.07000000
1780884000000,2026-06-08T02:00:00+00:00,343.54000000,344.38000000,340.33000000,341.96000000,783.58000000
1780884900000,2026-06-08T02:15:00+00:00,341.82000000,343.90000000,340.58000000,343.89000000,399.36000000
1780885800000,2026-06-08T02:30:00+00:00,343.90000000,347.40000000,341.80000000,347.40000000,614.94000000
1780886700000,2026-06-08T02:45:00+00:00,347.27000000,347.75000000,344.90000000,345.39000000,685.96000000
1780887600000,2026-06-08T03:00:00+00:00,345.22000000,346.37000000,342.61000000,342.90000000,568.64000000
1780888500000,2026-06-08T03:15:00+00:00,342.94000000,343.59000000,340.60000000,341.50000000,396.33000000
1780889400000,2026-06-08T03:30:00+00:00,341.55000000,342.28000000,338.75000000,339.50000000,644.42000000
1780890300000,2026-06-08T03:45:00+00:00,339.45000000,340.95000000,339.05000000,340.09000000,195.23000000
1780891200000,2026-06-08T04:00:00+00:00,340.13000000,341.72000000,337.33000000,337.63000000,368.84000000
1780892100000,2026-06-08T04:15:00+00:00,337.65000000,339.28000000,336.94000000,338.92000000,186.19000000
1780893000000,2026-06-08T04:30:00+00:00,338.85000000,339.24000000,335.83000000,335.92000000,147.30000000
1780893900000,2026-06-08T04:45:00+00:00,335.83000000,337.95000000,335.40000000,336.65000000,205.01000000
1780894800000,2026-06-08T05:00:00+00:00,336.66000000,337.78000000,332.43000000,332.71000000,313.15000000
1780895700000,2026-06-08T05:15:00+00:00,332.50000000,334.91000000,332.27000000,334.53000000,475.07000000
1780896600000,2026-06-08T05:30:00+00:00,334.42000000,334.52000000,327.89000000,328.16000000,1135.66000000
1780897500000,2026-06-08T05:45:00+00:00,328.11000000,331.98000000,327.43000000,330.72000000,937.59000000
1780898400000,2026-06-08T06:00:00+00:00,330.44000000,333.89000000,330.22000000,332.46000000,527.76000000
1780899300000,2026-06-08T06:15:00+00:00,332.33000000,335.96000000,331.14000000,335.94000000,629.94000000
1780900200000,2026-06-08T06:30:00+00:00,335.81000000,335.81000000,333.61000000,335.00000000,276.57000000
1780901100000,2026-06-08T06:45:00+00:00,335.10000000,336.18000000,334.01000000,335.93000000,143.08000000
1780902000000,2026-06-08T07:00:00+00:00,336.15000000,337.20000000,335.54000000,336.65000000,266.77000000
1780902900000,2026-06-08T07:15:00+00:00,336.57000000,340.10000000,335.80000000,338.55000000,489.93000000
1780903800000,2026-06-08T07:30:00+00:00,338.55000000,340.05000000,338.10000000,338.99000000,245.25000000
1780904700000,2026-06-08T07:45:00+00:00,338.91000000,341.75000000,338.80000000,340.66000000,389.84000000
1780905600000,2026-06-08T08:00:00+00:00,340.65000000,345.07000000,338.80000000,344.00000000,1837.76000000
1780906500000,2026-06-08T08:15:00+00:00,343.90000000,347.87000000,343.50000000,345.16000000,1946.81000000
1780907400000,2026-06-08T08:30:00+00:00,345.16000000,348.59000000,342.01000000,342.60000000,1799.05000000
1780908300000,2026-06-08T08:45:00+00:00,342.65000000,342.97000000,339.95000000,342.68000000,743.50000000
1780909200000,2026-06-08T09:00:00+00:00,342.52000000,343.11000000,340.00000000,341.73000000,1182.22000000
1780910100000,2026-06-08T09:15:00+00:00,341.81000000,344.12000000,341.25000000,342.05000000,633.73000000
1780911000000,2026-06-08T09:30:00+00:00,341.84000000,343.29000000,340.60000000,342.46000000,1014.44000000
1780911900000,2026-06-08T09:45:00+00:00,342.48000000,343.02000000,341.90000000,342.71000000,318.35000000
1780912800000,2026-06-08T10:00:00+00:00,342.81000000,342.89000000,339.69000000,341.45000000,577.90000000
1780913700000,2026-06-08T10:15:00+00:00,341.49000000,341.49000000,339.85000000,340.59000000,363.50000000
1780914600000,2026-06-08T10:30:00+00:00,340.67000000,342.97000000,340.24000000,341.65000000,828.73000000
1780915500000,2026-06-08T10:45:00+00:00,341.69000000,342.30000000,340.70000000,341.76000000,343.39000000
1780916400000,2026-06-08T11:00:00+00:00,341.70000000,345.98000000,340.43000000,345.95000000,932.37000000
1780917300000,2026-06-08T11:15:00+00:00,345.90000000,349.10000000,345.90000000,349.01000000,1255.84000000
1780918200000,2026-06-08T11:30:00+00:00,349.01000000,350.45000000,348.55000000,349.34000000,1317.13000000
1780919100000,2026-06-08T11:45:00+00:00,349.26000000,350.70000000,347.64000000,348.57000000,551.07000000
1780920000000,2026-06-08T12:00:00+00:00,348.55000000,354.08000000,348.10000000,353.34000000,1481.62000000
1780920900000,2026-06-08T12:15:00+00:00,353.34000000,355.65000000,352.50000000,354.02000000,1185.77000000
1780921800000,2026-06-08T12:30:00+00:00,354.17000000,357.44000000,353.64000000,356.45000000,1470.09000000
1780922700000,2026-06-08T12:45:00+00:00,356.49000000,356.75000000,353.20000000,354.62000000,828.81000000
1780923600000,2026-06-08T13:00:00+00:00,354.62000000,357.60000000,354.43000000,356.35000000,878.94000000
1780924500000,2026-06-08T13:15:00+00:00,356.42000000,356.62000000,350.64000000,354.10000000,1806.93000000
1780925400000,2026-06-08T13:30:00+00:00,353.96000000,356.50000000,339.24000000,349.54000000,12687.69000000
1780926300000,2026-06-08T13:45:00+00:00,349.41000000,351.90000000,345.59000000,345.59000000,3253.59000000
1780927200000,2026-06-08T14:00:00+00:00,345.82000000,351.45000000,345.71000000,349.36000000,1989.34000000
1780928100000,2026-06-08T14:15:00+00:00,349.41000000,351.45000000,346.82000000,351.45000000,1178.15000000
1780929000000,2026-06-08T14:30:00+00:00,351.47000000,354.64000000,351.20000000,352.17000000,1235.76000000
1780929900000,2026-06-08T14:45:00+00:00,352.28000000,356.19000000,352.28000000,354.95000000,681.39000000
1780930800000,2026-06-08T15:00:00+00:00,354.94000000,361.40000000,354.81000000,361.01000000,1262.62000000
1780931700000,2026-06-08T15:15:00+00:00,361.15000000,364.69000000,359.52000000,359.76000000,2011.16000000
1780932600000,2026-06-08T15:30:00+00:00,360.05000000,361.16000000,357.70000000,361.16000000,1812.07000000
1780933500000,2026-06-08T15:45:00+00:00,361.15000000,361.39000000,357.19000000,357.79000000,604.93000000
1780934400000,2026-06-08T16:00:00+00:00,357.90000000,359.00000000,354.75000000,355.01000000,870.26000000
1780935300000,2026-06-08T16:15:00+00:00,355.02000000,355.21000000,351.36000000,351.55000000,491.90000000
1780936200000,2026-06-08T16:30:00+00:00,351.42000000,352.25000000,350.55000000,351.83000000,1162.80000000
1780937100000,2026-06-08T16:45:00+00:00,351.95000000,353.78000000,351.30000000,351.50000000,396.97000000
1780938000000,2026-06-08T17:00:00+00:00,351.54000000,351.59000000,347.75000000,348.24000000,933.84000000
1780938900000,2026-06-08T17:15:00+00:00,348.25000000,351.70000000,346.35000000,351.47000000,671.14000000
1780939800000,2026-06-08T17:30:00+00:00,351.38000000,351.86000000,350.02000000,350.28000000,456.97000000
1780940700000,2026-06-08T17:45:00+00:00,350.34000000,352.18000000,350.15000000,351.30000000,217.03000000
1780941600000,2026-06-08T18:00:00+00:00,351.31000000,352.65000000,350.66000000,350.66000000,166.51000000
1780942500000,2026-06-08T18:15:00+00:00,350.88000000,351.54000000,350.14000000,351.03000000,151.05000000
1780943400000,2026-06-08T18:30:00+00:00,351.00000000,351.77000000,349.19000000,349.21000000,135.13000000
1780944300000,2026-06-08T18:45:00+00:00,349.35000000,350.39000000,348.96000000,349.76000000,157.26000000
1780945200000,2026-06-08T19:00:00+00:00,349.71000000,350.17000000,346.26000000,346.60000000,281.06000000
1780946100000,2026-06-08T19:15:00+00:00,346.63000000,348.59000000,346.14000000,348.55000000,316.21000000
1780947000000,2026-06-08T19:30:00+00:00,348.60000000,350.60000000,347.10000000,347.30000000,363.35000000
1780947900000,2026-06-08T19:45:00+00:00,347.22000000,347.68000000,345.76000000,346.59000000,301.80000000
1780948800000,2026-06-08T20:00:00+00:00,346.61000000,347.31000000,344.95000000,346.04000000,495.86000000
1780949700000,2026-06-08T20:15:00+00:00,346.05000000,346.39000000,344.61000000,346.22000000,569.15000000
1780950600000,2026-06-08T20:30:00+00:00,346.17000000,346.30000000,344.73000000,345.05000000,244.04000000
1780951500000,2026-06-08T20:45:00+00:00,344.96000000,350.72000000,344.60000000,350.15000000,1263.15000000
1780952400000,2026-06-08T21:00:00+00:00,350.12000000,353.12000000,349.80000000,352.80000000,366.59000000
1780953300000,2026-06-08T21:15:00+00:00,352.78000000,352.81000000,349.55000000,350.88000000,703.57000000
1780954200000,2026-06-08T21:30:00+00:00,350.88000000,351.34000000,350.05000000,350.53000000,274.13000000
1780955100000,2026-06-08T21:45:00+00:00,350.45000000,350.52000000,349.22000000,349.69000000,74.05000000
1780956000000,2026-06-08T22:00:00+00:00,349.52000000,349.95000000,347.50000000,347.89000000,277.70000000
1780956900000,2026-06-08T22:15:00+00:00,347.89000000,347.90000000,345.44000000,345.56000000,239.15000000
1780957800000,2026-06-08T22:30:00+00:00,345.56000000,347.75000000,345.56000000,347.40000000,135.70000000
1780958700000,2026-06-08T22:45:00+00:00,347.46000000,348.81000000,346.74000000,348.79000000,367.82000000
1780959600000,2026-06-08T23:00:00+00:00,348.65000000,348.97000000,347.42000000,348.60000000,231.47000000
1780960500000,2026-06-08T23:15:00+00:00,348.58000000,348.73000000,347.92000000,347.95000000,188.35000000
1780961400000,2026-06-08T23:30:00+00:00,348.00000000,349.36000000,347.30000000,348.20000000,194.61000000
1780962300000,2026-06-08T23:45:00+00:00,348.16000000,348.88000000,347.53000000,348.26000000,447.36000000
1780963200000,2026-06-09T00:00:00+00:00,348.26000000,349.20000000,345.89000000,346.43000000,268.98000000
1780964100000,2026-06-09T00:15:00+00:00,346.19000000,347.41000000,345.42000000,345.67000000,145.38000000
1780965000000,2026-06-09T00:30:00+00:00,345.76000000,346.08000000,342.57000000,343.55000000,278.18000000
1780965900000,2026-06-09T00:45:00+00:00,343.70000000,343.82000000,342.30000000,342.64000000,173.63000000
1780966800000,2026-06-09T01:00:00+00:00,342.61000000,344.66000000,342.60000000,344.15000000,139.06000000
1780967700000,2026-06-09T01:15:00+00:00,344.10000000,346.47000000,343.78000000,345.70000000,364.26000000
1780968600000,2026-06-09T01:30:00+00:00,345.94000000,346.52000000,345.09000000,345.50000000,127.33000000
1780969500000,2026-06-09T01:45:00+00:00,345.61000000,346.72000000,344.56000000,344.56000000,607.45000000
1780970400000,2026-06-09T02:00:00+00:00,344.79000000,345.95000000,344.79000000,345.60000000,339.15000000
1780971300000,2026-06-09T02:15:00+00:00,345.60000000,345.67000000,344.69000000,345.18000000,52.91000000
1780972200000,2026-06-09T02:30:00+00:00,345.19000000,346.75000000,345.10000000,346.75000000,206.37000000
1780973100000,2026-06-09T02:45:00+00:00,346.61000000,347.25000000,345.96000000,346.76000000,205.32000000
1780974000000,2026-06-09T03:00:00+00:00,346.55000000,346.85000000,345.88000000,346.33000000,41.72000000
1780974900000,2026-06-09T03:15:00+00:00,346.10000000,347.14000000,345.90000000,346.71000000,63.90000000
1780975800000,2026-06-09T03:30:00+00:00,346.99000000,350.03000000,346.99000000,350.02000000,305.93000000
1780976700000,2026-06-09T03:45:00+00:00,349.87000000,351.19000000,349.25000000,351.19000000,179.56000000
1780977600000,2026-06-09T04:00:00+00:00,351.09000000,353.61000000,351.09000000,353.61000000,141.18000000
1780978500000,2026-06-09T04:15:00+00:00,353.64000000,357.08000000,353.36000000,355.88000000,1166.43000000
1780979400000,2026-06-09T04:30:00+00:00,355.87000000,356.80000000,354.49000000,355.38000000,1984.90000000
1780980300000,2026-06-09T04:45:00+00:00,355.38000000,355.87000000,353.88000000,354.35000000,568.17000000
1780981200000,2026-06-09T05:00:00+00:00,354.28000000,355.12000000,353.84000000,354.96000000,431.51000000
1780982100000,2026-06-09T05:15:00+00:00,354.90000000,356.11000000,354.56000000,355.55000000,189.43000000
1780983000000,2026-06-09T05:30:00+00:00,355.53000000,358.58000000,355.35000000,358.08000000,334.93000000
1780983900000,2026-06-09T05:45:00+00:00,358.00000000,358.10000000,355.36000000,356.45000000,543.83000000
1780984800000,2026-06-09T06:00:00+00:00,356.42000000,357.37000000,355.56000000,356.60000000,325.72000000
1780985700000,2026-06-09T06:15:00+00:00,356.60000000,356.99000000,356.00000000,356.25000000,77.46000000
1780986600000,2026-06-09T06:30:00+00:00,356.04000000,356.80000000,355.07000000,356.35000000,170.60000000
1780987500000,2026-06-09T06:45:00+00:00,356.29000000,356.78000000,355.72000000,356.35000000,51.45000000
1780988400000,2026-06-09T07:00:00+00:00,356.37000000,358.40000000,356.07000000,358.25000000,366.91000000
1780989300000,2026-06-09T07:15:00+00:00,358.12000000,358.78000000,355.97000000,356.13000000,252.89000000
1780990200000,2026-06-09T07:30:00+00:00,356.14000000,356.96000000,355.60000000,356.42000000,90.63000000
1780991100000,2026-06-09T07:45:00+00:00,356.43000000,357.60000000,356.42000000,357.23000000,92.31000000
1780992000000,2026-06-09T08:00:00+00:00,357.11000000,358.59000000,355.14000000,358.20000000,541.45000000
1780992900000,2026-06-09T08:15:00+00:00,358.01000000,359.07000000,357.39000000,358.38000000,678.82000000
1780993800000,2026-06-09T08:30:00+00:00,358.35000000,359.09000000,357.57000000,358.47000000,435.02000000
1780994700000,2026-06-09T08:45:00+00:00,358.45000000,358.89000000,357.56000000,357.86000000,163.74000000
1780995600000,2026-06-09T09:00:00+00:00,357.76000000,360.54000000,357.73000000,360.30000000,446.93000000
1780996500000,2026-06-09T09:15:00+00:00,360.30000000,362.11000000,359.92000000,361.22000000,577.71000000
1780997400000,2026-06-09T09:30:00+00:00,361.29000000,361.49000000,359.91000000,360.55000000,466.19000000
1780998300000,2026-06-09T09:45:00+00:00,360.65000000,361.97000000,360.28000000,360.91000000,218.31000000
1780999200000,2026-06-09T10:00:00+00:00,360.91000000,361.75000000,358.34000000,360.15000000,582.68000000
1781000100000,2026-06-09T10:15:00+00:00,360.17000000,360.17000000,358.45000000,359.30000000,277.27000000
1781001000000,2026-06-09T10:30:00+00:00,359.35000000,359.36000000,356.85000000,358.05000000,470.59000000
1781001900000,2026-06-09T10:45:00+00:00,358.08000000,359.10000000,357.85000000,357.85000000,242.63000000
1781002800000,2026-06-09T11:00:00+00:00,357.85000000,360.19000000,357.52000000,359.48000000,349.68000000
1781003700000,2026-06-09T11:15:00+00:00,359.70000000,359.98000000,358.31000000,359.66000000,432.90000000
1781004600000,2026-06-09T11:30:00+00:00,359.63000000,360.95000000,359.27000000,360.51000000,410.80000000
1781005500000,2026-06-09T11:45:00+00:00,360.59000000,360.79000000,359.01000000,359.35000000,264.27000000
1781006400000,2026-06-09T12:00:00+00:00,359.34000000,359.65000000,358.00000000,358.00000000,97.88000000
1781007300000,2026-06-09T12:15:00+00:00,357.95000000,358.47000000,356.75000000,357.99000000,431.90000000
1781008200000,2026-06-09T12:30:00+00:00,357.98000000,359.50000000,357.88000000,358.58000000,564.27000000
1781009100000,2026-06-09T12:45:00+00:00,358.59000000,359.65000000,357.62000000,359.65000000,571.97000000
1781010000000,2026-06-09T13:00:00+00:00,359.65000000,361.05000000,359.20000000,359.61000000,413.72000000
1781010900000,2026-06-09T13:15:00+00:00,359.74000000,362.99000000,358.63000000,362.44000000,1232.14000000
1781011800000,2026-06-09T13:30:00+00:00,362.74000000,362.78000000,341.10000000,344.12000000,9145.68000000
1781012700000,2026-06-09T13:45:00+00:00,344.40000000,353.31000000,344.01000000,345.42000000,4161.06000000
1781013600000,2026-06-09T14:00:00+00:00,345.36000000,346.17000000,337.04000000,337.04000000,3760.89000000
1781014500000,2026-06-09T14:15:00+00:00,337.03000000,338.48000000,333.49000000,334.00000000,3746.25000000
1781015400000,2026-06-09T14:30:00+00:00,334.04000000,334.39000000,327.13000000,327.29000000,4053.26000000
1781016300000,2026-06-09T14:45:00+00:00,327.63000000,328.75000000,323.88000000,326.93000000,5006.49000000
1781017200000,2026-06-09T15:00:00+00:00,326.82000000,328.73000000,322.21000000,326.66000000,2510.18000000
1781018100000,2026-06-09T15:15:00+00:00,326.65000000,326.92000000,317.13000000,317.34000000,3771.16000000
1781019000000,2026-06-09T15:30:00+00:00,317.58000000,322.63000000,316.99000000,321.32000000,4473.70000000
1781019900000,2026-06-09T15:45:00+00:00,321.32000000,323.29000000,314.19000000,314.57000000,3660.50000000
1781020800000,2026-06-09T16:00:00+00:00,314.55000000,316.87000000,309.51000000,309.80000000,5530.61000000
1781021700000,2026-06-09T16:15:00+00:00,309.98000000,310.00000000,303.07000000,306.61000000,5547.19000000
1781022600000,2026-06-09T16:30:00+00:00,306.49000000,307.24000000,298.63000000,302.58000000,4811.66000000
1781023500000,2026-06-09T16:45:00+00:00,302.34000000,307.31000000,299.26000000,307.31000000,4828.00000000
1781024400000,2026-06-09T17:00:00+00:00,307.20000000,314.58000000,307.18000000,313.58000000,6639.22000000
1781025300000,2026-06-09T17:15:00+00:00,313.34000000,317.36000000,312.36000000,316.04000000,2487.93000000
1781026200000,2026-06-09T17:30:00+00:00,315.80000000,319.79000000,314.33000000,317.56000000,1575.40000000
1781027100000,2026-06-09T17:45:00+00:00,317.81000000,318.55000000,313.05000000,316.54000000,2822.86000000
1781028000000,2026-06-09T18:00:00+00:00,316.37000000,317.94000000,314.10000000,317.94000000,1484.36000000
1781028900000,2026-06-09T18:15:00+00:00,317.80000000,321.27000000,316.92000000,321.18000000,1365.24000000
1781029800000,2026-06-09T18:30:00+00:00,321.18000000,323.28000000,319.45000000,320.20000000,1203.44000000
1781030700000,2026-06-09T18:45:00+00:00,319.99000000,324.35000000,319.42000000,323.18000000,1275.47000000
1781031600000,2026-06-09T19:00:00+00:00,323.34000000,324.55000000,318.84000000,318.87000000,1583.43000000
1781032500000,2026-06-09T19:15:00+00:00,319.04000000,319.98000000,315.63000000,319.40000000,2100.12000000
1781033400000,2026-06-09T19:30:00+00:00,319.32000000,323.40000000,318.88000000,322.28000000,1755.35000000
1781034300000,2026-06-09T19:45:00+00:00,322.40000000,325.27000000,320.11000000,325.01000000,825.81000000
1781035200000,2026-06-09T20:00:00+00:00,325.02000000,327.77000000,323.82000000,325.80000000,1790.12000000
1781036100000,2026-06-09T20:15:00+00:00,325.57000000,326.77000000,325.15000000,326.41000000,465.63000000
1781037000000,2026-06-09T20:30:00+00:00,326.50000000,326.85000000,324.55000000,326.68000000,1156.52000000
1781037900000,2026-06-09T20:45:00+00:00,326.76000000,326.77000000,324.82000000,325.51000000,868.64000000
1781038800000,2026-06-09T21:00:00+00:00,325.48000000,325.85000000,322.65000000,323.08000000,616.87000000
1781039700000,2026-06-09T21:15:00+00:00,323.02000000,323.10000000,318.87000000,319.50000000,543.16000000
1781040600000,2026-06-09T21:30:00+00:00,319.50000000,321.33000000,318.77000000,320.53000000,507.66000000
1781041500000,2026-06-09T21:45:00+00:00,320.52000000,321.37000000,319.66000000,321.08000000,495.66000000
1781042400000,2026-06-09T22:00:00+00:00,321.07000000,323.58000000,320.83000000,322.67000000,212.92000000
1781043300000,2026-06-09T22:15:00+00:00,322.65000000,323.09000000,320.87000000,321.80000000,521.45000000
1781044200000,2026-06-09T22:30:00+00:00,321.85000000,322.14000000,319.35000000,319.81000000,562.32000000
1781045100000,2026-06-09T22:45:00+00:00,319.89000000,321.52000000,318.19000000,319.60000000,913.89000000
1781046000000,2026-06-09T23:00:00+00:00,319.71000000,321.60000000,319.11000000,319.55000000,599.69000000
1781046900000,2026-06-09T23:15:00+00:00,319.48000000,320.00000000,318.78000000,319.15000000,448.45000000
1781047800000,2026-06-09T23:30:00+00:00,319.23000000,319.70000000,318.08000000,318.68000000,429.78000000
1781048700000,2026-06-09T23:45:00+00:00,318.68000000,320.66000000,318.64000000,320.66000000,674.63000000
1781049600000,2026-06-10T00:00:00+00:00,320.63000000,322.26000000,318.72000000,319.36000000,645.32000000
1781050500000,2026-06-10T00:15:00+00:00,319.31000000,320.21000000,318.48000000,319.50000000,119.05000000
1781051400000,2026-06-10T00:30:00+00:00,319.45000000,319.45000000,312.74000000,312.96000000,538.56000000
1781052300000,2026-06-10T00:45:00+00:00,313.06000000,316.95000000,312.75000000,316.35000000,479.45000000
1781053200000,2026-06-10T01:00:00+00:00,316.53000000,319.90000000,316.16000000,319.45000000,342.80000000
1781054100000,2026-06-10T01:15:00+00:00,319.39000000,320.86000000,317.37000000,317.88000000,308.99000000
1781055000000,2026-06-10T01:30:00+00:00,317.70000000,318.73000000,316.65000000,317.46000000,246.68000000
1781055900000,2026-06-10T01:45:00+00:00,317.38000000,318.86000000,317.31000000,318.13000000,315.04000000
1781056800000,2026-06-10T02:00:00+00:00,318.30000000,318.55000000,317.23000000,317.37000000,255.63000000
1781057700000,2026-06-10T02:15:00+00:00,317.36000000,318.75000000,316.63000000,317.04000000,249.18000000
1781058600000,2026-06-10T02:30:00+00:00,316.99000000,318.04000000,314.30000000,314.68000000,529.85000000
1781059500000,2026-06-10T02:45:00+00:00,314.69000000,316.05000000,313.44000000,313.61000000,626.97000000
1781060400000,2026-06-10T03:00:00+00:00,313.65000000,315.92000000,313.65000000,314.67000000,351.54000000
1781061300000,2026-06-10T03:15:00+00:00,314.80000000,316.16000000,314.15000000,315.30000000,182.73000000
1781062200000,2026-06-10T03:30:00+00:00,315.17000000,315.45000000,313.89000000,314.53000000,197.75000000
1781063100000,2026-06-10T03:45:00+00:00,314.59000000,315.26000000,313.52000000,314.43000000,158.68000000
1781064000000,2026-06-10T04:00:00+00:00,314.52000000,314.76000000,312.80000000,313.50000000,657.49000000
1781064900000,2026-06-10T04:15:00+00:00,313.69000000,314.96000000,312.50000000,312.75000000,1097.80000000
1781065800000,2026-06-10T04:30:00+00:00,312.77000000,312.98000000,310.43000000,310.59000000,496.45000000
1781066700000,2026-06-10T04:45:00+00:00,310.71000000,313.56000000,310.44000000,312.72000000,331.04000000
1781067600000,2026-06-10T05:00:00+00:00,312.52000000,315.03000000,312.02000000,313.55000000,254.99000000
1781068500000,2026-06-10T05:15:00+00:00,313.62000000,314.05000000,311.61000000,313.85000000,1114.64000000
1781069400000,2026-06-10T05:30:00+00:00,313.99000000,315.40000000,312.43000000,314.85000000,301.36000000
1781070300000,2026-06-10T05:45:00+00:00,314.75000000,316.22000000,314.19000000,314.97000000,413.30000000
1781071200000,2026-06-10T06:00:00+00:00,314.96000000,316.45000000,314.71000000,315.90000000,249.44000000
1781072100000,2026-06-10T06:15:00+00:00,315.85000000,317.75000000,315.36000000,317.07000000,242.98000000
1781073000000,2026-06-10T06:30:00+00:00,317.17000000,317.65000000,315.99000000,316.95000000,292.77000000
1781073900000,2026-06-10T06:45:00+00:00,316.86000000,317.12000000,315.40000000,315.96000000,192.84000000
1781074800000,2026-06-10T07:00:00+00:00,315.89000000,316.13000000,314.23000000,315.77000000,478.07000000
1781075700000,2026-06-10T07:15:00+00:00,315.75000000,316.70000000,314.60000000,315.86000000,336.72000000
1781076600000,2026-06-10T07:30:00+00:00,315.78000000,316.30000000,314.50000000,314.62000000,535.02000000
1781077500000,2026-06-10T07:45:00+00:00,314.72000000,315.63000000,314.54000000,314.87000000,152.18000000
1781078400000,2026-06-10T08:00:00+00:00,314.79000000,314.96000000,310.59000000,310.73000000,1740.56000000
1781079300000,2026-06-10T08:15:00+00:00,310.77000000,311.80000000,309.15000000,309.70000000,1590.44000000
1781080200000,2026-06-10T08:30:00+00:00,309.82000000,312.63000000,309.31000000,309.69000000,1531.08000000
1781081100000,2026-06-10T08:45:00+00:00,309.67000000,311.10000000,308.02000000,308.93000000,1400.78000000
1781082000000,2026-06-10T09:00:00+00:00,309.20000000,311.12000000,308.23000000,308.64000000,1945.97000000
1781082900000,2026-06-10T09:15:00+00:00,308.64000000,310.85000000,307.36000000,310.85000000,2344.89000000
1781083800000,2026-06-10T09:30:00+00:00,310.86000000,312.70000000,310.27000000,311.55000000,844.52000000
1781084700000,2026-06-10T09:45:00+00:00,311.44000000,312.05000000,310.32000000,311.53000000,632.27000000
1781085600000,2026-06-10T10:00:00+00:00,311.55000000,312.24000000,309.72000000,311.74000000,1113.98000000
1781086500000,2026-06-10T10:15:00+00:00,311.73000000,312.10000000,309.33000000,310.26000000,1585.63000000
1781087400000,2026-06-10T10:30:00+00:00,310.20000000,314.70000000,310.09000000,313.68000000,1278.30000000
1781088300000,2026-06-10T10:45:00+00:00,313.70000000,315.31000000,311.84000000,313.68000000,1075.87000000
1781089200000,2026-06-10T11:00:00+00:00,313.75000000,314.26000000,309.29000000,310.95000000,1959.42000000
1781090100000,2026-06-10T11:15:00+00:00,310.83000000,312.39000000,309.56000000,309.92000000,1001.52000000
1781091000000,2026-06-10T11:30:00+00:00,309.91000000,310.50000000,307.59000000,308.18000000,685.09000000
1781091900000,2026-06-10T11:45:00+00:00,308.12000000,310.76000000,307.56000000,309.96000000,900.23000000
1781092800000,2026-06-10T12:00:00+00:00,309.92000000,316.56000000,308.94000000,313.97000000,1312.87000000
1781093700000,2026-06-10T12:15:00+00:00,313.89000000,315.30000000,312.03000000,315.19000000,1088.14000000
1781094600000,2026-06-10T12:30:00+00:00,315.16000000,325.27000000,314.03000000,318.49000000,4778.03000000
1781095500000,2026-06-10T12:45:00+00:00,318.70000000,320.11000000,313.78000000,314.36000000,1404.41000000
1781096400000,2026-06-10T13:00:00+00:00,314.50000000,317.72000000,313.24000000,315.77000000,2484.92000000
1781097300000,2026-06-10T13:15:00+00:00,315.80000000,318.62000000,313.64000000,314.27000000,3463.01000000
1781098200000,2026-06-10T13:30:00+00:00,314.26000000,327.84000000,312.35000000,327.81000000,9199.93000000
1781099100000,2026-06-10T13:45:00+00:00,327.85000000,332.32000000,323.06000000,323.87000000,3728.36000000
1781100000000,2026-06-10T14:00:00+00:00,323.88000000,327.29000000,322.53000000,324.66000000,2620.96000000
1781100900000,2026-06-10T14:15:00+00:00,324.77000000,328.63000000,323.42000000,327.45000000,1864.92000000
1781101800000,2026-06-10T14:30:00+00:00,327.34000000,330.09000000,324.10000000,324.10000000,1300.95000000
1781102700000,2026-06-10T14:45:00+00:00,324.08000000,324.52000000,316.13000000,317.64000000,2664.46000000
1781103600000,2026-06-10T15:00:00+00:00,317.72000000,319.56000000,311.05000000,311.05000000,1812.63000000
1781104500000,2026-06-10T15:15:00+00:00,311.05000000,313.77000000,308.78000000,310.54000000,1389.86000000
1781105400000,2026-06-10T15:30:00+00:00,310.54000000,311.97000000,308.81000000,311.06000000,847.35000000
1781106300000,2026-06-10T15:45:00+00:00,311.09000000,313.76000000,306.34000000,313.27000000,2035.68000000
1781107200000,2026-06-10T16:00:00+00:00,313.28000000,313.83000000,308.85000000,309.58000000,1031.79000000
1781108100000,2026-06-10T16:15:00+00:00,309.73000000,310.43000000,307.65000000,309.09000000,722.52000000
1781109000000,2026-06-10T16:30:00+00:00,309.12000000,313.41000000,308.42000000,309.60000000,705.65000000
1781109900000,2026-06-10T16:45:00+00:00,309.55000000,309.55000000,307.16000000,307.94000000,392.91000000
1781110800000,2026-06-10T17:00:00+00:00,308.03000000,309.45000000,306.27000000,306.63000000,387.63000000
1781111700000,2026-06-10T17:15:00+00:00,306.75000000,307.94000000,305.85000000,307.15000000,721.92000000
1781112600000,2026-06-10T17:30:00+00:00,307.35000000,308.04000000,306.25000000,307.05000000,337.09000000
1781113500000,2026-06-10T17:45:00+00:00,307.06000000,312.19000000,306.81000000,311.90000000,579.05000000
1781114400000,2026-06-10T18:00:00+00:00,311.88000000,312.48000000,310.21000000,311.61000000,416.96000000
1781115300000,2026-06-10T18:15:00+00:00,311.60000000,312.38000000,309.60000000,309.81000000,377.61000000
1781116200000,2026-06-10T18:30:00+00:00,309.85000000,309.89000000,307.96000000,308.91000000,315.15000000
1781117100000,2026-06-10T18:45:00+00:00,308.80000000,309.13000000,306.78000000,307.56000000,395.51000000
1781118000000,2026-06-10T19:00:00+00:00,307.49000000,308.90000000,306.60000000,306.89000000,371.27000000
1781118900000,2026-06-10T19:15:00+00:00,306.81000000,307.22000000,304.42000000,306.94000000,364.97000000
1781119800000,2026-06-10T19:30:00+00:00,306.90000000,309.60000000,306.27000000,308.06000000,608.14000000
1781120700000,2026-06-10T19:45:00+00:00,308.04000000,309.79000000,306.87000000,307.36000000,628.35000000
1781121600000,2026-06-10T20:00:00+00:00,307.35000000,307.62000000,302.54000000,305.04000000,1287.93000000
1781122500000,2026-06-10T20:15:00+00:00,305.03000000,305.48000000,303.60000000,303.94000000,782.00000000
1781123400000,2026-06-10T20:30:00+00:00,303.91000000,304.79000000,302.80000000,302.95000000,595.84000000
1781124300000,2026-06-10T20:45:00+00:00,302.86000000,303.21000000,301.35000000,303.08000000,1178.40000000
1781125200000,2026-06-10T21:00:00+00:00,303.03000000,303.97000000,302.60000000,303.81000000,310.88000000
1781126100000,2026-06-10T21:15:00+00:00,303.80000000,304.32000000,302.45000000,303.51000000,276.40000000
1781127000000,2026-06-10T21:30:00+00:00,303.47000000,303.75000000,302.79000000,302.79000000,244.96000000
1781127900000,2026-06-10T21:45:00+00:00,302.76000000,303.00000000,301.41000000,302.34000000,289.24000000
1781128800000,2026-06-10T22:00:00+00:00,302.34000000,302.55000000,300.10000000,300.28000000,1338.01000000
1781129700000,2026-06-10T22:15:00+00:00,300.28000000,301.23000000,300.11000000,300.28000000,1103.44000000
1781130600000,2026-06-10T22:30:00+00:00,300.29000000,302.08000000,300.08000000,300.36000000,574.56000000
1781131500000,2026-06-10T22:45:00+00:00,300.34000000,300.60000000,297.94000000,298.65000000,1013.54000000
1781132400000,2026-06-10T23:00:00+00:00,298.68000000,299.24000000,297.95000000,298.24000000,233.45000000
1781133300000,2026-06-10T23:15:00+00:00,298.25000000,300.56000000,296.34000000,300.56000000,1530.26000000
1781134200000,2026-06-10T23:30:00+00:00,300.59000000,302.03000000,299.16000000,300.82000000,477.68000000
1781135100000,2026-06-10T23:45:00+00:00,300.80000000,301.64000000,300.22000000,300.66000000,1317.30000000
1781136000000,2026-06-11T00:00:00+00:00,300.64000000,302.32000000,297.76000000,298.84000000,640.45000000
1781136900000,2026-06-11T00:15:00+00:00,298.80000000,303.20000000,298.78000000,301.81000000,866.55000000
1781137800000,2026-06-11T00:30:00+00:00,301.86000000,301.92000000,300.66000000,300.96000000,642.33000000
1781138700000,2026-06-11T00:45:00+00:00,300.99000000,305.61000000,300.97000000,305.54000000,995.79000000
1781139600000,2026-06-11T01:00:00+00:00,305.55000000,309.46000000,304.38000000,308.66000000,849.97000000
1781140500000,2026-06-11T01:15:00+00:00,308.62000000,310.31000000,307.26000000,309.96000000,1400.28000000
1781141400000,2026-06-11T01:30:00+00:00,309.99000000,310.16000000,307.27000000,307.60000000,276.67000000
1781142300000,2026-06-11T01:45:00+00:00,307.63000000,308.40000000,305.65000000,305.68000000,251.43000000
1781143200000,2026-06-11T02:00:00+00:00,305.77000000,306.18000000,302.93000000,303.28000000,681.95000000
1781144100000,2026-06-11T02:15:00+00:00,303.32000000,304.49000000,301.97000000,302.01000000,313.55000000
1781145000000,2026-06-11T02:30:00+00:00,302.04000000,303.00000000,300.84000000,302.48000000,322.49000000
1781145900000,2026-06-11T02:45:00+00:00,302.40000000,304.31000000,302.24000000,304.31000000,296.11000000
1781146800000,2026-06-11T03:00:00+00:00,304.31000000,304.81000000,302.79000000,303.26000000,238.11000000
1781147700000,2026-06-11T03:15:00+00:00,303.24000000,303.81000000,302.37000000,303.80000000,137.08000000
1781148600000,2026-06-11T03:30:00+00:00,303.84000000,304.99000000,303.72000000,304.82000000,218.96000000
1781149500000,2026-06-11T03:45:00+00:00,304.83000000,307.55000000,304.83000000,307.42000000,208.18000000
1781150400000,2026-06-11T04:00:00+00:00,307.38000000,308.82000000,307.28000000,308.27000000,310.63000000
1781151300000,2026-06-11T04:15:00+00:00,308.16000000,309.78000000,307.58000000,309.24000000,241.28000000
1781152200000,2026-06-11T04:30:00+00:00,309.23000000,310.07000000,308.41000000,309.73000000,149.31000000
1781153100000,2026-06-11T04:45:00+00:00,309.73000000,310.00000000,308.93000000,309.63000000,179.06000000
1781154000000,2026-06-11T05:00:00+00:00,309.62000000,309.91000000,308.07000000,308.53000000,199.53000000
1781154900000,2026-06-11T05:15:00+00:00,308.44000000,310.14000000,308.34000000,309.32000000,108.10000000
1781155800000,2026-06-11T05:30:00+00:00,309.36000000,309.71000000,308.14000000,309.16000000,126.48000000
1781156700000,2026-06-11T05:45:00+00:00,309.17000000,310.08000000,308.83000000,309.96000000,153.69000000
1781157600000,2026-06-11T06:00:00+00:00,310.00000000,310.04000000,308.39000000,309.27000000,147.74000000
1781158500000,2026-06-11T06:15:00+00:00,309.40000000,310.92000000,309.32000000,310.69000000,165.23000000
1781159400000,2026-06-11T06:30:00+00:00,310.67000000,311.04000000,310.44000000,310.61000000,163.78000000
1781160300000,2026-06-11T06:45:00+00:00,310.72000000,311.53000000,310.05000000,310.85000000,444.76000000
1781161200000,2026-06-11T07:00:00+00:00,310.83000000,312.40000000,310.38000000,312.39000000,196.01000000
1781162100000,2026-06-11T07:15:00+00:00,312.35000000,313.81000000,311.60000000,313.62000000,396.69000000
1781163000000,2026-06-11T07:30:00+00:00,313.60000000,314.33000000,313.27000000,314.25000000,218.09000000
1781163900000,2026-06-11T07:45:00+00:00,314.17000000,315.26000000,313.09000000,313.60000000,333.53000000
1781164800000,2026-06-11T08:00:00+00:00,313.41000000,318.87000000,311.95000000,317.72000000,3094.04000000
1781165700000,2026-06-11T08:15:00+00:00,317.61000000,317.79000000,315.75000000,316.02000000,1473.77000000
1781166600000,2026-06-11T08:30:00+00:00,315.99000000,317.39000000,315.24000000,315.66000000,1626.60000000
1781167500000,2026-06-11T08:45:00+00:00,315.75000000,316.22000000,315.04000000,315.76000000,579.93000000
1781168400000,2026-06-11T09:00:00+00:00,315.75000000,316.08000000,314.25000000,314.80000000,922.29000000
1781169300000,2026-06-11T09:15:00+00:00,314.81000000,315.18000000,313.47000000,314.86000000,569.72000000
1781170200000,2026-06-11T09:30:00+00:00,314.82000000,314.85000000,313.40000000,314.31000000,865.76000000
1781171100000,2026-06-11T09:45:00+00:00,314.29000000,314.68000000,313.69000000,313.81000000,183.16000000
1781172000000,2026-06-11T10:00:00+00:00,313.72000000,317.18000000,313.71000000,316.03000000,773.64000000
1781172900000,2026-06-11T10:15:00+00:00,315.96000000,316.42000000,314.70000000,315.60000000,624.98000000
1781173800000,2026-06-11T10:30:00+00:00,315.63000000,316.95000000,315.48000000,316.74000000,301.88000000
1781174700000,2026-06-11T10:45:00+00:00,316.63000000,316.73000000,315.46000000,315.51000000,499.96000000
1781175600000,2026-06-11T11:00:00+00:00,315.50000000,315.50000000,313.26000000,314.68000000,918.01000000
1781176500000,2026-06-11T11:15:00+00:00,314.69000000,315.60000000,313.87000000,314.99000000,684.17000000
1781177400000,2026-06-11T11:30:00+00:00,315.02000000,316.77000000,314.90000000,315.40000000,678.73000000
1781178300000,2026-06-11T11:45:00+00:00,315.35000000,316.48000000,315.30000000,316.00000000,409.65000000
1781179200000,2026-06-11T12:00:00+00:00,316.05000000,316.79000000,315.86000000,316.15000000,244.57000000
1781180100000,2026-06-11T12:15:00+00:00,316.24000000,316.30000000,312.05000000,312.39000000,1048.02000000
1781181000000,2026-06-11T12:30:00+00:00,312.50000000,313.61000000,308.80000000,311.04000000,2092.81000000
1781181900000,2026-06-11T12:45:00+00:00,310.94000000,313.18000000,310.70000000,312.52000000,1230.63000000
1781182800000,2026-06-11T13:00:00+00:00,312.51000000,312.88000000,310.81000000,311.97000000,656.88000000
1781183700000,2026-06-11T13:15:00+00:00,311.99000000,315.88000000,310.74000000,314.80000000,6013.96000000
1781184600000,2026-06-11T13:30:00+00:00,314.73000000,326.09000000,311.40000000,323.70000000,12496.72000000
1781185500000,2026-06-11T13:45:00+00:00,323.83000000,334.09000000,321.78000000,329.90000000,6119.29000000
1781186400000,2026-06-11T14:00:00+00:00,329.96000000,334.26000000,327.03000000,327.56000000,4494.87000000
1781187300000,2026-06-11T14:15:00+00:00,327.61000000,330.35000000,325.54000000,329.16000000,3315.23000000
1781188200000,2026-06-11T14:30:00+00:00,329.02000000,330.15000000,323.75000000,324.03000000,3153.76000000
1781189100000,2026-06-11T14:45:00+00:00,324.01000000,326.05000000,320.75000000,322.25000000,2204.90000000
1781190000000,2026-06-11T15:00:00+00:00,322.17000000,325.26000000,319.93000000,324.62000000,2003.02000000
1781190900000,2026-06-11T15:15:00+00:00,324.82000000,326.51000000,322.75000000,323.50000000,1295.61000000
1781191800000,2026-06-11T15:30:00+00:00,323.47000000,326.60000000,322.70000000,325.59000000,1273.92000000
1781192700000,2026-06-11T15:45:00+00:00,325.71000000,327.94000000,324.61000000,327.29000000,958.36000000
1781193600000,2026-06-11T16:00:00+00:00,327.11000000,329.33000000,326.12000000,328.95000000,1242.29000000
1781194500000,2026-06-11T16:15:00+00:00,329.00000000,329.48000000,326.65000000,327.74000000,1519.78000000
1781195400000,2026-06-11T16:30:00+00:00,327.81000000,329.35000000,325.62000000,326.60000000,1054.66000000
1781196300000,2026-06-11T16:45:00+00:00,326.49000000,327.10000000,323.16000000,323.30000000,762.71000000
1781197200000,2026-06-11T17:00:00+00:00,323.39000000,326.44000000,323.21000000,324.00000000,922.75000000
1781198100000,2026-06-11T17:15:00+00:00,323.98000000,331.35000000,322.48000000,331.35000000,1227.38000000
1781199000000,2026-06-11T17:30:00+00:00,331.16000000,335.09000000,328.88000000,334.49000000,4386.59000000
1781199900000,2026-06-11T17:45:00+00:00,334.52000000,335.44000000,331.67000000,333.96000000,1583.74000000
1781200800000,2026-06-11T18:00:00+00:00,334.07000000,335.06000000,330.00000000,333.45000000,1222.13000000
1781201700000,2026-06-11T18:15:00+00:00,333.46000000,334.75000000,331.83000000,334.31000000,1543.22000000
1781202600000,2026-06-11T18:30:00+00:00,334.30000000,335.67000000,333.76000000,335.54000000,741.64000000
1781203500000,2026-06-11T18:45:00+00:00,335.45000000,337.88000000,335.20000000,336.95000000,603.76000000
1781204400000,2026-06-11T19:00:00+00:00,336.96000000,338.73000000,334.80000000,338.35000000,3562.41000000
1781205300000,2026-06-11T19:15:00+00:00,338.35000000,341.72000000,338.32000000,341.45000000,976.33000000
1781206200000,2026-06-11T19:30:00+00:00,341.51000000,344.75000000,341.50000000,343.84000000,1283.86000000
1781207100000,2026-06-11T19:45:00+00:00,343.81000000,344.46000000,341.45000000,342.46000000,819.18000000
1781208000000,2026-06-11T20:00:00+00:00,342.39000000,343.63000000,341.55000000,343.16000000,1692.35000000
1781208900000,2026-06-11T20:15:00+00:00,343.23000000,343.39000000,341.79000000,343.39000000,530.11000000
1781209800000,2026-06-11T20:30:00+00:00,343.30000000,343.77000000,340.04000000,340.62000000,949.93000000
1781210700000,2026-06-11T20:45:00+00:00,340.72000000,342.20000000,340.34000000,341.27000000,202.15000000
1781211600000,2026-06-11T21:00:00+00:00,341.25000000,343.01000000,341.24000000,342.76000000,106.25000000
1781212500000,2026-06-11T21:15:00+00:00,342.72000000,344.02000000,342.71000000,343.87000000,268.68000000
1781213400000,2026-06-11T21:30:00+00:00,344.02000000,344.18000000,343.08000000,343.45000000,230.19000000
1781214300000,2026-06-11T21:45:00+00:00,343.72000000,344.51000000,343.18000000,344.51000000,95.73000000
1781215200000,2026-06-11T22:00:00+00:00,344.47000000,347.62000000,343.83000000,347.31000000,646.08000000
1781216100000,2026-06-11T22:15:00+00:00,347.30000000,348.83000000,347.19000000,348.50000000,323.68000000
1781217000000,2026-06-11T22:30:00+00:00,348.36000000,350.41000000,347.74000000,350.04000000,640.43000000
1781217900000,2026-06-11T22:45:00+00:00,350.04000000,352.19000000,349.34000000,350.30000000,681.29000000
1781218800000,2026-06-11T23:00:00+00:00,350.18000000,351.00000000,348.28000000,350.64000000,862.18000000
1781219700000,2026-06-11T23:15:00+00:00,350.65000000,352.23000000,349.08000000,349.75000000,747.19000000
1781220600000,2026-06-11T23:30:00+00:00,349.79000000,352.02000000,349.62000000,351.98000000,384.61000000
1781221500000,2026-06-11T23:45:00+00:00,352.02000000,352.36000000,350.05000000,350.21000000,405.59000000
1781222400000,2026-06-12T00:00:00+00:00,350.10000000,352.55000000,347.12000000,349.35000000,1851.95000000
1781223300000,2026-06-12T00:15:00+00:00,349.55000000,352.24000000,348.57000000,351.54000000,552.35000000
1781224200000,2026-06-12T00:30:00+00:00,351.70000000,354.41000000,351.70000000,352.85000000,1263.21000000
1781225100000,2026-06-12T00:45:00+00:00,352.90000000,352.94000000,349.65000000,350.05000000,698.36000000
1781226000000,2026-06-12T01:00:00+00:00,350.05000000,350.05000000,347.48000000,349.55000000,954.85000000
1781226900000,2026-06-12T01:15:00+00:00,349.52000000,349.76000000,342.75000000,344.13000000,822.54000000
1781227800000,2026-06-12T01:30:00+00:00,344.13000000,346.36000000,343.71000000,345.07000000,741.34000000
1781228700000,2026-06-12T01:45:00+00:00,344.96000000,347.01000000,344.96000000,346.64000000,279.75000000
1781229600000,2026-06-12T02:00:00+00:00,346.66000000,348.44000000,346.66000000,347.38000000,547.26000000
1781230500000,2026-06-12T02:15:00+00:00,347.38000000,348.10000000,346.93000000,347.11000000,378.49000000
1781231400000,2026-06-12T02:30:00+00:00,347.16000000,349.22000000,347.08000000,349.17000000,261.71000000
1781232300000,2026-06-12T02:45:00+00:00,349.19000000,350.63000000,349.19000000,349.60000000,188.83000000
1781233200000,2026-06-12T03:00:00+00:00,349.55000000,349.68000000,348.53000000,348.99000000,142.31000000
1781234100000,2026-06-12T03:15:00+00:00,349.09000000,349.25000000,348.16000000,348.64000000,236.42000000
1781235000000,2026-06-12T03:30:00+00:00,348.55000000,349.07000000,347.75000000,348.49000000,266.40000000
1781235900000,2026-06-12T03:45:00+00:00,348.45000000,348.51000000,347.61000000,348.10000000,108.67000000
1781236800000,2026-06-12T04:00:00+00:00,348.19000000,348.19000000,346.82000000,347.40000000,75.17000000
1781237700000,2026-06-12T04:15:00+00:00,347.41000000,348.47000000,347.41000000,348.36000000,147.14000000
1781238600000,2026-06-12T04:30:00+00:00,348.46000000,348.75000000,347.73000000,347.79000000,48.71000000
