open_time_ms,open_time_iso,open,high,low,close,volume
1776690000000,2026-04-20T13:00:00+00:00,403.21000000,404.26000000,400.79000000,401.83000000,782.49000000
1776693600000,2026-04-20T14:00:00+00:00,401.87000000,402.85000000,392.80000000,397.41000000,592.18000000
1776697200000,2026-04-20T15:00:00+00:00,397.41000000,398.88000000,395.24000000,396.78000000,227.55000000
1776700800000,2026-04-20T16:00:00+00:00,396.78000000,398.69000000,396.44000000,397.43000000,129.37000000
1776704400000,2026-04-20T17:00:00+00:00,397.66000000,398.08000000,396.46000000,396.99000000,43.81000000
1776708000000,2026-04-20T18:00:00+00:00,396.72000000,398.80000000,395.96000000,398.32000000,705.30000000
1776711600000,2026-04-20T19:00:00+00:00,398.42000000,399.79000000,397.71000000,399.79000000,600.97000000
1776715200000,2026-04-20T20:00:00+00:00,399.80000000,402.00000000,398.82000000,399.90000000,298.55000000
1776718800000,2026-04-20T21:00:00+00:00,400.05000000,401.38000000,398.20000000,399.72000000,1560.95000000
1776722400000,2026-04-20T22:00:00+00:00,400.07000000,404.24000000,397.60000000,400.45000000,142.19000000
1776726000000,2026-04-20T23:00:00+00:00,400.45000000,402.28000000,399.48000000,399.98000000,174.00000000
1776729600000,2026-04-21T00:00:00+00:00,398.65000000,402.24000000,398.56000000,401.21000000,90.63000000
1776733200000,2026-04-21T01:00:00+00:00,401.19000000,401.46000000,400.17000000,400.82000000,248.02000000
1776736800000,2026-04-21T02:00:00+00:00,400.60000000,401.26000000,400.22000000,400.43000000,147.04000000
1776740400000,2026-04-21T03:00:00+00:00,400.43000000,400.45000000,399.68000000,400.26000000,60.22000000
1776744000000,2026-04-21T04:00:00+00:00,400.43000000,401.47000000,400.07000000,400.75000000,19.18000000
1776747600000,2026-04-21T05:00:00+00:00,400.45000000,400.76000000,400.01000000,400.27000000,31.92000000
1776751200000,2026-04-21T06:00:00+00:00,400.59000000,401.40000000,399.30000000,399.84000000,40.54000000
1776754800000,2026-04-21T07:00:00+00:00,399.21000000,400.05000000,397.46000000,399.89000000,47.29000000
1776758400000,2026-04-21T08:00:00+00:00,399.43000000,402.32000000,397.34000000,399.38000000,51.95000000
1776762000000,2026-04-21T09:00:00+00:00,399.07000000,400.35000000,397.37000000,398.46000000,17.80000000
1776765600000,2026-04-21T10:00:00+00:00,398.45000000,399.82000000,397.43000000,399.42000000,89.94000000
1776769200000,2026-04-21T11:00:00+00:00,399.24000000,401.39000000,399.00000000,400.11000000,25.90000000
1776772800000,2026-04-21T12:00:00+00:00,400.14000000,401.30000000,398.39000000,398.89000000,161.24000000
1776776400000,2026-04-21T13:00:00+00:00,398.80000000,399.51000000,394.76000000,397.56000000,212.15000000
1776780000000,2026-04-21T14:00:00+00:00,397.71000000,400.88000000,395.86000000,398.76000000,220.30000000
1776783600000,2026-04-21T15:00:00+00:00,398.72000000,403.54000000,397.18000000,401.43000000,131.14000000
1776787200000,2026-04-21T16:00:00+00:00,401.45000000,403.61000000,400.61000000,401.49000000,238.91000000
1776790800000,2026-04-21T17:00:00+00:00,401.49000000,402.53000000,399.85000000,401.36000000,121.00000000
1776794400000,2026-04-21T18:00:00+00:00,401.53000000,402.53000000,400.86000000,402.02000000,57.27000000
1776798000000,2026-04-21T19:00:00+00:00,402.22000000,402.70000000,399.05000000,402.05000000,55.83000000
1776801600000,2026-04-21T20:00:00+00:00,402.24000000,403.99000000,401.40000000,403.26000000,39.61000000
1776805200000,2026-04-21T21:00:00+00:00,403.24000000,404.47000000,403.24000000,403.45000000,44.16000000
1776808800000,2026-04-21T22:00:00+00:00,403.66000000,404.16000000,402.96000000,403.46000000,34.71000000
1776812400000,2026-04-21T23:00:00+00:00,403.63000000,404.96000000,403.43000000,404.82000000,66.00000000
1776816000000,2026-04-22T00:00:00+00:00,404.69000000,406.43000000,404.10000000,405.89000000,89.37000000
1776819600000,2026-04-22T01:00:00+00:00,405.89000000,406.28000000,405.01000000,405.75000000,34.88000000
1776823200000,2026-04-22T02:00:00+00:00,405.96000000,406.37000000,405.73000000,406.12000000,51.16000000
1776826800000,2026-04-22T03:00:00+00:00,405.78000000,406.25000000,405.25000000,405.25000000,10.40000000
1776830400000,2026-04-22T04:00:00+00:00,405.25000000,405.74000000,404.24000000,404.33000000,15.78000000
1776834000000,2026-04-22T05:00:00+00:00,404.35000000,407.70000000,403.87000000,407.18000000,56.48000000
1776837600000,2026-04-22T06:00:00+00:00,407.40000000,408.57000000,406.05000000,407.13000000,158.85000000
1776841200000,2026-04-22T07:00:00+00:00,406.90000000,408.57000000,406.90000000,407.79000000,29.42000000
1776844800000,2026-04-22T08:00:00+00:00,407.48000000,407.55000000,406.16000000,406.60000000,29.74000000
1776848400000,2026-04-22T09:00:00+00:00,406.87000000,408.01000000,406.60000000,407.03000000,18.45000000
1776852000000,2026-04-22T10:00:00+00:00,406.62000000,407.06000000,406.31000000,406.50000000,33.32000000
1776855600000,2026-04-22T11:00:00+00:00,406.49000000,408.20000000,405.00000000,406.54000000,416.37000000
1776859200000,2026-04-22T12:00:00+00:00,406.54000000,410.07000000,406.50000000,407.54000000,514.61000000
1776862800000,2026-04-22T13:00:00+00:00,407.60000000,410.68000000,404.95000000,407.51000000,1591.32000000
1776866400000,2026-04-22T14:00:00+00:00,407.60000000,414.22000000,407.51000000,413.50000000,410.97000000
1776870000000,2026-04-22T15:00:00+00:00,413.46000000,417.96000000,412.00000000,416.11000000,208.01000000
1776873600000,2026-04-22T16:00:00+00:00,416.15000000,420.05000000,413.20000000,416.89000000,164.99000000
1776877200000,2026-04-22T17:00:00+00:00,416.77000000,420.16000000,416.77000000,419.20000000,99.25000000
1776880800000,2026-04-22T18:00:00+00:00,419.16000000,420.85000000,419.11000000,419.11000000,112.83000000
1776884400000,2026-04-22T19:00:00+00:00,419.10000000,422.94000000,418.00000000,422.70000000,122.23000000
1776888000000,2026-04-22T20:00:00+00:00,422.74000000,423.94000000,421.43000000,421.76000000,108.80000000
1776891600000,2026-04-22T21:00:00+00:00,421.80000000,422.78000000,421.60000000,421.80000000,20.36000000
1776895200000,2026-04-22T22:00:00+00:00,421.79000000,432.98000000,420.61000000,422.18000000,308.07000000
1776898800000,2026-04-22T23:00:00+00:00,422.05000000,422.34000000,421.24000000,421.51000000,73.73000000
1776902400000,2026-04-23T00:00:00+00:00,421.39000000,422.16000000,416.13000000,420.91000000,178.39000000
1776906000000,2026-04-23T01:00:00+00:00,420.91000000,421.14000000,420.01000000,420.20000000,47.57000000
1776909600000,2026-04-23T02:00:00+00:00,420.17000000,420.17000000,418.02000000,418.11000000,29.50000000
1776913200000,2026-04-23T03:00:00+00:00,418.26000000,418.52000000,416.20000000,417.68000000,80.33000000
1776916800000,2026-04-23T04:00:00+00:00,417.81000000,419.50000000,416.71000000,417.93000000,42.83000000
1776920400000,2026-04-23T05:00:00+00:00,418.23000000,419.75000000,418.19000000,419.14000000,17.50000000
1776924000000,2026-04-23T06:00:00+00:00,419.33000000,419.96000000,418.92000000,419.40000000,41.00000000
1776927600000,2026-04-23T07:00:00+00:00,419.36000000,420.07000000,418.21000000,419.34000000,26.80000000
1776931200000,2026-04-23T08:00:00+00:00,419.28000000,419.51000000,416.90000000,417.30000000,35.83000000
1776934800000,2026-04-23T09:00:00+00:00,417.70000000,418.48000000,416.23000000,417.96000000,44.59000000
1776938400000,2026-04-23T10:00:00+00:00,418.01000000,418.99000000,416.61000000,418.68000000,48.48000000
1776942000000,2026-04-23T11:00:00+00:00,418.95000000,420.94000000,418.00000000,420.75000000,40.16000000
1776945600000,2026-04-23T12:00:00+00:00,420.86000000,421.56000000,418.50000000,420.06000000,146.17000000
1776949200000,2026-04-23T13:00:00+00:00,419.95000000,428.42000000,419.56000000,426.23000000,262.87000000
1776952800000,2026-04-23T14:00:00+00:00,426.18000000,427.77000000,424.57000000,426.81000000,198.58000000
1776956400000,2026-04-23T15:00:00+00:00,426.88000000,429.76000000,425.77000000,427.92000000,170.91000000
1776960000000,2026-04-23T16:00:00+00:00,427.87000000,429.75000000,425.83000000,425.83000000,74.52000000
1776963600000,2026-04-23T17:00:00+00:00,426.03000000,426.68000000,418.00000000,422.41000000,220.41000000
1776967200000,2026-04-23T18:00:00+00:00,422.41000000,424.49000000,419.57000000,420.12000000,107.73000000
1776970800000,2026-04-23T19:00:00+00:00,419.90000000,421.02000000,418.44000000,420.00000000,20.87000000
1776974400000,2026-04-23T20:00:00+00:00,420.21000000,423.76000000,419.91000000,421.08000000,47.39000000
1776978000000,2026-04-23T21:00:00+00:00,420.83000000,422.14000000,420.10000000,421.84000000,25.00000000
1776981600000,2026-04-23T22:00:00+00:00,421.71000000,424.15000000,421.22000000,422.64000000,39.38000000
1776985200000,2026-04-23T23:00:00+00:00,422.82000000,423.28000000,422.14000000,422.16000000,538.39000000
1776988800000,2026-04-24T00:00:00+00:00,422.33000000,423.82000000,422.29000000,422.81000000,30.15000000
1776992400000,2026-04-24T01:00:00+00:00,422.93000000,423.38000000,422.41000000,422.76000000,46.41000000
1776996000000,2026-04-24T02:00:00+00:00,422.76000000,423.31000000,419.79000000,421.19000000,181.73000000
1776999600000,2026-04-24T03:00:00+00:00,421.35000000,422.43000000,419.50000000,421.36000000,65.30000000
1777003200000,2026-04-24T04:00:00+00:00,421.52000000,431.72000000,419.87000000,422.28000000,261.83000000
1777006800000,2026-04-24T05:00:00+00:00,422.18000000,422.47000000,421.22000000,422.25000000,41.85000000
1777010400000,2026-04-24T06:00:00+00:00,422.25000000,422.25000000,420.78000000,421.17000000,42.05000000
1777014000000,2026-04-24T07:00:00+00:00,421.03000000,422.67000000,420.97000000,421.64000000,4.70000000
1777017600000,2026-04-24T08:00:00+00:00,421.90000000,422.89000000,421.08000000,421.52000000,72.26000000
1777021200000,2026-04-24T09:00:00+00:00,421.23000000,421.57000000,419.63000000,421.28000000,29.54000000
1777024800000,2026-04-24T10:00:00+00:00,421.28000000,422.94000000,420.46000000,422.09000000,52.37000000
1777028400000,2026-04-24T11:00:00+00:00,421.77000000,430.15000000,421.77000000,426.73000000,292.02000000
1777032000000,2026-04-24T12:00:00+00:00,426.73000000,428.42000000,426.17000000,427.17000000,76.88000000
1777035600000,2026-04-24T13:00:00+00:00,427.11000000,427.38000000,409.08000000,413.97000000,875.01000000
1777039200000,2026-04-24T14:00:00+00:00,414.16000000,417.70000000,411.00000000,417.48000000,754.52000000
1777042800000,2026-04-24T15:00:00+00:00,417.54000000,423.54000000,414.18000000,420.94000000,754.11000000
1777046400000,2026-04-24T16:00:00+00:00,420.68000000,421.94000000,413.38000000,420.94000000,382.10000000
1777050000000,2026-04-24T17:00:00+00:00,421.16000000,422.84000000,418.91000000,422.55000000,120.25000000
1777053600000,2026-04-24T18:00:00+00:00,422.56000000,422.96000000,420.58000000,422.30000000,38.93000000
1777057200000,2026-04-24T19:00:00+00:00,422.23000000,424.99000000,420.42000000,422.75000000,156.71000000
1777060800000,2026-04-24T20:00:00+00:00,422.61000000,422.61000000,420.62000000,422.26000000,48.24000000
1777064400000,2026-04-24T21:00:00+00:00,422.45000000,422.45000000,420.11000000,421.66000000,31.45000000
1777068000000,2026-04-24T22:00:00+00:00,421.60000000,422.00000000,419.40000000,421.19000000,62.30000000
1777071600000,2026-04-24T23:00:00+00:00,420.81000000,421.87000000,418.70000000,420.52000000,105.72000000
1777075200000,2026-04-25T00:00:00+00:00,420.55000000,421.38000000,418.44000000,419.60000000,155.47000000
1777078800000,2026-04-25T01:00:00+00:00,419.39000000,419.88000000,418.43000000,418.96000000,271.05000000
1777082400000,2026-04-25T02:00:00+00:00,418.51000000,419.17000000,417.38000000,418.40000000,301.08000000
1777086000000,2026-04-25T03:00:00+00:00,418.51000000,418.74000000,417.45000000,418.13000000,802.64000000
1777089600000,2026-04-25T04:00:00+00:00,418.16000000,418.80000000,417.95000000,418.74000000,120.33000000
1777093200000,2026-04-25T05:00:00+00:00,418.75000000,418.77000000,418.21000000,418.71000000,442.24000000
1777096800000,2026-04-25T06:00:00+00:00,418.74000000,419.57000000,418.62000000,419.47000000,263.27000000
1777100400000,2026-04-25T07:00:00+00:00,419.47000000,421.00000000,419.35000000,420.89000000,305.05000000
1777104000000,2026-04-25T08:00:00+00:00,420.89000000,420.89000000,418.50000000,419.99000000,151.68000000
1777107600000,2026-04-25T09:00:00+00:00,419.99000000,420.30000000,419.44000000,419.90000000,298.91000000
1777111200000,2026-04-25T10:00:00+00:00,419.85000000,419.98000000,419.78000000,419.82000000,18.64000000
1777114800000,2026-04-25T11:00:00+00:00,419.97000000,420.11000000,419.81000000,419.93000000,13.40000000
1777118400000,2026-04-25T12:00:00+00:00,419.84000000,420.09000000,419.82000000,419.82000000,40.80000000
1777122000000,2026-04-25T13:00:00+00:00,420.08000000,420.09000000,419.82000000,419.82000000,46.83000000
1777125600000,2026-04-25T14:00:00+00:00,419.82000000,419.99000000,419.66000000,419.94000000,15.32000000
1777129200000,2026-04-25T15:00:00+00:00,419.89000000,420.01000000,419.66000000,419.98000000,10.51000000
1777132800000,2026-04-25T16:00:00+00:00,419.67000000,419.90000000,419.16000000,419.41000000,36.13000000
1777136400000,2026-04-25T17:00:00+00:00,419.51000000,419.71000000,418.89000000,419.64000000,9.87000000
1777140000000,2026-04-25T18:00:00+00:00,419.56000000,419.67000000,418.77000000,419.59000000,6.20000000
1777143600000,2026-04-25T19:00:00+00:00,419.35000000,419.35000000,419.35000000,419.35000000,0.11000000
1777147200000,2026-04-25T20:00:00+00:00,419.36000000,419.64000000,419.35000000,419.35000000,0.68000000
1777150800000,2026-04-25T21:00:00+00:00,419.35000000,420.00000000,418.82000000,419.58000000,43.68000000
1777154400000,2026-04-25T22:00:00+00:00,419.58000000,419.74000000,419.15000000,419.15000000,13.46000000
1777158000000,2026-04-25T23:00:00+00:00,418.82000000,419.88000000,418.82000000,419.15000000,3.74000000
1777161600000,2026-04-26T00:00:00+00:00,418.83000000,419.80000000,418.82000000,419.77000000,9.81000000
1777165200000,2026-04-26T01:00:00+00:00,419.77000000,419.79000000,419.43000000,419.79000000,0.48000000
1777168800000,2026-04-26T02:00:00+00:00,419.49000000,419.80000000,418.82000000,419.15000000,13.41000000
1777172400000,2026-04-26T03:00:00+00:00,418.90000000,419.80000000,418.82000000,419.49000000,1.82000000
1777176000000,2026-04-26T04:00:00+00:00,419.79000000,419.79000000,419.19000000,419.19000000,0.58000000
1777179600000,2026-04-26T05:00:00+00:00,419.19000000,419.87000000,418.40000000,419.35000000,44.03000000
1777183200000,2026-04-26T06:00:00+00:00,419.35000000,419.98000000,418.32000000,419.97000000,15.69000000
1777186800000,2026-04-26T07:00:00+00:00,419.67000000,419.98000000,419.15000000,419.72000000,4.02000000
1777190400000,2026-04-26T08:00:00+00:00,419.42000000,419.91000000,419.15000000,419.56000000,3.99000000
1777194000000,2026-04-26T09:00:00+00:00,419.26000000,420.00000000,418.32000000,419.89000000,41.09000000
1777197600000,2026-04-26T10:00:00+00:00,419.97000000,420.12000000,419.67000000,419.67000000,18.39000000
1777201200000,2026-04-26T11:00:00+00:00,420.11000000,420.12000000,419.67000000,419.80000000,3.87000000
1777204800000,2026-04-26T12:00:00+00:00,419.80000000,420.11000000,419.68000000,420.06000000,11.41000000
1777208400000,2026-04-26T13:00:00+00:00,419.69000000,420.19000000,419.67000000,419.68000000,26.47000000
1777212000000,2026-04-26T14:00:00+00:00,419.68000000,420.54000000,419.67000000,419.67000000,2.63000000
1777215600000,2026-04-26T15:00:00+00:00,419.67000000,420.66000000,418.63000000,420.11000000,47.88000000
1777219200000,2026-04-26T16:00:00+00:00,419.70000000,420.66000000,419.39000000,419.71000000,13.24000000
1777222800000,2026-04-26T17:00:00+00:00,420.65000000,421.40000000,420.25000000,421.33000000,64.33000000
1777226400000,2026-04-26T18:00:00+00:00,421.04000000,422.47000000,421.03000000,421.27000000,14.45000000
1777230000000,2026-04-26T19:00:00+00:00,421.26000000,423.05000000,421.25000000,422.95000000,24.44000000
1777233600000,2026-04-26T20:00:00+00:00,423.37000000,423.60000000,421.26000000,422.48000000,43.79000000
1777237200000,2026-04-26T21:00:00+00:00,422.79000000,423.29000000,421.66000000,422.47000000,8.81000000
1777240800000,2026-04-26T22:00:00+00:00,422.17000000,422.17000000,418.91000000,419.72000000,59.49000000
1777244400000,2026-04-26T23:00:00+00:00,419.72000000,421.61000000,418.46000000,420.00000000,75.67000000
1777248000000,2026-04-27T00:00:00+00:00,420.22000000,424.21000000,420.18000000,424.21000000,351.73000000
1777251600000,2026-04-27T01:00:00+00:00,424.95000000,427.95000000,424.15000000,426.03000000,302.02000000
1777255200000,2026-04-27T02:00:00+00:00,426.03000000,426.35000000,423.85000000,425.77000000,56.63000000
1777258800000,2026-04-27T03:00:00+00:00,425.72000000,425.94000000,425.44000000,425.49000000,71.87000000
1777262400000,2026-04-27T04:00:00+00:00,425.49000000,425.49000000,424.20000000,424.56000000,25.90000000
1777266000000,2026-04-27T05:00:00+00:00,424.97000000,424.97000000,421.60000000,423.04000000,71.92000000
1777269600000,2026-04-27T06:00:00+00:00,422.95000000,423.21000000,421.48000000,422.03000000,74.88000000
1777273200000,2026-04-27T07:00:00+00:00,422.32000000,422.32000000,420.51000000,421.19000000,10.91000000
1777276800000,2026-04-27T08:00:00+00:00,421.48000000,424.99000000,421.00000000,423.26000000,40.70000000
1777280400000,2026-04-27T09:00:00+00:00,423.28000000,424.29000000,422.93000000,423.57000000,71.38000000
1777284000000,2026-04-27T10:00:00+00:00,423.56000000,424.77000000,423.31000000,424.54000000,46.21000000
1777287600000,2026-04-27T11:00:00+00:00,424.02000000,424.89000000,424.00000000,424.31000000,23.45000000
1777291200000,2026-04-27T12:00:00+00:00,424.36000000,424.36000000,418.94000000,421.77000000,141.36000000
1777294800000,2026-04-27T13:00:00+00:00,421.59000000,422.86000000,416.01000000,421.14000000,463.40000000
1777298400000,2026-04-27T14:00:00+00:00,420.94000000,421.19000000,414.67000000,415.51000000,650.70000000
1777302000000,2026-04-27T15:00:00+00:00,415.72000000,417.98000000,414.29000000,416.16000000,422.48000000
1777305600000,2026-04-27T16:00:00+00:00,416.33000000,417.31000000,414.94000000,416.09000000,109.16000000
1777309200000,2026-04-27T17:00:00+00:00,416.09000000,417.80000000,414.89000000,416.64000000,35.80000000
1777312800000,2026-04-27T18:00:00+00:00,416.39000000,416.97000000,415.72000000,416.19000000,11.10000000
1777316400000,2026-04-27T19:00:00+00:00,416.18000000,418.75000000,415.46000000,418.47000000,30.14000000
1777320000000,2026-04-27T20:00:00+00:00,418.17000000,418.92000000,417.49000000,418.61000000,12.50000000
1777323600000,2026-04-27T21:00:00+00:00,417.61000000,418.32000000,417.57000000,418.32000000,5.40000000
1777327200000,2026-04-27T22:00:00+00:00,418.30000000,418.93000000,418.04000000,418.41000000,8.89000000
1777330800000,2026-04-27T23:00:00+00:00,418.33000000,418.41000000,417.98000000,418.41000000,8.06000000
1777334400000,2026-04-28T00:00:00+00:00,418.40000000,419.31000000,417.18000000,417.94000000,67.94000000
1777338000000,2026-04-28T01:00:00+00:00,418.08000000,418.34000000,417.43000000,417.63000000,7.69000000
1777341600000,2026-04-28T02:00:00+00:00,417.63000000,418.46000000,416.00000000,416.72000000,34.22000000
1777345200000,2026-04-28T03:00:00+00:00,416.24000000,417.75000000,416.24000000,416.90000000,28.48000000
1777348800000,2026-04-28T04:00:00+00:00,417.07000000,417.75000000,416.35000000,416.64000000,26.93000000
1777352400000,2026-04-28T05:00:00+00:00,417.25000000,417.25000000,414.40000000,414.97000000,41.63000000
1777356000000,2026-04-28T06:00:00+00:00,414.97000000,414.99000000,410.63000000,411.18000000,108.16000000
1777359600000,2026-04-28T07:00:00+00:00,411.18000000,411.80000000,408.39000000,409.38000000,171.10000000
1777363200000,2026-04-28T08:00:00+00:00,409.91000000,410.61000000,407.75000000,407.75000000,56.78000000
1777366800000,2026-04-28T09:00:00+00:00,407.75000000,408.07000000,402.63000000,404.04000000,376.73000000
1777370400000,2026-04-28T10:00:00+00:00,404.24000000,405.15000000,402.67000000,403.85000000,77.50000000
1777374000000,2026-04-28T11:00:00+00:00,404.05000000,404.05000000,397.07000000,399.60000000,236.92000000
1777377600000,2026-04-28T12:00:00+00:00,399.17000000,402.48000000,397.61000000,401.67000000,196.90000000
1777381200000,2026-04-28T13:00:00+00:00,401.95000000,405.93000000,397.89000000,403.54000000,245.10000000
1777384800000,2026-04-28T14:00:00+00:00,403.65000000,405.74000000,397.10000000,400.14000000,490.95000000
1777388400000,2026-04-28T15:00:00+00:00,400.32000000,400.95000000,395.02000000,395.75000000,350.62000000
1777392000000,2026-04-28T16:00:00+00:00,395.58000000,399.05000000,395.24000000,397.34000000,70.38000000
1777395600000,2026-04-28T17:00:00+00:00,397.19000000,398.99000000,396.62000000,398.47000000,43.98000000
1777399200000,2026-04-28T18:00:00+00:00,398.48000000,401.14000000,398.40000000,400.34000000,27.14000000
1777402800000,2026-04-28T19:00:00+00:00,400.36000000,402.33000000,399.66000000,399.83000000,40.21000000
1777406400000,2026-04-28T20:00:00+00:00,399.78000000,400.98000000,399.76000000,400.64000000,11.86000000
1777410000000,2026-04-28T21:00:00+00:00,400.15000000,401.04000000,398.39000000,399.80000000,74.56000000
1777413600000,2026-04-28T22:00:00+00:00,399.80000000,400.44000000,398.25000000,400.00000000,28.78000000
1777417200000,2026-04-28T23:00:00+00:00,399.74000000,400.69000000,399.35000000,400.12000000,16.48000000
1777420800000,2026-04-29T00:00:00+00:00,399.72000000,402.46000000,399.68000000,400.35000000,57.73000000
1777424400000,2026-04-29T01:00:00+00:00,400.64000000,401.52000000,398.18000000,400.14000000,46.07000000
1777428000000,2026-04-29T02:00:00+00:00,399.47000000,400.98000000,399.33000000,400.78000000,30.37000000
1777431600000,2026-04-29T03:00:00+00:00,399.85000000,401.28000000,399.85000000,400.48000000,10.26000000
1777435200000,2026-04-29T04:00:00+00:00,400.67000000,402.12000000,400.34000000,401.89000000,32.00000000
1777438800000,2026-04-29T05:00:00+00:00,401.87000000,403.07000000,401.17000000,402.83000000,13.96000000
1777442400000,2026-04-29T06:00:00+00:00,402.25000000,403.45000000,400.17000000,401.38000000,161.84000000
1777446000000,2026-04-29T07:00:00+00:00,400.94000000,402.36000000,400.55000000,401.85000000,41.74000000
1777449600000,2026-04-29T08:00:00+00:00,401.53000000,402.12000000,400.23000000,401.44000000,42.85000000
1777453200000,2026-04-29T09:00:00+00:00,401.41000000,401.99000000,400.44000000,401.12000000,65.04000000
1777456800000,2026-04-29T10:00:00+00:00,401.12000000,402.35000000,400.48000000,402.02000000,66.48000000
1777460400000,2026-04-29T11:00:00+00:00,402.02000000,403.25000000,401.33000000,402.57000000,52.92000000
1777464000000,2026-04-29T12:00:00+00:00,402.58000000,403.18000000,399.61000000,401.64000000,89.97000000
1777467600000,2026-04-29T13:00:00+00:00,401.80000000,404.01000000,398.49000000,402.14000000,537.99000000
1777471200000,2026-04-29T14:00:00+00:00,401.91000000,404.36000000,399.00000000,401.81000000,305.81000000
1777474800000,2026-04-29T15:00:00+00:00,401.85000000,402.59000000,398.17000000,399.85000000,212.78000000
1777478400000,2026-04-29T16:00:00+00:00,399.85000000,400.67000000,397.01000000,398.06000000,78.46000000
1777482000000,2026-04-29T17:00:00+00:00,398.16000000,400.79000000,397.16000000,400.71000000,48.97000000
1777485600000,2026-04-29T18:00:00+00:00,400.09000000,400.48000000,397.20000000,400.48000000,46.18000000
1777489200000,2026-04-29T19:00:00+00:00,400.11000000,405.89000000,399.93000000,405.89000000,93.34000000
1777492800000,2026-04-29T20:00:00+00:00,406.00000000,410.83000000,402.16000000,409.17000000,137.67000000
1777496400000,2026-04-29T21:00:00+00:00,408.72000000,411.99000000,403.14000000,409.98000000,185.07000000
1777500000000,2026-04-29T22:00:00+00:00,409.97000000,415.58000000,408.00000000,412.80000000,188.01000000
1777503600000,2026-04-29T23:00:00+00:00,412.20000000,415.92000000,411.26000000,415.04000000,215.79000000
1777507200000,2026-04-30T00:00:00+00:00,414.65000000,419.14000000,412.91000000,414.98000000,365.15000000
1777510800000,2026-04-30T01:00:00+00:00,414.97000000,416.20000000,413.10000000,414.27000000,227.30000000
1777514400000,2026-04-30T02:00:00+00:00,414.36000000,414.88000000,408.28000000,408.67000000,185.22000000
1777518000000,2026-04-30T03:00:00+00:00,409.14000000,411.35000000,408.86000000,409.83000000,37.25000000
1777521600000,2026-04-30T04:00:00+00:00,409.81000000,412.33000000,407.12000000,408.97000000,109.66000000
1777525200000,2026-04-30T05:00:00+00:00,408.76000000,409.40000000,407.35000000,407.35000000,67.58000000
1777528800000,2026-04-30T06:00:00+00:00,407.11000000,408.12000000,404.32000000,407.48000000,81.83000000
1777532400000,2026-04-30T07:00:00+00:00,407.31000000,409.42000000,406.66000000,408.88000000,139.68000000
1777536000000,2026-04-30T08:00:00+00:00,409.00000000,413.62000000,408.49000000,411.64000000,166.81000000
1777539600000,2026-04-30T09:00:00+00:00,411.29000000,412.10000000,409.92000000,410.35000000,35.77000000
1777543200000,2026-04-30T10:00:00+00:00,410.35000000,413.56000000,408.40000000,411.15000000,57.99000000
1777546800000,2026-04-30T11:00:00+00:00,411.15000000,413.29000000,409.71000000,411.76000000,39.21000000
1777550400000,2026-04-30T12:00:00+00:00,412.05000000,415.87000000,411.60000000,414.38000000,64.36000000
1777554000000,2026-04-30T13:00:00+00:00,414.43000000,419.03000000,409.21000000,411.51000000,557.72000000
1777557600000,2026-04-30T14:00:00+00:00,411.89000000,414.46000000,404.40000000,410.42000000,279.32000000
1777561200000,2026-04-30T15:00:00+00:00,410.60000000,414.10000000,409.88000000,413.30000000,138.65000000
1777564800000,2026-04-30T16:00:00+00:00,413.41000000,414.82000000,412.35000000,413.86000000,45.61000000
1777568400000,2026-04-30T17:00:00+00:00,413.77000000,419.14000000,411.07000000,416.95000000,337.33000000
1777572000000,2026-04-30T18:00:00+00:00,417.14000000,417.50000000,415.22000000,415.44000000,88.19000000
1777575600000,2026-04-30T19:00:00+00:00,415.73000000,418.82000000,415.19000000,417.80000000,78.03000000
1777579200000,2026-04-30T20:00:00+00:00,417.59000000,418.46000000,412.11000000,413.56000000,124.84000000
1777582800000,2026-04-30T21:00:00+00:00,413.81000000,416.10000000,411.81000000,414.44000000,57.03000000
1777586400000,2026-04-30T22:00:00+00:00,414.53000000,415.68000000,412.96000000,413.40000000,22.15000000
1777590000000,2026-04-30T23:00:00+00:00,414.00000000,414.95000000,413.61000000,413.92000000,16.74000000
1777593600000,2026-05-01T00:00:00+00:00,414.24000000,416.91000000,414.07000000,416.20000000,247.59000000
1777597200000,2026-05-01T01:00:00+00:00,416.14000000,417.84000000,415.53000000,417.52000000,66.72000000
1777600800000,2026-05-01T02:00:00+00:00,417.58000000,418.17000000,416.08000000,417.17000000,78.36000000
1777604400000,2026-05-01T03:00:00+00:00,416.88000000,417.92000000,416.80000000,417.33000000,45.74000000
1777608000000,2026-05-01T04:00:00+00:00,417.33000000,417.39000000,416.18000000,416.41000000,35.20000000
1777611600000,2026-05-01T05:00:00+00:00,416.82000000,417.32000000,415.51000000,417.32000000,18.53000000
1777615200000,2026-05-01T06:00:00+00:00,417.10000000,418.51000000,416.35000000,417.00000000,54.70000000
1777618800000,2026-05-01T07:00:00+00:00,417.00000000,417.68000000,416.08000000,416.08000000,56.97000000
1777622400000,2026-05-01T08:00:00+00:00,416.10000000,416.93000000,414.17000000,415.08000000,150.40000000
1777626000000,2026-05-01T09:00:00+00:00,414.35000000,415.08000000,414.06000000,414.59000000,18.68000000
1777629600000,2026-05-01T10:00:00+00:00,414.99000000,416.19000000,414.34000000,415.06000000,67.12000000
1777633200000,2026-05-01T11:00:00+00:00,415.07000000,415.67000000,414.08000000,414.27000000,26.86000000
1777636800000,2026-05-01T12:00:00+00:00,414.27000000,415.62000000,414.27000000,414.48000000,31.36000000
1777640400000,2026-05-01T13:00:00+00:00,414.77000000,423.01000000,413.90000000,421.14000000,211.29000000
1777644000000,2026-05-01T14:00:00+00:00,421.27000000,421.87000000,416.58000000,420.09000000,327.48000000
1777647600000,2026-05-01T15:00:00+00:00,420.18000000,423.14000000,419.39000000,421.98000000,198.59000000
1777651200000,2026-05-01T16:00:00+00:00,422.01000000,422.57000000,419.86000000,420.49000000,54.22000000
1777654800000,2026-05-01T17:00:00+00:00,420.35000000,423.42000000,420.25000000,422.40000000,143.13000000
1777658400000,2026-05-01T18:00:00+00:00,422.65000000,423.36000000,421.11000000,422.57000000,94.60000000
1777662000000,2026-05-01T19:00:00+00:00,422.69000000,423.47000000,420.24000000,421.36000000,40.03000000
1777665600000,2026-05-01T20:00:00+00:00,421.53000000,422.15000000,419.91000000,420.25000000,75.48000000
1777669200000,2026-05-01T21:00:00+00:00,420.25000000,420.78000000,419.86000000,420.23000000,11.09000000
1777672800000,2026-05-01T22:00:00+00:00,420.36000000,420.81000000,420.08000000,420.46000000,2.65000000
1777676400000,2026-05-01T23:00:00+00:00,420.38000000,421.26000000,420.04000000,420.66000000,12.03000000
1777680000000,2026-05-02T00:00:00+00:00,420.53000000,420.94000000,419.56000000,420.60000000,32.35000000
1777683600000,2026-05-02T01:00:00+00:00,420.50000000,421.31000000,420.21000000,420.91000000,15.79000000
1777687200000,2026-05-02T02:00:00+00:00,420.90000000,421.77000000,420.31000000,421.22000000,27.04000000
1777690800000,2026-05-02T03:00:00+00:00,421.19000000,421.32000000,420.79000000,420.79000000,5.22000000
1777694400000,2026-05-02T04:00:00+00:00,420.88000000,421.90000000,420.62000000,421.10000000,35.53000000
1777698000000,2026-05-02T05:00:00+00:00,421.31000000,421.63000000,420.99000000,421.25000000,19.51000000
1777701600000,2026-05-02T06:00:00+00:00,421.05000000,421.35000000,420.60000000,420.89000000,46.56000000
1777705200000,2026-05-02T07:00:00+00:00,421.09000000,421.49000000,420.62000000,421.33000000,22.27000000
1777708800000,2026-05-02T08:00:00+00:00,421.33000000,421.33000000,420.60000000,420.98000000,22.18000000
1777712400000,2026-05-02T09:00:00+00:00,420.88000000,421.32000000,420.75000000,421.25000000,3.05000000
1777716000000,2026-05-02T10:00:00+00:00,421.05000000,421.05000000,419.53000000,420.19000000,24.00000000
1777719600000,2026-05-02T11:00:00+00:00,420.19000000,421.32000000,420.19000000,420.54000000,15.15000000
1777723200000,2026-05-02T12:00:00+00:00,420.51000000,421.33000000,420.50000000,421.32000000,9.63000000
1777726800000,2026-05-02T13:00:00+00:00,421.30000000,421.30000000,420.83000000,420.99000000,3.27000000
1777730400000,2026-05-02T14:00:00+00:00,421.20000000,421.89000000,420.82000000,420.84000000,11.73000000
1777734000000,2026-05-02T15:00:00+00:00,420.83000000,421.92000000,420.83000000,421.40000000,15.10000000
1777737600000,2026-05-02T16:00:00+00:00,421.40000000,422.19000000,420.55000000,421.46000000,32.99000000
1777741200000,2026-05-02T17:00:00+00:00,420.54000000,421.47000000,420.54000000,420.98000000,1.73000000
1777744800000,2026-05-02T18:00:00+00:00,420.98000000,421.27000000,420.54000000,421.26000000,2.01000000
1777748400000,2026-05-02T19:00:00+00:00,420.55000000,421.26000000,420.54000000,421.26000000,2.20000000
1777752000000,2026-05-02T20:00:00+00:00,420.57000000,421.58000000,419.78000000,421.54000000,34.51000000
1777755600000,2026-05-02T21:00:00+00:00,421.28000000,422.20000000,420.73000000,420.95000000,39.98000000
1777759200000,2026-05-02T22:00:00+00:00,421.17000000,421.58000000,420.84000000,421.29000000,6.22000000
1777762800000,2026-05-02T23:00:00+00:00,420.85000000,421.22000000,420.84000000,421.22000000,5.59000000
1777766400000,2026-05-03T00:00:00+00:00,420.84000000,421.08000000,419.74000000,421.07000000,33.01000000
1777770000000,2026-05-03T01:00:00+00:00,421.07000000,422.04000000,419.90000000,420.92000000,30.81000000
1777773600000,2026-05-03T02:00:00+00:00,421.21000000,421.66000000,420.59000000,421.30000000,16.02000000
1777777200000,2026-05-03T03:00:00+00:00,421.56000000,421.66000000,420.59000000,421.18000000,24.25000000
1777780800000,2026-05-03T04:00:00+00:00,421.17000000,421.17000000,420.59000000,420.79000000,4.48000000
1777784400000,2026-05-03T05:00:00+00:00,420.91000000,422.18000000,419.90000000,421.90000000,42.88000000
1777788000000,2026-05-03T06:00:00+00:00,422.00000000,422.18000000,420.79000000,421.51000000,28.45000000
1777791600000,2026-05-03T07:00:00+00:00,421.59000000,422.18000000,420.69000000,422.10000000,45.93000000
1777795200000,2026-05-03T08:00:00+00:00,422.18000000,422.60000000,421.62000000,421.83000000,18.57000000
1777798800000,2026-05-03T09:00:00+00:00,422.41000000,422.62000000,420.97000000,420.98000000,20.66000000
1777802400000,2026-05-03T10:00:00+00:00,421.71000000,422.51000000,421.10000000,421.26000000,3.66000000
1777806000000,2026-05-03T11:00:00+00:00,421.73000000,424.00000000,420.80000000,422.98000000,79.62000000
1777809600000,2026-05-03T12:00:00+00:00,423.26000000,424.00000000,422.41000000,422.98000000,30.25000000
1777813200000,2026-05-03T13:00:00+00:00,423.26000000,423.99000000,421.76000000,422.34000000,17.54000000
1777816800000,2026-05-03T14:00:00+00:00,422.13000000,422.75000000,419.00000000,422.56000000,41.93000000
1777820400000,2026-05-03T15:00:00+00:00,422.05000000,423.63000000,418.92000000,422.45000000,21.40000000
1777824000000,2026-05-03T16:00:00+00:00,422.47000000,423.28000000,421.65000000,422.18000000,7.95000000
1777827600000,2026-05-03T17:00:00+00:00,422.34000000,425.90000000,421.91000000,423.82000000,189.47000000
1777831200000,2026-05-03T18:00:00+00:00,423.73000000,424.43000000,421.27000000,423.20000000,197.46000000
1777834800000,2026-05-03T19:00:00+00:00,423.17000000,424.71000000,422.45000000,423.07000000,108.32000000
1777838400000,2026-05-03T20:00:00+00:00,423.13000000,423.32000000,422.43000000,423.09000000,648.92000000
1777842000000,2026-05-03T21:00:00+00:00,423.10000000,424.85000000,422.65000000,424.79000000,249.96000000
1777845600000,2026-05-03T22:00:00+00:00,424.74000000,425.11000000,422.31000000,423.19000000,113.46000000
1777849200000,2026-05-03T23:00:00+00:00,423.26000000,424.02000000,420.95000000,421.75000000,190.73000000
1777852800000,2026-05-04T00:00:00+00:00,422.17000000,428.16000000,420.69000000,422.12000000,228.88000000
1777856400000,2026-05-04T01:00:00+00:00,422.26000000,422.90000000,420.77000000,422.58000000,130.99000000
1777860000000,2026-05-04T02:00:00+00:00,422.70000000,423.20000000,421.70000000,423.01000000,75.02000000
1777863600000,2026-05-04T03:00:00+00:00,422.89000000,423.50000000,422.27000000,422.74000000,72.93000000
1777867200000,2026-05-04T04:00:00+00:00,422.79000000,423.36000000,422.65000000,423.06000000,89.56000000
1777870800000,2026-05-04T05:00:00+00:00,423.00000000,423.42000000,422.55000000,422.64000000,50.18000000
1777874400000,2026-05-04T06:00:00+00:00,422.83000000,423.23000000,420.99000000,421.48000000,37.07000000
1777878000000,2026-05-04T07:00:00+00:00,421.76000000,422.75000000,421.76000000,422.71000000,28.33000000
1777881600000,2026-05-04T08:00:00+00:00,422.71000000,422.78000000,420.91000000,422.19000000,69.34000000
1777885200000,2026-05-04T09:00:00+00:00,422.21000000,422.42000000,420.61000000,420.93000000,44.66000000
1777888800000,2026-05-04T10:00:00+00:00,420.90000000,421.03000000,415.47000000,418.26000000,272.02000000
1777892400000,2026-05-04T11:00:00+00:00,418.26000000,419.62000000,417.24000000,419.14000000,64.41000000
1777896000000,2026-05-04T12:00:00+00:00,419.39000000,421.26000000,419.25000000,419.85000000,53.89000000
1777899600000,2026-05-04T13:00:00+00:00,419.74000000,424.13000000,417.44000000,421.23000000,223.95000000
1777903200000,2026-05-04T14:00:00+00:00,421.31000000,421.58000000,415.40000000,416.68000000,175.49000000
1777906800000,2026-05-04T15:00:00+00:00,416.51000000,418.31000000,411.18000000,412.93000000,182.32000000
1777910400000,2026-05-04T16:00:00+00:00,412.82000000,413.21000000,410.01000000,411.99000000,86.24000000
1777914000000,2026-05-04T17:00:00+00:00,411.74000000,414.48000000,411.49000000,413.16000000,43.61000000
1777917600000,2026-05-04T18:00:00+00:00,412.86000000,415.13000000,411.75000000,414.92000000,39.81000000
1777921200000,2026-05-04T19:00:00+00:00,415.07000000,417.51000000,414.90000000,416.54000000,44.96000000
1777924800000,2026-05-04T20:00:00+00:00,416.42000000,416.61000000,415.16000000,415.22000000,16.49000000
1777928400000,2026-05-04T21:00:00+00:00,415.51000000,416.91000000,415.48000000,416.22000000,7.01000000
1777932000000,2026-05-04T22:00:00+00:00,416.92000000,417.30000000,416.04000000,416.04000000,13.33000000
1777935600000,2026-05-04T23:00:00+00:00,415.62000000,415.95000000,414.94000000,415.25000000,17.11000000
1777939200000,2026-05-05T00:00:00+00:00,415.64000000,416.35000000,414.54000000,415.91000000,64.97000000
1777942800000,2026-05-05T01:00:00+00:00,416.32000000,417.46000000,415.83000000,417.46000000,34.09000000
1777946400000,2026-05-05T02:00:00+00:00,417.44000000,417.81000000,416.06000000,416.37000000,114.21000000
1777950000000,2026-05-05T03:00:00+00:00,416.29000000,417.44000000,416.09000000,417.38000000,32.23000000
1777953600000,2026-05-05T04:00:00+00:00,417.39000000,417.58000000,416.76000000,417.51000000,18.32000000
1777957200000,2026-05-05T05:00:00+00:00,417.50000000,418.39000000,416.42000000,418.39000000,42.39000000
1777960800000,2026-05-05T06:00:00+00:00,418.77000000,419.15000000,417.55000000,419.14000000,9.95000000
1777964400000,2026-05-05T07:00:00+00:00,418.85000000,419.39000000,418.40000000,418.40000000,2.88000000
1777968000000,2026-05-05T08:00:00+00:00,419.29000000,419.34000000,418.62000000,419.34000000,6.11000000
1777971600000,2026-05-05T09:00:00+00:00,418.75000000,419.94000000,418.63000000,419.45000000,8.76000000
1777975200000,2026-05-05T10:00:00+00:00,419.17000000,419.81000000,418.62000000,418.82000000,35.49000000
1777978800000,2026-05-05T11:00:00+00:00,418.89000000,419.62000000,418.49000000,419.46000000,19.01000000
1777982400000,2026-05-05T12:00:00+00:00,419.47000000,420.66000000,419.03000000,420.29000000,520.69000000
1777986000000,2026-05-05T13:00:00+00:00,420.18000000,426.70000000,420.06000000,423.50000000,424.34000000
1777989600000,2026-05-05T14:00:00+00:00,423.13000000,424.56000000,419.24000000,424.25000000,199.19000000
1777993200000,2026-05-05T15:00:00+00:00,424.11000000,429.75000000,423.97000000,426.75000000,326.25000000
1777996800000,2026-05-05T16:00:00+00:00,427.15000000,431.55000000,427.03000000,430.32000000,262.72000000
1778000400000,2026-05-05T17:00:00+00:00,430.17000000,432.98000000,430.12000000,432.55000000,152.53000000
1778004000000,2026-05-05T18:00:00+00:00,432.72000000,433.84000000,430.71000000,431.24000000,301.76000000
1778007600000,2026-05-05T19:00:00+00:00,430.95000000,431.55000000,427.08000000,427.24000000,180.69000000
1778011200000,2026-05-05T20:00:00+00:00,427.67000000,440.67000000,427.00000000,435.69000000,743.73000000
1778014800000,2026-05-05T21:00:00+00:00,435.79000000,437.56000000,432.96000000,433.09000000,91.73000000
1778018400000,2026-05-05T22:00:00+00:00,432.67000000,434.15000000,430.58000000,433.74000000,123.13000000
1778022000000,2026-05-05T23:00:00+00:00,433.56000000,434.09000000,431.87000000,432.24000000,47.80000000
1778025600000,2026-05-06T00:00:00+00:00,431.90000000,434.35000000,429.46000000,431.13000000,88.97000000
1778029200000,2026-05-06T01:00:00+00:00,431.28000000,431.37000000,429.43000000,429.48000000,151.00000000
1778032800000,2026-05-06T02:00:00+00:00,429.98000000,430.06000000,428.65000000,429.54000000,45.82000000
1778036400000,2026-05-06T03:00:00+00:00,429.85000000,431.69000000,429.16000000,431.04000000,88.92000000
1778040000000,2026-05-06T04:00:00+00:00,431.04000000,431.37000000,430.59000000,431.00000000,39.33000000
1778043600000,2026-05-06T05:00:00+00:00,431.00000000,433.86000000,430.70000000,433.86000000,44.61000000
1778047200000,2026-05-06T06:00:00+00:00,433.86000000,434.17000000,430.67000000,432.04000000,254.22000000
1778050800000,2026-05-06T07:00:00+00:00,432.24000000,432.86000000,431.11000000,432.64000000,107.58000000
1778054400000,2026-05-06T08:00:00+00:00,432.64000000,434.72000000,431.24000000,433.82000000,117.65000000
1778058000000,2026-05-06T09:00:00+00:00,433.83000000,434.59000000,432.42000000,434.38000000,211.47000000
1778061600000,2026-05-06T10:00:00+00:00,434.31000000,435.85000000,434.12000000,435.04000000,178.80000000
1778065200000,2026-05-06T11:00:00+00:00,434.91000000,439.29000000,434.91000000,436.47000000,159.80000000
1778068800000,2026-05-06T12:00:00+00:00,436.42000000,437.46000000,434.34000000,435.49000000,158.21000000
1778072400000,2026-05-06T13:00:00+00:00,435.64000000,437.70000000,427.40000000,427.96000000,855.96000000
1778076000000,2026-05-06T14:00:00+00:00,427.74000000,428.21000000,418.27000000,423.31000000,586.17000000
1778079600000,2026-05-06T15:00:00+00:00,423.48000000,425.80000000,421.41000000,422.46000000,337.22000000
1778083200000,2026-05-06T16:00:00+00:00,422.35000000,424.89000000,421.37000000,421.98000000,378.44000000
1778086800000,2026-05-06T17:00:00+00:00,421.74000000,422.53000000,420.35000000,420.94000000,223.05000000
1778090400000,2026-05-06T18:00:00+00:00,420.85000000,423.60000000,420.54000000,422.65000000,125.68000000
1778094000000,2026-05-06T19:00:00+00:00,422.65000000,425.87000000,421.75000000,425.87000000,299.90000000
1778097600000,2026-05-06T20:00:00+00:00,425.82000000,426.92000000,424.90000000,425.43000000,27.06000000
1778101200000,2026-05-06T21:00:00+00:00,425.32000000,425.64000000,422.72000000,422.72000000,13.06000000
1778104800000,2026-05-06T22:00:00+00:00,423.04000000,425.36000000,423.04000000,424.78000000,20.56000000
1778108400000,2026-05-06T23:00:00+00:00,424.59000000,425.35000000,424.40000000,424.86000000,95.54000000
1778112000000,2026-05-07T00:00:00+00:00,424.85000000,426.13000000,423.03000000,423.79000000,60.93000000
1778115600000,2026-05-07T01:00:00+00:00,424.09000000,425.45000000,422.78000000,424.84000000,88.74000000
1778119200000,2026-05-07T02:00:00+00:00,424.83000000,425.18000000,423.81000000,425.11000000,106.78000000
1778122800000,2026-05-07T03:00:00+00:00,425.09000000,425.69000000,424.44000000,425.40000000,72.36000000
1778126400000,2026-05-07T04:00:00+00:00,425.36000000,425.94000000,425.06000000,425.77000000,15.45000000
1778130000000,2026-05-07T05:00:00+00:00,425.66000000,425.72000000,425.13000000,425.37000000,6.73000000
1778133600000,2026-05-07T06:00:00+00:00,425.70000000,427.48000000,425.69000000,427.05000000,91.90000000
1778137200000,2026-05-07T07:00:00+00:00,426.85000000,427.73000000,426.46000000,426.62000000,105.40000000
1778140800000,2026-05-07T08:00:00+00:00,426.83000000,427.41000000,426.04000000,426.30000000,76.26000000
1778144400000,2026-05-07T09:00:00+00:00,426.39000000,427.48000000,425.60000000,426.08000000,348.58000000
1778148000000,2026-05-07T10:00:00+00:00,425.48000000,426.39000000,423.72000000,425.19000000,307.14000000
1778151600000,2026-05-07T11:00:00+00:00,425.21000000,425.51000000,423.67000000,424.21000000,15.79000000
1778155200000,2026-05-07T12:00:00+00:00,424.47000000,424.64000000,422.36000000,423.62000000,165.91000000
1778158800000,2026-05-07T13:00:00+00:00,423.32000000,424.37000000,415.35000000,417.36000000,617.04000000
1778162400000,2026-05-07T14:00:00+00:00,417.26000000,426.85000000,417.26000000,423.34000000,524.05000000
1778166000000,2026-05-07T15:00:00+00:00,423.30000000,423.58000000,419.59000000,419.86000000,331.21000000
1778169600000,2026-05-07T16:00:00+00:00,419.74000000,420.03000000,417.16000000,418.24000000,283.97000000
1778173200000,2026-05-07T17:00:00+00:00,418.45000000,418.45000000,414.00000000,415.30000000,276.18000000
1778176800000,2026-05-07T18:00:00+00:00,415.39000000,416.16000000,406.56000000,413.02000000,2258.39000000
1778180400000,2026-05-07T19:00:00+00:00,413.12000000,416.29000000,411.97000000,412.92000000,369.43000000
1778184000000,2026-05-07T20:00:00+00:00,412.96000000,415.31000000,412.66000000,412.90000000,155.77000000
1778187600000,2026-05-07T21:00:00+00:00,412.90000000,413.30000000,409.51000000,410.67000000,65.49000000
1778191200000,2026-05-07T22:00:00+00:00,410.96000000,413.96000000,410.69000000,412.12000000,112.39000000
1778194800000,2026-05-07T23:00:00+00:00,412.08000000,413.47000000,412.05000000,412.96000000,26.25000000
1778198400000,2026-05-08T00:00:00+00:00,413.01000000,415.82000000,412.17000000,414.81000000,237.86000000
1778202000000,2026-05-08T01:00:00+00:00,414.69000000,417.07000000,414.67000000,415.95000000,66.64000000
1778205600000,2026-05-08T02:00:00+00:00,415.95000000,416.19000000,414.46000000,415.77000000,67.96000000
1778209200000,2026-05-08T03:00:00+00:00,415.69000000,416.14000000,415.14000000,415.42000000,132.17000000
1778212800000,2026-05-08T04:00:00+00:00,415.42000000,415.90000000,415.20000000,415.60000000,19.14000000
1778216400000,2026-05-08T05:00:00+00:00,415.61000000,417.17000000,415.60000000,416.81000000,18.53000000
1778220000000,2026-05-08T06:00:00+00:00,416.78000000,417.23000000,416.29000000,417.04000000,47.16000000
1778223600000,2026-05-08T07:00:00+00:00,417.02000000,417.29000000,416.18000000,416.36000000,125.28000000
1778227200000,2026-05-08T08:00:00+00:00,416.51000000,420.61000000,416.45000000,419.13000000,253.71000000
1778230800000,2026-05-08T09:00:00+00:00,419.26000000,420.77000000,418.73000000,418.74000000,41.81000000
1778234400000,2026-05-08T10:00:00+00:00,418.74000000,420.47000000,418.74000000,419.18000000,69.42000000
1778238000000,2026-05-08T11:00:00+00:00,419.31000000,420.73000000,418.97000000,420.36000000,111.19000000
1778241600000,2026-05-08T12:00:00+00:00,420.51000000,422.03000000,419.94000000,420.34000000,221.33000000
1778245200000,2026-05-08T13:00:00+00:00,420.36000000,423.88000000,413.77000000,422.60000000,875.50000000
1778248800000,2026-05-08T14:00:00+00:00,422.60000000,424.38000000,420.47000000,423.99000000,803.67000000
1778252400000,2026-05-08T15:00:00+00:00,424.03000000,426.65000000,422.35000000,425.46000000,261.05000000
1778256000000,2026-05-08T16:00:00+00:00,425.46000000,432.98000000,425.40000000,430.27000000,1068.01000000
1778259600000,2026-05-08T17:00:00+00:00,430.32000000,435.49000000,426.32000000,427.14000000,1187.67000000
1778263200000,2026-05-08T18:00:00+00:00,427.33000000,429.96000000,426.98000000,428.22000000,279.13000000
1778266800000,2026-05-08T19:00:00+00:00,428.42000000,430.79000000,427.50000000,430.24000000,425.28000000
1778270400000,2026-05-08T20:00:00+00:00,430.25000000,431.44000000,429.19000000,429.62000000,178.62000000
1778274000000,2026-05-08T21:00:00+00:00,429.64000000,429.67000000,428.83000000,429.28000000,49.16000000
1778277600000,2026-05-08T22:00:00+00:00,429.28000000,431.25000000,429.08000000,429.51000000,87.84000000
1778281200000,2026-05-08T23:00:00+00:00,429.63000000,431.15000000,429.18000000,430.06000000,63.94000000
1778284800000,2026-05-09T00:00:00+00:00,430.00000000,430.26000000,429.57000000,429.73000000,21.86000000
1778288400000,2026-05-09T01:00:00+00:00,429.82000000,431.10000000,429.57000000,430.77000000,67.45000000
1778292000000,2026-05-09T02:00:00+00:00,430.90000000,430.99000000,429.98000000,430.73000000,29.75000000
1778295600000,2026-05-09T03:00:00+00:00,430.73000000,431.00000000,429.62000000,429.84000000,140.23000000
1778299200000,2026-05-09T04:00:00+00:00,429.63000000,430.54000000,429.62000000,430.24000000,18.72000000
1778302800000,2026-05-09T05:00:00+00:00,430.22000000,430.79000000,429.51000000,430.47000000,104.12000000
1778306400000,2026-05-09T06:00:00+00:00,430.47000000,430.79000000,429.78000000,429.97000000,56.75000000
1778310000000,2026-05-09T07:00:00+00:00,429.97000000,430.40000000,429.50000000,429.91000000,44.93000000
1778313600000,2026-05-09T08:00:00+00:00,429.91000000,430.31000000,429.58000000,429.67000000,45.97000000
1778317200000,2026-05-09T09:00:00+00:00,429.83000000,430.15000000,429.70000000,429.95000000,20.06000000
1778320800000,2026-05-09T10:00:00+00:00,429.83000000,430.34000000,429.71000000,429.93000000,18.48000000
1778324400000,2026-05-09T11:00:00+00:00,429.92000000,431.39000000,429.86000000,431.00000000,73.93000000
1778328000000,2026-05-09T12:00:00+00:00,430.99000000,431.09000000,429.67000000,430.58000000,82.44000000
1778331600000,2026-05-09T13:00:00+00:00,430.63000000,431.31000000,429.88000000,430.43000000,80.62000000
1778335200000,2026-05-09T14:00:00+00:00,430.43000000,430.54000000,429.70000000,429.84000000,54.38000000
1778338800000,2026-05-09T15:00:00+00:00,429.83000000,430.90000000,429.55000000,430.67000000,122.21000000
1778342400000,2026-05-09T16:00:00+00:00,430.52000000,431.20000000,429.93000000,430.29000000,91.36000000
1778346000000,2026-05-09T17:00:00+00:00,430.30000000,430.47000000,429.91000000,430.08000000,23.15000000
1778349600000,2026-05-09T18:00:00+00:00,430.12000000,430.47000000,429.90000000,430.09000000,6.58000000
1778353200000,2026-05-09T19:00:00+00:00,430.06000000,430.23000000,429.81000000,430.03000000,14.21000000
1778356800000,2026-05-09T20:00:00+00:00,430.24000000,430.46000000,429.66000000,430.14000000,17.08000000
1778360400000,2026-05-09T21:00:00+00:00,430.29000000,430.89000000,429.99000000,430.75000000,12.28000000
1778364000000,2026-05-09T22:00:00+00:00,430.88000000,431.12000000,429.65000000,429.98000000,54.30000000
1778367600000,2026-05-09T23:00:00+00:00,430.15000000,431.10000000,429.91000000,430.04000000,17.27000000
1778371200000,2026-05-10T00:00:00+00:00,429.82000000,430.99000000,429.72000000,430.91000000,72.91000000
1778374800000,2026-05-10T01:00:00+00:00,430.97000000,430.97000000,430.02000000,430.16000000,52.59000000
1778378400000,2026-05-10T02:00:00+00:00,430.34000000,430.82000000,430.17000000,430.60000000,21.89000000
1778382000000,2026-05-10T03:00:00+00:00,430.54000000,431.02000000,430.40000000,431.02000000,28.35000000
1778385600000,2026-05-10T04:00:00+00:00,431.03000000,431.20000000,430.93000000,431.00000000,19.35000000
1778389200000,2026-05-10T05:00:00+00:00,431.10000000,431.20000000,430.71000000,430.71000000,16.51000000
1778392800000,2026-05-10T06:00:00+00:00,430.73000000,431.19000000,430.66000000,430.89000000,5.17000000
1778396400000,2026-05-10T07:00:00+00:00,431.16000000,431.16000000,429.70000000,429.99000000,90.77000000
1778400000000,2026-05-10T08:00:00+00:00,430.02000000,432.60000000,429.70000000,431.25000000,88.80000000
1778403600000,2026-05-10T09:00:00+00:00,431.20000000,431.56000000,431.07000000,431.19000000,10.55000000
1778407200000,2026-05-10T10:00:00+00:00,431.36000000,431.57000000,430.34000000,430.40000000,41.82000000
1778410800000,2026-05-10T11:00:00+00:00,430.45000000,430.74000000,430.19000000,430.51000000,42.44000000
1778414400000,2026-05-10T12:00:00+00:00,430.51000000,430.90000000,430.26000000,430.38000000,34.73000000
1778418000000,2026-05-10T13:00:00+00:00,430.38000000,432.02000000,430.18000000,430.42000000,225.52000000
1778421600000,2026-05-10T14:00:00+00:00,430.55000000,432.02000000,430.15000000,430.36000000,60.39000000
1778425200000,2026-05-10T15:00:00+00:00,430.37000000,431.45000000,429.62000000,430.09000000,119.76000000
1778428800000,2026-05-10T16:00:00+00:00,430.28000000,435.75000000,427.30000000,432.15000000,251.11000000
1778432400000,2026-05-10T17:00:00+00:00,432.00000000,432.49000000,431.58000000,432.20000000,87.38000000
1778436000000,2026-05-10T18:00:00+00:00,432.23000000,432.32000000,430.37000000,430.37000000,75.44000000
1778439600000,2026-05-10T19:00:00+00:00,430.47000000,431.09000000,430.05000000,430.74000000,108.58000000
1778443200000,2026-05-10T20:00:00+00:00,430.85000000,431.00000000,427.23000000,428.95000000,359.39000000
1778446800000,2026-05-10T21:00:00+00:00,429.00000000,430.43000000,423.62000000,428.07000000,335.85000000
1778450400000,2026-05-10T22:00:00+00:00,428.07000000,429.12000000,427.44000000,428.31000000,371.31000000
1778454000000,2026-05-10T23:00:00+00:00,428.49000000,429.66000000,427.88000000,429.06000000,206.43000000
1778457600000,2026-05-11T00:00:00+00:00,429.20000000,429.80000000,426.77000000,427.22000000,289.85000000
1778461200000,2026-05-11T01:00:00+00:00,427.22000000,428.02000000,425.30000000,427.82000000,226.18000000
1778464800000,2026-05-11T02:00:00+00:00,428.06000000,428.64000000,427.47000000,428.38000000,135.40000000
1778468400000,2026-05-11T03:00:00+00:00,428.44000000,428.59000000,427.71000000,428.09000000,91.92000000
1778472000000,2026-05-11T04:00:00+00:00,428.25000000,428.29000000,426.78000000,427.50000000,69.80000000
1778475600000,2026-05-11T05:00:00+00:00,427.51000000,428.00000000,426.94000000,427.32000000,45.28000000
1778479200000,2026-05-11T06:00:00+00:00,427.14000000,427.60000000,426.83000000,427.23000000,36.49000000
1778482800000,2026-05-11T07:00:00+00:00,427.25000000,428.42000000,426.58000000,428.32000000,105.37000000
1778486400000,2026-05-11T08:00:00+00:00,428.31000000,428.32000000,423.59000000,425.17000000,279.77000000
1778490000000,2026-05-11T09:00:00+00:00,425.14000000,426.19000000,424.74000000,426.12000000,100.03000000
1778493600000,2026-05-11T10:00:00+00:00,425.87000000,425.94000000,425.00000000,425.50000000,69.01000000
1778497200000,2026-05-11T11:00:00+00:00,425.57000000,427.50000000,425.40000000,426.75000000,165.85000000
1778500800000,2026-05-11T12:00:00+00:00,426.81000000,427.12000000,424.38000000,425.09000000,90.34000000
1778504400000,2026-05-11T13:00:00+00:00,425.13000000,434.18000000,424.30000000,430.64000000,1002.68000000
1778508000000,2026-05-11T14:00:00+00:00,430.64000000,431.59000000,424.64000000,430.80000000,825.93000000
1778511600000,2026-05-11T15:00:00+00:00,430.74000000,431.87000000,429.73000000,430.50000000,331.13000000
1778515200000,2026-05-11T16:00:00+00:00,430.53000000,430.83000000,427.04000000,429.28000000,222.69000000
1778518800000,2026-05-11T17:00:00+00:00,429.28000000,430.64000000,428.57000000,429.26000000,133.25000000
1778522400000,2026-05-11T18:00:00+00:00,429.36000000,430.45000000,428.56000000,428.90000000,153.77000000
1778526000000,2026-05-11T19:00:00+00:00,428.96000000,429.48000000,426.69000000,428.66000000,191.99000000
1778529600000,2026-05-11T20:00:00+00:00,428.72000000,429.05000000,427.51000000,427.67000000,105.88000000
1778533200000,2026-05-11T21:00:00+00:00,427.61000000,428.16000000,427.25000000,427.89000000,37.56000000
1778536800000,2026-05-11T22:00:00+00:00,427.89000000,429.57000000,427.86000000,429.34000000,65.59000000
1778540400000,2026-05-11T23:00:00+00:00,429.38000000,429.51000000,428.85000000,429.07000000,12.43000000
1778544000000,2026-05-12T00:00:00+00:00,429.04000000,429.62000000,427.77000000,428.04000000,75.99000000
1778547600000,2026-05-12T01:00:00+00:00,428.00000000,428.29000000,424.04000000,425.37000000,365.47000000
1778551200000,2026-05-12T02:00:00+00:00,425.22000000,428.12000000,424.06000000,428.12000000,96.28000000
1778554800000,2026-05-12T03:00:00+00:00,427.89000000,428.22000000,426.79000000,427.28000000,34.96000000
1778558400000,2026-05-12T04:00:00+00:00,427.17000000,427.61000000,426.11000000,426.11000000,27.48000000
1778562000000,2026-05-12T05:00:00+00:00,425.98000000,426.36000000,424.81000000,424.92000000,46.94000000
1778565600000,2026-05-12T06:00:00+00:00,424.86000000,425.36000000,423.93000000,424.10000000,108.80000000
1778569200000,2026-05-12T07:00:00+00:00,423.94000000,425.00000000,422.35000000,424.84000000,205.07000000
1778572800000,2026-05-12T08:00:00+00:00,424.93000000,425.76000000,421.83000000,422.63000000,324.54000000
1778576400000,2026-05-12T09:00:00+00:00,422.78000000,424.24000000,422.78000000,423.97000000,118.17000000
1778580000000,2026-05-12T10:00:00+00:00,423.92000000,424.92000000,423.50000000,423.79000000,75.80000000
1778583600000,2026-05-12T11:00:00+00:00,424.00000000,424.62000000,423.11000000,423.77000000,37.12000000
1778587200000,2026-05-12T12:00:00+00:00,423.58000000,423.78000000,421.26000000,422.14000000,273.42000000
1778590800000,2026-05-12T13:00:00+00:00,422.14000000,429.51000000,419.21000000,425.09000000,1024.73000000
1778594400000,2026-05-12T14:00:00+00:00,424.90000000,427.77000000,419.51000000,419.51000000,600.40000000
1778598000000,2026-05-12T15:00:00+00:00,419.57000000,420.01000000,412.47000000,413.01000000,551.00000000
1778601600000,2026-05-12T16:00:00+00:00,412.56000000,414.00000000,408.79000000,408.87000000,414.24000000
1778605200000,2026-05-12T17:00:00+00:00,409.19000000,413.30000000,408.61000000,412.74000000,290.86000000
1778608800000,2026-05-12T18:00:00+00:00,412.77000000,415.81000000,411.65000000,414.09000000,326.03000000
1778612400000,2026-05-12T19:00:00+00:00,414.46000000,420.33000000,413.81000000,419.29000000,238.74000000
1778616000000,2026-05-12T20:00:00+00:00,419.41000000,419.42000000,416.66000000,417.62000000,235.47000000
1778619600000,2026-05-12T21:00:00+00:00,417.66000000,418.00000000,417.31000000,417.67000000,38.84000000
1778623200000,2026-05-12T22:00:00+00:00,417.73000000,418.90000000,417.39000000,418.35000000,67.87000000
1778626800000,2026-05-12T23:00:00+00:00,418.09000000,418.92000000,417.67000000,417.67000000,82.66000000
1778630400000,2026-05-13T00:00:00+00:00,417.82000000,419.98000000,417.40000000,419.67000000,149.29000000
1778634000000,2026-05-13T01:00:00+00:00,419.38000000,421.99000000,419.38000000,421.07000000,146.44000000
1778637600000,2026-05-13T02:00:00+00:00,420.98000000,421.08000000,419.76000000,420.18000000,100.22000000
1778641200000,2026-05-13T03:00:00+00:00,420.12000000,421.31000000,419.89000000,421.16000000,38.38000000
1778644800000,2026-05-13T04:00:00+00:00,421.07000000,421.85000000,420.75000000,421.39000000,104.21000000
1778648400000,2026-05-13T05:00:00+00:00,421.28000000,422.27000000,421.17000000,421.99000000,116.89000000
1778652000000,2026-05-13T06:00:00+00:00,421.92000000,422.50000000,421.37000000,421.64000000,90.02000000
1778655600000,2026-05-13T07:00:00+00:00,421.38000000,422.93000000,420.96000000,422.33000000,123.53000000
1778659200000,2026-05-13T08:00:00+00:00,422.12000000,424.54000000,421.90000000,423.79000000,125.31000000
1778662800000,2026-05-13T09:00:00+00:00,423.87000000,424.00000000,422.62000000,423.16000000,293.72000000
1778666400000,2026-05-13T10:00:00+00:00,423.07000000,423.24000000,420.83000000,421.32000000,160.43000000
1778670000000,2026-05-13T11:00:00+00:00,421.38000000,422.50000000,420.82000000,421.67000000,64.21000000
1778673600000,2026-05-13T12:00:00+00:00,421.69000000,422.46000000,415.67000000,417.27000000,349.43000000
1778677200000,2026-05-13T13:00:00+00:00,417.30000000,419.58000000,404.74000000,408.67000000,1134.74000000
1778680800000,2026-05-13T14:00:00+00:00,408.67000000,415.16000000,407.91000000,414.40000000,516.00000000
1778684400000,2026-05-13T15:00:00+00:00,414.51000000,415.22000000,412.40000000,415.01000000,451.17000000
1778688000000,2026-05-13T16:00:00+00:00,415.24000000,416.98000000,413.98000000,415.86000000,324.92000000
1778691600000,2026-05-13T17:00:00+00:00,416.04000000,418.12000000,415.99000000,417.20000000,158.04000000
1778695200000,2026-05-13T18:00:00+00:00,416.84000000,418.61000000,416.51000000,416.51000000,134.19000000
1778698800000,2026-05-13T19:00:00+00:00,416.49000000,418.72000000,416.00000000,417.10000000,224.73000000
1778702400000,2026-05-13T20:00:00+00:00,417.10000000,418.07000000,416.63000000,417.76000000,56.49000000
1778706000000,2026-05-13T21:00:00+00:00,417.76000000,417.76000000,415.74000000,417.02000000,67.78000000
1778709600000,2026-05-13T22:00:00+00:00,416.76000000,418.19000000,416.76000000,418.19000000,30.01000000
1778713200000,2026-05-13T23:00:00+00:00,418.06000000,418.40000000,417.55000000,418.01000000,27.74000000
1778716800000,2026-05-14T00:00:00+00:00,418.40000000,418.75000000,417.00000000,418.42000000,87.26000000
1778720400000,2026-05-14T01:00:00+00:00,418.42000000,419.35000000,417.83000000,417.98000000,53.68000000
1778724000000,2026-05-14T02:00:00+00:00,417.99000000,418.56000000,417.18000000,417.63000000,59.45000000
1778727600000,2026-05-14T03:00:00+00:00,417.65000000,418.14000000,416.78000000,416.78000000,135.34000000
1778731200000,2026-05-14T04:00:00+00:00,416.80000000,418.28000000,415.93000000,417.54000000,125.66000000
1778734800000,2026-05-14T05:00:00+00:00,417.76000000,417.87000000,416.16000000,417.67000000,64.92000000
1778738400000,2026-05-14T06:00:00+00:00,417.63000000,418.51000000,417.60000000,417.91000000,44.28000000
1778742000000,2026-05-14T07:00:00+00:00,417.97000000,418.37000000,417.17000000,417.31000000,88.59000000
1778745600000,2026-05-14T08:00:00+00:00,417.31000000,418.77000000,416.64000000,417.22000000,161.54000000
1778749200000,2026-05-14T09:00:00+00:00,417.23000000,417.66000000,415.76000000,416.42000000,91.15000000
1778752800000,2026-05-14T10:00:00+00:00,416.56000000,417.35000000,415.57000000,416.45000000,115.18000000
1778756400000,2026-05-14T11:00:00+00:00,416.43000000,417.55000000,415.91000000,416.37000000,71.69000000
1778760000000,2026-05-14T12:00:00+00:00,416.37000000,417.37000000,415.59000000,415.70000000,74.10000000
1778763600000,2026-05-14T13:00:00+00:00,415.66000000,434.85000000,413.50000000,427.88000000,4191.97000000
1778767200000,2026-05-14T14:00:00+00:00,427.54000000,438.31000000,427.54000000,434.94000000,2272.13000000
1778770800000,2026-05-14T15:00:00+00:00,435.04000000,441.22000000,433.62000000,436.42000000,2186.57000000
1778774400000,2026-05-14T16:00:00+00:00,436.54000000,437.15000000,427.85000000,433.38000000,629.09000000
1778778000000,2026-05-14T17:00:00+00:00,433.39000000,441.17000000,431.59000000,435.88000000,686.02000000
1778781600000,2026-05-14T18:00:00+00:00,435.79000000,440.02000000,434.32000000,440.02000000,372.29000000
1778785200000,2026-05-14T19:00:00+00:00,440.14000000,442.86000000,439.66000000,440.10000000,454.97000000
1778788800000,2026-05-14T20:00:00+00:00,440.32000000,441.88000000,438.27000000,440.47000000,293.01000000
1778792400000,2026-05-14T21:00:00+00:00,440.35000000,441.27000000,439.79000000,440.46000000,205.06000000
1778796000000,2026-05-14T22:00:00+00:00,440.52000000,442.20000000,435.07000000,441.10000000,945.10000000
1778799600000,2026-05-14T23:00:00+00:00,441.16000000,442.14000000,440.00000000,440.60000000,213.38000000
1778803200000,2026-05-15T00:00:00+00:00,440.79000000,443.09000000,439.43000000,441.27000000,517.86000000
1778806800000,2026-05-15T01:00:00+00:00,441.33000000,441.50000000,435.38000000,435.38000000,411.45000000
1778810400000,2026-05-15T02:00:00+00:00,435.66000000,438.77000000,435.29000000,438.37000000,481.98000000
1778814000000,2026-05-15T03:00:00+00:00,437.99000000,438.73000000,437.52000000,438.09000000,137.71000000
1778817600000,2026-05-15T04:00:00+00:00,437.94000000,437.98000000,434.54000000,434.54000000,131.56000000
1778821200000,2026-05-15T05:00:00+00:00,434.57000000,435.70000000,428.87000000,428.87000000,450.90000000
1778824800000,2026-05-15T06:00:00+00:00,429.04000000,433.53000000,428.17000000,433.40000000,1057.56000000
1778828400000,2026-05-15T07:00:00+00:00,433.37000000,434.56000000,431.08000000,432.09000000,364.21000000
1778832000000,2026-05-15T08:00:00+00:00,432.16000000,432.48000000,428.18000000,429.28000000,324.26000000
1778835600000,2026-05-15T09:00:00+00:00,429.24000000,429.83000000,426.80000000,428.12000000,288.08000000
1778839200000,2026-05-15T10:00:00+00:00,427.97000000,432.62000000,427.73000000,431.89000000,254.30000000
1778842800000,2026-05-15T11:00:00+00:00,431.89000000,432.76000000,430.05000000,430.08000000,262.71000000
1778846400000,2026-05-15T12:00:00+00:00,430.05000000,430.27000000,426.43000000,427.78000000,260.20000000
1778850000000,2026-05-15T13:00:00+00:00,427.64000000,433.94000000,423.58000000,424.01000000,1973.71000000
1778853600000,2026-05-15T14:00:00+00:00,424.18000000,430.28000000,423.12000000,423.45000000,876.54000000
1778857200000,2026-05-15T15:00:00+00:00,423.63000000,428.10000000,422.45000000,427.35000000,290.66000000
1778860800000,2026-05-15T16:00:00+00:00,427.40000000,431.21000000,426.64000000,429.11000000,283.08000000
1778864400000,2026-05-15T17:00:00+00:00,429.30000000,430.22000000,427.90000000,430.03000000,151.52000000
1778868000000,2026-05-15T18:00:00+00:00,430.05000000,430.76000000,426.69000000,428.02000000,126.70000000
1778871600000,2026-05-15T19:00:00+00:00,428.17000000,428.23000000,424.80000000,425.91000000,174.57000000
1778875200000,2026-05-15T20:00:00+00:00,425.92000000,425.93000000,424.20000000,425.18000000,69.27000000
1778878800000,2026-05-15T21:00:00+00:00,425.18000000,425.49000000,424.50000000,424.73000000,55.53000000
1778882400000,2026-05-15T22:00:00+00:00,424.75000000,425.08000000,423.55000000,423.86000000,57.67000000
1778886000000,2026-05-15T23:00:00+00:00,423.87000000,425.04000000,423.53000000,423.83000000,36.95000000
1778889600000,2026-05-16T00:00:00+00:00,423.83000000,424.38000000,420.79000000,422.67000000,554.98000000
1778893200000,2026-05-16T01:00:00+00:00,422.75000000,422.89000000,421.65000000,422.62000000,147.33000000
1778896800000,2026-05-16T02:00:00+00:00,422.64000000,423.25000000,421.13000000,422.99000000,118.58000000
1778900400000,2026-05-16T03:00:00+00:00,422.97000000,423.79000000,422.85000000,423.71000000,64.60000000
1778904000000,2026-05-16T04:00:00+00:00,423.79000000,423.80000000,423.05000000,423.42000000,50.63000000
1778907600000,2026-05-16T05:00:00+00:00,423.53000000,424.19000000,423.25000000,423.37000000,41.76000000
1778911200000,2026-05-16T06:00:00+00:00,423.38000000,423.95000000,421.97000000,422.62000000,95.57000000
1778914800000,2026-05-16T07:00:00+00:00,422.67000000,422.94000000,421.02000000,422.68000000,182.80000000
1778918400000,2026-05-16T08:00:00+00:00,422.70000000,422.86000000,421.90000000,422.64000000,51.69000000
1778922000000,2026-05-16T09:00:00+00:00,422.74000000,422.81000000,421.22000000,422.09000000,90.38000000
1778925600000,2026-05-16T10:00:00+00:00,422.12000000,422.46000000,420.95000000,422.46000000,145.45000000
1778929200000,2026-05-16T11:00:00+00:00,422.31000000,422.88000000,421.04000000,422.11000000,221.76000000
1778932800000,2026-05-16T12:00:00+00:00,421.96000000,422.15000000,421.43000000,421.78000000,124.80000000
1778936400000,2026-05-16T13:00:00+00:00,421.75000000,422.40000000,421.61000000,422.19000000,22.10000000
1778940000000,2026-05-16T14:00:00+00:00,422.06000000,422.42000000,421.48000000,421.71000000,19.22000000
1778943600000,2026-05-16T15:00:00+00:00,421.68000000,422.03000000,421.28000000,421.67000000,46.58000000
1778947200000,2026-05-16T16:00:00+00:00,421.59000000,423.93000000,421.56000000,423.60000000,381.09000000
1778950800000,2026-05-16T17:00:00+00:00,423.79000000,423.96000000,423.54000000,423.54000000,7.36000000
1778954400000,2026-05-16T18:00:00+00:00,423.58000000,423.96000000,423.26000000,423.64000000,11.83000000
1778958000000,2026-05-16T19:00:00+00:00,423.40000000,424.43000000,423.37000000,424.01000000,21.77000000
1778961600000,2026-05-16T20:00:00+00:00,423.93000000,424.67000000,423.08000000,423.55000000,54.04000000
1778965200000,2026-05-16T21:00:00+00:00,423.69000000,423.86000000,423.39000000,423.39000000,11.62000000
1778968800000,2026-05-16T22:00:00+00:00,423.39000000,423.95000000,421.86000000,422.45000000,438.30000000
1778972400000,2026-05-16T23:00:00+00:00,422.36000000,422.90000000,422.24000000,422.60000000,11.92000000
1778976000000,2026-05-17T00:00:00+00:00,422.60000000,423.65000000,422.00000000,422.38000000,69.13000000
1778979600000,2026-05-17T01:00:00+00:00,422.38000000,422.49000000,421.20000000,421.20000000,88.04000000
1778983200000,2026-05-17T02:00:00+00:00,421.21000000,422.64000000,421.08000000,421.79000000,65.71000000
1778986800000,2026-05-17T03:00:00+00:00,421.79000000,423.02000000,421.71000000,422.73000000,31.94000000
1778990400000,2026-05-17T04:00:00+00:00,422.67000000,422.93000000,422.54000000,422.54000000,13.24000000
1778994000000,2026-05-17T05:00:00+00:00,422.57000000,422.90000000,422.56000000,422.56000000,17.16000000
1778997600000,2026-05-17T06:00:00+00:00,422.77000000,422.97000000,422.57000000,422.97000000,6.12000000
1779001200000,2026-05-17T07:00:00+00:00,422.88000000,423.18000000,422.46000000,423.08000000,7.74000000
1779004800000,2026-05-17T08:00:00+00:00,423.01000000,423.47000000,422.96000000,423.17000000,16.87000000
1779008400000,2026-05-17T09:00:00+00:00,423.16000000,424.48000000,421.67000000,424.05000000,428.39000000
1779012000000,2026-05-17T10:00:00+00:00,424.07000000,424.31000000,423.88000000,424.23000000,13.70000000
1779015600000,2026-05-17T11:00:00+00:00,424.29000000,424.45000000,423.97000000,424.31000000,35.60000000
1779019200000,2026-05-17T12:00:00+00:00,424.49000000,424.79000000,424.43000000,424.70000000,11.44000000
1779022800000,2026-05-17T13:00:00+00:00,424.66000000,425.78000000,424.51000000,425.06000000,225.95000000
1779026400000,2026-05-17T14:00:00+00:00,425.15000000,425.40000000,424.17000000,424.91000000,58.28000000
1779030000000,2026-05-17T15:00:00+00:00,424.89000000,425.41000000,424.42000000,425.31000000,33.35000000
1779033600000,2026-05-17T16:00:00+00:00,425.43000000,425.85000000,424.41000000,425.20000000,52.98000000
1779037200000,2026-05-17T17:00:00+00:00,425.20000000,425.37000000,424.26000000,425.07000000,57.78000000
1779040800000,2026-05-17T18:00:00+00:00,425.12000000,425.71000000,425.03000000,425.25000000,22.99000000
1779044400000,2026-05-17T19:00:00+00:00,425.23000000,425.92000000,424.99000000,425.59000000,74.45000000
1779048000000,2026-05-17T20:00:00+00:00,425.62000000,426.10000000,425.51000000,425.59000000,15.79000000
1779051600000,2026-05-17T21:00:00+00:00,425.59000000,426.27000000,425.20000000,425.52000000,134.86000000
1779055200000,2026-05-17T22:00:00+00:00,425.22000000,427.29000000,424.67000000,425.46000000,137.32000000
1779058800000,2026-05-17T23:00:00+00:00,425.51000000,426.00000000,421.55000000,423.56000000,346.95000000
1779062400000,2026-05-18T00:00:00+00:00,423.62000000,424.23000000,419.00000000,422.19000000,647.33000000
1779066000000,2026-05-18T01:00:00+00:00,422.15000000,422.45000000,419.26000000,421.89000000,245.28000000
1779069600000,2026-05-18T02:00:00+00:00,421.60000000,423.45000000,420.82000000,421.47000000,323.20000000
1779073200000,2026-05-18T03:00:00+00:00,421.38000000,423.14000000,420.92000000,422.00000000,258.71000000
1779076800000,2026-05-18T04:00:00+00:00,421.86000000,423.97000000,421.23000000,422.11000000,178.78000000
1779080400000,2026-05-18T05:00:00+00:00,422.15000000,423.09000000,420.77000000,421.25000000,128.05000000
1779084000000,2026-05-18T06:00:00+00:00,421.22000000,423.03000000,419.93000000,423.03000000,171.94000000
1779087600000,2026-05-18T07:00:00+00:00,423.09000000,424.14000000,421.47000000,422.86000000,179.29000000
1779091200000,2026-05-18T08:00:00+00:00,423.12000000,427.70000000,423.09000000,426.66000000,374.08000000
1779094800000,2026-05-18T09:00:00+00:00,426.57000000,426.95000000,424.23000000,424.82000000,200.09000000
1779098400000,2026-05-18T10:00:00+00:00,424.67000000,424.95000000,421.44000000,423.13000000,230.24000000
1779102000000,2026-05-18T11:00:00+00:00,423.11000000,425.15000000,420.74000000,422.33000000,287.39000000
1779105600000,2026-05-18T12:00:00+00:00,422.22000000,427.43000000,422.11000000,427.41000000,334.65000000
1779109200000,2026-05-18T13:00:00+00:00,427.10000000,427.71000000,416.64000000,418.96000000,1481.82000000
1779112800000,2026-05-18T14:00:00+00:00,418.90000000,420.30000000,415.00000000,419.56000000,1369.22000000
1779116400000,2026-05-18T15:00:00+00:00,419.83000000,421.73000000,417.00000000,417.89000000,508.15000000
1779120000000,2026-05-18T16:00:00+00:00,418.13000000,421.03000000,415.30000000,419.95000000,253.15000000
1779123600000,2026-05-18T17:00:00+00:00,419.84000000,420.32000000,418.67000000,419.90000000,141.26000000
1779127200000,2026-05-18T18:00:00+00:00,419.91000000,419.91000000,414.83000000,416.25000000,198.75000000
1779130800000,2026-05-18T19:00:00+00:00,416.18000000,421.73000000,415.99000000,420.72000000,492.44000000
1779134400000,2026-05-18T20:00:00+00:00,420.80000000,421.03000000,419.68000000,420.13000000,67.37000000
1779138000000,2026-05-18T21:00:00+00:00,420.10000000,420.74000000,419.95000000,420.55000000,35.62000000
1779141600000,2026-05-18T22:00:00+00:00,420.52000000,421.26000000,420.49000000,420.82000000,51.07000000
1779145200000,2026-05-18T23:00:00+00:00,420.84000000,420.98000000,420.07000000,420.29000000,18.18000000
1779148800000,2026-05-19T00:00:00+00:00,420.26000000,421.12000000,418.81000000,419.49000000,123.52000000
1779152400000,2026-05-19T01:00:00+00:00,419.44000000,419.72000000,417.83000000,418.33000000,81.99000000
1779156000000,2026-05-19T02:00:00+00:00,418.32000000,418.63000000,416.36000000,417.43000000,227.85000000
1779159600000,2026-05-19T03:00:00+00:00,417.30000000,419.35000000,417.18000000,418.76000000,80.65000000
1779163200000,2026-05-19T04:00:00+00:00,418.72000000,418.72000000,415.50000000,416.72000000,123.48000000
1779166800000,2026-05-19T05:00:00+00:00,416.75000000,417.83000000,416.16000000,417.11000000,136.76000000
1779170400000,2026-05-19T06:00:00+00:00,417.17000000,419.51000000,416.23000000,418.57000000,481.12000000
1779174000000,2026-05-19T07:00:00+00:00,418.51000000,420.35000000,418.37000000,419.83000000,114.40000000
1779177600000,2026-05-19T08:00:00+00:00,419.82000000,420.21000000,417.92000000,418.14000000,73.54000000
1779181200000,2026-05-19T09:00:00+00:00,418.09000000,418.10000000,415.22000000,416.15000000,85.26000000
1779184800000,2026-05-19T10:00:00+00:00,416.12000000,416.29000000,414.84000000,416.07000000,72.10000000
1779188400000,2026-05-19T11:00:00+00:00,416.08000000,417.02000000,414.69000000,414.69000000,61.30000000
1779192000000,2026-05-19T12:00:00+00:00,414.68000000,416.08000000,414.30000000,415.55000000,70.24000000
1779195600000,2026-05-19T13:00:00+00:00,415.60000000,417.86000000,407.96000000,410.61000000,1135.90000000
1779199200000,2026-05-19T14:00:00+00:00,410.62000000,411.84000000,406.03000000,411.11000000,1050.87000000
1779202800000,2026-05-19T15:00:00+00:00,411.00000000,411.66000000,406.92000000,410.67000000,287.07000000
1779206400000,2026-05-19T16:00:00+00:00,410.85000000,414.72000000,409.87000000,413.13000000,253.26000000
1779210000000,2026-05-19T17:00:00+00:00,413.10000000,416.83000000,412.17000000,413.58000000,249.39000000
1779213600000,2026-05-19T18:00:00+00:00,413.81000000,414.60000000,410.76000000,411.26000000,116.77000000
1779217200000,2026-05-19T19:00:00+00:00,411.28000000,412.40000000,409.47000000,411.12000000,253.62000000
1779220800000,2026-05-19T20:00:00+00:00,410.98000000,411.12000000,410.16000000,410.34000000,60.69000000
1779224400000,2026-05-19T21:00:00+00:00,410.23000000,411.16000000,410.02000000,410.93000000,39.81000000
1779228000000,2026-05-19T22:00:00+00:00,410.63000000,411.18000000,409.79000000,410.40000000,38.16000000
1779231600000,2026-05-19T23:00:00+00:00,410.34000000,412.94000000,410.22000000,411.85000000,41.80000000
1779235200000,2026-05-20T00:00:00+00:00,411.89000000,412.21000000,408.34000000,411.26000000,339.14000000
1779238800000,2026-05-20T01:00:00+00:00,411.34000000,413.40000000,410.29000000,412.60000000,189.65000000
1779242400000,2026-05-20T02:00:00+00:00,412.49000000,413.42000000,410.32000000,411.10000000,106.86000000
1779246000000,2026-05-20T03:00:00+00:00,411.01000000,411.01000000,409.42000000,410.61000000,79.93000000
1779249600000,2026-05-20T04:00:00+00:00,410.78000000,411.90000000,410.59000000,411.11000000,64.66000000
1779253200000,2026-05-20T05:00:00+00:00,411.12000000,412.96000000,411.12000000,412.89000000,42.68000000
1779256800000,2026-05-20T06:00:00+00:00,412.90000000,414.42000000,412.20000000,414.34000000,171.29000000
1779260400000,2026-05-20T07:00:00+00:00,414.36000000,416.11000000,414.01000000,414.42000000,125.72000000
1779264000000,2026-05-20T08:00:00+00:00,414.44000000,416.76000000,414.22000000,415.84000000,182.96000000
1779267600000,2026-05-20T09:00:00+00:00,415.79000000,416.20000000,414.93000000,416.16000000,73.86000000
1779271200000,2026-05-20T10:00:00+00:00,416.14000000,418.70000000,416.14000000,417.69000000,154.96000000
1779274800000,2026-05-20T11:00:00+00:00,417.64000000,418.98000000,417.64000000,418.14000000,131.04000000
1779278400000,2026-05-20T12:00:00+00:00,418.08000000,419.75000000,417.95000000,419.06000000,82.27000000
1779282000000,2026-05-20T13:00:00+00:00,419.04000000,419.13000000,411.58000000,414.40000000,1236.71000000
1779285600000,2026-05-20T14:00:00+00:00,414.08000000,421.57000000,412.56000000,420.62000000,745.67000000
1779289200000,2026-05-20T15:00:00+00:00,420.42000000,424.62000000,420.35000000,420.60000000,428.54000000
1779292800000,2026-05-20T16:00:00+00:00,420.75000000,421.14000000,417.85000000,418.64000000,201.07000000
1779296400000,2026-05-20T17:00:00+00:00,418.93000000,419.13000000,417.38000000,418.55000000,179.36000000
1779300000000,2026-05-20T18:00:00+00:00,418.68000000,419.50000000,417.76000000,417.98000000,129.09000000
1779303600000,2026-05-20T19:00:00+00:00,417.91000000,419.37000000,417.50000000,418.03000000,141.30000000
1779307200000,2026-05-20T20:00:00+00:00,417.85000000,419.37000000,415.35000000,417.49000000,219.70000000
1779310800000,2026-05-20T21:00:00+00:00,417.48000000,418.52000000,416.75000000,417.27000000,83.05000000
1779314400000,2026-05-20T22:00:00+00:00,417.50000000,417.50000000,414.03000000,416.42000000,161.86000000
1779318000000,2026-05-20T23:00:00+00:00,416.36000000,417.76000000,416.15000000,416.96000000,104.53000000
1779321600000,2026-05-21T00:00:00+00:00,416.90000000,418.58000000,416.75000000,418.19000000,159.77000000
1779325200000,2026-05-21T01:00:00+00:00,418.19000000,419.02000000,417.79000000,418.32000000,76.41000000
1779328800000,2026-05-21T02:00:00+00:00,418.19000000,418.32000000,417.55000000,418.16000000,53.90000000
1779332400000,2026-05-21T03:00:00+00:00,417.97000000,418.57000000,417.95000000,418.34000000,47.05000000
1779336000000,2026-05-21T04:00:00+00:00,418.27000000,419.86000000,417.95000000,419.65000000,96.70000000
1779339600000,2026-05-21T05:00:00+00:00,419.65000000,420.98000000,417.18000000,418.26000000,203.04000000
1779343200000,2026-05-21T06:00:00+00:00,418.34000000,419.00000000,417.47000000,417.47000000,100.92000000
1779346800000,2026-05-21T07:00:00+00:00,417.55000000,418.07000000,415.00000000,416.77000000,268.57000000
1779350400000,2026-05-21T08:00:00+00:00,417.03000000,420.40000000,417.03000000,419.93000000,259.36000000
1779354000000,2026-05-21T09:00:00+00:00,419.93000000,420.71000000,418.71000000,419.05000000,65.69000000
1779357600000,2026-05-21T10:00:00+00:00,419.04000000,419.40000000,414.97000000,416.16000000,228.46000000
1779361200000,2026-05-21T11:00:00+00:00,416.08000000,417.68000000,415.74000000,416.17000000,57.64000000
1779364800000,2026-05-21T12:00:00+00:00,416.11000000,417.02000000,415.47000000,416.04000000,51.79000000
1779368400000,2026-05-21T13:00:00+00:00,416.08000000,421.89000000,414.03000000,421.52000000,545.58000000
1779372000000,2026-05-21T14:00:00+00:00,421.54000000,422.44000000,414.96000000,415.06000000,538.05000000
1779375600000,2026-05-21T15:00:00+00:00,415.15000000,415.72000000,411.40000000,414.85000000,431.69000000
1779379200000,2026-05-21T16:00:00+00:00,414.84000000,416.09000000,412.25000000,412.65000000,167.05000000
1779382800000,2026-05-21T17:00:00+00:00,412.82000000,416.34000000,412.06000000,415.02000000,463.82000000
1779386400000,2026-05-21T18:00:00+00:00,415.26000000,415.53000000,410.22000000,412.20000000,287.91000000
1779390000000,2026-05-21T19:00:00+00:00,412.23000000,415.50000000,411.98000000,414.99000000,543.45000000
1779393600000,2026-05-21T20:00:00+00:00,414.97000000,415.48000000,414.29000000,414.50000000,112.34000000
1779397200000,2026-05-21T21:00:00+00:00,414.52000000,415.67000000,414.48000000,414.57000000,169.70000000
1779400800000,2026-05-21T22:00:00+00:00,414.90000000,416.30000000,414.51000000,415.68000000,81.33000000
1779404400000,2026-05-21T23:00:00+00:00,415.64000000,416.86000000,415.64000000,416.28000000,130.95000000
1779408000000,2026-05-22T00:00:00+00:00,416.23000000,418.19000000,416.10000000,417.35000000,144.51000000
1779411600000,2026-05-22T01:00:00+00:00,417.30000000,417.77000000,416.16000000,416.70000000,57.55000000
1779415200000,2026-05-22T02:00:00+00:00,416.66000000,416.88000000,415.68000000,416.33000000,111.67000000
1779418800000,2026-05-22T03:00:00+00:00,416.34000000,417.26000000,416.23000000,417.26000000,27.25000000
1779422400000,2026-05-22T04:00:00+00:00,417.09000000,417.85000000,417.09000000,417.81000000,38.79000000
1779426000000,2026-05-22T05:00:00+00:00,417.73000000,418.21000000,417.27000000,417.27000000,89.48000000
1779429600000,2026-05-22T06:00:00+00:00,417.27000000,417.96000000,416.82000000,417.44000000,44.05000000
1779433200000,2026-05-22T07:00:00+00:00,417.45000000,418.10000000,417.24000000,417.87000000,79.63000000
1779436800000,2026-05-22T08:00:00+00:00,417.96000000,419.59000000,417.63000000,418.59000000,200.67000000
1779440400000,2026-05-22T09:00:00+00:00,418.58000000,418.58000000,415.11000000,416.91000000,238.62000000
1779444000000,2026-05-22T10:00:00+00:00,417.04000000,417.04000000,415.35000000,415.92000000,90.45000000
1779447600000,2026-05-22T11:00:00+00:00,416.21000000,416.82000000,415.68000000,416.21000000,55.85000000
1779451200000,2026-05-22T12:00:00+00:00,416.28000000,417.24000000,415.70000000,417.07000000,111.56000000
1779454800000,2026-05-22T13:00:00+00:00,417.18000000,420.00000000,415.59000000,416.73000000,938.54000000
1779458400000,2026-05-22T14:00:00+00:00,416.57000000,416.58000000,410.91000000,413.82000000,884.80000000
1779462000000,2026-05-22T15:00:00+00:00,414.06000000,415.45000000,412.73000000,413.25000000,935.81000000
1779465600000,2026-05-22T16:00:00+00:00,413.25000000,414.36000000,412.35000000,414.06000000,233.53000000
1779469200000,2026-05-22T17:00:00+00:00,414.15000000,414.96000000,413.02000000,413.22000000,240.90000000
1779472800000,2026-05-22T18:00:00+00:00,413.40000000,414.07000000,412.02000000,413.19000000,235.10000000
1779476400000,2026-05-22T19:00:00+00:00,413.27000000,415.28000000,411.66000000,414.20000000,609.81000000
1779480000000,2026-05-22T20:00:00+00:00,414.18000000,414.50000000,413.09000000,413.85000000,122.51000000
1779483600000,2026-05-22T21:00:00+00:00,413.86000000,414.23000000,413.29000000,413.77000000,107.36000000
1779487200000,2026-05-22T22:00:00+00:00,413.87000000,414.14000000,413.14000000,413.49000000,21.38000000
1779490800000,2026-05-22T23:00:00+00:00,413.47000000,413.57000000,412.55000000,413.36000000,59.23000000
1779494400000,2026-05-23T00:00:00+00:00,413.33000000,413.46000000,411.66000000,412.09000000,100.18000000
1779498000000,2026-05-23T01:00:00+00:00,412.19000000,413.84000000,412.12000000,413.67000000,29.23000000
1779501600000,2026-05-23T02:00:00+00:00,413.64000000,413.67000000,412.48000000,413.32000000,46.12000000
1779505200000,2026-05-23T03:00:00+00:00,413.35000000,413.67000000,413.06000000,413.33000000,7.63000000
1779508800000,2026-05-23T04:00:00+00:00,413.48000000,413.96000000,413.00000000,413.11000000,29.48000000
1779512400000,2026-05-23T05:00:00+00:00,413.14000000,413.32000000,412.44000000,412.79000000,23.37000000
1779516000000,2026-05-23T06:00:00+00:00,412.77000000,413.14000000,412.27000000,412.30000000,22.71000000
1779519600000,2026-05-23T07:00:00+00:00,412.27000000,413.82000000,411.47000000,412.43000000,178.65000000
1779523200000,2026-05-23T08:00:00+00:00,412.43000000,412.67000000,411.43000000,412.01000000,102.41000000
1779526800000,2026-05-23T09:00:00+00:00,412.01000000,412.14000000,411.74000000,411.74000000,11.95000000
1779530400000,2026-05-23T10:00:00+00:00,411.74000000,412.01000000,411.52000000,411.70000000,7.50000000
1779534000000,2026-05-23T11:00:00+00:00,411.67000000,411.89000000,411.49000000,411.61000000,6.91000000
1779537600000,2026-05-23T12:00:00+00:00,411.70000000,411.81000000,411.43000000,411.57000000,10.59000000
1779541200000,2026-05-23T13:00:00+00:00,411.66000000,412.98000000,411.54000000,412.77000000,24.61000000
1779544800000,2026-05-23T14:00:00+00:00,412.79000000,415.89000000,412.68000000,415.56000000,732.43000000
1779548400000,2026-05-23T15:00:00+00:00,415.56000000,416.45000000,414.53000000,415.89000000,356.99000000
1779552000000,2026-05-23T16:00:00+00:00,415.83000000,416.46000000,415.30000000,416.41000000,104.83000000
1779555600000,2026-05-23T17:00:00+00:00,416.27000000,416.54000000,415.56000000,415.79000000,22.27000000
1779559200000,2026-05-23T18:00:00+00:00,415.61000000,422.26000000,415.49000000,420.16000000,546.29000000
1779562800000,2026-05-23T19:00:00+00:00,419.95000000,422.67000000,419.95000000,421.49000000,108.86000000
1779566400000,2026-05-23T20:00:00+00:00,421.49000000,423.64000000,420.36000000,422.45000000,283.58000000
1779570000000,2026-05-23T21:00:00+00:00,422.30000000,424.14000000,421.52000000,422.32000000,78.60000000
1779573600000,2026-05-23T22:00:00+00:00,421.96000000,423.86000000,421.96000000,423.47000000,97.89000000
1779577200000,2026-05-23T23:00:00+00:00,423.40000000,425.41000000,422.89000000,424.37000000,161.38000000
1779580800000,2026-05-24T00:00:00+00:00,424.52000000,425.25000000,421.79000000,422.84000000,202.85000000
1779584400000,2026-05-24T01:00:00+00:00,422.89000000,424.37000000,422.72000000,423.61000000,113.17000000
1779588000000,2026-05-24T02:00:00+00:00,423.68000000,423.89000000,422.79000000,423.04000000,161.60000000
1779591600000,2026-05-24T03:00:00+00:00,422.98000000,423.16000000,422.16000000,422.40000000,95.02000000
1779595200000,2026-05-24T04:00:00+00:00,422.56000000,423.55000000,422.18000000,423.22000000,52.93000000
1779598800000,2026-05-24T05:00:00+00:00,423.37000000,423.60000000,422.80000000,423.33000000,75.24000000
1779602400000,2026-05-24T06:00:00+00:00,423.45000000,423.45000000,422.00000000,422.06000000,36.57000000
1779606000000,2026-05-24T07:00:00+00:00,421.95000000,423.05000000,421.48000000,422.22000000,42.53000000
1779609600000,2026-05-24T08:00:00+00:00,422.26000000,423.31000000,422.11000000,422.74000000,48.07000000
1779613200000,2026-05-24T09:00:00+00:00,422.82000000,423.64000000,422.71000000,423.50000000,22.35000000
1779616800000,2026-05-24T10:00:00+00:00,423.44000000,423.68000000,422.88000000,423.37000000,34.46000000
1779620400000,2026-05-24T11:00:00+00:00,423.39000000,423.63000000,422.41000000,422.46000000,43.72000000
1779624000000,2026-05-24T12:00:00+00:00,422.57000000,423.23000000,422.21000000,422.59000000,20.66000000
1779627600000,2026-05-24T13:00:00+00:00,422.61000000,425.37000000,422.17000000,424.63000000,428.88000000
1779631200000,2026-05-24T14:00:00+00:00,424.47000000,425.52000000,418.73000000,423.76000000,522.87000000
1779634800000,2026-05-24T15:00:00+00:00,423.97000000,424.38000000,422.12000000,422.63000000,84.20000000
1779638400000,2026-05-24T16:00:00+00:00,422.63000000,423.33000000,421.85000000,422.89000000,61.81000000
1779642000000,2026-05-24T17:00:00+00:00,422.96000000,423.33000000,422.84000000,423.26000000,12.62000000
1779645600000,2026-05-24T18:00:00+00:00,423.23000000,424.07000000,423.11000000,423.30000000,27.92000000
1779649200000,2026-05-24T19:00:00+00:00,423.39000000,423.50000000,423.13000000,423.28000000,3.34000000
1779652800000,2026-05-24T20:00:00+00:00,423.33000000,423.52000000,422.85000000,422.87000000,11.15000000
1779656400000,2026-05-24T21:00:00+00:00,422.94000000,423.40000000,421.38000000,422.12000000,74.83000000
1779660000000,2026-05-24T22:00:00+00:00,421.78000000,422.02000000,418.79000000,421.14000000,232.17000000
1779663600000,2026-05-24T23:00:00+00:00,421.20000000,422.61000000,421.00000000,422.05000000,39.22000000
1779667200000,2026-05-25T00:00:00+00:00,421.93000000,423.45000000,421.31000000,423.27000000,64.35000000
1779670800000,2026-05-25T01:00:00+00:00,423.30000000,423.88000000,422.78000000,422.85000000,114.80000000
1779674400000,2026-05-25T02:00:00+00:00,422.85000000,423.98000000,422.76000000,423.98000000,50.38000000
1779678000000,2026-05-25T03:00:00+00:00,423.99000000,425.09000000,423.72000000,424.89000000,88.53000000
1779681600000,2026-05-25T04:00:00+00:00,424.88000000,425.99000000,424.74000000,425.46000000,162.98000000
1779685200000,2026-05-25T05:00:00+00:00,425.50000000,426.42000000,425.14000000,425.14000000,233.41000000
1779688800000,2026-05-25T06:00:00+00:00,425.14000000,425.24000000,424.34000000,424.82000000,44.28000000
1779692400000,2026-05-25T07:00:00+00:00,424.74000000,425.25000000,423.92000000,425.25000000,57.70000000
1779696000000,2026-05-25T08:00:00+00:00,425.31000000,425.56000000,424.76000000,425.26000000,59.32000000
1779699600000,2026-05-25T09:00:00+00:00,425.32000000,426.40000000,425.19000000,426.17000000,54.22000000
1779703200000,2026-05-25T10:00:00+00:00,426.05000000,426.36000000,424.49000000,425.79000000,248.77000000
1779706800000,2026-05-25T11:00:00+00:00,425.61000000,426.36000000,425.44000000,426.18000000,97.38000000
1779710400000,2026-05-25T12:00:00+00:00,426.18000000,426.32000000,424.94000000,425.52000000,208.44000000
1779714000000,2026-05-25T13:00:00+00:00,425.35000000,426.03000000,424.86000000,425.96000000,169.68000000
1779717600000,2026-05-25T14:00:00+00:00,425.97000000,426.09000000,425.28000000,425.89000000,83.41000000
1779721200000,2026-05-25T15:00:00+00:00,425.79000000,426.72000000,425.22000000,426.15000000,129.12000000
1779724800000,2026-05-25T16:00:00+00:00,426.30000000,426.44000000,425.34000000,426.31000000,44.40000000
1779728400000,2026-05-25T17:00:00+00:00,426.31000000,426.87000000,426.07000000,426.47000000,34.96000000
1779732000000,2026-05-25T18:00:00+00:00,426.55000000,426.86000000,426.37000000,426.86000000,17.19000000
1779735600000,2026-05-25T19:00:00+00:00,426.88000000,427.87000000,426.33000000,427.24000000,44.19000000
1779739200000,2026-05-25T20:00:00+00:00,427.27000000,427.54000000,425.87000000,426.37000000,25.61000000
1779742800000,2026-05-25T21:00:00+00:00,426.37000000,427.53000000,424.71000000,425.88000000,120.69000000
1779746400000,2026-05-25T22:00:00+00:00,425.88000000,426.35000000,425.08000000,425.08000000,31.38000000
1779750000000,2026-05-25T23:00:00+00:00,425.08000000,425.34000000,424.01000000,424.97000000,43.62000000
1779753600000,2026-05-26T00:00:00+00:00,424.83000000,424.83000000,418.00000000,420.08000000,974.27000000
1779757200000,2026-05-26T01:00:00+00:00,420.26000000,420.38000000,418.22000000,419.08000000,181.49000000
1779760800000,2026-05-26T02:00:00+00:00,419.14000000,419.28000000,418.82000000,419.12000000,365.02000000
1779764400000,2026-05-26T03:00:00+00:00,419.25000000,419.28000000,418.55000000,418.99000000,123.98000000
1779768000000,2026-05-26T04:00:00+00:00,418.99000000,420.05000000,418.95000000,419.18000000,227.65000000
1779771600000,2026-05-26T05:00:00+00:00,419.21000000,419.55000000,418.09000000,419.05000000,324.67000000
1779775200000,2026-05-26T06:00:00+00:00,418.97000000,419.73000000,418.72000000,419.57000000,57.45000000
1779778800000,2026-05-26T07:00:00+00:00,419.57000000,419.67000000,417.63000000,418.09000000,134.94000000
1779782400000,2026-05-26T08:00:00+00:00,418.24000000,418.34000000,415.73000000,416.90000000,259.49000000
1779786000000,2026-05-26T09:00:00+00:00,416.90000000,417.30000000,415.70000000,417.22000000,207.85000000
1779789600000,2026-05-26T10:00:00+00:00,417.12000000,418.11000000,416.23000000,416.27000000,143.14000000
1779793200000,2026-05-26T11:00:00+00:00,416.43000000,417.72000000,416.28000000,417.23000000,130.32000000
1779796800000,2026-05-26T12:00:00+00:00,417.36000000,419.16000000,416.72000000,419.16000000,206.46000000
1779800400000,2026-05-26T13:00:00+00:00,419.16000000,430.27000000,417.60000000,428.64000000,1726.50000000
1779804000000,2026-05-26T14:00:00+00:00,428.69000000,435.61000000,427.43000000,430.95000000,1477.66000000
1779807600000,2026-05-26T15:00:00+00:00,430.93000000,431.20000000,422.12000000,422.90000000,1028.16000000
1779811200000,2026-05-26T16:00:00+00:00,422.82000000,424.50000000,421.55000000,422.56000000,441.71000000
1779814800000,2026-05-26T17:00:00+00:00,422.75000000,424.09000000,422.20000000,422.50000000,217.45000000
1779818400000,2026-05-26T18:00:00+00:00,422.61000000,423.35000000,421.77000000,422.11000000,214.20000000
1779822000000,2026-05-26T19:00:00+00:00,422.19000000,424.60000000,421.82000000,422.36000000,413.15000000
1779825600000,2026-05-26T20:00:00+00:00,422.35000000,423.28000000,421.36000000,422.90000000,156.23000000
1779829200000,2026-05-26T21:00:00+00:00,422.80000000,423.08000000,422.47000000,422.52000000,43.57000000
1779832800000,2026-05-26T22:00:00+00:00,422.52000000,422.77000000,422.06000000,422.74000000,103.68000000
1779836400000,2026-05-26T23:00:00+00:00,422.74000000,424.43000000,422.47000000,424.18000000,149.76000000
1779840000000,2026-05-27T00:00:00+00:00,424.16000000,424.68000000,422.10000000,422.99000000,286.82000000
1779843600000,2026-05-27T01:00:00+00:00,422.93000000,424.30000000,422.93000000,423.64000000,128.26000000
1779847200000,2026-05-27T02:00:00+00:00,423.54000000,424.47000000,423.04000000,423.99000000,85.06000000
1779850800000,2026-05-27T03:00:00+00:00,423.97000000,424.60000000,423.51000000,423.68000000,65.47000000
1779854400000,2026-05-27T04:00:00+00:00,423.61000000,424.07000000,423.19000000,423.66000000,84.60000000
1779858000000,2026-05-27T05:00:00+00:00,423.64000000,423.97000000,421.43000000,423.01000000,345.85000000
1779861600000,2026-05-27T06:00:00+00:00,422.97000000,422.97000000,421.61000000,421.71000000,56.50000000
1779865200000,2026-05-27T07:00:00+00:00,421.78000000,422.68000000,421.78000000,422.67000000,47.26000000
1779868800000,2026-05-27T08:00:00+00:00,422.68000000,424.11000000,422.52000000,423.82000000,282.79000000
1779872400000,2026-05-27T09:00:00+00:00,423.89000000,424.24000000,423.15000000,424.15000000,193.38000000
1779876000000,2026-05-27T10:00:00+00:00,424.19000000,425.20000000,423.41000000,424.91000000,513.28000000
1779879600000,2026-05-27T11:00:00+00:00,424.95000000,429.00000000,424.71000000,427.39000000,733.48000000
1779883200000,2026-05-27T12:00:00+00:00,427.31000000,434.88000000,426.57000000,431.62000000,1308.19000000
1779886800000,2026-05-27T13:00:00+00:00,431.51000000,432.92000000,423.03000000,428.18000000,3092.61000000
1779890400000,2026-05-27T14:00:00+00:00,428.46000000,428.82000000,416.53000000,418.62000000,2431.99000000
1779894000000,2026-05-27T15:00:00+00:00,418.65000000,421.42000000,416.76000000,417.90000000,833.25000000
1779897600000,2026-05-27T16:00:00+00:00,417.84000000,422.39000000,417.36000000,420.26000000,288.17000000
1779901200000,2026-05-27T17:00:00+00:00,420.38000000,422.59000000,418.69000000,421.20000000,224.93000000
1779904800000,2026-05-27T18:00:00+00:00,421.13000000,421.69000000,420.19000000,420.58000000,117.87000000
1779908400000,2026-05-27T19:00:00+00:00,420.81000000,424.76000000,420.61000000,422.16000000,184.53000000
1779912000000,2026-05-27T20:00:00+00:00,422.27000000,424.53000000,421.87000000,423.36000000,222.14000000
1779915600000,2026-05-27T21:00:00+00:00,423.27000000,423.73000000,422.08000000,422.83000000,181.48000000
1779919200000,2026-05-27T22:00:00+00:00,422.67000000,423.69000000,421.45000000,422.63000000,244.84000000
1779922800000,2026-05-27T23:00:00+00:00,422.69000000,422.97000000,421.15000000,421.36000000,181.80000000
1779926400000,2026-05-28T00:00:00+00:00,421.42000000,422.76000000,420.71000000,422.63000000,176.39000000
1779930000000,2026-05-28T01:00:00+00:00,422.76000000,423.55000000,422.59000000,423.12000000,210.62000000
1779933600000,2026-05-28T02:00:00+00:00,423.30000000,423.57000000,420.68000000,420.96000000,160.10000000
1779937200000,2026-05-28T03:00:00+00:00,421.07000000,421.24000000,416.18000000,417.78000000,814.30000000
1779940800000,2026-05-28T04:00:00+00:00,417.72000000,418.24000000,416.73000000,417.24000000,264.58000000
1779944400000,2026-05-28T05:00:00+00:00,417.29000000,420.84000000,416.91000000,420.04000000,277.90000000
1779948000000,2026-05-28T06:00:00+00:00,420.04000000,420.90000000,419.43000000,420.25000000,89.52000000
1779951600000,2026-05-28T07:00:00+00:00,420.27000000,421.33000000,420.06000000,421.33000000,99.34000000
1779955200000,2026-05-28T08:00:00+00:00,421.37000000,421.56000000,419.74000000,420.40000000,140.22000000
1779958800000,2026-05-28T09:00:00+00:00,420.44000000,421.28000000,418.80000000,420.69000000,177.99000000
1779962400000,2026-05-28T10:00:00+00:00,420.87000000,421.67000000,416.86000000,417.54000000,442.22000000
1779966000000,2026-05-28T11:00:00+00:00,417.72000000,418.72000000,415.93000000,416.36000000,140.64000000
1779969600000,2026-05-28T12:00:00+00:00,416.31000000,418.51000000,413.56000000,418.51000000,425.34000000
1779973200000,2026-05-28T13:00:00+00:00,418.48000000,424.64000000,414.40000000,420.29000000,2346.88000000
1779976800000,2026-05-28T14:00:00+00:00,420.65000000,423.68000000,417.12000000,423.54000000,976.36000000
1779980400000,2026-05-28T15:00:00+00:00,423.63000000,425.95000000,422.75000000,425.87000000,1989.52000000
1779984000000,2026-05-28T16:00:00+00:00,425.84000000,428.09000000,424.97000000,426.88000000,350.63000000
1779987600000,2026-05-28T17:00:00+00:00,426.80000000,429.44000000,425.99000000,428.60000000,639.91000000
1779991200000,2026-05-28T18:00:00+00:00,428.55000000,430.00000000,426.70000000,426.70000000,400.02000000
1779994800000,2026-05-28T19:00:00+00:00,426.76000000,428.90000000,425.53000000,426.52000000,291.61000000
1779998400000,2026-05-28T20:00:00+00:00,426.84000000,434.78000000,426.44000000,431.98000000,692.18000000
1780002000000,2026-05-28T21:00:00+00:00,431.98000000,432.51000000,427.52000000,430.79000000,591.20000000
1780005600000,2026-05-28T22:00:00+00:00,430.79000000,431.97000000,429.46000000,430.35000000,162.72000000
1780009200000,2026-05-28T23:00:00+00:00,430.22000000,431.80000000,430.20000000,431.60000000,106.79000000
1780012800000,2026-05-29T00:00:00+00:00,431.58000000,432.07000000,429.90000000,430.04000000,114.44000000
1780016400000,2026-05-29T01:00:00+00:00,430.14000000,431.18000000,429.97000000,430.97000000,78.06000000
1780020000000,2026-05-29T02:00:00+00:00,431.03000000,431.45000000,430.71000000,431.13000000,69.43000000
1780023600000,2026-05-29T03:00:00+00:00,431.28000000,431.79000000,431.11000000,431.41000000,87.43000000
1780027200000,2026-05-29T04:00:00+00:00,431.41000000,433.13000000,431.00000000,432.95000000,171.82000000
1780030800000,2026-05-29T05:00:00+00:00,432.92000000,434.26000000,432.56000000,433.34000000,206.35000000
1780034400000,2026-05-29T06:00:00+00:00,433.21000000,433.53000000,432.41000000,432.66000000,134.75000000
1780038000000,2026-05-29T07:00:00+00:00,432.61000000,432.61000000,430.75000000,431.60000000,73.25000000
1780041600000,2026-05-29T08:00:00+00:00,431.48000000,433.39000000,430.65000000,431.97000000,462.24000000
1780045200000,2026-05-29T09:00:00+00:00,431.86000000,433.43000000,431.37000000,433.00000000,172.48000000
1780048800000,2026-05-29T10:00:00+00:00,432.98000000,433.10000000,431.40000000,432.67000000,112.64000000
1780052400000,2026-05-29T11:00:00+00:00,432.75000000,434.75000000,432.42000000,434.48000000,387.54000000
1780056000000,2026-05-29T12:00:00+00:00,434.58000000,434.74000000,432.91000000,433.96000000,338.72000000
1780059600000,2026-05-29T13:00:00+00:00,433.94000000,449.10000000,432.19000000,445.09000000,3278.77000000
1780063200000,2026-05-29T14:00:00+00:00,445.09000000,446.60000000,435.01000000,437.24000000,2573.72000000
1780066800000,2026-05-29T15:00:00+00:00,437.43000000,442.83000000,437.27000000,438.80000000,1776.86000000
1780070400000,2026-05-29T16:00:00+00:00,438.80000000,441.52000000,438.65000000,439.56000000,477.72000000
1780074000000,2026-05-29T17:00:00+00:00,439.76000000,440.18000000,434.10000000,435.49000000,699.42000000
1780077600000,2026-05-29T18:00:00+00:00,435.47000000,437.09000000,435.10000000,436.01000000,226.52000000
1780081200000,2026-05-29T19:00:00+00:00,436.08000000,449.40000000,435.50000000,447.20000000,1760.56000000
1780084800000,2026-05-29T20:00:00+00:00,447.20000000,447.49000000,444.00000000,445.55000000,706.19000000
1780088400000,2026-05-29T21:00:00+00:00,445.54000000,447.05000000,445.12000000,446.82000000,132.80000000
1780092000000,2026-05-29T22:00:00+00:00,446.60000000,446.99000000,446.16000000,446.63000000,47.58000000
1780095600000,2026-05-29T23:00:00+00:00,446.58000000,446.92000000,444.64000000,446.36000000,199.46000000
1780099200000,2026-05-30T00:00:00+00:00,446.36000000,446.85000000,445.15000000,446.41000000,157.47000000
1780102800000,2026-05-30T01:00:00+00:00,446.38000000,446.95000000,446.10000000,446.90000000,51.10000000
1780106400000,2026-05-30T02:00:00+00:00,446.86000000,447.45000000,446.52000000,447.23000000,158.27000000
1780110000000,2026-05-30T03:00:00+00:00,447.21000000,447.59000000,445.83000000,446.79000000,589.20000000
1780113600000,2026-05-30T04:00:00+00:00,446.79000000,448.68000000,446.57000000,448.17000000,410.86000000
1780117200000,2026-05-30T05:00:00+00:00,448.06000000,448.87000000,447.57000000,448.50000000,168.09000000
1780120800000,2026-05-30T06:00:00+00:00,448.36000000,449.52000000,448.06000000,449.29000000,194.29000000
1780124400000,2026-05-30T07:00:00+00:00,449.18000000,449.57000000,448.90000000,449.18000000,129.93000000
1780128000000,2026-05-30T08:00:00+00:00,449.25000000,450.15000000,448.95000000,449.47000000,152.30000000
1780131600000,2026-05-30T09:00:00+00:00,449.48000000,450.85000000,449.06000000,449.87000000,377.43000000
1780135200000,2026-05-30T10:00:00+00:00,449.87000000,450.46000000,449.35000000,450.46000000,144.18000000
1780138800000,2026-05-30T11:00:00+00:00,450.46000000,450.46000000,448.94000000,449.24000000,223.76000000
1780142400000,2026-05-30T12:00:00+00:00,449.24000000,450.70000000,448.85000000,450.62000000,145.12000000
1780146000000,2026-05-30T13:00:00+00:00,450.62000000,451.92000000,450.35000000,451.76000000,337.07000000
1780149600000,2026-05-30T14:00:00+00:00,451.76000000,453.70000000,450.62000000,452.74000000,239.48000000
1780153200000,2026-05-30T15:00:00+00:00,452.70000000,455.23000000,452.61000000,454.15000000,232.64000000
1780156800000,2026-05-30T16:00:00+00:00,454.15000000,454.50000000,450.30000000,452.38000000,572.14000000
1780160400000,2026-05-30T17:00:00+00:00,452.50000000,454.45000000,452.00000000,453.02000000,165.23000000
1780164000000,2026-05-30T18:00:00+00:00,453.06000000,453.07000000,450.30000000,451.10000000,163.76000000
1780167600000,2026-05-30T19:00:00+00:00,451.20000000,452.40000000,451.12000000,452.40000000,24.16000000
1780171200000,2026-05-30T20:00:00+00:00,452.33000000,454.34000000,451.91000000,452.77000000,154.03000000
1780174800000,2026-05-30T21:00:00+00:00,452.77000000,454.48000000,452.51000000,453.52000000,56.10000000
1780178400000,2026-05-30T22:00:00+00:00,453.60000000,455.70000000,452.81000000,453.97000000,237.38000000
1780182000000,2026-05-30T23:00:00+00:00,453.97000000,454.03000000,451.19000000,452.41000000,240.49000000
1780185600000,2026-05-31T00:00:00+00:00,452.54000000,455.40000000,452.16000000,454.02000000,263.91000000
1780189200000,2026-05-31T01:00:00+00:00,454.11000000,455.00000000,453.55000000,454.42000000,57.78000000
1780192800000,2026-05-31T02:00:00+00:00,454.32000000,454.95000000,453.93000000,454.76000000,67.67000000
1780196400000,2026-05-31T03:00:00+00:00,454.80000000,455.22000000,453.07000000,454.48000000,116.69000000
1780200000000,2026-05-31T04:00:00+00:00,454.29000000,455.66000000,454.09000000,455.66000000,64.80000000
1780203600000,2026-05-31T05:00:00+00:00,455.66000000,457.18000000,453.10000000,456.66000000,436.48000000
1780207200000,2026-05-31T06:00:00+00:00,456.64000000,458.31000000,455.19000000,458.14000000,586.85000000
1780210800000,2026-05-31T07:00:00+00:00,458.21000000,461.59000000,458.04000000,461.34000000,748.66000000
1780214400000,2026-05-31T08:00:00+00:00,461.34000000,465.16000000,460.04000000,463.65000000,490.18000000
1780218000000,2026-05-31T09:00:00+00:00,463.63000000,464.06000000,461.28000000,462.07000000,170.47000000
1780221600000,2026-05-31T10:00:00+00:00,462.06000000,462.33000000,459.61000000,460.87000000,419.07000000
1780225200000,2026-05-31T11:00:00+00:00,460.82000000,462.81000000,460.72000000,462.81000000,112.57000000
1780228800000,2026-05-31T12:00:00+00:00,462.82000000,463.25000000,461.89000000,461.89000000,70.77000000
1780232400000,2026-05-31T13:00:00+00:00,461.91000000,465.91000000,461.06000000,465.74000000,494.16000000
1780236000000,2026-05-31T14:00:00+00:00,465.75000000,467.10000000,463.61000000,465.45000000,1061.98000000
1780239600000,2026-05-31T15:00:00+00:00,465.54000000,468.00000000,462.98000000,464.60000000,1102.15000000
1780243200000,2026-05-31T16:00:00+00:00,464.82000000,468.00000000,464.00000000,465.60000000,1054.47000000
1780246800000,2026-05-31T17:00:00+00:00,465.73000000,466.87000000,463.39000000,464.50000000,500.88000000
1780250400000,2026-05-31T18:00:00+00:00,464.50000000,466.07000000,462.78000000,463.47000000,313.43000000
1780254000000,2026-05-31T19:00:00+00:00,463.52000000,467.50000000,460.35000000,461.12000000,486.74000000
1780257600000,2026-05-31T20:00:00+00:00,461.15000000,466.27000000,460.70000000,465.28000000,547.80000000
1780261200000,2026-05-31T21:00:00+00:00,465.31000000,467.20000000,463.68000000,465.47000000,169.26000000
1780264800000,2026-05-31T22:00:00+00:00,465.21000000,467.50000000,461.45000000,463.88000000,776.52000000
1780268400000,2026-05-31T23:00:00+00:00,463.91000000,467.57000000,463.34000000,465.78000000,388.75000000
1780272000000,2026-06-01T00:00:00+00:00,465.58000000,465.58000000,451.21000000,460.10000000,4323.91000000
1780275600000,2026-06-01T01:00:00+00:00,460.10000000,460.80000000,456.42000000,460.25000000,1396.18000000
1780279200000,2026-06-01T02:00:00+00:00,460.25000000,461.90000000,458.69000000,459.40000000,819.45000000
1780282800000,2026-06-01T03:00:00+00:00,459.41000000,460.06000000,458.19000000,459.19000000,372.96000000
1780286400000,2026-06-01T04:00:00+00:00,459.13000000,460.26000000,458.94000000,459.56000000,378.60000000
1780290000000,2026-06-01T05:00:00+00:00,459.48000000,460.18000000,458.88000000,459.48000000,312.48000000
1780293600000,2026-06-01T06:00:00+00:00,459.46000000,460.01000000,458.28000000,459.40000000,300.62000000
1780297200000,2026-06-01T07:00:00+00:00,459.35000000,459.68000000,457.36000000,457.60000000,374.91000000
1780300800000,2026-06-01T08:00:00+00:00,457.70000000,459.00000000,454.97000000,458.53000000,1286.84000000
1780304400000,2026-06-01T09:00:00+00:00,458.60000000,459.00000000,456.17000000,457.53000000,673.15000000
1780308000000,2026-06-01T10:00:00+00:00,457.62000000,461.00000000,457.38000000,459.40000000,577.61000000
1780311600000,2026-06-01T11:00:00+00:00,459.40000000,461.00000000,457.01000000,458.43000000,782.57000000
1780315200000,2026-06-01T12:00:00+00:00,458.62000000,459.12000000,455.66000000,456.64000000,888.08000000
1780318800000,2026-06-01T13:00:00+00:00,456.50000000,456.66000000,443.72000000,448.24000000,5425.86000000
1780322400000,2026-06-01T14:00:00+00:00,448.03000000,460.70000000,446.34000000,455.75000000,3879.08000000
1780326000000,2026-06-01T15:00:00+00:00,455.76000000,460.47000000,455.14000000,459.23000000,2001.53000000
1780329600000,2026-06-01T16:00:00+00:00,459.36000000,463.82000000,459.36000000,462.74000000,1745.58000000
1780333200000,2026-06-01T17:00:00+00:00,462.64000000,466.28000000,460.31000000,464.67000000,1419.75000000
1780336800000,2026-06-01T18:00:00+00:00,464.59000000,464.88000000,459.26000000,462.42000000,717.17000000
1780340400000,2026-06-01T19:00:00+00:00,462.40000000,463.08000000,457.08000000,460.62000000,967.15000000
1780344000000,2026-06-01T20:00:00+00:00,460.51000000,469.19000000,459.96000000,467.97000000,1627.08000000
1780347600000,2026-06-01T21:00:00+00:00,467.98000000,478.00000000,467.75000000,474.66000000,2561.33000000
1780351200000,2026-06-01T22:00:00+00:00,474.55000000,474.71000000,472.06000000,473.95000000,468.51000000
1780354800000,2026-06-01T23:00:00+00:00,473.90000000,474.18000000,471.03000000,472.65000000,478.95000000
1780358400000,2026-06-02T00:00:00+00:00,472.51000000,479.34000000,467.27000000,477.97000000,2495.59000000
1780362000000,2026-06-02T01:00:00+00:00,477.83000000,477.83000000,473.44000000,473.93000000,789.71000000
1780365600000,2026-06-02T02:00:00+00:00,474.01000000,475.88000000,472.74000000,475.78000000,634.66000000
1780369200000,2026-06-02T03:00:00+00:00,475.68000000,476.16000000,471.95000000,473.89000000,1445.93000000
1780372800000,2026-06-02T04:00:00+00:00,473.89000000,478.00000000,472.83000000,477.91000000,1078.74000000
1780376400000,2026-06-02T05:00:00+00:00,477.91000000,483.75000000,477.84000000,483.51000000,1928.81000000
1780380000000,2026-06-02T06:00:00+00:00,483.53000000,483.85000000,478.99000000,482.97000000,1191.03000000
1780383600000,2026-06-02T07:00:00+00:00,483.00000000,483.57000000,480.56000000,480.84000000,1447.94000000
1780387200000,2026-06-02T08:00:00+00:00,480.95000000,494.65000000,480.23000000,489.90000000,3455.99000000
1780390800000,2026-06-02T09:00:00+00:00,489.92000000,493.04000000,487.94000000,492.83000000,3205.59000000
1780394400000,2026-06-02T10:00:00+00:00,492.66000000,496.80000000,490.24000000,490.61000000,2698.98000000
1780398000000,2026-06-02T11:00:00+00:00,490.44000000,492.81000000,486.35000000,486.71000000,1770.88000000
1780401600000,2026-06-02T12:00:00+00:00,486.77000000,491.93000000,486.37000000,487.39000000,1012.97000000
1780405200000,2026-06-02T13:00:00+00:00,487.36000000,492.67000000,479.25000000,481.48000000,4777.76000000
1780408800000,2026-06-02T14:00:00+00:00,481.60000000,483.59000000,478.21000000,480.82000000,4774.92000000
1780412400000,2026-06-02T15:00:00+00:00,480.86000000,484.54000000,476.26000000,484.32000000,3689.00000000
1780416000000,2026-06-02T16:00:00+00:00,484.39000000,486.77000000,479.74000000,480.64000000,2548.73000000
1780419600000,2026-06-02T17:00:00+00:00,480.51000000,480.59000000,475.89000000,476.21000000,1646.31000000
1780423200000,2026-06-02T18:00:00+00:00,476.17000000,476.36000000,470.82000000,474.30000000,2208.91000000
1780426800000,2026-06-02T19:00:00+00:00,474.30000000,483.57000000,474.29000000,482.26000000,2230.31000000
1780430400000,2026-06-02T20:00:00+00:00,482.14000000,485.59000000,481.33000000,485.58000000,1166.30000000
1780434000000,2026-06-02T21:00:00+00:00,485.45000000,486.46000000,484.41000000,485.28000000,910.64000000
1780437600000,2026-06-02T22:00:00+00:00,485.16000000,499.46000000,484.92000000,495.00000000,3341.03000000
1780441200000,2026-06-02T23:00:00+00:00,495.16000000,496.54000000,489.09000000,495.12000000,1990.20000000
1780444800000,2026-06-03T00:00:00+00:00,495.23000000,508.30000000,492.07000000,502.66000000,3043.16000000
1780448400000,2026-06-03T01:00:00+00:00,502.47000000,502.53000000,496.56000000,499.01000000,2059.30000000
1780452000000,2026-06-03T02:00:00+00:00,499.05000000,500.29000000,497.31000000,497.61000000,1031.51000000
1780455600000,2026-06-03T03:00:00+00:00,497.72000000,501.38000000,495.80000000,498.65000000,3062.43000000
1780459200000,2026-06-03T04:00:00+00:00,498.59000000,500.27000000,498.05000000,498.75000000,1543.75000000
1780462800000,2026-06-03T05:00:00+00:00,498.75000000,500.00000000,495.57000000,496.21000000,1105.57000000
1780466400000,2026-06-03T06:00:00+00:00,496.18000000,497.80000000,494.94000000,495.70000000,932.18000000
1780470000000,2026-06-03T07:00:00+00:00,495.82000000,498.00000000,495.53000000,497.31000000,688.77000000
1780473600000,2026-06-03T08:00:00+00:00,497.38000000,499.73000000,496.23000000,497.30000000,1158.01000000
1780477200000,2026-06-03T09:00:00+00:00,497.34000000,497.62000000,491.51000000,492.37000000,2486.36000000
1780480800000,2026-06-03T10:00:00+00:00,492.45000000,495.12000000,490.84000000,493.92000000,1267.70000000
1780484400000,2026-06-03T11:00:00+00:00,494.06000000,495.20000000,490.63000000,493.47000000,1984.78000000
1780488000000,2026-06-03T12:00:00+00:00,493.41000000,496.68000000,491.48000000,493.06000000,1993.32000000
1780491600000,2026-06-03T13:00:00+00:00,493.19000000,496.32000000,469.00000000,478.56000000,9415.12000000
1780495200000,2026-06-03T14:00:00+00:00,478.68000000,489.33000000,477.24000000,486.45000000,4762.82000000
1780498800000,2026-06-03T15:00:00+00:00,486.37000000,490.08000000,482.34000000,486.03000000,2005.82000000
1780502400000,2026-06-03T16:00:00+00:00,485.99000000,487.54000000,482.68000000,487.02000000,2620.25000000
1780506000000,2026-06-03T17:00:00+00:00,486.91000000,487.80000000,482.87000000,487.02000000,2161.67000000
1780509600000,2026-06-03T18:00:00+00:00,487.04000000,489.45000000,485.31000000,487.96000000,1437.96000000
1780513200000,2026-06-03T19:00:00+00:00,487.85000000,490.41000000,476.38000000,480.09000000,3249.14000000
1780516800000,2026-06-03T20:00:00+00:00,480.05000000,482.81000000,437.02000000,455.63000000,36700.49000000
1780520400000,2026-06-03T21:00:00+00:00,455.62000000,459.74000000,403.89000000,420.35000000,34913.13000000
1780524000000,2026-06-03T22:00:00+00:00,420.57000000,426.10000000,415.89000000,419.96000000,6560.57000000
1780527600000,2026-06-03T23:00:00+00:00,419.96000000,420.43000000,410.85000000,414.50000000,8218.35000000
1780531200000,2026-06-04T00:00:00+00:00,414.49000000,427.19000000,414.27000000,424.35000000,9572.51000000
1780534800000,2026-06-04T01:00:00+00:00,424.36000000,424.37000000,417.15000000,418.55000000,5875.13000000
1780538400000,2026-06-04T02:00:00+00:00,418.60000000,420.69000000,416.25000000,419.14000000,2346.20000000
1780542000000,2026-06-04T03:00:00+00:00,419.00000000,425.32000000,418.52000000,419.55000000,3896.16000000
1780545600000,2026-06-04T04:00:00+00:00,419.55000000,430.23000000,418.76000000,427.50000000,12577.05000000
1780549200000,2026-06-04T05:00:00+00:00,427.50000000,427.55000000,422.89000000,425.89000000,7582.00000000
1780552800000,2026-06-04T06:00:00+00:00,425.90000000,432.95000000,424.72000000,432.68000000,7125.99000000
1780556400000,2026-06-04T07:00:00+00:00,432.69000000,432.87000000,426.55000000,427.34000000,5063.03000000
1780560000000,2026-06-04T08:00:00+00:00,427.16000000,429.48000000,414.30000000,419.23000000,10760.30000000
1780563600000,2026-06-04T09:00:00+00:00,419.25000000,421.67000000,410.00000000,419.87000000,12849.73000000
1780567200000,2026-06-04T10:00:00+00:00,419.79000000,423.16000000,411.00000000,414.52000000,7712.67000000
1780570800000,2026-06-04T11:00:00+00:00,414.55000000,416.08000000,404.00000000,408.26000000,13894.86000000
1780574400000,2026-06-04T12:00:00+00:00,408.21000000,413.50000000,407.66000000,408.24000000,11819.39000000
1780578000000,2026-06-04T13:00:00+00:00,408.31000000,418.84000000,402.67000000,404.60000000,51316.39000000
1780581600000,2026-06-04T14:00:00+00:00,404.53000000,413.06000000,404.00000000,408.88000000,20523.14000000
1780585200000,2026-06-04T15:00:00+00:00,409.00000000,415.65000000,407.34000000,408.08000000,27795.69000000
1780588800000,2026-06-04T16:00:00+00:00,408.08000000,415.75000000,407.67000000,415.55000000,15880.74000000
1780592400000,2026-06-04T17:00:00+00:00,415.60000000,425.00000000,414.85000000,424.71000000,23067.57000000
1780596000000,2026-06-04T18:00:00+00:00,424.70000000,426.95000000,416.01000000,416.66000000,15309.68000000
1780599600000,2026-06-04T19:00:00+00:00,416.63000000,424.12000000,415.26000000,419.50000000,6624.74000000
1780603200000,2026-06-04T20:00:00+00:00,419.57000000,420.94000000,417.34000000,418.14000000,2998.53000000
1780606800000,2026-06-04T21:00:00+00:00,418.14000000,418.71000000,417.22000000,417.89000000,1315.59000000
1780610400000,2026-06-04T22:00:00+00:00,417.80000000,418.14000000,414.32000000,415.55000000,2837.27000000
1780614000000,2026-06-04T23:00:00+00:00,415.48000000,415.56000000,411.93000000,413.77000000,5360.57000000
1780617600000,2026-06-05T00:00:00+00:00,413.81000000,414.15000000,406.50000000,407.79000000,8601.81000000
1780621200000,2026-06-05T01:00:00+00:00,407.78000000,412.44000000,405.21000000,411.75000000,7370.89000000
1780624800000,2026-06-05T02:00:00+00:00,411.75000000,414.16000000,411.30000000,411.55000000,4332.26000000
1780628400000,2026-06-05T03:00:00+00:00,411.49000000,412.67000000,410.59000000,411.50000000,2934.40000000
1780632000000,2026-06-05T04:00:00+00:00,411.46000000,413.24000000,411.00000000,413.09000000,1569.72000000
1780635600000,2026-06-05T05:00:00+00:00,413.04000000,413.33000000,410.85000000,410.99000000,1400.00000000
1780639200000,2026-06-05T06:00:00+00:00,410.95000000,411.55000000,408.02000000,409.83000000,11649.27000000
1780642800000,2026-06-05T07:00:00+00:00,409.81000000,411.16000000,408.00000000,411.08000000,2663.01000000
1780646400000,2026-06-05T08:00:00+00:00,411.12000000,413.61000000,410.45000000,411.12000000,3171.09000000
1780650000000,2026-06-05T09:00:00+00:00,411.13000000,413.46000000,410.97000000,412.76000000,2308.65000000
1780653600000,2026-06-05T10:00:00+00:00,412.79000000,415.57000000,412.30000000,413.63000000,2820.71000000
1780657200000,2026-06-05T11:00:00+00:00,413.59000000,414.30000000,411.53000000,411.56000000,2121.47000000
1780660800000,2026-06-05T12:00:00+00:00,411.59000000,412.59000000,409.75000000,410.23000000,2508.81000000
1780664400000,2026-06-05T13:00:00+00:00,410.20000000,411.23000000,400.14000000,401.81000000,19508.75000000
1780668000000,2026-06-05T14:00:00+00:00,401.90000000,404.82000000,396.96000000,400.92000000,16235.98000000
1780671600000,2026-06-05T15:00:00+00:00,400.90000000,401.22000000,394.49000000,395.26000000,16706.80000000
1780675200000,2026-06-05T16:00:00+00:00,395.33000000,395.72000000,391.65000000,395.13000000,10913.95000000
1780678800000,2026-06-05T17:00:00+00:00,395.16000000,397.64000000,393.59000000,394.85000000,6492.98000000
1780682400000,2026-06-05T18:00:00+00:00,394.77000000,395.00000000,386.46000000,388.85000000,16171.56000000
1780686000000,2026-06-05T19:00:00+00:00,388.84000000,390.91000000,385.90000000,385.90000000,8364.36000000
1780689600000,2026-06-05T20:00:00+00:00,385.90000000,387.44000000,383.82000000,386.19000000,8076.85000000
1780693200000,2026-06-05T21:00:00+00:00,386.15000000,388.72000000,385.44000000,388.25000000,2257.02000000
1780696800000,2026-06-05T22:00:00+00:00,388.24000000,388.88000000,384.94000000,385.91000000,2718.36000000
1780700400000,2026-06-05T23:00:00+00:00,385.93000000,387.13000000,384.73000000,385.03000000,1627.55000000
1780704000000,2026-06-06T00:00:00+00:00,385.00000000,388.55000000,382.67000000,387.77000000,6930.02000000
1780707600000,2026-06-06T01:00:00+00:00,387.80000000,388.83000000,380.00000000,380.03000000,6680.61000000
1780711200000,2026-06-06T02:00:00+00:00,380.01000000,380.43000000,352.19000000,363.54000000,24768.49000000
1780714800000,2026-06-06T03:00:00+00:00,363.54000000,373.91000000,363.14000000,372.26000000,7799.42000000
1780718400000,2026-06-06T04:00:00+00:00,372.28000000,373.60000000,368.01000000,369.00000000,2630.17000000
1780722000000,2026-06-06T05:00:00+00:00,369.01000000,373.47000000,367.97000000,372.90000000,2745.80000000
1780725600000,2026-06-06T06:00:00+00:00,372.90000000,374.39000000,369.21000000,370.90000000,2200.95000000
1780729200000,2026-06-06T07:00:00+00:00,370.85000000,372.72000000,369.01000000,372.47000000,2015.18000000
1780732800000,2026-06-06T08:00:00+00:00,372.37000000,372.60000000,370.85000000,372.32000000,764.89000000
1780736400000,2026-06-06T09:00:00+00:00,372.32000000,374.23000000,371.32000000,372.40000000,1537.14000000
1780740000000,2026-06-06T10:00:00+00:00,372.41000000,372.41000000,369.46000000,370.54000000,793.01000000
1780743600000,2026-06-06T11:00:00+00:00,370.60000000,373.29000000,370.45000000,371.62000000,965.99000000
1780747200000,2026-06-06T12:00:00+00:00,371.62000000,376.72000000,371.25000000,376.40000000,1451.83000000
1780750800000,2026-06-06T13:00:00+00:00,376.42000000,377.00000000,372.80000000,373.71000000,977.37000000
1780754400000,2026-06-06T14:00:00+00:00,373.64000000,373.98000000,372.14000000,373.50000000,526.41000000
1780758000000,2026-06-06T15:00:00+00:00,373.48000000,375.51000000,373.48000000,374.56000000,1077.46000000
1780761600000,2026-06-06T16:00:00+00:00,374.61000000,375.70000000,374.05000000,375.48000000,383.38000000
1780765200000,2026-06-06T17:00:00+00:00,375.48000000,375.87000000,374.77000000,374.79000000,326.28000000
1780768800000,2026-06-06T18:00:00+00:00,374.86000000,375.12000000,374.51000000,374.84000000,148.79000000
1780772400000,2026-06-06T19:00:00+00:00,374.80000000,376.89000000,374.56000000,376.87000000,560.06000000
1780776000000,2026-06-06T20:00:00+00:00,376.84000000,377.58000000,376.45000000,377.24000000,580.73000000
1780779600000,2026-06-06T21:00:00+00:00,377.21000000,377.69000000,375.55000000,375.66000000,264.32000000
1780783200000,2026-06-06T22:00:00+00:00,375.60000000,376.64000000,375.05000000,376.31000000,227.61000000
1780786800000,2026-06-06T23:00:00+00:00,376.29000000,378.71000000,376.00000000,378.64000000,442.52000000
1780790400000,2026-06-07T00:00:00+00:00,378.66000000,378.79000000,376.52000000,378.22000000,648.27000000
1780794000000,2026-06-07T01:00:00+00:00,378.27000000,379.91000000,378.08000000,379.42000000,472.57000000
1780797600000,2026-06-07T02:00:00+00:00,379.38000000,379.92000000,379.18000000,379.75000000,316.07000000
1780801200000,2026-06-07T03:00:00+00:00,379.74000000,380.00000000,379.30000000,379.87000000,621.91000000
1780804800000,2026-06-07T04:00:00+00:00,379.85000000,383.19000000,379.74000000,383.14000000,1140.21000000
1780808400000,2026-06-07T05:00:00+00:00,383.14000000,385.04000000,382.88000000,384.05000000,777.94000000
1780812000000,2026-06-07T06:00:00+00:00,384.05000000,385.65000000,383.02000000,385.08000000,1046.55000000
1780815600000,2026-06-07T07:00:00+00:00,385.05000000,385.29000000,383.59000000,384.19000000,596.38000000
1780819200000,2026-06-07T08:00:00+00:00,384.19000000,384.57000000,382.84000000,384.36000000,921.39000000
1780822800000,2026-06-07T09:00:00+00:00,384.35000000,384.97000000,381.70000000,382.06000000,1197.69000000
1780826400000,2026-06-07T10:00:00+00:00,382.08000000,382.20000000,380.07000000,381.08000000,877.24000000
1780830000000,2026-06-07T11:00:00+00:00,381.08000000,381.71000000,379.49000000,379.96000000,936.13000000
1780833600000,2026-06-07T12:00:00+00:00,379.97000000,381.74000000,378.66000000,380.61000000,1329.59000000
1780837200000,2026-06-07T13:00:00+00:00,380.60000000,384.00000000,380.08000000,383.46000000,1282.33000000
1780840800000,2026-06-07T14:00:00+00:00,383.42000000,386.19000000,382.59000000,384.57000000,1845.44000000
1780844400000,2026-06-07T15:00:00+00:00,384.52000000,385.68000000,384.00000000,384.67000000,424.70000000
1780848000000,2026-06-07T16:00:00+00:00,384.61000000,385.54000000,384.00000000,385.05000000,438.81000000
1780851600000,2026-06-07T17:00:00+00:00,385.08000000,386.16000000,384.56000000,384.61000000,439.18000000
1780855200000,2026-06-07T18:00:00+00:00,384.55000000,384.65000000,382.26000000,382.32000000,715.63000000
1780858800000,2026-06-07T19:00:00+00:00,382.33000000,382.33000000,376.00000000,377.16000000,1239.40000000
1780862400000,2026-06-07T20:00:00+00:00,377.08000000,381.24000000,377.08000000,381.08000000,427.55000000
1780866000000,2026-06-07T21:00:00+00:00,381.08000000,385.94000000,380.20000000,384.39000000,773.14000000
1780869600000,2026-06-07T22:00:00+00:00,384.45000000,385.82000000,380.50000000,381.16000000,2052.66000000
1780873200000,2026-06-07T23:00:00+00:00,381.28000000,383.93000000,381.02000000,383.26000000,883.57000000
1780876800000,2026-06-08T00:00:00+00:00,383.23000000,394.12000000,383.23000000,391.75000000,4372.52000000
1780880400000,2026-06-08T01:00:00+00:00,391.68000000,392.27000000,385.28000000,388.10000000,3650.30000000
1780884000000,2026-06-08T02:00:00+00:00,388.18000000,392.60000000,386.79000000,391.54000000,2557.25000000
1780887600000,2026-06-08T03:00:00+00:00,391.54000000,392.73000000,390.82000000,391.95000000,1657.29000000
1780891200000,2026-06-08T04:00:00+00:00,392.03000000,392.22000000,387.70000000,387.91000000,1075.34000000
1780894800000,2026-06-08T05:00:00+00:00,387.85000000,389.48000000,383.04000000,384.21000000,1330.35000000
1780898400000,2026-06-08T06:00:00+00:00,384.18000000,387.97000000,383.76000000,387.55000000,1429.48000000
1780902000000,2026-06-08T07:00:00+00:00,387.65000000,392.01000000,387.05000000,391.67000000,1027.44000000
1780905600000,2026-06-08T08:00:00+00:00,391.61000000,393.60000000,390.28000000,391.08000000,3171.77000000
1780909200000,2026-06-08T09:00:00+00:00,391.01000000,392.79000000,390.10000000,392.61000000,1851.95000000
1780912800000,2026-06-08T10:00:00+00:00,392.62000000,395.51000000,390.60000000,394.40000000,1435.90000000
1780916400000,2026-06-08T11:00:00+00:00,394.42000000,398.00000000,392.83000000,397.47000000,2912.91000000
1780920000000,2026-06-08T12:00:00+00:00,397.41000000,399.53000000,396.93000000,399.23000000,1496.19000000
1780923600000,2026-06-08T13:00:00+00:00,399.17000000,403.32000000,392.19000000,392.32000000,17276.65000000
1780927200000,2026-06-08T14:00:00+00:00,392.29000000,399.52000000,391.36000000,398.10000000,7328.15000000
1780930800000,2026-06-08T15:00:00+00:00,398.15000000,400.00000000,396.74000000,397.01000000,4792.57000000
1780934400000,2026-06-08T16:00:00+00:00,396.98000000,398.20000000,393.69000000,396.37000000,1972.90000000
1780938000000,2026-06-08T17:00:00+00:00,396.32000000,396.40000000,393.14000000,394.66000000,1793.18000000
1780941600000,2026-06-08T18:00:00+00:00,394.68000000,396.44000000,394.47000000,396.20000000,874.40000000
1780945200000,2026-06-08T19:00:00+00:00,396.24000000,396.99000000,393.57000000,396.84000000,1255.70000000
1780948800000,2026-06-08T20:00:00+00:00,396.82000000,397.82000000,396.11000000,396.64000000,551.35000000
1780952400000,2026-06-08T21:00:00+00:00,396.74000000,397.89000000,396.58000000,397.41000000,243.81000000
1780956000000,2026-06-08T22:00:00+00:00,397.48000000,397.66000000,395.20000000,396.43000000,984.43000000
1780959600000,2026-06-08T23:00:00+00:00,396.42000000,397.21000000,395.72000000,396.33000000,437.63000000
1780963200000,2026-06-09T00:00:00+00:00,396.29000000,396.60000000,393.70000000,394.20000000,1270.88000000
1780966800000,2026-06-09T01:00:00+00:00,394.20000000,397.91000000,393.61000000,396.07000000,959.89000000
1780970400000,2026-06-09T02:00:00+00:00,396.07000000,397.10000000,395.16000000,396.93000000,434.80000000
1780974000000,2026-06-09T03:00:00+00:00,396.95000000,398.80000000,396.85000000,398.76000000,857.69000000
1780977600000,2026-06-09T04:00:00+00:00,398.71000000,400.77000000,398.29000000,399.39000000,1048.54000000
1780981200000,2026-06-09T05:00:00+00:00,399.36000000,400.58000000,398.63000000,400.13000000,1484.75000000
1780984800000,2026-06-09T06:00:00+00:00,400.15000000,401.70000000,400.05000000,400.51000000,843.59000000
1780988400000,2026-06-09T07:00:00+00:00,400.55000000,401.67000000,399.34000000,399.87000000,1774.37000000
1780992000000,2026-06-09T08:00:00+00:00,399.83000000,402.47000000,398.41000000,401.76000000,1644.15000000
1780995600000,2026-06-09T09:00:00+00:00,401.66000000,403.28000000,401.40000000,402.70000000,1081.94000000
1780999200000,2026-06-09T10:00:00+00:00,402.77000000,403.05000000,400.62000000,401.23000000,3129.08000000
1781002800000,2026-06-09T11:00:00+00:00,401.21000000,401.99000000,394.78000000,401.31000000,3648.56000000
1781006400000,2026-06-09T12:00:00+00:00,401.27000000,402.80000000,400.04000000,402.62000000,1033.07000000
1781010000000,2026-06-09T13:00:00+00:00,402.59000000,409.79000000,396.18000000,399.13000000,21009.10000000
1781013600000,2026-06-09T14:00:00+00:00,399.14000000,399.75000000,386.07000000,389.32000000,12622.20000000
1781017200000,2026-06-09T15:00:00+00:00,389.36000000,389.89000000,377.76000000,378.10000000,11051.19000000
1781020800000,2026-06-09T16:00:00+00:00,378.07000000,379.45000000,370.51000000,374.88000000,16701.32000000
1781024400000,2026-06-09T17:00:00+00:00,374.83000000,385.44000000,374.56000000,384.30000000,10602.45000000
1781028000000,2026-06-09T18:00:00+00:00,384.30000000,392.58000000,383.15000000,392.14000000,3694.82000000
1781031600000,2026-06-09T19:00:00+00:00,392.14000000,393.48000000,387.24000000,392.68000000,6810.55000000
1781035200000,2026-06-09T20:00:00+00:00,392.72000000,393.73000000,390.50000000,391.09000000,791.14000000
1781038800000,2026-06-09T21:00:00+00:00,391.14000000,391.48000000,387.78000000,389.44000000,476.43000000
1781042400000,2026-06-09T22:00:00+00:00,389.47000000,389.89000000,386.69000000,387.61000000,757.15000000
1781046000000,2026-06-09T23:00:00+00:00,387.59000000,389.76000000,387.10000000,388.84000000,873.30000000
1781049600000,2026-06-10T00:00:00+00:00,388.96000000,392.22000000,387.03000000,389.11000000,1562.82000000
1781053200000,2026-06-10T01:00:00+00:00,389.21000000,390.95000000,387.77000000,387.97000000,1402.21000000
1781056800000,2026-06-10T02:00:00+00:00,387.92000000,388.02000000,385.42000000,385.50000000,884.92000000
1781060400000,2026-06-10T03:00:00+00:00,385.48000000,387.38000000,384.65000000,385.43000000,543.67000000
1781064000000,2026-06-10T04:00:00+00:00,385.44000000,385.67000000,381.80000000,383.29000000,1436.86000000
1781067600000,2026-06-10T05:00:00+00:00,383.35000000,386.12000000,382.31000000,385.47000000,905.60000000
1781071200000,2026-06-10T06:00:00+00:00,385.51000000,387.59000000,385.35000000,386.62000000,789.11000000
1781074800000,2026-06-10T07:00:00+00:00,386.60000000,387.26000000,385.86000000,386.34000000,348.23000000
1781078400000,2026-06-10T08:00:00+00:00,386.38000000,386.53000000,383.08000000,383.36000000,879.50000000
1781082000000,2026-06-10T09:00:00+00:00,383.44000000,384.44000000,381.02000000,383.81000000,1743.27000000
1781085600000,2026-06-10T10:00:00+00:00,383.82000000,385.84000000,382.47000000,385.40000000,1140.12000000
1781089200000,2026-06-10T11:00:00+00:00,385.44000000,385.80000000,381.36000000,382.65000000,1546.16000000
1781092800000,2026-06-10T12:00:00+00:00,382.68000000,390.14000000,381.33000000,385.60000000,3160.18000000
1781096400000,2026-06-10T13:00:00+00:00,385.60000000,387.77000000,373.01000000,373.45000000,12748.35000000
1781100000000,2026-06-10T14:00:00+00:00,373.45000000,379.75000000,372.70000000,375.21000000,9851.07000000
1781103600000,2026-06-10T15:00:00+00:00,375.18000000,377.00000000,371.64000000,376.80000000,8118.91000000
1781107200000,2026-06-10T16:00:00+00:00,376.90000000,377.00000000,372.67000000,373.13000000,2518.39000000
1781110800000,2026-06-10T17:00:00+00:00,373.15000000,379.15000000,371.86000000,378.84000000,1830.45000000
1781114400000,2026-06-10T18:00:00+00:00,379.06000000,379.85000000,373.60000000,373.61000000,1052.94000000
1781118000000,2026-06-10T19:00:00+00:00,373.55000000,374.80000000,371.45000000,372.34000000,1190.62000000
1781121600000,2026-06-10T20:00:00+00:00,372.34000000,373.26000000,371.20000000,372.10000000,741.87000000
1781125200000,2026-06-10T21:00:00+00:00,372.15000000,372.80000000,370.83000000,371.10000000,273.79000000
1781128800000,2026-06-10T22:00:00+00:00,371.08000000,371.24000000,368.12000000,368.15000000,868.53000000
1781132400000,2026-06-10T23:00:00+00:00,368.17000000,369.68000000,365.58000000,368.14000000,2320.08000000
1781136000000,2026-06-11T00:00:00+00:00,368.21000000,372.30000000,367.36000000,371.95000000,1562.60000000
1781139600000,2026-06-11T01:00:00+00:00,371.95000000,377.75000000,371.95000000,373.81000000,1605.61000000
1781143200000,2026-06-11T02:00:00+00:00,373.82000000,375.22000000,371.10000000,374.20000000,890.71000000
1781146800000,2026-06-11T03:00:00+00:00,374.15000000,376.95000000,372.85000000,376.42000000,574.94000000
1781150400000,2026-06-11T04:00:00+00:00,376.46000000,376.83000000,375.12000000,376.22000000,438.73000000
1781154000000,2026-06-11T05:00:00+00:00,376.18000000,376.79000000,375.32000000,376.52000000,543.79000000
1781157600000,2026-06-11T06:00:00+00:00,376.44000000,377.38000000,375.52000000,376.93000000,439.25000000
1781161200000,2026-06-11T07:00:00+00:00,376.95000000,377.99000000,376.10000000,377.69000000,754.27000000
1781164800000,2026-06-11T08:00:00+00:00,377.69000000,380.16000000,377.55000000,378.16000000,1489.79000000
1781168400000,2026-06-11T09:00:00+00:00,378.22000000,378.37000000,376.75000000,377.25000000,459.34000000
1781172000000,2026-06-11T10:00:00+00:00,377.20000000,377.89000000,376.15000000,376.74000000,455.96000000
1781175600000,2026-06-11T11:00:00+00:00,376.72000000,376.98000000,374.30000000,376.64000000,895.25000000
1781179200000,2026-06-11T12:00:00+00:00,376.75000000,377.10000000,371.93000000,373.87000000,1674.07000000
1781182800000,2026-06-11T13:00:00+00:00,373.60000000,380.85000000,367.25000000,379.65000000,11477.21000000
1781186400000,2026-06-11T14:00:00+00:00,379.68000000,381.16000000,373.65000000,374.04000000,4764.10000000
1781190000000,2026-06-11T15:00:00+00:00,373.96000000,378.04000000,372.63000000,377.05000000,3159.01000000
1781193600000,2026-06-11T16:00:00+00:00,377.00000000,380.20000000,376.38000000,376.65000000,2100.01000000
1781197200000,2026-06-11T17:00:00+00:00,376.71000000,385.06000000,375.06000000,385.01000000,9678.47000000
1781200800000,2026-06-11T18:00:00+00:00,385.02000000,385.77000000,381.56000000,384.99000000,2485.20000000
1781204400000,2026-06-11T19:00:00+00:00,384.97000000,388.51000000,383.13000000,385.60000000,2538.10000000
1781208000000,2026-06-11T20:00:00+00:00,385.56000000,385.99000000,383.49000000,384.21000000,946.49000000
1781211600000,2026-06-11T21:00:00+00:00,384.20000000,385.00000000,383.89000000,384.55000000,803.14000000
1781215200000,2026-06-11T22:00:00+00:00,384.55000000,386.04000000,384.40000000,385.65000000,1041.42000000
1781218800000,2026-06-11T23:00:00+00:00,385.59000000,385.95000000,384.14000000,385.62000000,356.39000000
1781222400000,2026-06-12T00:00:00+00:00,385.55000000,391.06000000,384.76000000,388.10000000,1603.65000000
1781226000000,2026-06-12T01:00:00+00:00,388.12000000,388.26000000,385.05000000,386.35000000,1196.50000000
1781229600000,2026-06-12T02:00:00+00:00,386.35000000,388.30000000,385.99000000,388.24000000,516.39000000
1781233200000,2026-06-12T03:00:00+00:00,388.24000000,388.24000000,386.06000000,386.58000000,399.40000000
1781236800000,2026-06-12T04:00:00+00:00,386.61000000,387.28000000,385.70000000,386.92000000,248.61000000
