open_time_ms,open_time_iso,open,high,low,close,volume
1776691800000,2026-04-20T13:30:00+00:00,403.21000000,404.26000000,400.79000000,403.09000000,412.03000000
1776692700000,2026-04-20T13:45:00+00:00,403.06000000,403.68000000,401.00000000,401.83000000,370.46000000
1776693600000,2026-04-20T14:00:00+00:00,401.87000000,402.85000000,392.80000000,399.95000000,257.70000000
1776694500000,2026-04-20T14:15:00+00:00,399.95000000,400.49000000,398.07000000,399.06000000,114.18000000
1776695400000,2026-04-20T14:30:00+00:00,399.01000000,400.62000000,398.24000000,399.99000000,100.29000000
1776696300000,2026-04-20T14:45:00+00:00,399.13000000,399.98000000,397.27000000,397.41000000,120.01000000
1776697200000,2026-04-20T15:00:00+00:00,397.41000000,398.88000000,395.24000000,396.22000000,111.56000000
1776698100000,2026-04-20T15:15:00+00:00,396.79000000,398.49000000,395.67000000,398.21000000,57.39000000
1776699000000,2026-04-20T15:30:00+00:00,398.88000000,398.88000000,397.15000000,397.15000000,35.72000000
1776699900000,2026-04-20T15:45:00+00:00,397.49000000,397.56000000,396.44000000,396.78000000,22.88000000
1776700800000,2026-04-20T16:00:00+00:00,396.78000000,398.00000000,396.44000000,397.28000000,31.50000000
1776701700000,2026-04-20T16:15:00+00:00,397.28000000,398.20000000,397.28000000,398.15000000,54.60000000
1776702600000,2026-04-20T16:30:00+00:00,398.15000000,398.69000000,396.80000000,397.73000000,35.09000000
1776703500000,2026-04-20T16:45:00+00:00,397.73000000,398.21000000,397.04000000,397.43000000,8.18000000
1776704400000,2026-04-20T17:00:00+00:00,397.66000000,398.08000000,396.55000000,397.85000000,8.09000000
1776705300000,2026-04-20T17:15:00+00:00,397.59000000,397.99000000,396.60000000,397.52000000,23.69000000
1776706200000,2026-04-20T17:30:00+00:00,397.52000000,397.96000000,396.46000000,396.92000000,6.41000000
1776707100000,2026-04-20T17:45:00+00:00,397.34000000,397.48000000,396.47000000,396.99000000,5.62000000
1776708000000,2026-04-20T18:00:00+00:00,396.72000000,397.68000000,395.96000000,396.41000000,402.16000000
1776708900000,2026-04-20T18:15:00+00:00,396.40000000,397.40000000,396.03000000,397.14000000,95.72000000
1776709800000,2026-04-20T18:30:00+00:00,397.18000000,397.94000000,396.51000000,397.92000000,47.41000000
1776710700000,2026-04-20T18:45:00+00:00,398.11000000,398.80000000,397.64000000,398.32000000,160.01000000
1776711600000,2026-04-20T19:00:00+00:00,398.42000000,399.25000000,397.95000000,399.07000000,208.75000000
1776712500000,2026-04-20T19:15:00+00:00,398.99000000,399.19000000,397.71000000,398.79000000,107.62000000
1776713400000,2026-04-20T19:30:00+00:00,398.83000000,399.41000000,398.03000000,399.03000000,89.14000000
1776714300000,2026-04-20T19:45:00+00:00,398.83000000,399.79000000,397.86000000,399.79000000,195.46000000
1776715200000,2026-04-20T20:00:00+00:00,399.80000000,402.00000000,398.82000000,399.63000000,105.32000000
1776716100000,2026-04-20T20:15:00+00:00,399.63000000,399.80000000,399.33000000,399.42000000,13.07000000
1776717000000,2026-04-20T20:30:00+00:00,399.32000000,400.93000000,399.25000000,400.10000000,157.13000000
1776717900000,2026-04-20T20:45:00+00:00,400.10000000,400.28000000,399.90000000,399.90000000,23.03000000
1776718800000,2026-04-20T21:00:00+00:00,400.05000000,400.83000000,399.71000000,399.71000000,20.51000000
1776719700000,2026-04-20T21:15:00+00:00,399.98000000,401.30000000,398.80000000,399.54000000,880.50000000
1776720600000,2026-04-20T21:30:00+00:00,399.54000000,401.29000000,398.79000000,399.78000000,502.02000000
1776721500000,2026-04-20T21:45:00+00:00,399.59000000,401.38000000,398.20000000,399.72000000,157.92000000
1776722400000,2026-04-20T22:00:00+00:00,400.07000000,404.24000000,397.60000000,400.16000000,77.58000000
1776723300000,2026-04-20T22:15:00+00:00,400.22000000,400.39000000,399.22000000,400.39000000,5.57000000
1776724200000,2026-04-20T22:30:00+00:00,400.43000000,400.53000000,399.90000000,399.90000000,8.65000000
1776725100000,2026-04-20T22:45:00+00:00,400.53000000,401.49000000,398.55000000,400.45000000,50.39000000
1776726000000,2026-04-20T23:00:00+00:00,400.45000000,402.28000000,399.93000000,400.55000000,47.56000000
1776726900000,2026-04-20T23:15:00+00:00,400.55000000,400.80000000,399.94000000,399.97000000,9.34000000
1776727800000,2026-04-20T23:30:00+00:00,400.30000000,400.86000000,399.48000000,400.10000000,111.43000000
1776728700000,2026-04-20T23:45:00+00:00,400.28000000,400.58000000,399.98000000,399.98000000,5.67000000
1776729600000,2026-04-21T00:00:00+00:00,398.65000000,401.63000000,398.56000000,401.63000000,10.84000000
1776730500000,2026-04-21T00:15:00+00:00,401.63000000,402.24000000,400.44000000,400.64000000,51.63000000
1776731400000,2026-04-21T00:30:00+00:00,400.55000000,400.92000000,400.11000000,400.77000000,19.90000000
1776732300000,2026-04-21T00:45:00+00:00,400.66000000,401.34000000,400.59000000,401.21000000,8.26000000
1776733200000,2026-04-21T01:00:00+00:00,401.19000000,401.43000000,400.86000000,400.91000000,6.75000000
1776734100000,2026-04-21T01:15:00+00:00,400.88000000,401.14000000,400.77000000,400.89000000,2.84000000
1776735000000,2026-04-21T01:30:00+00:00,400.95000000,401.31000000,400.43000000,401.14000000,21.98000000
1776735900000,2026-04-21T01:45:00+00:00,400.62000000,401.46000000,400.17000000,400.82000000,216.45000000
1776736800000,2026-04-21T02:00:00+00:00,400.60000000,400.90000000,400.25000000,400.64000000,25.65000000
1776737700000,2026-04-21T02:15:00+00:00,400.75000000,401.26000000,400.37000000,400.75000000,76.58000000
1776738600000,2026-04-21T02:30:00+00:00,401.03000000,401.04000000,400.23000000,400.47000000,10.25000000
1776739500000,2026-04-21T02:45:00+00:00,400.67000000,400.84000000,400.22000000,400.43000000,34.56000000
1776740400000,2026-04-21T03:00:00+00:00,400.43000000,400.45000000,400.13000000,400.15000000,7.52000000
1776741300000,2026-04-21T03:15:00+00:00,400.26000000,400.39000000,400.00000000,400.10000000,10.18000000
1776742200000,2026-04-21T03:30:00+00:00,400.07000000,400.43000000,399.68000000,399.95000000,19.40000000
1776743100000,2026-04-21T03:45:00+00:00,399.96000000,400.44000000,399.87000000,400.26000000,23.12000000
1776744000000,2026-04-21T04:00:00+00:00,400.43000000,400.78000000,400.07000000,400.63000000,3.24000000
1776744900000,2026-04-21T04:15:00+00:00,400.10000000,400.73000000,400.08000000,400.73000000,7.63000000
1776745800000,2026-04-21T04:30:00+00:00,400.73000000,401.47000000,400.46000000,400.94000000,7.23000000
1776746700000,2026-04-21T04:45:00+00:00,400.46000000,400.94000000,400.46000000,400.75000000,1.08000000
1776747600000,2026-04-21T05:00:00+00:00,400.45000000,400.76000000,400.01000000,400.76000000,2.62000000
1776748500000,2026-04-21T05:15:00+00:00,400.07000000,400.74000000,400.07000000,400.41000000,3.12000000
1776749400000,2026-04-21T05:30:00+00:00,400.69000000,400.75000000,400.69000000,400.73000000,0.19000000
1776750300000,2026-04-21T05:45:00+00:00,400.10000000,400.75000000,400.10000000,400.27000000,25.99000000
1776751200000,2026-04-21T06:00:00+00:00,400.59000000,401.36000000,400.00000000,400.00000000,1.45000000
1776752100000,2026-04-21T06:15:00+00:00,401.30000000,401.36000000,399.30000000,399.70000000,26.17000000
1776753000000,2026-04-21T06:30:00+00:00,400.25000000,401.07000000,399.96000000,400.70000000,9.58000000
1776753900000,2026-04-21T06:45:00+00:00,400.00000000,401.40000000,399.84000000,399.84000000,3.34000000
1776754800000,2026-04-21T07:00:00+00:00,399.21000000,399.99000000,397.80000000,399.63000000,24.31000000
1776755700000,2026-04-21T07:15:00+00:00,398.26000000,399.95000000,397.46000000,399.63000000,4.30000000
1776756600000,2026-04-21T07:30:00+00:00,397.49000000,398.62000000,397.49000000,398.62000000,11.48000000
1776757500000,2026-04-21T07:45:00+00:00,398.62000000,400.05000000,398.04000000,399.89000000,7.20000000
1776758400000,2026-04-21T08:00:00+00:00,399.43000000,402.12000000,397.34000000,399.39000000,2.68000000
1776759300000,2026-04-21T08:15:00+00:00,399.39000000,399.68000000,397.52000000,398.72000000,18.63000000
1776760200000,2026-04-21T08:30:00+00:00,398.92000000,402.32000000,398.31000000,399.48000000,28.23000000
1776761100000,2026-04-21T08:45:00+00:00,399.45000000,399.97000000,398.98000000,399.38000000,2.41000000
1776762000000,2026-04-21T09:00:00+00:00,399.07000000,399.31000000,398.40000000,398.41000000,4.29000000
1776762900000,2026-04-21T09:15:00+00:00,398.41000000,399.34000000,398.40000000,399.34000000,4.71000000
1776763800000,2026-04-21T09:30:00+00:00,398.80000000,400.35000000,398.19000000,398.19000000,5.50000000
1776764700000,2026-04-21T09:45:00+00:00,398.53000000,399.24000000,397.37000000,398.46000000,3.30000000
1776765600000,2026-04-21T10:00:00+00:00,398.45000000,399.82000000,397.43000000,398.47000000,60.53000000
1776766500000,2026-04-21T10:15:00+00:00,398.46000000,398.93000000,398.31000000,398.92000000,2.19000000
1776767400000,2026-04-21T10:30:00+00:00,398.76000000,399.13000000,398.65000000,399.13000000,25.58000000
1776768300000,2026-04-21T10:45:00+00:00,398.98000000,399.69000000,398.98000000,399.42000000,1.64000000
1776769200000,2026-04-21T11:00:00+00:00,399.24000000,400.46000000,399.00000000,399.86000000,5.17000000
1776770100000,2026-04-21T11:15:00+00:00,399.91000000,400.44000000,399.76000000,400.36000000,4.93000000
1776771000000,2026-04-21T11:30:00+00:00,400.32000000,401.39000000,400.20000000,400.20000000,11.34000000
1776771900000,2026-04-21T11:45:00+00:00,400.26000000,400.89000000,400.11000000,400.11000000,4.46000000
1776772800000,2026-04-21T12:00:00+00:00,400.14000000,401.30000000,399.89000000,400.09000000,74.93000000
1776773700000,2026-04-21T12:15:00+00:00,400.08000000,400.16000000,399.01000000,399.49000000,46.51000000
1776774600000,2026-04-21T12:30:00+00:00,399.51000000,400.72000000,398.39000000,398.81000000,33.95000000
1776775500000,2026-04-21T12:45:00+00:00,398.70000000,399.67000000,398.41000000,398.89000000,5.85000000
1776776400000,2026-04-21T13:00:00+00:00,398.80000000,398.83000000,397.78000000,398.75000000,10.52000000
1776777300000,2026-04-21T13:15:00+00:00,398.65000000,399.51000000,398.23000000,399.30000000,33.28000000
1776778200000,2026-04-21T13:30:00+00:00,399.27000000,399.44000000,395.34000000,396.15000000,100.15000000
1776779100000,2026-04-21T13:45:00+00:00,396.24000000,397.56000000,394.76000000,397.56000000,68.20000000
1776780000000,2026-04-21T14:00:00+00:00,397.71000000,398.88000000,395.86000000,397.43000000,159.74000000
1776780900000,2026-04-21T14:15:00+00:00,397.82000000,398.96000000,397.60000000,398.96000000,20.54000000
1776781800000,2026-04-21T14:30:00+00:00,398.91000000,399.20000000,398.06000000,398.64000000,8.75000000
1776782700000,2026-04-21T14:45:00+00:00,398.54000000,400.88000000,398.24000000,398.76000000,31.27000000
1776783600000,2026-04-21T15:00:00+00:00,398.72000000,402.13000000,397.18000000,401.76000000,55.28000000
1776784500000,2026-04-21T15:15:00+00:00,401.87000000,403.54000000,401.33000000,401.65000000,38.01000000
1776785400000,2026-04-21T15:30:00+00:00,401.69000000,402.86000000,401.59000000,401.81000000,30.12000000
1776786300000,2026-04-21T15:45:00+00:00,401.91000000,401.96000000,400.79000000,401.43000000,7.73000000
1776787200000,2026-04-21T16:00:00+00:00,401.45000000,403.23000000,401.35000000,402.26000000,183.58000000
1776788100000,2026-04-21T16:15:00+00:00,402.42000000,403.61000000,402.29000000,402.29000000,10.74000000
1776789000000,2026-04-21T16:30:00+00:00,402.30000000,402.94000000,400.61000000,400.74000000,30.60000000
1776789900000,2026-04-21T16:45:00+00:00,400.73000000,402.18000000,400.66000000,401.49000000,13.99000000
1776790800000,2026-04-21T17:00:00+00:00,401.49000000,402.31000000,400.80000000,401.24000000,41.17000000
1776791700000,2026-04-21T17:15:00+00:00,401.17000000,401.50000000,399.85000000,400.30000000,34.98000000
1776792600000,2026-04-21T17:30:00+00:00,400.29000000,402.53000000,400.21000000,401.99000000,35.53000000
1776793500000,2026-04-21T17:45:00+00:00,402.07000000,402.07000000,400.94000000,401.36000000,9.32000000
1776794400000,2026-04-21T18:00:00+00:00,401.53000000,402.24000000,401.11000000,401.80000000,19.83000000
1776795300000,2026-04-21T18:15:00+00:00,401.86000000,401.98000000,400.86000000,401.06000000,10.94000000
1776796200000,2026-04-21T18:30:00+00:00,401.39000000,401.58000000,401.12000000,401.55000000,7.78000000
1776797100000,2026-04-21T18:45:00+00:00,401.43000000,402.53000000,401.04000000,402.02000000,18.72000000
1776798000000,2026-04-21T19:00:00+00:00,402.22000000,402.57000000,401.47000000,401.47000000,10.42000000
1776798900000,2026-04-21T19:15:00+00:00,401.43000000,402.26000000,401.36000000,402.14000000,8.60000000
1776799800000,2026-04-21T19:30:00+00:00,402.57000000,402.70000000,399.05000000,399.62000000,23.90000000
1776800700000,2026-04-21T19:45:00+00:00,399.81000000,402.10000000,399.81000000,402.05000000,12.91000000
1776801600000,2026-04-21T20:00:00+00:00,402.24000000,403.99000000,401.40000000,403.17000000,23.73000000
1776802500000,2026-04-21T20:15:00+00:00,403.02000000,403.76000000,402.77000000,403.07000000,4.50000000
1776803400000,2026-04-21T20:30:00+00:00,402.96000000,403.35000000,402.24000000,403.01000000,4.76000000
1776804300000,2026-04-21T20:45:00+00:00,403.01000000,403.54000000,402.65000000,403.26000000,6.62000000
1776805200000,2026-04-21T21:00:00+00:00,403.24000000,404.00000000,403.24000000,403.55000000,19.78000000
1776806100000,2026-04-21T21:15:00+00:00,403.87000000,404.47000000,403.29000000,403.93000000,9.43000000
1776807000000,2026-04-21T21:30:00+00:00,404.24000000,404.24000000,403.60000000,403.60000000,5.62000000
1776807900000,2026-04-21T21:45:00+00:00,403.92000000,403.97000000,403.30000000,403.45000000,9.33000000
1776808800000,2026-04-21T22:00:00+00:00,403.66000000,404.13000000,403.51000000,403.91000000,4.30000000
1776809700000,2026-04-21T22:15:00+00:00,403.73000000,403.81000000,402.96000000,403.58000000,5.38000000
1776810600000,2026-04-21T22:30:00+00:00,403.72000000,403.80000000,403.41000000,403.66000000,6.18000000
1776811500000,2026-04-21T22:45:00+00:00,403.66000000,404.16000000,403.35000000,403.46000000,18.85000000
1776812400000,2026-04-21T23:00:00+00:00,403.63000000,404.12000000,403.43000000,404.12000000,35.24000000
1776813300000,2026-04-21T23:15:00+00:00,403.92000000,404.69000000,403.92000000,404.69000000,12.61000000
1776814200000,2026-04-21T23:30:00+00:00,404.69000000,404.69000000,404.46000000,404.65000000,5.36000000
1776815100000,2026-04-21T23:45:00+00:00,404.65000000,404.96000000,404.52000000,404.82000000,12.79000000
1776816000000,2026-04-22T00:00:00+00:00,404.69000000,405.00000000,404.10000000,404.99000000,14.30000000
1776816900000,2026-04-22T00:15:00+00:00,404.99000000,405.56000000,404.99000000,405.12000000,29.71000000
1776817800000,2026-04-22T00:30:00+00:00,405.36000000,406.43000000,405.36000000,406.02000000,25.15000000
1776818700000,2026-04-22T00:45:00+00:00,406.05000000,406.30000000,405.50000000,405.89000000,20.21000000
1776819600000,2026-04-22T01:00:00+00:00,405.89000000,405.92000000,405.51000000,405.58000000,2.67000000
1776820500000,2026-04-22T01:15:00+00:00,405.58000000,405.67000000,405.50000000,405.60000000,6.22000000
1776821400000,2026-04-22T01:30:00+00:00,405.52000000,405.91000000,405.01000000,405.91000000,16.76000000
1776822300000,2026-04-22T01:45:00+00:00,405.59000000,406.28000000,405.35000000,405.75000000,9.23000000
1776823200000,2026-04-22T02:00:00+00:00,405.96000000,406.37000000,405.89000000,406.31000000,19.25000000
1776824100000,2026-04-22T02:15:00+00:00,406.32000000,406.32000000,405.92000000,405.93000000,26.91000000
1776825000000,2026-04-22T02:30:00+00:00,405.93000000,406.26000000,405.73000000,405.94000000,4.53000000
1776825900000,2026-04-22T02:45:00+00:00,406.13000000,406.15000000,405.86000000,406.12000000,0.47000000
1776826800000,2026-04-22T03:00:00+00:00,405.78000000,406.07000000,405.54000000,405.54000000,6.88000000
1776827700000,2026-04-22T03:15:00+00:00,405.39000000,405.93000000,405.27000000,405.93000000,0.51000000
1776828600000,2026-04-22T03:30:00+00:00,405.41000000,406.25000000,405.41000000,405.68000000,2.13000000
1776829500000,2026-04-22T03:45:00+00:00,405.65000000,405.71000000,405.25000000,405.25000000,0.88000000
1776830400000,2026-04-22T04:00:00+00:00,405.25000000,405.74000000,405.08000000,405.20000000,5.99000000
1776831300000,2026-04-22T04:15:00+00:00,405.51000000,405.52000000,405.18000000,405.38000000,1.31000000
1776832200000,2026-04-22T04:30:00+00:00,405.12000000,405.30000000,405.05000000,405.13000000,2.29000000
1776833100000,2026-04-22T04:45:00+00:00,405.19000000,405.50000000,404.24000000,404.33000000,6.19000000
1776834000000,2026-04-22T05:00:00+00:00,404.35000000,404.91000000,403.87000000,404.55000000,13.44000000
1776834900000,2026-04-22T05:15:00+00:00,404.99000000,407.27000000,404.85000000,406.87000000,22.34000000
1776835800000,2026-04-22T05:30:00+00:00,406.33000000,407.05000000,405.96000000,407.05000000,14.59000000
1776836700000,2026-04-22T05:45:00+00:00,407.19000000,407.70000000,406.95000000,407.18000000,6.11000000
1776837600000,2026-04-22T06:00:00+00:00,407.40000000,408.57000000,406.22000000,406.69000000,149.57000000
1776838500000,2026-04-22T06:15:00+00:00,406.47000000,407.02000000,406.05000000,407.00000000,2.61000000
1776839400000,2026-04-22T06:30:00+00:00,406.90000000,407.44000000,406.68000000,407.35000000,2.65000000
1776840300000,2026-04-22T06:45:00+00:00,407.18000000,407.43000000,406.86000000,407.13000000,4.02000000
1776841200000,2026-04-22T07:00:00+00:00,406.90000000,407.34000000,406.90000000,407.24000000,7.61000000
1776842100000,2026-04-22T07:15:00+00:00,407.24000000,407.24000000,406.95000000,407.01000000,0.28000000
1776843000000,2026-04-22T07:30:00+00:00,407.42000000,407.42000000,407.41000000,407.42000000,1.86000000
1776843900000,2026-04-22T07:45:00+00:00,407.41000000,408.57000000,407.41000000,407.79000000,19.67000000
1776844800000,2026-04-22T08:00:00+00:00,407.48000000,407.48000000,406.68000000,407.40000000,6.72000000
1776845700000,2026-04-22T08:15:00+00:00,407.50000000,407.50000000,407.00000000,407.26000000,3.08000000
1776846600000,2026-04-22T08:30:00+00:00,407.26000000,407.55000000,406.16000000,406.73000000,19.02000000
1776847500000,2026-04-22T08:45:00+00:00,406.72000000,407.02000000,406.60000000,406.60000000,0.92000000
1776848400000,2026-04-22T09:00:00+00:00,406.87000000,407.65000000,406.60000000,407.64000000,9.27000000
1776849300000,2026-04-22T09:15:00+00:00,407.50000000,408.01000000,407.26000000,407.28000000,0.41000000
1776850200000,2026-04-22T09:30:00+00:00,407.27000000,407.55000000,407.02000000,407.46000000,2.89000000
1776851100000,2026-04-22T09:45:00+00:00,407.08000000,407.45000000,406.60000000,407.03000000,5.88000000
1776852000000,2026-04-22T10:00:00+00:00,406.62000000,407.06000000,406.60000000,406.79000000,14.21000000
1776852900000,2026-04-22T10:15:00+00:00,406.92000000,407.06000000,406.63000000,406.72000000,0.39000000
1776853800000,2026-04-22T10:30:00+00:00,406.70000000,407.03000000,406.70000000,406.70000000,5.10000000
1776854700000,2026-04-22T10:45:00+00:00,406.98000000,406.98000000,406.31000000,406.50000000,13.62000000
1776855600000,2026-04-22T11:00:00+00:00,406.49000000,406.79000000,406.48000000,406.49000000,3.87000000
1776856500000,2026-04-22T11:15:00+00:00,406.56000000,408.20000000,405.00000000,406.62000000,353.92000000
1776857400000,2026-04-22T11:30:00+00:00,406.40000000,406.70000000,406.19000000,406.54000000,45.35000000
1776858300000,2026-04-22T11:45:00+00:00,406.19000000,406.57000000,405.69000000,406.54000000,13.23000000
1776859200000,2026-04-22T12:00:00+00:00,406.54000000,409.28000000,406.50000000,408.03000000,184.00000000
1776860100000,2026-04-22T12:15:00+00:00,408.03000000,410.07000000,407.94000000,408.23000000,27.45000000
1776861000000,2026-04-22T12:30:00+00:00,408.18000000,408.39000000,407.73000000,407.83000000,7.73000000
1776861900000,2026-04-22T12:45:00+00:00,408.35000000,409.80000000,406.60000000,407.54000000,295.43000000
1776862800000,2026-04-22T13:00:00+00:00,407.60000000,410.68000000,407.00000000,407.90000000,1110.02000000
1776863700000,2026-04-22T13:15:00+00:00,407.90000000,408.83000000,406.57000000,407.02000000,152.72000000
1776864600000,2026-04-22T13:30:00+00:00,406.85000000,408.44000000,405.29000000,407.03000000,208.06000000
1776865500000,2026-04-22T13:45:00+00:00,406.95000000,407.51000000,404.95000000,407.51000000,120.52000000
1776866400000,2026-04-22T14:00:00+00:00,407.60000000,409.72000000,407.51000000,409.36000000,81.25000000
1776867300000,2026-04-22T14:15:00+00:00,409.39000000,411.92000000,408.69000000,411.04000000,58.77000000
1776868200000,2026-04-22T14:30:00+00:00,411.15000000,412.27000000,409.87000000,410.84000000,58.56000000
1776869100000,2026-04-22T14:45:00+00:00,411.18000000,414.22000000,411.10000000,413.50000000,212.39000000
1776870000000,2026-04-22T15:00:00+00:00,413.46000000,413.98000000,412.00000000,413.92000000,80.90000000
1776870900000,2026-04-22T15:15:00+00:00,414.13000000,416.67000000,414.13000000,416.26000000,38.62000000
1776871800000,2026-04-22T15:30:00+00:00,416.36000000,417.96000000,415.01000000,416.55000000,47.85000000
1776872700000,2026-04-22T15:45:00+00:00,416.47000000,417.02000000,415.67000000,416.11000000,40.64000000
1776873600000,2026-04-22T16:00:00+00:00,416.15000000,418.60000000,413.20000000,418.52000000,63.61000000
1776874500000,2026-04-22T16:15:00+00:00,418.53000000,419.71000000,417.89000000,419.10000000,35.01000000
1776875400000,2026-04-22T16:30:00+00:00,418.95000000,420.05000000,417.51000000,418.39000000,40.09000000
1776876300000,2026-04-22T16:45:00+00:00,418.37000000,418.49000000,416.81000000,416.89000000,26.28000000
1776877200000,2026-04-22T17:00:00+00:00,416.77000000,418.63000000,416.77000000,418.50000000,18.73000000
1776878100000,2026-04-22T17:15:00+00:00,418.56000000,420.05000000,417.91000000,419.24000000,48.27000000
1776879000000,2026-04-22T17:30:00+00:00,419.24000000,420.16000000,419.12000000,419.82000000,24.15000000
1776879900000,2026-04-22T17:45:00+00:00,419.42000000,419.90000000,419.18000000,419.20000000,8.10000000
1776880800000,2026-04-22T18:00:00+00:00,419.16000000,420.25000000,419.15000000,420.07000000,39.84000000
1776881700000,2026-04-22T18:15:00+00:00,419.97000000,420.34000000,419.54000000,419.68000000,17.47000000
1776882600000,2026-04-22T18:30:00+00:00,419.59000000,420.85000000,419.35000000,420.05000000,36.56000000
1776883500000,2026-04-22T18:45:00+00:00,420.12000000,420.35000000,419.11000000,419.11000000,18.96000000
1776884400000,2026-04-22T19:00:00+00:00,419.10000000,419.68000000,418.00000000,419.02000000,56.71000000
1776885300000,2026-04-22T19:15:00+00:00,419.38000000,420.33000000,419.34000000,419.45000000,11.31000000
1776886200000,2026-04-22T19:30:00+00:00,419.41000000,421.43000000,419.41000000,421.22000000,32.75000000
1776887100000,2026-04-22T19:45:00+00:00,421.37000000,422.94000000,421.30000000,422.70000000,21.46000000
1776888000000,2026-04-22T20:00:00+00:00,422.74000000,423.94000000,422.61000000,422.61000000,48.98000000
1776888900000,2026-04-22T20:15:00+00:00,422.43000000,422.80000000,421.43000000,421.73000000,24.27000000
1776889800000,2026-04-22T20:30:00+00:00,421.80000000,422.65000000,421.80000000,421.98000000,13.26000000
1776890700000,2026-04-22T20:45:00+00:00,421.96000000,422.51000000,421.60000000,421.76000000,22.29000000
1776891600000,2026-04-22T21:00:00+00:00,421.80000000,422.78000000,421.74000000,422.48000000,11.15000000
1776892500000,2026-04-22T21:15:00+00:00,422.14000000,422.41000000,421.93000000,422.12000000,2.66000000
1776893400000,2026-04-22T21:30:00+00:00,422.13000000,422.24000000,421.86000000,422.13000000,0.97000000
1776894300000,2026-04-22T21:45:00+00:00,422.16000000,422.20000000,421.60000000,421.80000000,5.58000000
1776895200000,2026-04-22T22:00:00+00:00,421.79000000,424.12000000,421.79000000,422.40000000,117.71000000
1776896100000,2026-04-22T22:15:00+00:00,422.50000000,422.52000000,422.13000000,422.13000000,10.66000000
1776897000000,2026-04-22T22:30:00+00:00,422.23000000,422.23000000,421.71000000,421.96000000,12.84000000
1776897900000,2026-04-22T22:45:00+00:00,421.94000000,432.98000000,420.61000000,422.18000000,166.86000000
1776898800000,2026-04-22T23:00:00+00:00,422.05000000,422.34000000,421.83000000,422.21000000,29.93000000
1776899700000,2026-04-22T23:15:00+00:00,422.21000000,422.21000000,421.82000000,421.95000000,15.12000000
1776900600000,2026-04-22T23:30:00+00:00,421.83000000,421.92000000,421.37000000,421.40000000,21.37000000
1776901500000,2026-04-22T23:45:00+00:00,421.55000000,421.58000000,421.24000000,421.51000000,7.31000000
1776902400000,2026-04-23T00:00:00+00:00,421.39000000,422.16000000,418.60000000,418.63000000,59.75000000
1776903300000,2026-04-23T00:15:00+00:00,418.49000000,420.82000000,416.13000000,419.69000000,77.65000000
1776904200000,2026-04-23T00:30:00+00:00,420.11000000,420.79000000,419.96000000,420.45000000,17.54000000
1776905100000,2026-04-23T00:45:00+00:00,420.62000000,421.12000000,420.44000000,420.91000000,23.45000000
1776906000000,2026-04-23T01:00:00+00:00,420.91000000,421.14000000,420.57000000,420.66000000,16.29000000
1776906900000,2026-04-23T01:15:00+00:00,420.51000000,420.60000000,420.26000000,420.48000000,24.52000000
1776907800000,2026-04-23T01:30:00+00:00,420.13000000,420.37000000,420.02000000,420.26000000,3.55000000
1776908700000,2026-04-23T01:45:00+00:00,420.40000000,420.54000000,420.01000000,420.20000000,3.21000000
1776909600000,2026-04-23T02:00:00+00:00,420.17000000,420.17000000,419.27000000,419.30000000,7.94000000
1776910500000,2026-04-23T02:15:00+00:00,419.33000000,419.81000000,418.77000000,419.37000000,6.34000000
1776911400000,2026-04-23T02:30:00+00:00,419.19000000,419.52000000,419.00000000,419.31000000,11.63000000
1776912300000,2026-04-23T02:45:00+00:00,419.02000000,419.08000000,418.02000000,418.11000000,3.59000000
1776913200000,2026-04-23T03:00:00+00:00,418.26000000,418.51000000,416.20000000,417.23000000,44.36000000
1776914100000,2026-04-23T03:15:00+00:00,417.29000000,418.05000000,416.74000000,417.91000000,14.50000000
1776915000000,2026-04-23T03:30:00+00:00,418.10000000,418.10000000,416.86000000,417.22000000,14.10000000
1776915900000,2026-04-23T03:45:00+00:00,417.21000000,418.52000000,417.21000000,417.68000000,7.37000000
1776916800000,2026-04-23T04:00:00+00:00,417.81000000,419.50000000,416.71000000,418.31000000,26.94000000
1776917700000,2026-04-23T04:15:00+00:00,418.32000000,418.89000000,417.88000000,418.09000000,9.70000000
1776918600000,2026-04-23T04:30:00+00:00,418.09000000,418.62000000,417.48000000,417.54000000,5.24000000
1776919500000,2026-04-23T04:45:00+00:00,417.54000000,418.02000000,417.45000000,417.93000000,0.95000000
1776920400000,2026-04-23T05:00:00+00:00,418.23000000,419.44000000,418.19000000,419.33000000,10.19000000
1776921300000,2026-04-23T05:15:00+00:00,419.29000000,419.40000000,418.62000000,419.19000000,4.94000000
1776922200000,2026-04-23T05:30:00+00:00,419.09000000,419.34000000,419.09000000,419.34000000,0.28000000
1776923100000,2026-04-23T05:45:00+00:00,419.26000000,419.75000000,419.14000000,419.14000000,2.09000000
1776924000000,2026-04-23T06:00:00+00:00,419.33000000,419.81000000,419.05000000,419.78000000,24.09000000
1776924900000,2026-04-23T06:15:00+00:00,419.73000000,419.93000000,418.92000000,419.93000000,8.04000000
1776925800000,2026-04-23T06:30:00+00:00,419.89000000,419.96000000,419.49000000,419.50000000,7.21000000
1776926700000,2026-04-23T06:45:00+00:00,419.76000000,419.77000000,419.04000000,419.40000000,1.66000000
1776927600000,2026-04-23T07:00:00+00:00,419.36000000,420.07000000,419.26000000,419.70000000,11.18000000
1776928500000,2026-04-23T07:15:00+00:00,419.61000000,419.61000000,418.21000000,419.04000000,13.38000000
1776929400000,2026-04-23T07:30:00+00:00,419.29000000,419.30000000,419.29000000,419.30000000,0.66000000
1776930300000,2026-04-23T07:45:00+00:00,418.94000000,419.48000000,418.91000000,419.34000000,1.58000000
1776931200000,2026-04-23T08:00:00+00:00,419.28000000,419.51000000,417.30000000,417.57000000,21.94000000
1776932100000,2026-04-23T08:15:00+00:00,418.19000000,419.11000000,417.89000000,419.06000000,9.68000000
1776933000000,2026-04-23T08:30:00+00:00,419.07000000,419.28000000,417.69000000,417.69000000,3.07000000
1776933900000,2026-04-23T08:45:00+00:00,417.12000000,417.41000000,416.90000000,417.30000000,1.14000000
1776934800000,2026-04-23T09:00:00+00:00,417.70000000,418.11000000,416.23000000,416.23000000,15.57000000
1776935700000,2026-04-23T09:15:00+00:00,416.33000000,418.26000000,416.32000000,418.11000000,15.99000000
1776936600000,2026-04-23T09:30:00+00:00,418.11000000,418.16000000,417.75000000,417.75000000,0.23000000
1776937500000,2026-04-23T09:45:00+00:00,417.75000000,418.48000000,417.75000000,417.96000000,12.80000000
1776938400000,2026-04-23T10:00:00+00:00,418.01000000,418.66000000,416.77000000,417.34000000,3.70000000
1776939300000,2026-04-23T10:15:00+00:00,417.82000000,418.14000000,417.77000000,417.77000000,15.22000000
1776940200000,2026-04-23T10:30:00+00:00,417.96000000,418.62000000,416.61000000,418.07000000,21.93000000
1776941100000,2026-04-23T10:45:00+00:00,418.09000000,418.99000000,417.69000000,418.68000000,7.63000000
1776942000000,2026-04-23T11:00:00+00:00,418.95000000,419.42000000,418.78000000,418.91000000,2.52000000
1776942900000,2026-04-23T11:15:00+00:00,419.01000000,420.07000000,418.00000000,419.07000000,23.09000000
1776943800000,2026-04-23T11:30:00+00:00,419.52000000,419.58000000,419.10000000,419.29000000,2.65000000
1776944700000,2026-04-23T11:45:00+00:00,420.00000000,420.94000000,420.00000000,420.75000000,11.90000000
1776945600000,2026-04-23T12:00:00+00:00,420.86000000,421.56000000,420.43000000,420.96000000,19.13000000
1776946500000,2026-04-23T12:15:00+00:00,420.53000000,421.30000000,418.50000000,420.61000000,95.19000000
1776947400000,2026-04-23T12:30:00+00:00,420.18000000,421.34000000,420.18000000,420.80000000,24.25000000
1776948300000,2026-04-23T12:45:00+00:00,420.98000000,420.98000000,419.47000000,420.06000000,7.60000000
1776949200000,2026-04-23T13:00:00+00:00,419.95000000,420.62000000,419.94000000,419.97000000,2.92000000
1776950100000,2026-04-23T13:15:00+00:00,420.02000000,423.38000000,419.95000000,422.83000000,51.33000000
1776951000000,2026-04-23T13:30:00+00:00,422.89000000,427.45000000,419.56000000,426.12000000,153.01000000
1776951900000,2026-04-23T13:45:00+00:00,426.35000000,428.42000000,424.96000000,426.23000000,55.61000000
1776952800000,2026-04-23T14:00:00+00:00,426.18000000,427.07000000,424.79000000,425.60000000,91.93000000
1776953700000,2026-04-23T14:15:00+00:00,425.82000000,427.77000000,425.51000000,425.83000000,57.49000000
1776954600000,2026-04-23T14:30:00+00:00,425.71000000,427.46000000,424.57000000,425.76000000,38.17000000
1776955500000,2026-04-23T14:45:00+00:00,425.90000000,427.46000000,425.65000000,426.81000000,10.99000000
1776956400000,2026-04-23T15:00:00+00:00,426.88000000,429.10000000,425.77000000,428.88000000,37.48000000
1776957300000,2026-04-23T15:15:00+00:00,428.68000000,429.34000000,427.60000000,428.43000000,30.90000000
1776958200000,2026-04-23T15:30:00+00:00,428.42000000,429.76000000,427.19000000,429.12000000,73.36000000
1776959100000,2026-04-23T15:45:00+00:00,429.11000000,429.22000000,426.65000000,427.92000000,29.17000000
1776960000000,2026-04-23T16:00:00+00:00,427.87000000,428.65000000,425.91000000,427.56000000,31.54000000
1776960900000,2026-04-23T16:15:00+00:00,427.85000000,429.75000000,427.44000000,428.21000000,19.60000000
1776961800000,2026-04-23T16:30:00+00:00,427.83000000,427.83000000,426.94000000,427.22000000,10.53000000
1776962700000,2026-04-23T16:45:00+00:00,427.22000000,427.24000000,425.83000000,425.83000000,12.85000000
1776963600000,2026-04-23T17:00:00+00:00,426.03000000,426.68000000,422.47000000,423.09000000,35.15000000
1776964500000,2026-04-23T17:15:00+00:00,423.69000000,423.69000000,420.13000000,421.50000000,60.52000000
1776965400000,2026-04-23T17:30:00+00:00,421.95000000,422.97000000,418.00000000,418.97000000,84.68000000
1776966300000,2026-04-23T17:45:00+00:00,419.49000000,423.11000000,418.01000000,422.41000000,40.06000000
1776967200000,2026-04-23T18:00:00+00:00,422.41000000,424.49000000,421.13000000,422.22000000,55.45000000
1776968100000,2026-04-23T18:15:00+00:00,421.98000000,422.41000000,420.86000000,421.34000000,11.75000000
1776969000000,2026-04-23T18:30:00+00:00,421.04000000,423.75000000,421.04000000,422.83000000,22.83000000
1776969900000,2026-04-23T18:45:00+00:00,422.62000000,422.62000000,419.57000000,420.12000000,17.70000000
1776970800000,2026-04-23T19:00:00+00:00,419.90000000,421.02000000,419.71000000,420.36000000,7.04000000
1776971700000,2026-04-23T19:15:00+00:00,420.37000000,420.74000000,420.07000000,420.07000000,0.84000000
1776972600000,2026-04-23T19:30:00+00:00,420.04000000,420.29000000,418.81000000,418.81000000,2.56000000
1776973500000,2026-04-23T19:45:00+00:00,418.79000000,420.00000000,418.44000000,420.00000000,10.43000000
1776974400000,2026-04-23T20:00:00+00:00,420.21000000,423.76000000,420.21000000,421.96000000,11.76000000
1776975300000,2026-04-23T20:15:00+00:00,421.73000000,422.05000000,421.15000000,421.30000000,10.42000000
1776976200000,2026-04-23T20:30:00+00:00,421.41000000,421.95000000,421.03000000,421.41000000,5.32000000
1776977100000,2026-04-23T20:45:00+00:00,421.03000000,421.22000000,419.91000000,421.08000000,19.89000000
1776978000000,2026-04-23T21:00:00+00:00,420.83000000,420.83000000,420.65000000,420.66000000,0.62000000
1776978900000,2026-04-23T21:15:00+00:00,420.41000000,421.10000000,420.10000000,420.52000000,8.58000000
1776979800000,2026-04-23T21:30:00+00:00,420.80000000,422.14000000,420.80000000,422.01000000,3.33000000
1776980700000,2026-04-23T21:45:00+00:00,421.82000000,422.12000000,420.90000000,421.84000000,12.47000000
1776981600000,2026-04-23T22:00:00+00:00,421.71000000,422.52000000,421.22000000,422.52000000,11.10000000
1776982500000,2026-04-23T22:15:00+00:00,422.52000000,422.62000000,422.08000000,422.28000000,12.14000000
1776983400000,2026-04-23T22:30:00+00:00,422.39000000,422.53000000,422.10000000,422.53000000,1.42000000
1776984300000,2026-04-23T22:45:00+00:00,422.46000000,424.15000000,422.43000000,422.64000000,14.72000000
1776985200000,2026-04-23T23:00:00+00:00,422.82000000,423.23000000,422.50000000,422.67000000,196.93000000
1776986100000,2026-04-23T23:15:00+00:00,422.86000000,423.13000000,422.69000000,422.88000000,125.79000000
1776987000000,2026-04-23T23:30:00+00:00,422.89000000,423.28000000,422.76000000,423.07000000,164.80000000
1776987900000,2026-04-23T23:45:00+00:00,423.06000000,423.12000000,422.14000000,422.16000000,50.87000000
1776988800000,2026-04-24T00:00:00+00:00,422.33000000,423.82000000,422.29000000,423.28000000,21.86000000
1776989700000,2026-04-24T00:15:00+00:00,423.27000000,423.41000000,422.84000000,423.09000000,5.40000000
1776990600000,2026-04-24T00:30:00+00:00,422.96000000,422.96000000,422.51000000,422.51000000,0.09000000
1776991500000,2026-04-24T00:45:00+00:00,422.44000000,423.11000000,422.44000000,422.81000000,2.80000000
1776992400000,2026-04-24T01:00:00+00:00,422.93000000,423.38000000,422.41000000,423.14000000,12.31000000
1776993300000,2026-04-24T01:15:00+00:00,423.08000000,423.08000000,422.76000000,422.77000000,4.29000000
1776994200000,2026-04-24T01:30:00+00:00,422.65000000,422.88000000,422.56000000,422.74000000,2.34000000
1776995100000,2026-04-24T01:45:00+00:00,422.81000000,423.07000000,422.75000000,422.76000000,27.47000000
1776996000000,2026-04-24T02:00:00+00:00,422.76000000,423.31000000,421.69000000,422.72000000,47.84000000
1776996900000,2026-04-24T02:15:00+00:00,422.74000000,422.86000000,422.07000000,422.35000000,93.26000000
1776997800000,2026-04-24T02:30:00+00:00,422.49000000,422.49000000,421.86000000,422.05000000,2.44000000
1776998700000,2026-04-24T02:45:00+00:00,422.17000000,422.17000000,419.79000000,421.19000000,38.19000000
1776999600000,2026-04-24T03:00:00+00:00,421.35000000,421.70000000,421.23000000,421.46000000,0.72000000
1777000500000,2026-04-24T03:15:00+00:00,421.48000000,421.48000000,419.50000000,420.21000000,15.97000000
1777001400000,2026-04-24T03:30:00+00:00,420.38000000,422.29000000,420.38000000,421.38000000,31.09000000
1777002300000,2026-04-24T03:45:00+00:00,421.38000000,422.43000000,421.07000000,421.36000000,17.52000000
1777003200000,2026-04-24T04:00:00+00:00,421.52000000,421.62000000,420.46000000,421.10000000,12.79000000
1777004100000,2026-04-24T04:15:00+00:00,421.19000000,431.72000000,419.87000000,420.96000000,188.42000000
1777005000000,2026-04-24T04:30:00+00:00,421.12000000,422.10000000,421.10000000,421.94000000,39.65000000
1777005900000,2026-04-24T04:45:00+00:00,421.94000000,422.37000000,421.90000000,422.28000000,20.97000000
1777006800000,2026-04-24T05:00:00+00:00,422.18000000,422.31000000,421.31000000,421.35000000,32.34000000
1777007700000,2026-04-24T05:15:00+00:00,421.32000000,421.49000000,421.22000000,421.46000000,4.87000000
1777008600000,2026-04-24T05:30:00+00:00,421.73000000,422.20000000,421.73000000,422.20000000,0.34000000
1777009500000,2026-04-24T05:45:00+00:00,422.47000000,422.47000000,422.05000000,422.25000000,4.30000000
1777010400000,2026-04-24T06:00:00+00:00,422.25000000,422.25000000,421.77000000,421.91000000,5.76000000
1777011300000,2026-04-24T06:15:00+00:00,421.99000000,422.00000000,421.64000000,421.82000000,4.02000000
1777012200000,2026-04-24T06:30:00+00:00,421.84000000,421.85000000,421.32000000,421.74000000,5.35000000
1777013100000,2026-04-24T06:45:00+00:00,421.60000000,421.60000000,420.78000000,421.17000000,26.92000000
1777014000000,2026-04-24T07:00:00+00:00,421.03000000,421.56000000,420.97000000,421.56000000,1.10000000
1777014900000,2026-04-24T07:15:00+00:00,421.56000000,421.99000000,421.56000000,421.86000000,0.60000000
1777015800000,2026-04-24T07:30:00+00:00,421.86000000,421.86000000,421.86000000,421.86000000,0.00000000
1777016700000,2026-04-24T07:45:00+00:00,421.84000000,422.67000000,421.63000000,421.64000000,3.00000000
1777017600000,2026-04-24T08:00:00+00:00,421.90000000,422.86000000,421.63000000,421.64000000,48.49000000
1777018500000,2026-04-24T08:15:00+00:00,421.64000000,422.89000000,421.50000000,421.50000000,11.83000000
1777019400000,2026-04-24T08:30:00+00:00,421.99000000,421.99000000,421.50000000,421.50000000,1.66000000
1777020300000,2026-04-24T08:45:00+00:00,421.52000000,421.58000000,421.08000000,421.52000000,10.28000000
1777021200000,2026-04-24T09:00:00+00:00,421.23000000,421.54000000,421.01000000,421.17000000,5.28000000
1777022100000,2026-04-24T09:15:00+00:00,421.20000000,421.30000000,419.63000000,420.90000000,20.46000000
1777023000000,2026-04-24T09:30:00+00:00,420.76000000,420.88000000,420.45000000,420.88000000,0.98000000
1777023900000,2026-04-24T09:45:00+00:00,421.05000000,421.57000000,421.05000000,421.28000000,2.82000000
1777024800000,2026-04-24T10:00:00+00:00,421.28000000,421.28000000,420.46000000,420.60000000,19.96000000
1777025700000,2026-04-24T10:15:00+00:00,422.11000000,422.94000000,422.11000000,422.28000000,10.21000000
1777026600000,2026-04-24T10:30:00+00:00,422.53000000,422.54000000,421.65000000,421.78000000,6.00000000
1777027500000,2026-04-24T10:45:00+00:00,421.72000000,422.40000000,421.71000000,422.09000000,16.20000000
1777028400000,2026-04-24T11:00:00+00:00,421.77000000,426.06000000,421.77000000,425.82000000,58.44000000
1777029300000,2026-04-24T11:15:00+00:00,425.98000000,428.38000000,425.81000000,428.10000000,108.18000000
1777030200000,2026-04-24T11:30:00+00:00,429.00000000,430.15000000,426.83000000,426.83000000,95.80000000
1777031100000,2026-04-24T11:45:00+00:00,426.83000000,427.47000000,425.52000000,426.73000000,29.60000000
1777032000000,2026-04-24T12:00:00+00:00,426.73000000,428.42000000,426.36000000,428.42000000,24.03000000
1777032900000,2026-04-24T12:15:00+00:00,428.42000000,428.42000000,427.09000000,427.40000000,23.31000000
1777033800000,2026-04-24T12:30:00+00:00,427.67000000,427.75000000,426.67000000,427.05000000,18.83000000
1777034700000,2026-04-24T12:45:00+00:00,426.61000000,427.37000000,426.17000000,427.17000000,10.71000000
1777035600000,2026-04-24T13:00:00+00:00,427.11000000,427.38000000,426.30000000,426.35000000,17.40000000
1777036500000,2026-04-24T13:15:00+00:00,426.13000000,426.82000000,423.85000000,425.75000000,131.41000000
1777037400000,2026-04-24T13:30:00+00:00,425.72000000,425.72000000,415.14000000,415.61000000,366.20000000
1777038300000,2026-04-24T13:45:00+00:00,415.72000000,415.72000000,409.08000000,413.97000000,360.00000000
1777039200000,2026-04-24T14:00:00+00:00,414.16000000,416.28000000,413.52000000,414.07000000,340.15000000
1777040100000,2026-04-24T14:15:00+00:00,414.15000000,415.24000000,413.28000000,414.30000000,128.77000000
1777041000000,2026-04-24T14:30:00+00:00,414.36000000,416.63000000,411.00000000,416.01000000,233.02000000
1777041900000,2026-04-24T14:45:00+00:00,416.21000000,417.70000000,414.86000000,417.48000000,52.58000000
1777042800000,2026-04-24T15:00:00+00:00,417.54000000,419.54000000,417.48000000,418.98000000,95.99000000
1777043700000,2026-04-24T15:15:00+00:00,419.02000000,419.27000000,414.94000000,415.30000000,66.68000000
1777044600000,2026-04-24T15:30:00+00:00,415.38000000,415.95000000,414.18000000,415.67000000,59.29000000
1777045500000,2026-04-24T15:45:00+00:00,415.68000000,423.54000000,414.46000000,420.94000000,532.15000000
1777046400000,2026-04-24T16:00:00+00:00,420.68000000,421.94000000,413.38000000,419.98000000,187.40000000
1777047300000,2026-04-24T16:15:00+00:00,419.94000000,421.54000000,419.64000000,421.13000000,33.99000000
1777048200000,2026-04-24T16:30:00+00:00,421.06000000,421.92000000,419.47000000,419.89000000,107.59000000
1777049100000,2026-04-24T16:45:00+00:00,419.91000000,421.11000000,419.83000000,420.94000000,53.12000000
1777050000000,2026-04-24T17:00:00+00:00,421.16000000,421.93000000,420.55000000,421.50000000,43.85000000
1777050900000,2026-04-24T17:15:00+00:00,421.59000000,421.59000000,420.01000000,420.18000000,23.38000000
1777051800000,2026-04-24T17:30:00+00:00,420.26000000,420.67000000,418.91000000,420.10000000,42.92000000
1777052700000,2026-04-24T17:45:00+00:00,420.16000000,422.84000000,420.16000000,422.55000000,10.10000000
1777053600000,2026-04-24T18:00:00+00:00,422.56000000,422.96000000,420.80000000,421.23000000,29.23000000
1777054500000,2026-04-24T18:15:00+00:00,421.16000000,421.62000000,420.58000000,421.39000000,4.48000000
1777055400000,2026-04-24T18:30:00+00:00,421.31000000,421.79000000,421.31000000,421.52000000,2.49000000
1777056300000,2026-04-24T18:45:00+00:00,421.91000000,422.30000000,421.91000000,422.30000000,2.73000000
1777057200000,2026-04-24T19:00:00+00:00,422.23000000,424.99000000,421.83000000,423.02000000,59.94000000
1777058100000,2026-04-24T19:15:00+00:00,422.93000000,423.39000000,422.82000000,422.82000000,2.77000000
1777059000000,2026-04-24T19:30:00+00:00,422.64000000,422.82000000,420.94000000,421.93000000,17.87000000
1777059900000,2026-04-24T19:45:00+00:00,421.70000000,423.03000000,420.42000000,422.75000000,76.13000000
1777060800000,2026-04-24T20:00:00+00:00,422.61000000,422.61000000,420.62000000,421.11000000,25.85000000
1777061700000,2026-04-24T20:15:00+00:00,421.21000000,421.62000000,420.89000000,421.52000000,3.78000000
1777062600000,2026-04-24T20:30:00+00:00,421.37000000,422.03000000,421.12000000,421.93000000,18.18000000
1777063500000,2026-04-24T20:45:00+00:00,421.92000000,422.26000000,421.75000000,422.26000000,0.43000000
1777064400000,2026-04-24T21:00:00+00:00,422.45000000,422.45000000,421.42000000,421.61000000,21.61000000
1777065300000,2026-04-24T21:15:00+00:00,421.57000000,421.71000000,420.11000000,421.22000000,7.62000000
1777066200000,2026-04-24T21:30:00+00:00,421.16000000,422.18000000,421.16000000,422.18000000,0.99000000
1777067100000,2026-04-24T21:45:00+00:00,422.30000000,422.30000000,421.42000000,421.66000000,1.23000000
1777068000000,2026-04-24T22:00:00+00:00,421.60000000,421.60000000,420.97000000,421.01000000,10.62000000
1777068900000,2026-04-24T22:15:00+00:00,421.32000000,422.00000000,419.86000000,421.36000000,31.70000000
1777069800000,2026-04-24T22:30:00+00:00,421.20000000,421.59000000,419.40000000,420.95000000,19.71000000
1777070700000,2026-04-24T22:45:00+00:00,420.97000000,421.19000000,420.97000000,421.19000000,0.27000000
1777071600000,2026-04-24T23:00:00+00:00,420.81000000,421.87000000,418.70000000,420.41000000,75.51000000
1777072500000,2026-04-24T23:15:00+00:00,420.59000000,421.00000000,419.79000000,420.53000000,14.41000000
1777073400000,2026-04-24T23:30:00+00:00,420.80000000,420.80000000,419.16000000,420.27000000,15.50000000
1777074300000,2026-04-24T23:45:00+00:00,420.34000000,420.52000000,420.34000000,420.52000000,0.30000000
1777075200000,2026-04-25T00:00:00+00:00,420.55000000,421.38000000,419.70000000,419.70000000,9.74000000
1777076100000,2026-04-25T00:15:00+00:00,420.12000000,420.87000000,418.51000000,419.35000000,60.02000000
1777077000000,2026-04-25T00:30:00+00:00,419.66000000,419.66000000,418.44000000,418.44000000,2.54000000
1777077900000,2026-04-25T00:45:00+00:00,419.10000000,419.63000000,418.85000000,419.60000000,83.17000000
1777078800000,2026-04-25T01:00:00+00:00,419.39000000,419.78000000,419.32000000,419.48000000,31.26000000
1777079700000,2026-04-25T01:15:00+00:00,419.57000000,419.88000000,418.89000000,419.30000000,96.20000000
1777080600000,2026-04-25T01:30:00+00:00,419.30000000,419.52000000,418.85000000,419.12000000,18.35000000
1777081500000,2026-04-25T01:45:00+00:00,419.27000000,419.66000000,418.43000000,418.96000000,125.24000000
1777082400000,2026-04-25T02:00:00+00:00,418.51000000,419.17000000,417.90000000,418.40000000,93.28000000
1777083300000,2026-04-25T02:15:00+00:00,418.33000000,418.72000000,417.84000000,418.69000000,39.45000000
1777084200000,2026-04-25T02:30:00+00:00,418.69000000,418.87000000,418.42000000,418.74000000,14.80000000
1777085100000,2026-04-25T02:45:00+00:00,418.74000000,418.75000000,417.38000000,418.40000000,153.55000000
1777086000000,2026-04-25T03:00:00+00:00,418.51000000,418.51000000,417.80000000,418.08000000,28.75000000
1777086900000,2026-04-25T03:15:00+00:00,418.13000000,418.20000000,417.67000000,417.87000000,249.17000000
1777087800000,2026-04-25T03:30:00+00:00,417.87000000,417.97000000,417.45000000,417.82000000,59.90000000
1777088700000,2026-04-25T03:45:00+00:00,417.94000000,418.74000000,417.86000000,418.13000000,464.82000000
1777089600000,2026-04-25T04:00:00+00:00,418.16000000,418.35000000,417.95000000,418.30000000,16.67000000
1777090500000,2026-04-25T04:15:00+00:00,418.32000000,418.53000000,418.21000000,418.30000000,13.31000000
1777091400000,2026-04-25T04:30:00+00:00,418.36000000,418.67000000,418.30000000,418.67000000,49.73000000
1777092300000,2026-04-25T04:45:00+00:00,418.64000000,418.80000000,418.39000000,418.74000000,40.62000000
1777093200000,2026-04-25T05:00:00+00:00,418.75000000,418.77000000,418.21000000,418.46000000,116.90000000
1777094100000,2026-04-25T05:15:00+00:00,418.43000000,418.74000000,418.27000000,418.73000000,201.71000000
1777095000000,2026-04-25T05:30:00+00:00,418.72000000,418.72000000,418.35000000,418.36000000,53.08000000
1777095900000,2026-04-25T05:45:00+00:00,418.35000000,418.71000000,418.35000000,418.71000000,70.55000000
1777096800000,2026-04-25T06:00:00+00:00,418.74000000,418.96000000,418.62000000,418.77000000,85.66000000
1777097700000,2026-04-25T06:15:00+00:00,418.81000000,419.09000000,418.81000000,419.02000000,29.87000000
1777098600000,2026-04-25T06:30:00+00:00,419.01000000,419.43000000,418.78000000,419.43000000,127.12000000
1777099500000,2026-04-25T06:45:00+00:00,419.46000000,419.57000000,419.33000000,419.47000000,20.62000000
1777100400000,2026-04-25T07:00:00+00:00,419.47000000,419.80000000,419.35000000,419.70000000,43.19000000
1777101300000,2026-04-25T07:15:00+00:00,419.70000000,419.70000000,419.51000000,419.69000000,26.83000000
1777102200000,2026-04-25T07:30:00+00:00,419.70000000,421.00000000,419.70000000,420.88000000,157.42000000
1777103100000,2026-04-25T07:45:00+00:00,420.93000000,420.97000000,420.70000000,420.89000000,77.61000000
1777104000000,2026-04-25T08:00:00+00:00,420.89000000,420.89000000,418.96000000,420.31000000,90.98000000
1777104900000,2026-04-25T08:15:00+00:00,420.31000000,420.31000000,419.62000000,420.04000000,8.33000000
1777105800000,2026-04-25T08:30:00+00:00,420.04000000,420.05000000,418.50000000,419.84000000,42.94000000
1777106700000,2026-04-25T08:45:00+00:00,420.00000000,420.00000000,419.79000000,419.99000000,9.43000000
1777107600000,2026-04-25T09:00:00+00:00,419.99000000,420.30000000,419.44000000,419.96000000,128.47000000
1777108500000,2026-04-25T09:15:00+00:00,420.10000000,420.12000000,419.82000000,419.84000000,1.40000000
1777109400000,2026-04-25T09:30:00+00:00,419.84000000,419.99000000,419.82000000,419.82000000,2.76000000
1777110300000,2026-04-25T09:45:00+00:00,419.82000000,419.98000000,419.78000000,419.90000000,166.28000000
1777111200000,2026-04-25T10:00:00+00:00,419.85000000,419.98000000,419.79000000,419.80000000,9.53000000
1777112100000,2026-04-25T10:15:00+00:00,419.97000000,419.98000000,419.78000000,419.79000000,4.29000000
1777113000000,2026-04-25T10:30:00+00:00,419.79000000,419.98000000,419.79000000,419.82000000,3.39000000
1777113900000,2026-04-25T10:45:00+00:00,419.97000000,419.98000000,419.82000000,419.82000000,1.43000000
1777114800000,2026-04-25T11:00:00+00:00,419.97000000,419.98000000,419.81000000,419.98000000,1.95000000
1777115700000,2026-04-25T11:15:00+00:00,419.82000000,419.89000000,419.82000000,419.89000000,1.20000000
1777116600000,2026-04-25T11:30:00+00:00,419.97000000,420.11000000,419.82000000,420.11000000,4.79000000
1777117500000,2026-04-25T11:45:00+00:00,419.83000000,420.10000000,419.82000000,419.93000000,5.46000000
1777118400000,2026-04-25T12:00:00+00:00,419.84000000,420.08000000,419.82000000,419.94000000,13.88000000
1777119300000,2026-04-25T12:15:00+00:00,419.83000000,420.08000000,419.82000000,420.05000000,5.38000000
1777120200000,2026-04-25T12:30:00+00:00,419.86000000,420.05000000,419.82000000,419.82000000,11.70000000
1777121100000,2026-04-25T12:45:00+00:00,419.82000000,420.09000000,419.82000000,419.82000000,9.84000000
1777122000000,2026-04-25T13:00:00+00:00,420.08000000,420.09000000,419.82000000,419.82000000,1.68000000
1777122900000,2026-04-25T13:15:00+00:00,420.02000000,420.03000000,419.82000000,419.82000000,18.84000000
1777123800000,2026-04-25T13:30:00+00:00,419.82000000,419.92000000,419.82000000,419.83000000,18.14000000
1777124700000,2026-04-25T13:45:00+00:00,419.83000000,420.03000000,419.82000000,419.82000000,8.17000000
1777125600000,2026-04-25T14:00:00+00:00,419.82000000,419.99000000,419.66000000,419.95000000,12.46000000
1777126500000,2026-04-25T14:15:00+00:00,419.68000000,419.94000000,419.66000000,419.94000000,1.08000000
1777127400000,2026-04-25T14:30:00+00:00,419.72000000,419.72000000,419.72000000,419.72000000,0.04000000
1777128300000,2026-04-25T14:45:00+00:00,419.66000000,419.94000000,419.66000000,419.94000000,1.74000000
1777129200000,2026-04-25T15:00:00+00:00,419.89000000,419.89000000,419.72000000,419.72000000,0.55000000
1777130100000,2026-04-25T15:15:00+00:00,419.75000000,419.90000000,419.75000000,419.90000000,5.13000000
1777131000000,2026-04-25T15:30:00+00:00,420.00000000,420.01000000,419.71000000,420.00000000,2.51000000
1777131900000,2026-04-25T15:45:00+00:00,419.70000000,419.98000000,419.66000000,419.98000000,2.32000000
1777132800000,2026-04-25T16:00:00+00:00,419.67000000,419.85000000,419.66000000,419.67000000,1.10000000
1777133700000,2026-04-25T16:15:00+00:00,419.90000000,419.90000000,419.67000000,419.90000000,0.11000000
1777134600000,2026-04-25T16:30:00+00:00,419.66000000,419.81000000,419.18000000,419.47000000,18.46000000
1777135500000,2026-04-25T16:45:00+00:00,419.77000000,419.77000000,419.16000000,419.41000000,16.46000000
1777136400000,2026-04-25T17:00:00+00:00,419.51000000,419.71000000,418.89000000,418.95000000,7.45000000
1777137300000,2026-04-25T17:15:00+00:00,418.95000000,419.63000000,418.91000000,419.63000000,1.60000000
1777138200000,2026-04-25T17:30:00+00:00,419.33000000,419.64000000,419.03000000,419.64000000,0.75000000
1777139100000,2026-04-25T17:45:00+00:00,419.64000000,419.64000000,419.64000000,419.64000000,0.07000000
1777140000000,2026-04-25T18:00:00+00:00,419.56000000,419.64000000,418.77000000,419.64000000,2.88000000
1777140900000,2026-04-25T18:15:00+00:00,419.20000000,419.67000000,418.79000000,419.36000000,2.17000000
1777141800000,2026-04-25T18:30:00+00:00,419.66000000,419.66000000,418.82000000,419.65000000,0.94000000
1777142700000,2026-04-25T18:45:00+00:00,419.65000000,419.66000000,419.59000000,419.59000000,0.21000000
1777143600000,2026-04-25T19:00:00+00:00,419.35000000,419.35000000,419.35000000,419.35000000,0.06000000
1777144500000,2026-04-25T19:15:00+00:00,419.35000000,419.35000000,419.35000000,419.35000000,0.05000000
1777145400000,2026-04-25T19:30:00+00:00,419.35000000,419.35000000,419.35000000,419.35000000,0.00000000
1777146300000,2026-04-25T19:45:00+00:00,419.35000000,419.35000000,419.35000000,419.35000000,0.00000000
1777147200000,2026-04-25T20:00:00+00:00,419.36000000,419.36000000,419.35000000,419.35000000,0.44000000
1777148100000,2026-04-25T20:15:00+00:00,419.35000000,419.64000000,419.35000000,419.64000000,0.22000000
1777149000000,2026-04-25T20:30:00+00:00,419.35000000,419.35000000,419.35000000,419.35000000,0.02000000
1777149900000,2026-04-25T20:45:00+00:00,419.35000000,419.35000000,419.35000000,419.35000000,0.00000000
1777150800000,2026-04-25T21:00:00+00:00,419.35000000,419.71000000,418.82000000,418.83000000,25.57000000
1777151700000,2026-04-25T21:15:00+00:00,419.71000000,420.00000000,418.83000000,419.58000000,18.02000000
1777152600000,2026-04-25T21:30:00+00:00,419.58000000,419.59000000,419.58000000,419.58000000,0.09000000
1777153500000,2026-04-25T21:45:00+00:00,419.58000000,419.58000000,419.58000000,419.58000000,0.00000000
1777154400000,2026-04-25T22:00:00+00:00,419.58000000,419.58000000,419.58000000,419.58000000,0.08000000
1777155300000,2026-04-25T22:15:00+00:00,419.58000000,419.58000000,419.58000000,419.58000000,0.02000000
1777156200000,2026-04-25T22:30:00+00:00,419.58000000,419.58000000,419.58000000,419.58000000,0.13000000
1777157100000,2026-04-25T22:45:00+00:00,419.58000000,419.74000000,419.15000000,419.15000000,13.23000000
1777158000000,2026-04-25T23:00:00+00:00,418.82000000,419.88000000,418.82000000,419.60000000,2.44000000
1777158900000,2026-04-25T23:15:00+00:00,419.70000000,419.82000000,419.70000000,419.82000000,0.28000000
1777159800000,2026-04-25T23:30:00+00:00,419.82000000,419.82000000,419.82000000,419.82000000,0.00000000
1777160700000,2026-04-25T23:45:00+00:00,419.53000000,419.53000000,419.15000000,419.15000000,1.02000000
1777161600000,2026-04-26T00:00:00+00:00,418.83000000,419.70000000,418.82000000,418.82000000,8.55000000
1777162500000,2026-04-26T00:15:00+00:00,418.82000000,419.80000000,418.82000000,419.77000000,1.21000000
1777163400000,2026-04-26T00:30:00+00:00,419.77000000,419.77000000,419.77000000,419.77000000,0.00000000
1777164300000,2026-04-26T00:45:00+00:00,419.77000000,419.77000000,419.77000000,419.77000000,0.05000000
1777165200000,2026-04-26T01:00:00+00:00,419.77000000,419.77000000,419.43000000,419.43000000,0.38000000
1777166100000,2026-04-26T01:15:00+00:00,419.43000000,419.43000000,419.43000000,419.43000000,0.00000000
1777167000000,2026-04-26T01:30:00+00:00,419.77000000,419.79000000,419.77000000,419.79000000,0.05000000
1777167900000,2026-04-26T01:45:00+00:00,419.79000000,419.79000000,419.79000000,419.79000000,0.05000000
1777168800000,2026-04-26T02:00:00+00:00,419.49000000,419.49000000,419.49000000,419.49000000,0.05000000
1777169700000,2026-04-26T02:15:00+00:00,419.79000000,419.80000000,418.82000000,418.82000000,12.82000000
1777170600000,2026-04-26T02:30:00+00:00,418.82000000,418.82000000,418.82000000,418.82000000,0.24000000
1777171500000,2026-04-26T02:45:00+00:00,418.82000000,419.78000000,418.82000000,419.15000000,0.30000000
1777172400000,2026-04-26T03:00:00+00:00,418.90000000,419.79000000,418.82000000,419.79000000,0.55000000
1777173300000,2026-04-26T03:15:00+00:00,419.79000000,419.79000000,419.79000000,419.79000000,0.00000000
1777174200000,2026-04-26T03:30:00+00:00,419.79000000,419.80000000,419.49000000,419.49000000,1.27000000
1777175100000,2026-04-26T03:45:00+00:00,419.49000000,419.49000000,419.49000000,419.49000000,0.00000000
1777176000000,2026-04-26T04:00:00+00:00,419.79000000,419.79000000,419.79000000,419.79000000,0.06000000
1777176900000,2026-04-26T04:15:00+00:00,419.19000000,419.19000000,419.19000000,419.19000000,0.18000000
1777177800000,2026-04-26T04:30:00+00:00,419.19000000,419.50000000,419.19000000,419.50000000,0.32000000
1777178700000,2026-04-26T04:45:00+00:00,419.19000000,419.19000000,419.19000000,419.19000000,0.02000000
1777179600000,2026-04-26T05:00:00+00:00,419.19000000,419.76000000,419.19000000,419.76000000,0.60000000
1777180500000,2026-04-26T05:15:00+00:00,419.19000000,419.87000000,418.95000000,419.15000000,9.34000000
1777181400000,2026-04-26T05:30:00+00:00,419.15000000,419.87000000,418.40000000,419.16000000,28.42000000
1777182300000,2026-04-26T05:45:00+00:00,419.16000000,419.87000000,418.59000000,419.35000000,5.67000000
1777183200000,2026-04-26T06:00:00+00:00,419.35000000,419.35000000,419.35000000,419.35000000,0.13000000
1777184100000,2026-04-26T06:15:00+00:00,419.50000000,419.93000000,418.78000000,418.85000000,5.33000000
1777185000000,2026-04-26T06:30:00+00:00,419.20000000,419.90000000,418.32000000,418.86000000,5.57000000
1777185900000,2026-04-26T06:45:00+00:00,419.87000000,419.98000000,419.87000000,419.97000000,4.66000000
1777186800000,2026-04-26T07:00:00+00:00,419.67000000,419.98000000,419.15000000,419.98000000,1.71000000
1777187700000,2026-04-26T07:15:00+00:00,419.71000000,419.98000000,419.41000000,419.41000000,2.02000000
1777188600000,2026-04-26T07:30:00+00:00,419.41000000,419.72000000,419.41000000,419.72000000,0.16000000
1777189500000,2026-04-26T07:45:00+00:00,419.72000000,419.72000000,419.72000000,419.72000000,0.13000000
1777190400000,2026-04-26T08:00:00+00:00,419.42000000,419.91000000,419.41000000,419.60000000,1.08000000
1777191300000,2026-04-26T08:15:00+00:00,419.41000000,419.72000000,419.41000000,419.72000000,0.88000000
1777192200000,2026-04-26T08:30:00+00:00,419.41000000,419.85000000,419.15000000,419.83000000,1.96000000
1777193100000,2026-04-26T08:45:00+00:00,419.56000000,419.56000000,419.56000000,419.56000000,0.07000000
1777194000000,2026-04-26T09:00:00+00:00,419.26000000,419.96000000,418.32000000,418.32000000,22.72000000
1777194900000,2026-04-26T09:15:00+00:00,419.15000000,419.96000000,418.32000000,418.32000000,1.89000000
1777195800000,2026-04-26T09:30:00+00:00,419.14000000,420.00000000,419.14000000,419.67000000,16.32000000
1777196700000,2026-04-26T09:45:00+00:00,419.67000000,419.97000000,419.67000000,419.89000000,0.16000000
1777197600000,2026-04-26T10:00:00+00:00,419.97000000,420.00000000,419.89000000,420.00000000,0.23000000
1777198500000,2026-04-26T10:15:00+00:00,419.99000000,420.12000000,419.67000000,419.67000000,17.23000000
1777199400000,2026-04-26T10:30:00+00:00,419.67000000,420.11000000,419.67000000,420.11000000,0.65000000
1777200300000,2026-04-26T10:45:00+00:00,419.80000000,420.11000000,419.67000000,419.67000000,0.28000000
1777201200000,2026-04-26T11:00:00+00:00,420.11000000,420.12000000,419.79000000,419.80000000,3.23000000
1777202100000,2026-04-26T11:15:00+00:00,419.80000000,419.80000000,419.80000000,419.80000000,0.00000000
1777203000000,2026-04-26T11:30:00+00:00,419.80000000,420.11000000,419.67000000,420.11000000,0.48000000
1777203900000,2026-04-26T11:45:00+00:00,420.11000000,420.11000000,419.80000000,419.80000000,0.16000000
1777204800000,2026-04-26T12:00:00+00:00,419.80000000,420.11000000,419.80000000,420.11000000,0.24000000
1777205700000,2026-04-26T12:15:00+00:00,419.99000000,419.99000000,419.99000000,419.99000000,0.30000000
1777206600000,2026-04-26T12:30:00+00:00,419.99000000,419.99000000,419.99000000,419.99000000,0.00000000
1777207500000,2026-04-26T12:45:00+00:00,419.80000000,420.10000000,419.68000000,420.06000000,10.87000000
1777208400000,2026-04-26T13:00:00+00:00,419.69000000,420.06000000,419.68000000,419.68000000,0.58000000
1777209300000,2026-04-26T13:15:00+00:00,419.70000000,420.19000000,419.67000000,419.67000000,25.40000000
1777210200000,2026-04-26T13:30:00+00:00,419.67000000,420.18000000,419.67000000,419.68000000,0.49000000
1777211100000,2026-04-26T13:45:00+00:00,419.68000000,419.68000000,419.68000000,419.68000000,0.00000000
1777212000000,2026-04-26T14:00:00+00:00,419.68000000,419.69000000,419.67000000,419.67000000,0.85000000
1777212900000,2026-04-26T14:15:00+00:00,420.18000000,420.54000000,419.87000000,420.54000000,0.84000000
1777213800000,2026-04-26T14:30:00+00:00,420.11000000,420.11000000,420.11000000,420.11000000,0.12000000
1777214700000,2026-04-26T14:45:00+00:00,419.99000000,419.99000000,419.67000000,419.67000000,0.82000000
1777215600000,2026-04-26T15:00:00+00:00,419.67000000,419.67000000,419.67000000,419.67000000,0.19000000
1777216500000,2026-04-26T15:15:00+00:00,420.54000000,420.66000000,420.34000000,420.66000000,3.18000000
1777217400000,2026-04-26T15:30:00+00:00,420.35000000,420.66000000,418.63000000,419.40000000,35.15000000
1777218300000,2026-04-26T15:45:00+00:00,419.43000000,420.42000000,419.40000000,420.11000000,9.36000000
1777219200000,2026-04-26T16:00:00+00:00,419.70000000,420.16000000,419.39000000,419.98000000,3.47000000
1777220100000,2026-04-26T16:15:00+00:00,419.71000000,420.47000000,419.71000000,420.47000000,0.32000000
1777221000000,2026-04-26T16:30:00+00:00,420.46000000,420.66000000,419.70000000,419.71000000,9.42000000
1777221900000,2026-04-26T16:45:00+00:00,419.71000000,419.71000000,419.71000000,419.71000000,0.03000000
1777222800000,2026-04-26T17:00:00+00:00,420.65000000,421.14000000,420.25000000,420.25000000,12.50000000
1777223700000,2026-04-26T17:15:00+00:00,420.27000000,421.40000000,420.26000000,421.40000000,44.33000000
1777224600000,2026-04-26T17:30:00+00:00,420.82000000,420.83000000,420.68000000,420.71000000,3.94000000
1777225500000,2026-04-26T17:45:00+00:00,421.00000000,421.39000000,420.71000000,421.33000000,3.56000000
1777226400000,2026-04-26T18:00:00+00:00,421.04000000,421.33000000,421.03000000,421.33000000,0.63000000
1777227300000,2026-04-26T18:15:00+00:00,421.33000000,421.99000000,421.04000000,421.26000000,4.93000000
1777228200000,2026-04-26T18:30:00+00:00,421.26000000,421.88000000,421.26000000,421.26000000,2.54000000
1777229100000,2026-04-26T18:45:00+00:00,421.57000000,422.47000000,421.25000000,421.27000000,6.35000000
1777230000000,2026-04-26T19:00:00+00:00,421.26000000,422.47000000,421.25000000,421.57000000,4.48000000
1777230900000,2026-04-26T19:15:00+00:00,421.57000000,422.45000000,421.27000000,421.27000000,5.61000000
1777231800000,2026-04-26T19:30:00+00:00,421.86000000,421.86000000,421.25000000,421.85000000,9.90000000
1777232700000,2026-04-26T19:45:00+00:00,422.15000000,423.05000000,422.15000000,422.95000000,4.45000000
1777233600000,2026-04-26T20:00:00+00:00,423.37000000,423.37000000,421.27000000,421.59000000,19.74000000
1777234500000,2026-04-26T20:15:00+00:00,421.70000000,422.45000000,421.26000000,421.65000000,12.80000000
1777235400000,2026-04-26T20:30:00+00:00,421.34000000,422.41000000,421.34000000,422.41000000,9.25000000
1777236300000,2026-04-26T20:45:00+00:00,423.29000000,423.60000000,422.47000000,422.48000000,2.00000000
1777237200000,2026-04-26T21:00:00+00:00,422.79000000,422.86000000,422.16000000,422.86000000,4.54000000
1777238100000,2026-04-26T21:15:00+00:00,421.66000000,422.27000000,421.66000000,422.27000000,0.10000000
1777239000000,2026-04-26T21:30:00+00:00,422.23000000,422.23000000,421.66000000,421.98000000,3.28000000
1777239900000,2026-04-26T21:45:00+00:00,421.67000000,423.29000000,421.67000000,422.47000000,0.89000000
1777240800000,2026-04-26T22:00:00+00:00,422.17000000,422.17000000,418.91000000,420.29000000,55.71000000
1777241700000,2026-04-26T22:15:00+00:00,420.05000000,421.13000000,419.73000000,420.28000000,1.50000000
1777242600000,2026-04-26T22:30:00+00:00,419.73000000,419.73000000,419.73000000,419.73000000,0.07000000
1777243500000,2026-04-26T22:45:00+00:00,419.73000000,420.66000000,419.72000000,419.72000000,2.21000000
1777244400000,2026-04-26T23:00:00+00:00,419.72000000,420.03000000,419.15000000,420.03000000,2.88000000
1777245300000,2026-04-26T23:15:00+00:00,420.77000000,421.61000000,419.16000000,420.35000000,22.15000000
1777246200000,2026-04-26T23:30:00+00:00,419.32000000,420.80000000,418.46000000,419.99000000,37.49000000
1777247100000,2026-04-26T23:45:00+00:00,419.99000000,420.32000000,419.99000000,420.00000000,13.15000000
1777248000000,2026-04-27T00:00:00+00:00,420.22000000,422.19000000,420.18000000,421.76000000,36.28000000
1777248900000,2026-04-27T00:15:00+00:00,421.65000000,423.03000000,421.31000000,423.02000000,22.80000000
1777249800000,2026-04-27T00:30:00+00:00,422.18000000,423.56000000,422.16000000,423.55000000,76.86000000
1777250700000,2026-04-27T00:45:00+00:00,423.79000000,424.21000000,423.06000000,424.21000000,215.79000000
1777251600000,2026-04-27T01:00:00+00:00,424.95000000,427.95000000,424.69000000,424.70000000,144.85000000
1777252500000,2026-04-27T01:15:00+00:00,424.70000000,425.79000000,424.15000000,425.04000000,96.47000000
1777253400000,2026-04-27T01:30:00+00:00,425.04000000,426.02000000,424.86000000,426.02000000,60.40000000
1777254300000,2026-04-27T01:45:00+00:00,426.01000000,426.03000000,425.70000000,426.03000000,0.30000000
1777255200000,2026-04-27T02:00:00+00:00,426.03000000,426.35000000,425.11000000,425.73000000,20.26000000
1777256100000,2026-04-27T02:15:00+00:00,425.73000000,425.84000000,423.85000000,425.60000000,29.56000000
1777257000000,2026-04-27T02:30:00+00:00,425.56000000,425.66000000,425.24000000,425.66000000,6.50000000
1777257900000,2026-04-27T02:45:00+00:00,425.66000000,425.97000000,425.66000000,425.77000000,0.31000000
1777258800000,2026-04-27T03:00:00+00:00,425.72000000,425.94000000,425.52000000,425.56000000,12.91000000
1777259700000,2026-04-27T03:15:00+00:00,425.86000000,425.93000000,425.52000000,425.86000000,13.27000000
1777260600000,2026-04-27T03:30:00+00:00,425.75000000,425.77000000,425.52000000,425.52000000,44.17000000
1777261500000,2026-04-27T03:45:00+00:00,425.50000000,425.50000000,425.44000000,425.49000000,1.52000000
1777262400000,2026-04-27T04:00:00+00:00,425.49000000,425.49000000,424.93000000,425.18000000,2.68000000
1777263300000,2026-04-27T04:15:00+00:00,425.20000000,425.24000000,425.03000000,425.21000000,1.39000000
1777264200000,2026-04-27T04:30:00+00:00,425.19000000,425.23000000,424.20000000,424.86000000,20.56000000
1777265100000,2026-04-27T04:45:00+00:00,424.82000000,424.82000000,424.55000000,424.56000000,1.27000000
1777266000000,2026-04-27T05:00:00+00:00,424.97000000,424.97000000,423.33000000,423.70000000,12.89000000
1777266900000,2026-04-27T05:15:00+00:00,423.31000000,423.31000000,422.01000000,422.94000000,22.38000000
1777267800000,2026-04-27T05:30:00+00:00,422.61000000,423.26000000,421.60000000,423.26000000,31.34000000
1777268700000,2026-04-27T05:45:00+00:00,422.58000000,423.26000000,422.58000000,423.04000000,5.31000000
1777269600000,2026-04-27T06:00:00+00:00,422.95000000,423.21000000,421.90000000,421.91000000,41.10000000
1777270500000,2026-04-27T06:15:00+00:00,422.45000000,422.74000000,422.14000000,422.74000000,13.98000000
1777271400000,2026-04-27T06:30:00+00:00,422.81000000,422.81000000,421.48000000,422.15000000,16.44000000
1777272300000,2026-04-27T06:45:00+00:00,422.44000000,422.56000000,421.93000000,422.03000000,3.36000000
1777273200000,2026-04-27T07:00:00+00:00,422.32000000,422.32000000,420.51000000,420.70000000,5.69000000
1777274100000,2026-04-27T07:15:00+00:00,420.99000000,421.49000000,420.99000000,421.02000000,2.70000000
1777275000000,2026-04-27T07:30:00+00:00,421.46000000,421.46000000,421.03000000,421.03000000,0.32000000
1777275900000,2026-04-27T07:45:00+00:00,421.43000000,421.50000000,421.17000000,421.19000000,2.20000000
1777276800000,2026-04-27T08:00:00+00:00,421.48000000,421.84000000,421.00000000,421.72000000,16.86000000
1777277700000,2026-04-27T08:15:00+00:00,421.71000000,422.36000000,421.39000000,422.36000000,3.54000000
1777278600000,2026-04-27T08:30:00+00:00,422.43000000,423.44000000,422.43000000,423.40000000,1.70000000
1777279500000,2026-04-27T08:45:00+00:00,423.01000000,424.99000000,423.01000000,423.26000000,18.60000000
1777280400000,2026-04-27T09:00:00+00:00,423.28000000,423.81000000,423.28000000,423.81000000,3.50000000
1777281300000,2026-04-27T09:15:00+00:00,423.79000000,423.82000000,422.93000000,423.29000000,27.48000000
1777282200000,2026-04-27T09:30:00+00:00,423.61000000,424.29000000,423.34000000,424.02000000,38.98000000
1777283100000,2026-04-27T09:45:00+00:00,424.03000000,424.03000000,423.50000000,423.57000000,1.42000000
1777284000000,2026-04-27T10:00:00+00:00,423.56000000,423.62000000,423.54000000,423.62000000,0.55000000
1777284900000,2026-04-27T10:15:00+00:00,423.54000000,424.03000000,423.31000000,423.33000000,13.17000000
1777285800000,2026-04-27T10:30:00+00:00,423.64000000,424.70000000,423.44000000,424.39000000,3.90000000
1777286700000,2026-04-27T10:45:00+00:00,424.39000000,424.77000000,424.23000000,424.54000000,28.59000000
1777287600000,2026-04-27T11:00:00+00:00,424.02000000,424.73000000,424.00000000,424.73000000,5.36000000
1777288500000,2026-04-27T11:15:00+00:00,424.73000000,424.89000000,424.21000000,424.84000000,8.63000000
1777289400000,2026-04-27T11:30:00+00:00,424.55000000,424.84000000,424.23000000,424.56000000,1.71000000
1777290300000,2026-04-27T11:45:00+00:00,424.33000000,424.63000000,424.06000000,424.31000000,7.75000000
1777291200000,2026-04-27T12:00:00+00:00,424.36000000,424.36000000,422.66000000,423.31000000,20.79000000
1777292100000,2026-04-27T12:15:00+00:00,423.01000000,423.02000000,418.94000000,420.55000000,38.21000000
1777293000000,2026-04-27T12:30:00+00:00,421.08000000,421.46000000,419.44000000,421.08000000,30.76000000
1777293900000,2026-04-27T12:45:00+00:00,421.29000000,421.99000000,420.98000000,421.77000000,51.60000000
1777294800000,2026-04-27T13:00:00+00:00,421.59000000,422.86000000,420.47000000,421.39000000,50.97000000
1777295700000,2026-04-27T13:15:00+00:00,420.94000000,421.76000000,420.01000000,420.91000000,64.88000000
1777296600000,2026-04-27T13:30:00+00:00,421.61000000,422.74000000,418.50000000,421.99000000,158.40000000
1777297500000,2026-04-27T13:45:00+00:00,421.77000000,422.50000000,416.01000000,421.14000000,189.15000000
1777298400000,2026-04-27T14:00:00+00:00,420.94000000,421.19000000,417.88000000,419.93000000,51.51000000
1777299300000,2026-04-27T14:15:00+00:00,420.15000000,420.15000000,416.74000000,417.05000000,310.65000000
1777300200000,2026-04-27T14:30:00+00:00,417.26000000,417.62000000,415.06000000,416.12000000,73.47000000
1777301100000,2026-04-27T14:45:00+00:00,416.57000000,416.61000000,414.67000000,415.51000000,215.07000000
1777302000000,2026-04-27T15:00:00+00:00,415.72000000,416.85000000,414.29000000,415.79000000,198.41000000
1777302900000,2026-04-27T15:15:00+00:00,415.75000000,416.66000000,414.56000000,416.66000000,52.28000000
1777303800000,2026-04-27T15:30:00+00:00,416.64000000,417.77000000,416.05000000,417.77000000,35.78000000
1777304700000,2026-04-27T15:45:00+00:00,417.76000000,417.98000000,415.78000000,416.16000000,136.01000000
1777305600000,2026-04-27T16:00:00+00:00,416.33000000,416.63000000,415.11000000,415.11000000,44.97000000
1777306500000,2026-04-27T16:15:00+00:00,415.25000000,417.31000000,414.94000000,416.62000000,38.86000000
1777307400000,2026-04-27T16:30:00+00:00,416.63000000,416.95000000,416.46000000,416.46000000,6.78000000
1777308300000,2026-04-27T16:45:00+00:00,416.60000000,416.60000000,415.64000000,416.09000000,18.55000000
1777309200000,2026-04-27T17:00:00+00:00,416.09000000,416.32000000,415.57000000,415.84000000,6.73000000
1777310100000,2026-04-27T17:15:00+00:00,415.14000000,416.38000000,414.89000000,416.38000000,19.22000000
1777311000000,2026-04-27T17:30:00+00:00,416.43000000,417.25000000,416.16000000,416.17000000,4.67000000
1777311900000,2026-04-27T17:45:00+00:00,416.46000000,417.80000000,416.33000000,416.64000000,5.18000000
1777312800000,2026-04-27T18:00:00+00:00,416.39000000,416.97000000,416.38000000,416.47000000,2.86000000
1777313700000,2026-04-27T18:15:00+00:00,416.39000000,416.44000000,416.27000000,416.44000000,3.02000000
1777314600000,2026-04-27T18:30:00+00:00,416.44000000,416.46000000,416.23000000,416.24000000,2.28000000
1777315500000,2026-04-27T18:45:00+00:00,416.05000000,416.19000000,415.72000000,416.19000000,2.94000000
1777316400000,2026-04-27T19:00:00+00:00,416.18000000,416.18000000,415.46000000,416.11000000,1.83000000
1777317300000,2026-04-27T19:15:00+00:00,416.20000000,417.36000000,416.20000000,417.00000000,9.61000000
1777318200000,2026-04-27T19:30:00+00:00,416.70000000,417.48000000,416.12000000,416.72000000,4.47000000
1777319100000,2026-04-27T19:45:00+00:00,417.41000000,418.75000000,417.41000000,418.47000000,14.23000000
1777320000000,2026-04-27T20:00:00+00:00,418.17000000,418.47000000,417.63000000,418.44000000,2.15000000
1777320900000,2026-04-27T20:15:00+00:00,418.49000000,418.50000000,417.49000000,417.49000000,1.94000000
1777321800000,2026-04-27T20:30:00+00:00,417.49000000,417.49000000,417.49000000,417.49000000,0.00000000
1777322700000,2026-04-27T20:45:00+00:00,417.90000000,418.92000000,417.61000000,418.61000000,8.41000000
1777323600000,2026-04-27T21:00:00+00:00,417.61000000,418.32000000,417.60000000,418.32000000,0.47000000
1777324500000,2026-04-27T21:15:00+00:00,418.31000000,418.32000000,418.01000000,418.32000000,0.21000000
1777325400000,2026-04-27T21:30:00+00:00,417.61000000,418.32000000,417.57000000,418.32000000,2.82000000
1777326300000,2026-04-27T21:45:00+00:00,418.20000000,418.32000000,417.86000000,418.32000000,1.90000000
1777327200000,2026-04-27T22:00:00+00:00,418.30000000,418.91000000,418.06000000,418.06000000,7.80000000
1777328100000,2026-04-27T22:15:00+00:00,418.06000000,418.81000000,418.04000000,418.36000000,0.71000000
1777329000000,2026-04-27T22:30:00+00:00,418.36000000,418.93000000,418.36000000,418.69000000,0.35000000
1777329900000,2026-04-27T22:45:00+00:00,418.41000000,418.41000000,418.41000000,418.41000000,0.03000000
1777330800000,2026-04-27T23:00:00+00:00,418.33000000,418.41000000,417.98000000,417.98000000,1.93000000
1777331700000,2026-04-27T23:15:00+00:00,418.07000000,418.31000000,418.04000000,418.04000000,2.56000000
1777332600000,2026-04-27T23:30:00+00:00,418.04000000,418.41000000,418.04000000,418.21000000,0.80000000
1777333500000,2026-04-27T23:45:00+00:00,418.31000000,418.41000000,418.05000000,418.41000000,2.77000000
1777334400000,2026-04-28T00:00:00+00:00,418.40000000,419.31000000,418.11000000,418.70000000,4.23000000
1777335300000,2026-04-28T00:15:00+00:00,418.70000000,419.00000000,417.18000000,418.06000000,34.54000000
1777336200000,2026-04-28T00:30:00+00:00,417.89000000,419.03000000,417.89000000,418.73000000,14.36000000
1777337100000,2026-04-28T00:45:00+00:00,418.14000000,418.44000000,417.75000000,417.94000000,14.81000000
1777338000000,2026-04-28T01:00:00+00:00,418.08000000,418.34000000,417.43000000,417.43000000,4.83000000
1777338900000,2026-04-28T01:15:00+00:00,417.77000000,417.89000000,417.77000000,417.89000000,0.86000000
1777339800000,2026-04-28T01:30:00+00:00,417.88000000,418.10000000,417.65000000,418.10000000,1.23000000
1777340700000,2026-04-28T01:45:00+00:00,418.10000000,418.10000000,417.61000000,417.63000000,0.77000000
1777341600000,2026-04-28T02:00:00+00:00,417.63000000,418.46000000,417.60000000,418.31000000,4.29000000
1777342500000,2026-04-28T02:15:00+00:00,418.31000000,418.31000000,418.31000000,418.31000000,0.00000000
1777343400000,2026-04-28T02:30:00+00:00,417.60000000,417.60000000,417.30000000,417.30000000,1.75000000
1777344300000,2026-04-28T02:45:00+00:00,417.24000000,417.33000000,416.00000000,416.72000000,28.18000000
1777345200000,2026-04-28T03:00:00+00:00,416.24000000,417.36000000,416.24000000,416.76000000,11.69000000
1777346100000,2026-04-28T03:15:00+00:00,416.76000000,417.59000000,416.76000000,417.10000000,3.15000000
1777347000000,2026-04-28T03:30:00+00:00,417.44000000,417.75000000,416.70000000,416.91000000,8.63000000
1777347900000,2026-04-28T03:45:00+00:00,416.90000000,417.30000000,416.52000000,416.90000000,5.01000000
1777348800000,2026-04-28T04:00:00+00:00,417.07000000,417.30000000,416.35000000,416.63000000,7.17000000
1777349700000,2026-04-28T04:15:00+00:00,416.63000000,417.49000000,416.50000000,417.49000000,7.83000000
1777350600000,2026-04-28T04:30:00+00:00,416.79000000,417.27000000,416.67000000,417.05000000,3.13000000
1777351500000,2026-04-28T04:45:00+00:00,417.04000000,417.75000000,416.56000000,416.64000000,8.80000000
1777352400000,2026-04-28T05:00:00+00:00,417.25000000,417.25000000,416.00000000,416.00000000,6.27000000
1777353300000,2026-04-28T05:15:00+00:00,416.00000000,416.63000000,415.04000000,415.59000000,9.59000000
1777354200000,2026-04-28T05:30:00+00:00,415.31000000,415.74000000,414.40000000,414.83000000,18.88000000
1777355100000,2026-04-28T05:45:00+00:00,414.95000000,415.56000000,414.91000000,414.97000000,6.89000000
1777356000000,2026-04-28T06:00:00+00:00,414.97000000,414.99000000,413.53000000,414.28000000,44.64000000
1777356900000,2026-04-28T06:15:00+00:00,414.26000000,414.58000000,413.26000000,413.27000000,20.56000000
1777357800000,2026-04-28T06:30:00+00:00,413.57000000,414.28000000,411.06000000,412.26000000,29.78000000
1777358700000,2026-04-28T06:45:00+00:00,411.11000000,412.23000000,410.63000000,411.18000000,13.18000000
1777359600000,2026-04-28T07:00:00+00:00,411.18000000,411.80000000,409.62000000,410.77000000,34.66000000
1777360500000,2026-04-28T07:15:00+00:00,410.59000000,411.16000000,408.39000000,408.92000000,51.33000000
1777361400000,2026-04-28T07:30:00+00:00,408.93000000,410.52000000,408.93000000,409.55000000,69.07000000
1777362300000,2026-04-28T07:45:00+00:00,409.44000000,410.41000000,409.38000000,409.38000000,16.04000000
1777363200000,2026-04-28T08:00:00+00:00,409.91000000,410.61000000,408.51000000,408.89000000,26.92000000
1777364100000,2026-04-28T08:15:00+00:00,408.60000000,409.19000000,408.31000000,408.32000000,4.56000000
1777365000000,2026-04-28T08:30:00+00:00,408.99000000,409.33000000,408.22000000,408.80000000,16.37000000
1777365900000,2026-04-28T08:45:00+00:00,408.51000000,408.68000000,407.75000000,407.75000000,8.93000000
1777366800000,2026-04-28T09:00:00+00:00,407.75000000,408.07000000,405.07000000,406.23000000,66.81000000
1777367700000,2026-04-28T09:15:00+00:00,406.23000000,406.87000000,403.47000000,404.68000000,144.44000000
1777368600000,2026-04-28T09:30:00+00:00,404.08000000,406.56000000,403.48000000,404.88000000,77.81000000
1777369500000,2026-04-28T09:45:00+00:00,404.61000000,405.35000000,402.63000000,404.04000000,87.67000000
1777370400000,2026-04-28T10:00:00+00:00,404.24000000,405.15000000,403.21000000,404.03000000,33.51000000
1777371300000,2026-04-28T10:15:00+00:00,403.37000000,405.01000000,403.01000000,403.74000000,5.55000000
1777372200000,2026-04-28T10:30:00+00:00,404.03000000,404.79000000,403.00000000,403.01000000,7.34000000
1777373100000,2026-04-28T10:45:00+00:00,403.00000000,404.37000000,402.67000000,403.85000000,31.10000000
1777374000000,2026-04-28T11:00:00+00:00,404.05000000,404.05000000,401.37000000,402.43000000,19.01000000
1777374900000,2026-04-28T11:15:00+00:00,402.43000000,403.32000000,400.00000000,400.50000000,65.62000000
1777375800000,2026-04-28T11:30:00+00:00,400.10000000,400.62000000,397.33000000,398.72000000,98.75000000
1777376700000,2026-04-28T11:45:00+00:00,398.22000000,399.84000000,397.07000000,399.60000000,53.54000000
1777377600000,2026-04-28T12:00:00+00:00,399.17000000,400.33000000,398.36000000,399.69000000,47.96000000
1777378500000,2026-04-28T12:15:00+00:00,399.39000000,400.09000000,397.61000000,398.41000000,47.70000000
1777379400000,2026-04-28T12:30:00+00:00,398.60000000,401.53000000,398.22000000,400.85000000,61.58000000
1777380300000,2026-04-28T12:45:00+00:00,400.46000000,402.48000000,400.13000000,401.67000000,39.66000000
1777381200000,2026-04-28T13:00:00+00:00,401.95000000,402.07000000,398.46000000,398.65000000,27.90000000
1777382100000,2026-04-28T13:15:00+00:00,398.84000000,400.57000000,397.89000000,400.55000000,11.78000000
1777383000000,2026-04-28T13:30:00+00:00,400.28000000,405.93000000,398.01000000,404.65000000,157.76000000
1777383900000,2026-04-28T13:45:00+00:00,404.31000000,405.20000000,401.23000000,403.54000000,47.66000000
1777384800000,2026-04-28T14:00:00+00:00,403.65000000,405.74000000,403.49000000,405.33000000,63.77000000
1777385700000,2026-04-28T14:15:00+00:00,405.33000000,405.44000000,402.84000000,403.20000000,26.58000000
1777386600000,2026-04-28T14:30:00+00:00,403.27000000,404.01000000,400.12000000,401.90000000,36.97000000
1777387500000,2026-04-28T14:45:00+00:00,401.69000000,402.09000000,397.10000000,400.14000000,363.63000000
1777388400000,2026-04-28T15:00:00+00:00,400.32000000,400.95000000,396.00000000,397.28000000,185.60000000
1777389300000,2026-04-28T15:15:00+00:00,397.42000000,398.92000000,396.38000000,397.13000000,43.79000000
1777390200000,2026-04-28T15:30:00+00:00,396.93000000,397.32000000,395.15000000,396.86000000,61.62000000
1777391100000,2026-04-28T15:45:00+00:00,396.70000000,396.70000000,395.02000000,395.75000000,59.61000000
1777392000000,2026-04-28T16:00:00+00:00,395.58000000,397.50000000,395.24000000,397.00000000,36.46000000
1777392900000,2026-04-28T16:15:00+00:00,396.80000000,397.18000000,396.69000000,397.05000000,3.39000000
1777393800000,2026-04-28T16:30:00+00:00,397.06000000,397.13000000,396.09000000,396.89000000,3.14000000
1777394700000,2026-04-28T16:45:00+00:00,396.49000000,399.05000000,395.68000000,397.34000000,27.39000000
1777395600000,2026-04-28T17:00:00+00:00,397.19000000,397.96000000,396.76000000,397.12000000,20.11000000
1777396500000,2026-04-28T17:15:00+00:00,397.12000000,397.98000000,396.62000000,397.25000000,5.15000000
1777397400000,2026-04-28T17:30:00+00:00,398.17000000,398.66000000,397.73000000,397.73000000,15.93000000
1777398300000,2026-04-28T17:45:00+00:00,398.36000000,398.99000000,397.77000000,398.47000000,2.79000000
1777399200000,2026-04-28T18:00:00+00:00,398.48000000,399.81000000,398.40000000,398.83000000,14.63000000
1777400100000,2026-04-28T18:15:00+00:00,399.07000000,401.14000000,399.07000000,400.63000000,8.85000000
1777401000000,2026-04-28T18:30:00+00:00,400.38000000,400.91000000,400.20000000,400.20000000,1.95000000
1777401900000,2026-04-28T18:45:00+00:00,400.20000000,400.62000000,400.19000000,400.34000000,1.71000000
1777402800000,2026-04-28T19:00:00+00:00,400.36000000,402.33000000,400.36000000,401.20000000,15.28000000
1777403700000,2026-04-28T19:15:00+00:00,400.99000000,401.34000000,399.85000000,400.84000000,3.85000000
1777404600000,2026-04-28T19:30:00+00:00,400.99000000,401.00000000,399.84000000,400.93000000,18.70000000
1777405500000,2026-04-28T19:45:00+00:00,401.29000000,401.51000000,399.66000000,399.83000000,2.38000000
1777406400000,2026-04-28T20:00:00+00:00,399.78000000,400.38000000,399.76000000,400.38000000,4.09000000
1777407300000,2026-04-28T20:15:00+00:00,400.29000000,400.74000000,400.02000000,400.74000000,6.96000000
1777408200000,2026-04-28T20:30:00+00:00,400.74000000,400.98000000,400.65000000,400.65000000,0.58000000
1777409100000,2026-04-28T20:45:00+00:00,400.64000000,400.64000000,400.64000000,400.64000000,0.23000000
1777410000000,2026-04-28T21:00:00+00:00,400.15000000,401.04000000,400.15000000,400.38000000,2.73000000
1777410900000,2026-04-28T21:15:00+00:00,400.14000000,400.14000000,398.39000000,399.70000000,7.32000000
1777411800000,2026-04-28T21:30:00+00:00,399.70000000,399.82000000,398.71000000,399.82000000,1.60000000
1777412700000,2026-04-28T21:45:00+00:00,399.01000000,399.81000000,398.85000000,399.80000000,62.91000000
1777413600000,2026-04-28T22:00:00+00:00,399.80000000,400.44000000,399.25000000,399.84000000,7.42000000
1777414500000,2026-04-28T22:15:00+00:00,399.58000000,399.92000000,399.29000000,399.29000000,0.45000000
1777415400000,2026-04-28T22:30:00+00:00,399.79000000,400.31000000,398.25000000,399.99000000,16.81000000
1777416300000,2026-04-28T22:45:00+00:00,399.77000000,400.00000000,399.49000000,400.00000000,4.10000000
1777417200000,2026-04-28T23:00:00+00:00,399.74000000,399.84000000,399.58000000,399.82000000,1.83000000
1777418100000,2026-04-28T23:15:00+00:00,399.82000000,399.82000000,399.76000000,399.76000000,0.25000000
1777419000000,2026-04-28T23:30:00+00:00,399.83000000,399.98000000,399.35000000,399.81000000,3.65000000
1777419900000,2026-04-28T23:45:00+00:00,399.81000000,400.69000000,399.46000000,400.12000000,10.75000000
1777420800000,2026-04-29T00:00:00+00:00,399.72000000,401.51000000,399.72000000,401.51000000,19.23000000
1777421700000,2026-04-29T00:15:00+00:00,402.00000000,402.46000000,400.69000000,401.81000000,22.99000000
1777422600000,2026-04-29T00:30:00+00:00,401.53000000,401.99000000,400.59000000,401.03000000,5.50000000
1777423500000,2026-04-29T00:45:00+00:00,400.68000000,400.92000000,399.68000000,400.35000000,10.01000000
1777424400000,2026-04-29T01:00:00+00:00,400.64000000,400.92000000,398.18000000,399.00000000,8.83000000
1777425300000,2026-04-29T01:15:00+00:00,399.56000000,399.60000000,399.08000000,399.60000000,1.10000000
1777426200000,2026-04-29T01:30:00+00:00,399.65000000,401.52000000,399.07000000,400.43000000,22.29000000
1777427100000,2026-04-29T01:45:00+00:00,400.43000000,400.43000000,399.90000000,400.14000000,13.85000000
1777428000000,2026-04-29T02:00:00+00:00,399.47000000,400.98000000,399.47000000,400.89000000,3.64000000
1777428900000,2026-04-29T02:15:00+00:00,400.88000000,400.88000000,399.78000000,400.05000000,0.99000000
1777429800000,2026-04-29T02:30:00+00:00,400.06000000,400.56000000,399.33000000,399.83000000,3.40000000
1777430700000,2026-04-29T02:45:00+00:00,399.83000000,400.78000000,399.80000000,400.78000000,22.34000000
1777431600000,2026-04-29T03:00:00+00:00,399.85000000,400.69000000,399.85000000,400.69000000,1.36000000
1777432500000,2026-04-29T03:15:00+00:00,400.69000000,401.28000000,400.33000000,401.28000000,1.79000000
1777433400000,2026-04-29T03:30:00+00:00,400.70000000,401.27000000,400.13000000,400.13000000,3.66000000
1777434300000,2026-04-29T03:45:00+00:00,400.21000000,401.04000000,400.21000000,400.48000000,3.45000000
1777435200000,2026-04-29T04:00:00+00:00,400.67000000,401.50000000,400.34000000,400.91000000,10.71000000
1777436100000,2026-04-29T04:15:00+00:00,400.91000000,401.32000000,400.90000000,401.24000000,5.21000000
1777437000000,2026-04-29T04:30:00+00:00,401.24000000,401.62000000,400.99000000,401.61000000,5.50000000
1777437900000,2026-04-29T04:45:00+00:00,401.25000000,402.12000000,401.08000000,401.89000000,10.58000000
1777438800000,2026-04-29T05:00:00+00:00,401.87000000,401.91000000,401.17000000,401.65000000,7.46000000
1777439700000,2026-04-29T05:15:00+00:00,401.18000000,401.52000000,401.18000000,401.52000000,0.13000000
1777440600000,2026-04-29T05:30:00+00:00,401.80000000,402.01000000,401.80000000,402.01000000,1.56000000
1777441500000,2026-04-29T05:45:00+00:00,402.32000000,403.07000000,402.08000000,402.83000000,4.81000000
1777442400000,2026-04-29T06:00:00+00:00,402.25000000,403.45000000,402.01000000,402.41000000,46.42000000
1777443300000,2026-04-29T06:15:00+00:00,402.40000000,402.80000000,402.00000000,402.00000000,21.71000000
1777444200000,2026-04-29T06:30:00+00:00,402.00000000,402.64000000,401.18000000,401.84000000,79.07000000
1777445100000,2026-04-29T06:45:00+00:00,402.41000000,402.41000000,400.17000000,401.38000000,14.64000000
1777446000000,2026-04-29T07:00:00+00:00,400.94000000,402.36000000,400.55000000,400.84000000,23.43000000
1777446900000,2026-04-29T07:15:00+00:00,401.51000000,401.58000000,400.84000000,401.08000000,1.28000000
1777447800000,2026-04-29T07:30:00+00:00,401.11000000,402.08000000,401.11000000,401.37000000,3.16000000
1777448700000,2026-04-29T07:45:00+00:00,401.33000000,401.85000000,400.67000000,401.85000000,13.87000000
1777449600000,2026-04-29T08:00:00+00:00,401.53000000,402.12000000,400.23000000,401.80000000,12.00000000
1777450500000,2026-04-29T08:15:00+00:00,401.73000000,401.79000000,400.86000000,401.30000000,0.98000000
1777451400000,2026-04-29T08:30:00+00:00,401.08000000,401.97000000,400.61000000,401.23000000,12.93000000
1777452300000,2026-04-29T08:45:00+00:00,401.75000000,402.00000000,401.23000000,401.44000000,16.94000000
1777453200000,2026-04-29T09:00:00+00:00,401.41000000,401.96000000,400.73000000,401.86000000,16.15000000
1777454100000,2026-04-29T09:15:00+00:00,401.99000000,401.99000000,400.44000000,400.44000000,11.93000000
1777455000000,2026-04-29T09:30:00+00:00,401.49000000,401.95000000,401.02000000,401.51000000,14.16000000
1777455900000,2026-04-29T09:45:00+00:00,401.94000000,401.97000000,400.82000000,401.12000000,22.80000000
1777456800000,2026-04-29T10:00:00+00:00,401.12000000,401.65000000,400.48000000,401.04000000,23.79000000
1777457700000,2026-04-29T10:15:00+00:00,400.81000000,402.00000000,400.57000000,401.98000000,18.59000000
1777458600000,2026-04-29T10:30:00+00:00,401.99000000,402.35000000,401.73000000,402.18000000,14.60000000
1777459500000,2026-04-29T10:45:00+00:00,402.22000000,402.22000000,401.09000000,402.02000000,9.50000000
1777460400000,2026-04-29T11:00:00+00:00,402.02000000,402.36000000,401.33000000,401.72000000,19.31000000
1777461300000,2026-04-29T11:15:00+00:00,402.09000000,402.69000000,401.80000000,402.37000000,13.20000000
1777462200000,2026-04-29T11:30:00+00:00,402.31000000,403.25000000,402.20000000,402.79000000,10.62000000
1777463100000,2026-04-29T11:45:00+00:00,402.56000000,403.02000000,402.17000000,402.57000000,9.79000000
1777464000000,2026-04-29T12:00:00+00:00,402.58000000,403.18000000,401.13000000,401.52000000,43.48000000
1777464900000,2026-04-29T12:15:00+00:00,401.40000000,401.90000000,400.89000000,401.30000000,11.24000000
1777465800000,2026-04-29T12:30:00+00:00,401.70000000,402.00000000,399.61000000,401.61000000,27.30000000
1777466700000,2026-04-29T12:45:00+00:00,401.43000000,402.02000000,401.28000000,401.64000000,7.95000000
1777467600000,2026-04-29T13:00:00+00:00,401.80000000,402.72000000,401.79000000,402.43000000,16.60000000
1777468500000,2026-04-29T13:15:00+00:00,403.23000000,403.89000000,401.53000000,403.44000000,57.98000000
1777469400000,2026-04-29T13:30:00+00:00,403.40000000,404.01000000,398.49000000,403.75000000,289.38000000
1777470300000,2026-04-29T13:45:00+00:00,403.59000000,403.59000000,399.35000000,402.14000000,174.03000000
1777471200000,2026-04-29T14:00:00+00:00,401.91000000,402.11000000,399.00000000,400.03000000,80.41000000
1777472100000,2026-04-29T14:15:00+00:00,400.03000000,404.36000000,399.00000000,402.37000000,121.51000000
1777473000000,2026-04-29T14:30:00+00:00,402.35000000,403.69000000,402.09000000,402.73000000,64.53000000
1777473900000,2026-04-29T14:45:00+00:00,403.10000000,403.16000000,400.00000000,401.81000000,39.36000000
1777474800000,2026-04-29T15:00:00+00:00,401.85000000,402.24000000,398.17000000,400.58000000,31.22000000
1777475700000,2026-04-29T15:15:00+00:00,400.58000000,402.00000000,400.20000000,401.67000000,52.16000000
1777476600000,2026-04-29T15:30:00+00:00,401.77000000,402.59000000,400.50000000,401.52000000,35.83000000
1777477500000,2026-04-29T15:45:00+00:00,401.55000000,402.06000000,399.06000000,399.85000000,93.57000000
1777478400000,2026-04-29T16:00:00+00:00,399.85000000,400.67000000,399.00000000,399.57000000,27.49000000
1777479300000,2026-04-29T16:15:00+00:00,399.51000000,399.51000000,397.64000000,398.54000000,41.59000000
1777480200000,2026-04-29T16:30:00+00:00,398.08000000,398.48000000,397.01000000,397.79000000,4.14000000
1777481100000,2026-04-29T16:45:00+00:00,397.31000000,398.20000000,397.04000000,398.06000000,5.24000000
1777482000000,2026-04-29T17:00:00+00:00,398.16000000,398.99000000,397.16000000,398.83000000,31.48000000
1777482900000,2026-04-29T17:15:00+00:00,397.99000000,399.23000000,397.99000000,398.39000000,10.36000000
1777483800000,2026-04-29T17:30:00+00:00,398.71000000,400.12000000,398.50000000,400.12000000,2.52000000
1777484700000,2026-04-29T17:45:00+00:00,400.16000000,400.79000000,399.58000000,400.71000000,4.61000000
1777485600000,2026-04-29T18:00:00+00:00,400.09000000,400.30000000,397.20000000,398.02000000,16.05000000
1777486500000,2026-04-29T18:15:00+00:00,398.03000000,399.53000000,398.03000000,398.56000000,5.16000000
1777487400000,2026-04-29T18:30:00+00:00,398.81000000,399.51000000,397.57000000,398.38000000,21.17000000
1777488300000,2026-04-29T18:45:00+00:00,397.76000000,400.48000000,397.61000000,400.48000000,3.80000000
1777489200000,2026-04-29T19:00:00+00:00,400.11000000,402.28000000,399.93000000,402.25000000,19.00000000
1777490100000,2026-04-29T19:15:00+00:00,402.57000000,404.95000000,402.14000000,403.87000000,44.90000000
1777491000000,2026-04-29T19:30:00+00:00,404.17000000,405.57000000,404.11000000,404.34000000,22.02000000
1777491900000,2026-04-29T19:45:00+00:00,404.34000000,405.89000000,403.67000000,405.89000000,7.42000000
1777492800000,2026-04-29T20:00:00+00:00,406.00000000,410.28000000,402.16000000,403.75000000,53.74000000
1777493700000,2026-04-29T20:15:00+00:00,403.53000000,406.54000000,402.83000000,405.40000000,30.73000000
1777494600000,2026-04-29T20:30:00+00:00,407.24000000,409.52000000,405.81000000,409.20000000,18.33000000
1777495500000,2026-04-29T20:45:00+00:00,408.87000000,410.83000000,408.72000000,409.17000000,34.87000000
1777496400000,2026-04-29T21:00:00+00:00,408.72000000,410.96000000,408.24000000,409.08000000,37.07000000
1777497300000,2026-04-29T21:15:00+00:00,410.50000000,411.62000000,408.89000000,410.12000000,40.10000000
1777498200000,2026-04-29T21:30:00+00:00,410.28000000,411.03000000,405.72000000,406.14000000,37.74000000
1777499100000,2026-04-29T21:45:00+00:00,406.32000000,411.99000000,403.14000000,409.98000000,70.16000000
1777500000000,2026-04-29T22:00:00+00:00,409.97000000,410.53000000,408.00000000,409.49000000,40.49000000
1777500900000,2026-04-29T22:15:00+00:00,410.75000000,415.58000000,410.14000000,413.12000000,68.15000000
1777501800000,2026-04-29T22:30:00+00:00,413.37000000,414.24000000,411.89000000,412.44000000,17.01000000
1777502700000,2026-04-29T22:45:00+00:00,412.61000000,414.97000000,411.64000000,412.80000000,62.36000000
1777503600000,2026-04-29T23:00:00+00:00,412.20000000,414.12000000,411.89000000,412.05000000,39.82000000
1777504500000,2026-04-29T23:15:00+00:00,412.41000000,413.10000000,411.26000000,412.37000000,46.82000000
1777505400000,2026-04-29T23:30:00+00:00,412.34000000,414.94000000,412.28000000,414.40000000,54.98000000
1777506300000,2026-04-29T23:45:00+00:00,414.49000000,415.92000000,414.06000000,415.04000000,74.17000000
1777507200000,2026-04-30T00:00:00+00:00,414.65000000,419.14000000,412.91000000,416.02000000,222.46000000
1777508100000,2026-04-30T00:15:00+00:00,415.21000000,416.74000000,414.43000000,415.24000000,40.56000000
1777509000000,2026-04-30T00:30:00+00:00,415.34000000,416.98000000,415.05000000,416.12000000,31.47000000
1777509900000,2026-04-30T00:45:00+00:00,415.85000000,416.74000000,414.96000000,414.98000000,70.66000000
1777510800000,2026-04-30T01:00:00+00:00,414.97000000,416.20000000,414.00000000,414.04000000,98.14000000
1777511700000,2026-04-30T01:15:00+00:00,414.52000000,415.23000000,413.74000000,414.32000000,30.52000000
1777512600000,2026-04-30T01:30:00+00:00,414.13000000,415.20000000,413.73000000,414.69000000,49.50000000
1777513500000,2026-04-30T01:45:00+00:00,414.66000000,414.89000000,413.10000000,414.27000000,49.14000000
1777514400000,2026-04-30T02:00:00+00:00,414.36000000,414.88000000,413.70000000,414.36000000,17.80000000
1777515300000,2026-04-30T02:15:00+00:00,413.71000000,414.84000000,412.38000000,413.19000000,35.59000000
1777516200000,2026-04-30T02:30:00+00:00,412.24000000,412.84000000,408.97000000,410.68000000,86.95000000
1777517100000,2026-04-30T02:45:00+00:00,410.36000000,410.36000000,408.28000000,408.67000000,44.88000000
1777518000000,2026-04-30T03:00:00+00:00,409.14000000,410.19000000,408.86000000,409.65000000,14.97000000
1777518900000,2026-04-30T03:15:00+00:00,409.72000000,410.04000000,409.18000000,409.95000000,3.19000000
1777519800000,2026-04-30T03:30:00+00:00,409.53000000,411.06000000,409.53000000,410.04000000,13.17000000
1777520700000,2026-04-30T03:45:00+00:00,410.42000000,411.35000000,409.83000000,409.83000000,5.92000000
1777521600000,2026-04-30T04:00:00+00:00,409.81000000,412.33000000,407.40000000,408.54000000,76.85000000
1777522500000,2026-04-30T04:15:00+00:00,408.56000000,408.67000000,407.21000000,408.65000000,15.82000000
1777523400000,2026-04-30T04:30:00+00:00,408.66000000,408.66000000,407.12000000,408.38000000,7.01000000
1777524300000,2026-04-30T04:45:00+00:00,408.51000000,409.37000000,408.51000000,408.97000000,9.98000000
1777525200000,2026-04-30T05:00:00+00:00,408.76000000,409.40000000,408.00000000,408.93000000,45.47000000
1777526100000,2026-04-30T05:15:00+00:00,408.72000000,408.83000000,407.76000000,408.16000000,2.65000000
1777527000000,2026-04-30T05:30:00+00:00,408.20000000,408.79000000,407.74000000,408.39000000,18.43000000
1777527900000,2026-04-30T05:45:00+00:00,408.24000000,408.24000000,407.35000000,407.35000000,1.03000000
1777528800000,2026-04-30T06:00:00+00:00,407.11000000,407.11000000,404.32000000,404.72000000,51.70000000
1777529700000,2026-04-30T06:15:00+00:00,404.62000000,405.80000000,404.62000000,405.36000000,10.28000000
1777530600000,2026-04-30T06:30:00+00:00,405.37000000,408.12000000,405.23000000,407.37000000,16.67000000
1777531500000,2026-04-30T06:45:00+00:00,407.19000000,407.51000000,406.71000000,407.48000000,3.18000000
1777532400000,2026-04-30T07:00:00+00:00,407.31000000,408.58000000,406.66000000,407.89000000,53.15000000
1777533300000,2026-04-30T07:15:00+00:00,408.02000000,409.32000000,407.56000000,409.06000000,4.58000000
1777534200000,2026-04-30T07:30:00+00:00,409.31000000,409.37000000,408.96000000,409.24000000,4.01000000
1777535100000,2026-04-30T07:45:00+00:00,409.42000000,409.42000000,407.74000000,408.88000000,77.94000000
1777536000000,2026-04-30T08:00:00+00:00,409.00000000,410.71000000,408.49000000,409.12000000,39.98000000
1777536900000,2026-04-30T08:15:00+00:00,409.30000000,411.58000000,408.74000000,410.47000000,34.62000000
1777537800000,2026-04-30T08:30:00+00:00,410.78000000,413.62000000,410.78000000,412.80000000,24.64000000
1777538700000,2026-04-30T08:45:00+00:00,412.48000000,412.80000000,411.60000000,411.64000000,67.57000000
1777539600000,2026-04-30T09:00:00+00:00,411.29000000,411.98000000,410.74000000,411.03000000,19.40000000
1777540500000,2026-04-30T09:15:00+00:00,411.08000000,412.10000000,410.00000000,410.87000000,6.62000000
1777541400000,2026-04-30T09:30:00+00:00,410.58000000,411.14000000,410.58000000,411.04000000,1.54000000
1777542300000,2026-04-30T09:45:00+00:00,411.05000000,411.87000000,409.92000000,410.35000000,8.21000000
1777543200000,2026-04-30T10:00:00+00:00,410.35000000,411.26000000,409.97000000,411.08000000,5.12000000
1777544100000,2026-04-30T10:15:00+00:00,411.18000000,412.79000000,411.18000000,411.77000000,20.15000000
1777545000000,2026-04-30T10:30:00+00:00,412.04000000,413.56000000,411.84000000,412.27000000,19.67000000
1777545900000,2026-04-30T10:45:00+00:00,412.28000000,412.28000000,408.40000000,411.15000000,13.05000000
1777546800000,2026-04-30T11:00:00+00:00,411.15000000,411.31000000,409.71000000,409.71000000,1.00000000
1777547700000,2026-04-30T11:15:00+00:00,409.83000000,412.05000000,409.73000000,412.05000000,11.33000000
1777548600000,2026-04-30T11:30:00+00:00,411.82000000,412.86000000,411.56000000,411.99000000,8.74000000
1777549500000,2026-04-30T11:45:00+00:00,412.69000000,413.29000000,411.76000000,411.76000000,18.14000000
1777550400000,2026-04-30T12:00:00+00:00,412.05000000,412.81000000,411.60000000,412.81000000,3.44000000
1777551300000,2026-04-30T12:15:00+00:00,413.28000000,415.87000000,413.28000000,415.01000000,32.23000000
1777552200000,2026-04-30T12:30:00+00:00,415.40000000,415.58000000,412.80000000,413.67000000,18.85000000
1777553100000,2026-04-30T12:45:00+00:00,414.11000000,415.19000000,412.84000000,414.38000000,9.84000000
1777554000000,2026-04-30T13:00:00+00:00,414.43000000,415.39000000,413.58000000,413.91000000,14.27000000
1777554900000,2026-04-30T13:15:00+00:00,414.20000000,416.67000000,413.69000000,415.93000000,16.73000000
1777555800000,2026-04-30T13:30:00+00:00,416.16000000,419.03000000,411.90000000,416.82000000,375.09000000
1777556700000,2026-04-30T13:45:00+00:00,417.02000000,418.72000000,409.21000000,411.51000000,151.63000000
1777557600000,2026-04-30T14:00:00+00:00,411.89000000,414.46000000,409.29000000,412.73000000,35.60000000
1777558500000,2026-04-30T14:15:00+00:00,412.72000000,412.72000000,408.50000000,408.50000000,71.03000000
1777559400000,2026-04-30T14:30:00+00:00,408.16000000,408.65000000,404.40000000,405.86000000,85.53000000
1777560300000,2026-04-30T14:45:00+00:00,405.97000000,410.76000000,405.97000000,410.42000000,87.16000000
1777561200000,2026-04-30T15:00:00+00:00,410.60000000,413.68000000,409.88000000,413.08000000,51.05000000
1777562100000,2026-04-30T15:15:00+00:00,413.37000000,413.52000000,411.65000000,412.52000000,21.75000000
1777563000000,2026-04-30T15:30:00+00:00,412.53000000,413.30000000,411.14000000,412.52000000,50.58000000
1777563900000,2026-04-30T15:45:00+00:00,412.56000000,414.10000000,411.51000000,413.30000000,15.27000000
1777564800000,2026-04-30T16:00:00+00:00,413.41000000,414.79000000,412.35000000,414.76000000,10.85000000
1777565700000,2026-04-30T16:15:00+00:00,414.80000000,414.82000000,413.64000000,414.16000000,9.06000000
1777566600000,2026-04-30T16:30:00+00:00,413.87000000,414.27000000,412.73000000,413.67000000,19.08000000
1777567500000,2026-04-30T16:45:00+00:00,413.42000000,413.86000000,412.64000000,413.86000000,6.62000000
1777568400000,2026-04-30T17:00:00+00:00,413.77000000,415.32000000,413.77000000,414.47000000,42.56000000
1777569300000,2026-04-30T17:15:00+00:00,414.30000000,415.29000000,413.62000000,415.06000000,27.58000000
1777570200000,2026-04-30T17:30:00+00:00,415.13000000,416.00000000,413.90000000,415.92000000,23.68000000
1777571100000,2026-04-30T17:45:00+00:00,415.78000000,419.14000000,411.07000000,416.95000000,243.51000000
1777572000000,2026-04-30T18:00:00+00:00,417.14000000,417.50000000,415.90000000,416.67000000,47.11000000
1777572900000,2026-04-30T18:15:00+00:00,416.67000000,416.78000000,415.75000000,416.17000000,25.91000000
1777573800000,2026-04-30T18:30:00+00:00,415.92000000,416.70000000,415.22000000,415.86000000,9.73000000
1777574700000,2026-04-30T18:45:00+00:00,415.86000000,416.05000000,415.24000000,415.44000000,5.44000000
1777575600000,2026-04-30T19:00:00+00:00,415.73000000,417.36000000,415.19000000,417.36000000,16.95000000
1777576500000,2026-04-30T19:15:00+00:00,417.40000000,418.82000000,415.97000000,416.08000000,40.64000000
1777577400000,2026-04-30T19:30:00+00:00,415.50000000,416.17000000,415.30000000,415.67000000,2.64000000
1777578300000,2026-04-30T19:45:00+00:00,416.12000000,418.29000000,415.71000000,417.80000000,17.80000000
1777579200000,2026-04-30T20:00:00+00:00,417.59000000,418.46000000,416.82000000,417.07000000,41.65000000
1777580100000,2026-04-30T20:15:00+00:00,416.96000000,417.53000000,416.79000000,416.94000000,10.61000000
1777581000000,2026-04-30T20:30:00+00:00,416.52000000,416.71000000,415.31000000,415.51000000,11.23000000
1777581900000,2026-04-30T20:45:00+00:00,415.36000000,415.36000000,412.11000000,413.56000000,61.35000000
1777582800000,2026-04-30T21:00:00+00:00,413.81000000,414.13000000,411.81000000,413.30000000,24.48000000
1777583700000,2026-04-30T21:15:00+00:00,413.33000000,414.69000000,412.30000000,414.42000000,13.98000000
1777584600000,2026-04-30T21:30:00+00:00,414.42000000,416.10000000,413.99000000,414.66000000,16.12000000
1777585500000,2026-04-30T21:45:00+00:00,414.59000000,414.59000000,414.22000000,414.44000000,2.45000000
1777586400000,2026-04-30T22:00:00+00:00,414.53000000,415.68000000,413.46000000,414.43000000,5.06000000
1777587300000,2026-04-30T22:15:00+00:00,414.37000000,414.37000000,413.63000000,413.63000000,2.52000000
1777588200000,2026-04-30T22:30:00+00:00,414.37000000,415.17000000,413.54000000,415.17000000,8.78000000
1777589100000,2026-04-30T22:45:00+00:00,415.19000000,415.19000000,412.96000000,413.40000000,5.79000000
1777590000000,2026-04-30T23:00:00+00:00,414.00000000,414.30000000,413.79000000,413.92000000,1.41000000
1777590900000,2026-04-30T23:15:00+00:00,414.12000000,414.40000000,413.61000000,414.40000000,0.48000000
1777591800000,2026-04-30T23:30:00+00:00,414.56000000,414.95000000,414.45000000,414.53000000,8.26000000
1777592700000,2026-04-30T23:45:00+00:00,414.26000000,414.28000000,413.80000000,413.92000000,6.59000000
1777593600000,2026-05-01T00:00:00+00:00,414.24000000,416.89000000,414.07000000,415.29000000,28.40000000
1777594500000,2026-05-01T00:15:00+00:00,415.38000000,416.88000000,415.38000000,416.84000000,39.58000000
1777595400000,2026-05-01T00:30:00+00:00,416.40000000,416.91000000,416.37000000,416.64000000,19.30000000
1777596300000,2026-05-01T00:45:00+00:00,416.75000000,416.83000000,415.50000000,416.20000000,160.31000000
1777597200000,2026-05-01T01:00:00+00:00,416.14000000,416.36000000,415.53000000,416.36000000,2.95000000
1777598100000,2026-05-01T01:15:00+00:00,416.60000000,417.51000000,416.60000000,417.31000000,13.77000000
1777599000000,2026-05-01T01:30:00+00:00,417.44000000,417.52000000,417.02000000,417.21000000,20.02000000
1777599900000,2026-05-01T01:45:00+00:00,417.32000000,417.84000000,417.20000000,417.52000000,29.98000000
1777600800000,2026-05-01T02:00:00+00:00,417.58000000,418.02000000,416.08000000,417.35000000,58.96000000
1777601700000,2026-05-01T02:15:00+00:00,417.57000000,417.64000000,416.84000000,417.14000000,3.29000000
1777602600000,2026-05-01T02:30:00+00:00,417.21000000,418.17000000,416.48000000,417.33000000,14.36000000
1777603500000,2026-05-01T02:45:00+00:00,417.03000000,417.32000000,416.92000000,417.17000000,1.75000000
1777604400000,2026-05-01T03:00:00+00:00,416.88000000,417.47000000,416.80000000,417.47000000,3.22000000
1777605300000,2026-05-01T03:15:00+00:00,417.46000000,417.92000000,417.28000000,417.28000000,37.78000000
1777606200000,2026-05-01T03:30:00+00:00,417.44000000,417.80000000,417.28000000,417.51000000,0.54000000
1777607100000,2026-05-01T03:45:00+00:00,417.51000000,417.51000000,417.33000000,417.33000000,4.20000000
1777608000000,2026-05-01T04:00:00+00:00,417.33000000,417.39000000,416.41000000,416.85000000,3.51000000
1777608900000,2026-05-01T04:15:00+00:00,416.98000000,417.04000000,416.74000000,416.74000000,0.12000000
1777609800000,2026-05-01T04:30:00+00:00,416.73000000,416.86000000,416.27000000,416.54000000,28.92000000
1777610700000,2026-05-01T04:45:00+00:00,416.28000000,416.94000000,416.18000000,416.41000000,2.65000000
1777611600000,2026-05-01T05:00:00+00:00,416.82000000,416.82000000,415.51000000,416.82000000,10.31000000
1777612500000,2026-05-01T05:15:00+00:00,416.06000000,416.85000000,416.05000000,416.85000000,0.60000000
1777613400000,2026-05-01T05:30:00+00:00,416.84000000,416.85000000,416.30000000,416.30000000,2.93000000
1777614300000,2026-05-01T05:45:00+00:00,416.30000000,417.32000000,416.30000000,417.32000000,4.69000000
1777615200000,2026-05-01T06:00:00+00:00,417.10000000,417.10000000,417.10000000,417.10000000,0.04000000
1777616100000,2026-05-01T06:15:00+00:00,417.10000000,418.51000000,416.98000000,416.98000000,27.05000000
1777617000000,2026-05-01T06:30:00+00:00,417.85000000,417.85000000,416.35000000,417.54000000,19.23000000
1777617900000,2026-05-01T06:45:00+00:00,417.54000000,417.73000000,416.74000000,417.00000000,8.38000000
1777618800000,2026-05-01T07:00:00+00:00,417.00000000,417.68000000,416.39000000,416.39000000,14.15000000
1777619700000,2026-05-01T07:15:00+00:00,416.74000000,417.55000000,416.30000000,416.54000000,6.96000000
1777620600000,2026-05-01T07:30:00+00:00,416.49000000,417.58000000,416.45000000,417.35000000,14.07000000
1777621500000,2026-05-01T07:45:00+00:00,417.35000000,417.61000000,416.08000000,416.08000000,21.79000000
1777622400000,2026-05-01T08:00:00+00:00,416.10000000,416.93000000,415.76000000,415.78000000,6.58000000
1777623300000,2026-05-01T08:15:00+00:00,415.79000000,415.81000000,415.50000000,415.51000000,12.52000000
1777624200000,2026-05-01T08:30:00+00:00,415.50000000,415.60000000,414.65000000,414.65000000,114.79000000
1777625100000,2026-05-01T08:45:00+00:00,415.01000000,415.08000000,414.17000000,415.08000000,16.51000000
1777626000000,2026-05-01T09:00:00+00:00,414.35000000,415.08000000,414.35000000,414.54000000,4.44000000
1777626900000,2026-05-01T09:15:00+00:00,414.72000000,415.06000000,414.06000000,414.79000000,14.00000000
1777627800000,2026-05-01T09:30:00+00:00,414.55000000,414.78000000,414.25000000,414.25000000,0.21000000
1777628700000,2026-05-01T09:45:00+00:00,414.59000000,414.59000000,414.59000000,414.59000000,0.03000000
1777629600000,2026-05-01T10:00:00+00:00,414.99000000,415.04000000,414.34000000,414.76000000,3.13000000
1777630500000,2026-05-01T10:15:00+00:00,414.76000000,416.19000000,414.64000000,415.34000000,37.81000000
1777631400000,2026-05-01T10:30:00+00:00,415.07000000,415.71000000,414.58000000,414.77000000,13.60000000
1777632300000,2026-05-01T10:45:00+00:00,415.49000000,415.85000000,414.84000000,415.06000000,12.58000000
1777633200000,2026-05-01T11:00:00+00:00,415.07000000,415.67000000,414.58000000,414.93000000,15.73000000
1777634100000,2026-05-01T11:15:00+00:00,414.75000000,414.85000000,414.27000000,414.39000000,4.66000000
1777635000000,2026-05-01T11:30:00+00:00,414.09000000,414.60000000,414.08000000,414.30000000,4.63000000
1777635900000,2026-05-01T11:45:00+00:00,414.69000000,414.69000000,414.26000000,414.27000000,1.84000000
1777636800000,2026-05-01T12:00:00+00:00,414.27000000,415.31000000,414.27000000,415.24000000,4.12000000
1777637700000,2026-05-01T12:15:00+00:00,415.06000000,415.62000000,414.95000000,415.37000000,2.90000000
1777638600000,2026-05-01T12:30:00+00:00,415.32000000,415.48000000,414.36000000,414.97000000,19.45000000
1777639500000,2026-05-01T12:45:00+00:00,414.64000000,414.92000000,414.48000000,414.48000000,4.89000000
1777640400000,2026-05-01T13:00:00+00:00,414.77000000,415.40000000,414.77000000,415.05000000,11.36000000
1777641300000,2026-05-01T13:15:00+00:00,415.03000000,415.29000000,414.17000000,415.18000000,26.51000000
1777642200000,2026-05-01T13:30:00+00:00,415.06000000,423.01000000,413.90000000,421.16000000,114.93000000
1777643100000,2026-05-01T13:45:00+00:00,421.39000000,422.38000000,419.65000000,421.14000000,58.49000000
1777644000000,2026-05-01T14:00:00+00:00,421.27000000,421.48000000,419.43000000,421.04000000,91.88000000
1777644900000,2026-05-01T14:15:00+00:00,420.99000000,421.87000000,419.65000000,420.96000000,133.85000000
1777645800000,2026-05-01T14:30:00+00:00,420.89000000,420.89000000,416.58000000,419.37000000,67.89000000
1777646700000,2026-05-01T14:45:00+00:00,419.05000000,420.82000000,418.60000000,420.09000000,33.86000000
1777647600000,2026-05-01T15:00:00+00:00,420.18000000,420.61000000,419.39000000,420.07000000,20.76000000
1777648500000,2026-05-01T15:15:00+00:00,419.99000000,422.56000000,419.76000000,421.80000000,97.18000000
1777649400000,2026-05-01T15:30:00+00:00,422.25000000,423.14000000,420.98000000,421.55000000,62.41000000
1777650300000,2026-05-01T15:45:00+00:00,421.55000000,422.36000000,420.07000000,421.98000000,18.24000000
1777651200000,2026-05-01T16:00:00+00:00,422.01000000,422.57000000,420.50000000,420.82000000,18.82000000
1777652100000,2026-05-01T16:15:00+00:00,421.01000000,421.59000000,420.16000000,420.35000000,7.69000000
1777653000000,2026-05-01T16:30:00+00:00,420.41000000,420.95000000,420.11000000,420.46000000,4.34000000
1777653900000,2026-05-01T16:45:00+00:00,420.22000000,420.74000000,419.86000000,420.49000000,23.37000000
1777654800000,2026-05-01T17:00:00+00:00,420.35000000,420.90000000,420.25000000,420.73000000,13.42000000
1777655700000,2026-05-01T17:15:00+00:00,420.84000000,421.42000000,420.77000000,421.35000000,2.76000000
1777656600000,2026-05-01T17:30:00+00:00,421.61000000,423.36000000,420.81000000,422.98000000,88.19000000
1777657500000,2026-05-01T17:45:00+00:00,422.97000000,423.42000000,422.27000000,422.40000000,38.76000000
1777658400000,2026-05-01T18:00:00+00:00,422.65000000,423.36000000,422.37000000,422.60000000,59.83000000
1777659300000,2026-05-01T18:15:00+00:00,422.46000000,423.00000000,422.00000000,422.83000000,19.35000000
1777660200000,2026-05-01T18:30:00+00:00,422.79000000,422.86000000,421.49000000,421.67000000,9.71000000
1777661100000,2026-05-01T18:45:00+00:00,421.74000000,422.61000000,421.11000000,422.57000000,5.71000000
1777662000000,2026-05-01T19:00:00+00:00,422.69000000,423.47000000,422.61000000,423.07000000,4.42000000
1777662900000,2026-05-01T19:15:00+00:00,422.98000000,422.98000000,422.14000000,422.74000000,4.17000000
1777663800000,2026-05-01T19:30:00+00:00,422.91000000,422.91000000,422.14000000,422.45000000,2.23000000
1777664700000,2026-05-01T19:45:00+00:00,422.34000000,422.34000000,420.24000000,421.36000000,29.21000000
1777665600000,2026-05-01T20:00:00+00:00,421.53000000,422.15000000,420.99000000,421.10000000,14.26000000
1777666500000,2026-05-01T20:15:00+00:00,420.69000000,421.03000000,420.09000000,420.43000000,3.37000000
1777667400000,2026-05-01T20:30:00+00:00,420.58000000,420.99000000,420.14000000,420.40000000,35.38000000
1777668300000,2026-05-01T20:45:00+00:00,420.37000000,420.38000000,419.91000000,420.25000000,22.47000000
1777669200000,2026-05-01T21:00:00+00:00,420.25000000,420.73000000,420.25000000,420.68000000,3.38000000
1777670100000,2026-05-01T21:15:00+00:00,420.66000000,420.70000000,420.24000000,420.38000000,1.54000000
1777671000000,2026-05-01T21:30:00+00:00,420.46000000,420.78000000,419.86000000,420.23000000,5.29000000
1777671900000,2026-05-01T21:45:00+00:00,420.23000000,420.23000000,420.15000000,420.23000000,0.88000000
1777672800000,2026-05-01T22:00:00+00:00,420.36000000,420.76000000,420.32000000,420.76000000,0.71000000
1777673700000,2026-05-01T22:15:00+00:00,420.61000000,420.81000000,420.08000000,420.74000000,1.33000000
1777674600000,2026-05-01T22:30:00+00:00,420.49000000,420.49000000,420.28000000,420.28000000,0.39000000
1777675500000,2026-05-01T22:45:00+00:00,420.27000000,420.49000000,420.27000000,420.46000000,0.22000000
1777676400000,2026-05-01T23:00:00+00:00,420.38000000,420.62000000,420.04000000,420.57000000,4.66000000
1777677300000,2026-05-01T23:15:00+00:00,420.70000000,421.26000000,420.68000000,421.08000000,3.25000000
1777678200000,2026-05-01T23:30:00+00:00,421.05000000,421.11000000,420.51000000,420.84000000,3.83000000
1777679100000,2026-05-01T23:45:00+00:00,420.90000000,420.90000000,420.53000000,420.66000000,0.29000000
1777680000000,2026-05-02T00:00:00+00:00,420.53000000,420.59000000,419.56000000,420.59000000,29.45000000
1777680900000,2026-05-02T00:15:00+00:00,420.59000000,420.94000000,420.59000000,420.94000000,2.62000000
1777681800000,2026-05-02T00:30:00+00:00,420.83000000,420.86000000,420.60000000,420.60000000,0.28000000
1777682700000,2026-05-02T00:45:00+00:00,420.60000000,420.60000000,420.60000000,420.60000000,0.00000000
1777683600000,2026-05-02T01:00:00+00:00,420.50000000,420.87000000,420.34000000,420.67000000,11.34000000
1777684500000,2026-05-02T01:15:00+00:00,420.67000000,420.85000000,420.21000000,420.61000000,2.16000000
1777685400000,2026-05-02T01:30:00+00:00,420.87000000,421.22000000,420.87000000,421.22000000,1.12000000
1777686300000,2026-05-02T01:45:00+00:00,420.90000000,421.31000000,420.90000000,420.91000000,1.17000000
1777687200000,2026-05-02T02:00:00+00:00,420.90000000,421.12000000,420.60000000,420.74000000,2.41000000
1777688100000,2026-05-02T02:15:00+00:00,420.87000000,421.06000000,420.87000000,421.06000000,0.28000000
1777689000000,2026-05-02T02:30:00+00:00,421.20000000,421.77000000,420.31000000,420.46000000,15.75000000
1777689900000,2026-05-02T02:45:00+00:00,420.78000000,421.32000000,420.62000000,421.22000000,8.60000000
1777690800000,2026-05-02T03:00:00+00:00,421.19000000,421.22000000,420.82000000,420.82000000,0.80000000
1777691700000,2026-05-02T03:15:00+00:00,420.89000000,421.00000000,420.79000000,420.79000000,0.71000000
1777692600000,2026-05-02T03:30:00+00:00,421.12000000,421.32000000,420.79000000,420.98000000,3.47000000
1777693500000,2026-05-02T03:45:00+00:00,420.80000000,420.80000000,420.79000000,420.79000000,0.24000000
1777694400000,2026-05-02T04:00:00+00:00,420.88000000,421.37000000,420.79000000,420.99000000,6.34000000
1777695300000,2026-05-02T04:15:00+00:00,421.00000000,421.00000000,421.00000000,421.00000000,0.22000000
1777696200000,2026-05-02T04:30:00+00:00,421.05000000,421.90000000,420.62000000,421.51000000,24.83000000
1777697100000,2026-05-02T04:45:00+00:00,421.51000000,421.73000000,421.10000000,421.10000000,4.14000000
1777698000000,2026-05-02T05:00:00+00:00,421.31000000,421.35000000,420.99000000,421.35000000,1.60000000
1777698900000,2026-05-02T05:15:00+00:00,421.35000000,421.36000000,421.02000000,421.22000000,1.50000000
1777699800000,2026-05-02T05:30:00+00:00,421.17000000,421.63000000,420.99000000,421.00000000,13.76000000
1777700700000,2026-05-02T05:45:00+00:00,421.29000000,421.57000000,421.02000000,421.25000000,2.65000000
1777701600000,2026-05-02T06:00:00+00:00,421.05000000,421.21000000,420.60000000,420.71000000,20.49000000
1777702500000,2026-05-02T06:15:00+00:00,420.68000000,421.35000000,420.61000000,420.91000000,17.46000000
1777703400000,2026-05-02T06:30:00+00:00,420.92000000,421.32000000,420.70000000,420.90000000,6.92000000
1777704300000,2026-05-02T06:45:00+00:00,421.07000000,421.30000000,420.72000000,420.89000000,1.69000000
1777705200000,2026-05-02T07:00:00+00:00,421.09000000,421.27000000,420.62000000,421.16000000,10.26000000
1777706100000,2026-05-02T07:15:00+00:00,421.20000000,421.49000000,420.98000000,421.49000000,5.49000000
1777707000000,2026-05-02T07:30:00+00:00,421.49000000,421.49000000,420.90000000,421.33000000,4.87000000
1777707900000,2026-05-02T07:45:00+00:00,420.93000000,421.33000000,420.92000000,421.33000000,1.65000000
1777708800000,2026-05-02T08:00:00+00:00,421.33000000,421.33000000,420.60000000,421.23000000,17.33000000
1777709700000,2026-05-02T08:15:00+00:00,420.90000000,421.33000000,420.75000000,420.85000000,2.63000000
1777710600000,2026-05-02T08:30:00+00:00,421.01000000,421.06000000,420.79000000,420.79000000,0.10000000
1777711500000,2026-05-02T08:45:00+00:00,420.96000000,420.98000000,420.68000000,420.98000000,2.12000000
1777712400000,2026-05-02T09:00:00+00:00,420.88000000,421.26000000,420.88000000,421.05000000,1.15000000
1777713300000,2026-05-02T09:15:00+00:00,421.26000000,421.32000000,421.00000000,421.00000000,0.22000000
1777714200000,2026-05-02T09:30:00+00:00,421.26000000,421.26000000,420.75000000,420.75000000,1.44000000
1777715100000,2026-05-02T09:45:00+00:00,421.00000000,421.25000000,420.88000000,421.25000000,0.24000000
1777716000000,2026-05-02T10:00:00+00:00,421.05000000,421.05000000,420.64000000,420.64000000,0.69000000
1777716900000,2026-05-02T10:15:00+00:00,420.85000000,420.86000000,420.50000000,420.50000000,4.40000000
1777717800000,2026-05-02T10:30:00+00:00,420.33000000,420.60000000,420.31000000,420.60000000,1.26000000
1777718700000,2026-05-02T10:45:00+00:00,420.49000000,420.59000000,419.53000000,420.19000000,17.65000000
1777719600000,2026-05-02T11:00:00+00:00,420.19000000,420.50000000,420.19000000,420.50000000,0.97000000
1777720500000,2026-05-02T11:15:00+00:00,420.68000000,420.87000000,420.68000000,420.71000000,0.74000000
1777721400000,2026-05-02T11:30:00+00:00,420.67000000,421.32000000,420.34000000,420.71000000,12.73000000
1777722300000,2026-05-02T11:45:00+00:00,420.59000000,420.81000000,420.50000000,420.54000000,0.71000000
1777723200000,2026-05-02T12:00:00+00:00,420.51000000,421.33000000,420.50000000,420.78000000,8.26000000
1777724100000,2026-05-02T12:15:00+00:00,421.32000000,421.33000000,420.81000000,421.33000000,0.96000000
1777725000000,2026-05-02T12:30:00+00:00,421.31000000,421.33000000,421.31000000,421.32000000,0.41000000
1777725900000,2026-05-02T12:45:00+00:00,421.32000000,421.32000000,421.32000000,421.32000000,0.00000000
1777726800000,2026-05-02T13:00:00+00:00,421.30000000,421.30000000,420.83000000,421.20000000,0.39000000
1777727700000,2026-05-02T13:15:00+00:00,421.20000000,421.20000000,421.20000000,421.20000000,0.02000000
1777728600000,2026-05-02T13:30:00+00:00,420.99000000,421.00000000,420.83000000,420.83000000,2.43000000
1777729500000,2026-05-02T13:45:00+00:00,421.19000000,421.20000000,420.85000000,420.99000000,0.43000000
1777730400000,2026-05-02T14:00:00+00:00,421.20000000,421.32000000,420.82000000,420.82000000,2.16000000
1777731300000,2026-05-02T14:15:00+00:00,420.83000000,421.06000000,420.82000000,421.06000000,3.42000000
1777732200000,2026-05-02T14:30:00+00:00,420.85000000,421.17000000,420.83000000,421.17000000,0.29000000
1777733100000,2026-05-02T14:45:00+00:00,420.83000000,421.89000000,420.83000000,420.84000000,5.86000000
1777734000000,2026-05-02T15:00:00+00:00,420.83000000,421.67000000,420.83000000,421.12000000,1.55000000
1777734900000,2026-05-02T15:15:00+00:00,421.53000000,421.92000000,420.88000000,420.89000000,13.02000000
1777735800000,2026-05-02T15:30:00+00:00,421.28000000,421.42000000,420.88000000,421.02000000,0.44000000
1777736700000,2026-05-02T15:45:00+00:00,420.88000000,421.40000000,420.88000000,421.40000000,0.09000000
1777737600000,2026-05-02T16:00:00+00:00,421.40000000,422.19000000,421.02000000,421.02000000,3.71000000
1777738500000,2026-05-02T16:15:00+00:00,421.72000000,422.00000000,420.57000000,421.46000000,28.30000000
1777739400000,2026-05-02T16:30:00+00:00,420.63000000,420.63000000,420.55000000,420.55000000,0.60000000
1777740300000,2026-05-02T16:45:00+00:00,421.46000000,421.46000000,420.55000000,421.46000000,0.38000000
1777741200000,2026-05-02T17:00:00+00:00,420.54000000,421.47000000,420.54000000,420.55000000,1.27000000
1777742100000,2026-05-02T17:15:00+00:00,420.55000000,420.55000000,420.55000000,420.55000000,0.00000000
1777743000000,2026-05-02T17:30:00+00:00,421.42000000,421.42000000,421.42000000,421.42000000,0.33000000
1777743900000,2026-05-02T17:45:00+00:00,420.99000000,420.99000000,420.98000000,420.98000000,0.13000000
1777744800000,2026-05-02T18:00:00+00:00,420.98000000,420.98000000,420.54000000,420.55000000,0.97000000
1777745700000,2026-05-02T18:15:00+00:00,421.26000000,421.26000000,420.55000000,421.26000000,0.16000000
1777746600000,2026-05-02T18:30:00+00:00,421.26000000,421.27000000,421.26000000,421.27000000,0.87000000
1777747500000,2026-05-02T18:45:00+00:00,421.26000000,421.26000000,421.26000000,421.26000000,0.01000000
1777748400000,2026-05-02T19:00:00+00:00,420.55000000,420.55000000,420.54000000,420.54000000,1.35000000
1777749300000,2026-05-02T19:15:00+00:00,421.25000000,421.25000000,420.56000000,420.56000000,0.69000000
1777750200000,2026-05-02T19:30:00+00:00,420.55000000,420.57000000,420.54000000,420.57000000,0.15000000
1777751100000,2026-05-02T19:45:00+00:00,421.26000000,421.26000000,421.26000000,421.26000000,0.01000000
1777752000000,2026-05-02T20:00:00+00:00,420.57000000,420.71000000,420.52000000,420.52000000,11.60000000
1777752900000,2026-05-02T20:15:00+00:00,420.52000000,421.09000000,420.51000000,421.09000000,0.62000000
1777753800000,2026-05-02T20:30:00+00:00,420.53000000,421.08000000,419.78000000,419.84000000,12.45000000
1777754700000,2026-05-02T20:45:00+00:00,419.84000000,421.58000000,419.83000000,421.54000000,9.84000000
1777755600000,2026-05-02T21:00:00+00:00,421.28000000,421.50000000,420.73000000,420.95000000,13.26000000
1777756500000,2026-05-02T21:15:00+00:00,420.85000000,422.11000000,420.74000000,421.14000000,6.24000000
1777757400000,2026-05-02T21:30:00+00:00,421.26000000,422.20000000,420.83000000,420.84000000,18.14000000
1777758300000,2026-05-02T21:45:00+00:00,420.84000000,421.45000000,420.84000000,420.95000000,2.34000000
1777759200000,2026-05-02T22:00:00+00:00,421.17000000,421.58000000,420.87000000,421.34000000,3.00000000
1777760100000,2026-05-02T22:15:00+00:00,421.27000000,421.27000000,421.08000000,421.08000000,0.12000000
1777761000000,2026-05-02T22:30:00+00:00,421.27000000,421.39000000,420.87000000,420.88000000,0.55000000
1777761900000,2026-05-02T22:45:00+00:00,421.03000000,421.29000000,420.84000000,421.29000000,2.55000000
1777762800000,2026-05-02T23:00:00+00:00,420.85000000,421.20000000,420.84000000,421.20000000,0.83000000
1777763700000,2026-05-02T23:15:00+00:00,421.20000000,421.20000000,421.20000000,421.20000000,0.00000000
1777764600000,2026-05-02T23:30:00+00:00,421.20000000,421.20000000,421.20000000,421.20000000,0.00000000
1777765500000,2026-05-02T23:45:00+00:00,420.85000000,421.22000000,420.84000000,421.22000000,4.76000000
1777766400000,2026-05-03T00:00:00+00:00,420.84000000,420.84000000,419.74000000,420.16000000,28.17000000
1777767300000,2026-05-03T00:15:00+00:00,420.17000000,420.96000000,420.17000000,420.84000000,3.32000000
1777768200000,2026-05-03T00:30:00+00:00,420.84000000,420.84000000,420.84000000,420.84000000,0.17000000
1777769100000,2026-05-03T00:45:00+00:00,420.95000000,421.08000000,419.93000000,421.07000000,1.35000000
1777770000000,2026-05-03T01:00:00+00:00,421.07000000,421.63000000,419.92000000,421.48000000,14.30000000
1777770900000,2026-05-03T01:15:00+00:00,421.48000000,422.04000000,421.21000000,421.34000000,7.09000000
1777771800000,2026-05-03T01:30:00+00:00,421.31000000,421.86000000,419.90000000,420.87000000,5.74000000
1777772700000,2026-05-03T01:45:00+00:00,421.26000000,421.27000000,420.28000000,420.92000000,3.68000000
1777773600000,2026-05-03T02:00:00+00:00,421.21000000,421.54000000,420.59000000,420.67000000,3.47000000
1777774500000,2026-05-03T02:15:00+00:00,420.68000000,421.50000000,420.59000000,420.82000000,7.19000000
1777775400000,2026-05-03T02:30:00+00:00,421.01000000,421.55000000,420.59000000,421.06000000,3.96000000
1777776300000,2026-05-03T02:45:00+00:00,421.38000000,421.66000000,420.92000000,421.30000000,1.40000000
1777777200000,2026-05-03T03:00:00+00:00,421.56000000,421.56000000,420.59000000,420.59000000,13.30000000
1777778100000,2026-05-03T03:15:00+00:00,420.75000000,421.66000000,420.59000000,420.64000000,5.60000000
1777779000000,2026-05-03T03:30:00+00:00,421.08000000,421.29000000,420.59000000,421.16000000,5.28000000
1777779900000,2026-05-03T03:45:00+00:00,421.18000000,421.18000000,421.18000000,421.18000000,0.07000000
1777780800000,2026-05-03T04:00:00+00:00,421.17000000,421.17000000,421.15000000,421.17000000,0.40000000
1777781700000,2026-05-03T04:15:00+00:00,420.86000000,420.97000000,420.59000000,420.79000000,4.08000000
1777782600000,2026-05-03T04:30:00+00:00,420.79000000,420.79000000,420.79000000,420.79000000,0.00000000
1777783500000,2026-05-03T04:45:00+00:00,420.79000000,420.79000000,420.79000000,420.79000000,0.00000000
1777784400000,2026-05-03T05:00:00+00:00,420.91000000,420.91000000,420.00000000,420.39000000,14.82000000
1777785300000,2026-05-03T05:15:00+00:00,420.93000000,420.93000000,420.58000000,420.93000000,0.18000000
1777786200000,2026-05-03T05:30:00+00:00,420.89000000,420.89000000,420.85000000,420.85000000,0.04000000
1777787100000,2026-05-03T05:45:00+00:00,420.54000000,422.18000000,419.90000000,421.90000000,27.84000000
1777788000000,2026-05-03T06:00:00+00:00,422.00000000,422.18000000,421.67000000,421.70000000,5.74000000
1777788900000,2026-05-03T06:15:00+00:00,421.97000000,422.13000000,420.79000000,421.84000000,7.36000000
1777789800000,2026-05-03T06:30:00+00:00,421.57000000,421.90000000,421.57000000,421.69000000,12.00000000
1777790700000,2026-05-03T06:45:00+00:00,421.98000000,421.98000000,421.41000000,421.51000000,3.35000000
1777791600000,2026-05-03T07:00:00+00:00,421.59000000,421.81000000,421.40000000,421.54000000,3.30000000
1777792500000,2026-05-03T07:15:00+00:00,421.77000000,421.77000000,420.69000000,421.48000000,15.95000000
1777793400000,2026-05-03T07:30:00+00:00,421.10000000,422.16000000,420.85000000,421.84000000,25.75000000
1777794300000,2026-05-03T07:45:00+00:00,422.17000000,422.18000000,422.09000000,422.10000000,0.93000000
1777795200000,2026-05-03T08:00:00+00:00,422.18000000,422.18000000,421.66000000,422.18000000,5.15000000
1777796100000,2026-05-03T08:15:00+00:00,422.18000000,422.18000000,422.10000000,422.10000000,0.94000000
1777797000000,2026-05-03T08:30:00+00:00,421.89000000,421.89000000,421.76000000,421.76000000,0.30000000
1777797900000,2026-05-03T08:45:00+00:00,421.62000000,422.60000000,421.62000000,421.83000000,12.18000000
1777798800000,2026-05-03T09:00:00+00:00,422.41000000,422.62000000,420.98000000,420.98000000,16.99000000
1777799700000,2026-05-03T09:15:00+00:00,421.46000000,421.62000000,421.13000000,421.62000000,2.84000000
1777800600000,2026-05-03T09:30:00+00:00,420.98000000,421.72000000,420.98000000,421.72000000,0.20000000
1777801500000,2026-05-03T09:45:00+00:00,420.98000000,420.99000000,420.97000000,420.98000000,0.63000000
1777802400000,2026-05-03T10:00:00+00:00,421.71000000,422.09000000,421.10000000,421.95000000,0.65000000
1777803300000,2026-05-03T10:15:00+00:00,421.95000000,421.95000000,421.95000000,421.95000000,0.00000000
1777804200000,2026-05-03T10:30:00+00:00,422.09000000,422.51000000,421.51000000,421.51000000,0.49000000
1777805100000,2026-05-03T10:45:00+00:00,421.32000000,422.03000000,421.26000000,421.26000000,2.52000000
1777806000000,2026-05-03T11:00:00+00:00,421.73000000,422.03000000,420.80000000,421.57000000,12.61000000
1777806900000,2026-05-03T11:15:00+00:00,421.41000000,422.77000000,420.85000000,422.77000000,2.14000000
1777807800000,2026-05-03T11:30:00+00:00,422.69000000,424.00000000,420.80000000,422.66000000,52.12000000
1777808700000,2026-05-03T11:45:00+00:00,422.54000000,423.99000000,422.43000000,422.98000000,12.75000000
1777809600000,2026-05-03T12:00:00+00:00,423.26000000,424.00000000,422.41000000,423.17000000,23.55000000
1777810500000,2026-05-03T12:15:00+00:00,422.88000000,423.23000000,422.79000000,423.06000000,2.03000000
1777811400000,2026-05-03T12:30:00+00:00,423.23000000,423.29000000,422.94000000,423.07000000,4.31000000
1777812300000,2026-05-03T12:45:00+00:00,423.18000000,423.18000000,422.97000000,422.98000000,0.36000000
1777813200000,2026-05-03T13:00:00+00:00,423.26000000,423.99000000,422.98000000,422.98000000,6.90000000
1777814100000,2026-05-03T13:15:00+00:00,423.01000000,423.01000000,421.76000000,422.14000000,10.34000000
1777815000000,2026-05-03T13:30:00+00:00,422.64000000,422.64000000,422.64000000,422.64000000,0.02000000
1777815900000,2026-05-03T13:45:00+00:00,422.26000000,422.34000000,422.19000000,422.34000000,0.28000000
1777816800000,2026-05-03T14:00:00+00:00,422.13000000,422.45000000,419.00000000,422.12000000,38.65000000
1777817700000,2026-05-03T14:15:00+00:00,422.04000000,422.41000000,422.04000000,422.41000000,0.44000000
1777818600000,2026-05-03T14:30:00+00:00,421.83000000,422.18000000,421.83000000,422.18000000,1.44000000
1777819500000,2026-05-03T14:45:00+00:00,422.46000000,422.75000000,422.39000000,422.56000000,1.40000000
1777820400000,2026-05-03T15:00:00+00:00,422.05000000,422.47000000,421.89000000,422.21000000,2.46000000
1777821300000,2026-05-03T15:15:00+00:00,422.10000000,422.10000000,422.10000000,422.10000000,0.03000000
1777822200000,2026-05-03T15:30:00+00:00,422.10000000,422.47000000,418.92000000,421.64000000,12.46000000
1777823100000,2026-05-03T15:45:00+00:00,421.92000000,423.63000000,421.65000000,422.45000000,6.45000000
1777824000000,2026-05-03T16:00:00+00:00,422.47000000,423.28000000,421.66000000,422.22000000,4.70000000
1777824900000,2026-05-03T16:15:00+00:00,421.98000000,422.00000000,421.69000000,421.69000000,1.04000000
1777825800000,2026-05-03T16:30:00+00:00,421.81000000,422.71000000,421.65000000,422.51000000,1.59000000
1777826700000,2026-05-03T16:45:00+00:00,422.17000000,422.73000000,422.00000000,422.18000000,0.62000000
1777827600000,2026-05-03T17:00:00+00:00,422.34000000,425.90000000,421.91000000,423.56000000,181.62000000
1777828500000,2026-05-03T17:15:00+00:00,423.14000000,423.65000000,422.86000000,423.45000000,4.84000000
1777829400000,2026-05-03T17:30:00+00:00,423.47000000,424.00000000,423.27000000,423.77000000,2.81000000
1777830300000,2026-05-03T17:45:00+00:00,424.01000000,424.02000000,423.82000000,423.82000000,0.20000000
1777831200000,2026-05-03T18:00:00+00:00,423.73000000,424.02000000,423.73000000,423.88000000,4.55000000
1777832100000,2026-05-03T18:15:00+00:00,423.96000000,424.02000000,423.89000000,423.89000000,2.85000000
1777833000000,2026-05-03T18:30:00+00:00,423.84000000,424.43000000,421.27000000,424.15000000,182.42000000
1777833900000,2026-05-03T18:45:00+00:00,424.08000000,424.19000000,422.93000000,423.20000000,7.64000000
1777834800000,2026-05-03T19:00:00+00:00,423.17000000,423.44000000,422.76000000,423.26000000,8.03000000
1777835700000,2026-05-03T19:15:00+00:00,423.30000000,424.71000000,423.00000000,423.34000000,18.93000000
1777836600000,2026-05-03T19:30:00+00:00,423.07000000,423.36000000,422.45000000,423.02000000,75.24000000
1777837500000,2026-05-03T19:45:00+00:00,423.11000000,423.11000000,422.89000000,423.07000000,6.12000000
1777838400000,2026-05-03T20:00:00+00:00,423.13000000,423.32000000,422.65000000,423.04000000,310.57000000
1777839300000,2026-05-03T20:15:00+00:00,423.01000000,423.03000000,422.64000000,422.97000000,115.65000000
1777840200000,2026-05-03T20:30:00+00:00,422.84000000,423.31000000,422.46000000,423.24000000,121.16000000
1777841100000,2026-05-03T20:45:00+00:00,423.09000000,423.17000000,422.43000000,423.09000000,101.54000000
1777842000000,2026-05-03T21:00:00+00:00,423.10000000,423.24000000,422.84000000,423.22000000,73.95000000
1777842900000,2026-05-03T21:15:00+00:00,423.24000000,423.27000000,422.65000000,423.27000000,70.23000000
1777843800000,2026-05-03T21:30:00+00:00,423.28000000,424.69000000,422.88000000,423.76000000,58.88000000
1777844700000,2026-05-03T21:45:00+00:00,423.71000000,424.85000000,423.45000000,424.79000000,46.90000000
1777845600000,2026-05-03T22:00:00+00:00,424.74000000,425.11000000,423.84000000,424.20000000,36.00000000
1777846500000,2026-05-03T22:15:00+00:00,424.24000000,424.81000000,423.14000000,423.24000000,26.27000000
1777847400000,2026-05-03T22:30:00+00:00,423.23000000,423.83000000,423.02000000,423.19000000,16.86000000
1777848300000,2026-05-03T22:45:00+00:00,423.30000000,424.30000000,422.31000000,423.19000000,34.33000000
1777849200000,2026-05-03T23:00:00+00:00,423.26000000,424.02000000,422.38000000,422.48000000,15.93000000
1777850100000,2026-05-03T23:15:00+00:00,422.54000000,423.37000000,421.74000000,423.03000000,51.47000000
1777851000000,2026-05-03T23:30:00+00:00,423.22000000,423.32000000,421.76000000,422.86000000,27.96000000
1777851900000,2026-05-03T23:45:00+00:00,422.96000000,423.32000000,420.95000000,421.75000000,95.37000000
1777852800000,2026-05-04T00:00:00+00:00,422.17000000,428.16000000,421.33000000,422.35000000,173.20000000
1777853700000,2026-05-04T00:15:00+00:00,422.19000000,422.84000000,420.69000000,421.66000000,36.88000000
1777854600000,2026-05-04T00:30:00+00:00,421.42000000,421.81000000,420.81000000,421.05000000,12.03000000
1777855500000,2026-05-04T00:45:00+00:00,421.14000000,422.12000000,421.06000000,422.12000000,6.77000000
1777856400000,2026-05-04T01:00:00+00:00,422.26000000,422.30000000,420.77000000,421.36000000,42.71000000
1777857300000,2026-05-04T01:15:00+00:00,421.34000000,421.95000000,421.19000000,421.39000000,36.40000000
1777858200000,2026-05-04T01:30:00+00:00,421.46000000,422.53000000,421.39000000,422.11000000,16.25000000
1777859100000,2026-05-04T01:45:00+00:00,422.03000000,422.90000000,421.85000000,422.58000000,35.63000000
1777860000000,2026-05-04T02:00:00+00:00,422.70000000,423.01000000,421.94000000,422.58000000,20.68000000
1777860900000,2026-05-04T02:15:00+00:00,422.64000000,422.64000000,421.70000000,421.88000000,11.05000000
1777861800000,2026-05-04T02:30:00+00:00,421.88000000,422.81000000,421.88000000,422.45000000,21.91000000
1777862700000,2026-05-04T02:45:00+00:00,422.48000000,423.20000000,422.47000000,423.01000000,21.38000000
1777863600000,2026-05-04T03:00:00+00:00,422.89000000,423.50000000,422.76000000,423.23000000,46.80000000
1777864500000,2026-05-04T03:15:00+00:00,423.44000000,423.44000000,422.63000000,422.90000000,9.30000000
1777865400000,2026-05-04T03:30:00+00:00,422.90000000,423.01000000,422.27000000,422.64000000,8.48000000
1777866300000,2026-05-04T03:45:00+00:00,422.69000000,423.10000000,422.65000000,422.74000000,8.35000000
1777867200000,2026-05-04T04:00:00+00:00,422.79000000,423.09000000,422.75000000,423.01000000,5.14000000
1777868100000,2026-05-04T04:15:00+00:00,422.93000000,423.36000000,422.88000000,423.15000000,19.32000000
1777869000000,2026-05-04T04:30:00+00:00,423.19000000,423.30000000,422.95000000,423.12000000,29.37000000
1777869900000,2026-05-04T04:45:00+00:00,423.21000000,423.31000000,422.65000000,423.06000000,35.73000000
1777870800000,2026-05-04T05:00:00+00:00,423.00000000,423.22000000,422.76000000,423.21000000,4.75000000
1777871700000,2026-05-04T05:15:00+00:00,423.20000000,423.42000000,422.83000000,423.21000000,2.97000000
1777872600000,2026-05-04T05:30:00+00:00,423.06000000,423.24000000,422.76000000,422.87000000,18.55000000
1777873500000,2026-05-04T05:45:00+00:00,423.10000000,423.23000000,422.55000000,422.64000000,23.91000000
1777874400000,2026-05-04T06:00:00+00:00,422.83000000,423.23000000,421.72000000,421.77000000,13.14000000
1777875300000,2026-05-04T06:15:00+00:00,422.04000000,422.29000000,421.50000000,421.50000000,3.61000000
1777876200000,2026-05-04T06:30:00+00:00,421.77000000,421.86000000,420.99000000,421.01000000,14.08000000
1777877100000,2026-05-04T06:45:00+00:00,421.44000000,421.87000000,421.10000000,421.48000000,6.24000000
1777878000000,2026-05-04T07:00:00+00:00,421.76000000,422.72000000,421.76000000,422.54000000,2.60000000
1777878900000,2026-05-04T07:15:00+00:00,422.27000000,422.57000000,422.20000000,422.39000000,6.97000000
1777879800000,2026-05-04T07:30:00+00:00,422.39000000,422.53000000,422.03000000,422.53000000,12.87000000
1777880700000,2026-05-04T07:45:00+00:00,422.31000000,422.75000000,422.31000000,422.71000000,5.89000000
1777881600000,2026-05-04T08:00:00+00:00,422.71000000,422.71000000,421.30000000,421.38000000,54.17000000
1777882500000,2026-05-04T08:15:00+00:00,421.43000000,421.89000000,420.91000000,421.65000000,4.24000000
1777883400000,2026-05-04T08:30:00+00:00,421.87000000,422.78000000,421.87000000,422.41000000,8.12000000
1777884300000,2026-05-04T08:45:00+00:00,422.26000000,422.31000000,422.04000000,422.19000000,2.81000000
1777885200000,2026-05-04T09:00:00+00:00,422.21000000,422.42000000,421.69000000,422.16000000,18.10000000
1777886100000,2026-05-04T09:15:00+00:00,422.20000000,422.37000000,421.48000000,421.67000000,11.58000000
1777887000000,2026-05-04T09:30:00+00:00,421.62000000,421.81000000,421.52000000,421.56000000,1.77000000
1777887900000,2026-05-04T09:45:00+00:00,421.38000000,421.59000000,420.61000000,420.93000000,13.21000000
1777888800000,2026-05-04T10:00:00+00:00,420.90000000,421.03000000,415.73000000,417.16000000,132.88000000
1777889700000,2026-05-04T10:15:00+00:00,417.18000000,418.63000000,415.47000000,417.89000000,51.07000000
1777890600000,2026-05-04T10:30:00+00:00,417.92000000,419.61000000,416.81000000,418.31000000,86.67000000
1777891500000,2026-05-04T10:45:00+00:00,418.50000000,418.64000000,417.95000000,418.26000000,1.40000000
1777892400000,2026-05-04T11:00:00+00:00,418.26000000,418.89000000,418.19000000,418.89000000,1.85000000
1777893300000,2026-05-04T11:15:00+00:00,418.89000000,419.12000000,418.47000000,418.76000000,27.37000000
1777894200000,2026-05-04T11:30:00+00:00,418.87000000,419.55000000,417.24000000,419.55000000,16.34000000
1777895100000,2026-05-04T11:45:00+00:00,419.30000000,419.62000000,418.50000000,419.14000000,18.85000000
1777896000000,2026-05-04T12:00:00+00:00,419.39000000,420.92000000,419.25000000,420.86000000,19.78000000
1777896900000,2026-05-04T12:15:00+00:00,420.61000000,421.26000000,420.39000000,420.81000000,4.92000000
1777897800000,2026-05-04T12:30:00+00:00,420.66000000,420.67000000,419.82000000,420.05000000,27.66000000
1777898700000,2026-05-04T12:45:00+00:00,420.30000000,420.38000000,419.85000000,419.85000000,1.53000000
1777899600000,2026-05-04T13:00:00+00:00,419.74000000,419.92000000,418.73000000,419.59000000,8.78000000
1777900500000,2026-05-04T13:15:00+00:00,419.18000000,420.29000000,417.80000000,418.17000000,18.90000000
1777901400000,2026-05-04T13:30:00+00:00,418.23000000,424.13000000,417.44000000,422.27000000,83.44000000
1777902300000,2026-05-04T13:45:00+00:00,422.22000000,423.34000000,418.95000000,421.23000000,112.83000000
1777903200000,2026-05-04T14:00:00+00:00,421.31000000,421.58000000,419.85000000,420.88000000,22.79000000
1777904100000,2026-05-04T14:15:00+00:00,421.00000000,421.10000000,416.62000000,416.62000000,23.31000000
1777905000000,2026-05-04T14:30:00+00:00,416.50000000,418.10000000,415.40000000,418.07000000,78.85000000
1777905900000,2026-05-04T14:45:00+00:00,418.31000000,418.54000000,416.54000000,416.68000000,50.54000000
1777906800000,2026-05-04T15:00:00+00:00,416.51000000,418.31000000,416.25000000,416.70000000,42.09000000
1777907700000,2026-05-04T15:15:00+00:00,416.63000000,416.79000000,412.79000000,414.58000000,67.81000000
1777908600000,2026-05-04T15:30:00+00:00,414.54000000,414.55000000,411.18000000,413.38000000,35.69000000
1777909500000,2026-05-04T15:45:00+00:00,413.38000000,413.90000000,412.65000000,412.93000000,36.73000000
1777910400000,2026-05-04T16:00:00+00:00,412.82000000,413.04000000,410.56000000,410.76000000,24.52000000
1777911300000,2026-05-04T16:15:00+00:00,410.57000000,412.74000000,410.01000000,412.18000000,31.90000000
1777912200000,2026-05-04T16:30:00+00:00,411.98000000,413.21000000,410.52000000,411.53000000,14.68000000
1777913100000,2026-05-04T16:45:00+00:00,411.51000000,412.45000000,411.36000000,411.99000000,15.14000000
1777914000000,2026-05-04T17:00:00+00:00,411.74000000,413.80000000,411.74000000,413.57000000,9.52000000
1777914900000,2026-05-04T17:15:00+00:00,413.57000000,414.48000000,413.57000000,413.59000000,15.58000000
1777915800000,2026-05-04T17:30:00+00:00,413.69000000,414.00000000,411.49000000,413.40000000,13.95000000
1777916700000,2026-05-04T17:45:00+00:00,412.81000000,413.26000000,412.68000000,413.16000000,4.56000000
1777917600000,2026-05-04T18:00:00+00:00,412.86000000,413.57000000,411.75000000,413.33000000,23.20000000
1777918500000,2026-05-04T18:15:00+00:00,413.19000000,413.65000000,412.74000000,412.84000000,5.94000000
1777919400000,2026-05-04T18:30:00+00:00,413.99000000,414.05000000,413.27000000,413.47000000,2.72000000
1777920300000,2026-05-04T18:45:00+00:00,413.24000000,415.13000000,413.02000000,414.92000000,7.95000000
1777921200000,2026-05-04T19:00:00+00:00,415.07000000,416.32000000,415.07000000,415.42000000,9.81000000
1777922100000,2026-05-04T19:15:00+00:00,416.08000000,416.36000000,415.28000000,416.36000000,13.09000000
1777923000000,2026-05-04T19:30:00+00:00,416.37000000,417.51000000,416.32000000,416.94000000,18.04000000
1777923900000,2026-05-04T19:45:00+00:00,416.80000000,416.98000000,414.90000000,416.54000000,4.02000000
1777924800000,2026-05-04T20:00:00+00:00,416.42000000,416.61000000,415.66000000,415.66000000,6.18000000
1777925700000,2026-05-04T20:15:00+00:00,415.66000000,416.43000000,415.16000000,416.12000000,5.10000000
1777926600000,2026-05-04T20:30:00+00:00,416.15000000,416.29000000,415.76000000,415.76000000,1.50000000
1777927500000,2026-05-04T20:45:00+00:00,415.43000000,415.75000000,415.18000000,415.22000000,3.71000000
1777928400000,2026-05-04T21:00:00+00:00,415.51000000,416.61000000,415.48000000,416.03000000,4.72000000
1777929300000,2026-05-04T21:15:00+00:00,416.10000000,416.90000000,415.95000000,416.61000000,1.89000000
1777930200000,2026-05-04T21:30:00+00:00,416.91000000,416.91000000,416.43000000,416.43000000,0.38000000
1777931100000,2026-05-04T21:45:00+00:00,416.22000000,416.22000000,416.22000000,416.22000000,0.02000000
1777932000000,2026-05-04T22:00:00+00:00,416.92000000,417.30000000,416.72000000,416.72000000,3.96000000
1777932900000,2026-05-04T22:15:00+00:00,416.53000000,416.75000000,416.17000000,416.68000000,5.77000000
1777933800000,2026-05-04T22:30:00+00:00,416.76000000,416.76000000,416.17000000,416.76000000,3.52000000
1777934700000,2026-05-04T22:45:00+00:00,416.17000000,416.17000000,416.04000000,416.04000000,0.08000000
1777935600000,2026-05-04T23:00:00+00:00,415.62000000,415.62000000,415.62000000,415.62000000,0.15000000
1777936500000,2026-05-04T23:15:00+00:00,415.63000000,415.64000000,415.62000000,415.62000000,0.41000000
1777937400000,2026-05-04T23:30:00+00:00,415.28000000,415.28000000,415.21000000,415.21000000,0.41000000
1777938300000,2026-05-04T23:45:00+00:00,415.32000000,415.95000000,414.94000000,415.25000000,16.14000000
1777939200000,2026-05-05T00:00:00+00:00,415.64000000,416.34000000,414.97000000,416.28000000,13.34000000
1777940100000,2026-05-05T00:15:00+00:00,416.28000000,416.28000000,414.54000000,415.10000000,43.20000000
1777941000000,2026-05-05T00:30:00+00:00,415.13000000,415.62000000,415.09000000,415.61000000,0.45000000
1777941900000,2026-05-05T00:45:00+00:00,416.29000000,416.35000000,415.53000000,415.91000000,7.98000000
1777942800000,2026-05-05T01:00:00+00:00,416.32000000,416.95000000,415.83000000,416.95000000,14.52000000
1777943700000,2026-05-05T01:15:00+00:00,416.44000000,416.95000000,416.44000000,416.86000000,2.95000000
1777944600000,2026-05-05T01:30:00+00:00,416.87000000,416.89000000,416.87000000,416.89000000,0.39000000
1777945500000,2026-05-05T01:45:00+00:00,416.91000000,417.46000000,416.90000000,417.46000000,16.23000000
1777946400000,2026-05-05T02:00:00+00:00,417.44000000,417.46000000,416.62000000,417.06000000,63.96000000
1777947300000,2026-05-05T02:15:00+00:00,417.06000000,417.67000000,416.74000000,417.47000000,9.29000000
1777948200000,2026-05-05T02:30:00+00:00,417.48000000,417.81000000,417.28000000,417.70000000,8.59000000
1777949100000,2026-05-05T02:45:00+00:00,417.70000000,417.70000000,416.06000000,416.37000000,32.37000000
1777950000000,2026-05-05T03:00:00+00:00,416.29000000,417.43000000,416.09000000,417.04000000,16.55000000
1777950900000,2026-05-05T03:15:00+00:00,417.19000000,417.29000000,416.54000000,416.76000000,1.24000000
1777951800000,2026-05-05T03:30:00+00:00,416.86000000,417.44000000,416.65000000,417.38000000,11.37000000
1777952700000,2026-05-05T03:45:00+00:00,417.39000000,417.39000000,416.89000000,417.38000000,3.07000000
1777953600000,2026-05-05T04:00:00+00:00,417.39000000,417.58000000,416.76000000,417.09000000,2.52000000
1777954500000,2026-05-05T04:15:00+00:00,416.85000000,417.48000000,416.76000000,417.34000000,11.36000000
1777955400000,2026-05-05T04:30:00+00:00,417.34000000,417.39000000,416.97000000,417.07000000,4.21000000
1777956300000,2026-05-05T04:45:00+00:00,417.51000000,417.51000000,417.51000000,417.51000000,0.23000000
1777957200000,2026-05-05T05:00:00+00:00,417.50000000,417.50000000,416.66000000,416.96000000,5.58000000
1777958100000,2026-05-05T05:15:00+00:00,416.95000000,417.40000000,416.42000000,417.40000000,26.56000000
1777959000000,2026-05-05T05:30:00+00:00,417.46000000,417.52000000,416.74000000,417.34000000,0.35000000
1777959900000,2026-05-05T05:45:00+00:00,416.98000000,418.39000000,416.98000000,418.39000000,9.90000000
1777960800000,2026-05-05T06:00:00+00:00,418.77000000,419.12000000,417.99000000,417.99000000,4.22000000
1777961700000,2026-05-05T06:15:00+00:00,417.84000000,418.29000000,417.58000000,418.23000000,0.48000000
1777962600000,2026-05-05T06:30:00+00:00,417.55000000,418.70000000,417.55000000,418.70000000,3.95000000
1777963500000,2026-05-05T06:45:00+00:00,418.70000000,419.15000000,418.70000000,419.14000000,1.30000000
1777964400000,2026-05-05T07:00:00+00:00,418.85000000,419.18000000,418.85000000,418.85000000,1.15000000
1777965300000,2026-05-05T07:15:00+00:00,418.90000000,418.90000000,418.90000000,418.90000000,0.21000000
1777966200000,2026-05-05T07:30:00+00:00,419.24000000,419.39000000,418.94000000,418.94000000,0.32000000
1777967100000,2026-05-05T07:45:00+00:00,418.93000000,418.93000000,418.40000000,418.40000000,1.20000000
1777968000000,2026-05-05T08:00:00+00:00,419.29000000,419.29000000,418.71000000,419.10000000,0.63000000
1777968900000,2026-05-05T08:15:00+00:00,419.21000000,419.34000000,418.62000000,418.62000000,2.50000000
1777969800000,2026-05-05T08:30:00+00:00,419.15000000,419.34000000,419.15000000,419.34000000,0.95000000
1777970700000,2026-05-05T08:45:00+00:00,418.65000000,419.34000000,418.64000000,419.34000000,2.03000000
1777971600000,2026-05-05T09:00:00+00:00,418.75000000,418.85000000,418.73000000,418.73000000,1.30000000
1777972500000,2026-05-05T09:15:00+00:00,418.63000000,419.00000000,418.63000000,418.99000000,2.24000000
1777973400000,2026-05-05T09:30:00+00:00,418.97000000,418.97000000,418.97000000,418.97000000,0.12000000
1777974300000,2026-05-05T09:45:00+00:00,419.34000000,419.94000000,418.66000000,419.45000000,5.10000000
1777975200000,2026-05-05T10:00:00+00:00,419.17000000,419.78000000,418.79000000,418.94000000,15.84000000
1777976100000,2026-05-05T10:15:00+00:00,418.85000000,419.81000000,418.71000000,419.59000000,15.33000000
1777977000000,2026-05-05T10:30:00+00:00,419.70000000,419.73000000,419.21000000,419.23000000,4.14000000
1777977900000,2026-05-05T10:45:00+00:00,418.99000000,418.99000000,418.62000000,418.82000000,0.18000000
1777978800000,2026-05-05T11:00:00+00:00,418.89000000,419.05000000,418.49000000,418.49000000,4.31000000
1777979700000,2026-05-05T11:15:00+00:00,418.49000000,419.25000000,418.49000000,419.25000000,10.91000000
1777980600000,2026-05-05T11:30:00+00:00,419.10000000,419.62000000,419.03000000,419.45000000,1.71000000
1777981500000,2026-05-05T11:45:00+00:00,419.35000000,419.47000000,419.29000000,419.46000000,2.08000000
1777982400000,2026-05-05T12:00:00+00:00,419.47000000,419.90000000,419.03000000,419.90000000,11.79000000
1777983300000,2026-05-05T12:15:00+00:00,419.96000000,420.66000000,419.59000000,420.44000000,28.15000000
1777984200000,2026-05-05T12:30:00+00:00,420.09000000,420.55000000,419.97000000,420.15000000,478.73000000
1777985100000,2026-05-05T12:45:00+00:00,420.33000000,420.44000000,420.03000000,420.29000000,2.02000000
1777986000000,2026-05-05T13:00:00+00:00,420.18000000,421.12000000,420.10000000,421.12000000,23.72000000
1777986900000,2026-05-05T13:15:00+00:00,421.12000000,423.23000000,420.21000000,421.72000000,27.53000000
1777987800000,2026-05-05T13:30:00+00:00,421.97000000,424.74000000,420.06000000,424.32000000,202.20000000
1777988700000,2026-05-05T13:45:00+00:00,424.32000000,426.70000000,422.65000000,423.50000000,170.89000000
1777989600000,2026-05-05T14:00:00+00:00,423.13000000,424.05000000,420.47000000,420.47000000,51.09000000
1777990500000,2026-05-05T14:15:00+00:00,420.53000000,422.90000000,419.24000000,422.24000000,99.30000000
1777991400000,2026-05-05T14:30:00+00:00,422.42000000,422.95000000,421.89000000,422.28000000,35.05000000
1777992300000,2026-05-05T14:45:00+00:00,421.58000000,424.56000000,421.58000000,424.25000000,13.75000000
1777993200000,2026-05-05T15:00:00+00:00,424.11000000,427.01000000,423.97000000,427.01000000,64.90000000
1777994100000,2026-05-05T15:15:00+00:00,427.11000000,429.30000000,426.79000000,427.78000000,95.34000000
1777995000000,2026-05-05T15:30:00+00:00,427.96000000,429.75000000,426.64000000,427.38000000,120.68000000
1777995900000,2026-05-05T15:45:00+00:00,427.58000000,428.40000000,426.03000000,426.75000000,45.33000000
1777996800000,2026-05-05T16:00:00+00:00,427.15000000,429.05000000,427.03000000,427.75000000,98.17000000
1777997700000,2026-05-05T16:15:00+00:00,428.18000000,431.55000000,427.54000000,429.89000000,78.51000000
1777998600000,2026-05-05T16:30:00+00:00,429.94000000,431.32000000,429.74000000,429.96000000,45.66000000
1777999500000,2026-05-05T16:45:00+00:00,430.06000000,431.17000000,429.37000000,430.32000000,40.38000000
1778000400000,2026-05-05T17:00:00+00:00,430.17000000,432.10000000,430.12000000,431.55000000,62.32000000
1778001300000,2026-05-05T17:15:00+00:00,431.59000000,432.58000000,430.67000000,431.93000000,56.09000000
1778002200000,2026-05-05T17:30:00+00:00,431.88000000,432.62000000,431.74000000,432.11000000,22.74000000
1778003100000,2026-05-05T17:45:00+00:00,432.32000000,432.98000000,431.74000000,432.55000000,11.38000000
1778004000000,2026-05-05T18:00:00+00:00,432.72000000,433.84000000,431.93000000,432.32000000,164.08000000
1778004900000,2026-05-05T18:15:00+00:00,432.22000000,432.47000000,430.71000000,430.91000000,46.96000000
1778005800000,2026-05-05T18:30:00+00:00,430.75000000,432.52000000,430.75000000,431.94000000,32.25000000
1778006700000,2026-05-05T18:45:00+00:00,431.71000000,431.86000000,431.02000000,431.24000000,58.47000000
1778007600000,2026-05-05T19:00:00+00:00,430.95000000,431.51000000,430.60000000,431.31000000,24.60000000
1778008500000,2026-05-05T19:15:00+00:00,430.86000000,431.14000000,430.27000000,430.52000000,45.80000000
1778009400000,2026-05-05T19:30:00+00:00,430.28000000,431.55000000,428.56000000,429.12000000,72.40000000
1778010300000,2026-05-05T19:45:00+00:00,429.11000000,429.11000000,427.08000000,427.24000000,37.89000000
1778011200000,2026-05-05T20:00:00+00:00,427.67000000,428.70000000,427.37000000,428.67000000,42.92000000
1778012100000,2026-05-05T20:15:00+00:00,428.60000000,440.67000000,427.00000000,437.25000000,351.77000000
1778013000000,2026-05-05T20:30:00+00:00,437.22000000,438.54000000,432.72000000,435.10000000,244.85000000
1778013900000,2026-05-05T20:45:00+00:00,435.06000000,436.50000000,433.32000000,435.69000000,104.19000000
1778014800000,2026-05-05T21:00:00+00:00,435.79000000,437.56000000,435.27000000,435.46000000,31.57000000
1778015700000,2026-05-05T21:15:00+00:00,435.48000000,436.27000000,434.68000000,435.28000000,29.77000000
1778016600000,2026-05-05T21:30:00+00:00,435.48000000,436.08000000,434.16000000,434.84000000,17.39000000
1778017500000,2026-05-05T21:45:00+00:00,434.42000000,434.79000000,432.96000000,433.09000000,13.00000000
1778018400000,2026-05-05T22:00:00+00:00,432.67000000,434.15000000,432.36000000,432.78000000,7.89000000
1778019300000,2026-05-05T22:15:00+00:00,432.39000000,433.85000000,431.24000000,432.71000000,20.54000000
1778020200000,2026-05-05T22:30:00+00:00,432.72000000,433.77000000,431.13000000,431.13000000,39.35000000
1778021100000,2026-05-05T22:45:00+00:00,430.92000000,434.10000000,430.58000000,433.74000000,55.35000000
1778022000000,2026-05-05T23:00:00+00:00,433.56000000,434.09000000,432.97000000,433.46000000,4.97000000
1778022900000,2026-05-05T23:15:00+00:00,434.00000000,434.00000000,432.51000000,432.51000000,11.85000000
1778023800000,2026-05-05T23:30:00+00:00,432.41000000,433.08000000,432.24000000,432.91000000,20.27000000
1778024700000,2026-05-05T23:45:00+00:00,433.01000000,433.23000000,431.87000000,432.24000000,10.71000000
1778025600000,2026-05-06T00:00:00+00:00,431.90000000,434.35000000,430.82000000,431.53000000,41.31000000
1778026500000,2026-05-06T00:15:00+00:00,431.39000000,431.61000000,429.46000000,429.80000000,12.35000000
1778027400000,2026-05-06T00:30:00+00:00,429.72000000,431.55000000,429.51000000,430.98000000,32.89000000
1778028300000,2026-05-06T00:45:00+00:00,430.64000000,431.13000000,430.15000000,431.13000000,2.42000000
1778029200000,2026-05-06T01:00:00+00:00,431.28000000,431.37000000,430.69000000,430.69000000,87.59000000
1778030100000,2026-05-06T01:15:00+00:00,430.92000000,431.12000000,430.11000000,430.11000000,6.59000000
1778031000000,2026-05-06T01:30:00+00:00,430.42000000,430.43000000,429.60000000,429.76000000,10.51000000
1778031900000,2026-05-06T01:45:00+00:00,429.88000000,430.23000000,429.43000000,429.48000000,46.31000000
1778032800000,2026-05-06T02:00:00+00:00,429.98000000,430.06000000,429.26000000,429.68000000,3.90000000
1778033700000,2026-05-06T02:15:00+00:00,429.28000000,429.81000000,429.22000000,429.35000000,12.31000000
1778034600000,2026-05-06T02:30:00+00:00,429.22000000,429.36000000,428.65000000,428.65000000,19.07000000
1778035500000,2026-05-06T02:45:00+00:00,428.99000000,429.62000000,428.77000000,429.54000000,10.54000000
1778036400000,2026-05-06T03:00:00+00:00,429.85000000,430.10000000,429.16000000,429.56000000,18.42000000
1778037300000,2026-05-06T03:15:00+00:00,429.73000000,431.09000000,429.36000000,430.72000000,23.84000000
1778038200000,2026-05-06T03:30:00+00:00,430.94000000,431.57000000,430.55000000,431.56000000,14.99000000
1778039100000,2026-05-06T03:45:00+00:00,431.33000000,431.69000000,431.04000000,431.04000000,31.67000000
1778040000000,2026-05-06T04:00:00+00:00,431.04000000,431.27000000,430.59000000,430.59000000,3.11000000
1778040900000,2026-05-06T04:15:00+00:00,430.59000000,430.59000000,430.59000000,430.59000000,0.00000000
1778041800000,2026-05-06T04:30:00+00:00,431.24000000,431.29000000,430.79000000,430.82000000,12.11000000
1778042700000,2026-05-06T04:45:00+00:00,430.83000000,431.37000000,430.80000000,431.00000000,24.11000000
1778043600000,2026-05-06T05:00:00+00:00,431.00000000,431.64000000,430.82000000,431.54000000,12.89000000
1778044500000,2026-05-06T05:15:00+00:00,431.54000000,431.54000000,430.70000000,431.36000000,8.24000000
1778045400000,2026-05-06T05:30:00+00:00,431.63000000,431.92000000,430.88000000,431.69000000,17.11000000
1778046300000,2026-05-06T05:45:00+00:00,432.06000000,433.86000000,431.69000000,433.86000000,6.37000000
1778047200000,2026-05-06T06:00:00+00:00,433.86000000,434.17000000,432.45000000,433.01000000,33.18000000
1778048100000,2026-05-06T06:15:00+00:00,433.00000000,433.50000000,432.52000000,433.28000000,24.40000000
1778049000000,2026-05-06T06:30:00+00:00,433.01000000,433.28000000,432.72000000,432.78000000,2.13000000
1778049900000,2026-05-06T06:45:00+00:00,433.06000000,433.93000000,430.67000000,432.04000000,194.51000000
1778050800000,2026-05-06T07:00:00+00:00,432.24000000,432.86000000,431.46000000,431.51000000,70.72000000
1778051700000,2026-05-06T07:15:00+00:00,431.69000000,431.69000000,431.11000000,431.66000000,24.01000000
1778052600000,2026-05-06T07:30:00+00:00,431.35000000,432.02000000,431.13000000,432.02000000,5.44000000
1778053500000,2026-05-06T07:45:00+00:00,431.76000000,432.64000000,431.65000000,432.64000000,7.41000000
1778054400000,2026-05-06T08:00:00+00:00,432.64000000,433.06000000,432.06000000,432.36000000,33.75000000
1778055300000,2026-05-06T08:15:00+00:00,432.20000000,432.86000000,431.65000000,431.84000000,15.55000000
1778056200000,2026-05-06T08:30:00+00:00,431.61000000,432.54000000,431.24000000,431.72000000,20.36000000
1778057100000,2026-05-06T08:45:00+00:00,431.87000000,434.72000000,431.51000000,433.82000000,47.99000000
1778058000000,2026-05-06T09:00:00+00:00,433.83000000,434.25000000,432.42000000,433.29000000,126.49000000
1778058900000,2026-05-06T09:15:00+00:00,433.39000000,434.34000000,433.15000000,434.29000000,27.45000000
1778059800000,2026-05-06T09:30:00+00:00,434.29000000,434.50000000,433.48000000,434.05000000,31.10000000
1778060700000,2026-05-06T09:45:00+00:00,434.29000000,434.59000000,433.57000000,434.38000000,26.43000000
1778061600000,2026-05-06T10:00:00+00:00,434.31000000,435.06000000,434.12000000,434.35000000,18.58000000
1778062500000,2026-05-06T10:15:00+00:00,434.54000000,435.85000000,434.24000000,435.39000000,80.52000000
1778063400000,2026-05-06T10:30:00+00:00,435.50000000,435.83000000,435.00000000,435.08000000,43.17000000
1778064300000,2026-05-06T10:45:00+00:00,435.20000000,435.20000000,434.24000000,435.04000000,36.53000000
1778065200000,2026-05-06T11:00:00+00:00,434.91000000,438.32000000,434.91000000,437.34000000,85.07000000
1778066100000,2026-05-06T11:15:00+00:00,437.43000000,438.63000000,437.43000000,437.62000000,32.15000000
1778067000000,2026-05-06T11:30:00+00:00,437.90000000,439.29000000,437.65000000,437.73000000,22.66000000
1778067900000,2026-05-06T11:45:00+00:00,437.65000000,437.66000000,436.03000000,436.47000000,19.92000000
1778068800000,2026-05-06T12:00:00+00:00,436.42000000,436.94000000,435.59000000,436.26000000,11.52000000
1778069700000,2026-05-06T12:15:00+00:00,436.19000000,437.46000000,435.08000000,436.53000000,67.39000000
1778070600000,2026-05-06T12:30:00+00:00,436.53000000,436.53000000,434.34000000,435.26000000,69.16000000
1778071500000,2026-05-06T12:45:00+00:00,435.00000000,435.74000000,434.85000000,435.49000000,10.14000000
1778072400000,2026-05-06T13:00:00+00:00,435.64000000,436.12000000,434.18000000,436.00000000,80.92000000
1778073300000,2026-05-06T13:15:00+00:00,436.01000000,436.87000000,435.44000000,435.44000000,64.24000000
1778074200000,2026-05-06T13:30:00+00:00,435.45000000,437.70000000,431.09000000,431.50000000,289.06000000
1778075100000,2026-05-06T13:45:00+00:00,431.22000000,431.48000000,427.40000000,427.96000000,421.74000000
1778076000000,2026-05-06T14:00:00+00:00,427.74000000,428.21000000,422.49000000,422.93000000,234.83000000
1778076900000,2026-05-06T14:15:00+00:00,422.82000000,423.66000000,418.27000000,421.13000000,182.24000000
1778077800000,2026-05-06T14:30:00+00:00,420.44000000,423.16000000,420.04000000,422.95000000,123.65000000
1778078700000,2026-05-06T14:45:00+00:00,423.23000000,424.48000000,422.97000000,423.31000000,45.45000000
1778079600000,2026-05-06T15:00:00+00:00,423.48000000,424.51000000,421.79000000,423.48000000,127.38000000
1778080500000,2026-05-06T15:15:00+00:00,423.80000000,425.80000000,423.80000000,424.28000000,103.27000000
1778081400000,2026-05-06T15:30:00+00:00,424.06000000,424.35000000,421.41000000,422.95000000,63.56000000
1778082300000,2026-05-06T15:45:00+00:00,422.98000000,423.82000000,422.40000000,422.46000000,43.01000000
1778083200000,2026-05-06T16:00:00+00:00,422.35000000,424.89000000,422.00000000,424.38000000,172.64000000
1778084100000,2026-05-06T16:15:00+00:00,424.33000000,424.61000000,423.02000000,423.02000000,97.62000000
1778085000000,2026-05-06T16:30:00+00:00,423.05000000,424.37000000,422.15000000,422.42000000,77.60000000
1778085900000,2026-05-06T16:45:00+00:00,422.51000000,422.55000000,421.37000000,421.98000000,30.58000000
1778086800000,2026-05-06T17:00:00+00:00,421.74000000,422.31000000,421.17000000,421.92000000,95.46000000
1778087700000,2026-05-06T17:15:00+00:00,421.94000000,422.53000000,421.53000000,422.20000000,38.46000000
1778088600000,2026-05-06T17:30:00+00:00,421.94000000,422.42000000,421.56000000,422.07000000,33.86000000
1778089500000,2026-05-06T17:45:00+00:00,421.84000000,421.84000000,420.35000000,420.94000000,55.27000000
1778090400000,2026-05-06T18:00:00+00:00,420.85000000,422.73000000,420.54000000,422.08000000,60.10000000
1778091300000,2026-05-06T18:15:00+00:00,422.21000000,423.04000000,421.92000000,422.84000000,34.53000000
1778092200000,2026-05-06T18:30:00+00:00,422.80000000,423.60000000,422.20000000,423.46000000,15.31000000
1778093100000,2026-05-06T18:45:00+00:00,423.50000000,423.54000000,422.65000000,422.65000000,15.74000000
1778094000000,2026-05-06T19:00:00+00:00,422.65000000,422.77000000,421.75000000,422.74000000,22.21000000
1778094900000,2026-05-06T19:15:00+00:00,422.73000000,423.34000000,422.22000000,423.22000000,74.96000000
1778095800000,2026-05-06T19:30:00+00:00,423.09000000,424.08000000,421.85000000,423.27000000,115.00000000
1778096700000,2026-05-06T19:45:00+00:00,423.31000000,425.87000000,423.08000000,425.87000000,87.73000000
1778097600000,2026-05-06T20:00:00+00:00,425.82000000,425.82000000,424.90000000,425.50000000,12.11000000
1778098500000,2026-05-06T20:15:00+00:00,425.54000000,426.92000000,425.54000000,426.32000000,9.25000000
1778099400000,2026-05-06T20:30:00+00:00,426.44000000,426.44000000,425.43000000,425.43000000,3.29000000
1778100300000,2026-05-06T20:45:00+00:00,425.47000000,425.47000000,425.43000000,425.43000000,2.41000000
1778101200000,2026-05-06T21:00:00+00:00,425.32000000,425.44000000,425.18000000,425.44000000,1.26000000
1778102100000,2026-05-06T21:15:00+00:00,425.17000000,425.64000000,424.55000000,424.55000000,2.47000000
1778103000000,2026-05-06T21:30:00+00:00,424.55000000,424.56000000,423.63000000,423.93000000,2.81000000
1778103900000,2026-05-06T21:45:00+00:00,423.57000000,423.57000000,422.72000000,422.72000000,6.52000000
1778104800000,2026-05-06T22:00:00+00:00,423.04000000,425.36000000,423.04000000,425.34000000,15.99000000
1778105700000,2026-05-06T22:15:00+00:00,424.88000000,425.22000000,424.38000000,424.57000000,2.60000000
1778106600000,2026-05-06T22:30:00+00:00,424.70000000,425.34000000,424.70000000,425.34000000,1.35000000
1778107500000,2026-05-06T22:45:00+00:00,424.88000000,424.88000000,424.78000000,424.78000000,0.62000000
1778108400000,2026-05-06T23:00:00+00:00,424.59000000,425.33000000,424.40000000,424.68000000,30.35000000
1778109300000,2026-05-06T23:15:00+00:00,424.64000000,425.35000000,424.64000000,424.67000000,14.20000000
1778110200000,2026-05-06T23:30:00+00:00,424.96000000,425.12000000,424.62000000,425.12000000,13.06000000
1778111100000,2026-05-06T23:45:00+00:00,424.85000000,425.27000000,424.40000000,424.86000000,37.93000000
1778112000000,2026-05-07T00:00:00+00:00,424.85000000,426.13000000,424.01000000,424.52000000,19.57000000
1778112900000,2026-05-07T00:15:00+00:00,424.91000000,424.94000000,423.03000000,423.04000000,17.62000000
1778113800000,2026-05-07T00:30:00+00:00,423.05000000,424.46000000,423.05000000,423.86000000,10.53000000
1778114700000,2026-05-07T00:45:00+00:00,423.81000000,424.50000000,423.14000000,423.79000000,13.21000000
1778115600000,2026-05-07T01:00:00+00:00,424.09000000,424.09000000,422.78000000,423.92000000,25.36000000
1778116500000,2026-05-07T01:15:00+00:00,423.63000000,423.94000000,423.25000000,423.54000000,16.92000000
1778117400000,2026-05-07T01:30:00+00:00,423.87000000,424.54000000,423.35000000,424.54000000,3.34000000
1778118300000,2026-05-07T01:45:00+00:00,424.33000000,425.45000000,424.16000000,424.84000000,43.12000000
1778119200000,2026-05-07T02:00:00+00:00,424.83000000,425.18000000,423.81000000,424.33000000,57.22000000
1778120100000,2026-05-07T02:15:00+00:00,424.04000000,424.82000000,423.86000000,424.67000000,42.96000000
1778121000000,2026-05-07T02:30:00+00:00,424.66000000,425.15000000,424.43000000,424.83000000,5.13000000
1778121900000,2026-05-07T02:45:00+00:00,424.74000000,425.11000000,424.69000000,425.11000000,1.47000000
1778122800000,2026-05-07T03:00:00+00:00,425.09000000,425.10000000,424.56000000,424.56000000,3.62000000
1778123700000,2026-05-07T03:15:00+00:00,424.81000000,425.54000000,424.44000000,425.00000000,51.67000000
1778124600000,2026-05-07T03:30:00+00:00,425.08000000,425.46000000,424.85000000,425.26000000,11.11000000
1778125500000,2026-05-07T03:45:00+00:00,425.16000000,425.69000000,424.88000000,425.40000000,5.96000000
1778126400000,2026-05-07T04:00:00+00:00,425.36000000,425.59000000,425.06000000,425.26000000,6.09000000
1778127300000,2026-05-07T04:15:00+00:00,425.60000000,425.86000000,425.51000000,425.86000000,4.03000000
1778128200000,2026-05-07T04:30:00+00:00,425.85000000,425.86000000,425.46000000,425.46000000,0.50000000
1778129100000,2026-05-07T04:45:00+00:00,425.60000000,425.94000000,425.57000000,425.77000000,4.83000000
1778130000000,2026-05-07T05:00:00+00:00,425.66000000,425.72000000,425.14000000,425.65000000,2.79000000
1778130900000,2026-05-07T05:15:00+00:00,425.39000000,425.39000000,425.13000000,425.13000000,2.13000000
1778131800000,2026-05-07T05:30:00+00:00,425.13000000,425.13000000,425.13000000,425.13000000,0.00000000
1778132700000,2026-05-07T05:45:00+00:00,425.37000000,425.37000000,425.35000000,425.37000000,1.81000000
1778133600000,2026-05-07T06:00:00+00:00,425.70000000,426.46000000,425.69000000,426.33000000,6.54000000
1778134500000,2026-05-07T06:15:00+00:00,426.59000000,427.17000000,426.16000000,426.66000000,31.29000000
1778135400000,2026-05-07T06:30:00+00:00,426.37000000,427.48000000,426.37000000,427.08000000,26.60000000
1778136300000,2026-05-07T06:45:00+00:00,426.79000000,427.11000000,426.36000000,427.05000000,27.47000000
1778137200000,2026-05-07T07:00:00+00:00,426.85000000,427.65000000,426.57000000,427.65000000,15.91000000
1778138100000,2026-05-07T07:15:00+00:00,427.66000000,427.73000000,426.92000000,426.93000000,33.93000000
1778139000000,2026-05-07T07:30:00+00:00,426.93000000,427.39000000,426.49000000,427.18000000,18.51000000
1778139900000,2026-05-07T07:45:00+00:00,427.31000000,427.36000000,426.46000000,426.62000000,37.05000000
1778140800000,2026-05-07T08:00:00+00:00,426.83000000,427.41000000,426.27000000,427.06000000,37.45000000
1778141700000,2026-05-07T08:15:00+00:00,426.88000000,426.88000000,426.04000000,426.04000000,21.41000000
1778142600000,2026-05-07T08:30:00+00:00,426.43000000,427.05000000,426.43000000,426.57000000,5.44000000
1778143500000,2026-05-07T08:45:00+00:00,426.62000000,426.80000000,426.12000000,426.30000000,11.96000000
1778144400000,2026-05-07T09:00:00+00:00,426.39000000,427.48000000,425.89000000,426.12000000,301.92000000
1778145300000,2026-05-07T09:15:00+00:00,426.09000000,426.68000000,426.09000000,426.66000000,10.14000000
1778146200000,2026-05-07T09:30:00+00:00,426.55000000,427.15000000,426.42000000,426.53000000,22.24000000
1778147100000,2026-05-07T09:45:00+00:00,426.52000000,426.52000000,425.60000000,426.08000000,14.28000000
1778148000000,2026-05-07T10:00:00+00:00,425.48000000,426.39000000,425.33000000,425.33000000,38.01000000
1778148900000,2026-05-07T10:15:00+00:00,425.29000000,425.36000000,423.72000000,425.14000000,257.54000000
1778149800000,2026-05-07T10:30:00+00:00,425.14000000,425.77000000,424.72000000,425.69000000,8.55000000
1778150700000,2026-05-07T10:45:00+00:00,425.62000000,425.79000000,425.01000000,425.19000000,3.04000000
1778151600000,2026-05-07T11:00:00+00:00,425.21000000,425.51000000,424.18000000,424.18000000,2.81000000
1778152500000,2026-05-07T11:15:00+00:00,424.06000000,424.06000000,423.82000000,423.87000000,2.18000000
1778153400000,2026-05-07T11:30:00+00:00,423.73000000,424.30000000,423.67000000,424.29000000,7.77000000
1778154300000,2026-05-07T11:45:00+00:00,424.20000000,424.30000000,423.95000000,424.21000000,3.03000000
1778155200000,2026-05-07T12:00:00+00:00,424.47000000,424.64000000,422.80000000,423.78000000,147.32000000
1778156100000,2026-05-07T12:15:00+00:00,423.74000000,423.74000000,422.36000000,422.74000000,7.63000000
1778157000000,2026-05-07T12:30:00+00:00,422.61000000,424.18000000,422.61000000,423.82000000,7.85000000
1778157900000,2026-05-07T12:45:00+00:00,423.83000000,423.83000000,423.36000000,423.62000000,3.11000000
1778158800000,2026-05-07T13:00:00+00:00,423.32000000,423.32000000,422.60000000,422.81000000,9.08000000
1778159700000,2026-05-07T13:15:00+00:00,422.49000000,424.37000000,421.36000000,422.47000000,152.13000000
1778160600000,2026-05-07T13:30:00+00:00,422.47000000,422.79000000,415.69000000,416.09000000,363.92000000
1778161500000,2026-05-07T13:45:00+00:00,416.08000000,418.59000000,415.35000000,417.36000000,91.91000000
1778162400000,2026-05-07T14:00:00+00:00,417.26000000,420.66000000,417.26000000,419.80000000,81.47000000
1778163300000,2026-05-07T14:15:00+00:00,419.22000000,424.36000000,419.22000000,424.16000000,54.35000000
1778164200000,2026-05-07T14:30:00+00:00,424.40000000,426.85000000,423.70000000,424.56000000,160.17000000
1778165100000,2026-05-07T14:45:00+00:00,424.55000000,425.04000000,422.26000000,423.34000000,228.06000000
1778166000000,2026-05-07T15:00:00+00:00,423.30000000,423.58000000,421.68000000,421.80000000,102.84000000
1778166900000,2026-05-07T15:15:00+00:00,421.73000000,422.63000000,421.14000000,421.85000000,80.01000000
1778167800000,2026-05-07T15:30:00+00:00,421.80000000,422.83000000,421.50000000,421.52000000,67.74000000
1778168700000,2026-05-07T15:45:00+00:00,421.74000000,422.01000000,419.59000000,419.86000000,80.62000000
1778169600000,2026-05-07T16:00:00+00:00,419.74000000,420.03000000,417.69000000,418.28000000,51.13000000
1778170500000,2026-05-07T16:15:00+00:00,418.28000000,419.24000000,417.16000000,418.72000000,117.04000000
1778171400000,2026-05-07T16:30:00+00:00,418.42000000,419.47000000,417.42000000,417.74000000,76.44000000
1778172300000,2026-05-07T16:45:00+00:00,417.76000000,418.53000000,417.46000000,418.24000000,39.36000000
1778173200000,2026-05-07T17:00:00+00:00,418.45000000,418.45000000,416.28000000,416.85000000,50.35000000
1778174100000,2026-05-07T17:15:00+00:00,416.67000000,416.67000000,414.09000000,415.22000000,102.84000000
1778175000000,2026-05-07T17:30:00+00:00,415.39000000,416.21000000,414.93000000,414.99000000,57.05000000
1778175900000,2026-05-07T17:45:00+00:00,415.11000000,416.00000000,414.00000000,415.30000000,65.94000000
1778176800000,2026-05-07T18:00:00+00:00,415.39000000,416.16000000,407.01000000,408.19000000,798.13000000
1778177700000,2026-05-07T18:15:00+00:00,407.95000000,410.81000000,406.56000000,408.46000000,1023.48000000
1778178600000,2026-05-07T18:30:00+00:00,408.45000000,412.51000000,408.18000000,411.06000000,242.86000000
1778179500000,2026-05-07T18:45:00+00:00,411.15000000,413.22000000,410.16000000,413.02000000,193.92000000
1778180400000,2026-05-07T19:00:00+00:00,413.12000000,414.01000000,411.97000000,413.77000000,106.86000000
1778181300000,2026-05-07T19:15:00+00:00,413.76000000,414.43000000,412.41000000,413.24000000,59.13000000
1778182200000,2026-05-07T19:30:00+00:00,413.19000000,414.92000000,412.74000000,414.39000000,59.41000000
1778183100000,2026-05-07T19:45:00+00:00,414.45000000,416.29000000,412.72000000,412.92000000,144.03000000
1778184000000,2026-05-07T20:00:00+00:00,412.96000000,415.31000000,412.96000000,413.61000000,128.50000000
1778184900000,2026-05-07T20:15:00+00:00,413.71000000,414.17000000,413.31000000,413.88000000,10.65000000
1778185800000,2026-05-07T20:30:00+00:00,413.82000000,413.93000000,412.69000000,412.93000000,13.51000000
1778186700000,2026-05-07T20:45:00+00:00,413.00000000,413.11000000,412.66000000,412.90000000,3.11000000
1778187600000,2026-05-07T21:00:00+00:00,412.90000000,413.04000000,412.43000000,412.77000000,12.65000000
1778188500000,2026-05-07T21:15:00+00:00,412.68000000,413.30000000,412.62000000,412.90000000,9.25000000
1778189400000,2026-05-07T21:30:00+00:00,412.60000000,412.70000000,411.18000000,411.81000000,5.96000000
1778190300000,2026-05-07T21:45:00+00:00,411.86000000,412.38000000,409.51000000,410.67000000,37.63000000
1778191200000,2026-05-07T22:00:00+00:00,410.96000000,413.71000000,410.69000000,413.22000000,52.42000000
1778192100000,2026-05-07T22:15:00+00:00,413.09000000,413.96000000,412.80000000,413.15000000,36.51000000
1778193000000,2026-05-07T22:30:00+00:00,413.15000000,413.38000000,412.60000000,412.60000000,7.95000000
1778193900000,2026-05-07T22:45:00+00:00,412.55000000,412.87000000,411.80000000,412.12000000,15.51000000
1778194800000,2026-05-07T23:00:00+00:00,412.08000000,413.22000000,412.05000000,413.02000000,10.25000000
1778195700000,2026-05-07T23:15:00+00:00,412.94000000,413.21000000,412.88000000,413.08000000,2.73000000
1778196600000,2026-05-07T23:30:00+00:00,413.14000000,413.47000000,413.00000000,413.25000000,9.94000000
1778197500000,2026-05-07T23:45:00+00:00,413.30000000,413.36000000,412.95000000,412.96000000,3.33000000
1778198400000,2026-05-08T00:00:00+00:00,413.01000000,415.82000000,412.17000000,414.45000000,62.25000000
1778199300000,2026-05-08T00:15:00+00:00,414.45000000,415.41000000,414.30000000,414.62000000,44.51000000
1778200200000,2026-05-08T00:30:00+00:00,414.30000000,414.85000000,413.85000000,414.78000000,56.57000000
1778201100000,2026-05-08T00:45:00+00:00,414.79000000,415.01000000,414.37000000,414.81000000,74.53000000
1778202000000,2026-05-08T01:00:00+00:00,414.69000000,416.03000000,414.67000000,415.86000000,18.90000000
1778202900000,2026-05-08T01:15:00+00:00,416.01000000,417.07000000,415.64000000,416.36000000,28.82000000
1778203800000,2026-05-08T01:30:00+00:00,416.35000000,416.68000000,416.13000000,416.47000000,11.82000000
1778204700000,2026-05-08T01:45:00+00:00,416.34000000,416.87000000,415.90000000,415.95000000,7.10000000
1778205600000,2026-05-08T02:00:00+00:00,415.95000000,415.95000000,415.17000000,415.43000000,17.64000000
1778206500000,2026-05-08T02:15:00+00:00,415.45000000,415.73000000,415.08000000,415.73000000,26.16000000
1778207400000,2026-05-08T02:30:00+00:00,415.62000000,415.77000000,414.46000000,414.81000000,14.86000000
1778208300000,2026-05-08T02:45:00+00:00,414.96000000,416.19000000,414.78000000,415.77000000,9.30000000
1778209200000,2026-05-08T03:00:00+00:00,415.69000000,415.69000000,415.14000000,415.44000000,7.55000000
1778210100000,2026-05-08T03:15:00+00:00,415.44000000,415.76000000,415.41000000,415.70000000,4.34000000
1778211000000,2026-05-08T03:30:00+00:00,416.14000000,416.14000000,415.57000000,415.82000000,8.95000000
1778211900000,2026-05-08T03:45:00+00:00,415.88000000,415.93000000,415.24000000,415.42000000,111.33000000
1778212800000,2026-05-08T04:00:00+00:00,415.42000000,415.71000000,415.21000000,415.53000000,3.87000000
1778213700000,2026-05-08T04:15:00+00:00,415.46000000,415.66000000,415.24000000,415.49000000,3.94000000
1778214600000,2026-05-08T04:30:00+00:00,415.50000000,415.51000000,415.20000000,415.29000000,2.05000000
1778215500000,2026-05-08T04:45:00+00:00,415.37000000,415.90000000,415.20000000,415.60000000,9.28000000
1778216400000,2026-05-08T05:00:00+00:00,415.61000000,416.17000000,415.60000000,416.09000000,4.79000000
1778217300000,2026-05-08T05:15:00+00:00,416.48000000,416.62000000,416.48000000,416.62000000,2.55000000
1778218200000,2026-05-08T05:30:00+00:00,416.70000000,417.12000000,416.67000000,416.79000000,2.18000000
1778219100000,2026-05-08T05:45:00+00:00,416.70000000,417.17000000,416.60000000,416.81000000,9.01000000
1778220000000,2026-05-08T06:00:00+00:00,416.78000000,417.19000000,416.29000000,417.00000000,11.91000000
1778220900000,2026-05-08T06:15:00+00:00,416.99000000,417.23000000,416.56000000,416.77000000,12.43000000
1778221800000,2026-05-08T06:30:00+00:00,416.77000000,417.15000000,416.42000000,416.90000000,17.75000000
1778222700000,2026-05-08T06:45:00+00:00,416.77000000,417.12000000,416.77000000,417.04000000,5.07000000
1778223600000,2026-05-08T07:00:00+00:00,417.02000000,417.29000000,416.19000000,416.19000000,40.00000000
1778224500000,2026-05-08T07:15:00+00:00,416.53000000,417.27000000,416.44000000,416.92000000,51.26000000
1778225400000,2026-05-08T07:30:00+00:00,416.77000000,416.90000000,416.61000000,416.61000000,0.11000000
1778226300000,2026-05-08T07:45:00+00:00,416.51000000,416.92000000,416.18000000,416.36000000,33.91000000
1778227200000,2026-05-08T08:00:00+00:00,416.51000000,418.97000000,416.45000000,418.63000000,69.70000000
1778228100000,2026-05-08T08:15:00+00:00,418.56000000,420.61000000,418.27000000,419.77000000,73.10000000
1778229000000,2026-05-08T08:30:00+00:00,419.81000000,420.61000000,419.30000000,419.62000000,93.22000000
1778229900000,2026-05-08T08:45:00+00:00,419.65000000,419.91000000,419.13000000,419.13000000,17.69000000
1778230800000,2026-05-08T09:00:00+00:00,419.26000000,420.09000000,419.26000000,419.84000000,18.38000000
1778231700000,2026-05-08T09:15:00+00:00,419.67000000,420.67000000,419.66000000,420.25000000,8.80000000
1778232600000,2026-05-08T09:30:00+00:00,420.33000000,420.77000000,419.36000000,419.36000000,9.79000000
1778233500000,2026-05-08T09:45:00+00:00,419.09000000,419.18000000,418.73000000,418.74000000,4.84000000
1778234400000,2026-05-08T10:00:00+00:00,418.74000000,419.45000000,418.74000000,418.92000000,13.26000000
1778235300000,2026-05-08T10:15:00+00:00,419.23000000,420.47000000,419.17000000,420.40000000,36.72000000
1778236200000,2026-05-08T10:30:00+00:00,420.27000000,420.38000000,419.90000000,420.09000000,3.99000000
1778237100000,2026-05-08T10:45:00+00:00,420.24000000,420.24000000,419.09000000,419.18000000,15.45000000
1778238000000,2026-05-08T11:00:00+00:00,419.31000000,419.76000000,418.97000000,419.22000000,42.29000000
1778238900000,2026-05-08T11:15:00+00:00,419.18000000,419.81000000,419.00000000,419.73000000,17.03000000
1778239800000,2026-05-08T11:30:00+00:00,419.79000000,420.00000000,419.62000000,419.97000000,8.33000000
1778240700000,2026-05-08T11:45:00+00:00,419.86000000,420.73000000,419.81000000,420.36000000,43.54000000
1778241600000,2026-05-08T12:00:00+00:00,420.51000000,420.69000000,420.24000000,420.69000000,35.16000000
1778242500000,2026-05-08T12:15:00+00:00,420.51000000,420.54000000,419.95000000,420.52000000,17.50000000
1778243400000,2026-05-08T12:30:00+00:00,420.30000000,422.03000000,420.30000000,421.92000000,61.49000000
1778244300000,2026-05-08T12:45:00+00:00,421.77000000,421.83000000,419.94000000,420.34000000,107.18000000
1778245200000,2026-05-08T13:00:00+00:00,420.36000000,420.91000000,420.11000000,420.52000000,18.39000000
1778246100000,2026-05-08T13:15:00+00:00,420.18000000,420.67000000,419.67000000,419.72000000,54.92000000
1778247000000,2026-05-08T13:30:00+00:00,419.79000000,423.88000000,413.77000000,420.88000000,592.46000000
1778247900000,2026-05-08T13:45:00+00:00,421.00000000,422.60000000,420.10000000,422.60000000,209.73000000
1778248800000,2026-05-08T14:00:00+00:00,422.60000000,423.86000000,421.61000000,422.89000000,157.49000000
1778249700000,2026-05-08T14:15:00+00:00,422.95000000,424.38000000,421.70000000,421.80000000,265.42000000
1778250600000,2026-05-08T14:30:00+00:00,421.89000000,423.46000000,420.47000000,423.46000000,131.23000000
1778251500000,2026-05-08T14:45:00+00:00,423.02000000,424.33000000,422.83000000,423.99000000,249.53000000
1778252400000,2026-05-08T15:00:00+00:00,424.03000000,425.20000000,422.85000000,423.96000000,113.12000000
1778253300000,2026-05-08T15:15:00+00:00,424.10000000,424.12000000,422.35000000,423.88000000,55.44000000
1778254200000,2026-05-08T15:30:00+00:00,423.92000000,424.96000000,423.06000000,424.14000000,43.22000000
1778255100000,2026-05-08T15:45:00+00:00,424.25000000,426.65000000,424.10000000,425.46000000,49.27000000
1778256000000,2026-05-08T16:00:00+00:00,425.46000000,428.10000000,425.40000000,428.09000000,99.76000000
1778256900000,2026-05-08T16:15:00+00:00,428.30000000,430.51000000,427.69000000,430.21000000,484.89000000
1778257800000,2026-05-08T16:30:00+00:00,430.17000000,432.98000000,428.45000000,430.07000000,334.92000000
1778258700000,2026-05-08T16:45:00+00:00,430.19000000,431.47000000,429.30000000,430.27000000,148.44000000
1778259600000,2026-05-08T17:00:00+00:00,430.32000000,431.45000000,429.88000000,430.26000000,50.71000000
1778260500000,2026-05-08T17:15:00+00:00,430.31000000,435.49000000,429.56000000,430.79000000,572.23000000
1778261400000,2026-05-08T17:30:00+00:00,430.80000000,430.89000000,427.39000000,428.03000000,442.65000000
1778262300000,2026-05-08T17:45:00+00:00,428.18000000,429.23000000,426.32000000,427.14000000,122.08000000
1778263200000,2026-05-08T18:00:00+00:00,427.33000000,429.96000000,427.33000000,428.34000000,116.96000000
1778264100000,2026-05-08T18:15:00+00:00,428.76000000,429.44000000,427.73000000,428.97000000,12.01000000
1778265000000,2026-05-08T18:30:00+00:00,428.87000000,428.95000000,427.50000000,428.62000000,67.53000000
1778265900000,2026-05-08T18:45:00+00:00,428.36000000,429.02000000,426.98000000,428.22000000,82.63000000
1778266800000,2026-05-08T19:00:00+00:00,428.42000000,429.93000000,428.42000000,429.39000000,37.45000000
1778267700000,2026-05-08T19:15:00+00:00,429.45000000,429.52000000,427.94000000,428.32000000,44.93000000
1778268600000,2026-05-08T19:30:00+00:00,428.22000000,428.86000000,428.07000000,428.82000000,29.61000000
1778269500000,2026-05-08T19:45:00+00:00,428.63000000,430.79000000,427.50000000,430.24000000,313.29000000
1778270400000,2026-05-08T20:00:00+00:00,430.25000000,431.44000000,429.96000000,430.72000000,93.23000000
1778271300000,2026-05-08T20:15:00+00:00,430.72000000,430.79000000,429.59000000,429.93000000,26.16000000
1778272200000,2026-05-08T20:30:00+00:00,429.94000000,430.09000000,429.19000000,429.93000000,31.65000000
1778273100000,2026-05-08T20:45:00+00:00,429.93000000,430.40000000,429.61000000,429.62000000,27.58000000
1778274000000,2026-05-08T21:00:00+00:00,429.64000000,429.67000000,428.96000000,429.03000000,20.24000000
1778274900000,2026-05-08T21:15:00+00:00,429.05000000,429.26000000,428.83000000,429.07000000,17.16000000
1778275800000,2026-05-08T21:30:00+00:00,429.09000000,429.50000000,429.09000000,429.30000000,2.40000000
1778276700000,2026-05-08T21:45:00+00:00,429.37000000,429.59000000,428.94000000,429.28000000,9.36000000
1778277600000,2026-05-08T22:00:00+00:00,429.28000000,430.05000000,429.08000000,429.57000000,25.31000000
1778278500000,2026-05-08T22:15:00+00:00,429.63000000,430.60000000,429.47000000,430.60000000,20.84000000
1778279400000,2026-05-08T22:30:00+00:00,430.50000000,430.61000000,429.69000000,429.80000000,7.97000000
1778280300000,2026-05-08T22:45:00+00:00,429.80000000,431.25000000,429.47000000,429.51000000,33.72000000
1778281200000,2026-05-08T23:00:00+00:00,429.63000000,431.15000000,429.32000000,429.40000000,27.71000000
1778282100000,2026-05-08T23:15:00+00:00,429.29000000,430.46000000,429.18000000,429.90000000,9.25000000
1778283000000,2026-05-08T23:30:00+00:00,429.87000000,430.50000000,429.76000000,430.50000000,19.21000000
1778283900000,2026-05-08T23:45:00+00:00,430.56000000,430.85000000,429.98000000,430.06000000,7.77000000
1778284800000,2026-05-09T00:00:00+00:00,430.00000000,430.26000000,429.66000000,429.80000000,10.90000000
1778285700000,2026-05-09T00:15:00+00:00,429.76000000,430.10000000,429.76000000,429.82000000,2.51000000
1778286600000,2026-05-09T00:30:00+00:00,429.81000000,429.81000000,429.69000000,429.77000000,3.71000000
1778287500000,2026-05-09T00:45:00+00:00,429.62000000,429.78000000,429.57000000,429.73000000,4.74000000
1778288400000,2026-05-09T01:00:00+00:00,429.82000000,429.94000000,429.57000000,429.94000000,5.93000000
1778289300000,2026-05-09T01:15:00+00:00,430.32000000,430.84000000,430.08000000,430.83000000,5.05000000
1778290200000,2026-05-09T01:30:00+00:00,430.70000000,430.95000000,429.58000000,430.74000000,19.55000000
1778291100000,2026-05-09T01:45:00+00:00,430.64000000,431.10000000,430.47000000,430.77000000,36.92000000
1778292000000,2026-05-09T02:00:00+00:00,430.90000000,430.99000000,430.67000000,430.86000000,4.38000000
1778292900000,2026-05-09T02:15:00+00:00,430.86000000,430.86000000,430.86000000,430.86000000,0.69000000
1778293800000,2026-05-09T02:30:00+00:00,430.68000000,430.69000000,430.27000000,430.32000000,12.93000000
1778294700000,2026-05-09T02:45:00+00:00,430.46000000,430.73000000,429.98000000,430.73000000,11.75000000
1778295600000,2026-05-09T03:00:00+00:00,430.73000000,430.75000000,430.56000000,430.63000000,2.33000000
1778296500000,2026-05-09T03:15:00+00:00,430.73000000,431.00000000,429.71000000,429.89000000,53.34000000
1778297400000,2026-05-09T03:30:00+00:00,429.92000000,430.76000000,429.83000000,430.59000000,39.19000000
1778298300000,2026-05-09T03:45:00+00:00,430.49000000,430.63000000,429.62000000,429.84000000,45.37000000
1778299200000,2026-05-09T04:00:00+00:00,429.63000000,430.01000000,429.62000000,429.90000000,4.04000000
1778300100000,2026-05-09T04:15:00+00:00,429.76000000,429.90000000,429.76000000,429.81000000,0.29000000
1778301000000,2026-05-09T04:30:00+00:00,429.90000000,429.92000000,429.71000000,429.92000000,2.80000000
1778301900000,2026-05-09T04:45:00+00:00,429.72000000,430.54000000,429.69000000,430.24000000,11.59000000
1778302800000,2026-05-09T05:00:00+00:00,430.22000000,430.79000000,430.09000000,430.59000000,17.27000000
1778303700000,2026-05-09T05:15:00+00:00,430.59000000,430.79000000,430.27000000,430.27000000,8.29000000
1778304600000,2026-05-09T05:30:00+00:00,430.47000000,430.71000000,429.51000000,429.87000000,74.47000000
1778305500000,2026-05-09T05:45:00+00:00,429.99000000,430.53000000,429.83000000,430.47000000,4.09000000
1778306400000,2026-05-09T06:00:00+00:00,430.47000000,430.79000000,430.39000000,430.53000000,8.10000000
1778307300000,2026-05-09T06:15:00+00:00,430.34000000,430.48000000,429.85000000,430.34000000,19.30000000
1778308200000,2026-05-09T06:30:00+00:00,430.38000000,430.63000000,429.78000000,430.01000000,23.35000000
1778309100000,2026-05-09T06:45:00+00:00,430.01000000,430.11000000,429.90000000,429.97000000,6.00000000
1778310000000,2026-05-09T07:00:00+00:00,429.97000000,430.11000000,429.97000000,430.02000000,6.41000000
1778310900000,2026-05-09T07:15:00+00:00,430.02000000,430.11000000,429.98000000,429.98000000,3.27000000
1778311800000,2026-05-09T07:30:00+00:00,429.95000000,430.40000000,429.75000000,430.12000000,20.39000000
1778312700000,2026-05-09T07:45:00+00:00,430.11000000,430.26000000,429.50000000,429.91000000,14.86000000
1778313600000,2026-05-09T08:00:00+00:00,429.91000000,430.31000000,429.74000000,429.88000000,22.73000000
1778314500000,2026-05-09T08:15:00+00:00,429.89000000,430.03000000,429.58000000,429.67000000,14.62000000
1778315400000,2026-05-09T08:30:00+00:00,429.64000000,429.93000000,429.64000000,429.86000000,1.88000000
1778316300000,2026-05-09T08:45:00+00:00,429.98000000,430.16000000,429.66000000,429.67000000,6.74000000
1778317200000,2026-05-09T09:00:00+00:00,429.83000000,430.15000000,429.77000000,430.11000000,4.92000000
1778318100000,2026-05-09T09:15:00+00:00,430.05000000,430.05000000,429.70000000,429.74000000,7.91000000
1778319000000,2026-05-09T09:30:00+00:00,429.90000000,429.98000000,429.78000000,429.94000000,6.58000000
1778319900000,2026-05-09T09:45:00+00:00,429.96000000,429.99000000,429.81000000,429.95000000,0.65000000
1778320800000,2026-05-09T10:00:00+00:00,429.83000000,429.86000000,429.71000000,429.86000000,8.76000000
1778321700000,2026-05-09T10:15:00+00:00,429.84000000,429.99000000,429.84000000,429.87000000,1.92000000
1778322600000,2026-05-09T10:30:00+00:00,429.86000000,430.00000000,429.79000000,430.00000000,2.87000000
1778323500000,2026-05-09T10:45:00+00:00,430.13000000,430.34000000,429.93000000,429.93000000,4.93000000
1778324400000,2026-05-09T11:00:00+00:00,429.92000000,430.00000000,429.86000000,430.00000000,1.77000000
1778325300000,2026-05-09T11:15:00+00:00,430.09000000,430.28000000,430.09000000,430.28000000,0.14000000
1778326200000,2026-05-09T11:30:00+00:00,430.28000000,431.39000000,430.17000000,431.11000000,69.05000000
1778327100000,2026-05-09T11:45:00+00:00,430.86000000,431.05000000,430.78000000,431.00000000,2.97000000
1778328000000,2026-05-09T12:00:00+00:00,430.99000000,431.05000000,429.67000000,430.86000000,60.63000000
1778328900000,2026-05-09T12:15:00+00:00,430.89000000,431.05000000,430.38000000,430.85000000,11.00000000
1778329800000,2026-05-09T12:30:00+00:00,430.92000000,431.09000000,430.57000000,430.57000000,3.57000000
1778330700000,2026-05-09T12:45:00+00:00,430.67000000,430.95000000,430.55000000,430.58000000,7.24000000
1778331600000,2026-05-09T13:00:00+00:00,430.63000000,431.31000000,430.19000000,430.89000000,34.73000000
1778332500000,2026-05-09T13:15:00+00:00,430.95000000,430.95000000,429.88000000,430.43000000,22.47000000
1778333400000,2026-05-09T13:30:00+00:00,430.46000000,430.55000000,429.90000000,430.31000000,7.24000000
1778334300000,2026-05-09T13:45:00+00:00,430.31000000,430.61000000,429.95000000,430.43000000,16.18000000
1778335200000,2026-05-09T14:00:00+00:00,430.43000000,430.54000000,430.04000000,430.54000000,9.83000000
1778336100000,2026-05-09T14:15:00+00:00,430.40000000,430.49000000,429.88000000,430.20000000,13.25000000
1778337000000,2026-05-09T14:30:00+00:00,430.03000000,430.10000000,429.70000000,430.05000000,12.72000000
1778337900000,2026-05-09T14:45:00+00:00,430.09000000,430.32000000,429.83000000,429.84000000,18.58000000
1778338800000,2026-05-09T15:00:00+00:00,429.83000000,430.21000000,429.55000000,429.80000000,56.71000000
1778339700000,2026-05-09T15:15:00+00:00,429.76000000,430.55000000,429.55000000,430.52000000,24.03000000
1778340600000,2026-05-09T15:30:00+00:00,430.44000000,430.90000000,429.77000000,430.58000000,36.83000000
1778341500000,2026-05-09T15:45:00+00:00,430.55000000,430.85000000,430.27000000,430.67000000,4.64000000
1778342400000,2026-05-09T16:00:00+00:00,430.52000000,431.12000000,429.93000000,431.11000000,67.20000000
1778343300000,2026-05-09T16:15:00+00:00,431.11000000,431.20000000,430.80000000,431.13000000,8.13000000
1778344200000,2026-05-09T16:30:00+00:00,431.13000000,431.13000000,430.54000000,430.54000000,9.85000000
1778345100000,2026-05-09T16:45:00+00:00,430.51000000,430.59000000,430.29000000,430.29000000,6.18000000
1778346000000,2026-05-09T17:00:00+00:00,430.30000000,430.47000000,429.91000000,430.03000000,17.54000000
1778346900000,2026-05-09T17:15:00+00:00,429.94000000,430.08000000,429.91000000,429.97000000,4.24000000
1778347800000,2026-05-09T17:30:00+00:00,430.02000000,430.04000000,429.92000000,430.04000000,0.35000000
1778348700000,2026-05-09T17:45:00+00:00,430.23000000,430.34000000,430.05000000,430.08000000,1.02000000
1778349600000,2026-05-09T18:00:00+00:00,430.12000000,430.21000000,430.12000000,430.21000000,0.67000000
1778350500000,2026-05-09T18:15:00+00:00,430.16000000,430.47000000,430.16000000,430.38000000,2.71000000
1778351400000,2026-05-09T18:30:00+00:00,430.27000000,430.27000000,430.00000000,430.10000000,2.30000000
1778352300000,2026-05-09T18:45:00+00:00,429.90000000,430.09000000,429.90000000,430.09000000,0.90000000
1778353200000,2026-05-09T19:00:00+00:00,430.06000000,430.06000000,429.83000000,429.83000000,5.14000000
1778354100000,2026-05-09T19:15:00+00:00,429.83000000,429.83000000,429.83000000,429.83000000,0.00000000
1778355000000,2026-05-09T19:30:00+00:00,429.95000000,430.23000000,429.81000000,430.23000000,8.48000000
1778355900000,2026-05-09T19:45:00+00:00,430.07000000,430.23000000,430.03000000,430.03000000,0.59000000
1778356800000,2026-05-09T20:00:00+00:00,430.24000000,430.46000000,429.77000000,429.78000000,11.25000000
1778357700000,2026-05-09T20:15:00+00:00,429.82000000,429.92000000,429.66000000,429.84000000,3.74000000
1778358600000,2026-05-09T20:30:00+00:00,429.85000000,430.22000000,429.85000000,430.14000000,2.07000000
1778359500000,2026-05-09T20:45:00+00:00,430.14000000,430.14000000,430.14000000,430.14000000,0.02000000
1778360400000,2026-05-09T21:00:00+00:00,430.29000000,430.29000000,429.99000000,430.16000000,1.20000000
1778361300000,2026-05-09T21:15:00+00:00,430.06000000,430.18000000,430.06000000,430.18000000,2.53000000
1778362200000,2026-05-09T21:30:00+00:00,430.18000000,430.85000000,430.18000000,430.85000000,3.71000000
1778363100000,2026-05-09T21:45:00+00:00,430.67000000,430.89000000,430.64000000,430.75000000,4.84000000
1778364000000,2026-05-09T22:00:00+00:00,430.88000000,431.12000000,429.89000000,430.12000000,19.76000000
1778364900000,2026-05-09T22:15:00+00:00,430.16000000,430.36000000,430.06000000,430.36000000,0.41000000
1778365800000,2026-05-09T22:30:00+00:00,430.35000000,430.93000000,430.09000000,430.86000000,18.99000000
1778366700000,2026-05-09T22:45:00+00:00,430.54000000,430.55000000,429.65000000,429.98000000,15.14000000
1778367600000,2026-05-09T23:00:00+00:00,430.15000000,431.10000000,430.00000000,430.05000000,16.18000000
1778368500000,2026-05-09T23:15:00+00:00,430.05000000,430.28000000,430.00000000,430.06000000,0.46000000
1778369400000,2026-05-09T23:30:00+00:00,430.06000000,430.06000000,430.06000000,430.06000000,0.00000000
1778370300000,2026-05-09T23:45:00+00:00,430.04000000,430.04000000,429.91000000,430.04000000,0.63000000
1778371200000,2026-05-10T00:00:00+00:00,429.82000000,430.93000000,429.72000000,430.65000000,46.60000000
1778372100000,2026-05-10T00:15:00+00:00,430.93000000,430.95000000,430.65000000,430.90000000,4.81000000
1778373000000,2026-05-10T00:30:00+00:00,430.81000000,430.86000000,430.19000000,430.45000000,4.66000000
1778373900000,2026-05-10T00:45:00+00:00,430.58000000,430.99000000,430.14000000,430.91000000,16.84000000
1778374800000,2026-05-10T01:00:00+00:00,430.97000000,430.97000000,430.12000000,430.77000000,19.62000000
1778375700000,2026-05-10T01:15:00+00:00,430.67000000,430.84000000,430.02000000,430.13000000,26.10000000
1778376600000,2026-05-10T01:30:00+00:00,430.13000000,430.25000000,430.02000000,430.25000000,4.34000000
1778377500000,2026-05-10T01:45:00+00:00,430.09000000,430.33000000,430.09000000,430.16000000,2.53000000
1778378400000,2026-05-10T02:00:00+00:00,430.34000000,430.34000000,430.17000000,430.32000000,1.37000000
1778379300000,2026-05-10T02:15:00+00:00,430.33000000,430.33000000,430.28000000,430.31000000,1.62000000
1778380200000,2026-05-10T02:30:00+00:00,430.19000000,430.46000000,430.19000000,430.30000000,5.31000000
1778381100000,2026-05-10T02:45:00+00:00,430.46000000,430.82000000,430.45000000,430.60000000,13.59000000
1778382000000,2026-05-10T03:00:00+00:00,430.54000000,430.84000000,430.45000000,430.84000000,10.31000000
1778382900000,2026-05-10T03:15:00+00:00,430.84000000,430.84000000,430.40000000,430.61000000,6.71000000
1778383800000,2026-05-10T03:30:00+00:00,430.57000000,430.76000000,430.53000000,430.66000000,9.91000000
1778384700000,2026-05-10T03:45:00+00:00,430.58000000,431.02000000,430.58000000,431.02000000,1.42000000
1778385600000,2026-05-10T04:00:00+00:00,431.03000000,431.03000000,430.93000000,430.96000000,2.09000000
1778386500000,2026-05-10T04:15:00+00:00,430.98000000,431.16000000,430.98000000,431.03000000,0.94000000
1778387400000,2026-05-10T04:30:00+00:00,431.02000000,431.20000000,430.94000000,431.20000000,13.12000000
1778388300000,2026-05-10T04:45:00+00:00,431.00000000,431.20000000,430.97000000,431.00000000,3.20000000
1778389200000,2026-05-10T05:00:00+00:00,431.10000000,431.20000000,430.85000000,431.19000000,9.62000000
1778390100000,2026-05-10T05:15:00+00:00,430.98000000,431.20000000,430.93000000,431.08000000,3.13000000
1778391000000,2026-05-10T05:30:00+00:00,431.08000000,431.08000000,431.00000000,431.00000000,0.92000000
1778391900000,2026-05-10T05:45:00+00:00,431.16000000,431.16000000,430.71000000,430.71000000,2.84000000
1778392800000,2026-05-10T06:00:00+00:00,430.73000000,431.19000000,430.66000000,431.18000000,2.76000000
1778393700000,2026-05-10T06:15:00+00:00,431.17000000,431.18000000,431.17000000,431.18000000,0.12000000
1778394600000,2026-05-10T06:30:00+00:00,431.17000000,431.17000000,430.91000000,431.03000000,1.73000000
1778395500000,2026-05-10T06:45:00+00:00,431.04000000,431.16000000,430.89000000,430.89000000,0.56000000
1778396400000,2026-05-10T07:00:00+00:00,431.16000000,431.16000000,431.15000000,431.16000000,1.52000000
1778397300000,2026-05-10T07:15:00+00:00,431.15000000,431.15000000,430.91000000,430.93000000,8.91000000
1778398200000,2026-05-10T07:30:00+00:00,430.93000000,431.06000000,430.11000000,430.57000000,27.71000000
1778399100000,2026-05-10T07:45:00+00:00,430.60000000,431.00000000,429.70000000,429.99000000,52.63000000
1778400000000,2026-05-10T08:00:00+00:00,430.02000000,432.60000000,429.70000000,431.48000000,69.55000000
1778400900000,2026-05-10T08:15:00+00:00,431.63000000,431.63000000,431.11000000,431.22000000,17.12000000
1778401800000,2026-05-10T08:30:00+00:00,431.22000000,431.39000000,431.22000000,431.26000000,0.87000000
1778402700000,2026-05-10T08:45:00+00:00,431.38000000,431.38000000,431.25000000,431.25000000,1.26000000
1778403600000,2026-05-10T09:00:00+00:00,431.20000000,431.38000000,431.20000000,431.36000000,2.29000000
1778404500000,2026-05-10T09:15:00+00:00,431.36000000,431.39000000,431.36000000,431.39000000,0.08000000
1778405400000,2026-05-10T09:30:00+00:00,431.33000000,431.34000000,431.23000000,431.23000000,0.33000000
1778406300000,2026-05-10T09:45:00+00:00,431.24000000,431.56000000,431.07000000,431.19000000,7.85000000
1778407200000,2026-05-10T10:00:00+00:00,431.36000000,431.57000000,431.02000000,431.05000000,16.47000000
1778408100000,2026-05-10T10:15:00+00:00,431.05000000,431.11000000,430.42000000,430.60000000,15.94000000
1778409000000,2026-05-10T10:30:00+00:00,430.47000000,430.66000000,430.36000000,430.38000000,7.16000000
1778409900000,2026-05-10T10:45:00+00:00,430.37000000,430.60000000,430.34000000,430.40000000,2.25000000
1778410800000,2026-05-10T11:00:00+00:00,430.45000000,430.74000000,430.37000000,430.45000000,11.57000000
1778411700000,2026-05-10T11:15:00+00:00,430.41000000,430.61000000,430.19000000,430.45000000,21.24000000
1778412600000,2026-05-10T11:30:00+00:00,430.48000000,430.53000000,430.40000000,430.49000000,7.30000000
1778413500000,2026-05-10T11:45:00+00:00,430.49000000,430.68000000,430.45000000,430.51000000,2.33000000
1778414400000,2026-05-10T12:00:00+00:00,430.51000000,430.90000000,430.44000000,430.44000000,8.53000000
1778415300000,2026-05-10T12:15:00+00:00,430.44000000,430.55000000,430.39000000,430.41000000,2.58000000
1778416200000,2026-05-10T12:30:00+00:00,430.36000000,430.59000000,430.26000000,430.26000000,13.75000000
1778417100000,2026-05-10T12:45:00+00:00,430.28000000,430.57000000,430.28000000,430.38000000,9.87000000
1778418000000,2026-05-10T13:00:00+00:00,430.38000000,431.55000000,430.28000000,430.99000000,69.75000000
1778418900000,2026-05-10T13:15:00+00:00,431.03000000,431.12000000,430.46000000,430.92000000,28.80000000
1778419800000,2026-05-10T13:30:00+00:00,430.92000000,432.02000000,430.22000000,430.98000000,85.26000000
1778420700000,2026-05-10T13:45:00+00:00,430.88000000,431.17000000,430.18000000,430.42000000,41.71000000
1778421600000,2026-05-10T14:00:00+00:00,430.55000000,430.70000000,430.15000000,430.43000000,19.93000000
1778422500000,2026-05-10T14:15:00+00:00,430.42000000,432.02000000,430.20000000,430.38000000,32.30000000
1778423400000,2026-05-10T14:30:00+00:00,430.48000000,430.60000000,430.21000000,430.35000000,5.91000000
1778424300000,2026-05-10T14:45:00+00:00,430.28000000,430.53000000,430.28000000,430.36000000,2.25000000
1778425200000,2026-05-10T15:00:00+00:00,430.37000000,431.45000000,430.26000000,430.76000000,38.78000000
1778426100000,2026-05-10T15:15:00+00:00,430.62000000,431.05000000,430.44000000,430.95000000,6.59000000
1778427000000,2026-05-10T15:30:00+00:00,430.95000000,431.15000000,429.65000000,430.35000000,31.46000000
1778427900000,2026-05-10T15:45:00+00:00,430.35000000,430.69000000,429.62000000,430.09000000,42.93000000
1778428800000,2026-05-10T16:00:00+00:00,430.28000000,435.75000000,427.30000000,430.94000000,172.23000000
1778429700000,2026-05-10T16:15:00+00:00,431.18000000,432.49000000,430.95000000,431.68000000,40.18000000
1778430600000,2026-05-10T16:30:00+00:00,431.58000000,432.35000000,431.49000000,431.76000000,33.23000000
1778431500000,2026-05-10T16:45:00+00:00,431.72000000,432.15000000,431.67000000,432.15000000,5.47000000
1778432400000,2026-05-10T17:00:00+00:00,432.00000000,432.38000000,431.95000000,432.22000000,10.86000000
1778433300000,2026-05-10T17:15:00+00:00,432.14000000,432.49000000,432.13000000,432.36000000,21.09000000
1778434200000,2026-05-10T17:30:00+00:00,432.31000000,432.47000000,431.58000000,431.65000000,30.29000000
1778435100000,2026-05-10T17:45:00+00:00,431.68000000,432.48000000,431.66000000,432.20000000,25.14000000
1778436000000,2026-05-10T18:00:00+00:00,432.23000000,432.32000000,431.56000000,431.68000000,18.86000000
1778436900000,2026-05-10T18:15:00+00:00,431.74000000,431.76000000,430.97000000,431.05000000,9.29000000
1778437800000,2026-05-10T18:30:00+00:00,431.05000000,431.34000000,430.46000000,430.57000000,24.46000000
1778438700000,2026-05-10T18:45:00+00:00,430.50000000,430.71000000,430.37000000,430.37000000,22.83000000
1778439600000,2026-05-10T19:00:00+00:00,430.47000000,431.09000000,430.05000000,430.36000000,39.36000000
1778440500000,2026-05-10T19:15:00+00:00,430.37000000,430.64000000,430.30000000,430.33000000,7.64000000
1778441400000,2026-05-10T19:30:00+00:00,430.35000000,431.01000000,430.31000000,430.77000000,29.51000000
1778442300000,2026-05-10T19:45:00+00:00,430.69000000,430.96000000,430.50000000,430.74000000,32.07000000
1778443200000,2026-05-10T20:00:00+00:00,430.85000000,431.00000000,430.29000000,430.42000000,51.16000000
1778444100000,2026-05-10T20:15:00+00:00,430.36000000,430.94000000,429.66000000,429.96000000,46.34000000
1778445000000,2026-05-10T20:30:00+00:00,430.14000000,430.71000000,429.66000000,430.46000000,67.27000000
1778445900000,2026-05-10T20:45:00+00:00,430.32000000,430.45000000,427.23000000,428.95000000,194.62000000
1778446800000,2026-05-10T21:00:00+00:00,429.00000000,430.43000000,428.62000000,429.68000000,125.22000000
1778447700000,2026-05-10T21:15:00+00:00,429.50000000,429.80000000,423.62000000,427.20000000,138.32000000
1778448600000,2026-05-10T21:30:00+00:00,427.23000000,429.71000000,427.23000000,428.51000000,22.73000000
1778449500000,2026-05-10T21:45:00+00:00,428.51000000,429.32000000,427.85000000,428.07000000,49.58000000
1778450400000,2026-05-10T22:00:00+00:00,428.07000000,428.85000000,427.44000000,428.40000000,152.11000000
1778451300000,2026-05-10T22:15:00+00:00,428.36000000,428.77000000,427.46000000,428.41000000,71.99000000
1778452200000,2026-05-10T22:30:00+00:00,428.58000000,428.97000000,428.03000000,428.67000000,36.82000000
1778453100000,2026-05-10T22:45:00+00:00,428.71000000,429.12000000,427.93000000,428.31000000,110.39000000
1778454000000,2026-05-10T23:00:00+00:00,428.49000000,429.66000000,428.19000000,428.70000000,94.76000000
1778454900000,2026-05-10T23:15:00+00:00,428.82000000,429.36000000,427.88000000,428.09000000,28.04000000
1778455800000,2026-05-10T23:30:00+00:00,428.43000000,429.13000000,428.06000000,429.11000000,15.38000000
1778456700000,2026-05-10T23:45:00+00:00,429.29000000,429.38000000,428.01000000,429.06000000,68.25000000
1778457600000,2026-05-11T00:00:00+00:00,429.20000000,429.63000000,428.08000000,428.16000000,96.92000000
1778458500000,2026-05-11T00:15:00+00:00,428.25000000,429.80000000,427.91000000,429.00000000,88.07000000
1778459400000,2026-05-11T00:30:00+00:00,429.06000000,429.48000000,428.47000000,428.54000000,41.40000000
1778460300000,2026-05-11T00:45:00+00:00,428.73000000,428.75000000,426.77000000,427.22000000,63.46000000
1778461200000,2026-05-11T01:00:00+00:00,427.22000000,427.50000000,425.30000000,426.24000000,164.37000000
1778462100000,2026-05-11T01:15:00+00:00,426.10000000,427.12000000,425.51000000,426.69000000,29.16000000
1778463000000,2026-05-11T01:30:00+00:00,426.70000000,427.45000000,426.24000000,427.33000000,24.02000000
1778463900000,2026-05-11T01:45:00+00:00,427.22000000,428.02000000,427.11000000,427.82000000,8.63000000
1778464800000,2026-05-11T02:00:00+00:00,428.06000000,428.16000000,427.47000000,427.72000000,51.26000000
1778465700000,2026-05-11T02:15:00+00:00,427.81000000,428.44000000,427.54000000,428.38000000,32.57000000
1778466600000,2026-05-11T02:30:00+00:00,428.38000000,428.50000000,427.67000000,427.85000000,44.38000000
1778467500000,2026-05-11T02:45:00+00:00,428.04000000,428.64000000,427.92000000,428.38000000,7.19000000
1778468400000,2026-05-11T03:00:00+00:00,428.44000000,428.45000000,427.96000000,428.11000000,31.60000000
1778469300000,2026-05-11T03:15:00+00:00,427.97000000,428.32000000,427.71000000,428.32000000,18.09000000
1778470200000,2026-05-11T03:30:00+00:00,428.45000000,428.59000000,428.08000000,428.29000000,20.62000000
1778471100000,2026-05-11T03:45:00+00:00,428.30000000,428.42000000,427.79000000,428.09000000,21.61000000
1778472000000,2026-05-11T04:00:00+00:00,428.25000000,428.29000000,426.78000000,427.27000000,28.65000000
1778472900000,2026-05-11T04:15:00+00:00,427.19000000,427.86000000,427.19000000,427.51000000,16.15000000
1778473800000,2026-05-11T04:30:00+00:00,427.47000000,427.47000000,427.02000000,427.27000000,4.60000000
1778474700000,2026-05-11T04:45:00+00:00,427.46000000,427.83000000,427.44000000,427.50000000,20.40000000
1778475600000,2026-05-11T05:00:00+00:00,427.51000000,427.85000000,427.38000000,427.53000000,11.84000000
1778476500000,2026-05-11T05:15:00+00:00,427.38000000,427.68000000,427.17000000,427.48000000,17.72000000
1778477400000,2026-05-11T05:30:00+00:00,427.48000000,428.00000000,426.94000000,427.25000000,10.06000000
1778478300000,2026-05-11T05:45:00+00:00,427.20000000,427.37000000,427.14000000,427.32000000,5.66000000
1778479200000,2026-05-11T06:00:00+00:00,427.14000000,427.60000000,426.83000000,427.60000000,4.58000000
1778480100000,2026-05-11T06:15:00+00:00,427.58000000,427.60000000,427.07000000,427.09000000,12.21000000
1778481000000,2026-05-11T06:30:00+00:00,427.28000000,427.28000000,427.02000000,427.02000000,1.84000000
1778481900000,2026-05-11T06:45:00+00:00,427.17000000,427.25000000,426.92000000,427.23000000,17.86000000
1778482800000,2026-05-11T07:00:00+00:00,427.25000000,427.25000000,426.66000000,426.76000000,27.01000000
1778483700000,2026-05-11T07:15:00+00:00,426.73000000,428.39000000,426.58000000,427.78000000,48.01000000
1778484600000,2026-05-11T07:30:00+00:00,427.86000000,428.12000000,427.68000000,428.05000000,16.69000000
1778485500000,2026-05-11T07:45:00+00:00,428.04000000,428.42000000,427.97000000,428.32000000,13.66000000
1778486400000,2026-05-11T08:00:00+00:00,428.31000000,428.32000000,425.99000000,426.46000000,41.55000000
1778487300000,2026-05-11T08:15:00+00:00,426.43000000,426.97000000,425.46000000,425.53000000,33.77000000
1778488200000,2026-05-11T08:30:00+00:00,425.52000000,425.78000000,423.84000000,424.30000000,62.75000000
1778489100000,2026-05-11T08:45:00+00:00,424.43000000,426.39000000,423.59000000,425.17000000,141.70000000
1778490000000,2026-05-11T09:00:00+00:00,425.14000000,425.40000000,424.74000000,425.40000000,20.36000000
1778490900000,2026-05-11T09:15:00+00:00,425.59000000,426.01000000,425.33000000,425.57000000,21.60000000
1778491800000,2026-05-11T09:30:00+00:00,425.81000000,425.96000000,425.02000000,425.41000000,34.57000000
1778492700000,2026-05-11T09:45:00+00:00,425.42000000,426.19000000,425.41000000,426.12000000,23.50000000
1778493600000,2026-05-11T10:00:00+00:00,425.87000000,425.94000000,425.31000000,425.32000000,21.13000000
1778494500000,2026-05-11T10:15:00+00:00,425.37000000,425.69000000,425.08000000,425.35000000,20.01000000
1778495400000,2026-05-11T10:30:00+00:00,425.56000000,425.81000000,425.00000000,425.17000000,14.23000000
1778496300000,2026-05-11T10:45:00+00:00,425.31000000,425.94000000,425.15000000,425.50000000,13.64000000
1778497200000,2026-05-11T11:00:00+00:00,425.57000000,426.87000000,425.57000000,426.82000000,17.92000000
1778498100000,2026-05-11T11:15:00+00:00,426.97000000,427.49000000,426.94000000,427.42000000,8.70000000
1778499000000,2026-05-11T11:30:00+00:00,427.30000000,427.50000000,425.40000000,426.79000000,138.49000000
1778499900000,2026-05-11T11:45:00+00:00,426.79000000,426.81000000,426.66000000,426.75000000,0.74000000
1778500800000,2026-05-11T12:00:00+00:00,426.81000000,427.12000000,425.44000000,425.69000000,19.26000000
1778501700000,2026-05-11T12:15:00+00:00,425.85000000,425.99000000,424.38000000,424.93000000,51.74000000
1778502600000,2026-05-11T12:30:00+00:00,424.88000000,425.65000000,424.56000000,424.71000000,13.30000000
1778503500000,2026-05-11T12:45:00+00:00,424.92000000,425.09000000,424.52000000,425.09000000,6.04000000
1778504400000,2026-05-11T13:00:00+00:00,425.13000000,425.19000000,424.76000000,425.10000000,26.59000000
1778505300000,2026-05-11T13:15:00+00:00,425.13000000,428.21000000,424.30000000,428.01000000,113.88000000
1778506200000,2026-05-11T13:30:00+00:00,428.02000000,433.46000000,426.40000000,432.56000000,452.53000000
1778507100000,2026-05-11T13:45:00+00:00,432.74000000,434.18000000,429.96000000,430.64000000,409.68000000
1778508000000,2026-05-11T14:00:00+00:00,430.64000000,431.59000000,428.64000000,429.55000000,212.37000000
1778508900000,2026-05-11T14:15:00+00:00,429.62000000,429.73000000,427.00000000,427.00000000,116.53000000
1778509800000,2026-05-11T14:30:00+00:00,426.91000000,427.56000000,424.64000000,427.33000000,272.91000000
1778510700000,2026-05-11T14:45:00+00:00,427.56000000,431.19000000,427.55000000,430.80000000,224.12000000
1778511600000,2026-05-11T15:00:00+00:00,430.74000000,431.87000000,429.73000000,430.32000000,117.88000000
1778512500000,2026-05-11T15:15:00+00:00,430.51000000,431.19000000,429.77000000,430.90000000,71.41000000
1778513400000,2026-05-11T15:30:00+00:00,430.82000000,431.76000000,430.10000000,430.74000000,104.20000000
1778514300000,2026-05-11T15:45:00+00:00,430.60000000,431.43000000,430.26000000,430.50000000,37.64000000
1778515200000,2026-05-11T16:00:00+00:00,430.53000000,430.83000000,429.76000000,430.40000000,46.25000000
1778516100000,2026-05-11T16:15:00+00:00,430.31000000,430.31000000,429.19000000,429.65000000,41.98000000
1778517000000,2026-05-11T16:30:00+00:00,429.68000000,429.68000000,427.04000000,428.21000000,120.39000000
1778517900000,2026-05-11T16:45:00+00:00,428.21000000,429.41000000,428.21000000,429.28000000,14.07000000
1778518800000,2026-05-11T17:00:00+00:00,429.28000000,430.49000000,429.13000000,429.23000000,55.83000000
1778519700000,2026-05-11T17:15:00+00:00,429.50000000,430.24000000,429.12000000,430.23000000,9.43000000
1778520600000,2026-05-11T17:30:00+00:00,430.15000000,430.50000000,429.85000000,430.45000000,11.84000000
1778521500000,2026-05-11T17:45:00+00:00,430.38000000,430.64000000,428.57000000,429.26000000,56.15000000
1778522400000,2026-05-11T18:00:00+00:00,429.36000000,430.45000000,429.22000000,430.15000000,27.90000000
1778523300000,2026-05-11T18:15:00+00:00,430.26000000,430.26000000,429.62000000,430.15000000,18.99000000
1778524200000,2026-05-11T18:30:00+00:00,430.08000000,430.08000000,428.60000000,429.02000000,24.25000000
1778525100000,2026-05-11T18:45:00+00:00,429.44000000,429.91000000,428.56000000,428.90000000,82.63000000
1778526000000,2026-05-11T19:00:00+00:00,428.96000000,429.48000000,428.38000000,428.94000000,51.30000000
1778526900000,2026-05-11T19:15:00+00:00,428.67000000,428.75000000,426.69000000,427.84000000,73.73000000
1778527800000,2026-05-11T19:30:00+00:00,427.78000000,428.78000000,427.68000000,428.20000000,33.57000000
1778528700000,2026-05-11T19:45:00+00:00,428.02000000,429.25000000,427.72000000,428.66000000,33.39000000
1778529600000,2026-05-11T20:00:00+00:00,428.72000000,429.05000000,427.51000000,428.07000000,40.59000000
1778530500000,2026-05-11T20:15:00+00:00,428.01000000,428.21000000,427.70000000,427.83000000,36.79000000
1778531400000,2026-05-11T20:30:00+00:00,427.70000000,428.44000000,427.70000000,428.14000000,24.98000000
1778532300000,2026-05-11T20:45:00+00:00,427.87000000,428.23000000,427.67000000,427.67000000,3.52000000
1778533200000,2026-05-11T21:00:00+00:00,427.61000000,427.82000000,427.56000000,427.57000000,7.98000000
1778534100000,2026-05-11T21:15:00+00:00,427.56000000,428.03000000,427.25000000,427.89000000,25.52000000
1778535000000,2026-05-11T21:30:00+00:00,427.74000000,428.16000000,427.63000000,427.81000000,2.77000000
1778535900000,2026-05-11T21:45:00+00:00,427.81000000,428.15000000,427.81000000,427.89000000,1.29000000
1778536800000,2026-05-11T22:00:00+00:00,427.89000000,429.17000000,427.86000000,428.64000000,14.98000000
1778537700000,2026-05-11T22:15:00+00:00,428.58000000,429.07000000,428.46000000,428.78000000,29.30000000
1778538600000,2026-05-11T22:30:00+00:00,428.78000000,429.19000000,428.73000000,428.85000000,5.95000000
1778539500000,2026-05-11T22:45:00+00:00,428.85000000,429.57000000,428.85000000,429.34000000,15.36000000
1778540400000,2026-05-11T23:00:00+00:00,429.38000000,429.51000000,429.05000000,429.25000000,3.43000000
1778541300000,2026-05-11T23:15:00+00:00,429.25000000,429.30000000,428.85000000,429.02000000,3.71000000
1778542200000,2026-05-11T23:30:00+00:00,429.04000000,429.34000000,429.03000000,429.03000000,0.95000000
1778543100000,2026-05-11T23:45:00+00:00,429.09000000,429.15000000,428.96000000,429.07000000,4.34000000
1778544000000,2026-05-12T00:00:00+00:00,429.04000000,429.62000000,427.91000000,428.05000000,47.92000000
1778544900000,2026-05-12T00:15:00+00:00,427.87000000,428.15000000,427.77000000,427.77000000,0.87000000
1778545800000,2026-05-12T00:30:00+00:00,428.17000000,428.83000000,427.79000000,428.07000000,23.96000000
1778546700000,2026-05-12T00:45:00+00:00,428.00000000,428.25000000,428.00000000,428.04000000,3.24000000
1778547600000,2026-05-12T01:00:00+00:00,428.00000000,428.29000000,428.00000000,428.21000000,21.97000000
1778548500000,2026-05-12T01:15:00+00:00,428.00000000,428.00000000,426.76000000,427.18000000,23.65000000
1778549400000,2026-05-12T01:30:00+00:00,427.20000000,427.32000000,425.15000000,426.85000000,175.16000000
1778550300000,2026-05-12T01:45:00+00:00,426.65000000,426.81000000,424.04000000,425.37000000,144.69000000
1778551200000,2026-05-12T02:00:00+00:00,425.22000000,427.11000000,424.06000000,427.11000000,41.09000000
1778552100000,2026-05-12T02:15:00+00:00,427.02000000,427.57000000,426.20000000,427.04000000,25.88000000
1778553000000,2026-05-12T02:30:00+00:00,427.22000000,427.60000000,426.77000000,427.44000000,7.97000000
1778553900000,2026-05-12T02:45:00+00:00,427.58000000,428.12000000,427.41000000,428.12000000,21.34000000
1778554800000,2026-05-12T03:00:00+00:00,427.89000000,428.22000000,427.39000000,427.94000000,16.85000000
1778555700000,2026-05-12T03:15:00+00:00,428.06000000,428.09000000,427.09000000,427.50000000,9.17000000
1778556600000,2026-05-12T03:30:00+00:00,427.44000000,428.03000000,427.29000000,427.32000000,5.59000000
1778557500000,2026-05-12T03:45:00+00:00,427.27000000,427.28000000,426.79000000,427.28000000,3.35000000
1778558400000,2026-05-12T04:00:00+00:00,427.17000000,427.61000000,427.04000000,427.22000000,4.63000000
1778559300000,2026-05-12T04:15:00+00:00,427.38000000,427.61000000,426.79000000,427.19000000,11.28000000
1778560200000,2026-05-12T04:30:00+00:00,427.20000000,427.52000000,427.18000000,427.26000000,2.34000000
1778561100000,2026-05-12T04:45:00+00:00,427.37000000,427.37000000,426.11000000,426.11000000,9.23000000
1778562000000,2026-05-12T05:00:00+00:00,425.98000000,426.36000000,425.63000000,425.88000000,26.37000000
1778562900000,2026-05-12T05:15:00+00:00,425.95000000,425.95000000,425.48000000,425.93000000,2.81000000
1778563800000,2026-05-12T05:30:00+00:00,425.77000000,425.83000000,424.98000000,424.98000000,6.57000000
1778564700000,2026-05-12T05:45:00+00:00,425.08000000,425.21000000,424.81000000,424.92000000,11.19000000
1778565600000,2026-05-12T06:00:00+00:00,424.86000000,425.36000000,424.59000000,424.95000000,36.60000000
1778566500000,2026-05-12T06:15:00+00:00,425.22000000,425.22000000,424.34000000,424.34000000,8.74000000
1778567400000,2026-05-12T06:30:00+00:00,424.13000000,424.97000000,423.93000000,424.30000000,41.23000000
1778568300000,2026-05-12T06:45:00+00:00,424.18000000,424.62000000,423.94000000,424.10000000,22.23000000
1778569200000,2026-05-12T07:00:00+00:00,423.94000000,424.06000000,422.35000000,423.58000000,56.52000000
1778570100000,2026-05-12T07:15:00+00:00,423.54000000,424.40000000,422.67000000,424.38000000,87.41000000
1778571000000,2026-05-12T07:30:00+00:00,424.34000000,425.00000000,423.90000000,424.31000000,48.23000000
1778571900000,2026-05-12T07:45:00+00:00,424.39000000,424.95000000,424.36000000,424.84000000,12.91000000
1778572800000,2026-05-12T08:00:00+00:00,424.93000000,425.76000000,422.78000000,423.30000000,38.75000000
1778573700000,2026-05-12T08:15:00+00:00,423.12000000,423.59000000,422.52000000,423.23000000,61.25000000
1778574600000,2026-05-12T08:30:00+00:00,423.30000000,424.49000000,423.10000000,423.34000000,98.22000000
1778575500000,2026-05-12T08:45:00+00:00,423.35000000,423.35000000,421.83000000,422.63000000,126.32000000
1778576400000,2026-05-12T09:00:00+00:00,422.78000000,423.67000000,422.78000000,423.49000000,71.86000000
1778577300000,2026-05-12T09:15:00+00:00,423.60000000,423.70000000,423.06000000,423.22000000,11.25000000
1778578200000,2026-05-12T09:30:00+00:00,423.27000000,423.93000000,423.27000000,423.93000000,18.73000000
1778579100000,2026-05-12T09:45:00+00:00,423.90000000,424.24000000,423.68000000,423.97000000,16.33000000
1778580000000,2026-05-12T10:00:00+00:00,423.92000000,424.92000000,423.92000000,424.82000000,32.57000000
1778580900000,2026-05-12T10:15:00+00:00,424.84000000,424.90000000,424.25000000,424.34000000,14.48000000
1778581800000,2026-05-12T10:30:00+00:00,424.44000000,424.46000000,424.02000000,424.04000000,17.52000000
1778582700000,2026-05-12T10:45:00+00:00,424.10000000,424.16000000,423.50000000,423.79000000,11.23000000
1778583600000,2026-05-12T11:00:00+00:00,424.00000000,424.62000000,423.11000000,423.72000000,19.94000000
1778584500000,2026-05-12T11:15:00+00:00,423.59000000,423.70000000,423.17000000,423.49000000,6.13000000
1778585400000,2026-05-12T11:30:00+00:00,423.53000000,424.22000000,423.46000000,424.06000000,7.05000000
1778586300000,2026-05-12T11:45:00+00:00,423.95000000,424.00000000,423.77000000,423.77000000,4.00000000
1778587200000,2026-05-12T12:00:00+00:00,423.58000000,423.58000000,421.26000000,422.84000000,38.35000000
1778588100000,2026-05-12T12:15:00+00:00,423.08000000,423.08000000,421.82000000,421.97000000,35.47000000
1778589000000,2026-05-12T12:30:00+00:00,421.98000000,423.78000000,421.40000000,423.07000000,129.59000000
1778589900000,2026-05-12T12:45:00+00:00,422.96000000,423.58000000,421.85000000,422.14000000,70.01000000
1778590800000,2026-05-12T13:00:00+00:00,422.14000000,422.47000000,421.59000000,421.87000000,27.68000000
1778591700000,2026-05-12T13:15:00+00:00,421.72000000,423.71000000,420.87000000,423.24000000,170.31000000
1778592600000,2026-05-12T13:30:00+00:00,423.16000000,427.79000000,419.21000000,427.71000000,597.39000000
1778593500000,2026-05-12T13:45:00+00:00,427.71000000,429.51000000,425.07000000,425.09000000,229.35000000
1778594400000,2026-05-12T14:00:00+00:00,424.90000000,427.77000000,424.24000000,426.32000000,185.44000000
1778595300000,2026-05-12T14:15:00+00:00,426.44000000,427.29000000,423.25000000,423.25000000,106.25000000
1778596200000,2026-05-12T14:30:00+00:00,423.81000000,424.18000000,419.63000000,422.37000000,120.46000000
1778597100000,2026-05-12T14:45:00+00:00,422.19000000,422.93000000,419.51000000,419.51000000,188.25000000
1778598000000,2026-05-12T15:00:00+00:00,419.57000000,420.01000000,417.24000000,417.64000000,159.78000000
1778598900000,2026-05-12T15:15:00+00:00,417.59000000,417.81000000,412.69000000,413.22000000,240.32000000
1778599800000,2026-05-12T15:30:00+00:00,412.89000000,416.94000000,412.89000000,415.56000000,82.52000000
1778600700000,2026-05-12T15:45:00+00:00,415.58000000,415.94000000,412.47000000,413.01000000,68.38000000
1778601600000,2026-05-12T16:00:00+00:00,412.56000000,414.00000000,412.26000000,413.64000000,103.40000000
1778602500000,2026-05-12T16:15:00+00:00,413.61000000,413.70000000,410.93000000,411.07000000,67.99000000
1778603400000,2026-05-12T16:30:00+00:00,411.08000000,411.40000000,408.82000000,409.68000000,116.25000000
1778604300000,2026-05-12T16:45:00+00:00,409.81000000,410.27000000,408.79000000,408.87000000,126.60000000
1778605200000,2026-05-12T17:00:00+00:00,409.19000000,411.42000000,408.61000000,411.00000000,118.27000000
1778606100000,2026-05-12T17:15:00+00:00,411.07000000,413.30000000,409.43000000,411.88000000,81.97000000
1778607000000,2026-05-12T17:30:00+00:00,411.66000000,413.20000000,411.57000000,412.23000000,41.15000000
1778607900000,2026-05-12T17:45:00+00:00,411.98000000,412.95000000,410.80000000,412.74000000,49.47000000
1778608800000,2026-05-12T18:00:00+00:00,412.77000000,414.42000000,411.65000000,414.42000000,141.82000000
1778609700000,2026-05-12T18:15:00+00:00,414.39000000,415.81000000,413.54000000,415.50000000,82.60000000
1778610600000,2026-05-12T18:30:00+00:00,415.29000000,415.75000000,414.30000000,414.36000000,42.05000000
1778611500000,2026-05-12T18:45:00+00:00,414.11000000,415.43000000,413.67000000,414.09000000,59.56000000
1778612400000,2026-05-12T19:00:00+00:00,414.46000000,416.91000000,413.81000000,416.72000000,50.21000000
1778613300000,2026-05-12T19:15:00+00:00,416.15000000,417.08000000,415.13000000,416.73000000,72.66000000
1778614200000,2026-05-12T19:30:00+00:00,416.64000000,418.83000000,416.64000000,418.83000000,27.67000000
1778615100000,2026-05-12T19:45:00+00:00,418.62000000,420.33000000,417.91000000,419.29000000,88.20000000
1778616000000,2026-05-12T20:00:00+00:00,419.41000000,419.42000000,417.06000000,417.74000000,153.44000000
1778616900000,2026-05-12T20:15:00+00:00,417.73000000,417.99000000,416.66000000,416.84000000,35.20000000
1778617800000,2026-05-12T20:30:00+00:00,416.97000000,417.31000000,416.92000000,417.17000000,20.37000000
1778618700000,2026-05-12T20:45:00+00:00,417.19000000,417.89000000,416.86000000,417.62000000,26.46000000
1778619600000,2026-05-12T21:00:00+00:00,417.66000000,418.00000000,417.34000000,417.60000000,19.90000000
1778620500000,2026-05-12T21:15:00+00:00,417.59000000,417.75000000,417.31000000,417.44000000,11.72000000
1778621400000,2026-05-12T21:30:00+00:00,417.44000000,417.67000000,417.40000000,417.63000000,2.04000000
1778622300000,2026-05-12T21:45:00+00:00,417.65000000,417.81000000,417.56000000,417.67000000,5.18000000
1778623200000,2026-05-12T22:00:00+00:00,417.73000000,417.89000000,417.39000000,417.63000000,14.25000000
1778624100000,2026-05-12T22:15:00+00:00,417.59000000,418.38000000,417.55000000,418.31000000,29.70000000
1778625000000,2026-05-12T22:30:00+00:00,418.14000000,418.90000000,418.14000000,418.54000000,16.79000000
1778625900000,2026-05-12T22:45:00+00:00,418.36000000,418.80000000,418.03000000,418.35000000,7.13000000
1778626800000,2026-05-12T23:00:00+00:00,418.09000000,418.54000000,418.09000000,418.35000000,7.76000000
1778627700000,2026-05-12T23:15:00+00:00,418.34000000,418.87000000,418.34000000,418.66000000,47.26000000
1778628600000,2026-05-12T23:30:00+00:00,418.56000000,418.92000000,417.81000000,417.81000000,22.63000000
1778629500000,2026-05-12T23:45:00+00:00,417.84000000,418.27000000,417.67000000,417.67000000,5.01000000
1778630400000,2026-05-13T00:00:00+00:00,417.82000000,419.76000000,417.40000000,418.13000000,83.52000000
1778631300000,2026-05-13T00:15:00+00:00,417.93000000,419.98000000,417.93000000,419.24000000,20.40000000
1778632200000,2026-05-13T00:30:00+00:00,419.18000000,419.37000000,418.53000000,419.03000000,22.81000000
1778633100000,2026-05-13T00:45:00+00:00,419.08000000,419.68000000,418.71000000,419.67000000,22.56000000
1778634000000,2026-05-13T01:00:00+00:00,419.38000000,420.31000000,419.38000000,420.02000000,27.44000000
1778634900000,2026-05-13T01:15:00+00:00,420.08000000,421.03000000,419.98000000,420.57000000,9.52000000
1778635800000,2026-05-13T01:30:00+00:00,420.53000000,421.13000000,419.90000000,420.34000000,22.49000000
1778636700000,2026-05-13T01:45:00+00:00,420.54000000,421.99000000,420.40000000,421.07000000,86.99000000
1778637600000,2026-05-13T02:00:00+00:00,420.98000000,421.08000000,420.05000000,420.75000000,46.84000000
1778638500000,2026-05-13T02:15:00+00:00,420.93000000,420.93000000,420.06000000,420.39000000,18.83000000
1778639400000,2026-05-13T02:30:00+00:00,420.33000000,420.85000000,419.90000000,420.04000000,30.57000000
1778640300000,2026-05-13T02:45:00+00:00,420.05000000,420.41000000,419.76000000,420.18000000,3.98000000
1778641200000,2026-05-13T03:00:00+00:00,420.12000000,420.48000000,419.89000000,420.42000000,15.68000000
1778642100000,2026-05-13T03:15:00+00:00,420.29000000,420.53000000,420.04000000,420.53000000,1.76000000
1778643000000,2026-05-13T03:30:00+00:00,420.47000000,421.31000000,420.47000000,421.10000000,12.97000000
1778643900000,2026-05-13T03:45:00+00:00,421.05000000,421.17000000,420.89000000,421.16000000,7.97000000
1778644800000,2026-05-13T04:00:00+00:00,421.07000000,421.41000000,420.75000000,420.95000000,13.27000000
1778645700000,2026-05-13T04:15:00+00:00,421.09000000,421.85000000,420.92000000,421.32000000,48.10000000
1778646600000,2026-05-13T04:30:00+00:00,421.43000000,421.61000000,421.17000000,421.20000000,31.82000000
1778647500000,2026-05-13T04:45:00+00:00,421.37000000,421.54000000,421.18000000,421.39000000,11.02000000
1778648400000,2026-05-13T05:00:00+00:00,421.28000000,422.27000000,421.26000000,422.23000000,14.25000000
1778649300000,2026-05-13T05:15:00+00:00,422.04000000,422.14000000,421.88000000,421.97000000,8.32000000
1778650200000,2026-05-13T05:30:00+00:00,421.96000000,422.07000000,421.71000000,421.71000000,77.45000000
1778651100000,2026-05-13T05:45:00+00:00,421.49000000,421.99000000,421.17000000,421.99000000,16.87000000
1778652000000,2026-05-13T06:00:00+00:00,421.92000000,421.96000000,421.37000000,421.96000000,16.17000000
1778652900000,2026-05-13T06:15:00+00:00,421.94000000,422.43000000,421.81000000,422.01000000,10.60000000
1778653800000,2026-05-13T06:30:00+00:00,422.00000000,422.50000000,421.95000000,422.13000000,5.37000000
1778654700000,2026-05-13T06:45:00+00:00,422.29000000,422.31000000,421.51000000,421.64000000,57.88000000
1778655600000,2026-05-13T07:00:00+00:00,421.38000000,421.68000000,421.26000000,421.60000000,31.00000000
1778656500000,2026-05-13T07:15:00+00:00,421.47000000,421.72000000,421.12000000,421.40000000,9.58000000
1778657400000,2026-05-13T07:30:00+00:00,421.41000000,422.11000000,420.96000000,422.09000000,50.36000000
1778658300000,2026-05-13T07:45:00+00:00,422.30000000,422.93000000,422.30000000,422.33000000,32.59000000
1778659200000,2026-05-13T08:00:00+00:00,422.12000000,424.42000000,421.90000000,423.30000000,66.26000000
1778660100000,2026-05-13T08:15:00+00:00,423.29000000,424.36000000,423.23000000,423.72000000,38.87000000
1778661000000,2026-05-13T08:30:00+00:00,423.72000000,424.54000000,422.85000000,424.54000000,11.23000000
1778661900000,2026-05-13T08:45:00+00:00,424.39000000,424.46000000,423.62000000,423.79000000,8.95000000
1778662800000,2026-05-13T09:00:00+00:00,423.87000000,424.00000000,422.85000000,423.06000000,26.29000000
1778663700000,2026-05-13T09:15:00+00:00,423.03000000,423.51000000,422.62000000,423.27000000,97.14000000
1778664600000,2026-05-13T09:30:00+00:00,423.28000000,423.70000000,422.90000000,423.70000000,73.54000000
1778665500000,2026-05-13T09:45:00+00:00,423.95000000,424.00000000,422.95000000,423.16000000,96.75000000
1778666400000,2026-05-13T10:00:00+00:00,423.07000000,423.24000000,422.42000000,422.65000000,13.49000000
1778667300000,2026-05-13T10:15:00+00:00,422.55000000,422.84000000,422.12000000,422.18000000,62.59000000
1778668200000,2026-05-13T10:30:00+00:00,422.12000000,422.54000000,421.63000000,421.91000000,17.71000000
1778669100000,2026-05-13T10:45:00+00:00,421.93000000,422.20000000,420.83000000,421.32000000,66.64000000
1778670000000,2026-05-13T11:00:00+00:00,421.38000000,422.02000000,420.82000000,422.02000000,28.74000000
1778670900000,2026-05-13T11:15:00+00:00,421.87000000,422.21000000,421.55000000,421.84000000,15.92000000
1778671800000,2026-05-13T11:30:00+00:00,421.81000000,422.50000000,421.62000000,422.22000000,8.39000000
1778672700000,2026-05-13T11:45:00+00:00,422.16000000,422.22000000,421.53000000,421.67000000,11.16000000
1778673600000,2026-05-13T12:00:00+00:00,421.69000000,422.46000000,421.39000000,421.97000000,35.98000000
1778674500000,2026-05-13T12:15:00+00:00,421.94000000,422.00000000,420.70000000,421.08000000,25.13000000
1778675400000,2026-05-13T12:30:00+00:00,421.08000000,421.58000000,416.74000000,416.74000000,195.83000000
1778676300000,2026-05-13T12:45:00+00:00,416.74000000,418.22000000,415.67000000,417.27000000,92.49000000
1778677200000,2026-05-13T13:00:00+00:00,417.30000000,419.03000000,417.30000000,418.81000000,18.80000000
1778678100000,2026-05-13T13:15:00+00:00,418.84000000,419.58000000,414.68000000,416.03000000,154.02000000
1778679000000,2026-05-13T13:30:00+00:00,416.03000000,416.04000000,408.75000000,409.92000000,565.80000000
1778679900000,2026-05-13T13:45:00+00:00,409.73000000,410.39000000,404.74000000,408.67000000,396.12000000
1778680800000,2026-05-13T14:00:00+00:00,408.67000000,410.24000000,407.91000000,409.31000000,163.18000000
1778681700000,2026-05-13T14:15:00+00:00,409.56000000,412.55000000,408.47000000,411.90000000,203.18000000
1778682600000,2026-05-13T14:30:00+00:00,412.13000000,413.28000000,410.72000000,412.97000000,99.77000000
1778683500000,2026-05-13T14:45:00+00:00,412.92000000,415.16000000,412.74000000,414.40000000,49.87000000
1778684400000,2026-05-13T15:00:00+00:00,414.51000000,414.87000000,413.20000000,413.91000000,85.14000000
1778685300000,2026-05-13T15:15:00+00:00,413.82000000,415.22000000,413.13000000,413.49000000,74.17000000
1778686200000,2026-05-13T15:30:00+00:00,413.42000000,414.56000000,412.40000000,414.51000000,160.90000000
1778687100000,2026-05-13T15:45:00+00:00,414.84000000,415.01000000,412.80000000,415.01000000,130.96000000
1778688000000,2026-05-13T16:00:00+00:00,415.24000000,416.50000000,413.98000000,416.03000000,76.26000000
1778688900000,2026-05-13T16:15:00+00:00,416.19000000,416.98000000,414.66000000,416.64000000,153.04000000
1778689800000,2026-05-13T16:30:00+00:00,416.19000000,416.31000000,414.81000000,415.40000000,53.06000000
1778690700000,2026-05-13T16:45:00+00:00,415.60000000,416.20000000,415.06000000,415.86000000,42.56000000
1778691600000,2026-05-13T17:00:00+00:00,416.04000000,417.98000000,415.99000000,417.53000000,58.38000000
1778692500000,2026-05-13T17:15:00+00:00,417.50000000,417.99000000,416.88000000,417.80000000,27.49000000
1778693400000,2026-05-13T17:30:00+00:00,417.94000000,418.12000000,417.34000000,417.87000000,56.90000000
1778694300000,2026-05-13T17:45:00+00:00,417.85000000,417.98000000,416.98000000,417.20000000,15.27000000
1778695200000,2026-05-13T18:00:00+00:00,416.84000000,418.05000000,416.77000000,417.58000000,44.36000000
1778696100000,2026-05-13T18:15:00+00:00,417.62000000,418.20000000,417.38000000,418.02000000,28.23000000
1778697000000,2026-05-13T18:30:00+00:00,417.79000000,418.50000000,416.90000000,418.50000000,34.39000000
1778697900000,2026-05-13T18:45:00+00:00,418.60000000,418.61000000,416.51000000,416.51000000,27.21000000
1778698800000,2026-05-13T19:00:00+00:00,416.49000000,417.59000000,416.00000000,417.59000000,52.04000000
1778699700000,2026-05-13T19:15:00+00:00,417.78000000,418.72000000,417.50000000,418.58000000,36.08000000
1778700600000,2026-05-13T19:30:00+00:00,418.40000000,418.40000000,417.42000000,417.92000000,26.53000000
1778701500000,2026-05-13T19:45:00+00:00,418.18000000,418.62000000,416.09000000,417.10000000,110.08000000
1778702400000,2026-05-13T20:00:00+00:00,417.10000000,417.60000000,416.63000000,417.24000000,35.76000000
1778703300000,2026-05-13T20:15:00+00:00,417.07000000,417.55000000,416.74000000,417.35000000,8.65000000
1778704200000,2026-05-13T20:30:00+00:00,417.34000000,418.07000000,417.01000000,417.42000000,11.87000000
1778705100000,2026-05-13T20:45:00+00:00,417.47000000,417.76000000,417.43000000,417.76000000,0.21000000
1778706000000,2026-05-13T21:00:00+00:00,417.76000000,417.76000000,416.70000000,417.16000000,27.90000000
1778706900000,2026-05-13T21:15:00+00:00,417.07000000,417.27000000,416.84000000,416.84000000,2.76000000
1778707800000,2026-05-13T21:30:00+00:00,416.85000000,417.26000000,415.74000000,416.85000000,29.07000000
1778708700000,2026-05-13T21:45:00+00:00,417.03000000,417.32000000,416.76000000,417.02000000,8.05000000
1778709600000,2026-05-13T22:00:00+00:00,416.76000000,417.89000000,416.76000000,417.56000000,13.00000000
1778710500000,2026-05-13T22:15:00+00:00,417.56000000,418.02000000,417.01000000,417.20000000,9.72000000
1778711400000,2026-05-13T22:30:00+00:00,417.26000000,417.86000000,417.24000000,417.45000000,2.57000000
1778712300000,2026-05-13T22:45:00+00:00,417.71000000,418.19000000,417.47000000,418.19000000,4.72000000
1778713200000,2026-05-13T23:00:00+00:00,418.06000000,418.25000000,417.67000000,418.25000000,13.16000000
1778714100000,2026-05-13T23:15:00+00:00,418.22000000,418.23000000,417.91000000,417.91000000,4.23000000
1778715000000,2026-05-13T23:30:00+00:00,417.75000000,417.81000000,417.56000000,417.80000000,2.99000000
1778715900000,2026-05-13T23:45:00+00:00,417.73000000,418.40000000,417.55000000,418.01000000,7.36000000
1778716800000,2026-05-14T00:00:00+00:00,418.40000000,418.40000000,417.00000000,418.09000000,38.82000000
1778717700000,2026-05-14T00:15:00+00:00,418.07000000,418.36000000,417.71000000,418.12000000,33.63000000
1778718600000,2026-05-14T00:30:00+00:00,418.11000000,418.58000000,418.09000000,418.51000000,9.77000000
1778719500000,2026-05-14T00:45:00+00:00,418.53000000,418.75000000,418.05000000,418.42000000,5.04000000
1778720400000,2026-05-14T01:00:00+00:00,418.42000000,419.11000000,418.35000000,418.96000000,18.75000000
1778721300000,2026-05-14T01:15:00+00:00,418.82000000,419.35000000,418.77000000,419.35000000,6.67000000
1778722200000,2026-05-14T01:30:00+00:00,419.31000000,419.31000000,418.48000000,418.55000000,5.97000000
1778723100000,2026-05-14T01:45:00+00:00,418.83000000,418.83000000,417.83000000,417.98000000,22.29000000
1778724000000,2026-05-14T02:00:00+00:00,417.99000000,418.36000000,417.59000000,417.70000000,16.16000000
1778724900000,2026-05-14T02:15:00+00:00,417.60000000,418.35000000,417.18000000,417.95000000,26.74000000
1778725800000,2026-05-14T02:30:00+00:00,417.97000000,418.56000000,417.72000000,417.94000000,8.27000000
1778726700000,2026-05-14T02:45:00+00:00,418.19000000,418.19000000,417.32000000,417.63000000,8.28000000
1778727600000,2026-05-14T03:00:00+00:00,417.65000000,418.14000000,417.26000000,417.96000000,34.13000000
1778728500000,2026-05-14T03:15:00+00:00,417.68000000,417.80000000,417.19000000,417.44000000,40.00000000
1778729400000,2026-05-14T03:30:00+00:00,417.59000000,417.60000000,417.19000000,417.24000000,27.06000000
1778730300000,2026-05-14T03:45:00+00:00,417.19000000,417.23000000,416.78000000,416.78000000,34.15000000
1778731200000,2026-05-14T04:00:00+00:00,416.80000000,417.53000000,415.93000000,417.35000000,57.52000000
1778732100000,2026-05-14T04:15:00+00:00,416.57000000,418.20000000,416.57000000,418.02000000,32.44000000
1778733000000,2026-05-14T04:30:00+00:00,418.10000000,418.14000000,417.74000000,418.14000000,17.39000000
1778733900000,2026-05-14T04:45:00+00:00,418.28000000,418.28000000,417.54000000,417.54000000,18.31000000
1778734800000,2026-05-14T05:00:00+00:00,417.76000000,417.86000000,417.39000000,417.71000000,8.20000000
1778735700000,2026-05-14T05:15:00+00:00,417.71000000,417.71000000,416.16000000,417.03000000,34.25000000
1778736600000,2026-05-14T05:30:00+00:00,417.14000000,417.33000000,416.67000000,416.67000000,6.99000000
1778737500000,2026-05-14T05:45:00+00:00,416.85000000,417.87000000,416.85000000,417.67000000,15.48000000
1778738400000,2026-05-14T06:00:00+00:00,417.63000000,418.49000000,417.60000000,418.26000000,17.35000000
1778739300000,2026-05-14T06:15:00+00:00,418.33000000,418.51000000,418.13000000,418.47000000,13.60000000
1778740200000,2026-05-14T06:30:00+00:00,418.30000000,418.39000000,418.15000000,418.23000000,1.78000000
1778741100000,2026-05-14T06:45:00+00:00,418.00000000,418.25000000,417.91000000,417.91000000,11.55000000
1778742000000,2026-05-14T07:00:00+00:00,417.97000000,418.37000000,417.34000000,417.34000000,29.12000000
1778742900000,2026-05-14T07:15:00+00:00,417.53000000,417.87000000,417.45000000,417.59000000,6.74000000
1778743800000,2026-05-14T07:30:00+00:00,417.59000000,418.13000000,417.32000000,417.66000000,39.74000000
1778744700000,2026-05-14T07:45:00+00:00,417.95000000,417.95000000,417.17000000,417.31000000,12.99000000
1778745600000,2026-05-14T08:00:00+00:00,417.31000000,417.82000000,416.81000000,417.55000000,21.42000000
1778746500000,2026-05-14T08:15:00+00:00,417.55000000,418.77000000,417.26000000,417.85000000,98.52000000
1778747400000,2026-05-14T08:30:00+00:00,417.89000000,418.07000000,416.66000000,416.91000000,36.09000000
1778748300000,2026-05-14T08:45:00+00:00,416.89000000,417.31000000,416.64000000,417.22000000,5.51000000
1778749200000,2026-05-14T09:00:00+00:00,417.23000000,417.66000000,416.88000000,417.24000000,37.54000000
1778750100000,2026-05-14T09:15:00+00:00,417.03000000,417.24000000,416.20000000,416.20000000,11.71000000
1778751000000,2026-05-14T09:30:00+00:00,416.28000000,416.83000000,415.76000000,416.25000000,24.93000000
1778751900000,2026-05-14T09:45:00+00:00,416.25000000,416.65000000,416.12000000,416.42000000,16.97000000
1778752800000,2026-05-14T10:00:00+00:00,416.56000000,417.01000000,416.17000000,416.52000000,25.77000000
1778753700000,2026-05-14T10:15:00+00:00,416.58000000,417.35000000,416.50000000,417.06000000,13.38000000
1778754600000,2026-05-14T10:30:00+00:00,416.80000000,416.94000000,415.57000000,415.68000000,16.93000000
1778755500000,2026-05-14T10:45:00+00:00,415.68000000,416.45000000,415.68000000,416.45000000,59.10000000
1778756400000,2026-05-14T11:00:00+00:00,416.43000000,417.31000000,416.43000000,417.28000000,36.44000000
1778757300000,2026-05-14T11:15:00+00:00,417.55000000,417.55000000,415.91000000,415.97000000,22.27000000
1778758200000,2026-05-14T11:30:00+00:00,416.03000000,416.44000000,416.03000000,416.24000000,3.29000000
1778759100000,2026-05-14T11:45:00+00:00,416.50000000,416.59000000,416.23000000,416.37000000,9.69000000
1778760000000,2026-05-14T12:00:00+00:00,416.37000000,416.69000000,416.20000000,416.68000000,23.46000000
1778760900000,2026-05-14T12:15:00+00:00,416.72000000,417.37000000,416.42000000,416.96000000,13.14000000
1778761800000,2026-05-14T12:30:00+00:00,416.98000000,416.98000000,415.83000000,416.11000000,26.16000000
1778762700000,2026-05-14T12:45:00+00:00,416.17000000,416.44000000,415.59000000,415.70000000,11.34000000
1778763600000,2026-05-14T13:00:00+00:00,415.66000000,415.95000000,413.50000000,413.91000000,57.83000000
1778764500000,2026-05-14T13:15:00+00:00,413.96000000,417.11000000,413.95000000,416.84000000,55.92000000
1778765400000,2026-05-14T13:30:00+00:00,416.84000000,434.85000000,416.42000000,430.24000000,3289.89000000
1778766300000,2026-05-14T13:45:00+00:00,430.27000000,432.80000000,427.10000000,427.88000000,788.33000000
1778767200000,2026-05-14T14:00:00+00:00,427.54000000,431.84000000,427.54000000,430.95000000,445.77000000
1778768100000,2026-05-14T14:15:00+00:00,430.96000000,436.39000000,430.72000000,435.40000000,791.72000000
1778769000000,2026-05-14T14:30:00+00:00,435.41000000,437.96000000,433.75000000,436.39000000,636.63000000
1778769900000,2026-05-14T14:45:00+00:00,436.38000000,438.31000000,433.83000000,434.94000000,398.01000000
1778770800000,2026-05-14T15:00:00+00:00,435.04000000,437.23000000,433.62000000,436.40000000,256.21000000
1778771700000,2026-05-14T15:15:00+00:00,436.53000000,440.69000000,436.53000000,439.24000000,771.62000000
1778772600000,2026-05-14T15:30:00+00:00,439.31000000,441.22000000,434.69000000,437.40000000,832.34000000
1778773500000,2026-05-14T15:45:00+00:00,437.73000000,437.83000000,435.56000000,436.42000000,326.40000000
1778774400000,2026-05-14T16:00:00+00:00,436.54000000,437.15000000,434.66000000,434.66000000,158.30000000
1778775300000,2026-05-14T16:15:00+00:00,434.66000000,434.96000000,433.61000000,433.81000000,159.25000000
1778776200000,2026-05-14T16:30:00+00:00,433.94000000,435.01000000,427.85000000,432.68000000,266.35000000
1778777100000,2026-05-14T16:45:00+00:00,432.67000000,434.15000000,432.16000000,433.38000000,45.19000000
1778778000000,2026-05-14T17:00:00+00:00,433.39000000,434.81000000,432.68000000,432.79000000,109.75000000
1778778900000,2026-05-14T17:15:00+00:00,432.62000000,434.09000000,431.78000000,432.87000000,91.29000000
1778779800000,2026-05-14T17:30:00+00:00,433.52000000,435.01000000,433.25000000,434.57000000,70.26000000
1778780700000,2026-05-14T17:45:00+00:00,434.70000000,441.17000000,431.59000000,435.88000000,414.72000000
1778781600000,2026-05-14T18:00:00+00:00,435.79000000,436.22000000,434.32000000,435.57000000,108.07000000
1778782500000,2026-05-14T18:15:00+00:00,435.68000000,436.62000000,435.38000000,436.62000000,101.13000000
1778783400000,2026-05-14T18:30:00+00:00,436.40000000,437.15000000,435.05000000,437.07000000,63.56000000
1778784300000,2026-05-14T18:45:00+00:00,437.07000000,440.02000000,436.74000000,440.02000000,99.53000000
1778785200000,2026-05-14T19:00:00+00:00,440.14000000,441.54000000,439.66000000,440.25000000,153.97000000
1778786100000,2026-05-14T19:15:00+00:00,440.19000000,441.72000000,440.16000000,440.77000000,59.80000000
1778787000000,2026-05-14T19:30:00+00:00,440.79000000,442.66000000,440.47000000,442.22000000,123.50000000
1778787900000,2026-05-14T19:45:00+00:00,442.28000000,442.86000000,439.83000000,440.10000000,117.70000000
1778788800000,2026-05-14T20:00:00+00:00,440.32000000,441.88000000,440.12000000,440.59000000,148.29000000
1778789700000,2026-05-14T20:15:00+00:00,440.46000000,440.95000000,438.27000000,440.16000000,84.17000000
1778790600000,2026-05-14T20:30:00+00:00,440.11000000,440.28000000,439.46000000,439.93000000,9.94000000
1778791500000,2026-05-14T20:45:00+00:00,439.99000000,440.52000000,439.67000000,440.47000000,50.61000000
1778792400000,2026-05-14T21:00:00+00:00,440.35000000,440.70000000,440.22000000,440.40000000,21.93000000
1778793300000,2026-05-14T21:15:00+00:00,440.44000000,440.62000000,439.97000000,440.10000000,13.55000000
1778794200000,2026-05-14T21:30:00+00:00,440.14000000,441.27000000,439.79000000,439.88000000,131.85000000
1778795100000,2026-05-14T21:45:00+00:00,439.88000000,440.62000000,439.80000000,440.46000000,37.73000000
1778796000000,2026-05-14T22:00:00+00:00,440.52000000,442.20000000,440.11000000,440.20000000,428.19000000
1778796900000,2026-05-14T22:15:00+00:00,440.22000000,440.65000000,435.07000000,440.57000000,452.07000000
1778797800000,2026-05-14T22:30:00+00:00,440.48000000,441.28000000,439.58000000,440.89000000,56.26000000
1778798700000,2026-05-14T22:45:00+00:00,440.98000000,441.28000000,440.57000000,441.10000000,8.58000000
1778799600000,2026-05-14T23:00:00+00:00,441.16000000,442.14000000,440.65000000,441.66000000,72.11000000
1778800500000,2026-05-14T23:15:00+00:00,441.75000000,441.81000000,440.77000000,441.09000000,12.83000000
1778801400000,2026-05-14T23:30:00+00:00,441.31000000,442.07000000,440.00000000,440.96000000,77.34000000
1778802300000,2026-05-14T23:45:00+00:00,440.91000000,441.30000000,440.38000000,440.60000000,51.10000000
1778803200000,2026-05-15T00:00:00+00:00,440.79000000,442.24000000,439.48000000,442.24000000,157.53000000
1778804100000,2026-05-15T00:15:00+00:00,442.29000000,442.92000000,441.49000000,442.72000000,43.89000000
1778805000000,2026-05-15T00:30:00+00:00,442.70000000,443.09000000,439.88000000,440.35000000,230.72000000
1778805900000,2026-05-15T00:45:00+00:00,440.24000000,441.33000000,439.43000000,441.27000000,85.72000000
1778806800000,2026-05-15T01:00:00+00:00,441.33000000,441.50000000,439.36000000,439.52000000,101.19000000
1778807700000,2026-05-15T01:15:00+00:00,439.41000000,439.75000000,437.56000000,437.80000000,34.64000000
1778808600000,2026-05-15T01:30:00+00:00,437.90000000,438.12000000,435.96000000,437.40000000,156.17000000
1778809500000,2026-05-15T01:45:00+00:00,437.31000000,437.42000000,435.38000000,435.38000000,119.45000000
1778810400000,2026-05-15T02:00:00+00:00,435.66000000,437.90000000,435.29000000,436.68000000,144.29000000
1778811300000,2026-05-15T02:15:00+00:00,436.36000000,438.25000000,436.29000000,437.28000000,94.04000000
1778812200000,2026-05-15T02:30:00+00:00,437.34000000,438.77000000,436.64000000,437.47000000,167.95000000
1778813100000,2026-05-15T02:45:00+00:00,437.42000000,438.54000000,437.17000000,438.37000000,75.70000000
1778814000000,2026-05-15T03:00:00+00:00,437.99000000,438.73000000,437.52000000,437.52000000,46.40000000
1778814900000,2026-05-15T03:15:00+00:00,437.99000000,438.42000000,437.69000000,438.40000000,18.65000000
1778815800000,2026-05-15T03:30:00+00:00,438.11000000,438.33000000,437.80000000,437.97000000,39.67000000
1778816700000,2026-05-15T03:45:00+00:00,438.04000000,438.30000000,437.57000000,438.09000000,32.99000000
1778817600000,2026-05-15T04:00:00+00:00,437.94000000,437.98000000,436.80000000,437.23000000,42.01000000
1778818500000,2026-05-15T04:15:00+00:00,437.30000000,437.66000000,436.60000000,436.91000000,23.01000000
1778819400000,2026-05-15T04:30:00+00:00,436.91000000,436.94000000,435.78000000,435.84000000,37.82000000
1778820300000,2026-05-15T04:45:00+00:00,435.75000000,436.15000000,434.54000000,434.54000000,28.72000000
1778821200000,2026-05-15T05:00:00+00:00,434.57000000,435.70000000,432.38000000,432.91000000,102.51000000
1778822100000,2026-05-15T05:15:00+00:00,432.87000000,433.81000000,432.77000000,433.17000000,37.30000000
1778823000000,2026-05-15T05:30:00+00:00,433.17000000,433.44000000,431.31000000,431.45000000,103.98000000
1778823900000,2026-05-15T05:45:00+00:00,431.58000000,431.58000000,428.87000000,428.87000000,207.11000000
1778824800000,2026-05-15T06:00:00+00:00,429.04000000,431.04000000,428.17000000,431.03000000,321.66000000
1778825700000,2026-05-15T06:15:00+00:00,430.46000000,432.32000000,430.17000000,431.02000000,459.20000000
1778826600000,2026-05-15T06:30:00+00:00,431.04000000,432.90000000,431.04000000,432.81000000,167.74000000
1778827500000,2026-05-15T06:45:00+00:00,432.93000000,433.53000000,432.60000000,433.40000000,108.96000000
1778828400000,2026-05-15T07:00:00+00:00,433.37000000,433.96000000,431.66000000,433.96000000,205.32000000
1778829300000,2026-05-15T07:15:00+00:00,434.03000000,434.56000000,433.50000000,433.50000000,53.74000000
1778830200000,2026-05-15T07:30:00+00:00,433.47000000,433.85000000,431.08000000,432.05000000,82.30000000
1778831100000,2026-05-15T07:45:00+00:00,431.96000000,432.29000000,431.56000000,432.09000000,22.85000000
1778832000000,2026-05-15T08:00:00+00:00,432.16000000,432.48000000,430.88000000,431.82000000,122.67000000
1778832900000,2026-05-15T08:15:00+00:00,431.77000000,432.09000000,429.17000000,429.67000000,58.15000000
1778833800000,2026-05-15T08:30:00+00:00,429.44000000,430.09000000,428.18000000,430.09000000,82.22000000
1778834700000,2026-05-15T08:45:00+00:00,430.17000000,430.42000000,428.99000000,429.28000000,61.22000000
1778835600000,2026-05-15T09:00:00+00:00,429.24000000,429.83000000,428.70000000,428.70000000,35.17000000
1778836500000,2026-05-15T09:15:00+00:00,428.85000000,428.91000000,427.64000000,428.52000000,80.87000000
1778837400000,2026-05-15T09:30:00+00:00,428.44000000,429.60000000,427.73000000,427.73000000,59.80000000
1778838300000,2026-05-15T09:45:00+00:00,427.63000000,428.14000000,426.80000000,428.12000000,112.24000000
1778839200000,2026-05-15T10:00:00+00:00,427.97000000,430.01000000,427.73000000,429.76000000,45.32000000
1778840100000,2026-05-15T10:15:00+00:00,429.90000000,430.39000000,429.64000000,430.10000000,20.20000000
1778841000000,2026-05-15T10:30:00+00:00,430.02000000,431.10000000,429.38000000,430.49000000,92.94000000
1778841900000,2026-05-15T10:45:00+00:00,430.55000000,432.62000000,430.35000000,431.89000000,95.84000000
1778842800000,2026-05-15T11:00:00+00:00,431.89000000,432.76000000,431.58000000,431.83000000,71.82000000
1778843700000,2026-05-15T11:15:00+00:00,431.93000000,432.61000000,430.73000000,431.05000000,115.67000000
1778844600000,2026-05-15T11:30:00+00:00,431.44000000,431.84000000,430.06000000,430.22000000,47.79000000
1778845500000,2026-05-15T11:45:00+00:00,430.12000000,431.24000000,430.05000000,430.08000000,27.43000000
1778846400000,2026-05-15T12:00:00+00:00,430.05000000,430.27000000,428.00000000,428.37000000,34.90000000
1778847300000,2026-05-15T12:15:00+00:00,428.53000000,428.78000000,426.48000000,426.99000000,65.50000000
1778848200000,2026-05-15T12:30:00+00:00,426.99000000,428.01000000,426.43000000,427.21000000,125.79000000
1778849100000,2026-05-15T12:45:00+00:00,427.15000000,427.90000000,427.00000000,427.78000000,34.01000000
1778850000000,2026-05-15T13:00:00+00:00,427.64000000,428.04000000,426.45000000,426.98000000,65.19000000
1778850900000,2026-05-15T13:15:00+00:00,426.99000000,433.94000000,426.51000000,433.35000000,210.06000000
1778851800000,2026-05-15T13:30:00+00:00,433.35000000,433.64000000,424.62000000,427.07000000,1137.28000000
1778852700000,2026-05-15T13:45:00+00:00,427.10000000,428.55000000,423.58000000,424.01000000,561.18000000
1778853600000,2026-05-15T14:00:00+00:00,424.18000000,429.54000000,423.91000000,428.88000000,319.83000000
1778854500000,2026-05-15T14:15:00+00:00,428.97000000,430.28000000,427.07000000,427.34000000,213.49000000
1778855400000,2026-05-15T14:30:00+00:00,427.43000000,428.40000000,426.72000000,427.24000000,120.01000000
1778856300000,2026-05-15T14:45:00+00:00,427.34000000,427.49000000,423.12000000,423.45000000,223.21000000
1778857200000,2026-05-15T15:00:00+00:00,423.63000000,424.99000000,422.45000000,424.04000000,110.76000000
1778858100000,2026-05-15T15:15:00+00:00,424.20000000,426.94000000,423.72000000,426.16000000,65.61000000
1778859000000,2026-05-15T15:30:00+00:00,426.18000000,428.10000000,426.10000000,426.70000000,46.94000000
1778859900000,2026-05-15T15:45:00+00:00,426.87000000,427.76000000,425.93000000,427.35000000,67.35000000
1778860800000,2026-05-15T16:00:00+00:00,427.40000000,428.56000000,426.64000000,428.56000000,85.99000000
1778861700000,2026-05-15T16:15:00+00:00,428.57000000,429.50000000,427.79000000,429.38000000,71.41000000
1778862600000,2026-05-15T16:30:00+00:00,429.43000000,430.64000000,429.31000000,430.53000000,42.53000000
1778863500000,2026-05-15T16:45:00+00:00,430.73000000,431.21000000,428.59000000,429.11000000,83.15000000
1778864400000,2026-05-15T17:00:00+00:00,429.30000000,429.44000000,428.84000000,429.14000000,66.82000000
1778865300000,2026-05-15T17:15:00+00:00,429.31000000,430.16000000,428.89000000,429.53000000,24.70000000
1778866200000,2026-05-15T17:30:00+00:00,429.54000000,430.13000000,427.90000000,427.90000000,29.79000000
1778867100000,2026-05-15T17:45:00+00:00,428.00000000,430.22000000,427.96000000,430.03000000,30.21000000
1778868000000,2026-05-15T18:00:00+00:00,430.05000000,430.76000000,429.66000000,430.30000000,47.99000000
1778868900000,2026-05-15T18:15:00+00:00,430.21000000,430.31000000,427.88000000,428.55000000,21.23000000
1778869800000,2026-05-15T18:30:00+00:00,428.32000000,428.32000000,426.69000000,427.11000000,36.49000000
1778870700000,2026-05-15T18:45:00+00:00,427.27000000,428.09000000,427.02000000,428.02000000,20.99000000
1778871600000,2026-05-15T19:00:00+00:00,428.17000000,428.17000000,426.24000000,426.86000000,69.79000000
1778872500000,2026-05-15T19:15:00+00:00,426.92000000,427.26000000,426.36000000,427.03000000,19.54000000
1778873400000,2026-05-15T19:30:00+00:00,427.05000000,428.23000000,427.02000000,427.35000000,20.81000000
1778874300000,2026-05-15T19:45:00+00:00,427.28000000,427.38000000,424.80000000,425.91000000,64.43000000
1778875200000,2026-05-15T20:00:00+00:00,425.92000000,425.93000000,424.20000000,424.44000000,23.64000000
1778876100000,2026-05-15T20:15:00+00:00,424.57000000,425.07000000,424.35000000,425.00000000,28.36000000
1778877000000,2026-05-15T20:30:00+00:00,425.12000000,425.12000000,424.70000000,424.99000000,6.97000000
1778877900000,2026-05-15T20:45:00+00:00,424.90000000,425.57000000,424.90000000,425.18000000,10.30000000
1778878800000,2026-05-15T21:00:00+00:00,425.18000000,425.49000000,424.84000000,425.13000000,39.69000000
1778879700000,2026-05-15T21:15:00+00:00,425.13000000,425.14000000,424.58000000,424.75000000,4.52000000
1778880600000,2026-05-15T21:30:00+00:00,424.58000000,424.83000000,424.50000000,424.50000000,3.23000000
1778881500000,2026-05-15T21:45:00+00:00,424.61000000,425.45000000,424.50000000,424.73000000,8.09000000
1778882400000,2026-05-15T22:00:00+00:00,424.75000000,424.96000000,424.31000000,424.44000000,20.66000000
1778883300000,2026-05-15T22:15:00+00:00,424.47000000,425.08000000,424.00000000,424.00000000,13.43000000
1778884200000,2026-05-15T22:30:00+00:00,424.05000000,424.16000000,423.59000000,423.59000000,13.57000000
1778885100000,2026-05-15T22:45:00+00:00,423.57000000,424.29000000,423.55000000,423.86000000,10.01000000
1778886000000,2026-05-15T23:00:00+00:00,423.87000000,424.49000000,423.64000000,424.23000000,8.67000000
1778886900000,2026-05-15T23:15:00+00:00,424.42000000,425.04000000,424.18000000,424.52000000,17.67000000
1778887800000,2026-05-15T23:30:00+00:00,424.52000000,424.52000000,423.53000000,423.76000000,2.34000000
1778888700000,2026-05-15T23:45:00+00:00,423.67000000,423.88000000,423.60000000,423.83000000,8.27000000
1778889600000,2026-05-16T00:00:00+00:00,423.83000000,424.38000000,423.18000000,423.69000000,15.49000000
1778890500000,2026-05-16T00:15:00+00:00,423.64000000,423.64000000,420.79000000,422.53000000,466.63000000
1778891400000,2026-05-16T00:30:00+00:00,422.48000000,422.86000000,422.18000000,422.68000000,50.55000000
1778892300000,2026-05-16T00:45:00+00:00,422.69000000,422.79000000,422.20000000,422.67000000,22.31000000
1778893200000,2026-05-16T01:00:00+00:00,422.75000000,422.89000000,422.32000000,422.62000000,29.46000000
1778894100000,2026-05-16T01:15:00+00:00,422.52000000,422.71000000,421.65000000,422.32000000,72.90000000
1778895000000,2026-05-16T01:30:00+00:00,422.14000000,422.70000000,422.14000000,422.51000000,36.49000000
1778895900000,2026-05-16T01:45:00+00:00,422.61000000,422.74000000,422.42000000,422.62000000,8.48000000
1778896800000,2026-05-16T02:00:00+00:00,422.64000000,422.64000000,421.13000000,422.23000000,48.46000000
1778897700000,2026-05-16T02:15:00+00:00,422.24000000,422.70000000,422.13000000,422.37000000,25.01000000
1778898600000,2026-05-16T02:30:00+00:00,422.54000000,423.25000000,421.24000000,422.66000000,27.37000000
1778899500000,2026-05-16T02:45:00+00:00,422.78000000,423.01000000,422.59000000,422.99000000,17.74000000
1778900400000,2026-05-16T03:00:00+00:00,422.97000000,423.21000000,422.94000000,423.03000000,14.98000000
1778901300000,2026-05-16T03:15:00+00:00,423.02000000,423.07000000,422.86000000,422.90000000,3.17000000
1778902200000,2026-05-16T03:30:00+00:00,422.85000000,423.03000000,422.85000000,423.03000000,2.81000000
1778903100000,2026-05-16T03:45:00+00:00,423.04000000,423.79000000,423.04000000,423.71000000,43.64000000
1778904000000,2026-05-16T04:00:00+00:00,423.79000000,423.80000000,423.45000000,423.53000000,18.01000000
1778904900000,2026-05-16T04:15:00+00:00,423.55000000,423.63000000,423.35000000,423.35000000,0.82000000
1778905800000,2026-05-16T04:30:00+00:00,423.42000000,423.43000000,423.05000000,423.25000000,28.95000000
1778906700000,2026-05-16T04:45:00+00:00,423.28000000,423.57000000,423.19000000,423.42000000,2.85000000
1778907600000,2026-05-16T05:00:00+00:00,423.53000000,423.57000000,423.25000000,423.34000000,3.23000000
1778908500000,2026-05-16T05:15:00+00:00,423.34000000,423.62000000,423.33000000,423.45000000,3.48000000
1778909400000,2026-05-16T05:30:00+00:00,423.57000000,423.63000000,423.45000000,423.45000000,4.41000000
1778910300000,2026-05-16T05:45:00+00:00,423.45000000,424.19000000,423.36000000,423.37000000,30.64000000
1778911200000,2026-05-16T06:00:00+00:00,423.38000000,423.95000000,422.87000000,423.03000000,27.85000000
1778912100000,2026-05-16T06:15:00+00:00,422.91000000,423.25000000,422.54000000,422.68000000,22.32000000
1778913000000,2026-05-16T06:30:00+00:00,422.62000000,422.80000000,422.54000000,422.54000000,10.88000000
1778913900000,2026-05-16T06:45:00+00:00,422.54000000,422.82000000,421.97000000,422.62000000,34.52000000
1778914800000,2026-05-16T07:00:00+00:00,422.67000000,422.90000000,421.23000000,422.11000000,57.00000000
1778915700000,2026-05-16T07:15:00+00:00,422.19000000,422.71000000,421.02000000,422.19000000,82.52000000
1778916600000,2026-05-16T07:30:00+00:00,422.23000000,422.86000000,421.71000000,422.75000000,24.58000000
1778917500000,2026-05-16T07:45:00+00:00,422.89000000,422.94000000,422.20000000,422.68000000,18.70000000
1778918400000,2026-05-16T08:00:00+00:00,422.70000000,422.77000000,421.91000000,422.00000000,28.56000000
1778919300000,2026-05-16T08:15:00+00:00,421.99000000,422.29000000,421.90000000,422.29000000,3.94000000
1778920200000,2026-05-16T08:30:00+00:00,422.15000000,422.86000000,422.04000000,422.53000000,18.04000000
1778921100000,2026-05-16T08:45:00+00:00,422.55000000,422.74000000,422.55000000,422.64000000,1.15000000
1778922000000,2026-05-16T09:00:00+00:00,422.74000000,422.81000000,422.25000000,422.43000000,6.54000000
1778922900000,2026-05-16T09:15:00+00:00,422.39000000,422.54000000,421.22000000,421.57000000,55.51000000
1778923800000,2026-05-16T09:30:00+00:00,421.67000000,422.44000000,421.36000000,422.10000000,15.12000000
1778924700000,2026-05-16T09:45:00+00:00,422.15000000,422.27000000,421.76000000,422.09000000,13.21000000
1778925600000,2026-05-16T10:00:00+00:00,422.12000000,422.12000000,421.21000000,421.46000000,56.52000000
1778926500000,2026-05-16T10:15:00+00:00,421.36000000,421.93000000,420.95000000,421.34000000,63.05000000
1778927400000,2026-05-16T10:30:00+00:00,421.36000000,422.18000000,421.15000000,422.01000000,17.68000000
1778928300000,2026-05-16T10:45:00+00:00,421.94000000,422.46000000,421.91000000,422.46000000,8.20000000
1778929200000,2026-05-16T11:00:00+00:00,422.31000000,422.82000000,422.00000000,422.79000000,22.99000000
1778930100000,2026-05-16T11:15:00+00:00,422.75000000,422.88000000,422.35000000,422.35000000,1.90000000
1778931000000,2026-05-16T11:30:00+00:00,422.20000000,422.44000000,422.11000000,422.34000000,4.80000000
1778931900000,2026-05-16T11:45:00+00:00,421.96000000,422.84000000,421.04000000,422.11000000,192.07000000
1778932800000,2026-05-16T12:00:00+00:00,421.96000000,422.15000000,421.68000000,421.93000000,7.27000000
1778933700000,2026-05-16T12:15:00+00:00,421.92000000,422.07000000,421.53000000,421.98000000,2.84000000
1778934600000,2026-05-16T12:30:00+00:00,421.88000000,422.02000000,421.43000000,421.56000000,22.04000000
1778935500000,2026-05-16T12:45:00+00:00,421.56000000,421.99000000,421.56000000,421.78000000,92.65000000
1778936400000,2026-05-16T13:00:00+00:00,421.75000000,422.17000000,421.61000000,421.97000000,10.56000000
1778937300000,2026-05-16T13:15:00+00:00,421.90000000,422.24000000,421.90000000,422.14000000,1.18000000
1778938200000,2026-05-16T13:30:00+00:00,422.14000000,422.40000000,421.91000000,422.11000000,7.45000000
1778939100000,2026-05-16T13:45:00+00:00,422.22000000,422.22000000,421.90000000,422.19000000,2.91000000
1778940000000,2026-05-16T14:00:00+00:00,422.06000000,422.08000000,421.99000000,422.02000000,4.31000000
1778940900000,2026-05-16T14:15:00+00:00,422.09000000,422.24000000,422.09000000,422.19000000,1.31000000
1778941800000,2026-05-16T14:30:00+00:00,422.24000000,422.42000000,422.13000000,422.32000000,2.49000000
1778942700000,2026-05-16T14:45:00+00:00,422.38000000,422.38000000,421.48000000,421.71000000,11.11000000
1778943600000,2026-05-16T15:00:00+00:00,421.68000000,421.68000000,421.35000000,421.35000000,3.08000000
1778944500000,2026-05-16T15:15:00+00:00,421.39000000,421.79000000,421.34000000,421.37000000,4.24000000
1778945400000,2026-05-16T15:30:00+00:00,421.63000000,422.03000000,421.28000000,421.77000000,35.33000000
1778946300000,2026-05-16T15:45:00+00:00,421.83000000,421.90000000,421.54000000,421.67000000,3.93000000
1778947200000,2026-05-16T16:00:00+00:00,421.59000000,421.91000000,421.56000000,421.74000000,12.51000000
1778948100000,2026-05-16T16:15:00+00:00,421.87000000,422.12000000,421.81000000,421.95000000,42.63000000
1778949000000,2026-05-16T16:30:00+00:00,421.95000000,423.06000000,421.95000000,422.28000000,188.59000000
1778949900000,2026-05-16T16:45:00+00:00,422.19000000,423.93000000,422.18000000,423.60000000,137.36000000
1778950800000,2026-05-16T17:00:00+00:00,423.79000000,423.80000000,423.73000000,423.80000000,3.19000000
1778951700000,2026-05-16T17:15:00+00:00,423.73000000,423.96000000,423.71000000,423.77000000,2.17000000
1778952600000,2026-05-16T17:30:00+00:00,423.58000000,423.74000000,423.58000000,423.74000000,1.69000000
1778953500000,2026-05-16T17:45:00+00:00,423.83000000,423.83000000,423.54000000,423.54000000,0.31000000
1778954400000,2026-05-16T18:00:00+00:00,423.58000000,423.87000000,423.49000000,423.87000000,1.64000000
1778955300000,2026-05-16T18:15:00+00:00,423.86000000,423.89000000,423.61000000,423.65000000,1.03000000
1778956200000,2026-05-16T18:30:00+00:00,423.67000000,423.72000000,423.52000000,423.63000000,2.38000000
1778957100000,2026-05-16T18:45:00+00:00,423.57000000,423.96000000,423.26000000,423.64000000,6.78000000
1778958000000,2026-05-16T19:00:00+00:00,423.40000000,424.30000000,423.37000000,423.92000000,8.44000000
1778958900000,2026-05-16T19:15:00+00:00,424.02000000,424.38000000,423.78000000,424.34000000,11.08000000
1778959800000,2026-05-16T19:30:00+00:00,424.31000000,424.43000000,424.19000000,424.43000000,0.40000000
1778960700000,2026-05-16T19:45:00+00:00,424.11000000,424.28000000,424.01000000,424.01000000,1.85000000
1778961600000,2026-05-16T20:00:00+00:00,423.93000000,424.00000000,423.81000000,423.95000000,2.52000000
1778962500000,2026-05-16T20:15:00+00:00,424.11000000,424.67000000,423.33000000,423.33000000,39.46000000
1778963400000,2026-05-16T20:30:00+00:00,423.22000000,423.84000000,423.11000000,423.43000000,7.52000000
1778964300000,2026-05-16T20:45:00+00:00,423.40000000,423.90000000,423.08000000,423.55000000,4.54000000
1778965200000,2026-05-16T21:00:00+00:00,423.69000000,423.80000000,423.61000000,423.63000000,4.53000000
1778966100000,2026-05-16T21:15:00+00:00,423.77000000,423.83000000,423.47000000,423.50000000,2.78000000
1778967000000,2026-05-16T21:30:00+00:00,423.50000000,423.50000000,423.50000000,423.50000000,0.00000000
1778967900000,2026-05-16T21:45:00+00:00,423.67000000,423.86000000,423.39000000,423.39000000,4.31000000
1778968800000,2026-05-16T22:00:00+00:00,423.39000000,423.95000000,421.86000000,423.65000000,402.42000000
1778969700000,2026-05-16T22:15:00+00:00,423.65000000,423.79000000,422.15000000,422.15000000,21.13000000
1778970600000,2026-05-16T22:30:00+00:00,422.29000000,422.54000000,422.06000000,422.52000000,11.19000000
1778971500000,2026-05-16T22:45:00+00:00,422.59000000,422.76000000,422.28000000,422.45000000,3.56000000
1778972400000,2026-05-16T23:00:00+00:00,422.36000000,422.36000000,422.28000000,422.28000000,0.62000000
1778973300000,2026-05-16T23:15:00+00:00,422.24000000,422.64000000,422.24000000,422.56000000,7.22000000
1778974200000,2026-05-16T23:30:00+00:00,422.58000000,422.90000000,422.49000000,422.49000000,3.08000000
1778975100000,2026-05-16T23:45:00+00:00,422.66000000,422.66000000,422.47000000,422.60000000,1.00000000
1778976000000,2026-05-17T00:00:00+00:00,422.60000000,423.65000000,422.32000000,422.80000000,45.73000000
1778976900000,2026-05-17T00:15:00+00:00,422.91000000,423.11000000,422.48000000,422.52000000,7.09000000
1778977800000,2026-05-17T00:30:00+00:00,422.54000000,422.61000000,422.42000000,422.52000000,4.03000000
1778978700000,2026-05-17T00:45:00+00:00,422.54000000,422.65000000,422.00000000,422.38000000,12.28000000
1778979600000,2026-05-17T01:00:00+00:00,422.38000000,422.49000000,422.00000000,422.21000000,19.17000000
1778980500000,2026-05-17T01:15:00+00:00,422.23000000,422.28000000,422.00000000,422.06000000,6.18000000
1778981400000,2026-05-17T01:30:00+00:00,422.06000000,422.13000000,421.34000000,421.51000000,51.65000000
1778982300000,2026-05-17T01:45:00+00:00,421.39000000,422.29000000,421.20000000,421.20000000,11.04000000
1778983200000,2026-05-17T02:00:00+00:00,421.21000000,421.66000000,421.08000000,421.64000000,4.57000000
1778984100000,2026-05-17T02:15:00+00:00,421.54000000,422.40000000,421.54000000,422.40000000,3.03000000
1778985000000,2026-05-17T02:30:00+00:00,422.40000000,422.64000000,421.75000000,422.06000000,15.24000000
1778985900000,2026-05-17T02:45:00+00:00,422.05000000,422.05000000,421.62000000,421.79000000,42.87000000
1778986800000,2026-05-17T03:00:00+00:00,421.79000000,422.42000000,421.71000000,422.42000000,7.13000000
1778987700000,2026-05-17T03:15:00+00:00,422.36000000,422.62000000,422.29000000,422.50000000,4.99000000
1778988600000,2026-05-17T03:30:00+00:00,422.44000000,422.91000000,422.43000000,422.78000000,15.17000000
1778989500000,2026-05-17T03:45:00+00:00,422.86000000,423.02000000,422.73000000,422.73000000,4.65000000
1778990400000,2026-05-17T04:00:00+00:00,422.67000000,422.83000000,422.66000000,422.73000000,5.01000000
1778991300000,2026-05-17T04:15:00+00:00,422.69000000,422.93000000,422.61000000,422.75000000,5.36000000
1778992200000,2026-05-17T04:30:00+00:00,422.58000000,422.87000000,422.55000000,422.87000000,2.79000000
1778993100000,2026-05-17T04:45:00+00:00,422.69000000,422.69000000,422.54000000,422.54000000,0.08000000
1778994000000,2026-05-17T05:00:00+00:00,422.57000000,422.86000000,422.57000000,422.86000000,9.83000000
1778994900000,2026-05-17T05:15:00+00:00,422.78000000,422.90000000,422.74000000,422.74000000,3.05000000
1778995800000,2026-05-17T05:30:00+00:00,422.71000000,422.71000000,422.56000000,422.57000000,3.65000000
1778996700000,2026-05-17T05:45:00+00:00,422.63000000,422.65000000,422.56000000,422.56000000,0.63000000
1778997600000,2026-05-17T06:00:00+00:00,422.77000000,422.84000000,422.77000000,422.84000000,1.40000000
1778998500000,2026-05-17T06:15:00+00:00,422.86000000,422.86000000,422.63000000,422.63000000,0.91000000
1778999400000,2026-05-17T06:30:00+00:00,422.60000000,422.70000000,422.57000000,422.61000000,2.14000000
1779000300000,2026-05-17T06:45:00+00:00,422.74000000,422.97000000,422.71000000,422.97000000,1.67000000
1779001200000,2026-05-17T07:00:00+00:00,422.88000000,423.18000000,422.88000000,422.96000000,2.78000000
1779002100000,2026-05-17T07:15:00+00:00,423.13000000,423.15000000,422.76000000,423.06000000,3.19000000
1779003000000,2026-05-17T07:30:00+00:00,423.08000000,423.08000000,422.61000000,422.61000000,0.80000000
1779003900000,2026-05-17T07:45:00+00:00,422.46000000,423.08000000,422.46000000,423.08000000,0.97000000
1779004800000,2026-05-17T08:00:00+00:00,423.01000000,423.44000000,423.00000000,423.44000000,6.64000000
1779005700000,2026-05-17T08:15:00+00:00,423.24000000,423.26000000,423.24000000,423.26000000,0.26000000
1779006600000,2026-05-17T08:30:00+00:00,423.06000000,423.09000000,422.96000000,422.96000000,4.38000000
1779007500000,2026-05-17T08:45:00+00:00,423.12000000,423.47000000,423.02000000,423.17000000,5.59000000
1779008400000,2026-05-17T09:00:00+00:00,423.16000000,424.48000000,423.16000000,423.35000000,219.26000000
1779009300000,2026-05-17T09:15:00+00:00,423.36000000,423.59000000,421.67000000,423.50000000,204.78000000
1779010200000,2026-05-17T09:30:00+00:00,423.79000000,424.09000000,423.66000000,423.66000000,2.34000000
1779011100000,2026-05-17T09:45:00+00:00,423.77000000,424.07000000,423.77000000,424.05000000,2.01000000
1779012000000,2026-05-17T10:00:00+00:00,424.07000000,424.20000000,423.88000000,424.15000000,7.01000000
1779012900000,2026-05-17T10:15:00+00:00,424.10000000,424.24000000,424.00000000,424.24000000,3.40000000
1779013800000,2026-05-17T10:30:00+00:00,424.19000000,424.23000000,424.19000000,424.23000000,2.35000000
1779014700000,2026-05-17T10:45:00+00:00,424.24000000,424.31000000,424.23000000,424.23000000,0.94000000
1779015600000,2026-05-17T11:00:00+00:00,424.29000000,424.45000000,424.08000000,424.25000000,5.07000000
1779016500000,2026-05-17T11:15:00+00:00,424.20000000,424.34000000,423.97000000,424.26000000,28.64000000
1779017400000,2026-05-17T11:30:00+00:00,424.26000000,424.28000000,424.19000000,424.24000000,0.86000000
1779018300000,2026-05-17T11:45:00+00:00,424.28000000,424.38000000,424.28000000,424.31000000,1.03000000
1779019200000,2026-05-17T12:00:00+00:00,424.49000000,424.63000000,424.46000000,424.53000000,3.03000000
1779020100000,2026-05-17T12:15:00+00:00,424.53000000,424.55000000,424.47000000,424.53000000,0.94000000
1779021000000,2026-05-17T12:30:00+00:00,424.51000000,424.63000000,424.51000000,424.63000000,0.08000000
1779021900000,2026-05-17T12:45:00+00:00,424.64000000,424.79000000,424.43000000,424.70000000,7.39000000
1779022800000,2026-05-17T13:00:00+00:00,424.66000000,425.78000000,424.60000000,424.92000000,93.43000000
1779023700000,2026-05-17T13:15:00+00:00,424.92000000,425.07000000,424.51000000,424.63000000,12.21000000
1779024600000,2026-05-17T13:30:00+00:00,424.67000000,424.90000000,424.51000000,424.66000000,7.47000000
1779025500000,2026-05-17T13:45:00+00:00,424.78000000,425.62000000,424.67000000,425.06000000,112.84000000
1779026400000,2026-05-17T14:00:00+00:00,425.15000000,425.40000000,424.71000000,424.95000000,15.03000000
1779027300000,2026-05-17T14:15:00+00:00,424.92000000,425.28000000,424.42000000,424.91000000,26.54000000
1779028200000,2026-05-17T14:30:00+00:00,424.87000000,425.08000000,424.17000000,424.92000000,13.59000000
1779029100000,2026-05-17T14:45:00+00:00,424.95000000,425.00000000,424.74000000,424.91000000,3.12000000
1779030000000,2026-05-17T15:00:00+00:00,424.89000000,425.02000000,424.42000000,424.83000000,12.60000000
1779030900000,2026-05-17T15:15:00+00:00,424.73000000,424.92000000,424.54000000,424.78000000,8.42000000
1779031800000,2026-05-17T15:30:00+00:00,424.91000000,425.41000000,424.75000000,425.10000000,11.42000000
1779032700000,2026-05-17T15:45:00+00:00,425.11000000,425.31000000,425.11000000,425.31000000,0.91000000
1779033600000,2026-05-17T16:00:00+00:00,425.43000000,425.62000000,424.41000000,425.15000000,10.84000000
1779034500000,2026-05-17T16:15:00+00:00,425.14000000,425.66000000,425.14000000,425.64000000,6.52000000
1779035400000,2026-05-17T16:30:00+00:00,425.64000000,425.77000000,425.47000000,425.73000000,6.99000000
1779036300000,2026-05-17T16:45:00+00:00,425.85000000,425.85000000,425.09000000,425.20000000,28.63000000
1779037200000,2026-05-17T17:00:00+00:00,425.20000000,425.20000000,424.30000000,424.58000000,39.94000000
1779038100000,2026-05-17T17:15:00+00:00,424.58000000,424.68000000,424.32000000,424.40000000,2.58000000
1779039000000,2026-05-17T17:30:00+00:00,424.61000000,424.87000000,424.26000000,424.62000000,9.72000000
1779039900000,2026-05-17T17:45:00+00:00,424.62000000,425.37000000,424.62000000,425.07000000,5.54000000
1779040800000,2026-05-17T18:00:00+00:00,425.12000000,425.67000000,425.12000000,425.43000000,16.05000000
1779041700000,2026-05-17T18:15:00+00:00,425.42000000,425.44000000,425.29000000,425.29000000,0.27000000
1779042600000,2026-05-17T18:30:00+00:00,425.58000000,425.71000000,425.45000000,425.45000000,1.43000000
1779043500000,2026-05-17T18:45:00+00:00,425.29000000,425.41000000,425.03000000,425.25000000,5.24000000
1779044400000,2026-05-17T19:00:00+00:00,425.23000000,425.38000000,425.00000000,425.22000000,6.92000000
1779045300000,2026-05-17T19:15:00+00:00,425.21000000,425.60000000,425.02000000,425.58000000,39.90000000
1779046200000,2026-05-17T19:30:00+00:00,425.64000000,425.64000000,424.99000000,425.55000000,20.39000000
1779047100000,2026-05-17T19:45:00+00:00,425.63000000,425.92000000,425.55000000,425.59000000,7.24000000
1779048000000,2026-05-17T20:00:00+00:00,425.62000000,426.10000000,425.51000000,425.63000000,9.91000000
1779048900000,2026-05-17T20:15:00+00:00,425.77000000,425.98000000,425.77000000,425.93000000,0.63000000
1779049800000,2026-05-17T20:30:00+00:00,425.93000000,425.93000000,425.61000000,425.61000000,2.26000000
1779050700000,2026-05-17T20:45:00+00:00,425.63000000,425.79000000,425.59000000,425.59000000,2.99000000
1779051600000,2026-05-17T21:00:00+00:00,425.59000000,425.88000000,425.20000000,425.81000000,41.65000000
1779052500000,2026-05-17T21:15:00+00:00,425.66000000,425.80000000,425.33000000,425.68000000,52.07000000
1779053400000,2026-05-17T21:30:00+00:00,425.68000000,426.27000000,425.48000000,425.91000000,29.49000000
1779054300000,2026-05-17T21:45:00+00:00,426.19000000,426.22000000,425.43000000,425.52000000,11.65000000
1779055200000,2026-05-17T22:00:00+00:00,425.22000000,427.16000000,424.67000000,426.67000000,76.65000000
1779056100000,2026-05-17T22:15:00+00:00,427.02000000,427.29000000,425.27000000,425.42000000,11.30000000
1779057000000,2026-05-17T22:30:00+00:00,425.39000000,426.19000000,424.80000000,426.06000000,26.43000000
1779057900000,2026-05-17T22:45:00+00:00,426.01000000,426.01000000,424.83000000,425.46000000,22.94000000
1779058800000,2026-05-17T23:00:00+00:00,425.51000000,426.00000000,424.38000000,425.02000000,45.45000000
1779059700000,2026-05-17T23:15:00+00:00,424.99000000,425.00000000,423.75000000,423.94000000,36.86000000
1779060600000,2026-05-17T23:30:00+00:00,423.93000000,424.09000000,421.55000000,422.80000000,145.79000000
1779061500000,2026-05-17T23:45:00+00:00,422.85000000,423.92000000,421.91000000,423.56000000,118.85000000
1779062400000,2026-05-18T00:00:00+00:00,423.62000000,424.23000000,419.00000000,420.40000000,289.78000000
1779063300000,2026-05-18T00:15:00+00:00,420.37000000,421.85000000,419.30000000,421.84000000,147.27000000
1779064200000,2026-05-18T00:30:00+00:00,421.72000000,422.45000000,419.70000000,419.70000000,62.06000000
1779065100000,2026-05-18T00:45:00+00:00,419.76000000,422.40000000,419.45000000,422.19000000,148.22000000
1779066000000,2026-05-18T01:00:00+00:00,422.15000000,422.45000000,420.56000000,420.56000000,117.14000000
1779066900000,2026-05-18T01:15:00+00:00,420.56000000,420.81000000,419.63000000,419.88000000,52.08000000
1779067800000,2026-05-18T01:30:00+00:00,419.61000000,420.60000000,419.26000000,420.60000000,32.18000000
1779068700000,2026-05-18T01:45:00+00:00,420.76000000,422.44000000,420.50000000,421.89000000,43.88000000
1779069600000,2026-05-18T02:00:00+00:00,421.60000000,422.86000000,421.28000000,422.83000000,72.56000000
1779070500000,2026-05-18T02:15:00+00:00,422.80000000,423.22000000,421.86000000,422.96000000,58.63000000
1779071400000,2026-05-18T02:30:00+00:00,422.97000000,423.45000000,421.36000000,422.30000000,148.44000000
1779072300000,2026-05-18T02:45:00+00:00,422.12000000,422.39000000,420.82000000,421.47000000,43.57000000
1779073200000,2026-05-18T03:00:00+00:00,421.38000000,423.14000000,421.38000000,421.58000000,34.49000000
1779074100000,2026-05-18T03:15:00+00:00,421.64000000,422.06000000,420.92000000,421.64000000,33.85000000
1779075000000,2026-05-18T03:30:00+00:00,421.92000000,422.37000000,421.19000000,422.32000000,20.36000000
1779075900000,2026-05-18T03:45:00+00:00,422.23000000,422.23000000,421.00000000,422.00000000,170.01000000
1779076800000,2026-05-18T04:00:00+00:00,421.86000000,423.56000000,421.73000000,423.56000000,35.46000000
1779077700000,2026-05-18T04:15:00+00:00,423.29000000,423.97000000,421.35000000,421.35000000,80.60000000
1779078600000,2026-05-18T04:30:00+00:00,421.29000000,422.46000000,421.23000000,422.41000000,28.53000000
1779079500000,2026-05-18T04:45:00+00:00,422.20000000,422.81000000,421.67000000,422.11000000,34.19000000
1779080400000,2026-05-18T05:00:00+00:00,422.15000000,423.09000000,421.86000000,422.61000000,26.12000000
1779081300000,2026-05-18T05:15:00+00:00,422.49000000,422.49000000,420.77000000,421.63000000,38.44000000
1779082200000,2026-05-18T05:30:00+00:00,421.63000000,422.39000000,421.35000000,421.79000000,35.21000000
1779083100000,2026-05-18T05:45:00+00:00,421.66000000,422.02000000,421.25000000,421.25000000,28.28000000
1779084000000,2026-05-18T06:00:00+00:00,421.22000000,421.57000000,420.62000000,421.19000000,66.74000000
1779084900000,2026-05-18T06:15:00+00:00,421.07000000,421.54000000,420.12000000,420.12000000,37.06000000
1779085800000,2026-05-18T06:30:00+00:00,420.00000000,421.32000000,419.93000000,421.32000000,33.79000000
1779086700000,2026-05-18T06:45:00+00:00,421.33000000,423.03000000,421.12000000,423.03000000,34.35000000
1779087600000,2026-05-18T07:00:00+00:00,423.09000000,423.71000000,422.16000000,422.16000000,40.35000000
1779088500000,2026-05-18T07:15:00+00:00,422.22000000,423.50000000,421.47000000,422.87000000,39.83000000
1779089400000,2026-05-18T07:30:00+00:00,423.72000000,424.14000000,421.93000000,422.09000000,40.62000000
1779090300000,2026-05-18T07:45:00+00:00,422.12000000,423.39000000,421.79000000,422.86000000,58.49000000
1779091200000,2026-05-18T08:00:00+00:00,423.12000000,424.94000000,423.09000000,424.75000000,61.89000000
1779092100000,2026-05-18T08:15:00+00:00,424.64000000,426.49000000,424.24000000,426.22000000,45.55000000
1779093000000,2026-05-18T08:30:00+00:00,426.22000000,427.70000000,425.56000000,425.77000000,238.32000000
1779093900000,2026-05-18T08:45:00+00:00,425.93000000,427.17000000,425.84000000,426.66000000,28.32000000
1779094800000,2026-05-18T09:00:00+00:00,426.57000000,426.95000000,425.81000000,426.30000000,44.29000000
1779095700000,2026-05-18T09:15:00+00:00,426.35000000,426.84000000,425.45000000,425.48000000,46.09000000
1779096600000,2026-05-18T09:30:00+00:00,425.75000000,426.17000000,424.92000000,425.38000000,34.10000000
1779097500000,2026-05-18T09:45:00+00:00,425.50000000,425.91000000,424.23000000,424.82000000,75.61000000
1779098400000,2026-05-18T10:00:00+00:00,424.67000000,424.95000000,421.44000000,422.50000000,119.07000000
1779099300000,2026-05-18T10:15:00+00:00,422.80000000,423.02000000,422.57000000,422.83000000,13.44000000
1779100200000,2026-05-18T10:30:00+00:00,422.88000000,423.00000000,421.71000000,422.59000000,53.09000000
1779101100000,2026-05-18T10:45:00+00:00,422.69000000,424.18000000,422.69000000,423.13000000,44.64000000
1779102000000,2026-05-18T11:00:00+00:00,423.11000000,423.51000000,421.78000000,422.72000000,59.30000000
1779102900000,2026-05-18T11:15:00+00:00,422.33000000,422.50000000,421.47000000,421.83000000,31.64000000
1779103800000,2026-05-18T11:30:00+00:00,421.49000000,425.15000000,420.74000000,424.29000000,148.00000000
1779104700000,2026-05-18T11:45:00+00:00,424.43000000,424.43000000,422.21000000,422.33000000,48.45000000
1779105600000,2026-05-18T12:00:00+00:00,422.22000000,423.87000000,422.11000000,423.87000000,52.03000000
1779106500000,2026-05-18T12:15:00+00:00,423.76000000,423.81000000,422.98000000,423.46000000,45.20000000
1779107400000,2026-05-18T12:30:00+00:00,423.44000000,425.26000000,423.09000000,425.06000000,169.87000000
1779108300000,2026-05-18T12:45:00+00:00,425.05000000,427.43000000,424.92000000,427.41000000,67.55000000
1779109200000,2026-05-18T13:00:00+00:00,427.10000000,427.71000000,425.83000000,425.97000000,54.97000000
1779110100000,2026-05-18T13:15:00+00:00,425.85000000,425.85000000,421.25000000,421.75000000,152.52000000
1779111000000,2026-05-18T13:30:00+00:00,421.51000000,422.66000000,416.96000000,417.54000000,803.78000000
1779111900000,2026-05-18T13:45:00+00:00,417.40000000,421.27000000,416.64000000,418.96000000,470.55000000
1779112800000,2026-05-18T14:00:00+00:00,418.90000000,419.43000000,415.00000000,418.95000000,544.87000000
1779113700000,2026-05-18T14:15:00+00:00,418.90000000,420.26000000,416.42000000,417.31000000,449.30000000
1779114600000,2026-05-18T14:30:00+00:00,417.40000000,420.30000000,415.09000000,418.90000000,216.08000000
1779115500000,2026-05-18T14:45:00+00:00,418.90000000,419.99000000,416.84000000,419.56000000,158.97000000
1779116400000,2026-05-18T15:00:00+00:00,419.83000000,421.73000000,418.94000000,420.12000000,214.05000000
1779117300000,2026-05-18T15:15:00+00:00,420.11000000,420.11000000,417.95000000,418.25000000,141.35000000
1779118200000,2026-05-18T15:30:00+00:00,418.27000000,419.64000000,417.38000000,418.00000000,110.60000000
1779119100000,2026-05-18T15:45:00+00:00,417.64000000,418.96000000,417.00000000,417.89000000,42.15000000
1779120000000,2026-05-18T16:00:00+00:00,418.13000000,419.41000000,417.43000000,419.09000000,55.61000000
1779120900000,2026-05-18T16:15:00+00:00,419.47000000,420.57000000,415.84000000,416.42000000,65.28000000
1779121800000,2026-05-18T16:30:00+00:00,415.97000000,418.49000000,415.30000000,418.28000000,74.78000000
1779122700000,2026-05-18T16:45:00+00:00,418.52000000,421.03000000,417.70000000,419.95000000,57.48000000
1779123600000,2026-05-18T17:00:00+00:00,419.84000000,420.32000000,419.08000000,419.24000000,40.84000000
1779124500000,2026-05-18T17:15:00+00:00,419.32000000,419.74000000,418.67000000,419.74000000,35.69000000
1779125400000,2026-05-18T17:30:00+00:00,419.84000000,420.20000000,419.05000000,419.84000000,15.44000000
1779126300000,2026-05-18T17:45:00+00:00,419.87000000,420.10000000,418.89000000,419.90000000,49.29000000
1779127200000,2026-05-18T18:00:00+00:00,419.91000000,419.91000000,418.43000000,418.47000000,17.80000000
1779128100000,2026-05-18T18:15:00+00:00,418.34000000,418.48000000,416.21000000,417.73000000,92.23000000
1779129000000,2026-05-18T18:30:00+00:00,417.82000000,418.91000000,417.24000000,417.61000000,28.30000000
1779129900000,2026-05-18T18:45:00+00:00,417.55000000,417.78000000,414.83000000,416.25000000,60.42000000
1779130800000,2026-05-18T19:00:00+00:00,416.18000000,420.69000000,415.99000000,418.96000000,327.41000000
1779131700000,2026-05-18T19:15:00+00:00,418.85000000,419.25000000,417.27000000,417.63000000,46.37000000
1779132600000,2026-05-18T19:30:00+00:00,417.67000000,420.58000000,417.62000000,420.45000000,73.19000000
1779133500000,2026-05-18T19:45:00+00:00,420.32000000,421.73000000,420.32000000,420.72000000,45.47000000
1779134400000,2026-05-18T20:00:00+00:00,420.80000000,421.03000000,419.68000000,420.14000000,37.62000000
1779135300000,2026-05-18T20:15:00+00:00,420.08000000,420.65000000,420.08000000,420.40000000,5.85000000
1779136200000,2026-05-18T20:30:00+00:00,420.52000000,420.61000000,420.14000000,420.16000000,10.83000000
1779137100000,2026-05-18T20:45:00+00:00,420.24000000,420.61000000,420.11000000,420.13000000,13.07000000
1779138000000,2026-05-18T21:00:00+00:00,420.10000000,420.48000000,420.10000000,420.16000000,16.53000000
1779138900000,2026-05-18T21:15:00+00:00,420.29000000,420.53000000,419.95000000,420.29000000,4.72000000
1779139800000,2026-05-18T21:30:00+00:00,420.22000000,420.49000000,420.12000000,420.16000000,2.11000000
1779140700000,2026-05-18T21:45:00+00:00,420.24000000,420.74000000,420.08000000,420.55000000,12.26000000
1779141600000,2026-05-18T22:00:00+00:00,420.52000000,421.26000000,420.49000000,420.98000000,6.04000000
1779142500000,2026-05-18T22:15:00+00:00,421.12000000,421.12000000,420.65000000,420.83000000,30.53000000
1779143400000,2026-05-18T22:30:00+00:00,420.84000000,421.02000000,420.58000000,420.75000000,12.07000000
1779144300000,2026-05-18T22:45:00+00:00,420.73000000,420.82000000,420.56000000,420.82000000,2.43000000
1779145200000,2026-05-18T23:00:00+00:00,420.84000000,420.98000000,420.55000000,420.55000000,3.53000000
1779146100000,2026-05-18T23:15:00+00:00,420.49000000,420.59000000,420.28000000,420.56000000,7.72000000
1779147000000,2026-05-18T23:30:00+00:00,420.49000000,420.56000000,420.29000000,420.56000000,0.58000000
1779147900000,2026-05-18T23:45:00+00:00,420.60000000,420.60000000,420.07000000,420.29000000,6.35000000
1779148800000,2026-05-19T00:00:00+00:00,420.26000000,420.56000000,418.81000000,419.37000000,63.03000000
1779149700000,2026-05-19T00:15:00+00:00,419.44000000,420.56000000,419.06000000,420.37000000,23.36000000
1779150600000,2026-05-19T00:30:00+00:00,420.24000000,421.12000000,420.21000000,420.41000000,28.64000000
1779151500000,2026-05-19T00:45:00+00:00,420.43000000,420.45000000,419.49000000,419.49000000,8.49000000
1779152400000,2026-05-19T01:00:00+00:00,419.44000000,419.72000000,418.61000000,419.44000000,15.96000000
1779153300000,2026-05-19T01:15:00+00:00,419.44000000,419.44000000,417.83000000,418.66000000,20.49000000
1779154200000,2026-05-19T01:30:00+00:00,418.66000000,419.37000000,418.32000000,419.37000000,16.79000000
1779155100000,2026-05-19T01:45:00+00:00,419.30000000,419.57000000,418.33000000,418.33000000,28.75000000
1779156000000,2026-05-19T02:00:00+00:00,418.32000000,418.32000000,416.36000000,417.00000000,52.59000000
1779156900000,2026-05-19T02:15:00+00:00,416.78000000,417.82000000,416.47000000,417.61000000,30.41000000
1779157800000,2026-05-19T02:30:00+00:00,417.57000000,418.48000000,417.24000000,418.18000000,70.89000000
1779158700000,2026-05-19T02:45:00+00:00,418.06000000,418.63000000,417.27000000,417.43000000,73.96000000
1779159600000,2026-05-19T03:00:00+00:00,417.30000000,418.29000000,417.18000000,418.07000000,15.05000000
1779160500000,2026-05-19T03:15:00+00:00,417.99000000,418.57000000,417.97000000,418.53000000,12.27000000
1779161400000,2026-05-19T03:30:00+00:00,418.42000000,419.35000000,418.39000000,419.22000000,26.36000000
1779162300000,2026-05-19T03:45:00+00:00,419.24000000,419.24000000,418.46000000,418.76000000,26.97000000
1779163200000,2026-05-19T04:00:00+00:00,418.72000000,418.72000000,417.38000000,417.60000000,49.65000000
1779164100000,2026-05-19T04:15:00+00:00,417.60000000,417.69000000,415.50000000,415.65000000,52.23000000
1779165000000,2026-05-19T04:30:00+00:00,415.79000000,416.82000000,415.68000000,416.77000000,13.28000000
1779165900000,2026-05-19T04:45:00+00:00,416.70000000,416.91000000,416.34000000,416.72000000,8.32000000
1779166800000,2026-05-19T05:00:00+00:00,416.75000000,417.06000000,416.59000000,416.86000000,18.88000000
1779167700000,2026-05-19T05:15:00+00:00,416.92000000,417.48000000,416.16000000,417.48000000,79.18000000
1779168600000,2026-05-19T05:30:00+00:00,417.36000000,417.61000000,416.70000000,417.52000000,13.75000000
1779169500000,2026-05-19T05:45:00+00:00,417.66000000,417.83000000,417.11000000,417.11000000,24.95000000
1779170400000,2026-05-19T06:00:00+00:00,417.17000000,417.67000000,416.23000000,417.58000000,56.73000000
1779171300000,2026-05-19T06:15:00+00:00,417.60000000,418.33000000,417.42000000,417.65000000,29.75000000
1779172200000,2026-05-19T06:30:00+00:00,417.82000000,419.51000000,417.38000000,418.62000000,379.64000000
1779173100000,2026-05-19T06:45:00+00:00,418.51000000,418.63000000,418.25000000,418.57000000,15.00000000
1779174000000,2026-05-19T07:00:00+00:00,418.51000000,419.64000000,418.37000000,419.40000000,19.89000000
1779174900000,2026-05-19T07:15:00+00:00,419.45000000,420.35000000,419.05000000,419.89000000,35.79000000
1779175800000,2026-05-19T07:30:00+00:00,419.94000000,419.94000000,418.80000000,419.58000000,43.17000000
1779176700000,2026-05-19T07:45:00+00:00,419.58000000,420.31000000,419.52000000,419.83000000,15.55000000
1779177600000,2026-05-19T08:00:00+00:00,419.82000000,420.21000000,418.08000000,418.25000000,52.57000000
1779178500000,2026-05-19T08:15:00+00:00,418.26000000,418.84000000,417.95000000,417.99000000,11.96000000
1779179400000,2026-05-19T08:30:00+00:00,417.92000000,418.49000000,417.92000000,418.24000000,3.22000000
1779180300000,2026-05-19T08:45:00+00:00,418.28000000,418.44000000,418.07000000,418.14000000,5.79000000
1779181200000,2026-05-19T09:00:00+00:00,418.09000000,418.10000000,417.63000000,417.70000000,7.00000000
1779182100000,2026-05-19T09:15:00+00:00,417.62000000,417.62000000,416.06000000,416.26000000,24.91000000
1779183000000,2026-05-19T09:30:00+00:00,416.26000000,416.62000000,415.46000000,415.47000000,24.80000000
1779183900000,2026-05-19T09:45:00+00:00,415.45000000,416.15000000,415.22000000,416.15000000,28.55000000
1779184800000,2026-05-19T10:00:00+00:00,416.12000000,416.29000000,415.80000000,416.01000000,19.90000000
1779185700000,2026-05-19T10:15:00+00:00,415.87000000,416.08000000,415.71000000,415.96000000,7.31000000
1779186600000,2026-05-19T10:30:00+00:00,416.03000000,416.25000000,414.84000000,415.10000000,33.45000000
1779187500000,2026-05-19T10:45:00+00:00,415.12000000,416.22000000,415.12000000,416.07000000,11.44000000
1779188400000,2026-05-19T11:00:00+00:00,416.08000000,417.02000000,415.84000000,415.84000000,9.02000000
1779189300000,2026-05-19T11:15:00+00:00,415.85000000,415.89000000,415.19000000,415.31000000,23.72000000
1779190200000,2026-05-19T11:30:00+00:00,415.31000000,415.61000000,415.03000000,415.13000000,13.81000000
1779191100000,2026-05-19T11:45:00+00:00,414.99000000,415.12000000,414.69000000,414.69000000,14.75000000
1779192000000,2026-05-19T12:00:00+00:00,414.68000000,415.30000000,414.44000000,415.14000000,31.27000000
1779192900000,2026-05-19T12:15:00+00:00,415.23000000,415.23000000,414.30000000,414.69000000,12.98000000
1779193800000,2026-05-19T12:30:00+00:00,414.74000000,415.93000000,414.74000000,415.61000000,19.33000000
1779194700000,2026-05-19T12:45:00+00:00,415.73000000,416.08000000,415.55000000,415.55000000,6.66000000
1779195600000,2026-05-19T13:00:00+00:00,415.60000000,415.80000000,414.13000000,415.09000000,52.49000000
1779196500000,2026-05-19T13:15:00+00:00,415.17000000,415.24000000,407.96000000,410.02000000,227.49000000
1779197400000,2026-05-19T13:30:00+00:00,410.05000000,417.86000000,409.66000000,411.43000000,605.86000000
1779198300000,2026-05-19T13:45:00+00:00,411.32000000,413.12000000,408.20000000,410.61000000,250.06000000
1779199200000,2026-05-19T14:00:00+00:00,410.62000000,411.74000000,407.38000000,407.60000000,563.78000000
1779200100000,2026-05-19T14:15:00+00:00,407.69000000,408.59000000,406.03000000,407.46000000,198.45000000
1779201000000,2026-05-19T14:30:00+00:00,407.58000000,410.88000000,406.35000000,409.64000000,150.13000000
1779201900000,2026-05-19T14:45:00+00:00,409.64000000,411.84000000,407.72000000,411.11000000,138.51000000
1779202800000,2026-05-19T15:00:00+00:00,411.00000000,411.00000000,406.92000000,409.10000000,107.41000000
1779203700000,2026-05-19T15:15:00+00:00,409.12000000,411.04000000,408.54000000,409.88000000,59.64000000
1779204600000,2026-05-19T15:30:00+00:00,409.52000000,411.54000000,408.84000000,411.19000000,68.74000000
1779205500000,2026-05-19T15:45:00+00:00,411.25000000,411.66000000,410.24000000,410.67000000,51.28000000
1779206400000,2026-05-19T16:00:00+00:00,410.85000000,412.38000000,409.87000000,410.64000000,50.09000000
1779207300000,2026-05-19T16:15:00+00:00,410.66000000,413.38000000,410.66000000,412.91000000,32.08000000
1779208200000,2026-05-19T16:30:00+00:00,412.94000000,414.45000000,412.74000000,414.06000000,79.57000000
1779209100000,2026-05-19T16:45:00+00:00,414.12000000,414.72000000,412.69000000,413.13000000,91.52000000
1779210000000,2026-05-19T17:00:00+00:00,413.10000000,415.27000000,412.86000000,415.00000000,69.01000000
1779210900000,2026-05-19T17:15:00+00:00,414.81000000,416.83000000,414.18000000,414.69000000,68.54000000
1779211800000,2026-05-19T17:30:00+00:00,414.75000000,415.26000000,413.82000000,414.05000000,68.11000000
1779212700000,2026-05-19T17:45:00+00:00,414.21000000,414.24000000,412.17000000,413.58000000,43.73000000
1779213600000,2026-05-19T18:00:00+00:00,413.81000000,414.60000000,413.50000000,414.07000000,19.30000000
1779214500000,2026-05-19T18:15:00+00:00,414.30000000,414.37000000,411.85000000,412.23000000,44.86000000
1779215400000,2026-05-19T18:30:00+00:00,412.22000000,412.89000000,411.39000000,411.84000000,26.42000000
1779216300000,2026-05-19T18:45:00+00:00,411.86000000,412.39000000,410.76000000,411.26000000,26.19000000
1779217200000,2026-05-19T19:00:00+00:00,411.28000000,412.36000000,410.86000000,412.36000000,40.81000000
1779218100000,2026-05-19T19:15:00+00:00,412.38000000,412.40000000,409.47000000,410.52000000,46.54000000
1779219000000,2026-05-19T19:30:00+00:00,410.46000000,412.04000000,410.22000000,411.30000000,52.08000000
1779219900000,2026-05-19T19:45:00+00:00,411.13000000,411.98000000,409.62000000,411.12000000,114.19000000
1779220800000,2026-05-19T20:00:00+00:00,410.98000000,411.12000000,410.16000000,411.01000000,35.41000000
1779221700000,2026-05-19T20:15:00+00:00,410.88000000,410.96000000,410.40000000,410.40000000,8.60000000
1779222600000,2026-05-19T20:30:00+00:00,410.50000000,410.73000000,410.36000000,410.47000000,6.33000000
1779223500000,2026-05-19T20:45:00+00:00,410.63000000,410.89000000,410.22000000,410.34000000,10.35000000
1779224400000,2026-05-19T21:00:00+00:00,410.23000000,410.46000000,410.02000000,410.46000000,30.37000000
1779225300000,2026-05-19T21:15:00+00:00,410.52000000,410.92000000,410.25000000,410.67000000,6.91000000
1779226200000,2026-05-19T21:30:00+00:00,410.82000000,411.16000000,410.64000000,410.64000000,0.76000000
1779227100000,2026-05-19T21:45:00+00:00,410.93000000,410.94000000,410.63000000,410.93000000,1.77000000
1779228000000,2026-05-19T22:00:00+00:00,410.63000000,411.18000000,410.51000000,410.99000000,13.47000000
1779228900000,2026-05-19T22:15:00+00:00,410.83000000,411.06000000,410.36000000,410.56000000,3.54000000
1779229800000,2026-05-19T22:30:00+00:00,410.66000000,410.68000000,409.93000000,410.24000000,15.95000000
1779230700000,2026-05-19T22:45:00+00:00,410.17000000,410.64000000,409.79000000,410.40000000,5.20000000
1779231600000,2026-05-19T23:00:00+00:00,410.34000000,410.93000000,410.22000000,410.66000000,2.51000000
1779232500000,2026-05-19T23:15:00+00:00,410.74000000,411.40000000,410.74000000,411.37000000,3.15000000
1779233400000,2026-05-19T23:30:00+00:00,411.38000000,412.94000000,411.38000000,412.51000000,30.69000000
1779234300000,2026-05-19T23:45:00+00:00,412.45000000,412.45000000,411.68000000,411.85000000,5.45000000
1779235200000,2026-05-20T00:00:00+00:00,411.89000000,411.89000000,408.34000000,409.43000000,154.70000000
1779236100000,2026-05-20T00:15:00+00:00,409.39000000,409.80000000,408.69000000,409.74000000,54.03000000
1779237000000,2026-05-20T00:30:00+00:00,409.55000000,411.79000000,409.55000000,410.97000000,88.35000000
1779237900000,2026-05-20T00:45:00+00:00,411.16000000,412.21000000,410.94000000,411.26000000,42.06000000
1779238800000,2026-05-20T01:00:00+00:00,411.34000000,412.50000000,410.96000000,412.07000000,38.38000000
1779239700000,2026-05-20T01:15:00+00:00,412.02000000,413.40000000,411.71000000,411.71000000,72.44000000
1779240600000,2026-05-20T01:30:00+00:00,411.67000000,412.02000000,410.29000000,411.00000000,37.33000000
1779241500000,2026-05-20T01:45:00+00:00,411.06000000,412.77000000,410.70000000,412.60000000,41.50000000
1779242400000,2026-05-20T02:00:00+00:00,412.49000000,412.89000000,412.21000000,412.68000000,13.63000000
1779243300000,2026-05-20T02:15:00+00:00,412.73000000,413.42000000,412.43000000,412.43000000,15.35000000
1779244200000,2026-05-20T02:30:00+00:00,412.43000000,412.45000000,410.86000000,410.86000000,41.65000000
1779245100000,2026-05-20T02:45:00+00:00,410.84000000,411.24000000,410.32000000,411.10000000,36.23000000
1779246000000,2026-05-20T03:00:00+00:00,411.01000000,411.01000000,409.42000000,409.62000000,48.34000000
1779246900000,2026-05-20T03:15:00+00:00,409.65000000,410.60000000,409.65000000,410.60000000,11.57000000
1779247800000,2026-05-20T03:30:00+00:00,410.42000000,410.82000000,409.92000000,410.63000000,10.54000000
1779248700000,2026-05-20T03:45:00+00:00,410.63000000,410.99000000,410.18000000,410.61000000,9.48000000
1779249600000,2026-05-20T04:00:00+00:00,410.78000000,411.88000000,410.59000000,411.88000000,44.26000000
1779250500000,2026-05-20T04:15:00+00:00,411.82000000,411.90000000,411.31000000,411.36000000,2.62000000
1779251400000,2026-05-20T04:30:00+00:00,411.48000000,411.48000000,410.77000000,410.95000000,14.38000000
1779252300000,2026-05-20T04:45:00+00:00,411.00000000,411.14000000,410.79000000,411.11000000,3.40000000
1779253200000,2026-05-20T05:00:00+00:00,411.12000000,412.22000000,411.12000000,412.05000000,14.24000000
1779254100000,2026-05-20T05:15:00+00:00,412.12000000,412.37000000,411.87000000,412.07000000,10.34000000
1779255000000,2026-05-20T05:30:00+00:00,412.23000000,412.92000000,412.23000000,412.50000000,10.53000000
1779255900000,2026-05-20T05:45:00+00:00,412.47000000,412.96000000,412.20000000,412.89000000,7.57000000
1779256800000,2026-05-20T06:00:00+00:00,412.90000000,413.22000000,412.20000000,412.45000000,34.99000000
1779257700000,2026-05-20T06:15:00+00:00,412.66000000,413.29000000,412.50000000,413.11000000,18.48000000
1779258600000,2026-05-20T06:30:00+00:00,413.10000000,413.28000000,412.73000000,413.08000000,12.26000000
1779259500000,2026-05-20T06:45:00+00:00,413.08000000,414.42000000,413.01000000,414.34000000,105.56000000
1779260400000,2026-05-20T07:00:00+00:00,414.36000000,414.54000000,414.01000000,414.54000000,14.25000000
1779261300000,2026-05-20T07:15:00+00:00,414.42000000,415.65000000,414.42000000,415.64000000,29.53000000
1779262200000,2026-05-20T07:30:00+00:00,415.68000000,416.11000000,414.81000000,415.38000000,53.01000000
1779263100000,2026-05-20T07:45:00+00:00,415.24000000,415.44000000,414.42000000,414.42000000,28.93000000
1779264000000,2026-05-20T08:00:00+00:00,414.44000000,416.28000000,414.22000000,415.44000000,52.36000000
1779264900000,2026-05-20T08:15:00+00:00,415.56000000,415.67000000,414.74000000,415.57000000,43.78000000
1779265800000,2026-05-20T08:30:00+00:00,415.46000000,416.28000000,415.35000000,416.19000000,37.14000000
1779266700000,2026-05-20T08:45:00+00:00,416.29000000,416.76000000,415.39000000,415.84000000,49.68000000
1779267600000,2026-05-20T09:00:00+00:00,415.79000000,415.79000000,414.93000000,415.12000000,44.79000000
1779268500000,2026-05-20T09:15:00+00:00,415.12000000,415.93000000,415.09000000,415.52000000,5.97000000
1779269400000,2026-05-20T09:30:00+00:00,415.56000000,416.02000000,415.56000000,416.02000000,1.16000000
1779270300000,2026-05-20T09:45:00+00:00,415.93000000,416.20000000,415.36000000,416.16000000,21.94000000
1779271200000,2026-05-20T10:00:00+00:00,416.14000000,418.70000000,416.14000000,418.18000000,107.98000000
1779272100000,2026-05-20T10:15:00+00:00,418.13000000,418.18000000,417.48000000,417.58000000,8.13000000
1779273000000,2026-05-20T10:30:00+00:00,417.52000000,418.46000000,417.33000000,417.97000000,34.43000000
1779273900000,2026-05-20T10:45:00+00:00,417.89000000,418.08000000,417.58000000,417.69000000,4.42000000
1779274800000,2026-05-20T11:00:00+00:00,417.64000000,418.69000000,417.64000000,418.22000000,62.20000000
1779275700000,2026-05-20T11:15:00+00:00,418.23000000,418.94000000,418.23000000,418.63000000,15.07000000
1779276600000,2026-05-20T11:30:00+00:00,418.80000000,418.98000000,418.00000000,418.15000000,3.43000000
1779277500000,2026-05-20T11:45:00+00:00,418.07000000,418.56000000,417.71000000,418.14000000,50.34000000
1779278400000,2026-05-20T12:00:00+00:00,418.08000000,418.73000000,417.95000000,418.73000000,25.25000000
1779279300000,2026-05-20T12:15:00+00:00,418.72000000,419.07000000,418.18000000,418.66000000,11.31000000
1779280200000,2026-05-20T12:30:00+00:00,418.82000000,419.24000000,418.56000000,418.87000000,26.12000000
1779281100000,2026-05-20T12:45:00+00:00,418.80000000,419.75000000,418.80000000,419.06000000,19.59000000
1779282000000,2026-05-20T13:00:00+00:00,419.04000000,419.13000000,418.40000000,418.65000000,21.06000000
1779282900000,2026-05-20T13:15:00+00:00,418.79000000,419.04000000,412.52000000,413.10000000,280.65000000
1779283800000,2026-05-20T13:30:00+00:00,413.08000000,417.30000000,412.40000000,415.38000000,543.47000000
1779284700000,2026-05-20T13:45:00+00:00,415.30000000,416.09000000,411.58000000,414.40000000,391.53000000
1779285600000,2026-05-20T14:00:00+00:00,414.08000000,417.32000000,412.56000000,416.65000000,238.21000000
1779286500000,2026-05-20T14:15:00+00:00,416.59000000,421.49000000,416.01000000,421.00000000,257.51000000
1779287400000,2026-05-20T14:30:00+00:00,421.00000000,421.57000000,418.25000000,419.65000000,160.94000000
1779288300000,2026-05-20T14:45:00+00:00,419.72000000,421.05000000,418.67000000,420.62000000,89.01000000
1779289200000,2026-05-20T15:00:00+00:00,420.42000000,422.71000000,420.35000000,422.24000000,205.14000000
1779290100000,2026-05-20T15:15:00+00:00,422.28000000,424.62000000,421.39000000,422.33000000,149.27000000
1779291000000,2026-05-20T15:30:00+00:00,422.23000000,422.70000000,420.78000000,421.05000000,36.80000000
1779291900000,2026-05-20T15:45:00+00:00,421.09000000,421.76000000,420.49000000,420.60000000,37.33000000
1779292800000,2026-05-20T16:00:00+00:00,420.75000000,421.14000000,419.63000000,420.42000000,32.24000000
1779293700000,2026-05-20T16:15:00+00:00,420.31000000,420.31000000,418.54000000,419.58000000,97.83000000
1779294600000,2026-05-20T16:30:00+00:00,419.29000000,420.16000000,418.48000000,420.16000000,41.42000000
1779295500000,2026-05-20T16:45:00+00:00,420.18000000,420.30000000,417.85000000,418.64000000,29.58000000
1779296400000,2026-05-20T17:00:00+00:00,418.93000000,419.13000000,417.80000000,418.34000000,62.17000000
1779297300000,2026-05-20T17:15:00+00:00,418.35000000,418.40000000,417.38000000,417.83000000,55.89000000
1779298200000,2026-05-20T17:30:00+00:00,417.98000000,419.10000000,417.75000000,418.45000000,17.79000000
1779299100000,2026-05-20T17:45:00+00:00,418.45000000,418.65000000,417.90000000,418.55000000,43.51000000
1779300000000,2026-05-20T18:00:00+00:00,418.68000000,419.50000000,418.23000000,419.00000000,71.27000000
1779300900000,2026-05-20T18:15:00+00:00,418.97000000,419.06000000,418.00000000,418.37000000,27.30000000
1779301800000,2026-05-20T18:30:00+00:00,418.40000000,418.95000000,417.97000000,417.97000000,20.18000000
1779302700000,2026-05-20T18:45:00+00:00,418.10000000,418.41000000,417.76000000,417.98000000,10.34000000
1779303600000,2026-05-20T19:00:00+00:00,417.91000000,418.95000000,417.85000000,418.81000000,22.97000000
1779304500000,2026-05-20T19:15:00+00:00,418.98000000,419.37000000,418.51000000,419.28000000,16.64000000
1779305400000,2026-05-20T19:30:00+00:00,419.23000000,419.31000000,418.22000000,418.63000000,34.16000000
1779306300000,2026-05-20T19:45:00+00:00,418.65000000,419.30000000,417.50000000,418.03000000,67.53000000
1779307200000,2026-05-20T20:00:00+00:00,417.85000000,418.30000000,417.70000000,418.18000000,27.59000000
1779308100000,2026-05-20T20:15:00+00:00,418.27000000,419.22000000,415.35000000,419.02000000,127.21000000
1779309000000,2026-05-20T20:30:00+00:00,418.97000000,419.37000000,416.70000000,417.51000000,45.09000000
1779309900000,2026-05-20T20:45:00+00:00,417.50000000,417.81000000,416.82000000,417.49000000,19.81000000
1779310800000,2026-05-20T21:00:00+00:00,417.48000000,417.58000000,416.75000000,417.14000000,31.92000000
1779311700000,2026-05-20T21:15:00+00:00,417.17000000,418.52000000,417.17000000,418.25000000,24.82000000
1779312600000,2026-05-20T21:30:00+00:00,418.21000000,418.29000000,417.48000000,417.79000000,9.17000000
1779313500000,2026-05-20T21:45:00+00:00,418.16000000,418.19000000,417.27000000,417.27000000,17.14000000
1779314400000,2026-05-20T22:00:00+00:00,417.50000000,417.50000000,415.52000000,415.52000000,30.57000000
1779315300000,2026-05-20T22:15:00+00:00,415.45000000,415.91000000,414.03000000,415.81000000,106.48000000
1779316200000,2026-05-20T22:30:00+00:00,415.83000000,416.15000000,415.24000000,416.02000000,9.38000000
1779317100000,2026-05-20T22:45:00+00:00,416.03000000,416.42000000,415.80000000,416.42000000,15.43000000
1779318000000,2026-05-20T23:00:00+00:00,416.36000000,416.94000000,416.24000000,416.71000000,20.71000000
1779318900000,2026-05-20T23:15:00+00:00,416.71000000,416.71000000,416.15000000,416.24000000,19.21000000
1779319800000,2026-05-20T23:30:00+00:00,416.34000000,416.91000000,416.34000000,416.91000000,0.62000000
1779320700000,2026-05-20T23:45:00+00:00,416.88000000,417.76000000,416.71000000,416.96000000,63.99000000
1779321600000,2026-05-21T00:00:00+00:00,416.90000000,418.47000000,416.75000000,418.11000000,87.91000000
1779322500000,2026-05-21T00:15:00+00:00,418.15000000,418.35000000,417.48000000,417.74000000,12.19000000
1779323400000,2026-05-21T00:30:00+00:00,417.75000000,418.25000000,417.35000000,418.00000000,30.79000000
1779324300000,2026-05-21T00:45:00+00:00,418.00000000,418.58000000,417.94000000,418.19000000,28.88000000
1779325200000,2026-05-21T01:00:00+00:00,418.19000000,418.86000000,418.19000000,418.79000000,10.74000000
1779326100000,2026-05-21T01:15:00+00:00,418.88000000,419.02000000,417.81000000,418.05000000,20.49000000
1779327000000,2026-05-21T01:30:00+00:00,418.07000000,418.71000000,417.98000000,418.55000000,11.69000000
1779327900000,2026-05-21T01:45:00+00:00,418.62000000,418.71000000,417.79000000,418.32000000,33.49000000
1779328800000,2026-05-21T02:00:00+00:00,418.19000000,418.23000000,417.82000000,417.82000000,11.59000000
1779329700000,2026-05-21T02:15:00+00:00,417.86000000,418.32000000,417.86000000,418.13000000,17.63000000
1779330600000,2026-05-21T02:30:00+00:00,418.16000000,418.18000000,417.87000000,418.18000000,1.79000000
1779331500000,2026-05-21T02:45:00+00:00,418.12000000,418.27000000,417.55000000,418.16000000,22.89000000
1779332400000,2026-05-21T03:00:00+00:00,417.97000000,418.25000000,417.97000000,418.22000000,7.04000000
1779333300000,2026-05-21T03:15:00+00:00,418.07000000,418.39000000,417.95000000,417.97000000,14.65000000
1779334200000,2026-05-21T03:30:00+00:00,417.95000000,418.57000000,417.95000000,418.57000000,21.64000000
1779335100000,2026-05-21T03:45:00+00:00,418.57000000,418.57000000,418.21000000,418.34000000,3.72000000
1779336000000,2026-05-21T04:00:00+00:00,418.27000000,418.52000000,417.95000000,418.26000000,26.92000000
1779336900000,2026-05-21T04:15:00+00:00,418.43000000,418.68000000,418.26000000,418.63000000,1.87000000
1779337800000,2026-05-21T04:30:00+00:00,418.53000000,419.37000000,418.43000000,419.37000000,21.42000000
1779338700000,2026-05-21T04:45:00+00:00,419.29000000,419.86000000,419.29000000,419.65000000,46.49000000
1779339600000,2026-05-21T05:00:00+00:00,419.65000000,420.98000000,419.65000000,419.84000000,56.50000000
1779340500000,2026-05-21T05:15:00+00:00,419.78000000,420.20000000,419.51000000,419.51000000,24.30000000
1779341400000,2026-05-21T05:30:00+00:00,419.44000000,419.86000000,419.00000000,419.85000000,24.71000000
1779342300000,2026-05-21T05:45:00+00:00,419.65000000,419.65000000,417.18000000,418.26000000,97.53000000
1779343200000,2026-05-21T06:00:00+00:00,418.34000000,419.00000000,418.17000000,418.55000000,41.47000000
1779344100000,2026-05-21T06:15:00+00:00,418.48000000,418.85000000,417.79000000,418.65000000,24.61000000
1779345000000,2026-05-21T06:30:00+00:00,418.46000000,418.53000000,417.81000000,417.81000000,20.10000000
1779345900000,2026-05-21T06:45:00+00:00,417.98000000,418.11000000,417.47000000,417.47000000,14.74000000
1779346800000,2026-05-21T07:00:00+00:00,417.55000000,418.07000000,415.45000000,415.66000000,66.53000000
1779347700000,2026-05-21T07:15:00+00:00,415.56000000,416.44000000,415.00000000,416.17000000,29.32000000
1779348600000,2026-05-21T07:30:00+00:00,416.35000000,416.50000000,415.85000000,416.21000000,120.93000000
1779349500000,2026-05-21T07:45:00+00:00,416.16000000,417.13000000,415.80000000,416.77000000,51.79000000
1779350400000,2026-05-21T08:00:00+00:00,417.03000000,420.08000000,417.03000000,419.91000000,141.59000000
1779351300000,2026-05-21T08:15:00+00:00,420.03000000,420.40000000,418.96000000,420.03000000,43.33000000
1779352200000,2026-05-21T08:30:00+00:00,420.07000000,420.07000000,418.50000000,419.45000000,17.37000000
1779353100000,2026-05-21T08:45:00+00:00,419.48000000,420.23000000,419.11000000,419.93000000,57.07000000
1779354000000,2026-05-21T09:00:00+00:00,419.93000000,420.71000000,419.77000000,420.53000000,15.96000000
1779354900000,2026-05-21T09:15:00+00:00,420.41000000,420.44000000,419.92000000,420.27000000,21.13000000
1779355800000,2026-05-21T09:30:00+00:00,420.22000000,420.40000000,418.80000000,418.82000000,22.19000000
1779356700000,2026-05-21T09:45:00+00:00,418.72000000,419.16000000,418.71000000,419.05000000,6.41000000
1779357600000,2026-05-21T10:00:00+00:00,419.04000000,419.14000000,418.72000000,418.87000000,13.45000000
1779358500000,2026-05-21T10:15:00+00:00,418.89000000,419.40000000,416.92000000,417.09000000,110.59000000
1779359400000,2026-05-21T10:30:00+00:00,417.17000000,417.33000000,414.97000000,416.08000000,50.58000000
1779360300000,2026-05-21T10:45:00+00:00,415.87000000,416.63000000,415.40000000,416.16000000,53.84000000
1779361200000,2026-05-21T11:00:00+00:00,416.08000000,417.12000000,415.74000000,417.05000000,11.06000000
1779362100000,2026-05-21T11:15:00+00:00,417.11000000,417.68000000,417.01000000,417.40000000,16.34000000
1779363000000,2026-05-21T11:30:00+00:00,417.49000000,417.60000000,416.61000000,416.62000000,14.31000000
1779363900000,2026-05-21T11:45:00+00:00,416.62000000,417.41000000,416.08000000,416.17000000,15.93000000
1779364800000,2026-05-21T12:00:00+00:00,416.11000000,416.33000000,415.76000000,415.91000000,16.55000000
1779365700000,2026-05-21T12:15:00+00:00,415.99000000,416.10000000,415.57000000,416.06000000,7.58000000
1779366600000,2026-05-21T12:30:00+00:00,415.77000000,417.02000000,415.75000000,416.29000000,10.19000000
1779367500000,2026-05-21T12:45:00+00:00,416.40000000,416.70000000,415.47000000,416.04000000,17.47000000
1779368400000,2026-05-21T13:00:00+00:00,416.08000000,416.42000000,414.87000000,415.48000000,56.84000000
1779369300000,2026-05-21T13:15:00+00:00,415.29000000,415.92000000,414.03000000,414.59000000,44.63000000
1779370200000,2026-05-21T13:30:00+00:00,414.61000000,421.19000000,414.26000000,419.60000000,328.73000000
1779371100000,2026-05-21T13:45:00+00:00,419.65000000,421.89000000,418.04000000,421.52000000,115.38000000
1779372000000,2026-05-21T14:00:00+00:00,421.54000000,422.44000000,419.63000000,420.42000000,136.74000000
1779372900000,2026-05-21T14:15:00+00:00,420.49000000,420.77000000,415.43000000,415.57000000,228.26000000
1779373800000,2026-05-21T14:30:00+00:00,415.80000000,416.98000000,415.15000000,416.63000000,113.67000000
1779374700000,2026-05-21T14:45:00+00:00,416.55000000,416.78000000,414.96000000,415.06000000,59.38000000
1779375600000,2026-05-21T15:00:00+00:00,415.15000000,415.23000000,411.40000000,413.00000000,236.51000000
1779376500000,2026-05-21T15:15:00+00:00,413.09000000,415.10000000,413.09000000,414.75000000,72.74000000
1779377400000,2026-05-21T15:30:00+00:00,414.75000000,415.08000000,413.55000000,414.70000000,48.35000000
1779378300000,2026-05-21T15:45:00+00:00,414.75000000,415.72000000,414.65000000,414.85000000,74.09000000
1779379200000,2026-05-21T16:00:00+00:00,414.84000000,416.09000000,414.75000000,415.14000000,24.83000000
1779380100000,2026-05-21T16:15:00+00:00,415.25000000,415.40000000,413.33000000,413.44000000,26.21000000
1779381000000,2026-05-21T16:30:00+00:00,413.44000000,414.05000000,413.00000000,413.30000000,66.14000000
1779381900000,2026-05-21T16:45:00+00:00,413.30000000,413.30000000,412.25000000,412.65000000,49.87000000
1779382800000,2026-05-21T17:00:00+00:00,412.82000000,413.93000000,412.06000000,412.78000000,111.50000000
1779383700000,2026-05-21T17:15:00+00:00,412.83000000,414.90000000,412.65000000,413.63000000,152.98000000
1779384600000,2026-05-21T17:30:00+00:00,413.60000000,415.95000000,413.59000000,415.02000000,89.43000000
1779385500000,2026-05-21T17:45:00+00:00,415.08000000,416.34000000,414.60000000,415.02000000,109.91000000
1779386400000,2026-05-21T18:00:00+00:00,415.26000000,415.53000000,413.66000000,414.11000000,104.96000000
1779387300000,2026-05-21T18:15:00+00:00,413.98000000,414.30000000,413.64000000,414.06000000,13.70000000
1779388200000,2026-05-21T18:30:00+00:00,414.06000000,414.15000000,413.28000000,413.72000000,24.72000000
1779389100000,2026-05-21T18:45:00+00:00,413.70000000,413.81000000,410.22000000,412.20000000,144.53000000
1779390000000,2026-05-21T19:00:00+00:00,412.23000000,413.46000000,411.98000000,413.46000000,185.01000000
1779390900000,2026-05-21T19:15:00+00:00,413.52000000,414.42000000,413.46000000,413.46000000,70.10000000
1779391800000,2026-05-21T19:30:00+00:00,413.41000000,413.41000000,412.08000000,412.38000000,50.94000000
1779392700000,2026-05-21T19:45:00+00:00,412.32000000,415.50000000,412.19000000,414.99000000,237.40000000
1779393600000,2026-05-21T20:00:00+00:00,414.97000000,415.38000000,414.29000000,414.74000000,46.03000000
1779394500000,2026-05-21T20:15:00+00:00,414.75000000,414.84000000,414.49000000,414.84000000,3.54000000
1779395400000,2026-05-21T20:30:00+00:00,414.73000000,415.48000000,414.73000000,415.18000000,22.93000000
1779396300000,2026-05-21T20:45:00+00:00,415.14000000,415.18000000,414.50000000,414.50000000,39.84000000
1779397200000,2026-05-21T21:00:00+00:00,414.52000000,415.24000000,414.52000000,415.05000000,13.78000000
1779398100000,2026-05-21T21:15:00+00:00,415.05000000,415.67000000,414.50000000,415.26000000,136.80000000
1779399000000,2026-05-21T21:30:00+00:00,415.24000000,415.24000000,415.00000000,415.00000000,0.47000000
1779399900000,2026-05-21T21:45:00+00:00,414.97000000,414.97000000,414.48000000,414.57000000,18.65000000
1779400800000,2026-05-21T22:00:00+00:00,414.90000000,415.69000000,414.51000000,415.58000000,27.89000000
1779401700000,2026-05-21T22:15:00+00:00,415.71000000,416.30000000,415.32000000,415.96000000,23.64000000
1779402600000,2026-05-21T22:30:00+00:00,415.94000000,415.95000000,415.32000000,415.95000000,3.42000000
1779403500000,2026-05-21T22:45:00+00:00,415.87000000,416.04000000,415.44000000,415.68000000,26.38000000
1779404400000,2026-05-21T23:00:00+00:00,415.64000000,416.86000000,415.64000000,416.16000000,112.62000000
1779405300000,2026-05-21T23:15:00+00:00,416.01000000,416.15000000,415.82000000,415.82000000,2.46000000
1779406200000,2026-05-21T23:30:00+00:00,415.82000000,416.16000000,415.82000000,416.07000000,4.44000000
1779407100000,2026-05-21T23:45:00+00:00,416.06000000,416.52000000,415.92000000,416.28000000,11.43000000
1779408000000,2026-05-22T00:00:00+00:00,416.23000000,417.26000000,416.10000000,417.18000000,48.87000000
1779408900000,2026-05-22T00:15:00+00:00,416.97000000,417.66000000,416.89000000,417.43000000,20.20000000
1779409800000,2026-05-22T00:30:00+00:00,417.40000000,418.14000000,417.40000000,417.85000000,45.89000000
1779410700000,2026-05-22T00:45:00+00:00,417.85000000,418.19000000,417.35000000,417.35000000,29.55000000
1779411600000,2026-05-22T01:00:00+00:00,417.30000000,417.66000000,416.72000000,417.66000000,13.35000000
1779412500000,2026-05-22T01:15:00+00:00,417.72000000,417.77000000,417.28000000,417.40000000,19.30000000
1779413400000,2026-05-22T01:30:00+00:00,417.39000000,417.56000000,416.16000000,416.70000000,22.91000000
1779414300000,2026-05-22T01:45:00+00:00,416.74000000,417.09000000,416.70000000,416.70000000,1.99000000
1779415200000,2026-05-22T02:00:00+00:00,416.66000000,416.88000000,416.42000000,416.51000000,7.12000000
1779416100000,2026-05-22T02:15:00+00:00,416.64000000,416.75000000,416.24000000,416.24000000,3.39000000
1779417000000,2026-05-22T02:30:00+00:00,416.22000000,416.67000000,415.68000000,416.14000000,94.45000000
1779417900000,2026-05-22T02:45:00+00:00,416.36000000,416.51000000,416.17000000,416.33000000,6.71000000
1779418800000,2026-05-22T03:00:00+00:00,416.34000000,416.44000000,416.23000000,416.28000000,8.44000000
1779419700000,2026-05-22T03:15:00+00:00,416.33000000,416.82000000,416.28000000,416.64000000,5.96000000
1779420600000,2026-05-22T03:30:00+00:00,416.83000000,416.88000000,416.73000000,416.85000000,3.65000000
1779421500000,2026-05-22T03:45:00+00:00,416.85000000,417.26000000,416.82000000,417.26000000,9.20000000
1779422400000,2026-05-22T04:00:00+00:00,417.09000000,417.82000000,417.09000000,417.70000000,22.14000000
1779423300000,2026-05-22T04:15:00+00:00,417.70000000,417.85000000,417.47000000,417.64000000,12.77000000
1779424200000,2026-05-22T04:30:00+00:00,417.68000000,417.68000000,417.36000000,417.36000000,0.15000000
1779425100000,2026-05-22T04:45:00+00:00,417.39000000,417.85000000,417.39000000,417.81000000,3.73000000
1779426000000,2026-05-22T05:00:00+00:00,417.73000000,418.21000000,417.73000000,417.92000000,26.14000000
1779426900000,2026-05-22T05:15:00+00:00,417.92000000,417.92000000,417.67000000,417.92000000,30.01000000
1779427800000,2026-05-22T05:30:00+00:00,417.73000000,417.92000000,417.49000000,417.60000000,12.85000000
1779428700000,2026-05-22T05:45:00+00:00,417.72000000,417.84000000,417.27000000,417.27000000,20.48000000
1779429600000,2026-05-22T06:00:00+00:00,417.27000000,417.68000000,416.82000000,417.20000000,26.26000000
1779430500000,2026-05-22T06:15:00+00:00,417.24000000,417.71000000,417.20000000,417.58000000,5.55000000
1779431400000,2026-05-22T06:30:00+00:00,417.66000000,417.96000000,417.55000000,417.90000000,8.42000000
1779432300000,2026-05-22T06:45:00+00:00,417.92000000,417.92000000,417.44000000,417.44000000,3.82000000
1779433200000,2026-05-22T07:00:00+00:00,417.45000000,417.98000000,417.37000000,417.90000000,28.69000000
1779434100000,2026-05-22T07:15:00+00:00,417.90000000,418.05000000,417.32000000,417.89000000,26.52000000
1779435000000,2026-05-22T07:30:00+00:00,417.90000000,418.10000000,417.65000000,418.10000000,8.67000000
1779435900000,2026-05-22T07:45:00+00:00,418.09000000,418.09000000,417.24000000,417.87000000,15.75000000
1779436800000,2026-05-22T08:00:00+00:00,417.96000000,418.81000000,417.63000000,418.66000000,83.01000000
1779437700000,2026-05-22T08:15:00+00:00,418.56000000,419.59000000,418.56000000,419.46000000,58.17000000
1779438600000,2026-05-22T08:30:00+00:00,419.46000000,419.49000000,418.46000000,418.78000000,30.65000000
1779439500000,2026-05-22T08:45:00+00:00,418.69000000,419.04000000,418.42000000,418.59000000,28.84000000
1779440400000,2026-05-22T09:00:00+00:00,418.58000000,418.58000000,417.24000000,417.35000000,33.73000000
1779441300000,2026-05-22T09:15:00+00:00,417.34000000,417.36000000,416.76000000,416.84000000,29.83000000
1779442200000,2026-05-22T09:30:00+00:00,416.71000000,417.36000000,415.11000000,416.88000000,171.16000000
1779443100000,2026-05-22T09:45:00+00:00,416.98000000,417.11000000,416.77000000,416.91000000,3.90000000
1779444000000,2026-05-22T10:00:00+00:00,417.04000000,417.04000000,416.00000000,416.00000000,23.15000000
1779444900000,2026-05-22T10:15:00+00:00,416.13000000,416.22000000,415.77000000,415.77000000,18.12000000
1779445800000,2026-05-22T10:30:00+00:00,415.82000000,415.85000000,415.56000000,415.68000000,8.65000000
1779446700000,2026-05-22T10:45:00+00:00,415.73000000,416.46000000,415.35000000,415.92000000,40.53000000
1779447600000,2026-05-22T11:00:00+00:00,416.21000000,416.57000000,415.84000000,415.84000000,6.77000000
1779448500000,2026-05-22T11:15:00+00:00,415.82000000,416.26000000,415.68000000,416.26000000,3.12000000
1779449400000,2026-05-22T11:30:00+00:00,416.25000000,416.77000000,416.09000000,416.70000000,26.93000000
1779450300000,2026-05-22T11:45:00+00:00,416.82000000,416.82000000,416.10000000,416.21000000,19.03000000
1779451200000,2026-05-22T12:00:00+00:00,416.28000000,416.39000000,415.70000000,416.27000000,39.91000000
1779452100000,2026-05-22T12:15:00+00:00,416.32000000,416.58000000,415.95000000,416.27000000,35.23000000
1779453000000,2026-05-22T12:30:00+00:00,416.28000000,416.40000000,415.97000000,416.37000000,13.00000000
1779453900000,2026-05-22T12:45:00+00:00,416.38000000,417.24000000,416.35000000,417.07000000,23.42000000
1779454800000,2026-05-22T13:00:00+00:00,417.18000000,417.51000000,416.54000000,417.13000000,37.27000000
1779455700000,2026-05-22T13:15:00+00:00,417.36000000,417.80000000,416.41000000,417.80000000,73.15000000
1779456600000,2026-05-22T13:30:00+00:00,417.84000000,420.00000000,417.06000000,418.99000000,548.03000000
1779457500000,2026-05-22T13:45:00+00:00,419.34000000,419.59000000,415.59000000,416.73000000,280.09000000
1779458400000,2026-05-22T14:00:00+00:00,416.57000000,416.58000000,413.61000000,415.02000000,173.99000000
1779459300000,2026-05-22T14:15:00+00:00,414.82000000,415.56000000,410.91000000,412.14000000,286.49000000
1779460200000,2026-05-22T14:30:00+00:00,412.19000000,413.39000000,411.44000000,412.92000000,252.54000000
1779461100000,2026-05-22T14:45:00+00:00,412.80000000,414.56000000,411.59000000,413.82000000,171.78000000
1779462000000,2026-05-22T15:00:00+00:00,414.06000000,414.83000000,413.81000000,414.22000000,383.18000000
1779462900000,2026-05-22T15:15:00+00:00,414.23000000,415.45000000,414.14000000,415.19000000,239.99000000
1779463800000,2026-05-22T15:30:00+00:00,415.20000000,415.30000000,414.06000000,414.24000000,215.29000000
1779464700000,2026-05-22T15:45:00+00:00,414.12000000,414.16000000,412.73000000,413.25000000,97.35000000
1779465600000,2026-05-22T16:00:00+00:00,413.25000000,413.58000000,412.35000000,413.58000000,86.01000000
1779466500000,2026-05-22T16:15:00+00:00,413.43000000,413.94000000,412.88000000,413.82000000,27.76000000
1779467400000,2026-05-22T16:30:00+00:00,413.82000000,414.36000000,413.52000000,413.53000000,65.64000000
1779468300000,2026-05-22T16:45:00+00:00,413.50000000,414.25000000,413.50000000,414.06000000,54.12000000
1779469200000,2026-05-22T17:00:00+00:00,414.15000000,414.60000000,413.95000000,414.24000000,42.03000000
1779470100000,2026-05-22T17:15:00+00:00,414.27000000,414.90000000,413.70000000,414.71000000,21.64000000
1779471000000,2026-05-22T17:30:00+00:00,414.83000000,414.96000000,413.02000000,413.60000000,168.28000000
1779471900000,2026-05-22T17:45:00+00:00,413.58000000,414.06000000,413.22000000,413.22000000,8.95000000
1779472800000,2026-05-22T18:00:00+00:00,413.40000000,414.07000000,413.01000000,413.07000000,49.59000000
1779473700000,2026-05-22T18:15:00+00:00,413.19000000,413.55000000,412.65000000,412.91000000,13.67000000
1779474600000,2026-05-22T18:30:00+00:00,412.68000000,413.04000000,412.02000000,412.77000000,20.84000000
1779475500000,2026-05-22T18:45:00+00:00,412.79000000,413.76000000,412.35000000,413.19000000,151.00000000
1779476400000,2026-05-22T19:00:00+00:00,413.27000000,413.52000000,412.08000000,412.50000000,169.21000000
1779477300000,2026-05-22T19:15:00+00:00,412.40000000,413.15000000,411.96000000,412.74000000,71.73000000
1779478200000,2026-05-22T19:30:00+00:00,412.70000000,412.96000000,411.86000000,412.23000000,43.26000000
1779479100000,2026-05-22T19:45:00+00:00,412.08000000,415.28000000,411.66000000,414.20000000,325.61000000
1779480000000,2026-05-22T20:00:00+00:00,414.18000000,414.50000000,413.23000000,413.85000000,54.70000000
1779480900000,2026-05-22T20:15:00+00:00,413.85000000,414.10000000,413.52000000,413.90000000,17.84000000
1779481800000,2026-05-22T20:30:00+00:00,414.10000000,414.18000000,413.10000000,413.35000000,34.28000000
1779482700000,2026-05-22T20:45:00+00:00,413.46000000,413.88000000,413.09000000,413.85000000,15.69000000
1779483600000,2026-05-22T21:00:00+00:00,413.86000000,413.89000000,413.42000000,413.70000000,33.85000000
1779484500000,2026-05-22T21:15:00+00:00,413.76000000,413.88000000,413.51000000,413.88000000,3.35000000
1779485400000,2026-05-22T21:30:00+00:00,413.92000000,414.23000000,413.29000000,413.47000000,58.18000000
1779486300000,2026-05-22T21:45:00+00:00,413.91000000,414.01000000,413.61000000,413.77000000,11.98000000
1779487200000,2026-05-22T22:00:00+00:00,413.87000000,414.14000000,413.56000000,413.78000000,3.52000000
1779488100000,2026-05-22T22:15:00+00:00,413.78000000,414.00000000,413.63000000,413.63000000,1.17000000
1779489000000,2026-05-22T22:30:00+00:00,413.67000000,414.08000000,413.37000000,413.37000000,6.03000000
1779489900000,2026-05-22T22:45:00+00:00,413.62000000,413.65000000,413.14000000,413.49000000,10.66000000
1779490800000,2026-05-22T23:00:00+00:00,413.47000000,413.55000000,413.28000000,413.30000000,2.33000000
1779491700000,2026-05-22T23:15:00+00:00,413.26000000,413.56000000,413.24000000,413.24000000,10.99000000
1779492600000,2026-05-22T23:30:00+00:00,413.22000000,413.50000000,413.02000000,413.19000000,6.77000000
1779493500000,2026-05-22T23:45:00+00:00,413.26000000,413.57000000,412.55000000,413.36000000,39.14000000
1779494400000,2026-05-23T00:00:00+00:00,413.33000000,413.46000000,412.55000000,412.88000000,36.33000000
1779495300000,2026-05-23T00:15:00+00:00,412.86000000,413.14000000,412.45000000,412.47000000,11.90000000
1779496200000,2026-05-23T00:30:00+00:00,412.50000000,412.60000000,411.66000000,412.11000000,45.74000000
1779497100000,2026-05-23T00:45:00+00:00,412.16000000,412.28000000,412.05000000,412.09000000,6.21000000
1779498000000,2026-05-23T01:00:00+00:00,412.19000000,412.77000000,412.12000000,412.61000000,5.03000000
1779498900000,2026-05-23T01:15:00+00:00,412.63000000,413.70000000,412.48000000,413.49000000,12.88000000
1779499800000,2026-05-23T01:30:00+00:00,413.67000000,413.79000000,413.46000000,413.53000000,4.55000000
1779500700000,2026-05-23T01:45:00+00:00,413.59000000,413.84000000,413.46000000,413.67000000,6.77000000
1779501600000,2026-05-23T02:00:00+00:00,413.64000000,413.67000000,413.01000000,413.41000000,5.78000000
1779502500000,2026-05-23T02:15:00+00:00,413.38000000,413.38000000,412.73000000,412.83000000,11.54000000
1779503400000,2026-05-23T02:30:00+00:00,413.02000000,413.02000000,412.48000000,412.65000000,4.83000000
1779504300000,2026-05-23T02:45:00+00:00,412.65000000,413.32000000,412.65000000,413.32000000,23.97000000
1779505200000,2026-05-23T03:00:00+00:00,413.35000000,413.46000000,413.28000000,413.28000000,2.05000000
1779506100000,2026-05-23T03:15:00+00:00,413.28000000,413.34000000,413.06000000,413.11000000,2.08000000
1779507000000,2026-05-23T03:30:00+00:00,413.27000000,413.63000000,413.27000000,413.63000000,0.63000000
1779507900000,2026-05-23T03:45:00+00:00,413.66000000,413.67000000,413.33000000,413.33000000,2.87000000
1779508800000,2026-05-23T04:00:00+00:00,413.48000000,413.96000000,413.48000000,413.81000000,13.14000000
1779509700000,2026-05-23T04:15:00+00:00,413.73000000,413.73000000,413.43000000,413.51000000,1.58000000
1779510600000,2026-05-23T04:30:00+00:00,413.55000000,413.62000000,413.28000000,413.28000000,4.59000000
1779511500000,2026-05-23T04:45:00+00:00,413.32000000,413.43000000,413.00000000,413.11000000,10.17000000
1779512400000,2026-05-23T05:00:00+00:00,413.14000000,413.32000000,413.09000000,413.09000000,3.20000000
1779513300000,2026-05-23T05:15:00+00:00,413.22000000,413.22000000,412.72000000,412.72000000,1.50000000
1779514200000,2026-05-23T05:30:00+00:00,412.66000000,413.24000000,412.44000000,412.95000000,13.71000000
1779515100000,2026-05-23T05:45:00+00:00,412.95000000,413.05000000,412.53000000,412.79000000,4.96000000
1779516000000,2026-05-23T06:00:00+00:00,412.77000000,413.14000000,412.71000000,412.71000000,5.17000000
1779516900000,2026-05-23T06:15:00+00:00,412.71000000,412.78000000,412.47000000,412.76000000,8.25000000
1779517800000,2026-05-23T06:30:00+00:00,412.78000000,412.89000000,412.27000000,412.60000000,8.41000000
1779518700000,2026-05-23T06:45:00+00:00,412.47000000,412.47000000,412.30000000,412.30000000,0.88000000
1779519600000,2026-05-23T07:00:00+00:00,412.27000000,412.72000000,411.96000000,412.68000000,11.39000000
1779520500000,2026-05-23T07:15:00+00:00,412.71000000,413.07000000,412.52000000,412.97000000,7.49000000
1779521400000,2026-05-23T07:30:00+00:00,412.99000000,413.82000000,412.80000000,413.03000000,27.39000000
1779522300000,2026-05-23T07:45:00+00:00,413.07000000,413.41000000,411.47000000,412.43000000,132.38000000
1779523200000,2026-05-23T08:00:00+00:00,412.43000000,412.67000000,411.43000000,411.74000000,72.15000000
1779524100000,2026-05-23T08:15:00+00:00,411.77000000,412.11000000,411.58000000,411.88000000,17.41000000
1779525000000,2026-05-23T08:30:00+00:00,411.96000000,412.20000000,411.46000000,411.70000000,8.01000000
1779525900000,2026-05-23T08:45:00+00:00,411.72000000,412.13000000,411.72000000,412.01000000,4.84000000
1779526800000,2026-05-23T09:00:00+00:00,412.01000000,412.14000000,411.82000000,411.92000000,7.80000000
1779527700000,2026-05-23T09:15:00+00:00,411.96000000,412.00000000,411.86000000,412.00000000,0.21000000
1779528600000,2026-05-23T09:30:00+00:00,411.98000000,412.02000000,411.81000000,411.81000000,3.69000000
1779529500000,2026-05-23T09:45:00+00:00,411.90000000,411.90000000,411.74000000,411.74000000,0.25000000
1779530400000,2026-05-23T10:00:00+00:00,411.74000000,411.95000000,411.63000000,411.93000000,2.41000000
1779531300000,2026-05-23T10:15:00+00:00,411.93000000,412.01000000,411.93000000,411.99000000,2.22000000
1779532200000,2026-05-23T10:30:00+00:00,411.99000000,411.99000000,411.52000000,411.70000000,2.69000000
1779533100000,2026-05-23T10:45:00+00:00,411.70000000,411.70000000,411.70000000,411.70000000,0.18000000
1779534000000,2026-05-23T11:00:00+00:00,411.67000000,411.88000000,411.67000000,411.85000000,0.94000000
1779534900000,2026-05-23T11:15:00+00:00,411.84000000,411.89000000,411.84000000,411.87000000,0.81000000
1779535800000,2026-05-23T11:30:00+00:00,411.72000000,411.72000000,411.49000000,411.51000000,2.32000000
1779536700000,2026-05-23T11:45:00+00:00,411.64000000,411.67000000,411.61000000,411.61000000,2.84000000
1779537600000,2026-05-23T12:00:00+00:00,411.70000000,411.81000000,411.43000000,411.43000000,5.83000000
1779538500000,2026-05-23T12:15:00+00:00,411.46000000,411.63000000,411.44000000,411.63000000,1.99000000
1779539400000,2026-05-23T12:30:00+00:00,411.55000000,411.63000000,411.55000000,411.63000000,0.08000000
1779540300000,2026-05-23T12:45:00+00:00,411.62000000,411.72000000,411.57000000,411.57000000,2.69000000
1779541200000,2026-05-23T13:00:00+00:00,411.66000000,412.37000000,411.54000000,412.37000000,7.17000000
1779542100000,2026-05-23T13:15:00+00:00,412.44000000,412.98000000,412.44000000,412.96000000,3.96000000
1779543000000,2026-05-23T13:30:00+00:00,412.96000000,412.98000000,412.19000000,412.46000000,10.67000000
1779543900000,2026-05-23T13:45:00+00:00,412.53000000,412.77000000,412.50000000,412.77000000,2.81000000
1779544800000,2026-05-23T14:00:00+00:00,412.79000000,413.21000000,412.68000000,413.21000000,3.84000000
1779545700000,2026-05-23T14:15:00+00:00,413.22000000,413.49000000,413.21000000,413.21000000,3.27000000
1779546600000,2026-05-23T14:30:00+00:00,413.27000000,415.20000000,413.07000000,414.95000000,205.47000000
1779547500000,2026-05-23T14:45:00+00:00,414.90000000,415.89000000,414.73000000,415.56000000,519.85000000
1779548400000,2026-05-23T15:00:00+00:00,415.56000000,416.45000000,414.53000000,415.85000000,317.08000000
1779549300000,2026-05-23T15:15:00+00:00,415.93000000,416.07000000,415.90000000,415.93000000,3.08000000
1779550200000,2026-05-23T15:30:00+00:00,415.78000000,415.78000000,414.85000000,415.30000000,9.24000000
1779551100000,2026-05-23T15:45:00+00:00,415.35000000,416.17000000,415.29000000,415.89000000,27.59000000
1779552000000,2026-05-23T16:00:00+00:00,415.83000000,416.46000000,415.30000000,416.44000000,76.16000000
1779552900000,2026-05-23T16:15:00+00:00,416.30000000,416.41000000,415.95000000,415.99000000,9.99000000
1779553800000,2026-05-23T16:30:00+00:00,416.15000000,416.46000000,416.04000000,416.16000000,17.16000000
1779554700000,2026-05-23T16:45:00+00:00,416.28000000,416.43000000,416.17000000,416.41000000,1.52000000
1779555600000,2026-05-23T17:00:00+00:00,416.27000000,416.54000000,416.27000000,416.40000000,10.75000000
1779556500000,2026-05-23T17:15:00+00:00,416.40000000,416.54000000,416.35000000,416.45000000,2.21000000
1779557400000,2026-05-23T17:30:00+00:00,416.48000000,416.54000000,416.30000000,416.36000000,2.97000000
1779558300000,2026-05-23T17:45:00+00:00,416.29000000,416.40000000,415.56000000,415.79000000,6.34000000
1779559200000,2026-05-23T18:00:00+00:00,415.61000000,416.25000000,415.49000000,416.25000000,9.47000000
1779560100000,2026-05-23T18:15:00+00:00,416.28000000,418.24000000,416.28000000,417.98000000,119.24000000
1779561000000,2026-05-23T18:30:00+00:00,417.83000000,422.26000000,417.81000000,421.45000000,331.44000000
1779561900000,2026-05-23T18:45:00+00:00,421.44000000,421.63000000,419.40000000,420.16000000,86.14000000
1779562800000,2026-05-23T19:00:00+00:00,419.95000000,420.41000000,419.95000000,420.37000000,19.55000000
1779563700000,2026-05-23T19:15:00+00:00,420.31000000,420.72000000,419.98000000,420.48000000,18.85000000
1779564600000,2026-05-23T19:30:00+00:00,420.52000000,422.67000000,420.46000000,422.35000000,39.96000000
1779565500000,2026-05-23T19:45:00+00:00,422.40000000,422.54000000,420.99000000,421.49000000,30.50000000
1779566400000,2026-05-23T20:00:00+00:00,421.49000000,421.94000000,421.28000000,421.74000000,16.74000000
1779567300000,2026-05-23T20:15:00+00:00,421.79000000,422.90000000,420.36000000,420.36000000,129.95000000
1779568200000,2026-05-23T20:30:00+00:00,420.57000000,422.88000000,420.43000000,421.08000000,77.08000000
1779569100000,2026-05-23T20:45:00+00:00,421.26000000,423.64000000,421.26000000,422.45000000,59.81000000
1779570000000,2026-05-23T21:00:00+00:00,422.30000000,423.02000000,421.74000000,422.60000000,32.82000000
1779570900000,2026-05-23T21:15:00+00:00,422.60000000,424.14000000,422.23000000,422.23000000,30.25000000
1779571800000,2026-05-23T21:30:00+00:00,422.19000000,422.33000000,421.52000000,422.21000000,4.19000000
1779572700000,2026-05-23T21:45:00+00:00,422.25000000,422.59000000,421.57000000,422.32000000,11.34000000
1779573600000,2026-05-23T22:00:00+00:00,421.96000000,423.52000000,421.96000000,422.91000000,29.57000000
1779574500000,2026-05-23T22:15:00+00:00,422.68000000,423.48000000,422.68000000,423.36000000,23.51000000
1779575400000,2026-05-23T22:30:00+00:00,423.28000000,423.86000000,422.53000000,423.47000000,36.41000000
1779576300000,2026-05-23T22:45:00+00:00,423.50000000,423.76000000,423.04000000,423.47000000,8.40000000
1779577200000,2026-05-23T23:00:00+00:00,423.40000000,423.86000000,423.36000000,423.42000000,11.56000000
1779578100000,2026-05-23T23:15:00+00:00,423.55000000,423.70000000,422.89000000,422.95000000,13.83000000
1779579000000,2026-05-23T23:30:00+00:00,422.95000000,424.66000000,422.95000000,424.30000000,98.13000000
1779579900000,2026-05-23T23:45:00+00:00,424.31000000,425.41000000,424.11000000,424.37000000,37.86000000
1779580800000,2026-05-24T00:00:00+00:00,424.52000000,425.25000000,423.77000000,423.95000000,39.96000000
1779581700000,2026-05-24T00:15:00+00:00,423.83000000,424.14000000,423.31000000,423.44000000,30.64000000
1779582600000,2026-05-24T00:30:00+00:00,423.49000000,424.56000000,423.49000000,423.68000000,35.90000000
1779583500000,2026-05-24T00:45:00+00:00,423.63000000,424.15000000,421.79000000,422.84000000,96.35000000
1779584400000,2026-05-24T01:00:00+00:00,422.89000000,423.51000000,422.84000000,423.23000000,11.54000000
1779585300000,2026-05-24T01:15:00+00:00,423.23000000,423.79000000,422.72000000,423.76000000,23.61000000
1779586200000,2026-05-24T01:30:00+00:00,423.64000000,424.37000000,423.10000000,423.86000000,67.37000000
1779587100000,2026-05-24T01:45:00+00:00,423.74000000,424.07000000,423.52000000,423.61000000,10.65000000
1779588000000,2026-05-24T02:00:00+00:00,423.68000000,423.71000000,422.88000000,423.36000000,43.53000000
1779588900000,2026-05-24T02:15:00+00:00,423.29000000,423.59000000,423.00000000,423.04000000,31.38000000
1779589800000,2026-05-24T02:30:00+00:00,422.97000000,423.89000000,422.79000000,423.85000000,68.68000000
1779590700000,2026-05-24T02:45:00+00:00,423.89000000,423.89000000,422.90000000,423.04000000,18.01000000
1779591600000,2026-05-24T03:00:00+00:00,422.98000000,423.16000000,422.54000000,422.63000000,15.96000000
1779592500000,2026-05-24T03:15:00+00:00,422.49000000,422.95000000,422.36000000,422.52000000,24.31000000
1779593400000,2026-05-24T03:30:00+00:00,422.54000000,422.84000000,422.32000000,422.38000000,17.01000000
1779594300000,2026-05-24T03:45:00+00:00,422.44000000,422.66000000,422.16000000,422.40000000,37.74000000
1779595200000,2026-05-24T04:00:00+00:00,422.56000000,423.55000000,422.18000000,423.28000000,43.51000000
1779596100000,2026-05-24T04:15:00+00:00,423.22000000,423.38000000,423.03000000,423.23000000,3.54000000
1779597000000,2026-05-24T04:30:00+00:00,423.20000000,423.33000000,423.13000000,423.20000000,3.06000000
1779597900000,2026-05-24T04:45:00+00:00,423.24000000,423.38000000,423.22000000,423.22000000,2.82000000
1779598800000,2026-05-24T05:00:00+00:00,423.37000000,423.37000000,422.98000000,423.05000000,6.57000000
1779599700000,2026-05-24T05:15:00+00:00,423.24000000,423.24000000,422.80000000,423.03000000,30.69000000
1779600600000,2026-05-24T05:30:00+00:00,423.03000000,423.52000000,422.81000000,423.32000000,28.48000000
1779601500000,2026-05-24T05:45:00+00:00,423.54000000,423.60000000,423.20000000,423.33000000,9.50000000
1779602400000,2026-05-24T06:00:00+00:00,423.45000000,423.45000000,422.96000000,422.96000000,0.41000000
1779603300000,2026-05-24T06:15:00+00:00,422.92000000,422.92000000,422.34000000,422.44000000,5.76000000
1779604200000,2026-05-24T06:30:00+00:00,422.38000000,422.96000000,422.00000000,422.00000000,28.10000000
1779605100000,2026-05-24T06:45:00+00:00,422.07000000,422.37000000,422.03000000,422.06000000,2.30000000
1779606000000,2026-05-24T07:00:00+00:00,421.95000000,422.02000000,421.68000000,422.01000000,3.26000000
1779606900000,2026-05-24T07:15:00+00:00,421.88000000,422.06000000,421.48000000,421.94000000,30.34000000
1779607800000,2026-05-24T07:30:00+00:00,421.99000000,423.05000000,421.99000000,422.92000000,6.65000000
1779608700000,2026-05-24T07:45:00+00:00,422.92000000,422.92000000,422.16000000,422.22000000,2.28000000
1779609600000,2026-05-24T08:00:00+00:00,422.26000000,422.40000000,422.13000000,422.20000000,4.98000000
1779610500000,2026-05-24T08:15:00+00:00,422.21000000,422.70000000,422.11000000,422.70000000,11.07000000
1779611400000,2026-05-24T08:30:00+00:00,422.46000000,422.96000000,422.46000000,422.88000000,21.57000000
1779612300000,2026-05-24T08:45:00+00:00,422.90000000,423.31000000,422.74000000,422.74000000,10.45000000
1779613200000,2026-05-24T09:00:00+00:00,422.82000000,422.93000000,422.71000000,422.93000000,11.12000000
1779614100000,2026-05-24T09:15:00+00:00,422.96000000,423.22000000,422.86000000,423.16000000,7.16000000
1779615000000,2026-05-24T09:30:00+00:00,423.22000000,423.23000000,423.11000000,423.23000000,1.23000000
1779615900000,2026-05-24T09:45:00+00:00,423.28000000,423.64000000,423.28000000,423.50000000,2.84000000
1779616800000,2026-05-24T10:00:00+00:00,423.44000000,423.68000000,422.88000000,423.19000000,7.78000000
1779617700000,2026-05-24T10:15:00+00:00,423.20000000,423.48000000,423.08000000,423.39000000,7.85000000
1779618600000,2026-05-24T10:30:00+00:00,423.40000000,423.42000000,423.06000000,423.07000000,6.90000000
1779619500000,2026-05-24T10:45:00+00:00,423.13000000,423.51000000,423.10000000,423.37000000,11.93000000
1779620400000,2026-05-24T11:00:00+00:00,423.39000000,423.63000000,423.01000000,423.41000000,12.58000000
1779621300000,2026-05-24T11:15:00+00:00,423.20000000,423.20000000,422.85000000,422.85000000,6.38000000
1779622200000,2026-05-24T11:30:00+00:00,422.87000000,422.95000000,422.41000000,422.69000000,18.15000000
1779623100000,2026-05-24T11:45:00+00:00,422.68000000,422.75000000,422.46000000,422.46000000,6.61000000
1779624000000,2026-05-24T12:00:00+00:00,422.57000000,422.63000000,422.21000000,422.46000000,5.94000000
1779624900000,2026-05-24T12:15:00+00:00,422.46000000,422.62000000,422.32000000,422.32000000,3.98000000
1779625800000,2026-05-24T12:30:00+00:00,422.28000000,422.69000000,422.24000000,422.63000000,6.72000000
1779626700000,2026-05-24T12:45:00+00:00,422.72000000,423.23000000,422.59000000,422.59000000,4.02000000
1779627600000,2026-05-24T13:00:00+00:00,422.61000000,423.92000000,422.31000000,423.31000000,44.39000000
1779628500000,2026-05-24T13:15:00+00:00,423.35000000,425.22000000,422.17000000,423.89000000,274.94000000
1779629400000,2026-05-24T13:30:00+00:00,423.68000000,425.37000000,422.51000000,424.95000000,96.81000000
1779630300000,2026-05-24T13:45:00+00:00,425.15000000,425.27000000,424.06000000,424.63000000,12.74000000
1779631200000,2026-05-24T14:00:00+00:00,424.47000000,425.52000000,423.76000000,424.24000000,84.84000000
1779632100000,2026-05-24T14:15:00+00:00,424.36000000,425.42000000,418.73000000,423.75000000,382.38000000
1779633000000,2026-05-24T14:30:00+00:00,423.63000000,424.15000000,422.73000000,423.57000000,47.22000000
1779633900000,2026-05-24T14:45:00+00:00,423.66000000,424.24000000,423.66000000,423.76000000,8.43000000
1779634800000,2026-05-24T15:00:00+00:00,423.97000000,424.38000000,422.79000000,422.82000000,32.00000000
1779635700000,2026-05-24T15:15:00+00:00,422.90000000,423.69000000,422.56000000,422.58000000,38.74000000
1779636600000,2026-05-24T15:30:00+00:00,422.70000000,423.09000000,422.68000000,422.68000000,6.13000000
1779637500000,2026-05-24T15:45:00+00:00,422.73000000,422.75000000,422.12000000,422.63000000,7.33000000
1779638400000,2026-05-24T16:00:00+00:00,422.63000000,423.33000000,421.85000000,422.57000000,42.85000000
1779639300000,2026-05-24T16:15:00+00:00,422.58000000,422.95000000,422.58000000,422.80000000,12.76000000
1779640200000,2026-05-24T16:30:00+00:00,422.72000000,422.80000000,422.19000000,422.80000000,6.06000000
1779641100000,2026-05-24T16:45:00+00:00,422.83000000,422.90000000,422.83000000,422.89000000,0.14000000
1779642000000,2026-05-24T17:00:00+00:00,422.96000000,423.15000000,422.84000000,423.10000000,8.64000000
1779642900000,2026-05-24T17:15:00+00:00,423.16000000,423.33000000,423.00000000,423.19000000,2.65000000
1779643800000,2026-05-24T17:30:00+00:00,423.22000000,423.31000000,423.19000000,423.19000000,1.12000000
1779644700000,2026-05-24T17:45:00+00:00,423.26000000,423.26000000,423.26000000,423.26000000,0.21000000
1779645600000,2026-05-24T18:00:00+00:00,423.23000000,424.07000000,423.19000000,423.68000000,24.88000000
1779646500000,2026-05-24T18:15:00+00:00,423.68000000,423.68000000,423.52000000,423.68000000,0.62000000
1779647400000,2026-05-24T18:30:00+00:00,423.58000000,423.58000000,423.53000000,423.53000000,0.04000000
1779648300000,2026-05-24T18:45:00+00:00,423.50000000,423.50000000,423.11000000,423.30000000,2.38000000
1779649200000,2026-05-24T19:00:00+00:00,423.39000000,423.50000000,423.38000000,423.43000000,0.73000000
1779650100000,2026-05-24T19:15:00+00:00,423.27000000,423.32000000,423.22000000,423.31000000,0.66000000
1779651000000,2026-05-24T19:30:00+00:00,423.21000000,423.26000000,423.13000000,423.26000000,1.83000000
1779651900000,2026-05-24T19:45:00+00:00,423.28000000,423.28000000,423.28000000,423.28000000,0.12000000
1779652800000,2026-05-24T20:00:00+00:00,423.33000000,423.52000000,422.85000000,422.85000000,4.07000000
1779653700000,2026-05-24T20:15:00+00:00,422.88000000,423.02000000,422.88000000,422.90000000,1.12000000
1779654600000,2026-05-24T20:30:00+00:00,422.90000000,423.29000000,422.85000000,423.20000000,2.47000000
1779655500000,2026-05-24T20:45:00+00:00,423.23000000,423.31000000,422.87000000,422.87000000,3.49000000
1779656400000,2026-05-24T21:00:00+00:00,422.94000000,423.39000000,422.89000000,423.15000000,11.65000000
1779657300000,2026-05-24T21:15:00+00:00,423.15000000,423.40000000,422.85000000,422.98000000,7.94000000
1779658200000,2026-05-24T21:30:00+00:00,422.84000000,423.40000000,421.51000000,421.73000000,45.79000000
1779659100000,2026-05-24T21:45:00+00:00,422.50000000,422.76000000,421.38000000,422.12000000,9.45000000
1779660000000,2026-05-24T22:00:00+00:00,421.78000000,422.02000000,418.79000000,421.18000000,149.55000000
1779660900000,2026-05-24T22:15:00+00:00,421.18000000,421.70000000,420.02000000,420.55000000,41.22000000
1779661800000,2026-05-24T22:30:00+00:00,420.55000000,421.65000000,420.55000000,420.94000000,37.42000000
1779662700000,2026-05-24T22:45:00+00:00,421.11000000,421.56000000,420.93000000,421.14000000,3.98000000
1779663600000,2026-05-24T23:00:00+00:00,421.20000000,421.56000000,421.00000000,421.56000000,7.79000000
1779664500000,2026-05-24T23:15:00+00:00,421.65000000,421.82000000,421.22000000,421.22000000,3.36000000
1779665400000,2026-05-24T23:30:00+00:00,421.52000000,422.45000000,421.52000000,422.36000000,13.53000000
1779666300000,2026-05-24T23:45:00+00:00,422.46000000,422.61000000,421.88000000,422.05000000,14.54000000
1779667200000,2026-05-25T00:00:00+00:00,421.93000000,422.56000000,421.31000000,421.98000000,24.05000000
1779668100000,2026-05-25T00:15:00+00:00,422.02000000,422.79000000,421.86000000,422.79000000,27.50000000
1779669000000,2026-05-25T00:30:00+00:00,422.78000000,422.99000000,422.33000000,422.95000000,3.50000000
1779669900000,2026-05-25T00:45:00+00:00,422.94000000,423.45000000,422.73000000,423.27000000,9.30000000
1779670800000,2026-05-25T01:00:00+00:00,423.30000000,423.69000000,422.78000000,423.13000000,38.11000000
1779671700000,2026-05-25T01:15:00+00:00,423.02000000,423.36000000,423.00000000,423.36000000,0.65000000
1779672600000,2026-05-25T01:30:00+00:00,423.42000000,423.88000000,423.37000000,423.48000000,9.09000000
1779673500000,2026-05-25T01:45:00+00:00,423.58000000,423.65000000,422.85000000,422.85000000,66.95000000
1779674400000,2026-05-25T02:00:00+00:00,422.85000000,423.62000000,422.84000000,423.18000000,7.43000000
1779675300000,2026-05-25T02:15:00+00:00,423.12000000,423.34000000,422.76000000,423.26000000,9.78000000
1779676200000,2026-05-25T02:30:00+00:00,423.18000000,423.30000000,422.80000000,423.08000000,26.83000000
1779677100000,2026-05-25T02:45:00+00:00,423.12000000,423.98000000,423.12000000,423.98000000,6.34000000
1779678000000,2026-05-25T03:00:00+00:00,423.99000000,424.44000000,423.72000000,423.77000000,6.11000000
1779678900000,2026-05-25T03:15:00+00:00,423.77000000,424.52000000,423.77000000,423.88000000,5.92000000
1779679800000,2026-05-25T03:30:00+00:00,424.08000000,424.91000000,423.96000000,424.91000000,17.20000000
1779680700000,2026-05-25T03:45:00+00:00,424.91000000,425.09000000,424.51000000,424.89000000,59.30000000
1779681600000,2026-05-25T04:00:00+00:00,424.88000000,425.98000000,424.83000000,425.14000000,92.92000000
1779682500000,2026-05-25T04:15:00+00:00,424.98000000,425.99000000,424.89000000,425.30000000,46.31000000
1779683400000,2026-05-25T04:30:00+00:00,425.45000000,425.45000000,424.74000000,425.24000000,19.96000000
1779684300000,2026-05-25T04:45:00+00:00,425.24000000,425.78000000,425.24000000,425.46000000,3.79000000
1779685200000,2026-05-25T05:00:00+00:00,425.50000000,425.91000000,425.50000000,425.69000000,4.61000000
1779686100000,2026-05-25T05:15:00+00:00,425.77000000,426.42000000,425.65000000,425.98000000,161.99000000
1779687000000,2026-05-25T05:30:00+00:00,425.98000000,426.11000000,425.44000000,425.77000000,41.03000000
1779687900000,2026-05-25T05:45:00+00:00,425.70000000,426.25000000,425.14000000,425.14000000,25.78000000
1779688800000,2026-05-25T06:00:00+00:00,425.14000000,425.24000000,424.90000000,424.98000000,15.67000000
1779689700000,2026-05-25T06:15:00+00:00,424.95000000,425.12000000,424.34000000,424.43000000,24.01000000
1779690600000,2026-05-25T06:30:00+00:00,424.41000000,424.82000000,424.41000000,424.71000000,1.06000000
1779691500000,2026-05-25T06:45:00+00:00,424.66000000,425.12000000,424.66000000,424.82000000,3.54000000
1779692400000,2026-05-25T07:00:00+00:00,424.74000000,425.20000000,424.49000000,424.87000000,22.87000000
1779693300000,2026-05-25T07:15:00+00:00,424.87000000,424.87000000,423.92000000,424.44000000,3.60000000
1779694200000,2026-05-25T07:30:00+00:00,424.48000000,425.25000000,424.30000000,425.22000000,26.93000000
1779695100000,2026-05-25T07:45:00+00:00,425.04000000,425.25000000,424.95000000,425.25000000,4.30000000
1779696000000,2026-05-25T08:00:00+00:00,425.31000000,425.43000000,424.81000000,424.99000000,23.13000000
1779696900000,2026-05-25T08:15:00+00:00,424.92000000,425.25000000,424.83000000,424.90000000,6.31000000
1779697800000,2026-05-25T08:30:00+00:00,424.83000000,425.56000000,424.76000000,425.37000000,14.29000000
1779698700000,2026-05-25T08:45:00+00:00,425.37000000,425.45000000,425.08000000,425.26000000,15.59000000
1779699600000,2026-05-25T09:00:00+00:00,425.32000000,425.76000000,425.19000000,425.76000000,13.87000000
1779700500000,2026-05-25T09:15:00+00:00,425.67000000,426.40000000,425.55000000,425.91000000,14.03000000
1779701400000,2026-05-25T09:30:00+00:00,425.94000000,426.22000000,425.48000000,426.05000000,19.33000000
1779702300000,2026-05-25T09:45:00+00:00,426.10000000,426.23000000,425.90000000,426.17000000,6.99000000
1779703200000,2026-05-25T10:00:00+00:00,426.05000000,426.18000000,425.76000000,425.97000000,10.47000000
1779704100000,2026-05-25T10:15:00+00:00,426.10000000,426.36000000,425.74000000,425.94000000,37.25000000
1779705000000,2026-05-25T10:30:00+00:00,425.76000000,426.05000000,424.49000000,425.38000000,182.93000000
1779705900000,2026-05-25T10:45:00+00:00,425.31000000,425.88000000,425.30000000,425.79000000,18.12000000
1779706800000,2026-05-25T11:00:00+00:00,425.61000000,425.82000000,425.44000000,425.75000000,3.97000000
1779707700000,2026-05-25T11:15:00+00:00,425.86000000,426.28000000,425.77000000,426.26000000,23.01000000
1779708600000,2026-05-25T11:30:00+00:00,426.26000000,426.36000000,426.17000000,426.31000000,10.44000000
1779709500000,2026-05-25T11:45:00+00:00,426.21000000,426.36000000,425.75000000,426.18000000,59.96000000
1779710400000,2026-05-25T12:00:00+00:00,426.18000000,426.32000000,425.89000000,426.22000000,34.41000000
1779711300000,2026-05-25T12:15:00+00:00,426.13000000,426.15000000,424.94000000,425.85000000,169.64000000
1779712200000,2026-05-25T12:30:00+00:00,425.67000000,425.75000000,425.51000000,425.75000000,2.08000000
1779713100000,2026-05-25T12:45:00+00:00,425.71000000,425.74000000,425.37000000,425.52000000,2.31000000
1779714000000,2026-05-25T13:00:00+00:00,425.35000000,425.85000000,425.22000000,425.57000000,7.76000000
1779714900000,2026-05-25T13:15:00+00:00,425.48000000,425.91000000,424.86000000,425.50000000,101.57000000
1779715800000,2026-05-25T13:30:00+00:00,425.52000000,425.64000000,425.20000000,425.52000000,31.12000000
1779716700000,2026-05-25T13:45:00+00:00,425.53000000,426.03000000,425.16000000,425.96000000,29.23000000
1779717600000,2026-05-25T14:00:00+00:00,425.97000000,426.06000000,425.67000000,425.75000000,17.13000000
1779718500000,2026-05-25T14:15:00+00:00,425.70000000,426.09000000,425.32000000,425.65000000,48.31000000
1779719400000,2026-05-25T14:30:00+00:00,425.69000000,425.77000000,425.28000000,425.39000000,11.57000000
1779720300000,2026-05-25T14:45:00+00:00,425.48000000,425.95000000,425.29000000,425.89000000,6.40000000
1779721200000,2026-05-25T15:00:00+00:00,425.79000000,426.72000000,425.22000000,426.26000000,72.22000000
1779722100000,2026-05-25T15:15:00+00:00,426.18000000,426.49000000,425.32000000,425.38000000,38.31000000
1779723000000,2026-05-25T15:30:00+00:00,425.37000000,426.33000000,425.28000000,426.33000000,4.63000000
1779723900000,2026-05-25T15:45:00+00:00,426.25000000,426.45000000,426.13000000,426.15000000,13.96000000
1779724800000,2026-05-25T16:00:00+00:00,426.30000000,426.33000000,425.63000000,425.69000000,21.91000000
1779725700000,2026-05-25T16:15:00+00:00,425.62000000,425.72000000,425.34000000,425.55000000,10.41000000
1779726600000,2026-05-25T16:30:00+00:00,425.60000000,426.01000000,425.51000000,426.01000000,5.14000000
1779727500000,2026-05-25T16:45:00+00:00,426.02000000,426.44000000,425.95000000,426.31000000,6.94000000
1779728400000,2026-05-25T17:00:00+00:00,426.31000000,426.61000000,426.12000000,426.42000000,10.41000000
1779729300000,2026-05-25T17:15:00+00:00,426.37000000,426.76000000,426.07000000,426.76000000,10.35000000
1779730200000,2026-05-25T17:30:00+00:00,426.71000000,426.87000000,426.52000000,426.83000000,12.84000000
1779731100000,2026-05-25T17:45:00+00:00,426.83000000,426.85000000,426.47000000,426.47000000,1.36000000
1779732000000,2026-05-25T18:00:00+00:00,426.55000000,426.78000000,426.55000000,426.78000000,5.27000000
1779732900000,2026-05-25T18:15:00+00:00,426.78000000,426.80000000,426.70000000,426.70000000,0.44000000
1779733800000,2026-05-25T18:30:00+00:00,426.61000000,426.86000000,426.37000000,426.76000000,5.59000000
1779734700000,2026-05-25T18:45:00+00:00,426.65000000,426.86000000,426.64000000,426.86000000,5.89000000
1779735600000,2026-05-25T19:00:00+00:00,426.88000000,426.88000000,426.42000000,426.63000000,10.50000000
1779736500000,2026-05-25T19:15:00+00:00,426.64000000,426.64000000,426.48000000,426.58000000,0.79000000
1779737400000,2026-05-25T19:30:00+00:00,426.46000000,427.87000000,426.33000000,427.66000000,28.44000000
1779738300000,2026-05-25T19:45:00+00:00,427.71000000,427.78000000,427.23000000,427.24000000,4.46000000
1779739200000,2026-05-25T20:00:00+00:00,427.27000000,427.54000000,426.77000000,426.77000000,9.61000000
1779740100000,2026-05-25T20:15:00+00:00,426.75000000,426.86000000,426.52000000,426.67000000,3.76000000
1779741000000,2026-05-25T20:30:00+00:00,426.59000000,426.59000000,425.89000000,425.90000000,6.41000000
1779741900000,2026-05-25T20:45:00+00:00,425.90000000,426.47000000,425.87000000,426.37000000,5.83000000
1779742800000,2026-05-25T21:00:00+00:00,426.37000000,426.54000000,426.30000000,426.53000000,2.51000000
1779743700000,2026-05-25T21:15:00+00:00,426.48000000,427.45000000,426.48000000,426.71000000,11.78000000
1779744600000,2026-05-25T21:30:00+00:00,426.75000000,427.53000000,424.71000000,426.27000000,96.73000000
1779745500000,2026-05-25T21:45:00+00:00,426.27000000,427.19000000,425.65000000,425.88000000,9.67000000
1779746400000,2026-05-25T22:00:00+00:00,425.88000000,426.03000000,425.69000000,426.01000000,3.71000000
1779747300000,2026-05-25T22:15:00+00:00,426.00000000,426.35000000,426.00000000,426.35000000,3.24000000
1779748200000,2026-05-25T22:30:00+00:00,426.02000000,426.09000000,425.18000000,425.42000000,17.93000000
1779749100000,2026-05-25T22:45:00+00:00,425.45000000,425.47000000,425.08000000,425.08000000,6.50000000
1779750000000,2026-05-25T23:00:00+00:00,425.08000000,425.34000000,424.94000000,425.05000000,4.38000000
1779750900000,2026-05-25T23:15:00+00:00,425.06000000,425.14000000,424.01000000,424.52000000,27.99000000
1779751800000,2026-05-25T23:30:00+00:00,424.39000000,424.72000000,424.39000000,424.71000000,5.27000000
1779752700000,2026-05-25T23:45:00+00:00,424.73000000,425.04000000,424.54000000,424.97000000,5.98000000
1779753600000,2026-05-26T00:00:00+00:00,424.83000000,424.83000000,418.00000000,420.02000000,626.00000000
1779754500000,2026-05-26T00:15:00+00:00,420.07000000,420.57000000,419.44000000,419.93000000,248.02000000
1779755400000,2026-05-26T00:30:00+00:00,419.93000000,420.43000000,418.91000000,420.21000000,57.27000000
1779756300000,2026-05-26T00:45:00+00:00,420.20000000,420.50000000,419.97000000,420.08000000,42.98000000
1779757200000,2026-05-26T01:00:00+00:00,420.26000000,420.38000000,419.63000000,420.20000000,30.27000000
1779758100000,2026-05-26T01:15:00+00:00,420.20000000,420.24000000,419.46000000,419.53000000,27.82000000
1779759000000,2026-05-26T01:30:00+00:00,419.52000000,419.70000000,418.52000000,418.70000000,87.73000000
1779759900000,2026-05-26T01:45:00+00:00,418.53000000,419.30000000,418.22000000,419.08000000,35.67000000
1779760800000,2026-05-26T02:00:00+00:00,419.14000000,419.28000000,418.90000000,419.02000000,141.61000000
1779761700000,2026-05-26T02:15:00+00:00,418.97000000,419.12000000,418.82000000,418.94000000,86.72000000
1779762600000,2026-05-26T02:30:00+00:00,418.95000000,419.16000000,418.85000000,418.87000000,90.65000000
1779763500000,2026-05-26T02:45:00+00:00,418.85000000,419.22000000,418.82000000,419.12000000,46.04000000
1779764400000,2026-05-26T03:00:00+00:00,419.25000000,419.28000000,418.67000000,418.83000000,41.20000000
1779765300000,2026-05-26T03:15:00+00:00,418.65000000,418.90000000,418.55000000,418.58000000,50.55000000
1779766200000,2026-05-26T03:30:00+00:00,418.72000000,418.77000000,418.55000000,418.64000000,12.04000000
1779767100000,2026-05-26T03:45:00+00:00,418.74000000,419.19000000,418.64000000,418.99000000,20.19000000
1779768000000,2026-05-26T04:00:00+00:00,418.99000000,419.39000000,418.95000000,419.25000000,44.80000000
1779768900000,2026-05-26T04:15:00+00:00,419.24000000,419.39000000,419.19000000,419.19000000,15.08000000
1779769800000,2026-05-26T04:30:00+00:00,419.31000000,419.84000000,419.19000000,419.66000000,63.71000000
1779770700000,2026-05-26T04:45:00+00:00,419.56000000,420.05000000,419.05000000,419.18000000,104.06000000
1779771600000,2026-05-26T05:00:00+00:00,419.21000000,419.55000000,418.93000000,419.31000000,32.22000000
1779772500000,2026-05-26T05:15:00+00:00,419.30000000,419.30000000,418.81000000,418.89000000,15.97000000
1779773400000,2026-05-26T05:30:00+00:00,418.89000000,419.03000000,418.10000000,418.40000000,210.16000000
1779774300000,2026-05-26T05:45:00+00:00,418.53000000,419.23000000,418.09000000,419.05000000,66.32000000
1779775200000,2026-05-26T06:00:00+00:00,418.97000000,419.60000000,418.72000000,419.60000000,7.44000000
1779776100000,2026-05-26T06:15:00+00:00,419.65000000,419.73000000,419.29000000,419.42000000,5.79000000
1779777000000,2026-05-26T06:30:00+00:00,419.42000000,419.73000000,418.86000000,419.73000000,37.37000000
1779777900000,2026-05-26T06:45:00+00:00,419.61000000,419.73000000,419.40000000,419.57000000,6.85000000
1779778800000,2026-05-26T07:00:00+00:00,419.57000000,419.67000000,418.52000000,418.77000000,18.37000000
1779779700000,2026-05-26T07:15:00+00:00,418.62000000,418.83000000,418.14000000,418.20000000,28.88000000
1779780600000,2026-05-26T07:30:00+00:00,418.25000000,418.25000000,417.63000000,417.98000000,30.61000000
1779781500000,2026-05-26T07:45:00+00:00,418.13000000,418.49000000,417.99000000,418.09000000,57.08000000
1779782400000,2026-05-26T08:00:00+00:00,418.24000000,418.34000000,415.73000000,416.18000000,191.01000000
1779783300000,2026-05-26T08:15:00+00:00,416.15000000,417.36000000,415.83000000,417.35000000,35.27000000
1779784200000,2026-05-26T08:30:00+00:00,417.20000000,417.33000000,416.99000000,417.05000000,5.24000000
1779785100000,2026-05-26T08:45:00+00:00,416.99000000,417.06000000,416.67000000,416.90000000,27.97000000
1779786000000,2026-05-26T09:00:00+00:00,416.90000000,416.95000000,416.07000000,416.07000000,85.96000000
1779786900000,2026-05-26T09:15:00+00:00,416.20000000,416.56000000,415.70000000,416.39000000,45.59000000
1779787800000,2026-05-26T09:30:00+00:00,416.39000000,416.78000000,416.39000000,416.45000000,62.03000000
1779788700000,2026-05-26T09:45:00+00:00,416.50000000,417.30000000,416.43000000,417.22000000,14.27000000
1779789600000,2026-05-26T10:00:00+00:00,417.12000000,417.97000000,417.00000000,417.96000000,42.38000000
1779790500000,2026-05-26T10:15:00+00:00,417.96000000,418.11000000,417.53000000,417.56000000,37.75000000
1779791400000,2026-05-26T10:30:00+00:00,417.69000000,418.01000000,417.61000000,417.77000000,24.65000000
1779792300000,2026-05-26T10:45:00+00:00,417.66000000,417.82000000,416.23000000,416.27000000,38.36000000
1779793200000,2026-05-26T11:00:00+00:00,416.43000000,417.26000000,416.28000000,417.01000000,16.40000000
1779794100000,2026-05-26T11:15:00+00:00,416.82000000,417.72000000,416.58000000,417.00000000,52.73000000
1779795000000,2026-05-26T11:30:00+00:00,417.02000000,417.33000000,416.48000000,416.79000000,51.33000000
1779795900000,2026-05-26T11:45:00+00:00,416.82000000,417.54000000,416.80000000,417.23000000,9.86000000
1779796800000,2026-05-26T12:00:00+00:00,417.36000000,417.57000000,416.89000000,417.03000000,22.79000000
1779797700000,2026-05-26T12:15:00+00:00,417.03000000,418.17000000,416.72000000,417.76000000,98.71000000
1779798600000,2026-05-26T12:30:00+00:00,417.63000000,418.69000000,417.57000000,418.69000000,45.90000000
1779799500000,2026-05-26T12:45:00+00:00,418.51000000,419.16000000,418.51000000,419.16000000,39.06000000
1779800400000,2026-05-26T13:00:00+00:00,419.16000000,419.53000000,418.56000000,419.28000000,59.89000000
1779801300000,2026-05-26T13:15:00+00:00,419.33000000,420.42000000,418.59000000,419.05000000,158.47000000
1779802200000,2026-05-26T13:30:00+00:00,419.16000000,427.72000000,417.60000000,426.08000000,998.96000000
1779803100000,2026-05-26T13:45:00+00:00,425.85000000,430.27000000,425.85000000,428.64000000,509.18000000
1779804000000,2026-05-26T14:00:00+00:00,428.69000000,430.02000000,427.43000000,429.58000000,256.18000000
1779804900000,2026-05-26T14:15:00+00:00,429.58000000,434.89000000,428.93000000,434.89000000,309.61000000
1779805800000,2026-05-26T14:30:00+00:00,434.93000000,435.61000000,433.37000000,433.57000000,279.01000000
1779806700000,2026-05-26T14:45:00+00:00,433.72000000,433.72000000,430.85000000,430.95000000,632.86000000
1779807600000,2026-05-26T15:00:00+00:00,430.93000000,431.20000000,427.30000000,428.01000000,288.53000000
1779808500000,2026-05-26T15:15:00+00:00,428.14000000,428.18000000,424.75000000,425.04000000,418.20000000
1779809400000,2026-05-26T15:30:00+00:00,425.00000000,425.22000000,423.33000000,423.78000000,146.14000000
1779810300000,2026-05-26T15:45:00+00:00,423.84000000,423.95000000,422.12000000,422.90000000,175.29000000
1779811200000,2026-05-26T16:00:00+00:00,422.82000000,424.50000000,421.73000000,423.36000000,295.91000000
1779812100000,2026-05-26T16:15:00+00:00,423.37000000,423.69000000,421.61000000,422.95000000,51.20000000
1779813000000,2026-05-26T16:30:00+00:00,423.00000000,423.33000000,421.80000000,421.80000000,54.86000000
1779813900000,2026-05-26T16:45:00+00:00,421.84000000,423.05000000,421.55000000,422.56000000,39.74000000
1779814800000,2026-05-26T17:00:00+00:00,422.75000000,424.09000000,422.63000000,423.40000000,48.64000000
1779815700000,2026-05-26T17:15:00+00:00,423.35000000,423.35000000,422.25000000,422.38000000,37.72000000
1779816600000,2026-05-26T17:30:00+00:00,422.39000000,423.38000000,422.20000000,422.29000000,72.49000000
1779817500000,2026-05-26T17:45:00+00:00,422.27000000,423.75000000,422.27000000,422.50000000,58.60000000
1779818400000,2026-05-26T18:00:00+00:00,422.61000000,423.35000000,422.38000000,422.45000000,92.26000000
1779819300000,2026-05-26T18:15:00+00:00,422.65000000,423.12000000,422.20000000,422.42000000,12.11000000
1779820200000,2026-05-26T18:30:00+00:00,422.30000000,422.73000000,421.82000000,422.07000000,84.94000000
1779821100000,2026-05-26T18:45:00+00:00,422.05000000,422.53000000,421.77000000,422.11000000,24.89000000
1779822000000,2026-05-26T19:00:00+00:00,422.19000000,423.86000000,421.82000000,423.49000000,71.17000000
1779822900000,2026-05-26T19:15:00+00:00,423.50000000,423.81000000,423.07000000,423.31000000,16.79000000
1779823800000,2026-05-26T19:30:00+00:00,423.15000000,423.95000000,422.46000000,423.45000000,92.15000000
1779824700000,2026-05-26T19:45:00+00:00,423.30000000,424.60000000,421.90000000,422.36000000,233.04000000
1779825600000,2026-05-26T20:00:00+00:00,422.35000000,422.66000000,421.36000000,421.51000000,120.68000000
1779826500000,2026-05-26T20:15:00+00:00,421.70000000,422.26000000,421.48000000,422.09000000,21.99000000
1779827400000,2026-05-26T20:30:00+00:00,422.28000000,423.28000000,422.28000000,422.78000000,6.42000000
1779828300000,2026-05-26T20:45:00+00:00,422.78000000,422.95000000,422.50000000,422.90000000,7.14000000
1779829200000,2026-05-26T21:00:00+00:00,422.80000000,423.03000000,422.74000000,422.74000000,4.62000000
1779830100000,2026-05-26T21:15:00+00:00,422.73000000,422.90000000,422.60000000,422.73000000,3.35000000
1779831000000,2026-05-26T21:30:00+00:00,422.71000000,422.81000000,422.47000000,422.61000000,24.80000000
1779831900000,2026-05-26T21:45:00+00:00,422.78000000,423.08000000,422.52000000,422.52000000,10.80000000
1779832800000,2026-05-26T22:00:00+00:00,422.52000000,422.70000000,422.27000000,422.51000000,14.73000000
1779833700000,2026-05-26T22:15:00+00:00,422.56000000,422.64000000,422.09000000,422.22000000,14.80000000
1779834600000,2026-05-26T22:30:00+00:00,422.22000000,422.51000000,422.06000000,422.28000000,28.90000000
1779835500000,2026-05-26T22:45:00+00:00,422.26000000,422.77000000,422.17000000,422.74000000,45.25000000
1779836400000,2026-05-26T23:00:00+00:00,422.74000000,422.80000000,422.47000000,422.56000000,70.93000000
1779837300000,2026-05-26T23:15:00+00:00,422.56000000,423.20000000,422.49000000,423.20000000,10.98000000
1779838200000,2026-05-26T23:30:00+00:00,423.15000000,424.20000000,423.15000000,424.07000000,44.69000000
1779839100000,2026-05-26T23:45:00+00:00,424.07000000,424.43000000,423.93000000,424.18000000,23.16000000
1779840000000,2026-05-27T00:00:00+00:00,424.16000000,424.68000000,422.98000000,423.30000000,140.06000000
1779840900000,2026-05-27T00:15:00+00:00,423.37000000,423.69000000,422.10000000,422.94000000,77.21000000
1779841800000,2026-05-27T00:30:00+00:00,422.70000000,423.23000000,422.46000000,423.06000000,14.43000000
1779842700000,2026-05-27T00:45:00+00:00,423.07000000,423.20000000,422.22000000,422.99000000,55.12000000
1779843600000,2026-05-27T01:00:00+00:00,422.93000000,423.90000000,422.93000000,423.81000000,46.51000000
1779844500000,2026-05-27T01:15:00+00:00,423.78000000,423.95000000,423.58000000,423.80000000,33.62000000
1779845400000,2026-05-27T01:30:00+00:00,423.88000000,424.30000000,423.78000000,423.78000000,42.58000000
1779846300000,2026-05-27T01:45:00+00:00,423.77000000,423.77000000,423.30000000,423.64000000,5.55000000
1779847200000,2026-05-27T02:00:00+00:00,423.54000000,423.84000000,423.04000000,423.36000000,44.92000000
1779848100000,2026-05-27T02:15:00+00:00,423.33000000,423.90000000,423.19000000,423.48000000,19.36000000
1779849000000,2026-05-27T02:30:00+00:00,423.71000000,423.99000000,423.63000000,423.99000000,12.29000000
1779849900000,2026-05-27T02:45:00+00:00,423.93000000,424.47000000,423.81000000,423.99000000,8.49000000
1779850800000,2026-05-27T03:00:00+00:00,423.97000000,424.60000000,423.88000000,424.34000000,9.99000000
1779851700000,2026-05-27T03:15:00+00:00,424.33000000,424.35000000,423.62000000,424.22000000,38.05000000
1779852600000,2026-05-27T03:30:00+00:00,424.15000000,424.15000000,423.87000000,424.15000000,9.84000000
1779853500000,2026-05-27T03:45:00+00:00,423.92000000,423.93000000,423.51000000,423.68000000,7.59000000
1779854400000,2026-05-27T04:00:00+00:00,423.61000000,424.07000000,423.48000000,423.88000000,17.76000000
1779855300000,2026-05-27T04:15:00+00:00,423.85000000,423.95000000,423.36000000,423.71000000,33.04000000
1779856200000,2026-05-27T04:30:00+00:00,423.43000000,423.75000000,423.19000000,423.74000000,22.78000000
1779857100000,2026-05-27T04:45:00+00:00,423.69000000,423.98000000,423.66000000,423.66000000,11.02000000
1779858000000,2026-05-27T05:00:00+00:00,423.64000000,423.97000000,423.54000000,423.85000000,6.42000000
1779858900000,2026-05-27T05:15:00+00:00,423.91000000,423.91000000,421.43000000,422.92000000,177.57000000
1779859800000,2026-05-27T05:30:00+00:00,422.93000000,422.93000000,422.25000000,422.64000000,34.70000000
1779860700000,2026-05-27T05:45:00+00:00,422.64000000,423.69000000,422.54000000,423.01000000,127.16000000
1779861600000,2026-05-27T06:00:00+00:00,422.97000000,422.97000000,422.50000000,422.72000000,15.07000000
1779862500000,2026-05-27T06:15:00+00:00,422.77000000,422.77000000,422.40000000,422.60000000,18.44000000
1779863400000,2026-05-27T06:30:00+00:00,422.49000000,422.49000000,421.61000000,421.72000000,9.99000000
1779864300000,2026-05-27T06:45:00+00:00,421.83000000,422.05000000,421.69000000,421.71000000,13.00000000
1779865200000,2026-05-27T07:00:00+00:00,421.78000000,422.12000000,421.78000000,422.09000000,6.91000000
1779866100000,2026-05-27T07:15:00+00:00,422.12000000,422.25000000,421.83000000,422.18000000,4.51000000
1779867000000,2026-05-27T07:30:00+00:00,422.18000000,422.56000000,422.18000000,422.38000000,27.37000000
1779867900000,2026-05-27T07:45:00+00:00,422.38000000,422.68000000,422.01000000,422.67000000,8.47000000
1779868800000,2026-05-27T08:00:00+00:00,422.68000000,423.10000000,422.62000000,422.69000000,25.58000000
1779869700000,2026-05-27T08:15:00+00:00,422.67000000,423.05000000,422.52000000,422.91000000,54.56000000
1779870600000,2026-05-27T08:30:00+00:00,422.90000000,424.05000000,422.65000000,423.55000000,115.02000000
1779871500000,2026-05-27T08:45:00+00:00,423.55000000,424.11000000,423.52000000,423.82000000,87.63000000
1779872400000,2026-05-27T09:00:00+00:00,423.89000000,424.05000000,423.43000000,423.70000000,78.02000000
1779873300000,2026-05-27T09:15:00+00:00,423.72000000,424.14000000,423.60000000,424.04000000,20.83000000
1779874200000,2026-05-27T09:30:00+00:00,424.01000000,424.21000000,423.15000000,424.09000000,52.77000000
1779875100000,2026-05-27T09:45:00+00:00,424.02000000,424.24000000,423.65000000,424.15000000,41.76000000
1779876000000,2026-05-27T10:00:00+00:00,424.19000000,425.19000000,423.99000000,424.92000000,147.12000000
1779876900000,2026-05-27T10:15:00+00:00,424.93000000,424.97000000,424.59000000,424.74000000,12.63000000
1779877800000,2026-05-27T10:30:00+00:00,424.70000000,425.20000000,423.41000000,424.20000000,321.70000000
1779878700000,2026-05-27T10:45:00+00:00,424.24000000,424.92000000,423.80000000,424.91000000,31.83000000
1779879600000,2026-05-27T11:00:00+00:00,424.95000000,425.64000000,424.84000000,425.63000000,83.86000000
1779880500000,2026-05-27T11:15:00+00:00,425.62000000,427.92000000,424.71000000,427.45000000,302.20000000
1779881400000,2026-05-27T11:30:00+00:00,427.71000000,429.00000000,427.53000000,428.30000000,249.09000000
1779882300000,2026-05-27T11:45:00+00:00,428.23000000,428.32000000,427.25000000,427.39000000,98.33000000
1779883200000,2026-05-27T12:00:00+00:00,427.31000000,428.89000000,426.57000000,428.83000000,95.93000000
1779884100000,2026-05-27T12:15:00+00:00,428.85000000,433.00000000,428.85000000,432.06000000,604.54000000
1779885000000,2026-05-27T12:30:00+00:00,432.08000000,434.88000000,431.99000000,433.28000000,416.72000000
1779885900000,2026-05-27T12:45:00+00:00,433.28000000,434.25000000,431.19000000,431.62000000,191.00000000
1779886800000,2026-05-27T13:00:00+00:00,431.51000000,432.92000000,430.42000000,430.99000000,165.76000000
1779887700000,2026-05-27T13:15:00+00:00,430.77000000,431.50000000,425.03000000,425.85000000,425.11000000
1779888600000,2026-05-27T13:30:00+00:00,425.67000000,432.72000000,423.72000000,425.36000000,1523.39000000
1779889500000,2026-05-27T13:45:00+00:00,425.34000000,430.32000000,423.03000000,428.18000000,978.35000000
1779890400000,2026-05-27T14:00:00+00:00,428.46000000,428.82000000,422.00000000,422.46000000,673.02000000
1779891300000,2026-05-27T14:15:00+00:00,422.69000000,423.35000000,416.53000000,416.99000000,692.29000000
1779892200000,2026-05-27T14:30:00+00:00,417.14000000,420.78000000,416.94000000,420.10000000,515.23000000
1779893100000,2026-05-27T14:45:00+00:00,420.12000000,420.87000000,417.99000000,418.62000000,551.45000000
1779894000000,2026-05-27T15:00:00+00:00,418.65000000,421.08000000,417.94000000,420.12000000,495.21000000
1779894900000,2026-05-27T15:15:00+00:00,420.06000000,420.57000000,418.80000000,420.52000000,64.74000000
1779895800000,2026-05-27T15:30:00+00:00,420.52000000,421.42000000,417.69000000,417.76000000,159.22000000
1779896700000,2026-05-27T15:45:00+00:00,417.66000000,418.26000000,416.76000000,417.90000000,114.08000000
1779897600000,2026-05-27T16:00:00+00:00,417.84000000,419.47000000,417.36000000,419.39000000,77.74000000
1779898500000,2026-05-27T16:15:00+00:00,419.40000000,420.04000000,418.90000000,419.38000000,34.40000000
1779899400000,2026-05-27T16:30:00+00:00,419.35000000,420.89000000,419.13000000,420.65000000,110.05000000
1779900300000,2026-05-27T16:45:00+00:00,420.65000000,422.39000000,420.11000000,420.26000000,65.98000000
1779901200000,2026-05-27T17:00:00+00:00,420.38000000,420.40000000,418.69000000,419.53000000,75.74000000
1779902100000,2026-05-27T17:15:00+00:00,419.60000000,422.03000000,419.52000000,421.53000000,81.33000000
1779903000000,2026-05-27T17:30:00+00:00,421.64000000,422.59000000,420.79000000,421.31000000,44.00000000
1779903900000,2026-05-27T17:45:00+00:00,421.29000000,421.94000000,421.20000000,421.20000000,23.86000000
1779904800000,2026-05-27T18:00:00+00:00,421.13000000,421.66000000,420.65000000,420.91000000,31.30000000
1779905700000,2026-05-27T18:15:00+00:00,421.01000000,421.68000000,421.01000000,421.68000000,35.85000000
1779906600000,2026-05-27T18:30:00+00:00,421.68000000,421.69000000,420.19000000,420.93000000,44.76000000
1779907500000,2026-05-27T18:45:00+00:00,420.90000000,421.20000000,420.58000000,420.58000000,5.96000000
1779908400000,2026-05-27T19:00:00+00:00,420.81000000,421.57000000,420.61000000,421.47000000,12.57000000
1779909300000,2026-05-27T19:15:00+00:00,421.28000000,423.87000000,421.25000000,423.74000000,54.93000000
1779910200000,2026-05-27T19:30:00+00:00,423.79000000,424.33000000,423.65000000,424.33000000,24.12000000
1779911100000,2026-05-27T19:45:00+00:00,424.20000000,424.76000000,421.27000000,422.16000000,92.91000000
1779912000000,2026-05-27T20:00:00+00:00,422.27000000,423.62000000,421.87000000,423.18000000,119.89000000
1779912900000,2026-05-27T20:15:00+00:00,423.32000000,424.53000000,423.30000000,423.77000000,67.19000000
1779913800000,2026-05-27T20:30:00+00:00,423.71000000,423.82000000,423.25000000,423.51000000,18.83000000
1779914700000,2026-05-27T20:45:00+00:00,423.67000000,423.74000000,423.11000000,423.36000000,16.23000000
1779915600000,2026-05-27T21:00:00+00:00,423.27000000,423.73000000,422.08000000,422.29000000,66.39000000
1779916500000,2026-05-27T21:15:00+00:00,422.25000000,422.65000000,422.24000000,422.65000000,3.52000000
1779917400000,2026-05-27T21:30:00+00:00,422.68000000,423.34000000,422.25000000,422.75000000,32.03000000
1779918300000,2026-05-27T21:45:00+00:00,422.51000000,422.94000000,422.25000000,422.83000000,79.54000000
1779919200000,2026-05-27T22:00:00+00:00,422.67000000,423.67000000,422.55000000,423.54000000,89.13000000
1779920100000,2026-05-27T22:15:00+00:00,423.45000000,423.69000000,422.46000000,422.47000000,37.60000000
1779921000000,2026-05-27T22:30:00+00:00,422.47000000,422.59000000,421.45000000,422.59000000,83.46000000
1779921900000,2026-05-27T22:45:00+00:00,422.59000000,422.85000000,422.25000000,422.63000000,34.65000000
1779922800000,2026-05-27T23:00:00+00:00,422.69000000,422.96000000,422.13000000,422.45000000,52.28000000
1779923700000,2026-05-27T23:15:00+00:00,422.46000000,422.97000000,421.61000000,421.88000000,63.90000000
1779924600000,2026-05-27T23:30:00+00:00,421.92000000,422.35000000,421.36000000,422.21000000,48.36000000
1779925500000,2026-05-27T23:45:00+00:00,422.16000000,422.55000000,421.15000000,421.36000000,17.26000000
1779926400000,2026-05-28T00:00:00+00:00,421.42000000,422.22000000,420.71000000,421.92000000,61.60000000
1779927300000,2026-05-28T00:15:00+00:00,421.81000000,422.62000000,421.74000000,422.25000000,38.40000000
1779928200000,2026-05-28T00:30:00+00:00,422.20000000,422.33000000,421.53000000,422.16000000,54.02000000
1779929100000,2026-05-28T00:45:00+00:00,422.26000000,422.76000000,421.82000000,422.63000000,22.37000000
1779930000000,2026-05-28T01:00:00+00:00,422.76000000,423.25000000,422.76000000,423.00000000,26.37000000
1779930900000,2026-05-28T01:15:00+00:00,422.95000000,423.55000000,422.62000000,423.30000000,38.13000000
1779931800000,2026-05-28T01:30:00+00:00,423.30000000,423.54000000,422.70000000,422.74000000,135.66000000
1779932700000,2026-05-28T01:45:00+00:00,422.70000000,423.42000000,422.59000000,423.12000000,10.46000000
1779933600000,2026-05-28T02:00:00+00:00,423.30000000,423.57000000,422.63000000,422.93000000,29.10000000
1779934500000,2026-05-28T02:15:00+00:00,422.95000000,422.95000000,422.10000000,422.32000000,19.37000000
1779935400000,2026-05-28T02:30:00+00:00,422.51000000,422.71000000,420.68000000,421.40000000,51.28000000
1779936300000,2026-05-28T02:45:00+00:00,421.50000000,422.32000000,420.96000000,420.96000000,60.35000000
1779937200000,2026-05-28T03:00:00+00:00,421.07000000,421.24000000,419.93000000,420.24000000,94.33000000
1779938100000,2026-05-28T03:15:00+00:00,420.22000000,420.22000000,417.31000000,418.85000000,252.09000000
1779939000000,2026-05-28T03:30:00+00:00,418.80000000,419.04000000,416.18000000,416.70000000,330.76000000
1779939900000,2026-05-28T03:45:00+00:00,416.70000000,418.19000000,416.70000000,417.78000000,137.12000000
1779940800000,2026-05-28T04:00:00+00:00,417.72000000,418.24000000,416.73000000,417.72000000,108.90000000
1779941700000,2026-05-28T04:15:00+00:00,417.77000000,417.93000000,416.91000000,417.46000000,65.14000000
1779942600000,2026-05-28T04:30:00+00:00,417.58000000,418.01000000,417.19000000,417.58000000,67.23000000
1779943500000,2026-05-28T04:45:00+00:00,417.74000000,417.78000000,417.07000000,417.24000000,23.31000000
1779944400000,2026-05-28T05:00:00+00:00,417.29000000,418.39000000,416.91000000,418.38000000,30.46000000
1779945300000,2026-05-28T05:15:00+00:00,418.20000000,419.63000000,418.03000000,419.63000000,51.77000000
1779946200000,2026-05-28T05:30:00+00:00,419.49000000,420.84000000,419.23000000,419.62000000,174.51000000
1779947100000,2026-05-28T05:45:00+00:00,419.72000000,420.57000000,419.32000000,420.04000000,21.16000000
1779948000000,2026-05-28T06:00:00+00:00,420.04000000,420.90000000,420.04000000,420.83000000,26.65000000
1779948900000,2026-05-28T06:15:00+00:00,420.67000000,420.85000000,419.90000000,420.15000000,21.11000000
1779949800000,2026-05-28T06:30:00+00:00,420.22000000,420.36000000,419.72000000,420.06000000,19.44000000
1779950700000,2026-05-28T06:45:00+00:00,420.12000000,420.27000000,419.43000000,420.25000000,22.32000000
1779951600000,2026-05-28T07:00:00+00:00,420.27000000,420.84000000,420.06000000,420.60000000,14.57000000
1779952500000,2026-05-28T07:15:00+00:00,420.61000000,421.10000000,420.50000000,420.97000000,17.25000000
1779953400000,2026-05-28T07:30:00+00:00,420.83000000,421.05000000,420.74000000,421.04000000,25.10000000
1779954300000,2026-05-28T07:45:00+00:00,421.04000000,421.33000000,420.73000000,421.33000000,42.42000000
1779955200000,2026-05-28T08:00:00+00:00,421.37000000,421.56000000,420.08000000,420.95000000,58.92000000
1779956100000,2026-05-28T08:15:00+00:00,421.11000000,421.13000000,419.74000000,419.85000000,35.20000000
1779957000000,2026-05-28T08:30:00+00:00,420.00000000,420.52000000,419.82000000,420.25000000,33.80000000
1779957900000,2026-05-28T08:45:00+00:00,420.24000000,420.65000000,419.94000000,420.40000000,12.30000000
1779958800000,2026-05-28T09:00:00+00:00,420.44000000,421.28000000,419.69000000,420.77000000,52.64000000
1779959700000,2026-05-28T09:15:00+00:00,420.72000000,420.96000000,418.80000000,419.84000000,72.57000000
1779960600000,2026-05-28T09:30:00+00:00,419.84000000,420.47000000,419.43000000,419.53000000,44.49000000
1779961500000,2026-05-28T09:45:00+00:00,419.59000000,420.94000000,419.57000000,420.69000000,8.29000000
1779962400000,2026-05-28T10:00:00+00:00,420.87000000,421.67000000,418.37000000,420.05000000,132.79000000
1779963300000,2026-05-28T10:15:00+00:00,420.07000000,420.07000000,416.86000000,417.31000000,145.90000000
1779964200000,2026-05-28T10:30:00+00:00,417.29000000,418.92000000,417.05000000,418.20000000,80.93000000
1779965100000,2026-05-28T10:45:00+00:00,418.20000000,418.48000000,417.10000000,417.54000000,82.60000000
1779966000000,2026-05-28T11:00:00+00:00,417.72000000,417.98000000,416.72000000,416.82000000,55.12000000
1779966900000,2026-05-28T11:15:00+00:00,416.82000000,418.15000000,416.58000000,417.73000000,23.58000000
1779967800000,2026-05-28T11:30:00+00:00,417.62000000,418.72000000,417.05000000,418.72000000,7.36000000
1779968700000,2026-05-28T11:45:00+00:00,418.66000000,418.66000000,415.93000000,416.36000000,54.58000000
1779969600000,2026-05-28T12:00:00+00:00,416.31000000,417.51000000,415.25000000,416.68000000,143.80000000
1779970500000,2026-05-28T12:15:00+00:00,416.80000000,416.88000000,413.56000000,414.72000000,165.08000000
1779971400000,2026-05-28T12:30:00+00:00,414.71000000,417.75000000,414.71000000,417.75000000,60.71000000
1779972300000,2026-05-28T12:45:00+00:00,417.76000000,418.51000000,417.13000000,418.51000000,55.75000000
1779973200000,2026-05-28T13:00:00+00:00,418.48000000,419.68000000,417.37000000,417.87000000,59.99000000
1779974100000,2026-05-28T13:15:00+00:00,417.89000000,421.54000000,417.89000000,421.04000000,135.09000000
1779975000000,2026-05-28T13:30:00+00:00,421.11000000,424.64000000,414.40000000,416.32000000,1692.31000000
1779975900000,2026-05-28T13:45:00+00:00,416.36000000,422.00000000,416.15000000,420.29000000,459.49000000
1779976800000,2026-05-28T14:00:00+00:00,420.65000000,422.16000000,418.40000000,422.08000000,416.33000000
1779977700000,2026-05-28T14:15:00+00:00,422.16000000,422.70000000,417.12000000,418.29000000,227.18000000
1779978600000,2026-05-28T14:30:00+00:00,418.44000000,420.51000000,418.14000000,420.29000000,156.79000000
1779979500000,2026-05-28T14:45:00+00:00,420.48000000,423.68000000,420.08000000,423.54000000,176.06000000
1779980400000,2026-05-28T15:00:00+00:00,423.63000000,425.64000000,422.75000000,423.28000000,740.06000000
1779981300000,2026-05-28T15:15:00+00:00,423.50000000,424.27000000,422.94000000,423.86000000,978.70000000
1779982200000,2026-05-28T15:30:00+00:00,423.76000000,425.43000000,423.59000000,424.01000000,142.26000000
1779983100000,2026-05-28T15:45:00+00:00,424.17000000,425.95000000,423.61000000,425.87000000,128.50000000
1779984000000,2026-05-28T16:00:00+00:00,425.84000000,426.01000000,424.97000000,425.35000000,97.96000000
1779984900000,2026-05-28T16:15:00+00:00,425.40000000,427.63000000,425.40000000,426.70000000,84.22000000
1779985800000,2026-05-28T16:30:00+00:00,426.66000000,427.45000000,425.36000000,427.45000000,82.04000000
1779986700000,2026-05-28T16:45:00+00:00,427.49000000,428.09000000,426.35000000,426.88000000,86.41000000
1779987600000,2026-05-28T17:00:00+00:00,426.80000000,427.42000000,425.99000000,427.35000000,441.20000000
1779988500000,2026-05-28T17:15:00+00:00,427.31000000,428.34000000,426.80000000,427.95000000,57.21000000
1779989400000,2026-05-28T17:30:00+00:00,427.96000000,428.49000000,427.16000000,427.51000000,43.14000000
1779990300000,2026-05-28T17:45:00+00:00,427.79000000,429.44000000,427.79000000,428.60000000,98.36000000
1779991200000,2026-05-28T18:00:00+00:00,428.55000000,430.00000000,427.54000000,428.80000000,246.07000000
1779992100000,2026-05-28T18:15:00+00:00,428.85000000,429.70000000,428.75000000,429.21000000,30.26000000
1779993000000,2026-05-28T18:30:00+00:00,429.00000000,429.00000000,427.65000000,428.15000000,17.52000000
1779993900000,2026-05-28T18:45:00+00:00,428.20000000,428.21000000,426.70000000,426.70000000,106.17000000
1779994800000,2026-05-28T19:00:00+00:00,426.76000000,428.90000000,426.60000000,428.38000000,24.29000000
1779995700000,2026-05-28T19:15:00+00:00,428.36000000,428.65000000,425.70000000,425.70000000,41.72000000
1779996600000,2026-05-28T19:30:00+00:00,425.65000000,426.95000000,425.53000000,426.95000000,77.78000000
1779997500000,2026-05-28T19:45:00+00:00,426.86000000,427.70000000,425.81000000,426.52000000,147.82000000
1779998400000,2026-05-28T20:00:00+00:00,426.84000000,427.27000000,426.44000000,427.14000000,27.90000000
1779999300000,2026-05-28T20:15:00+00:00,427.15000000,427.95000000,427.15000000,427.80000000,12.55000000
1780000200000,2026-05-28T20:30:00+00:00,427.80000000,428.95000000,427.75000000,428.86000000,52.91000000
1780001100000,2026-05-28T20:45:00+00:00,428.92000000,434.78000000,428.87000000,431.98000000,598.82000000
1780002000000,2026-05-28T21:00:00+00:00,431.98000000,432.32000000,431.00000000,431.73000000,89.68000000
1780002900000,2026-05-28T21:15:00+00:00,431.95000000,432.32000000,431.55000000,431.65000000,66.19000000
1780003800000,2026-05-28T21:30:00+00:00,432.02000000,432.51000000,429.92000000,430.52000000,136.96000000
1780004700000,2026-05-28T21:45:00+00:00,430.52000000,431.05000000,427.52000000,430.79000000,298.37000000
1780005600000,2026-05-28T22:00:00+00:00,430.79000000,431.21000000,429.47000000,429.57000000,32.96000000
1780006500000,2026-05-28T22:15:00+00:00,429.57000000,430.30000000,429.46000000,429.99000000,20.02000000
1780007400000,2026-05-28T22:30:00+00:00,430.15000000,431.34000000,430.14000000,431.07000000,22.39000000
1780008300000,2026-05-28T22:45:00+00:00,431.04000000,431.97000000,430.21000000,430.35000000,87.35000000
1780009200000,2026-05-28T23:00:00+00:00,430.22000000,431.09000000,430.20000000,430.98000000,48.98000000
1780010100000,2026-05-28T23:15:00+00:00,431.00000000,431.50000000,431.00000000,431.40000000,9.20000000
1780011000000,2026-05-28T23:30:00+00:00,431.43000000,431.80000000,431.15000000,431.36000000,23.52000000
1780011900000,2026-05-28T23:45:00+00:00,431.43000000,431.78000000,430.79000000,431.60000000,25.09000000
1780012800000,2026-05-29T00:00:00+00:00,431.58000000,432.07000000,430.85000000,431.61000000,66.62000000
1780013700000,2026-05-29T00:15:00+00:00,431.64000000,431.66000000,431.24000000,431.32000000,5.28000000
1780014600000,2026-05-29T00:30:00+00:00,431.26000000,431.43000000,430.32000000,430.38000000,21.37000000
1780015500000,2026-05-29T00:45:00+00:00,430.38000000,430.47000000,429.90000000,430.04000000,21.17000000
1780016400000,2026-05-29T01:00:00+00:00,430.14000000,430.85000000,429.97000000,430.63000000,24.13000000
1780017300000,2026-05-29T01:15:00+00:00,430.63000000,430.93000000,430.33000000,430.35000000,13.93000000
1780018200000,2026-05-29T01:30:00+00:00,430.55000000,431.18000000,430.35000000,430.80000000,34.90000000
1780019100000,2026-05-29T01:45:00+00:00,430.92000000,431.16000000,430.60000000,430.97000000,5.10000000
1780020000000,2026-05-29T02:00:00+00:00,431.03000000,431.42000000,430.86000000,431.42000000,28.88000000
1780020900000,2026-05-29T02:15:00+00:00,431.45000000,431.45000000,430.71000000,431.02000000,13.22000000
1780021800000,2026-05-29T02:30:00+00:00,430.93000000,431.26000000,430.80000000,431.13000000,17.68000000
1780022700000,2026-05-29T02:45:00+00:00,431.18000000,431.23000000,431.00000000,431.13000000,9.65000000
1780023600000,2026-05-29T03:00:00+00:00,431.28000000,431.79000000,431.14000000,431.50000000,24.41000000
1780024500000,2026-05-29T03:15:00+00:00,431.56000000,431.64000000,431.41000000,431.45000000,4.40000000
1780025400000,2026-05-29T03:30:00+00:00,431.44000000,431.61000000,431.11000000,431.37000000,38.59000000
1780026300000,2026-05-29T03:45:00+00:00,431.50000000,431.72000000,431.41000000,431.41000000,20.03000000
1780027200000,2026-05-29T04:00:00+00:00,431.41000000,431.67000000,431.00000000,431.50000000,55.82000000
1780028100000,2026-05-29T04:15:00+00:00,431.56000000,432.47000000,431.49000000,432.44000000,41.17000000
1780029000000,2026-05-29T04:30:00+00:00,432.47000000,432.99000000,432.36000000,432.96000000,49.00000000
1780029900000,2026-05-29T04:45:00+00:00,433.02000000,433.13000000,432.48000000,432.95000000,25.83000000
1780030800000,2026-05-29T05:00:00+00:00,432.92000000,433.74000000,432.85000000,433.68000000,33.78000000
1780031700000,2026-05-29T05:15:00+00:00,433.64000000,434.21000000,433.61000000,434.21000000,13.39000000
1780032600000,2026-05-29T05:30:00+00:00,434.21000000,434.26000000,433.38000000,433.74000000,57.20000000
1780033500000,2026-05-29T05:45:00+00:00,433.74000000,433.92000000,432.56000000,433.34000000,101.98000000
1780034400000,2026-05-29T06:00:00+00:00,433.21000000,433.53000000,432.97000000,433.27000000,42.86000000
1780035300000,2026-05-29T06:15:00+00:00,433.26000000,433.26000000,432.61000000,432.78000000,29.72000000
1780036200000,2026-05-29T06:30:00+00:00,432.78000000,433.12000000,432.60000000,432.85000000,44.64000000
1780037100000,2026-05-29T06:45:00+00:00,432.84000000,432.89000000,432.41000000,432.66000000,17.53000000
1780038000000,2026-05-29T07:00:00+00:00,432.61000000,432.61000000,431.52000000,431.70000000,35.84000000
1780038900000,2026-05-29T07:15:00+00:00,431.73000000,431.83000000,431.45000000,431.45000000,8.50000000
1780039800000,2026-05-29T07:30:00+00:00,431.52000000,431.56000000,430.75000000,431.17000000,18.24000000
1780040700000,2026-05-29T07:45:00+00:00,431.30000000,431.72000000,431.11000000,431.60000000,10.67000000
1780041600000,2026-05-29T08:00:00+00:00,431.48000000,433.39000000,430.65000000,432.34000000,282.20000000
1780042500000,2026-05-29T08:15:00+00:00,432.35000000,433.33000000,432.35000000,432.98000000,45.51000000
1780043400000,2026-05-29T08:30:00+00:00,432.98000000,432.99000000,432.07000000,432.36000000,96.24000000
1780044300000,2026-05-29T08:45:00+00:00,432.30000000,432.43000000,431.59000000,431.97000000,38.29000000
1780045200000,2026-05-29T09:00:00+00:00,431.86000000,432.49000000,431.37000000,432.40000000,14.90000000
1780046100000,2026-05-29T09:15:00+00:00,432.50000000,432.72000000,432.17000000,432.30000000,33.86000000
1780047000000,2026-05-29T09:30:00+00:00,432.35000000,433.43000000,432.31000000,433.02000000,104.64000000
1780047900000,2026-05-29T09:45:00+00:00,433.13000000,433.42000000,432.98000000,433.00000000,19.08000000
1780048800000,2026-05-29T10:00:00+00:00,432.98000000,432.98000000,431.40000000,432.18000000,43.77000000
1780049700000,2026-05-29T10:15:00+00:00,432.10000000,432.79000000,431.82000000,432.78000000,52.68000000
1780050600000,2026-05-29T10:30:00+00:00,432.66000000,433.01000000,432.53000000,432.85000000,7.23000000
1780051500000,2026-05-29T10:45:00+00:00,432.90000000,433.10000000,432.61000000,432.67000000,8.96000000
1780052400000,2026-05-29T11:00:00+00:00,432.75000000,433.47000000,432.51000000,432.96000000,37.54000000
1780053300000,2026-05-29T11:15:00+00:00,433.01000000,434.17000000,432.94000000,433.24000000,220.17000000
1780054200000,2026-05-29T11:30:00+00:00,433.15000000,433.69000000,432.42000000,433.69000000,49.66000000
1780055100000,2026-05-29T11:45:00+00:00,433.53000000,434.75000000,433.48000000,434.48000000,80.17000000
1780056000000,2026-05-29T12:00:00+00:00,434.58000000,434.74000000,433.81000000,433.92000000,105.05000000
1780056900000,2026-05-29T12:15:00+00:00,433.90000000,434.32000000,432.91000000,433.98000000,166.89000000
1780057800000,2026-05-29T12:30:00+00:00,434.00000000,434.17000000,433.03000000,433.66000000,18.19000000
1780058700000,2026-05-29T12:45:00+00:00,433.71000000,434.32000000,433.52000000,433.96000000,48.59000000
1780059600000,2026-05-29T13:00:00+00:00,433.94000000,434.55000000,433.76000000,433.90000000,34.62000000
1780060500000,2026-05-29T13:15:00+00:00,433.91000000,435.08000000,433.42000000,433.81000000,151.72000000
1780061400000,2026-05-29T13:30:00+00:00,433.80000000,445.77000000,432.19000000,445.56000000,1798.29000000
1780062300000,2026-05-29T13:45:00+00:00,445.68000000,449.10000000,444.32000000,445.09000000,1294.14000000
1780063200000,2026-05-29T14:00:00+00:00,445.09000000,446.60000000,443.22000000,443.94000000,730.09000000
1780064100000,2026-05-29T14:15:00+00:00,444.07000000,444.07000000,438.17000000,439.44000000,777.68000000
1780065000000,2026-05-29T14:30:00+00:00,439.46000000,440.16000000,435.19000000,435.68000000,282.84000000
1780065900000,2026-05-29T14:45:00+00:00,435.69000000,439.54000000,435.01000000,437.24000000,783.11000000
1780066800000,2026-05-29T15:00:00+00:00,437.43000000,442.83000000,437.27000000,442.00000000,513.96000000
1780067700000,2026-05-29T15:15:00+00:00,442.05000000,442.28000000,439.42000000,440.03000000,243.69000000
1780068600000,2026-05-29T15:30:00+00:00,440.25000000,440.35000000,438.18000000,439.03000000,907.15000000
1780069500000,2026-05-29T15:45:00+00:00,439.05000000,440.25000000,438.80000000,438.80000000,112.06000000
1780070400000,2026-05-29T16:00:00+00:00,438.80000000,440.52000000,438.65000000,439.99000000,92.99000000
1780071300000,2026-05-29T16:15:00+00:00,440.14000000,441.12000000,439.61000000,440.65000000,112.88000000
1780072200000,2026-05-29T16:30:00+00:00,440.62000000,441.52000000,439.65000000,441.00000000,204.28000000
1780073100000,2026-05-29T16:45:00+00:00,441.04000000,441.36000000,439.37000000,439.56000000,67.57000000
1780074000000,2026-05-29T17:00:00+00:00,439.76000000,440.18000000,439.25000000,439.41000000,83.20000000
1780074900000,2026-05-29T17:15:00+00:00,439.41000000,439.85000000,437.75000000,437.80000000,276.01000000
1780075800000,2026-05-29T17:30:00+00:00,437.75000000,437.81000000,434.10000000,435.13000000,251.56000000
1780076700000,2026-05-29T17:45:00+00:00,435.00000000,436.03000000,434.25000000,435.49000000,88.65000000
1780077600000,2026-05-29T18:00:00+00:00,435.47000000,436.52000000,435.10000000,435.70000000,71.62000000
1780078500000,2026-05-29T18:15:00+00:00,435.80000000,436.60000000,435.56000000,436.30000000,15.81000000
1780079400000,2026-05-29T18:30:00+00:00,436.27000000,437.09000000,436.24000000,436.59000000,94.73000000
1780080300000,2026-05-29T18:45:00+00:00,436.48000000,436.51000000,435.52000000,436.01000000,44.36000000
1780081200000,2026-05-29T19:00:00+00:00,436.08000000,437.26000000,435.50000000,437.01000000,27.38000000
1780082100000,2026-05-29T19:15:00+00:00,437.00000000,438.45000000,436.95000000,438.45000000,456.30000000
1780083000000,2026-05-29T19:30:00+00:00,438.41000000,440.42000000,438.37000000,440.22000000,38.69000000
1780083900000,2026-05-29T19:45:00+00:00,440.35000000,449.40000000,440.22000000,447.20000000,1238.19000000
1780084800000,2026-05-29T20:00:00+00:00,447.20000000,447.49000000,445.03000000,445.47000000,227.12000000
1780085700000,2026-05-29T20:15:00+00:00,445.14000000,445.59000000,444.29000000,444.48000000,46.96000000
1780086600000,2026-05-29T20:30:00+00:00,444.44000000,445.37000000,444.00000000,444.34000000,398.30000000
1780087500000,2026-05-29T20:45:00+00:00,444.42000000,445.55000000,444.24000000,445.55000000,33.81000000
1780088400000,2026-05-29T21:00:00+00:00,445.54000000,446.02000000,445.12000000,445.55000000,49.96000000
1780089300000,2026-05-29T21:15:00+00:00,445.56000000,446.14000000,445.40000000,445.59000000,8.41000000
1780090200000,2026-05-29T21:30:00+00:00,445.57000000,446.36000000,445.35000000,445.69000000,53.17000000
1780091100000,2026-05-29T21:45:00+00:00,446.34000000,447.05000000,445.86000000,446.82000000,21.26000000
1780092000000,2026-05-29T22:00:00+00:00,446.60000000,446.99000000,446.16000000,446.87000000,20.59000000
1780092900000,2026-05-29T22:15:00+00:00,446.73000000,446.81000000,446.40000000,446.49000000,9.14000000
1780093800000,2026-05-29T22:30:00+00:00,446.62000000,446.75000000,446.22000000,446.30000000,8.43000000
1780094700000,2026-05-29T22:45:00+00:00,446.36000000,446.76000000,446.25000000,446.63000000,9.42000000
1780095600000,2026-05-29T23:00:00+00:00,446.58000000,446.92000000,446.00000000,446.28000000,56.21000000
1780096500000,2026-05-29T23:15:00+00:00,446.25000000,446.30000000,444.64000000,445.39000000,121.82000000
1780097400000,2026-05-29T23:30:00+00:00,445.40000000,445.89000000,445.03000000,445.74000000,6.35000000
1780098300000,2026-05-29T23:45:00+00:00,445.72000000,446.37000000,445.37000000,446.36000000,15.08000000
1780099200000,2026-05-30T00:00:00+00:00,446.36000000,446.85000000,445.15000000,445.71000000,84.54000000
1780100100000,2026-05-30T00:15:00+00:00,445.91000000,446.39000000,445.67000000,445.89000000,23.14000000
1780101000000,2026-05-30T00:30:00+00:00,445.88000000,446.64000000,445.77000000,446.47000000,36.21000000
1780101900000,2026-05-30T00:45:00+00:00,446.39000000,446.44000000,446.23000000,446.41000000,13.58000000
1780102800000,2026-05-30T01:00:00+00:00,446.38000000,446.71000000,446.31000000,446.50000000,28.52000000
1780103700000,2026-05-30T01:15:00+00:00,446.49000000,446.91000000,446.45000000,446.64000000,6.62000000
1780104600000,2026-05-30T01:30:00+00:00,446.58000000,446.89000000,446.10000000,446.85000000,14.62000000
1780105500000,2026-05-30T01:45:00+00:00,446.88000000,446.95000000,446.87000000,446.90000000,1.34000000
1780106400000,2026-05-30T02:00:00+00:00,446.86000000,446.99000000,446.52000000,446.73000000,22.98000000
1780107300000,2026-05-30T02:15:00+00:00,446.86000000,447.26000000,446.81000000,447.08000000,60.31000000
1780108200000,2026-05-30T02:30:00+00:00,447.03000000,447.19000000,446.91000000,447.19000000,44.25000000
1780109100000,2026-05-30T02:45:00+00:00,447.15000000,447.45000000,447.09000000,447.23000000,30.73000000
1780110000000,2026-05-30T03:00:00+00:00,447.21000000,447.45000000,447.09000000,447.35000000,38.73000000
1780110900000,2026-05-30T03:15:00+00:00,447.26000000,447.59000000,447.18000000,447.45000000,76.73000000
1780111800000,2026-05-30T03:30:00+00:00,447.41000000,447.48000000,447.13000000,447.30000000,10.05000000
1780112700000,2026-05-30T03:45:00+00:00,447.30000000,447.45000000,445.83000000,446.79000000,463.69000000
1780113600000,2026-05-30T04:00:00+00:00,446.79000000,448.68000000,446.57000000,447.12000000,277.55000000
1780114500000,2026-05-30T04:15:00+00:00,447.31000000,447.95000000,447.15000000,447.82000000,38.60000000
1780115400000,2026-05-30T04:30:00+00:00,447.82000000,448.48000000,447.41000000,448.48000000,47.50000000
1780116300000,2026-05-30T04:45:00+00:00,448.48000000,448.49000000,447.82000000,448.17000000,47.21000000
1780117200000,2026-05-30T05:00:00+00:00,448.06000000,448.87000000,447.90000000,448.81000000,50.17000000
1780118100000,2026-05-30T05:15:00+00:00,448.81000000,448.82000000,447.57000000,448.02000000,94.15000000
1780119000000,2026-05-30T05:30:00+00:00,448.19000000,448.19000000,447.60000000,448.18000000,14.80000000
1780119900000,2026-05-30T05:45:00+00:00,448.17000000,448.50000000,447.86000000,448.50000000,8.97000000
1780120800000,2026-05-30T06:00:00+00:00,448.36000000,448.65000000,448.16000000,448.45000000,28.89000000
1780121700000,2026-05-30T06:15:00+00:00,448.38000000,448.38000000,448.06000000,448.15000000,2.91000000
1780122600000,2026-05-30T06:30:00+00:00,448.32000000,449.04000000,448.27000000,448.49000000,18.62000000
1780123500000,2026-05-30T06:45:00+00:00,448.52000000,449.52000000,448.49000000,449.29000000,143.87000000
1780124400000,2026-05-30T07:00:00+00:00,449.18000000,449.27000000,448.90000000,449.05000000,44.62000000
1780125300000,2026-05-30T07:15:00+00:00,449.14000000,449.57000000,449.10000000,449.38000000,64.62000000
1780126200000,2026-05-30T07:30:00+00:00,449.33000000,449.40000000,449.03000000,449.17000000,11.67000000
1780127100000,2026-05-30T07:45:00+00:00,449.17000000,449.28000000,449.06000000,449.18000000,9.02000000
1780128000000,2026-05-30T08:00:00+00:00,449.25000000,450.15000000,448.98000000,449.20000000,69.21000000
1780128900000,2026-05-30T08:15:00+00:00,449.26000000,449.47000000,449.03000000,449.31000000,9.18000000
1780129800000,2026-05-30T08:30:00+00:00,449.38000000,449.76000000,449.30000000,449.61000000,25.12000000
1780130700000,2026-05-30T08:45:00+00:00,449.64000000,449.64000000,448.95000000,449.47000000,48.79000000
1780131600000,2026-05-30T09:00:00+00:00,449.48000000,450.04000000,449.06000000,449.81000000,66.27000000
1780132500000,2026-05-30T09:15:00+00:00,449.81000000,450.12000000,449.65000000,450.12000000,23.84000000
1780133400000,2026-05-30T09:30:00+00:00,450.12000000,450.85000000,449.90000000,449.90000000,226.36000000
1780134300000,2026-05-30T09:45:00+00:00,449.99000000,450.04000000,449.78000000,449.87000000,60.96000000
1780135200000,2026-05-30T10:00:00+00:00,449.87000000,449.89000000,449.36000000,449.44000000,31.71000000
1780136100000,2026-05-30T10:15:00+00:00,449.56000000,450.23000000,449.35000000,450.17000000,47.04000000
1780137000000,2026-05-30T10:30:00+00:00,450.17000000,450.17000000,449.98000000,450.07000000,33.47000000
1780137900000,2026-05-30T10:45:00+00:00,450.07000000,450.46000000,449.99000000,450.46000000,31.96000000
1780138800000,2026-05-30T11:00:00+00:00,450.46000000,450.46000000,449.90000000,450.11000000,116.39000000
1780139700000,2026-05-30T11:15:00+00:00,450.10000000,450.20000000,449.01000000,449.36000000,46.09000000
1780140600000,2026-05-30T11:30:00+00:00,449.25000000,449.30000000,448.94000000,449.14000000,31.19000000
1780141500000,2026-05-30T11:45:00+00:00,449.25000000,449.35000000,449.05000000,449.24000000,30.09000000
1780142400000,2026-05-30T12:00:00+00:00,449.24000000,449.24000000,448.85000000,449.20000000,34.79000000
1780143300000,2026-05-30T12:15:00+00:00,449.19000000,449.36000000,449.18000000,449.36000000,13.33000000
1780144200000,2026-05-30T12:30:00+00:00,449.35000000,450.70000000,449.28000000,450.32000000,59.73000000
1780145100000,2026-05-30T12:45:00+00:00,450.32000000,450.66000000,450.32000000,450.62000000,37.27000000
1780146000000,2026-05-30T13:00:00+00:00,450.62000000,451.00000000,450.35000000,450.59000000,73.02000000
1780146900000,2026-05-30T13:15:00+00:00,450.63000000,451.33000000,450.50000000,451.30000000,141.83000000
1780147800000,2026-05-30T13:30:00+00:00,451.31000000,451.42000000,450.97000000,451.29000000,56.05000000
1780148700000,2026-05-30T13:45:00+00:00,451.29000000,451.92000000,451.02000000,451.76000000,66.17000000
1780149600000,2026-05-30T14:00:00+00:00,451.76000000,452.35000000,451.01000000,451.02000000,135.94000000
1780150500000,2026-05-30T14:15:00+00:00,451.01000000,452.88000000,450.62000000,452.72000000,50.50000000
1780151400000,2026-05-30T14:30:00+00:00,452.65000000,453.70000000,452.63000000,453.29000000,27.36000000
1780152300000,2026-05-30T14:45:00+00:00,453.30000000,453.63000000,452.70000000,452.74000000,25.68000000
1780153200000,2026-05-30T15:00:00+00:00,452.70000000,453.65000000,452.61000000,453.65000000,19.46000000
1780154100000,2026-05-30T15:15:00+00:00,453.66000000,455.23000000,453.36000000,454.70000000,170.89000000
1780155000000,2026-05-30T15:30:00+00:00,454.65000000,454.70000000,453.84000000,454.00000000,22.63000000
1780155900000,2026-05-30T15:45:00+00:00,453.84000000,454.88000000,453.84000000,454.15000000,19.66000000
1780156800000,2026-05-30T16:00:00+00:00,454.15000000,454.50000000,450.30000000,451.97000000,414.70000000
1780157700000,2026-05-30T16:15:00+00:00,451.99000000,452.20000000,450.69000000,452.01000000,111.52000000
1780158600000,2026-05-30T16:30:00+00:00,452.10000000,453.09000000,452.10000000,452.27000000,35.41000000
1780159500000,2026-05-30T16:45:00+00:00,452.31000000,452.76000000,452.28000000,452.38000000,10.51000000
1780160400000,2026-05-30T17:00:00+00:00,452.50000000,453.71000000,452.00000000,452.83000000,75.64000000
1780161300000,2026-05-30T17:15:00+00:00,452.88000000,454.45000000,452.88000000,453.16000000,62.30000000
1780162200000,2026-05-30T17:30:00+00:00,453.24000000,453.35000000,452.27000000,453.21000000,23.83000000
1780163100000,2026-05-30T17:45:00+00:00,453.21000000,453.21000000,452.88000000,453.02000000,3.46000000
1780164000000,2026-05-30T18:00:00+00:00,453.06000000,453.07000000,452.65000000,452.69000000,13.91000000
1780164900000,2026-05-30T18:15:00+00:00,452.70000000,452.95000000,450.30000000,450.89000000,132.63000000
1780165800000,2026-05-30T18:30:00+00:00,450.89000000,451.56000000,450.73000000,450.86000000,9.77000000
1780166700000,2026-05-30T18:45:00+00:00,450.84000000,451.20000000,450.67000000,451.10000000,7.45000000
1780167600000,2026-05-30T19:00:00+00:00,451.20000000,451.90000000,451.12000000,451.83000000,17.51000000
1780168500000,2026-05-30T19:15:00+00:00,451.78000000,451.95000000,451.78000000,451.95000000,1.94000000
1780169400000,2026-05-30T19:30:00+00:00,451.97000000,452.18000000,451.89000000,452.18000000,3.12000000
1780170300000,2026-05-30T19:45:00+00:00,452.22000000,452.40000000,452.22000000,452.40000000,1.59000000
1780171200000,2026-05-30T20:00:00+00:00,452.33000000,452.33000000,451.91000000,451.95000000,4.60000000
1780172100000,2026-05-30T20:15:00+00:00,452.03000000,453.00000000,452.00000000,452.47000000,31.54000000
1780173000000,2026-05-30T20:30:00+00:00,452.33000000,454.34000000,452.29000000,452.76000000,114.72000000
1780173900000,2026-05-30T20:45:00+00:00,452.72000000,452.83000000,452.71000000,452.77000000,3.17000000
1780174800000,2026-05-30T21:00:00+00:00,452.77000000,453.65000000,452.51000000,453.61000000,17.10000000
1780175700000,2026-05-30T21:15:00+00:00,453.55000000,453.80000000,453.55000000,453.62000000,0.47000000
1780176600000,2026-05-30T21:30:00+00:00,453.60000000,454.48000000,452.84000000,454.12000000,32.85000000
1780177500000,2026-05-30T21:45:00+00:00,453.83000000,453.83000000,453.47000000,453.52000000,5.68000000
1780178400000,2026-05-30T22:00:00+00:00,453.60000000,453.84000000,452.81000000,453.82000000,14.35000000
1780179300000,2026-05-30T22:15:00+00:00,453.82000000,454.22000000,453.54000000,453.95000000,14.71000000
1780180200000,2026-05-30T22:30:00+00:00,453.95000000,455.70000000,453.95000000,454.14000000,160.32000000
1780181100000,2026-05-30T22:45:00+00:00,454.20000000,454.41000000,453.81000000,453.97000000,48.00000000
1780182000000,2026-05-30T23:00:00+00:00,453.97000000,454.03000000,452.06000000,452.17000000,106.29000000
1780182900000,2026-05-30T23:15:00+00:00,452.23000000,453.09000000,452.22000000,453.09000000,10.79000000
1780183800000,2026-05-30T23:30:00+00:00,453.11000000,453.13000000,451.19000000,452.77000000,103.01000000
1780184700000,2026-05-30T23:45:00+00:00,452.78000000,453.25000000,452.41000000,452.41000000,20.40000000
1780185600000,2026-05-31T00:00:00+00:00,452.54000000,455.40000000,452.16000000,452.81000000,135.71000000
1780186500000,2026-05-31T00:15:00+00:00,452.88000000,453.83000000,452.88000000,453.58000000,8.96000000
1780187400000,2026-05-31T00:30:00+00:00,453.68000000,454.62000000,453.07000000,453.65000000,110.90000000
1780188300000,2026-05-31T00:45:00+00:00,453.66000000,454.14000000,453.36000000,454.02000000,8.34000000
1780189200000,2026-05-31T01:00:00+00:00,454.11000000,454.24000000,453.55000000,454.21000000,17.72000000
1780190100000,2026-05-31T01:15:00+00:00,454.15000000,454.50000000,454.15000000,454.48000000,7.85000000
1780191000000,2026-05-31T01:30:00+00:00,454.50000000,454.86000000,454.29000000,454.86000000,12.77000000
1780191900000,2026-05-31T01:45:00+00:00,454.88000000,455.00000000,454.23000000,454.42000000,19.44000000
1780192800000,2026-05-31T02:00:00+00:00,454.32000000,454.68000000,454.03000000,454.59000000,22.51000000
1780193700000,2026-05-31T02:15:00+00:00,454.54000000,454.92000000,454.35000000,454.86000000,8.84000000
1780194600000,2026-05-31T02:30:00+00:00,454.88000000,454.94000000,453.93000000,454.90000000,27.57000000
1780195500000,2026-05-31T02:45:00+00:00,454.89000000,454.95000000,454.65000000,454.76000000,8.75000000
1780196400000,2026-05-31T03:00:00+00:00,454.80000000,455.22000000,454.76000000,455.21000000,14.26000000
1780197300000,2026-05-31T03:15:00+00:00,455.21000000,455.22000000,454.86000000,454.86000000,6.37000000
1780198200000,2026-05-31T03:30:00+00:00,454.84000000,454.91000000,453.07000000,454.54000000,94.44000000
1780199100000,2026-05-31T03:45:00+00:00,454.30000000,454.48000000,454.12000000,454.48000000,1.62000000
1780200000000,2026-05-31T04:00:00+00:00,454.29000000,454.45000000,454.09000000,454.44000000,3.81000000
1780200900000,2026-05-31T04:15:00+00:00,454.51000000,454.93000000,454.51000000,454.90000000,10.14000000
1780201800000,2026-05-31T04:30:00+00:00,454.94000000,455.47000000,454.81000000,455.33000000,44.70000000
1780202700000,2026-05-31T04:45:00+00:00,455.44000000,455.66000000,455.36000000,455.66000000,6.15000000
1780203600000,2026-05-31T05:00:00+00:00,455.66000000,456.15000000,455.11000000,455.95000000,121.46000000
1780204500000,2026-05-31T05:15:00+00:00,456.00000000,457.18000000,455.55000000,456.89000000,74.16000000
1780205400000,2026-05-31T05:30:00+00:00,457.04000000,457.04000000,453.10000000,456.49000000,228.13000000
1780206300000,2026-05-31T05:45:00+00:00,456.37000000,456.66000000,456.23000000,456.66000000,12.73000000
1780207200000,2026-05-31T06:00:00+00:00,456.64000000,456.95000000,455.19000000,455.80000000,107.09000000
1780208100000,2026-05-31T06:15:00+00:00,455.81000000,457.08000000,455.63000000,457.08000000,87.59000000
1780209000000,2026-05-31T06:30:00+00:00,457.10000000,458.31000000,455.58000000,455.75000000,338.39000000
1780209900000,2026-05-31T06:45:00+00:00,455.81000000,458.22000000,455.44000000,458.14000000,53.78000000
1780210800000,2026-05-31T07:00:00+00:00,458.21000000,460.01000000,458.04000000,459.85000000,266.17000000
1780211700000,2026-05-31T07:15:00+00:00,459.85000000,460.11000000,458.59000000,459.14000000,72.62000000
1780212600000,2026-05-31T07:30:00+00:00,459.24000000,459.93000000,458.65000000,459.93000000,72.09000000
1780213500000,2026-05-31T07:45:00+00:00,459.92000000,461.59000000,458.93000000,461.34000000,337.78000000
1780214400000,2026-05-31T08:00:00+00:00,461.34000000,465.16000000,460.04000000,461.98000000,270.68000000
1780215300000,2026-05-31T08:15:00+00:00,461.98000000,462.77000000,460.62000000,462.77000000,112.53000000
1780216200000,2026-05-31T08:30:00+00:00,462.67000000,463.67000000,462.21000000,463.50000000,85.09000000
1780217100000,2026-05-31T08:45:00+00:00,463.58000000,463.65000000,462.63000000,463.65000000,21.88000000
1780218000000,2026-05-31T09:00:00+00:00,463.63000000,464.06000000,462.80000000,462.91000000,75.33000000
1780218900000,2026-05-31T09:15:00+00:00,462.91000000,463.50000000,462.47000000,462.84000000,21.27000000
1780219800000,2026-05-31T09:30:00+00:00,462.82000000,462.83000000,462.00000000,462.52000000,12.25000000
1780220700000,2026-05-31T09:45:00+00:00,462.69000000,462.69000000,461.28000000,462.07000000,61.62000000
1780221600000,2026-05-31T10:00:00+00:00,462.06000000,462.33000000,461.04000000,462.01000000,40.26000000
1780222500000,2026-05-31T10:15:00+00:00,461.98000000,461.98000000,460.00000000,461.00000000,188.72000000
1780223400000,2026-05-31T10:30:00+00:00,460.99000000,461.37000000,460.25000000,460.49000000,59.90000000
1780224300000,2026-05-31T10:45:00+00:00,460.66000000,460.91000000,459.61000000,460.87000000,130.19000000
1780225200000,2026-05-31T11:00:00+00:00,460.82000000,461.69000000,460.72000000,461.69000000,23.91000000
1780226100000,2026-05-31T11:15:00+00:00,461.70000000,462.28000000,461.70000000,462.09000000,35.59000000
1780227000000,2026-05-31T11:30:00+00:00,462.08000000,462.56000000,460.93000000,462.03000000,35.84000000
1780227900000,2026-05-31T11:45:00+00:00,461.97000000,462.81000000,461.92000000,462.81000000,17.23000000
1780228800000,2026-05-31T12:00:00+00:00,462.82000000,462.84000000,462.40000000,462.55000000,25.46000000
1780229700000,2026-05-31T12:15:00+00:00,462.77000000,463.00000000,462.11000000,462.11000000,11.06000000
1780230600000,2026-05-31T12:30:00+00:00,462.08000000,463.00000000,462.07000000,463.00000000,19.46000000
1780231500000,2026-05-31T12:45:00+00:00,463.05000000,463.25000000,461.89000000,461.89000000,14.79000000
1780232400000,2026-05-31T13:00:00+00:00,461.91000000,464.88000000,461.06000000,463.54000000,244.90000000
1780233300000,2026-05-31T13:15:00+00:00,463.58000000,465.19000000,462.49000000,464.73000000,157.25000000
1780234200000,2026-05-31T13:30:00+00:00,464.66000000,465.81000000,464.63000000,464.97000000,73.65000000
1780235100000,2026-05-31T13:45:00+00:00,464.98000000,465.91000000,464.98000000,465.74000000,18.36000000
1780236000000,2026-05-31T14:00:00+00:00,465.75000000,467.10000000,465.48000000,466.00000000,157.80000000
1780236900000,2026-05-31T14:15:00+00:00,466.00000000,466.88000000,464.00000000,466.60000000,188.48000000
1780237800000,2026-05-31T14:30:00+00:00,466.55000000,467.00000000,463.61000000,465.71000000,243.98000000
1780238700000,2026-05-31T14:45:00+00:00,465.71000000,466.43000000,463.99000000,465.45000000,471.72000000
1780239600000,2026-05-31T15:00:00+00:00,465.54000000,467.80000000,462.98000000,467.08000000,376.87000000
1780240500000,2026-05-31T15:15:00+00:00,467.04000000,468.00000000,464.40000000,465.64000000,318.04000000
1780241400000,2026-05-31T15:30:00+00:00,465.92000000,466.64000000,464.52000000,466.16000000,128.00000000
1780242300000,2026-05-31T15:45:00+00:00,466.20000000,466.66000000,464.02000000,464.60000000,279.24000000
1780243200000,2026-05-31T16:00:00+00:00,464.82000000,466.43000000,464.08000000,465.29000000,94.24000000
1780244100000,2026-05-31T16:15:00+00:00,465.27000000,465.57000000,464.45000000,464.89000000,80.84000000
1780245000000,2026-05-31T16:30:00+00:00,464.99000000,468.00000000,464.00000000,466.15000000,756.26000000
1780245900000,2026-05-31T16:45:00+00:00,466.15000000,466.67000000,464.30000000,465.60000000,123.13000000
1780246800000,2026-05-31T17:00:00+00:00,465.73000000,466.00000000,464.12000000,464.99000000,84.19000000
1780247700000,2026-05-31T17:15:00+00:00,464.97000000,465.52000000,463.39000000,464.90000000,119.36000000
1780248600000,2026-05-31T17:30:00+00:00,464.94000000,466.87000000,463.96000000,466.39000000,247.26000000
1780249500000,2026-05-31T17:45:00+00:00,466.08000000,466.08000000,464.07000000,464.50000000,50.07000000
1780250400000,2026-05-31T18:00:00+00:00,464.50000000,466.07000000,464.14000000,464.94000000,51.38000000
1780251300000,2026-05-31T18:15:00+00:00,464.95000000,465.10000000,463.86000000,464.44000000,76.07000000
1780252200000,2026-05-31T18:30:00+00:00,464.34000000,464.41000000,462.78000000,463.90000000,109.30000000
1780253100000,2026-05-31T18:45:00+00:00,463.89000000,464.66000000,463.10000000,463.47000000,76.68000000
1780254000000,2026-05-31T19:00:00+00:00,463.52000000,467.50000000,462.80000000,464.47000000,154.33000000
1780254900000,2026-05-31T19:15:00+00:00,464.45000000,464.70000000,462.89000000,464.03000000,69.03000000
1780255800000,2026-05-31T19:30:00+00:00,463.96000000,464.12000000,460.76000000,462.19000000,186.73000000
1780256700000,2026-05-31T19:45:00+00:00,462.30000000,462.70000000,460.35000000,461.12000000,76.65000000
1780257600000,2026-05-31T20:00:00+00:00,461.15000000,465.93000000,460.70000000,464.26000000,431.48000000
1780258500000,2026-05-31T20:15:00+00:00,464.29000000,465.61000000,464.14000000,465.08000000,19.32000000
1780259400000,2026-05-31T20:30:00+00:00,465.02000000,466.27000000,465.02000000,465.53000000,63.18000000
1780260300000,2026-05-31T20:45:00+00:00,465.67000000,465.97000000,465.00000000,465.28000000,33.82000000
1780261200000,2026-05-31T21:00:00+00:00,465.31000000,466.02000000,465.30000000,465.83000000,26.78000000
1780262100000,2026-05-31T21:15:00+00:00,465.83000000,466.06000000,465.67000000,465.68000000,6.36000000
1780263000000,2026-05-31T21:30:00+00:00,465.68000000,467.20000000,463.68000000,466.00000000,110.67000000
1780263900000,2026-05-31T21:45:00+00:00,466.06000000,466.24000000,464.72000000,465.47000000,25.45000000
1780264800000,2026-05-31T22:00:00+00:00,465.21000000,466.06000000,461.45000000,465.52000000,290.74000000
1780265700000,2026-05-31T22:15:00+00:00,465.59000000,465.72000000,463.02000000,465.19000000,80.32000000
1780266600000,2026-05-31T22:30:00+00:00,465.46000000,467.50000000,462.85000000,463.71000000,395.70000000
1780267500000,2026-05-31T22:45:00+00:00,463.77000000,464.18000000,463.59000000,463.88000000,9.76000000
1780268400000,2026-05-31T23:00:00+00:00,463.91000000,465.11000000,463.86000000,465.08000000,12.24000000
1780269300000,2026-05-31T23:15:00+00:00,464.95000000,465.12000000,463.82000000,464.55000000,58.17000000
1780270200000,2026-05-31T23:30:00+00:00,464.56000000,467.57000000,463.61000000,465.66000000,186.67000000
1780271100000,2026-05-31T23:45:00+00:00,465.78000000,466.13000000,463.34000000,465.78000000,131.67000000
1780272000000,2026-06-01T00:00:00+00:00,465.58000000,465.58000000,451.21000000,461.60000000,2752.77000000
1780272900000,2026-06-01T00:15:00+00:00,461.77000000,465.35000000,461.08000000,461.34000000,1069.66000000
1780273800000,2026-06-01T00:30:00+00:00,461.28000000,463.60000000,460.00000000,462.60000000,330.35000000
1780274700000,2026-06-01T00:45:00+00:00,462.84000000,463.22000000,459.23000000,460.10000000,171.13000000
1780275600000,2026-06-01T01:00:00+00:00,460.10000000,460.11000000,456.42000000,458.36000000,508.69000000
1780276500000,2026-06-01T01:15:00+00:00,458.32000000,459.59000000,457.40000000,458.45000000,389.40000000
1780277400000,2026-06-01T01:30:00+00:00,458.29000000,459.97000000,457.43000000,457.74000000,283.90000000
1780278300000,2026-06-01T01:45:00+00:00,457.73000000,460.80000000,457.51000000,460.25000000,214.19000000
1780279200000,2026-06-01T02:00:00+00:00,460.25000000,461.55000000,459.08000000,460.92000000,408.62000000
1780280100000,2026-06-01T02:15:00+00:00,460.83000000,461.90000000,459.50000000,460.51000000,230.68000000
1780281000000,2026-06-01T02:30:00+00:00,460.52000000,461.18000000,458.90000000,459.11000000,128.81000000
1780281900000,2026-06-01T02:45:00+00:00,459.24000000,459.66000000,458.69000000,459.40000000,51.34000000
1780282800000,2026-06-01T03:00:00+00:00,459.41000000,460.06000000,459.40000000,459.81000000,71.45000000
1780283700000,2026-06-01T03:15:00+00:00,459.56000000,459.86000000,458.19000000,459.13000000,140.87000000
1780284600000,2026-06-01T03:30:00+00:00,458.93000000,459.76000000,458.24000000,458.93000000,68.36000000
1780285500000,2026-06-01T03:45:00+00:00,458.86000000,459.77000000,458.48000000,459.19000000,92.28000000
1780286400000,2026-06-01T04:00:00+00:00,459.13000000,459.83000000,458.94000000,459.37000000,123.59000000
1780287300000,2026-06-01T04:15:00+00:00,459.36000000,460.26000000,459.28000000,460.03000000,35.97000000
1780288200000,2026-06-01T04:30:00+00:00,460.03000000,460.03000000,459.30000000,459.43000000,61.29000000
1780289100000,2026-06-01T04:45:00+00:00,459.43000000,460.17000000,459.14000000,459.56000000,157.75000000
1780290000000,2026-06-01T05:00:00+00:00,459.48000000,459.79000000,459.15000000,459.30000000,48.51000000
1780290900000,2026-06-01T05:15:00+00:00,459.32000000,460.00000000,459.30000000,459.52000000,32.03000000
1780291800000,2026-06-01T05:30:00+00:00,459.35000000,460.18000000,458.88000000,459.36000000,207.21000000
1780292700000,2026-06-01T05:45:00+00:00,459.38000000,459.77000000,459.16000000,459.48000000,24.73000000
1780293600000,2026-06-01T06:00:00+00:00,459.46000000,459.69000000,459.16000000,459.47000000,79.78000000
1780294500000,2026-06-01T06:15:00+00:00,459.63000000,459.69000000,458.28000000,458.64000000,102.04000000
1780295400000,2026-06-01T06:30:00+00:00,458.65000000,459.28000000,458.50000000,458.81000000,18.95000000
1780296300000,2026-06-01T06:45:00+00:00,458.89000000,460.01000000,458.67000000,459.40000000,99.85000000
1780297200000,2026-06-01T07:00:00+00:00,459.35000000,459.68000000,459.05000000,459.41000000,76.84000000
1780298100000,2026-06-01T07:15:00+00:00,459.35000000,459.36000000,457.95000000,458.19000000,130.20000000
1780299000000,2026-06-01T07:30:00+00:00,458.18000000,458.18000000,457.36000000,457.84000000,69.15000000
1780299900000,2026-06-01T07:45:00+00:00,457.79000000,458.24000000,457.50000000,457.60000000,98.72000000
1780300800000,2026-06-01T08:00:00+00:00,457.70000000,459.00000000,457.65000000,458.15000000,527.00000000
1780301700000,2026-06-01T08:15:00+00:00,458.19000000,458.23000000,456.64000000,456.67000000,277.55000000
1780302600000,2026-06-01T08:30:00+00:00,456.86000000,457.42000000,454.97000000,457.38000000,367.01000000
1780303500000,2026-06-01T08:45:00+00:00,457.32000000,458.55000000,457.32000000,458.53000000,115.28000000
1780304400000,2026-06-01T09:00:00+00:00,458.60000000,459.00000000,456.42000000,456.42000000,231.70000000
1780305300000,2026-06-01T09:15:00+00:00,456.57000000,457.22000000,456.17000000,456.41000000,203.01000000
1780306200000,2026-06-01T09:30:00+00:00,456.45000000,458.29000000,456.19000000,458.06000000,129.64000000
1780307100000,2026-06-01T09:45:00+00:00,458.15000000,458.40000000,457.16000000,457.53000000,108.80000000
1780308000000,2026-06-01T10:00:00+00:00,457.62000000,459.89000000,457.38000000,459.73000000,188.99000000
1780308900000,2026-06-01T10:15:00+00:00,459.90000000,461.00000000,459.25000000,461.00000000,180.52000000
1780309800000,2026-06-01T10:30:00+00:00,461.00000000,461.00000000,459.45000000,459.59000000,116.28000000
1780310700000,2026-06-01T10:45:00+00:00,459.58000000,460.10000000,458.55000000,459.40000000,91.82000000
1780311600000,2026-06-01T11:00:00+00:00,459.40000000,461.00000000,458.45000000,459.82000000,141.23000000
1780312500000,2026-06-01T11:15:00+00:00,459.55000000,460.07000000,457.05000000,459.06000000,238.62000000
1780313400000,2026-06-01T11:30:00+00:00,459.09000000,460.95000000,458.33000000,459.43000000,233.94000000
1780314300000,2026-06-01T11:45:00+00:00,459.79000000,460.05000000,457.01000000,458.43000000,168.78000000
1780315200000,2026-06-01T12:00:00+00:00,458.62000000,459.12000000,455.66000000,456.56000000,452.40000000
1780316100000,2026-06-01T12:15:00+00:00,456.50000000,458.68000000,455.90000000,458.07000000,137.34000000
1780317000000,2026-06-01T12:30:00+00:00,458.20000000,458.46000000,456.69000000,457.87000000,160.90000000
1780317900000,2026-06-01T12:45:00+00:00,457.74000000,458.23000000,455.98000000,456.64000000,137.44000000
1780318800000,2026-06-01T13:00:00+00:00,456.50000000,456.66000000,453.02000000,454.23000000,344.31000000
1780319700000,2026-06-01T13:15:00+00:00,454.05000000,454.79000000,450.30000000,450.69000000,983.35000000
1780320600000,2026-06-01T13:30:00+00:00,450.79000000,456.66000000,443.72000000,453.48000000,2683.50000000
1780321500000,2026-06-01T13:45:00+00:00,453.66000000,454.53000000,448.00000000,448.24000000,1414.70000000
1780322400000,2026-06-01T14:00:00+00:00,448.03000000,451.92000000,446.34000000,449.64000000,860.11000000
1780323300000,2026-06-01T14:15:00+00:00,449.75000000,453.78000000,449.71000000,451.35000000,1132.50000000
1780324200000,2026-06-01T14:30:00+00:00,451.50000000,460.70000000,451.45000000,458.70000000,1258.33000000
1780325100000,2026-06-01T14:45:00+00:00,458.64000000,459.00000000,455.28000000,455.75000000,628.14000000
1780326000000,2026-06-01T15:00:00+00:00,455.76000000,457.25000000,455.14000000,456.60000000,359.97000000
1780326900000,2026-06-01T15:15:00+00:00,456.68000000,459.12000000,455.85000000,456.78000000,574.44000000
1780327800000,2026-06-01T15:30:00+00:00,456.84000000,460.47000000,456.84000000,459.80000000,738.84000000
1780328700000,2026-06-01T15:45:00+00:00,459.70000000,460.05000000,457.96000000,459.23000000,328.28000000
1780329600000,2026-06-01T16:00:00+00:00,459.36000000,463.60000000,459.36000000,462.42000000,852.59000000
1780330500000,2026-06-01T16:15:00+00:00,462.46000000,462.84000000,461.00000000,462.46000000,379.72000000
1780331400000,2026-06-01T16:30:00+00:00,462.58000000,463.82000000,461.46000000,463.25000000,296.42000000
1780332300000,2026-06-01T16:45:00+00:00,463.16000000,463.27000000,461.37000000,462.74000000,216.85000000
1780333200000,2026-06-01T17:00:00+00:00,462.64000000,462.67000000,460.58000000,461.96000000,408.84000000
1780334100000,2026-06-01T17:15:00+00:00,462.05000000,462.42000000,460.31000000,461.41000000,250.33000000
1780335000000,2026-06-01T17:30:00+00:00,461.32000000,464.56000000,460.87000000,464.01000000,334.02000000
1780335900000,2026-06-01T17:45:00+00:00,463.97000000,466.28000000,463.56000000,464.67000000,426.56000000
1780336800000,2026-06-01T18:00:00+00:00,464.59000000,464.88000000,459.59000000,459.71000000,347.92000000
1780337700000,2026-06-01T18:15:00+00:00,459.81000000,461.67000000,459.26000000,461.57000000,200.56000000
1780338600000,2026-06-01T18:30:00+00:00,461.59000000,462.80000000,460.99000000,462.30000000,89.76000000
1780339500000,2026-06-01T18:45:00+00:00,462.30000000,463.41000000,460.74000000,462.42000000,78.93000000
1780340400000,2026-06-01T19:00:00+00:00,462.40000000,463.08000000,461.65000000,462.36000000,337.07000000
1780341300000,2026-06-01T19:15:00+00:00,462.23000000,462.23000000,459.65000000,459.73000000,243.50000000
1780342200000,2026-06-01T19:30:00+00:00,459.67000000,459.84000000,457.92000000,458.46000000,159.03000000
1780343100000,2026-06-01T19:45:00+00:00,458.48000000,460.79000000,457.08000000,460.62000000,227.55000000
1780344000000,2026-06-01T20:00:00+00:00,460.51000000,461.82000000,459.96000000,460.65000000,59.29000000
1780344900000,2026-06-01T20:15:00+00:00,460.56000000,461.32000000,460.38000000,461.19000000,16.83000000
1780345800000,2026-06-01T20:30:00+00:00,461.25000000,469.19000000,461.06000000,468.95000000,716.04000000
1780346700000,2026-06-01T20:45:00+00:00,468.81000000,469.14000000,465.59000000,467.97000000,834.92000000
1780347600000,2026-06-01T21:00:00+00:00,467.98000000,478.00000000,467.75000000,475.27000000,1787.52000000
1780348500000,2026-06-01T21:15:00+00:00,475.17000000,476.06000000,473.34000000,474.17000000,543.34000000
1780349400000,2026-06-01T21:30:00+00:00,474.28000000,475.58000000,472.98000000,473.97000000,128.78000000
1780350300000,2026-06-01T21:45:00+00:00,473.96000000,475.22000000,473.47000000,474.66000000,101.69000000
1780351200000,2026-06-01T22:00:00+00:00,474.55000000,474.71000000,472.09000000,473.59000000,110.20000000
1780352100000,2026-06-01T22:15:00+00:00,473.69000000,474.58000000,473.29000000,473.48000000,103.70000000
1780353000000,2026-06-01T22:30:00+00:00,473.52000000,473.72000000,472.06000000,472.53000000,103.04000000
1780353900000,2026-06-01T22:45:00+00:00,472.58000000,473.95000000,472.58000000,473.95000000,151.57000000
1780354800000,2026-06-01T23:00:00+00:00,473.90000000,474.18000000,472.01000000,472.01000000,164.19000000
1780355700000,2026-06-01T23:15:00+00:00,471.94000000,472.98000000,471.74000000,472.50000000,130.06000000
1780356600000,2026-06-01T23:30:00+00:00,472.64000000,472.98000000,472.06000000,472.12000000,86.27000000
1780357500000,2026-06-01T23:45:00+00:00,472.24000000,472.76000000,471.03000000,472.65000000,98.43000000
1780358400000,2026-06-02T00:00:00+00:00,472.51000000,473.13000000,467.27000000,471.10000000,1063.93000000
1780359300000,2026-06-02T00:15:00+00:00,471.03000000,476.22000000,470.65000000,476.14000000,397.10000000
1780360200000,2026-06-02T00:30:00+00:00,476.10000000,479.34000000,475.44000000,476.48000000,657.84000000
1780361100000,2026-06-02T00:45:00+00:00,476.41000000,478.45000000,475.51000000,477.97000000,376.72000000
1780362000000,2026-06-02T01:00:00+00:00,477.83000000,477.83000000,474.08000000,475.01000000,423.23000000
1780362900000,2026-06-02T01:15:00+00:00,475.09000000,475.58000000,474.62000000,474.84000000,102.03000000
1780363800000,2026-06-02T01:30:00+00:00,474.84000000,475.56000000,473.55000000,474.05000000,167.18000000
1780364700000,2026-06-02T01:45:00+00:00,474.05000000,474.32000000,473.44000000,473.93000000,97.27000000
1780365600000,2026-06-02T02:00:00+00:00,474.01000000,474.40000000,473.23000000,473.45000000,160.38000000
1780366500000,2026-06-02T02:15:00+00:00,473.43000000,474.30000000,472.74000000,473.99000000,144.44000000
1780367400000,2026-06-02T02:30:00+00:00,474.01000000,474.24000000,473.65000000,474.01000000,131.19000000
1780368300000,2026-06-02T02:45:00+00:00,474.01000000,475.88000000,474.00000000,475.78000000,198.65000000
1780369200000,2026-06-02T03:00:00+00:00,475.68000000,476.16000000,473.84000000,474.28000000,241.69000000
1780370100000,2026-06-02T03:15:00+00:00,474.31000000,475.12000000,473.85000000,474.63000000,313.04000000
1780371000000,2026-06-02T03:30:00+00:00,474.49000000,474.73000000,472.27000000,472.72000000,503.51000000
1780371900000,2026-06-02T03:45:00+00:00,472.83000000,473.90000000,471.95000000,473.89000000,387.69000000
1780372800000,2026-06-02T04:00:00+00:00,473.89000000,474.20000000,472.83000000,473.52000000,231.36000000
1780373700000,2026-06-02T04:15:00+00:00,473.55000000,474.60000000,473.16000000,474.60000000,260.55000000
1780374600000,2026-06-02T04:30:00+00:00,474.58000000,476.41000000,474.53000000,476.41000000,269.74000000
1780375500000,2026-06-02T04:45:00+00:00,476.41000000,478.00000000,476.29000000,477.91000000,317.09000000
1780376400000,2026-06-02T05:00:00+00:00,477.91000000,480.75000000,477.84000000,479.68000000,829.08000000
1780377300000,2026-06-02T05:15:00+00:00,479.73000000,480.22000000,479.25000000,479.66000000,267.98000000
1780378200000,2026-06-02T05:30:00+00:00,479.70000000,480.34000000,479.29000000,480.04000000,315.11000000
1780379100000,2026-06-02T05:45:00+00:00,480.04000000,483.75000000,479.28000000,483.51000000,516.64000000
1780380000000,2026-06-02T06:00:00+00:00,483.53000000,483.85000000,480.70000000,481.29000000,347.72000000
1780380900000,2026-06-02T06:15:00+00:00,481.20000000,481.71000000,478.99000000,480.64000000,371.00000000
1780381800000,2026-06-02T06:30:00+00:00,480.57000000,483.01000000,479.80000000,482.74000000,271.21000000
1780382700000,2026-06-02T06:45:00+00:00,482.68000000,483.63000000,482.49000000,482.97000000,201.10000000
1780383600000,2026-06-02T07:00:00+00:00,483.00000000,483.57000000,481.66000000,483.35000000,447.74000000
1780384500000,2026-06-02T07:15:00+00:00,483.27000000,483.32000000,481.50000000,481.84000000,294.98000000
1780385400000,2026-06-02T07:30:00+00:00,481.86000000,482.33000000,480.68000000,481.37000000,382.76000000
1780386300000,2026-06-02T07:45:00+00:00,481.42000000,481.96000000,480.56000000,480.84000000,322.46000000
1780387200000,2026-06-02T08:00:00+00:00,480.95000000,488.40000000,480.23000000,487.71000000,719.11000000
1780388100000,2026-06-02T08:15:00+00:00,487.80000000,490.00000000,486.57000000,489.42000000,438.52000000
1780389000000,2026-06-02T08:30:00+00:00,489.45000000,494.65000000,489.22000000,491.10000000,888.66000000
1780389900000,2026-06-02T08:45:00+00:00,491.04000000,492.91000000,489.27000000,489.90000000,1409.70000000
1780390800000,2026-06-02T09:00:00+00:00,489.92000000,491.46000000,487.94000000,489.03000000,630.87000000
1780391700000,2026-06-02T09:15:00+00:00,489.05000000,490.86000000,488.02000000,489.11000000,1127.80000000
1780392600000,2026-06-02T09:30:00+00:00,489.11000000,490.85000000,488.77000000,490.58000000,984.69000000
1780393500000,2026-06-02T09:45:00+00:00,490.66000000,493.04000000,488.77000000,492.83000000,462.23000000
1780394400000,2026-06-02T10:00:00+00:00,492.66000000,496.07000000,491.04000000,495.17000000,1106.80000000
1780395300000,2026-06-02T10:15:00+00:00,495.16000000,496.80000000,492.99000000,493.66000000,868.95000000
1780396200000,2026-06-02T10:30:00+00:00,493.78000000,494.27000000,490.44000000,490.44000000,429.07000000
1780397100000,2026-06-02T10:45:00+00:00,490.60000000,492.84000000,490.24000000,490.61000000,294.16000000
1780398000000,2026-06-02T11:00:00+00:00,490.44000000,491.02000000,488.75000000,490.70000000,746.90000000
1780398900000,2026-06-02T11:15:00+00:00,490.75000000,492.81000000,488.25000000,488.67000000,436.72000000
1780399800000,2026-06-02T11:30:00+00:00,488.68000000,491.66000000,488.45000000,488.56000000,228.90000000
1780400700000,2026-06-02T11:45:00+00:00,488.69000000,489.75000000,486.35000000,486.71000000,358.36000000
1780401600000,2026-06-02T12:00:00+00:00,486.77000000,489.13000000,486.37000000,487.43000000,283.42000000
1780402500000,2026-06-02T12:15:00+00:00,487.35000000,488.20000000,486.94000000,487.71000000,101.90000000
1780403400000,2026-06-02T12:30:00+00:00,487.71000000,491.93000000,487.14000000,490.55000000,378.25000000
1780404300000,2026-06-02T12:45:00+00:00,490.59000000,490.68000000,487.18000000,487.39000000,249.40000000
1780405200000,2026-06-02T13:00:00+00:00,487.36000000,488.01000000,485.00000000,485.12000000,380.25000000
1780406100000,2026-06-02T13:15:00+00:00,485.00000000,492.67000000,484.85000000,489.13000000,770.16000000
1780407000000,2026-06-02T13:30:00+00:00,489.13000000,489.36000000,479.25000000,483.97000000,2399.35000000
1780407900000,2026-06-02T13:45:00+00:00,483.94000000,485.78000000,480.29000000,481.48000000,1228.00000000
1780408800000,2026-06-02T14:00:00+00:00,481.60000000,483.59000000,478.65000000,480.85000000,993.17000000
1780409700000,2026-06-02T14:15:00+00:00,480.85000000,482.87000000,478.21000000,480.00000000,1554.81000000
1780410600000,2026-06-02T14:30:00+00:00,479.99000000,481.51000000,478.36000000,481.00000000,1361.96000000
1780411500000,2026-06-02T14:45:00+00:00,480.98000000,481.71000000,479.65000000,480.82000000,864.98000000
1780412400000,2026-06-02T15:00:00+00:00,480.86000000,481.55000000,476.26000000,480.44000000,1307.92000000
1780413300000,2026-06-02T15:15:00+00:00,480.45000000,483.48000000,480.29000000,481.44000000,1001.25000000
1780414200000,2026-06-02T15:30:00+00:00,481.50000000,483.02000000,480.20000000,482.36000000,707.52000000
1780415100000,2026-06-02T15:45:00+00:00,482.26000000,484.54000000,482.23000000,484.32000000,672.31000000
1780416000000,2026-06-02T16:00:00+00:00,484.39000000,486.77000000,484.36000000,485.49000000,580.95000000
1780416900000,2026-06-02T16:15:00+00:00,485.64000000,485.74000000,483.17000000,483.45000000,532.59000000
1780417800000,2026-06-02T16:30:00+00:00,483.51000000,484.55000000,482.90000000,484.06000000,693.85000000
1780418700000,2026-06-02T16:45:00+00:00,484.06000000,484.21000000,479.74000000,480.64000000,741.34000000
1780419600000,2026-06-02T17:00:00+00:00,480.51000000,480.59000000,478.58000000,479.61000000,470.98000000
1780420500000,2026-06-02T17:15:00+00:00,479.61000000,480.42000000,476.10000000,476.21000000,521.39000000
1780421400000,2026-06-02T17:30:00+00:00,476.09000000,479.80000000,475.89000000,477.72000000,413.89000000
1780422300000,2026-06-02T17:45:00+00:00,477.69000000,478.39000000,475.89000000,476.21000000,240.05000000
1780423200000,2026-06-02T18:00:00+00:00,476.17000000,476.36000000,473.26000000,473.60000000,446.59000000
1780424100000,2026-06-02T18:15:00+00:00,473.43000000,474.25000000,470.82000000,473.52000000,620.49000000
1780425000000,2026-06-02T18:30:00+00:00,473.55000000,475.39000000,471.78000000,472.50000000,219.17000000
1780425900000,2026-06-02T18:45:00+00:00,472.46000000,475.08000000,472.00000000,474.30000000,922.66000000
1780426800000,2026-06-02T19:00:00+00:00,474.30000000,477.26000000,474.29000000,476.83000000,237.96000000
1780427700000,2026-06-02T19:15:00+00:00,476.89000000,479.00000000,476.30000000,477.16000000,515.66000000
1780428600000,2026-06-02T19:30:00+00:00,477.01000000,479.16000000,476.17000000,477.53000000,260.06000000
1780429500000,2026-06-02T19:45:00+00:00,477.55000000,483.57000000,477.55000000,482.26000000,1216.63000000
1780430400000,2026-06-02T20:00:00+00:00,482.14000000,484.72000000,481.33000000,484.14000000,311.16000000
1780431300000,2026-06-02T20:15:00+00:00,484.09000000,485.16000000,483.37000000,483.56000000,221.67000000
1780432200000,2026-06-02T20:30:00+00:00,483.48000000,485.22000000,483.20000000,484.44000000,155.13000000
1780433100000,2026-06-02T20:45:00+00:00,484.52000000,485.59000000,482.97000000,485.58000000,478.34000000
1780434000000,2026-06-02T21:00:00+00:00,485.45000000,486.16000000,484.83000000,485.34000000,206.54000000
1780434900000,2026-06-02T21:15:00+00:00,485.24000000,486.46000000,485.10000000,485.61000000,312.09000000
1780435800000,2026-06-02T21:30:00+00:00,485.46000000,485.94000000,484.41000000,484.84000000,172.08000000
1780436700000,2026-06-02T21:45:00+00:00,485.00000000,485.96000000,484.94000000,485.28000000,219.93000000
1780437600000,2026-06-02T22:00:00+00:00,485.16000000,486.36000000,484.92000000,485.61000000,87.19000000
1780438500000,2026-06-02T22:15:00+00:00,485.61000000,489.44000000,485.40000000,489.13000000,436.83000000
1780439400000,2026-06-02T22:30:00+00:00,489.10000000,494.40000000,488.61000000,494.40000000,1085.73000000
1780440300000,2026-06-02T22:45:00+00:00,494.40000000,499.46000000,493.63000000,495.00000000,1731.28000000
1780441200000,2026-06-02T23:00:00+00:00,495.16000000,496.54000000,491.70000000,495.09000000,698.77000000
1780442100000,2026-06-02T23:15:00+00:00,494.98000000,495.38000000,489.09000000,491.92000000,594.48000000
1780443000000,2026-06-02T23:30:00+00:00,492.00000000,494.85000000,490.34000000,494.64000000,410.75000000
1780443900000,2026-06-02T23:45:00+00:00,494.58000000,495.19000000,493.03000000,495.12000000,286.20000000
1780444800000,2026-06-03T00:00:00+00:00,495.23000000,495.36000000,492.07000000,493.83000000,869.06000000
1780445700000,2026-06-03T00:15:00+00:00,493.98000000,497.09000000,493.93000000,496.64000000,422.03000000
1780446600000,2026-06-03T00:30:00+00:00,496.78000000,503.46000000,495.99000000,503.46000000,646.36000000
1780447500000,2026-06-03T00:45:00+00:00,503.47000000,508.30000000,501.15000000,502.66000000,1105.71000000
1780448400000,2026-06-03T01:00:00+00:00,502.47000000,502.53000000,497.94000000,499.33000000,869.14000000
1780449300000,2026-06-03T01:15:00+00:00,499.27000000,501.01000000,498.63000000,500.28000000,263.80000000
1780450200000,2026-06-03T01:30:00+00:00,500.35000000,501.85000000,496.75000000,496.91000000,382.51000000
1780451100000,2026-06-03T01:45:00+00:00,496.97000000,499.30000000,496.56000000,499.01000000,543.85000000
1780452000000,2026-06-03T02:00:00+00:00,499.05000000,500.29000000,498.39000000,499.49000000,234.68000000
1780452900000,2026-06-03T02:15:00+00:00,499.38000000,500.19000000,497.88000000,497.88000000,409.72000000
1780453800000,2026-06-03T02:30:00+00:00,498.06000000,499.33000000,497.40000000,498.97000000,228.72000000
1780454700000,2026-06-03T02:45:00+00:00,498.84000000,498.84000000,497.31000000,497.61000000,158.39000000
1780455600000,2026-06-03T03:00:00+00:00,497.72000000,498.15000000,495.80000000,496.91000000,754.48000000
1780456500000,2026-06-03T03:15:00+00:00,496.97000000,499.42000000,496.56000000,498.43000000,552.45000000
1780457400000,2026-06-03T03:30:00+00:00,498.50000000,501.38000000,497.83000000,499.43000000,1368.92000000
1780458300000,2026-06-03T03:45:00+00:00,499.31000000,499.77000000,496.99000000,498.65000000,386.58000000
1780459200000,2026-06-03T04:00:00+00:00,498.59000000,499.48000000,498.06000000,499.38000000,360.50000000
1780460100000,2026-06-03T04:15:00+00:00,499.47000000,499.67000000,498.05000000,499.46000000,327.89000000
1780461000000,2026-06-03T04:30:00+00:00,499.48000000,499.83000000,498.41000000,499.82000000,167.36000000
1780461900000,2026-06-03T04:45:00+00:00,499.72000000,500.27000000,498.75000000,498.75000000,688.00000000
1780462800000,2026-06-03T05:00:00+00:00,498.75000000,500.00000000,497.57000000,499.31000000,404.13000000
1780463700000,2026-06-03T05:15:00+00:00,499.35000000,499.47000000,497.59000000,497.70000000,365.25000000
1780464600000,2026-06-03T05:30:00+00:00,497.63000000,497.63000000,495.57000000,496.28000000,247.34000000
1780465500000,2026-06-03T05:45:00+00:00,496.40000000,497.04000000,495.60000000,496.21000000,88.85000000
1780466400000,2026-06-03T06:00:00+00:00,496.18000000,497.80000000,495.62000000,496.41000000,208.31000000
1780467300000,2026-06-03T06:15:00+00:00,496.58000000,496.83000000,494.94000000,495.56000000,283.37000000
1780468200000,2026-06-03T06:30:00+00:00,495.61000000,496.80000000,495.10000000,495.93000000,353.85000000
1780469100000,2026-06-03T06:45:00+00:00,495.92000000,496.35000000,495.47000000,495.70000000,86.65000000
1780470000000,2026-06-03T07:00:00+00:00,495.82000000,498.00000000,495.53000000,497.75000000,245.62000000
1780470900000,2026-06-03T07:15:00+00:00,497.80000000,497.94000000,496.51000000,496.51000000,107.33000000
1780471800000,2026-06-03T07:30:00+00:00,496.56000000,497.18000000,495.76000000,496.88000000,97.32000000
1780472700000,2026-06-03T07:45:00+00:00,496.82000000,497.84000000,495.85000000,497.31000000,238.50000000
1780473600000,2026-06-03T08:00:00+00:00,497.38000000,499.73000000,496.87000000,498.82000000,365.44000000
1780474500000,2026-06-03T08:15:00+00:00,498.75000000,499.73000000,497.18000000,498.96000000,322.48000000
1780475400000,2026-06-03T08:30:00+00:00,498.98000000,499.32000000,497.93000000,498.08000000,261.98000000
1780476300000,2026-06-03T08:45:00+00:00,498.14000000,498.14000000,496.23000000,497.30000000,208.11000000
1780477200000,2026-06-03T09:00:00+00:00,497.34000000,497.62000000,496.07000000,496.26000000,213.00000000
1780478100000,2026-06-03T09:15:00+00:00,496.31000000,497.45000000,495.90000000,497.30000000,927.16000000
1780479000000,2026-06-03T09:30:00+00:00,497.32000000,497.60000000,493.26000000,493.49000000,547.15000000
1780479900000,2026-06-03T09:45:00+00:00,493.49000000,494.40000000,491.51000000,492.37000000,799.05000000
1780480800000,2026-06-03T10:00:00+00:00,492.45000000,493.85000000,490.84000000,493.13000000,508.71000000
1780481700000,2026-06-03T10:15:00+00:00,493.14000000,494.90000000,493.05000000,494.71000000,252.48000000
1780482600000,2026-06-03T10:30:00+00:00,494.74000000,495.12000000,492.45000000,493.55000000,309.69000000
1780483500000,2026-06-03T10:45:00+00:00,493.73000000,494.51000000,492.72000000,493.92000000,196.82000000
1780484400000,2026-06-03T11:00:00+00:00,494.06000000,495.20000000,490.63000000,491.81000000,694.45000000
1780485300000,2026-06-03T11:15:00+00:00,491.80000000,493.40000000,491.32000000,491.36000000,387.66000000
1780486200000,2026-06-03T11:30:00+00:00,491.45000000,492.80000000,490.65000000,492.30000000,362.19000000
1780487100000,2026-06-03T11:45:00+00:00,492.24000000,494.35000000,491.85000000,493.47000000,540.48000000
1780488000000,2026-06-03T12:00:00+00:00,493.41000000,493.89000000,492.00000000,492.90000000,402.98000000
1780488900000,2026-06-03T12:15:00+00:00,492.83000000,493.84000000,491.48000000,493.26000000,176.73000000
1780489800000,2026-06-03T12:30:00+00:00,493.02000000,496.68000000,492.21000000,495.96000000,271.81000000
1780490700000,2026-06-03T12:45:00+00:00,496.01000000,496.17000000,492.21000000,493.06000000,1141.80000000
1780491600000,2026-06-03T13:00:00+00:00,493.19000000,494.01000000,491.46000000,492.28000000,257.50000000
1780492500000,2026-06-03T13:15:00+00:00,492.31000000,496.32000000,491.54000000,495.53000000,494.75000000
1780493400000,2026-06-03T13:30:00+00:00,495.65000000,495.96000000,475.01000000,476.68000000,4491.08000000
1780494300000,2026-06-03T13:45:00+00:00,476.76000000,480.48000000,469.00000000,478.56000000,4171.79000000
1780495200000,2026-06-03T14:00:00+00:00,478.68000000,482.25000000,477.24000000,482.11000000,1361.18000000
1780496100000,2026-06-03T14:15:00+00:00,482.25000000,487.26000000,481.94000000,487.20000000,1183.50000000
1780497000000,2026-06-03T14:30:00+00:00,487.22000000,487.65000000,484.60000000,486.05000000,1768.80000000
1780497900000,2026-06-03T14:45:00+00:00,486.05000000,489.33000000,486.01000000,486.45000000,449.34000000
1780498800000,2026-06-03T15:00:00+00:00,486.37000000,489.16000000,486.22000000,488.71000000,280.41000000
1780499700000,2026-06-03T15:15:00+00:00,488.72000000,490.08000000,486.81000000,488.72000000,591.77000000
1780500600000,2026-06-03T15:30:00+00:00,488.71000000,489.90000000,486.20000000,486.33000000,487.51000000
1780501500000,2026-06-03T15:45:00+00:00,486.33000000,487.43000000,482.34000000,486.03000000,646.13000000
1780502400000,2026-06-03T16:00:00+00:00,485.99000000,486.79000000,484.35000000,484.71000000,648.05000000
1780503300000,2026-06-03T16:15:00+00:00,484.58000000,486.80000000,483.59000000,484.85000000,499.44000000
1780504200000,2026-06-03T16:30:00+00:00,484.75000000,485.87000000,482.68000000,483.85000000,532.92000000
1780505100000,2026-06-03T16:45:00+00:00,484.04000000,487.54000000,483.70000000,487.02000000,939.84000000
1780506000000,2026-06-03T17:00:00+00:00,486.91000000,487.40000000,483.81000000,484.03000000,1194.27000000
1780506900000,2026-06-03T17:15:00+00:00,484.03000000,485.40000000,482.87000000,485.25000000,186.33000000
1780507800000,2026-06-03T17:30:00+00:00,485.27000000,486.07000000,484.57000000,485.35000000,545.20000000
1780508700000,2026-06-03T17:45:00+00:00,485.40000000,487.80000000,485.40000000,487.02000000,235.87000000
1780509600000,2026-06-03T18:00:00+00:00,487.04000000,487.86000000,486.33000000,487.16000000,299.73000000
1780510500000,2026-06-03T18:15:00+00:00,486.98000000,489.16000000,485.31000000,489.10000000,675.34000000
1780511400000,2026-06-03T18:30:00+00:00,489.09000000,489.45000000,487.51000000,487.73000000,155.86000000
1780512300000,2026-06-03T18:45:00+00:00,487.75000000,488.69000000,486.90000000,487.96000000,307.03000000
1780513200000,2026-06-03T19:00:00+00:00,487.85000000,490.41000000,487.60000000,488.45000000,326.04000000
1780514100000,2026-06-03T19:15:00+00:00,488.49000000,489.55000000,485.68000000,487.13000000,273.11000000
1780515000000,2026-06-03T19:30:00+00:00,487.06000000,487.59000000,484.46000000,485.92000000,575.65000000
1780515900000,2026-06-03T19:45:00+00:00,485.92000000,486.60000000,476.38000000,480.09000000,2074.34000000
1780516800000,2026-06-03T20:00:00+00:00,480.05000000,482.81000000,476.07000000,477.37000000,1988.68000000
1780517700000,2026-06-03T20:15:00+00:00,477.18000000,477.29000000,437.02000000,455.98000000,28454.31000000
1780518600000,2026-06-03T20:30:00+00:00,455.92000000,456.32000000,441.51000000,442.33000000,4300.20000000
1780519500000,2026-06-03T20:45:00+00:00,442.41000000,456.00000000,442.34000000,455.63000000,1957.30000000
1780520400000,2026-06-03T21:00:00+00:00,455.62000000,459.74000000,418.29000000,418.51000000,16813.63000000
1780521300000,2026-06-03T21:15:00+00:00,418.31000000,431.27000000,415.29000000,417.14000000,8689.25000000
1780522200000,2026-06-03T21:30:00+00:00,417.42000000,420.48000000,403.89000000,417.23000000,6181.00000000
1780523100000,2026-06-03T21:45:00+00:00,417.27000000,421.66000000,414.19000000,420.35000000,3229.25000000
1780524000000,2026-06-03T22:00:00+00:00,420.57000000,426.10000000,417.34000000,423.27000000,2003.31000000
1780524900000,2026-06-03T22:15:00+00:00,423.24000000,423.85000000,416.89000000,417.06000000,1810.54000000
1780525800000,2026-06-03T22:30:00+00:00,417.10000000,420.71000000,415.89000000,417.35000000,1112.98000000
1780526700000,2026-06-03T22:45:00+00:00,417.37000000,420.83000000,416.79000000,419.96000000,1633.74000000
1780527600000,2026-06-03T23:00:00+00:00,419.96000000,420.43000000,417.75000000,419.82000000,1291.01000000
1780528500000,2026-06-03T23:15:00+00:00,419.81000000,419.89000000,415.67000000,416.52000000,2519.90000000
1780529400000,2026-06-03T23:30:00+00:00,416.56000000,417.47000000,411.89000000,412.20000000,3010.94000000
1780530300000,2026-06-03T23:45:00+00:00,412.18000000,416.71000000,410.85000000,414.50000000,1396.50000000
1780531200000,2026-06-04T00:00:00+00:00,414.49000000,419.97000000,414.27000000,418.46000000,3231.91000000
1780532100000,2026-06-04T00:15:00+00:00,418.45000000,422.67000000,418.00000000,422.63000000,1233.28000000
1780533000000,2026-06-04T00:30:00+00:00,422.54000000,427.19000000,420.85000000,423.42000000,2834.55000000
1780533900000,2026-06-04T00:45:00+00:00,423.58000000,426.86000000,423.29000000,424.35000000,2272.77000000
1780534800000,2026-06-04T01:00:00+00:00,424.36000000,424.37000000,419.07000000,420.90000000,2964.22000000
1780535700000,2026-06-04T01:15:00+00:00,420.75000000,420.88000000,417.18000000,419.00000000,1318.64000000
1780536600000,2026-06-04T01:30:00+00:00,419.05000000,420.29000000,417.88000000,418.75000000,582.49000000
1780537500000,2026-06-04T01:45:00+00:00,418.80000000,419.36000000,417.15000000,418.55000000,1009.78000000
1780538400000,2026-06-04T02:00:00+00:00,418.60000000,420.33000000,417.16000000,417.80000000,630.27000000
1780539300000,2026-06-04T02:15:00+00:00,417.81000000,419.20000000,416.25000000,418.64000000,786.30000000
1780540200000,2026-06-04T02:30:00+00:00,418.50000000,420.69000000,418.01000000,419.75000000,411.18000000
1780541100000,2026-06-04T02:45:00+00:00,419.86000000,420.60000000,418.44000000,419.14000000,518.45000000
1780542000000,2026-06-04T03:00:00+00:00,419.00000000,421.08000000,418.52000000,420.74000000,465.05000000
1780542900000,2026-06-04T03:15:00+00:00,420.80000000,423.30000000,420.68000000,423.27000000,859.17000000
1780543800000,2026-06-04T03:30:00+00:00,423.27000000,425.32000000,422.49000000,423.95000000,1169.08000000
1780544700000,2026-06-04T03:45:00+00:00,423.88000000,424.00000000,419.16000000,419.55000000,1402.86000000
1780545600000,2026-06-04T04:00:00+00:00,419.55000000,422.52000000,418.76000000,421.42000000,710.42000000
1780546500000,2026-06-04T04:15:00+00:00,421.51000000,423.06000000,420.99000000,422.97000000,381.06000000
1780547400000,2026-06-04T04:30:00+00:00,422.95000000,427.50000000,422.20000000,425.78000000,4489.51000000
1780548300000,2026-06-04T04:45:00+00:00,425.78000000,430.23000000,425.66000000,427.50000000,6996.06000000
1780549200000,2026-06-04T05:00:00+00:00,427.50000000,427.55000000,423.39000000,425.02000000,2344.91000000
1780550100000,2026-06-04T05:15:00+00:00,424.92000000,426.46000000,423.67000000,424.32000000,1067.03000000
1780551000000,2026-06-04T05:30:00+00:00,424.31000000,425.24000000,422.89000000,423.25000000,1621.01000000
1780551900000,2026-06-04T05:45:00+00:00,423.21000000,426.69000000,423.02000000,425.89000000,2549.05000000
1780552800000,2026-06-04T06:00:00+00:00,425.90000000,425.95000000,424.72000000,425.25000000,666.77000000
1780553700000,2026-06-04T06:15:00+00:00,425.29000000,430.65000000,425.22000000,427.03000000,2130.39000000
1780554600000,2026-06-04T06:30:00+00:00,427.03000000,431.01000000,426.51000000,430.61000000,972.90000000
1780555500000,2026-06-04T06:45:00+00:00,430.61000000,432.95000000,429.23000000,432.68000000,3355.93000000
1780556400000,2026-06-04T07:00:00+00:00,432.69000000,432.87000000,429.08000000,429.50000000,1473.25000000
1780557300000,2026-06-04T07:15:00+00:00,429.48000000,429.59000000,426.71000000,428.81000000,1506.09000000
1780558200000,2026-06-04T07:30:00+00:00,428.85000000,430.91000000,427.85000000,429.39000000,1082.60000000
1780559100000,2026-06-04T07:45:00+00:00,429.40000000,430.94000000,426.55000000,427.34000000,1001.09000000
1780560000000,2026-06-04T08:00:00+00:00,427.16000000,429.48000000,420.64000000,422.34000000,2472.94000000
1780560900000,2026-06-04T08:15:00+00:00,422.30000000,426.21000000,419.08000000,420.07000000,2150.80000000
1780561800000,2026-06-04T08:30:00+00:00,420.10000000,421.37000000,418.30000000,419.08000000,1639.02000000
1780562700000,2026-06-04T08:45:00+00:00,419.01000000,419.79000000,414.30000000,419.23000000,4497.54000000
1780563600000,2026-06-04T09:00:00+00:00,419.25000000,419.92000000,410.77000000,412.75000000,5335.09000000
1780564500000,2026-06-04T09:15:00+00:00,412.80000000,418.90000000,410.00000000,417.00000000,3750.07000000
1780565400000,2026-06-04T09:30:00+00:00,416.97000000,419.85000000,416.66000000,418.32000000,1558.29000000
1780566300000,2026-06-04T09:45:00+00:00,418.35000000,421.67000000,417.90000000,419.87000000,2206.28000000
1780567200000,2026-06-04T10:00:00+00:00,419.79000000,423.16000000,419.00000000,420.77000000,2501.91000000
1780568100000,2026-06-04T10:15:00+00:00,420.78000000,421.50000000,417.01000000,417.12000000,2036.92000000
1780569000000,2026-06-04T10:30:00+00:00,417.12000000,418.59000000,415.00000000,415.21000000,1172.94000000
1780569900000,2026-06-04T10:45:00+00:00,415.15000000,415.72000000,411.00000000,414.52000000,2000.90000000
1780570800000,2026-06-04T11:00:00+00:00,414.55000000,416.08000000,408.55000000,410.80000000,4310.87000000
1780571700000,2026-06-04T11:15:00+00:00,410.75000000,414.00000000,409.36000000,409.45000000,2485.46000000
1780572600000,2026-06-04T11:30:00+00:00,409.55000000,410.90000000,404.00000000,407.63000000,4753.83000000
1780573500000,2026-06-04T11:45:00+00:00,407.60000000,409.20000000,406.79000000,408.26000000,2344.70000000
1780574400000,2026-06-04T12:00:00+00:00,408.21000000,410.37000000,407.66000000,409.43000000,2154.60000000
1780575300000,2026-06-04T12:15:00+00:00,409.50000000,412.94000000,409.50000000,412.38000000,5531.42000000
1780576200000,2026-06-04T12:30:00+00:00,412.38000000,413.50000000,409.26000000,410.79000000,2256.22000000
1780577100000,2026-06-04T12:45:00+00:00,410.71000000,410.88000000,407.76000000,408.24000000,1877.15000000
1780578000000,2026-06-04T13:00:00+00:00,408.31000000,411.03000000,405.04000000,410.59000000,4050.29000000
1780578900000,2026-06-04T13:15:00+00:00,410.64000000,418.84000000,406.41000000,409.90000000,16655.16000000
1780579800000,2026-06-04T13:30:00+00:00,409.90000000,416.42000000,403.31000000,403.78000000,23761.14000000
1780580700000,2026-06-04T13:45:00+00:00,403.76000000,407.51000000,402.67000000,404.60000000,6849.80000000
1780581600000,2026-06-04T14:00:00+00:00,404.53000000,409.09000000,404.00000000,408.80000000,6571.89000000
1780582500000,2026-06-04T14:15:00+00:00,408.80000000,410.37000000,406.18000000,406.31000000,4537.46000000
1780583400000,2026-06-04T14:30:00+00:00,406.28000000,412.55000000,406.15000000,411.23000000,4682.38000000
1780584300000,2026-06-04T14:45:00+00:00,411.15000000,413.06000000,407.79000000,408.88000000,4731.41000000
1780585200000,2026-06-04T15:00:00+00:00,409.00000000,413.00000000,407.34000000,412.66000000,6081.20000000
1780586100000,2026-06-04T15:15:00+00:00,412.67000000,415.65000000,410.85000000,413.32000000,10936.45000000
1780587000000,2026-06-04T15:30:00+00:00,413.37000000,415.35000000,413.03000000,413.29000000,4601.87000000
1780587900000,2026-06-04T15:45:00+00:00,413.30000000,413.32000000,408.00000000,408.08000000,6176.17000000
1780588800000,2026-06-04T16:00:00+00:00,408.08000000,410.38000000,407.67000000,408.32000000,4720.41000000
1780589700000,2026-06-04T16:15:00+00:00,408.32000000,411.48000000,408.09000000,410.56000000,3294.27000000
1780590600000,2026-06-04T16:30:00+00:00,410.64000000,413.89000000,408.75000000,413.25000000,3641.98000000
1780591500000,2026-06-04T16:45:00+00:00,413.34000000,415.75000000,412.59000000,415.55000000,4224.08000000
1780592400000,2026-06-04T17:00:00+00:00,415.60000000,419.90000000,414.85000000,417.63000000,5737.68000000
1780593300000,2026-06-04T17:15:00+00:00,417.73000000,423.30000000,417.51000000,420.91000000,6891.43000000
1780594200000,2026-06-04T17:30:00+00:00,420.84000000,424.99000000,420.15000000,423.46000000,7777.60000000
1780595100000,2026-06-04T17:45:00+00:00,423.52000000,425.00000000,422.23000000,424.71000000,2660.86000000
1780596000000,2026-06-04T18:00:00+00:00,424.70000000,426.95000000,421.42000000,422.06000000,3904.76000000
1780596900000,2026-06-04T18:15:00+00:00,422.13000000,422.68000000,417.70000000,418.56000000,6515.92000000
1780597800000,2026-06-04T18:30:00+00:00,418.51000000,420.66000000,416.01000000,420.09000000,3367.92000000
1780598700000,2026-06-04T18:45:00+00:00,420.04000000,420.04000000,416.18000000,416.66000000,1521.08000000
1780599600000,2026-06-04T19:00:00+00:00,416.63000000,419.88000000,416.56000000,416.81000000,1673.78000000
1780600500000,2026-06-04T19:15:00+00:00,416.80000000,421.82000000,415.26000000,421.82000000,2529.98000000
1780601400000,2026-06-04T19:30:00+00:00,421.81000000,423.04000000,420.61000000,422.71000000,842.53000000
1780602300000,2026-06-04T19:45:00+00:00,422.68000000,424.12000000,418.32000000,419.50000000,1578.45000000
1780603200000,2026-06-04T20:00:00+00:00,419.57000000,420.94000000,418.23000000,418.85000000,938.69000000
1780604100000,2026-06-04T20:15:00+00:00,418.88000000,419.32000000,418.40000000,418.62000000,415.92000000
1780605000000,2026-06-04T20:30:00+00:00,418.65000000,419.26000000,418.06000000,418.33000000,939.33000000
1780605900000,2026-06-04T20:45:00+00:00,418.34000000,418.36000000,417.34000000,418.14000000,704.59000000
1780606800000,2026-06-04T21:00:00+00:00,418.14000000,418.32000000,417.39000000,417.66000000,208.79000000
1780607700000,2026-06-04T21:15:00+00:00,417.72000000,418.00000000,417.22000000,417.87000000,199.05000000
1780608600000,2026-06-04T21:30:00+00:00,417.80000000,418.71000000,417.57000000,418.38000000,524.33000000
1780609500000,2026-06-04T21:45:00+00:00,418.40000000,418.43000000,417.50000000,417.89000000,383.42000000
1780610400000,2026-06-04T22:00:00+00:00,417.80000000,418.14000000,416.00000000,416.01000000,656.04000000
1780611300000,2026-06-04T22:15:00+00:00,416.03000000,417.23000000,415.36000000,415.89000000,992.51000000
1780612200000,2026-06-04T22:30:00+00:00,415.96000000,416.25000000,415.04000000,415.87000000,437.63000000
1780613100000,2026-06-04T22:45:00+00:00,415.83000000,415.96000000,414.32000000,415.55000000,751.09000000
1780614000000,2026-06-04T23:00:00+00:00,415.48000000,415.56000000,413.24000000,413.40000000,670.45000000
1780614900000,2026-06-04T23:15:00+00:00,413.43000000,413.81000000,412.68000000,413.31000000,937.71000000
1780615800000,2026-06-04T23:30:00+00:00,413.28000000,413.28000000,411.93000000,412.86000000,3123.96000000
1780616700000,2026-06-04T23:45:00+00:00,412.87000000,413.86000000,412.41000000,413.77000000,628.45000000
1780617600000,2026-06-05T00:00:00+00:00,413.81000000,414.15000000,408.75000000,408.90000000,2835.09000000
1780618500000,2026-06-05T00:15:00+00:00,408.90000000,409.57000000,406.50000000,409.28000000,3414.08000000
1780619400000,2026-06-05T00:30:00+00:00,409.32000000,410.33000000,408.55000000,408.98000000,1190.65000000
1780620300000,2026-06-05T00:45:00+00:00,408.98000000,409.83000000,407.07000000,407.79000000,1161.99000000
1780621200000,2026-06-05T01:00:00+00:00,407.78000000,408.02000000,405.21000000,406.98000000,3446.56000000
1780622100000,2026-06-05T01:15:00+00:00,406.99000000,407.88000000,406.37000000,407.53000000,1351.74000000
1780623000000,2026-06-05T01:30:00+00:00,407.53000000,410.90000000,407.53000000,410.81000000,1583.09000000
1780623900000,2026-06-05T01:45:00+00:00,410.81000000,412.44000000,409.69000000,411.75000000,989.50000000
1780624800000,2026-06-05T02:00:00+00:00,411.75000000,412.80000000,411.30000000,412.31000000,1426.24000000
1780625700000,2026-06-05T02:15:00+00:00,412.30000000,414.16000000,411.90000000,413.14000000,774.50000000
1780626600000,2026-06-05T02:30:00+00:00,413.12000000,413.82000000,411.81000000,412.30000000,1413.57000000
1780627500000,2026-06-05T02:45:00+00:00,412.29000000,412.60000000,411.35000000,411.55000000,717.95000000
1780628400000,2026-06-05T03:00:00+00:00,411.49000000,412.07000000,410.90000000,411.77000000,857.70000000
1780629300000,2026-06-05T03:15:00+00:00,411.74000000,412.67000000,411.24000000,411.34000000,611.72000000
1780630200000,2026-06-05T03:30:00+00:00,411.40000000,411.56000000,410.59000000,410.78000000,1074.47000000
1780631100000,2026-06-05T03:45:00+00:00,410.75000000,411.80000000,410.66000000,411.50000000,390.51000000
1780632000000,2026-06-05T04:00:00+00:00,411.46000000,412.08000000,411.00000000,411.65000000,346.19000000
1780632900000,2026-06-05T04:15:00+00:00,411.67000000,412.82000000,411.37000000,412.55000000,446.41000000
1780633800000,2026-06-05T04:30:00+00:00,412.55000000,412.93000000,411.55000000,412.34000000,275.14000000
1780634700000,2026-06-05T04:45:00+00:00,412.37000000,413.24000000,411.60000000,413.09000000,501.98000000
1780635600000,2026-06-05T05:00:00+00:00,413.04000000,413.33000000,412.32000000,412.47000000,386.50000000
1780636500000,2026-06-05T05:15:00+00:00,412.47000000,413.33000000,412.40000000,412.76000000,387.10000000
1780637400000,2026-06-05T05:30:00+00:00,412.76000000,413.19000000,412.14000000,412.22000000,283.35000000
1780638300000,2026-06-05T05:45:00+00:00,412.18000000,412.31000000,410.85000000,410.99000000,343.05000000
1780639200000,2026-06-05T06:00:00+00:00,410.95000000,411.55000000,410.13000000,410.32000000,1381.26000000
1780640100000,2026-06-05T06:15:00+00:00,410.37000000,410.74000000,408.02000000,408.84000000,7420.31000000
1780641000000,2026-06-05T06:30:00+00:00,408.81000000,409.38000000,408.14000000,408.68000000,2031.95000000
1780641900000,2026-06-05T06:45:00+00:00,408.71000000,410.32000000,408.69000000,409.83000000,815.75000000
1780642800000,2026-06-05T07:00:00+00:00,409.81000000,409.89000000,408.53000000,408.87000000,698.35000000
1780643700000,2026-06-05T07:15:00+00:00,408.86000000,409.52000000,408.00000000,409.42000000,723.54000000
1780644600000,2026-06-05T07:30:00+00:00,409.47000000,410.94000000,409.33000000,410.64000000,711.37000000
1780645500000,2026-06-05T07:45:00+00:00,410.67000000,411.16000000,409.92000000,411.08000000,529.75000000
1780646400000,2026-06-05T08:00:00+00:00,411.12000000,412.16000000,410.45000000,410.92000000,1017.85000000
1780647300000,2026-06-05T08:15:00+00:00,410.91000000,413.27000000,410.68000000,413.25000000,757.28000000
1780648200000,2026-06-05T08:30:00+00:00,413.17000000,413.61000000,411.53000000,411.86000000,1166.51000000
1780649100000,2026-06-05T08:45:00+00:00,411.77000000,411.96000000,410.97000000,411.12000000,229.45000000
1780650000000,2026-06-05T09:00:00+00:00,411.13000000,413.46000000,410.97000000,413.05000000,939.34000000
1780650900000,2026-06-05T09:15:00+00:00,413.07000000,413.39000000,412.16000000,412.23000000,449.79000000
1780651800000,2026-06-05T09:30:00+00:00,412.32000000,412.64000000,411.86000000,412.25000000,406.00000000
1780652700000,2026-06-05T09:45:00+00:00,412.32000000,413.26000000,412.27000000,412.76000000,513.52000000
1780653600000,2026-06-05T10:00:00+00:00,412.79000000,413.13000000,412.37000000,412.60000000,156.49000000
1780654500000,2026-06-05T10:15:00+00:00,412.57000000,415.57000000,412.30000000,414.92000000,1288.19000000
1780655400000,2026-06-05T10:30:00+00:00,414.91000000,415.46000000,414.08000000,414.52000000,940.46000000
1780656300000,2026-06-05T10:45:00+00:00,414.63000000,414.68000000,413.30000000,413.63000000,435.57000000
1780657200000,2026-06-05T11:00:00+00:00,413.59000000,414.30000000,413.20000000,413.40000000,327.94000000
1780658100000,2026-06-05T11:15:00+00:00,413.41000000,413.53000000,411.85000000,412.32000000,862.29000000
1780659000000,2026-06-05T11:30:00+00:00,412.26000000,413.24000000,411.83000000,412.43000000,548.30000000
1780659900000,2026-06-05T11:45:00+00:00,412.40000000,412.60000000,411.53000000,411.56000000,382.94000000
1780660800000,2026-06-05T12:00:00+00:00,411.59000000,411.76000000,410.16000000,410.72000000,611.48000000
1780661700000,2026-06-05T12:15:00+00:00,410.73000000,411.89000000,410.70000000,411.35000000,471.33000000
1780662600000,2026-06-05T12:30:00+00:00,411.40000000,412.59000000,409.75000000,411.69000000,963.89000000
1780663500000,2026-06-05T12:45:00+00:00,411.71000000,412.36000000,410.10000000,410.23000000,462.11000000
1780664400000,2026-06-05T13:00:00+00:00,410.20000000,410.20000000,408.22000000,408.58000000,857.75000000
1780665300000,2026-06-05T13:15:00+00:00,408.59000000,411.23000000,407.67000000,407.96000000,2147.25000000
1780666200000,2026-06-05T13:30:00+00:00,407.89000000,410.66000000,400.14000000,401.50000000,11244.08000000
1780667100000,2026-06-05T13:45:00+00:00,401.45000000,404.59000000,400.28000000,401.81000000,5259.67000000
1780668000000,2026-06-05T14:00:00+00:00,401.90000000,404.82000000,396.96000000,399.43000000,7759.95000000
1780668900000,2026-06-05T14:15:00+00:00,399.50000000,402.82000000,398.40000000,400.19000000,2547.60000000
1780669800000,2026-06-05T14:30:00+00:00,400.11000000,403.05000000,399.15000000,400.65000000,3587.70000000
1780670700000,2026-06-05T14:45:00+00:00,400.68000000,401.97000000,398.82000000,400.92000000,2340.73000000
1780671600000,2026-06-05T15:00:00+00:00,400.90000000,401.22000000,398.35000000,398.82000000,1650.64000000
1780672500000,2026-06-05T15:15:00+00:00,398.82000000,399.35000000,396.90000000,398.36000000,2731.87000000
1780673400000,2026-06-05T15:30:00+00:00,398.35000000,398.61000000,394.49000000,395.48000000,6726.65000000
1780674300000,2026-06-05T15:45:00+00:00,395.49000000,396.37000000,394.84000000,395.26000000,5597.64000000
1780675200000,2026-06-05T16:00:00+00:00,395.33000000,395.45000000,393.28000000,393.72000000,2722.26000000
1780676100000,2026-06-05T16:15:00+00:00,393.60000000,394.68000000,391.65000000,394.06000000,3309.83000000
1780677000000,2026-06-05T16:30:00+00:00,394.07000000,394.40000000,392.52000000,392.86000000,2333.86000000
1780677900000,2026-06-05T16:45:00+00:00,392.85000000,395.72000000,391.78000000,395.13000000,2548.00000000
1780678800000,2026-06-05T17:00:00+00:00,395.16000000,395.33000000,393.59000000,394.62000000,2493.09000000
1780679700000,2026-06-05T17:15:00+00:00,394.55000000,397.36000000,394.32000000,395.80000000,1985.49000000
1780680600000,2026-06-05T17:30:00+00:00,395.74000000,397.64000000,395.18000000,396.16000000,1096.96000000
1780681500000,2026-06-05T17:45:00+00:00,396.14000000,396.36000000,394.33000000,394.85000000,917.44000000
1780682400000,2026-06-05T18:00:00+00:00,394.77000000,395.00000000,390.30000000,390.50000000,2910.55000000
1780683300000,2026-06-05T18:15:00+00:00,390.54000000,391.43000000,389.27000000,390.75000000,4047.37000000
1780684200000,2026-06-05T18:30:00+00:00,390.68000000,391.34000000,388.23000000,389.29000000,3788.05000000
1780685100000,2026-06-05T18:45:00+00:00,389.23000000,389.41000000,386.46000000,388.85000000,5425.59000000
1780686000000,2026-06-05T19:00:00+00:00,388.84000000,389.55000000,386.73000000,387.45000000,2257.69000000
1780686900000,2026-06-05T19:15:00+00:00,387.43000000,389.59000000,386.40000000,389.59000000,1870.53000000
1780687800000,2026-06-05T19:30:00+00:00,389.60000000,390.72000000,387.82000000,389.77000000,1914.18000000
1780688700000,2026-06-05T19:45:00+00:00,389.78000000,390.91000000,385.90000000,385.90000000,2321.96000000
1780689600000,2026-06-05T20:00:00+00:00,385.90000000,387.44000000,384.16000000,384.74000000,3711.15000000
1780690500000,2026-06-05T20:15:00+00:00,384.80000000,386.23000000,383.82000000,385.92000000,1681.81000000
1780691400000,2026-06-05T20:30:00+00:00,385.99000000,386.05000000,384.43000000,385.88000000,1956.52000000
1780692300000,2026-06-05T20:45:00+00:00,385.92000000,386.19000000,384.66000000,386.19000000,727.37000000
1780693200000,2026-06-05T21:00:00+00:00,386.15000000,386.57000000,385.44000000,386.41000000,318.30000000
1780694100000,2026-06-05T21:15:00+00:00,386.47000000,388.72000000,386.31000000,387.74000000,1117.01000000
1780695000000,2026-06-05T21:30:00+00:00,387.68000000,387.85000000,386.47000000,387.20000000,438.43000000
1780695900000,2026-06-05T21:45:00+00:00,387.20000000,388.40000000,387.14000000,388.25000000,383.28000000
1780696800000,2026-06-05T22:00:00+00:00,388.24000000,388.88000000,386.57000000,386.59000000,985.72000000
1780697700000,2026-06-05T22:15:00+00:00,386.61000000,387.01000000,385.45000000,386.64000000,579.14000000
1780698600000,2026-06-05T22:30:00+00:00,386.64000000,387.06000000,385.19000000,385.50000000,430.33000000
1780699500000,2026-06-05T22:45:00+00:00,385.44000000,386.16000000,384.94000000,385.91000000,723.17000000
1780700400000,2026-06-05T23:00:00+00:00,385.93000000,387.10000000,385.40000000,387.01000000,473.38000000
1780701300000,2026-06-05T23:15:00+00:00,387.03000000,387.13000000,386.14000000,386.24000000,296.45000000
1780702200000,2026-06-05T23:30:00+00:00,386.25000000,386.33000000,384.88000000,385.32000000,483.29000000
1780703100000,2026-06-05T23:45:00+00:00,385.30000000,385.55000000,384.73000000,385.03000000,374.43000000
1780704000000,2026-06-06T00:00:00+00:00,385.00000000,388.20000000,382.67000000,387.62000000,4373.56000000
1780704900000,2026-06-06T00:15:00+00:00,387.64000000,388.55000000,387.17000000,387.60000000,2239.68000000
1780705800000,2026-06-06T00:30:00+00:00,387.68000000,387.91000000,387.20000000,387.57000000,232.47000000
1780706700000,2026-06-06T00:45:00+00:00,387.58000000,387.83000000,387.32000000,387.77000000,84.31000000
1780707600000,2026-06-06T01:00:00+00:00,387.80000000,388.83000000,387.49000000,387.90000000,491.49000000
1780708500000,2026-06-06T01:15:00+00:00,387.88000000,388.00000000,385.74000000,386.52000000,2267.82000000
1780709400000,2026-06-06T01:30:00+00:00,386.55000000,386.60000000,382.42000000,383.03000000,1031.35000000
1780710300000,2026-06-06T01:45:00+00:00,382.96000000,383.42000000,380.00000000,380.03000000,2889.95000000
1780711200000,2026-06-06T02:00:00+00:00,380.01000000,380.43000000,380.00000000,380.14000000,1521.83000000
1780712100000,2026-06-06T02:15:00+00:00,380.15000000,380.15000000,353.66000000,359.06000000,15702.69000000
1780713000000,2026-06-06T02:30:00+00:00,359.02000000,360.74000000,352.19000000,358.00000000,5080.20000000
1780713900000,2026-06-06T02:45:00+00:00,357.99000000,364.11000000,357.01000000,363.54000000,2463.77000000
1780714800000,2026-06-06T03:00:00+00:00,363.54000000,368.00000000,363.14000000,364.91000000,1864.27000000
1780715700000,2026-06-06T03:15:00+00:00,365.00000000,370.18000000,364.97000000,367.69000000,2135.29000000
1780716600000,2026-06-06T03:30:00+00:00,367.68000000,372.42000000,367.60000000,372.40000000,2264.39000000
1780717500000,2026-06-06T03:45:00+00:00,372.24000000,373.91000000,370.91000000,372.26000000,1535.47000000
1780718400000,2026-06-06T04:00:00+00:00,372.28000000,373.60000000,372.11000000,373.36000000,359.77000000
1780719300000,2026-06-06T04:15:00+00:00,373.42000000,373.48000000,370.26000000,370.60000000,756.96000000
1780720200000,2026-06-06T04:30:00+00:00,370.62000000,371.02000000,368.43000000,369.00000000,825.75000000
1780721100000,2026-06-06T04:45:00+00:00,369.01000000,369.91000000,368.01000000,369.00000000,687.69000000
1780722000000,2026-06-06T05:00:00+00:00,369.01000000,370.84000000,367.97000000,370.76000000,518.56000000
1780722900000,2026-06-06T05:15:00+00:00,370.85000000,372.25000000,369.63000000,369.76000000,836.80000000
1780723800000,2026-06-06T05:30:00+00:00,369.76000000,371.66000000,369.19000000,371.03000000,538.75000000
1780724700000,2026-06-06T05:45:00+00:00,370.94000000,373.47000000,370.90000000,372.90000000,851.69000000
1780725600000,2026-06-06T06:00:00+00:00,372.90000000,373.54000000,372.65000000,373.27000000,353.82000000
1780726500000,2026-06-06T06:15:00+00:00,373.27000000,373.89000000,369.21000000,372.96000000,1182.65000000
1780727400000,2026-06-06T06:30:00+00:00,372.93000000,374.39000000,371.71000000,371.72000000,433.79000000
1780728300000,2026-06-06T06:45:00+00:00,371.73000000,372.57000000,370.08000000,370.90000000,230.69000000
1780729200000,2026-06-06T07:00:00+00:00,370.85000000,371.60000000,369.45000000,370.88000000,282.90000000
1780730100000,2026-06-06T07:15:00+00:00,370.88000000,372.00000000,370.48000000,371.52000000,429.76000000
1780731000000,2026-06-06T07:30:00+00:00,371.70000000,372.72000000,369.01000000,371.32000000,1179.57000000
1780731900000,2026-06-06T07:45:00+00:00,371.32000000,372.53000000,371.30000000,372.47000000,122.95000000
1780732800000,2026-06-06T08:00:00+00:00,372.37000000,372.37000000,371.05000000,371.20000000,170.53000000
1780733700000,2026-06-06T08:15:00+00:00,371.20000000,371.72000000,371.07000000,371.49000000,152.30000000
1780734600000,2026-06-06T08:30:00+00:00,371.48000000,372.60000000,370.85000000,372.14000000,326.64000000
1780735500000,2026-06-06T08:45:00+00:00,372.14000000,372.57000000,371.81000000,372.32000000,115.42000000
1780736400000,2026-06-06T09:00:00+00:00,372.32000000,373.88000000,372.25000000,373.81000000,185.80000000
1780737300000,2026-06-06T09:15:00+00:00,373.88000000,374.05000000,372.55000000,372.66000000,682.62000000
1780738200000,2026-06-06T09:30:00+00:00,372.67000000,374.23000000,371.32000000,373.61000000,443.26000000
1780739100000,2026-06-06T09:45:00+00:00,373.61000000,374.17000000,372.19000000,372.40000000,225.46000000
1780740000000,2026-06-06T10:00:00+00:00,372.41000000,372.41000000,370.50000000,370.70000000,227.47000000
1780740900000,2026-06-06T10:15:00+00:00,370.71000000,370.94000000,370.01000000,370.42000000,182.80000000
1780741800000,2026-06-06T10:30:00+00:00,370.43000000,370.85000000,369.46000000,370.11000000,289.48000000
1780742700000,2026-06-06T10:45:00+00:00,370.22000000,370.80000000,369.74000000,370.54000000,93.26000000
1780743600000,2026-06-06T11:00:00+00:00,370.60000000,372.13000000,370.45000000,372.04000000,138.23000000
1780744500000,2026-06-06T11:15:00+00:00,372.04000000,373.00000000,371.53000000,372.55000000,218.88000000
1780745400000,2026-06-06T11:30:00+00:00,372.65000000,373.29000000,371.36000000,371.39000000,360.20000000
1780746300000,2026-06-06T11:45:00+00:00,371.51000000,372.64000000,370.60000000,371.62000000,248.68000000
1780747200000,2026-06-06T12:00:00+00:00,371.62000000,375.30000000,371.25000000,374.80000000,321.02000000
1780748100000,2026-06-06T12:15:00+00:00,374.80000000,375.85000000,374.52000000,375.32000000,395.49000000
1780749000000,2026-06-06T12:30:00+00:00,375.32000000,376.46000000,374.08000000,375.60000000,551.65000000
1780749900000,2026-06-06T12:45:00+00:00,375.56000000,376.72000000,375.21000000,376.40000000,183.67000000
1780750800000,2026-06-06T13:00:00+00:00,376.42000000,377.00000000,375.64000000,375.68000000,55.33000000
1780751700000,2026-06-06T13:15:00+00:00,375.67000000,375.85000000,374.44000000,374.45000000,393.69000000
1780752600000,2026-06-06T13:30:00+00:00,374.45000000,375.00000000,373.46000000,373.58000000,304.69000000
1780753500000,2026-06-06T13:45:00+00:00,373.62000000,373.86000000,372.80000000,373.71000000,223.66000000
1780754400000,2026-06-06T14:00:00+00:00,373.64000000,373.91000000,373.37000000,373.76000000,96.18000000
1780755300000,2026-06-06T14:15:00+00:00,373.73000000,373.98000000,373.39000000,373.48000000,110.79000000
1780756200000,2026-06-06T14:30:00+00:00,373.41000000,373.63000000,372.14000000,373.44000000,194.85000000
1780757100000,2026-06-06T14:45:00+00:00,373.38000000,373.95000000,373.08000000,373.50000000,124.59000000
1780758000000,2026-06-06T15:00:00+00:00,373.48000000,374.03000000,373.48000000,373.82000000,135.90000000
1780758900000,2026-06-06T15:15:00+00:00,373.82000000,375.51000000,373.75000000,374.23000000,782.55000000
1780759800000,2026-06-06T15:30:00+00:00,374.31000000,374.74000000,374.06000000,374.21000000,77.69000000
1780760700000,2026-06-06T15:45:00+00:00,374.26000000,375.12000000,374.13000000,374.56000000,81.32000000
1780761600000,2026-06-06T16:00:00+00:00,374.61000000,374.75000000,374.05000000,374.64000000,133.85000000
1780762500000,2026-06-06T16:15:00+00:00,374.56000000,374.99000000,374.38000000,374.73000000,31.59000000
1780763400000,2026-06-06T16:30:00+00:00,374.66000000,375.07000000,374.33000000,374.99000000,65.44000000
1780764300000,2026-06-06T16:45:00+00:00,375.06000000,375.70000000,374.84000000,375.48000000,152.50000000
1780765200000,2026-06-06T17:00:00+00:00,375.48000000,375.76000000,375.41000000,375.65000000,80.76000000
1780766100000,2026-06-06T17:15:00+00:00,375.69000000,375.87000000,375.09000000,375.32000000,115.52000000
1780767000000,2026-06-06T17:30:00+00:00,375.35000000,375.53000000,375.08000000,375.10000000,70.38000000
1780767900000,2026-06-06T17:45:00+00:00,375.11000000,375.31000000,374.77000000,374.79000000,59.62000000
1780768800000,2026-06-06T18:00:00+00:00,374.86000000,374.92000000,374.57000000,374.69000000,37.41000000
1780769700000,2026-06-06T18:15:00+00:00,374.73000000,375.10000000,374.61000000,375.01000000,61.27000000
1780770600000,2026-06-06T18:30:00+00:00,374.98000000,375.03000000,374.51000000,374.86000000,27.27000000
1780771500000,2026-06-06T18:45:00+00:00,374.84000000,375.12000000,374.66000000,374.84000000,22.84000000
1780772400000,2026-06-06T19:00:00+00:00,374.80000000,375.18000000,374.56000000,375.12000000,49.71000000
1780773300000,2026-06-06T19:15:00+00:00,375.14000000,375.70000000,374.98000000,375.67000000,251.69000000
1780774200000,2026-06-06T19:30:00+00:00,375.68000000,376.22000000,375.61000000,376.10000000,168.67000000
1780775100000,2026-06-06T19:45:00+00:00,376.04000000,376.89000000,376.00000000,376.87000000,89.99000000
1780776000000,2026-06-06T20:00:00+00:00,376.84000000,377.00000000,376.45000000,376.94000000,166.55000000
1780776900000,2026-06-06T20:15:00+00:00,376.85000000,377.00000000,376.77000000,376.80000000,68.84000000
1780777800000,2026-06-06T20:30:00+00:00,376.80000000,377.33000000,376.69000000,377.33000000,245.89000000
1780778700000,2026-06-06T20:45:00+00:00,377.33000000,377.58000000,376.98000000,377.24000000,99.45000000
1780779600000,2026-06-06T21:00:00+00:00,377.21000000,377.66000000,377.15000000,377.45000000,65.19000000
1780780500000,2026-06-06T21:15:00+00:00,377.44000000,377.69000000,377.28000000,377.39000000,49.88000000
1780781400000,2026-06-06T21:30:00+00:00,377.44000000,377.68000000,376.66000000,376.72000000,72.04000000
1780782300000,2026-06-06T21:45:00+00:00,376.64000000,376.71000000,375.55000000,375.66000000,77.21000000
1780783200000,2026-06-06T22:00:00+00:00,375.60000000,375.80000000,375.16000000,375.34000000,102.82000000
1780784100000,2026-06-06T22:15:00+00:00,375.25000000,375.42000000,375.05000000,375.12000000,49.72000000
1780785000000,2026-06-06T22:30:00+00:00,375.16000000,376.04000000,375.16000000,375.86000000,30.67000000
1780785900000,2026-06-06T22:45:00+00:00,375.88000000,376.64000000,375.88000000,376.31000000,44.40000000
1780786800000,2026-06-06T23:00:00+00:00,376.29000000,377.09000000,376.00000000,376.96000000,70.25000000
1780787700000,2026-06-06T23:15:00+00:00,376.99000000,377.58000000,376.69000000,377.46000000,62.65000000
1780788600000,2026-06-06T23:30:00+00:00,377.39000000,378.13000000,376.80000000,378.00000000,172.06000000
1780789500000,2026-06-06T23:45:00+00:00,378.07000000,378.71000000,377.67000000,378.64000000,137.56000000
1780790400000,2026-06-07T00:00:00+00:00,378.66000000,378.79000000,377.05000000,377.05000000,184.35000000
1780791300000,2026-06-07T00:15:00+00:00,377.05000000,377.47000000,376.52000000,376.88000000,152.20000000
1780792200000,2026-06-07T00:30:00+00:00,376.92000000,378.08000000,376.71000000,378.00000000,246.36000000
1780793100000,2026-06-07T00:45:00+00:00,378.02000000,378.40000000,377.85000000,378.22000000,65.36000000
1780794000000,2026-06-07T01:00:00+00:00,378.27000000,378.78000000,378.08000000,378.65000000,99.53000000
1780794900000,2026-06-07T01:15:00+00:00,378.62000000,379.91000000,378.59000000,379.68000000,268.22000000
1780795800000,2026-06-07T01:30:00+00:00,379.64000000,379.75000000,379.03000000,379.33000000,67.67000000
1780796700000,2026-06-07T01:45:00+00:00,379.29000000,379.58000000,379.21000000,379.42000000,37.15000000
1780797600000,2026-06-07T02:00:00+00:00,379.38000000,379.90000000,379.35000000,379.79000000,67.01000000
1780798500000,2026-06-07T02:15:00+00:00,379.77000000,379.92000000,379.27000000,379.37000000,107.72000000
1780799400000,2026-06-07T02:30:00+00:00,379.39000000,379.80000000,379.18000000,379.78000000,87.72000000
1780800300000,2026-06-07T02:45:00+00:00,379.76000000,379.91000000,379.72000000,379.75000000,53.62000000
1780801200000,2026-06-07T03:00:00+00:00,379.74000000,379.93000000,379.30000000,379.79000000,159.39000000
1780802100000,2026-06-07T03:15:00+00:00,379.79000000,380.00000000,379.60000000,379.82000000,63.17000000
1780803000000,2026-06-07T03:30:00+00:00,379.82000000,380.00000000,379.69000000,379.90000000,254.63000000
1780803900000,2026-06-07T03:45:00+00:00,379.90000000,380.00000000,379.78000000,379.87000000,144.72000000
1780804800000,2026-06-07T04:00:00+00:00,379.85000000,381.79000000,379.74000000,381.22000000,444.01000000
1780805700000,2026-06-07T04:15:00+00:00,381.15000000,382.18000000,381.07000000,381.57000000,197.80000000
1780806600000,2026-06-07T04:30:00+00:00,381.67000000,382.44000000,381.67000000,382.29000000,164.75000000
1780807500000,2026-06-07T04:45:00+00:00,382.24000000,383.19000000,382.14000000,383.14000000,333.65000000
1780808400000,2026-06-07T05:00:00+00:00,383.14000000,384.36000000,383.01000000,383.82000000,234.52000000
1780809300000,2026-06-07T05:15:00+00:00,383.91000000,385.04000000,383.83000000,384.65000000,230.98000000
1780810200000,2026-06-07T05:30:00+00:00,384.70000000,384.75000000,382.88000000,383.34000000,204.14000000
1780811100000,2026-06-07T05:45:00+00:00,383.38000000,384.39000000,383.33000000,384.05000000,108.30000000
1780812000000,2026-06-07T06:00:00+00:00,384.05000000,384.63000000,383.02000000,384.63000000,325.10000000
1780812900000,2026-06-07T06:15:00+00:00,384.65000000,385.44000000,384.65000000,385.23000000,232.40000000
1780813800000,2026-06-07T06:30:00+00:00,385.25000000,385.65000000,384.52000000,385.39000000,371.37000000
1780814700000,2026-06-07T06:45:00+00:00,385.39000000,385.58000000,384.73000000,385.08000000,117.68000000
1780815600000,2026-06-07T07:00:00+00:00,385.05000000,385.29000000,384.24000000,384.76000000,121.63000000
1780816500000,2026-06-07T07:15:00+00:00,384.79000000,384.88000000,384.21000000,384.78000000,176.47000000
1780817400000,2026-06-07T07:30:00+00:00,384.75000000,384.87000000,384.19000000,384.33000000,95.34000000
1780818300000,2026-06-07T07:45:00+00:00,384.36000000,384.92000000,383.59000000,384.19000000,202.94000000
1780819200000,2026-06-07T08:00:00+00:00,384.19000000,384.22000000,382.91000000,383.32000000,188.81000000
1780820100000,2026-06-07T08:15:00+00:00,383.32000000,384.21000000,383.00000000,383.69000000,240.47000000
1780821000000,2026-06-07T08:30:00+00:00,383.72000000,383.92000000,383.00000000,383.05000000,91.27000000
1780821900000,2026-06-07T08:45:00+00:00,383.04000000,384.57000000,382.84000000,384.36000000,400.84000000
1780822800000,2026-06-07T09:00:00+00:00,384.35000000,384.97000000,384.05000000,384.80000000,268.61000000
1780823700000,2026-06-07T09:15:00+00:00,384.84000000,384.96000000,383.53000000,384.04000000,243.09000000
1780824600000,2026-06-07T09:30:00+00:00,384.04000000,384.31000000,383.17000000,383.58000000,300.40000000
1780825500000,2026-06-07T09:45:00+00:00,383.59000000,383.75000000,381.70000000,382.06000000,385.59000000
1780826400000,2026-06-07T10:00:00+00:00,382.08000000,382.20000000,380.08000000,380.08000000,469.41000000
1780827300000,2026-06-07T10:15:00+00:00,380.07000000,381.45000000,380.07000000,381.05000000,164.87000000
1780828200000,2026-06-07T10:30:00+00:00,381.05000000,381.25000000,380.57000000,380.96000000,136.08000000
1780829100000,2026-06-07T10:45:00+00:00,380.93000000,381.42000000,380.62000000,381.08000000,106.88000000
1780830000000,2026-06-07T11:00:00+00:00,381.08000000,381.71000000,380.62000000,381.68000000,200.06000000
1780830900000,2026-06-07T11:15:00+00:00,381.69000000,381.69000000,379.65000000,380.03000000,270.61000000
1780831800000,2026-06-07T11:30:00+00:00,380.00000000,380.74000000,379.49000000,380.31000000,256.47000000
1780832700000,2026-06-07T11:45:00+00:00,380.36000000,381.11000000,379.76000000,379.96000000,208.99000000
1780833600000,2026-06-07T12:00:00+00:00,379.97000000,380.31000000,378.99000000,379.19000000,407.58000000
1780834500000,2026-06-07T12:15:00+00:00,379.18000000,379.73000000,378.69000000,379.15000000,215.85000000
1780835400000,2026-06-07T12:30:00+00:00,379.19000000,380.90000000,378.66000000,380.59000000,502.71000000
1780836300000,2026-06-07T12:45:00+00:00,380.59000000,381.74000000,380.42000000,380.61000000,203.45000000
1780837200000,2026-06-07T13:00:00+00:00,380.60000000,381.15000000,380.08000000,380.65000000,91.40000000
1780838100000,2026-06-07T13:15:00+00:00,380.70000000,381.15000000,380.25000000,380.97000000,108.23000000
1780839000000,2026-06-07T13:30:00+00:00,380.96000000,381.41000000,380.54000000,381.18000000,335.78000000
1780839900000,2026-06-07T13:45:00+00:00,381.22000000,384.00000000,381.22000000,383.46000000,746.92000000
1780840800000,2026-06-07T14:00:00+00:00,383.42000000,384.77000000,382.59000000,384.37000000,209.02000000
1780841700000,2026-06-07T14:15:00+00:00,384.33000000,386.19000000,383.92000000,385.28000000,543.48000000
1780842600000,2026-06-07T14:30:00+00:00,385.23000000,386.15000000,384.00000000,384.80000000,890.81000000
1780843500000,2026-06-07T14:45:00+00:00,384.83000000,385.09000000,384.00000000,384.57000000,202.13000000
1780844400000,2026-06-07T15:00:00+00:00,384.52000000,385.11000000,384.00000000,385.01000000,115.07000000
1780845300000,2026-06-07T15:15:00+00:00,385.10000000,385.37000000,384.65000000,384.94000000,119.61000000
1780846200000,2026-06-07T15:30:00+00:00,385.01000000,385.68000000,384.87000000,385.14000000,88.78000000
1780847100000,2026-06-07T15:45:00+00:00,385.15000000,385.22000000,384.13000000,384.67000000,101.24000000
1780848000000,2026-06-07T16:00:00+00:00,384.61000000,385.14000000,384.00000000,384.96000000,212.92000000
1780848900000,2026-06-07T16:15:00+00:00,384.98000000,385.05000000,384.19000000,384.19000000,64.00000000
1780849800000,2026-06-07T16:30:00+00:00,384.17000000,385.11000000,384.09000000,384.80000000,73.57000000
1780850700000,2026-06-07T16:45:00+00:00,384.80000000,385.54000000,384.72000000,385.05000000,88.32000000
1780851600000,2026-06-07T17:00:00+00:00,385.08000000,386.16000000,385.01000000,385.94000000,50.88000000
1780852500000,2026-06-07T17:15:00+00:00,385.94000000,385.98000000,385.00000000,385.43000000,111.01000000
1780853400000,2026-06-07T17:30:00+00:00,385.38000000,386.14000000,385.28000000,385.66000000,137.46000000
1780854300000,2026-06-07T17:45:00+00:00,385.66000000,385.86000000,384.56000000,384.61000000,139.83000000
1780855200000,2026-06-07T18:00:00+00:00,384.55000000,384.65000000,383.28000000,384.30000000,545.29000000
1780856100000,2026-06-07T18:15:00+00:00,384.29000000,384.29000000,383.45000000,383.94000000,38.72000000
1780857000000,2026-06-07T18:30:00+00:00,383.95000000,384.01000000,383.40000000,383.59000000,47.63000000
1780857900000,2026-06-07T18:45:00+00:00,383.61000000,383.72000000,382.26000000,382.32000000,83.99000000
1780858800000,2026-06-07T19:00:00+00:00,382.33000000,382.33000000,381.14000000,381.38000000,179.05000000
1780859700000,2026-06-07T19:15:00+00:00,381.36000000,381.47000000,378.15000000,379.28000000,529.00000000
1780860600000,2026-06-07T19:30:00+00:00,379.17000000,379.17000000,377.62000000,377.62000000,93.56000000
1780861500000,2026-06-07T19:45:00+00:00,377.74000000,377.85000000,376.00000000,377.16000000,437.79000000
1780862400000,2026-06-07T20:00:00+00:00,377.08000000,380.74000000,377.08000000,379.92000000,184.38000000
1780863300000,2026-06-07T20:15:00+00:00,379.90000000,381.16000000,379.59000000,380.20000000,121.15000000
1780864200000,2026-06-07T20:30:00+00:00,380.23000000,380.95000000,379.90000000,379.90000000,88.37000000
1780865100000,2026-06-07T20:45:00+00:00,380.05000000,381.24000000,380.05000000,381.08000000,33.65000000
1780866000000,2026-06-07T21:00:00+00:00,381.08000000,381.67000000,380.25000000,381.35000000,190.06000000
1780866900000,2026-06-07T21:15:00+00:00,381.40000000,382.48000000,380.83000000,381.69000000,84.26000000
1780867800000,2026-06-07T21:30:00+00:00,381.73000000,382.05000000,380.20000000,381.65000000,269.56000000
1780868700000,2026-06-07T21:45:00+00:00,381.53000000,385.94000000,381.06000000,384.39000000,229.26000000
1780869600000,2026-06-07T22:00:00+00:00,384.45000000,385.50000000,383.01000000,385.39000000,338.70000000
1780870500000,2026-06-07T22:15:00+00:00,385.43000000,385.82000000,384.35000000,384.82000000,385.37000000
1780871400000,2026-06-07T22:30:00+00:00,384.89000000,385.16000000,383.10000000,383.75000000,677.24000000
1780872300000,2026-06-07T22:45:00+00:00,383.87000000,384.49000000,380.50000000,381.16000000,651.35000000
1780873200000,2026-06-07T23:00:00+00:00,381.28000000,382.77000000,381.02000000,382.77000000,292.45000000
1780874100000,2026-06-07T23:15:00+00:00,382.80000000,383.07000000,381.26000000,382.00000000,249.50000000
1780875000000,2026-06-07T23:30:00+00:00,381.93000000,383.03000000,381.50000000,383.01000000,146.94000000
1780875900000,2026-06-07T23:45:00+00:00,382.96000000,383.93000000,382.55000000,383.26000000,194.68000000
1780876800000,2026-06-08T00:00:00+00:00,383.23000000,392.20000000,383.23000000,392.01000000,2682.96000000
1780877700000,2026-06-08T00:15:00+00:00,392.01000000,393.36000000,390.95000000,392.70000000,437.21000000
1780878600000,2026-06-08T00:30:00+00:00,392.78000000,394.12000000,392.29000000,393.09000000,660.15000000
1780879500000,2026-06-08T00:45:00+00:00,393.09000000,393.20000000,390.04000000,391.75000000,592.20000000
1780880400000,2026-06-08T01:00:00+00:00,391.68000000,392.27000000,389.04000000,389.04000000,517.90000000
1780881300000,2026-06-08T01:15:00+00:00,389.05000000,389.62000000,385.95000000,386.47000000,1829.79000000
1780882200000,2026-06-08T01:30:00+00:00,386.42000000,388.83000000,385.28000000,388.10000000,868.72000000
1780883100000,2026-06-08T01:45:00+00:00,388.10000000,388.77000000,387.21000000,388.10000000,433.89000000
1780884000000,2026-06-08T02:00:00+00:00,388.18000000,388.91000000,386.79000000,387.68000000,458.30000000
1780884900000,2026-06-08T02:15:00+00:00,387.75000000,389.85000000,387.04000000,389.49000000,537.26000000
1780885800000,2026-06-08T02:30:00+00:00,389.48000000,391.53000000,388.30000000,391.20000000,1051.92000000
1780886700000,2026-06-08T02:45:00+00:00,391.23000000,392.60000000,391.22000000,391.54000000,509.77000000
1780887600000,2026-06-08T03:00:00+00:00,391.54000000,392.73000000,391.44000000,391.60000000,345.00000000
1780888500000,2026-06-08T03:15:00+00:00,391.64000000,392.71000000,390.82000000,392.18000000,334.23000000
1780889400000,2026-06-08T03:30:00+00:00,392.14000000,392.54000000,391.36000000,392.08000000,149.95000000
1780890300000,2026-06-08T03:45:00+00:00,392.03000000,392.16000000,391.85000000,391.95000000,828.11000000
1780891200000,2026-06-08T04:00:00+00:00,392.03000000,392.22000000,390.35000000,390.66000000,298.70000000
1780892100000,2026-06-08T04:15:00+00:00,390.64000000,391.41000000,389.33000000,390.15000000,393.55000000
1780893000000,2026-06-08T04:30:00+00:00,390.20000000,390.33000000,388.71000000,388.71000000,186.02000000
1780893900000,2026-06-08T04:45:00+00:00,388.80000000,389.95000000,387.70000000,387.91000000,197.07000000
1780894800000,2026-06-08T05:00:00+00:00,387.85000000,389.48000000,387.01000000,387.01000000,176.30000000
1780895700000,2026-06-08T05:15:00+00:00,387.09000000,388.17000000,386.87000000,387.98000000,216.30000000
1780896600000,2026-06-08T05:30:00+00:00,387.96000000,387.96000000,384.89000000,385.35000000,445.23000000
1780897500000,2026-06-08T05:45:00+00:00,385.30000000,385.79000000,383.04000000,384.21000000,492.52000000
1780898400000,2026-06-08T06:00:00+00:00,384.18000000,385.90000000,383.76000000,384.80000000,391.85000000
1780899300000,2026-06-08T06:15:00+00:00,384.75000000,387.80000000,384.09000000,387.55000000,399.81000000
1780900200000,2026-06-08T06:30:00+00:00,387.53000000,387.97000000,385.50000000,386.14000000,433.87000000
1780901100000,2026-06-08T06:45:00+00:00,386.11000000,387.61000000,385.85000000,387.55000000,203.95000000
1780902000000,2026-06-08T07:00:00+00:00,387.65000000,389.45000000,387.05000000,389.17000000,215.63000000
1780902900000,2026-06-08T07:15:00+00:00,389.10000000,390.72000000,388.70000000,390.28000000,226.68000000
1780903800000,2026-06-08T07:30:00+00:00,390.35000000,391.00000000,389.82000000,390.72000000,146.44000000
1780904700000,2026-06-08T07:45:00+00:00,390.73000000,392.01000000,390.37000000,391.67000000,438.69000000
1780905600000,2026-06-08T08:00:00+00:00,391.61000000,393.60000000,390.66000000,391.99000000,870.58000000
1780906500000,2026-06-08T08:15:00+00:00,391.98000000,393.30000000,391.98000000,392.39000000,576.48000000
1780907400000,2026-06-08T08:30:00+00:00,392.40000000,393.19000000,391.85000000,391.93000000,1155.04000000
1780908300000,2026-06-08T08:45:00+00:00,391.96000000,392.14000000,390.28000000,391.08000000,569.67000000
1780909200000,2026-06-08T09:00:00+00:00,391.01000000,391.45000000,390.10000000,391.12000000,251.47000000
1780910100000,2026-06-08T09:15:00+00:00,391.11000000,392.42000000,391.03000000,391.80000000,1117.90000000
1780911000000,2026-06-08T09:30:00+00:00,391.74000000,392.41000000,390.80000000,392.40000000,325.60000000
1780911900000,2026-06-08T09:45:00+00:00,392.33000000,392.79000000,392.11000000,392.61000000,156.98000000
1780912800000,2026-06-08T10:00:00+00:00,392.62000000,392.66000000,390.60000000,390.97000000,431.47000000
1780913700000,2026-06-08T10:15:00+00:00,390.99000000,391.71000000,390.64000000,391.48000000,217.00000000
1780914600000,2026-06-08T10:30:00+00:00,391.52000000,392.75000000,391.47000000,392.71000000,198.88000000
1780915500000,2026-06-08T10:45:00+00:00,392.75000000,395.51000000,392.40000000,394.40000000,588.55000000
1780916400000,2026-06-08T11:00:00+00:00,394.42000000,395.90000000,392.83000000,395.87000000,464.07000000
1780917300000,2026-06-08T11:15:00+00:00,395.90000000,397.27000000,395.84000000,396.92000000,1228.83000000
1780918200000,2026-06-08T11:30:00+00:00,396.96000000,398.00000000,396.80000000,397.50000000,762.97000000
1780919100000,2026-06-08T11:45:00+00:00,397.53000000,397.81000000,396.35000000,397.47000000,457.04000000
1780920000000,2026-06-08T12:00:00+00:00,397.41000000,397.83000000,396.93000000,397.45000000,286.53000000
1780920900000,2026-06-08T12:15:00+00:00,397.41000000,399.29000000,397.24000000,398.55000000,497.40000000
1780921800000,2026-06-08T12:30:00+00:00,398.59000000,399.53000000,397.60000000,399.30000000,348.45000000
1780922700000,2026-06-08T12:45:00+00:00,399.35000000,399.51000000,397.68000000,399.23000000,363.81000000
1780923600000,2026-06-08T13:00:00+00:00,399.17000000,399.92000000,397.74000000,399.27000000,2794.86000000
1780924500000,2026-06-08T13:15:00+00:00,399.27000000,403.32000000,398.37000000,402.48000000,5969.96000000
1780925400000,2026-06-08T13:30:00+00:00,402.51000000,402.96000000,395.40000000,398.76000000,5632.39000000
1780926300000,2026-06-08T13:45:00+00:00,398.69000000,399.32000000,392.19000000,392.32000000,2879.44000000
1780927200000,2026-06-08T14:00:00+00:00,392.29000000,394.86000000,391.36000000,394.21000000,1700.38000000
1780928100000,2026-06-08T14:15:00+00:00,394.24000000,396.04000000,392.92000000,395.53000000,1201.99000000
1780929000000,2026-06-08T14:30:00+00:00,395.49000000,397.83000000,395.24000000,396.59000000,3126.79000000
1780929900000,2026-06-08T14:45:00+00:00,396.66000000,399.52000000,396.66000000,398.10000000,1298.99000000
1780930800000,2026-06-08T15:00:00+00:00,398.15000000,399.43000000,397.62000000,398.95000000,1350.73000000
1780931700000,2026-06-08T15:15:00+00:00,398.92000000,399.42000000,397.49000000,397.81000000,1000.81000000
1780932600000,2026-06-08T15:30:00+00:00,397.80000000,399.21000000,396.75000000,399.20000000,1298.07000000
1780933500000,2026-06-08T15:45:00+00:00,399.14000000,400.00000000,396.74000000,397.01000000,1142.96000000
1780934400000,2026-06-08T16:00:00+00:00,396.98000000,397.74000000,396.51000000,397.39000000,349.76000000
1780935300000,2026-06-08T16:15:00+00:00,397.44000000,398.20000000,395.85000000,396.12000000,630.02000000
1780936200000,2026-06-08T16:30:00+00:00,396.05000000,396.40000000,393.69000000,394.88000000,653.23000000
1780937100000,2026-06-08T16:45:00+00:00,394.92000000,397.30000000,394.73000000,396.37000000,339.89000000
1780938000000,2026-06-08T17:00:00+00:00,396.32000000,396.40000000,394.73000000,395.73000000,460.36000000
1780938900000,2026-06-08T17:15:00+00:00,395.75000000,396.18000000,394.72000000,395.22000000,387.22000000
1780939800000,2026-06-08T17:30:00+00:00,395.29000000,395.38000000,393.14000000,393.76000000,628.61000000
1780940700000,2026-06-08T17:45:00+00:00,393.84000000,394.94000000,393.84000000,394.66000000,316.99000000
1780941600000,2026-06-08T18:00:00+00:00,394.68000000,395.58000000,394.47000000,394.76000000,376.53000000
1780942500000,2026-06-08T18:15:00+00:00,394.82000000,395.31000000,394.56000000,394.97000000,63.97000000
1780943400000,2026-06-08T18:30:00+00:00,394.97000000,396.44000000,394.72000000,394.86000000,285.06000000
1780944300000,2026-06-08T18:45:00+00:00,394.89000000,396.25000000,394.48000000,396.20000000,148.84000000
1780945200000,2026-06-08T19:00:00+00:00,396.24000000,396.33000000,393.57000000,393.69000000,366.43000000
1780946100000,2026-06-08T19:15:00+00:00,393.72000000,395.84000000,393.63000000,395.53000000,394.08000000
1780947000000,2026-06-08T19:30:00+00:00,395.50000000,396.66000000,394.80000000,395.56000000,133.07000000
1780947900000,2026-06-08T19:45:00+00:00,395.53000000,396.99000000,395.19000000,396.84000000,362.12000000
1780948800000,2026-06-08T20:00:00+00:00,396.82000000,397.82000000,396.67000000,396.95000000,165.84000000
1780949700000,2026-06-08T20:15:00+00:00,396.97000000,397.04000000,396.11000000,396.58000000,208.57000000
1780950600000,2026-06-08T20:30:00+00:00,396.60000000,397.04000000,396.53000000,396.88000000,158.65000000
1780951500000,2026-06-08T20:45:00+00:00,396.89000000,396.94000000,396.47000000,396.64000000,18.29000000
1780952400000,2026-06-08T21:00:00+00:00,396.74000000,397.56000000,396.58000000,397.47000000,94.60000000
1780953300000,2026-06-08T21:15:00+00:00,397.45000000,397.89000000,397.36000000,397.76000000,101.10000000
1780954200000,2026-06-08T21:30:00+00:00,397.76000000,397.84000000,397.48000000,397.50000000,25.54000000
1780955100000,2026-06-08T21:45:00+00:00,397.57000000,397.63000000,397.32000000,397.41000000,22.57000000
1780956000000,2026-06-08T22:00:00+00:00,397.48000000,397.66000000,396.05000000,396.32000000,187.57000000
1780956900000,2026-06-08T22:15:00+00:00,396.26000000,396.26000000,395.20000000,395.25000000,447.88000000
1780957800000,2026-06-08T22:30:00+00:00,395.25000000,395.68000000,395.22000000,395.61000000,167.75000000
1780958700000,2026-06-08T22:45:00+00:00,395.64000000,396.64000000,395.43000000,396.43000000,181.23000000
1780959600000,2026-06-08T23:00:00+00:00,396.42000000,397.02000000,395.81000000,396.94000000,50.11000000
1780960500000,2026-06-08T23:15:00+00:00,396.89000000,397.00000000,396.23000000,396.48000000,86.20000000
1780961400000,2026-06-08T23:30:00+00:00,396.44000000,397.21000000,396.33000000,396.69000000,125.24000000
1780962300000,2026-06-08T23:45:00+00:00,396.60000000,396.60000000,395.72000000,396.33000000,176.08000000
1780963200000,2026-06-09T00:00:00+00:00,396.29000000,396.60000000,394.21000000,394.75000000,482.38000000
1780964100000,2026-06-09T00:15:00+00:00,394.85000000,395.11000000,394.01000000,394.80000000,266.64000000
1780965000000,2026-06-09T00:30:00+00:00,394.86000000,395.06000000,393.76000000,394.55000000,214.03000000
1780965900000,2026-06-09T00:45:00+00:00,394.48000000,394.71000000,393.70000000,394.20000000,307.83000000
1780966800000,2026-06-09T01:00:00+00:00,394.20000000,394.60000000,393.61000000,394.44000000,169.01000000
1780967700000,2026-06-09T01:15:00+00:00,394.40000000,396.67000000,394.25000000,396.15000000,355.32000000
1780968600000,2026-06-09T01:30:00+00:00,396.20000000,397.71000000,395.66000000,396.95000000,230.51000000
1780969500000,2026-06-09T01:45:00+00:00,396.99000000,397.91000000,395.73000000,396.07000000,205.05000000
1780970400000,2026-06-09T02:00:00+00:00,396.07000000,396.86000000,396.01000000,396.39000000,57.69000000
1780971300000,2026-06-09T02:15:00+00:00,396.44000000,396.44000000,395.16000000,395.81000000,111.65000000
1780972200000,2026-06-09T02:30:00+00:00,395.85000000,396.70000000,395.82000000,396.51000000,110.38000000
1780973100000,2026-06-09T02:45:00+00:00,396.52000000,397.10000000,396.32000000,396.93000000,155.08000000
1780974000000,2026-06-09T03:00:00+00:00,396.95000000,398.01000000,396.88000000,397.59000000,516.14000000
1780974900000,2026-06-09T03:15:00+00:00,397.65000000,397.94000000,396.85000000,397.35000000,113.66000000
1780975800000,2026-06-09T03:30:00+00:00,397.48000000,398.72000000,397.40000000,398.63000000,95.69000000
1780976700000,2026-06-09T03:45:00+00:00,398.70000000,398.80000000,397.98000000,398.76000000,132.20000000
1780977600000,2026-06-09T04:00:00+00:00,398.71000000,399.16000000,398.29000000,399.16000000,317.84000000
1780978500000,2026-06-09T04:15:00+00:00,399.14000000,400.00000000,399.02000000,399.71000000,162.37000000
1780979400000,2026-06-09T04:30:00+00:00,399.75000000,400.77000000,399.38000000,400.02000000,423.98000000
1780980300000,2026-06-09T04:45:00+00:00,400.07000000,400.25000000,399.13000000,399.39000000,144.35000000
1780981200000,2026-06-09T05:00:00+00:00,399.36000000,399.78000000,398.63000000,399.30000000,479.65000000
1780982100000,2026-06-09T05:15:00+00:00,399.23000000,399.86000000,398.93000000,399.35000000,214.43000000
1780983000000,2026-06-09T05:30:00+00:00,399.34000000,400.53000000,399.25000000,400.08000000,499.51000000
1780983900000,2026-06-09T05:45:00+00:00,400.04000000,400.58000000,399.84000000,400.13000000,291.16000000
1780984800000,2026-06-09T06:00:00+00:00,400.15000000,401.65000000,400.05000000,401.40000000,264.32000000
1780985700000,2026-06-09T06:15:00+00:00,401.45000000,401.70000000,400.61000000,400.69000000,395.39000000
1780986600000,2026-06-09T06:30:00+00:00,400.65000000,401.26000000,400.14000000,401.12000000,127.71000000
1780987500000,2026-06-09T06:45:00+00:00,401.05000000,401.08000000,400.27000000,400.51000000,56.17000000
1780988400000,2026-06-09T07:00:00+00:00,400.55000000,401.67000000,400.44000000,401.13000000,368.94000000
1780989300000,2026-06-09T07:15:00+00:00,401.18000000,401.61000000,400.42000000,400.73000000,516.54000000
1780990200000,2026-06-09T07:30:00+00:00,400.70000000,401.02000000,399.34000000,400.20000000,700.53000000
1780991100000,2026-06-09T07:45:00+00:00,400.21000000,400.33000000,399.36000000,399.87000000,188.36000000
1780992000000,2026-06-09T08:00:00+00:00,399.83000000,402.14000000,398.41000000,402.14000000,1081.79000000
1780992900000,2026-06-09T08:15:00+00:00,402.19000000,402.24000000,401.26000000,402.17000000,116.25000000
1780993800000,2026-06-09T08:30:00+00:00,402.25000000,402.47000000,401.26000000,402.00000000,196.85000000
1780994700000,2026-06-09T08:45:00+00:00,402.00000000,402.26000000,401.49000000,401.76000000,249.26000000
1780995600000,2026-06-09T09:00:00+00:00,401.66000000,402.31000000,401.46000000,402.27000000,238.89000000
1780996500000,2026-06-09T09:15:00+00:00,402.32000000,402.64000000,401.71000000,401.87000000,215.38000000
1780997400000,2026-06-09T09:30:00+00:00,401.89000000,402.72000000,401.40000000,402.59000000,409.18000000
1780998300000,2026-06-09T09:45:00+00:00,402.57000000,403.28000000,402.54000000,402.70000000,218.49000000
1780999200000,2026-06-09T10:00:00+00:00,402.77000000,403.05000000,401.09000000,402.18000000,549.31000000
1781000100000,2026-06-09T10:15:00+00:00,402.09000000,402.36000000,401.46000000,402.06000000,1633.17000000
1781001000000,2026-06-09T10:30:00+00:00,402.07000000,402.21000000,400.80000000,401.01000000,723.94000000
1781001900000,2026-06-09T10:45:00+00:00,401.00000000,401.98000000,400.62000000,401.23000000,222.66000000
1781002800000,2026-06-09T11:00:00+00:00,401.21000000,401.80000000,400.51000000,401.43000000,110.42000000
1781003700000,2026-06-09T11:15:00+00:00,401.43000000,401.55000000,394.78000000,401.19000000,3167.03000000
1781004600000,2026-06-09T11:30:00+00:00,401.17000000,401.99000000,401.12000000,401.73000000,245.75000000
1781005500000,2026-06-09T11:45:00+00:00,401.80000000,401.98000000,400.62000000,401.31000000,125.36000000
1781006400000,2026-06-09T12:00:00+00:00,401.27000000,401.53000000,400.34000000,400.65000000,355.66000000
1781007300000,2026-06-09T12:15:00+00:00,400.70000000,401.72000000,400.04000000,400.64000000,398.35000000
1781008200000,2026-06-09T12:30:00+00:00,400.69000000,401.90000000,400.69000000,401.25000000,116.84000000
1781009100000,2026-06-09T12:45:00+00:00,401.19000000,402.80000000,400.73000000,402.62000000,162.22000000
1781010000000,2026-06-09T13:00:00+00:00,402.59000000,409.79000000,402.48000000,404.30000000,8433.05000000
1781010900000,2026-06-09T13:15:00+00:00,404.38000000,405.95000000,400.99000000,401.94000000,2238.46000000
1781011800000,2026-06-09T13:30:00+00:00,402.00000000,405.97000000,396.18000000,405.48000000,6523.18000000
1781012700000,2026-06-09T13:45:00+00:00,405.35000000,408.15000000,398.67000000,399.13000000,3814.41000000
1781013600000,2026-06-09T14:00:00+00:00,399.14000000,399.75000000,395.15000000,395.48000000,4226.20000000
1781014500000,2026-06-09T14:15:00+00:00,395.44000000,395.88000000,391.67000000,393.65000000,3392.15000000
1781015400000,2026-06-09T14:30:00+00:00,393.54000000,393.96000000,388.75000000,388.91000000,2655.31000000
1781016300000,2026-06-09T14:45:00+00:00,388.82000000,389.60000000,386.07000000,389.32000000,2348.54000000
1781017200000,2026-06-09T15:00:00+00:00,389.36000000,389.89000000,387.40000000,388.20000000,1424.63000000
1781018100000,2026-06-09T15:15:00+00:00,388.16000000,388.34000000,379.35000000,380.41000000,2957.34000000
1781019000000,2026-06-09T15:30:00+00:00,380.38000000,383.60000000,379.64000000,383.11000000,4581.73000000
1781019900000,2026-06-09T15:45:00+00:00,383.16000000,383.74000000,377.76000000,378.10000000,2087.49000000
1781020800000,2026-06-09T16:00:00+00:00,378.07000000,379.45000000,374.59000000,376.28000000,4247.01000000
1781021700000,2026-06-09T16:15:00+00:00,376.11000000,377.19000000,372.48000000,375.32000000,3620.24000000
1781022600000,2026-06-09T16:30:00+00:00,375.17000000,376.28000000,370.51000000,373.25000000,5158.01000000
1781023500000,2026-06-09T16:45:00+00:00,373.14000000,375.08000000,370.52000000,374.88000000,3676.06000000
1781024400000,2026-06-09T17:00:00+00:00,374.83000000,380.53000000,374.56000000,380.04000000,3107.63000000
1781025300000,2026-06-09T17:15:00+00:00,380.03000000,382.97000000,379.09000000,382.24000000,2692.79000000
1781026200000,2026-06-09T17:30:00+00:00,382.17000000,385.44000000,381.09000000,384.72000000,2373.27000000
1781027100000,2026-06-09T17:45:00+00:00,384.61000000,385.24000000,381.49000000,384.30000000,2428.76000000
1781028000000,2026-06-09T18:00:00+00:00,384.30000000,386.11000000,383.15000000,385.80000000,1193.56000000
1781028900000,2026-06-09T18:15:00+00:00,385.78000000,388.40000000,385.36000000,388.12000000,946.65000000
1781029800000,2026-06-09T18:30:00+00:00,388.08000000,390.40000000,388.08000000,388.66000000,787.53000000
1781030700000,2026-06-09T18:45:00+00:00,388.56000000,392.58000000,388.56000000,392.14000000,767.08000000
1781031600000,2026-06-09T19:00:00+00:00,392.14000000,393.48000000,388.80000000,389.73000000,4080.12000000
1781032500000,2026-06-09T19:15:00+00:00,389.71000000,391.06000000,387.24000000,390.60000000,1216.34000000
1781033400000,2026-06-09T19:30:00+00:00,390.44000000,391.48000000,387.96000000,389.47000000,829.75000000
1781034300000,2026-06-09T19:45:00+00:00,389.49000000,392.80000000,387.88000000,392.68000000,684.34000000
1781035200000,2026-06-09T20:00:00+00:00,392.72000000,393.73000000,390.79000000,390.96000000,428.64000000
1781036100000,2026-06-09T20:15:00+00:00,390.98000000,391.53000000,390.50000000,391.53000000,189.06000000
1781037000000,2026-06-09T20:30:00+00:00,391.50000000,391.75000000,390.90000000,391.61000000,117.19000000
1781037900000,2026-06-09T20:45:00+00:00,391.65000000,391.83000000,390.88000000,391.09000000,56.25000000
1781038800000,2026-06-09T21:00:00+00:00,391.14000000,391.48000000,390.88000000,391.07000000,63.26000000
1781039700000,2026-06-09T21:15:00+00:00,391.08000000,391.13000000,387.81000000,388.30000000,233.18000000
1781040600000,2026-06-09T21:30:00+00:00,388.27000000,388.97000000,387.78000000,388.85000000,81.87000000
1781041500000,2026-06-09T21:45:00+00:00,388.75000000,389.44000000,388.17000000,389.44000000,98.12000000
1781042400000,2026-06-09T22:00:00+00:00,389.47000000,389.89000000,389.04000000,389.39000000,54.93000000
1781043300000,2026-06-09T22:15:00+00:00,389.35000000,389.76000000,388.64000000,388.66000000,171.05000000
1781044200000,2026-06-09T22:30:00+00:00,388.76000000,389.00000000,387.74000000,388.32000000,213.69000000
1781045100000,2026-06-09T22:45:00+00:00,388.33000000,388.40000000,386.69000000,387.61000000,317.48000000
1781046000000,2026-06-09T23:00:00+00:00,387.59000000,389.76000000,387.44000000,388.50000000,305.09000000
1781046900000,2026-06-09T23:15:00+00:00,388.44000000,388.45000000,387.49000000,387.71000000,145.58000000
1781047800000,2026-06-09T23:30:00+00:00,387.72000000,388.08000000,387.10000000,387.39000000,198.48000000
1781048700000,2026-06-09T23:45:00+00:00,387.47000000,389.10000000,387.47000000,388.84000000,224.15000000
1781049600000,2026-06-10T00:00:00+00:00,388.96000000,392.22000000,388.76000000,390.38000000,450.57000000
1781050500000,2026-06-10T00:15:00+00:00,390.39000000,390.63000000,389.24000000,390.59000000,216.12000000
1781051400000,2026-06-10T00:30:00+00:00,390.60000000,390.70000000,387.03000000,387.56000000,437.27000000
1781052300000,2026-06-10T00:45:00+00:00,387.51000000,389.64000000,387.25000000,389.11000000,458.86000000
1781053200000,2026-06-10T01:00:00+00:00,389.21000000,390.95000000,388.52000000,389.89000000,434.84000000
1781054100000,2026-06-10T01:15:00+00:00,389.86000000,390.81000000,388.45000000,388.83000000,367.59000000
1781055000000,2026-06-10T01:30:00+00:00,388.85000000,389.80000000,387.78000000,388.00000000,305.44000000
1781055900000,2026-06-10T01:45:00+00:00,387.98000000,389.14000000,387.77000000,387.97000000,294.34000000
1781056800000,2026-06-10T02:00:00+00:00,387.92000000,388.02000000,386.48000000,386.80000000,330.93000000
1781057700000,2026-06-10T02:15:00+00:00,386.81000000,387.40000000,386.10000000,386.68000000,226.36000000
1781058600000,2026-06-10T02:30:00+00:00,386.76000000,387.64000000,386.07000000,386.45000000,190.24000000
1781059500000,2026-06-10T02:45:00+00:00,386.55000000,387.45000000,385.42000000,385.50000000,137.39000000
1781060400000,2026-06-10T03:00:00+00:00,385.48000000,386.85000000,385.30000000,386.34000000,97.91000000
1781061300000,2026-06-10T03:15:00+00:00,386.42000000,387.38000000,386.33000000,386.63000000,61.84000000
1781062200000,2026-06-10T03:30:00+00:00,386.58000000,387.00000000,385.07000000,385.30000000,162.76000000
1781063100000,2026-06-10T03:45:00+00:00,385.40000000,385.80000000,384.65000000,385.43000000,221.16000000
1781064000000,2026-06-10T04:00:00+00:00,385.44000000,385.67000000,383.62000000,384.00000000,142.58000000
1781064900000,2026-06-10T04:15:00+00:00,384.04000000,384.38000000,383.55000000,383.83000000,214.04000000
1781065800000,2026-06-10T04:30:00+00:00,383.84000000,383.89000000,382.07000000,382.16000000,313.46000000
1781066700000,2026-06-10T04:45:00+00:00,382.10000000,384.71000000,381.80000000,383.29000000,766.78000000
1781067600000,2026-06-10T05:00:00+00:00,383.35000000,385.15000000,383.11000000,383.93000000,203.69000000
1781068500000,2026-06-10T05:15:00+00:00,383.96000000,384.46000000,382.31000000,384.46000000,188.76000000
1781069400000,2026-06-10T05:30:00+00:00,384.45000000,385.13000000,383.36000000,384.64000000,237.18000000
1781070300000,2026-06-10T05:45:00+00:00,384.64000000,386.12000000,384.20000000,385.47000000,275.97000000
1781071200000,2026-06-10T06:00:00+00:00,385.51000000,386.99000000,385.35000000,386.65000000,224.91000000
1781072100000,2026-06-10T06:15:00+00:00,386.62000000,387.59000000,385.61000000,387.04000000,194.01000000
1781073000000,2026-06-10T06:30:00+00:00,387.00000000,387.51000000,386.59000000,387.28000000,172.50000000
1781073900000,2026-06-10T06:45:00+00:00,387.19000000,387.46000000,386.45000000,386.62000000,197.69000000
1781074800000,2026-06-10T07:00:00+00:00,386.60000000,387.26000000,385.86000000,386.98000000,111.19000000
1781075700000,2026-06-10T07:15:00+00:00,386.96000000,387.22000000,385.94000000,386.40000000,83.50000000
1781076600000,2026-06-10T07:30:00+00:00,386.35000000,386.88000000,386.00000000,386.36000000,104.40000000
1781077500000,2026-06-10T07:45:00+00:00,386.42000000,386.72000000,386.06000000,386.34000000,49.14000000
1781078400000,2026-06-10T08:00:00+00:00,386.38000000,386.53000000,384.52000000,385.38000000,206.26000000
1781079300000,2026-06-10T08:15:00+00:00,385.32000000,385.63000000,384.60000000,384.85000000,157.23000000
1781080200000,2026-06-10T08:30:00+00:00,384.92000000,386.51000000,384.01000000,384.15000000,179.52000000
1781081100000,2026-06-10T08:45:00+00:00,384.10000000,385.00000000,383.08000000,383.36000000,336.49000000
1781082000000,2026-06-10T09:00:00+00:00,383.44000000,384.08000000,382.32000000,382.35000000,234.14000000
1781082900000,2026-06-10T09:15:00+00:00,382.30000000,383.37000000,381.02000000,383.32000000,897.15000000
1781083800000,2026-06-10T09:30:00+00:00,383.24000000,384.44000000,382.76000000,383.18000000,176.76000000
1781084700000,2026-06-10T09:45:00+00:00,383.25000000,383.81000000,382.88000000,383.81000000,435.22000000
1781085600000,2026-06-10T10:00:00+00:00,383.82000000,383.84000000,382.47000000,383.70000000,277.13000000
1781086500000,2026-06-10T10:15:00+00:00,383.62000000,383.86000000,382.77000000,383.80000000,148.17000000
1781087400000,2026-06-10T10:30:00+00:00,383.86000000,385.69000000,383.84000000,385.63000000,282.88000000
1781088300000,2026-06-10T10:45:00+00:00,385.59000000,385.84000000,384.65000000,385.40000000,431.94000000
1781089200000,2026-06-10T11:00:00+00:00,385.44000000,385.80000000,382.65000000,383.88000000,542.19000000
1781090100000,2026-06-10T11:15:00+00:00,383.80000000,384.55000000,381.83000000,382.28000000,263.12000000
1781091000000,2026-06-10T11:30:00+00:00,382.15000000,382.75000000,381.43000000,381.61000000,284.25000000
1781091900000,2026-06-10T11:45:00+00:00,381.55000000,383.25000000,381.36000000,382.65000000,456.60000000
1781092800000,2026-06-10T12:00:00+00:00,382.68000000,382.68000000,381.33000000,381.84000000,315.21000000
1781093700000,2026-06-10T12:15:00+00:00,381.70000000,383.68000000,381.35000000,383.68000000,264.05000000
1781094600000,2026-06-10T12:30:00+00:00,383.70000000,390.14000000,383.05000000,387.35000000,2149.98000000
1781095500000,2026-06-10T12:45:00+00:00,387.33000000,387.93000000,385.40000000,385.60000000,430.94000000
1781096400000,2026-06-10T13:00:00+00:00,385.60000000,387.60000000,385.60000000,386.38000000,552.56000000
1781097300000,2026-06-10T13:15:00+00:00,386.41000000,387.77000000,379.43000000,381.45000000,2830.66000000
1781098200000,2026-06-10T13:30:00+00:00,381.57000000,385.72000000,375.71000000,379.44000000,6238.06000000
1781099100000,2026-06-10T13:45:00+00:00,379.41000000,381.18000000,373.01000000,373.45000000,3127.07000000
1781100000000,2026-06-10T14:00:00+00:00,373.45000000,376.90000000,372.70000000,374.86000000,3568.38000000
1781100900000,2026-06-10T14:15:00+00:00,375.05000000,379.43000000,374.45000000,378.01000000,2184.88000000
1781101800000,2026-06-10T14:30:00+00:00,377.88000000,379.75000000,375.63000000,377.28000000,1907.87000000
1781102700000,2026-06-10T14:45:00+00:00,377.41000000,378.46000000,374.04000000,375.21000000,2189.94000000
1781103600000,2026-06-10T15:00:00+00:00,375.18000000,376.78000000,371.86000000,372.31000000,2492.90000000
1781104500000,2026-06-10T15:15:00+00:00,372.25000000,376.61000000,371.64000000,375.05000000,1442.97000000
1781105400000,2026-06-10T15:30:00+00:00,375.09000000,376.93000000,374.03000000,376.46000000,1456.51000000
1781106300000,2026-06-10T15:45:00+00:00,376.41000000,377.00000000,372.80000000,376.80000000,2726.53000000
1781107200000,2026-06-10T16:00:00+00:00,376.90000000,377.00000000,373.19000000,373.56000000,745.65000000
1781108100000,2026-06-10T16:15:00+00:00,373.56000000,375.15000000,373.40000000,374.39000000,801.23000000
1781109000000,2026-06-10T16:30:00+00:00,374.30000000,376.25000000,373.73000000,374.72000000,487.17000000
1781109900000,2026-06-10T16:45:00+00:00,374.67000000,374.76000000,372.67000000,373.13000000,484.34000000
1781110800000,2026-06-10T17:00:00+00:00,373.15000000,374.17000000,371.86000000,373.32000000,725.24000000
1781111700000,2026-06-10T17:15:00+00:00,373.44000000,375.32000000,373.27000000,374.88000000,160.65000000
1781112600000,2026-06-10T17:30:00+00:00,374.98000000,375.10000000,374.22000000,374.69000000,225.66000000
1781113500000,2026-06-10T17:45:00+00:00,374.49000000,379.15000000,374.49000000,378.84000000,718.90000000
1781114400000,2026-06-10T18:00:00+00:00,379.06000000,379.85000000,378.34000000,379.44000000,331.75000000
1781115300000,2026-06-10T18:15:00+00:00,379.44000000,379.57000000,378.20000000,378.56000000,165.51000000
1781116200000,2026-06-10T18:30:00+00:00,378.45000000,378.52000000,376.34000000,376.90000000,322.71000000
1781117100000,2026-06-10T18:45:00+00:00,376.87000000,376.87000000,373.60000000,373.61000000,232.97000000
1781118000000,2026-06-10T19:00:00+00:00,373.55000000,374.80000000,372.50000000,373.10000000,503.52000000
1781118900000,2026-06-10T19:15:00+00:00,373.15000000,373.20000000,371.45000000,372.45000000,197.42000000
1781119800000,2026-06-10T19:30:00+00:00,372.40000000,374.69000000,372.03000000,373.65000000,231.01000000
1781120700000,2026-06-10T19:45:00+00:00,373.60000000,374.75000000,372.10000000,372.34000000,258.67000000
1781121600000,2026-06-10T20:00:00+00:00,372.34000000,373.20000000,371.20000000,372.95000000,245.01000000
1781122500000,2026-06-10T20:15:00+00:00,372.98000000,373.26000000,372.08000000,372.30000000,111.53000000
1781123400000,2026-06-10T20:30:00+00:00,372.18000000,372.51000000,371.35000000,371.77000000,215.65000000
1781124300000,2026-06-10T20:45:00+00:00,371.74000000,372.23000000,371.37000000,372.10000000,169.68000000
1781125200000,2026-06-10T21:00:00+00:00,372.15000000,372.23000000,371.77000000,372.04000000,39.46000000
1781126100000,2026-06-10T21:15:00+00:00,372.03000000,372.80000000,371.95000000,372.23000000,104.26000000
1781127000000,2026-06-10T21:30:00+00:00,372.27000000,372.43000000,371.36000000,371.66000000,44.89000000
1781127900000,2026-06-10T21:45:00+00:00,371.70000000,371.77000000,370.83000000,371.10000000,85.18000000
1781128800000,2026-06-10T22:00:00+00:00,371.08000000,371.24000000,369.44000000,370.25000000,291.69000000
1781129700000,2026-06-10T22:15:00+00:00,370.25000000,370.35000000,369.12000000,369.54000000,141.86000000
1781130600000,2026-06-10T22:30:00+00:00,369.65000000,370.26000000,368.70000000,369.05000000,233.20000000
1781131500000,2026-06-10T22:45:00+00:00,369.03000000,369.14000000,368.12000000,368.15000000,201.78000000
1781132400000,2026-06-10T23:00:00+00:00,368.17000000,368.28000000,366.75000000,366.81000000,951.26000000
1781133300000,2026-06-10T23:15:00+00:00,366.86000000,369.20000000,365.58000000,369.20000000,1021.43000000
1781134200000,2026-06-10T23:30:00+00:00,369.13000000,369.68000000,367.87000000,369.14000000,259.10000000
1781135100000,2026-06-10T23:45:00+00:00,369.12000000,369.12000000,368.00000000,368.14000000,88.29000000
1781136000000,2026-06-11T00:00:00+00:00,368.21000000,370.55000000,367.36000000,369.20000000,530.52000000
1781136900000,2026-06-11T00:15:00+00:00,369.35000000,372.30000000,369.25000000,370.47000000,432.45000000
1781137800000,2026-06-11T00:30:00+00:00,370.51000000,371.33000000,369.55000000,369.89000000,302.56000000
1781138700000,2026-06-11T00:45:00+00:00,370.05000000,372.10000000,369.94000000,371.95000000,297.07000000
1781139600000,2026-06-11T01:00:00+00:00,371.95000000,377.00000000,371.95000000,376.83000000,756.29000000
1781140500000,2026-06-11T01:15:00+00:00,376.93000000,377.75000000,375.85000000,376.86000000,434.24000000
1781141400000,2026-06-11T01:30:00+00:00,376.77000000,377.01000000,375.05000000,375.35000000,211.10000000
1781142300000,2026-06-11T01:45:00+00:00,375.40000000,375.55000000,373.78000000,373.81000000,203.98000000
1781143200000,2026-06-11T02:00:00+00:00,373.82000000,375.22000000,373.02000000,373.12000000,237.12000000
1781144100000,2026-06-11T02:15:00+00:00,373.16000000,374.40000000,371.20000000,371.64000000,406.39000000
1781145000000,2026-06-11T02:30:00+00:00,371.65000000,373.40000000,371.10000000,372.85000000,98.39000000
1781145900000,2026-06-11T02:45:00+00:00,372.93000000,374.50000000,372.50000000,374.20000000,148.81000000
1781146800000,2026-06-11T03:00:00+00:00,374.15000000,375.12000000,373.00000000,373.41000000,185.99000000
1781147700000,2026-06-11T03:15:00+00:00,373.49000000,374.21000000,372.85000000,374.20000000,92.96000000
1781148600000,2026-06-11T03:30:00+00:00,374.22000000,375.80000000,373.90000000,374.78000000,159.43000000
1781149500000,2026-06-11T03:45:00+00:00,374.80000000,376.95000000,374.80000000,376.42000000,136.56000000
1781150400000,2026-06-11T04:00:00+00:00,376.46000000,376.62000000,375.44000000,375.52000000,112.67000000
1781151300000,2026-06-11T04:15:00+00:00,375.43000000,375.90000000,375.12000000,375.81000000,52.63000000
1781152200000,2026-06-11T04:30:00+00:00,375.82000000,376.83000000,375.18000000,376.32000000,142.83000000
1781153100000,2026-06-11T04:45:00+00:00,376.38000000,376.45000000,375.87000000,376.22000000,130.60000000
1781154000000,2026-06-11T05:00:00+00:00,376.18000000,376.68000000,375.32000000,375.97000000,331.95000000
1781154900000,2026-06-11T05:15:00+00:00,375.92000000,376.48000000,375.79000000,376.31000000,95.11000000
1781155800000,2026-06-11T05:30:00+00:00,376.20000000,376.47000000,375.85000000,376.39000000,54.50000000
1781156700000,2026-06-11T05:45:00+00:00,376.32000000,376.79000000,376.20000000,376.52000000,62.23000000
1781157600000,2026-06-11T06:00:00+00:00,376.44000000,376.44000000,375.52000000,376.14000000,132.18000000
1781158500000,2026-06-11T06:15:00+00:00,376.05000000,376.55000000,375.84000000,375.96000000,31.96000000
1781159400000,2026-06-11T06:30:00+00:00,375.97000000,376.84000000,375.89000000,376.66000000,61.41000000
1781160300000,2026-06-11T06:45:00+00:00,376.63000000,377.38000000,376.40000000,376.93000000,213.70000000
1781161200000,2026-06-11T07:00:00+00:00,376.95000000,377.05000000,376.10000000,376.64000000,161.19000000
1781162100000,2026-06-11T07:15:00+00:00,376.45000000,377.72000000,376.35000000,377.68000000,117.08000000
1781163000000,2026-06-11T07:30:00+00:00,377.74000000,377.74000000,377.20000000,377.63000000,343.92000000
1781163900000,2026-06-11T07:45:00+00:00,377.61000000,377.99000000,377.60000000,377.69000000,132.08000000
1781164800000,2026-06-11T08:00:00+00:00,377.69000000,380.16000000,377.55000000,379.45000000,750.13000000
1781165700000,2026-06-11T08:15:00+00:00,379.50000000,379.55000000,378.00000000,378.34000000,335.95000000
1781166600000,2026-06-11T08:30:00+00:00,378.20000000,379.45000000,378.17000000,378.40000000,262.18000000
1781167500000,2026-06-11T08:45:00+00:00,378.38000000,378.64000000,377.77000000,378.16000000,141.53000000
1781168400000,2026-06-11T09:00:00+00:00,378.22000000,378.37000000,377.05000000,377.31000000,97.77000000
1781169300000,2026-06-11T09:15:00+00:00,377.30000000,378.00000000,376.89000000,377.02000000,66.46000000
1781170200000,2026-06-11T09:30:00+00:00,377.01000000,377.36000000,376.75000000,377.28000000,168.00000000
1781171100000,2026-06-11T09:45:00+00:00,377.18000000,377.78000000,377.18000000,377.25000000,127.11000000
1781172000000,2026-06-11T10:00:00+00:00,377.20000000,377.89000000,376.65000000,376.91000000,74.16000000
1781172900000,2026-06-11T10:15:00+00:00,376.91000000,376.98000000,376.18000000,376.65000000,180.79000000
1781173800000,2026-06-11T10:30:00+00:00,376.71000000,377.43000000,376.60000000,376.62000000,102.78000000
1781174700000,2026-06-11T10:45:00+00:00,376.70000000,377.05000000,376.15000000,376.74000000,98.23000000
1781175600000,2026-06-11T11:00:00+00:00,376.72000000,376.72000000,374.30000000,375.39000000,427.07000000
1781176500000,2026-06-11T11:15:00+00:00,375.35000000,375.70000000,374.57000000,375.55000000,283.06000000
1781177400000,2026-06-11T11:30:00+00:00,375.57000000,376.45000000,375.35000000,375.92000000,114.70000000
1781178300000,2026-06-11T11:45:00+00:00,375.92000000,376.98000000,375.80000000,376.64000000,70.42000000
1781179200000,2026-06-11T12:00:00+00:00,376.75000000,377.10000000,375.75000000,376.16000000,119.45000000
1781180100000,2026-06-11T12:15:00+00:00,376.19000000,376.19000000,373.14000000,373.52000000,604.05000000
1781181000000,2026-06-11T12:30:00+00:00,373.68000000,374.56000000,371.93000000,372.88000000,749.84000000
1781181900000,2026-06-11T12:45:00+00:00,372.85000000,374.20000000,372.57000000,373.87000000,200.73000000
1781182800000,2026-06-11T13:00:00+00:00,373.60000000,373.85000000,367.25000000,372.10000000,1709.68000000
1781183700000,2026-06-11T13:15:00+00:00,372.11000000,374.44000000,370.16000000,373.08000000,1949.61000000
1781184600000,2026-06-11T13:30:00+00:00,373.05000000,378.95000000,370.74000000,378.47000000,5550.46000000
1781185500000,2026-06-11T13:45:00+00:00,378.57000000,380.85000000,378.15000000,379.65000000,2267.46000000
1781186400000,2026-06-11T14:00:00+00:00,379.68000000,381.16000000,375.20000000,375.35000000,1621.77000000
1781187300000,2026-06-11T14:15:00+00:00,375.30000000,379.02000000,374.76000000,377.85000000,1470.82000000
1781188200000,2026-06-11T14:30:00+00:00,377.80000000,378.79000000,376.40000000,376.66000000,575.14000000
1781189100000,2026-06-11T14:45:00+00:00,376.80000000,377.10000000,373.65000000,374.04000000,1096.37000000
1781190000000,2026-06-11T15:00:00+00:00,373.96000000,376.45000000,372.63000000,376.21000000,947.70000000
1781190900000,2026-06-11T15:15:00+00:00,376.21000000,378.00000000,375.95000000,376.30000000,334.93000000
1781191800000,2026-06-11T15:30:00+00:00,376.25000000,378.04000000,376.00000000,376.20000000,1451.78000000
1781192700000,2026-06-11T15:45:00+00:00,376.40000000,377.45000000,375.79000000,377.05000000,424.60000000
1781193600000,2026-06-11T16:00:00+00:00,377.00000000,379.40000000,376.38000000,379.40000000,440.00000000
1781194500000,2026-06-11T16:15:00+00:00,379.40000000,380.01000000,377.79000000,378.00000000,484.78000000
1781195400000,2026-06-11T16:30:00+00:00,377.85000000,380.20000000,377.77000000,378.65000000,442.88000000
1781196300000,2026-06-11T16:45:00+00:00,378.68000000,379.05000000,376.58000000,376.65000000,732.35000000
1781197200000,2026-06-11T17:00:00+00:00,376.71000000,377.86000000,376.08000000,376.68000000,399.62000000
1781198100000,2026-06-11T17:15:00+00:00,376.59000000,381.41000000,375.06000000,381.38000000,2276.17000000
1781199000000,2026-06-11T17:30:00+00:00,381.30000000,384.71000000,380.70000000,383.65000000,5638.95000000
1781199900000,2026-06-11T17:45:00+00:00,383.56000000,385.06000000,381.90000000,385.01000000,1363.73000000
1781200800000,2026-06-11T18:00:00+00:00,385.02000000,385.77000000,381.56000000,384.16000000,1082.93000000
1781201700000,2026-06-11T18:15:00+00:00,384.17000000,385.17000000,382.63000000,383.52000000,746.43000000
1781202600000,2026-06-11T18:30:00+00:00,383.50000000,384.27000000,383.10000000,383.97000000,242.43000000
1781203500000,2026-06-11T18:45:00+00:00,383.94000000,385.50000000,383.58000000,384.99000000,413.41000000
1781204400000,2026-06-11T19:00:00+00:00,384.97000000,386.00000000,383.13000000,385.86000000,392.60000000
1781205300000,2026-06-11T19:15:00+00:00,385.89000000,386.46000000,385.50000000,386.16000000,284.68000000
1781206200000,2026-06-11T19:30:00+00:00,386.14000000,388.51000000,386.14000000,387.60000000,1457.92000000
1781207100000,2026-06-11T19:45:00+00:00,387.44000000,387.63000000,385.13000000,385.60000000,402.90000000
1781208000000,2026-06-11T20:00:00+00:00,385.56000000,385.99000000,383.49000000,384.74000000,455.68000000
1781208900000,2026-06-11T20:15:00+00:00,384.74000000,385.22000000,383.52000000,383.99000000,282.58000000
1781209800000,2026-06-11T20:30:00+00:00,383.99000000,384.56000000,383.55000000,384.09000000,77.50000000
1781210700000,2026-06-11T20:45:00+00:00,384.08000000,384.56000000,384.04000000,384.21000000,130.73000000
1781211600000,2026-06-11T21:00:00+00:00,384.20000000,384.56000000,383.89000000,384.36000000,89.59000000
1781212500000,2026-06-11T21:15:00+00:00,384.33000000,385.00000000,384.20000000,384.66000000,471.72000000
1781213400000,2026-06-11T21:30:00+00:00,384.64000000,384.84000000,384.17000000,384.33000000,145.54000000
1781214300000,2026-06-11T21:45:00+00:00,384.44000000,384.78000000,384.17000000,384.55000000,96.29000000
1781215200000,2026-06-11T22:00:00+00:00,384.55000000,385.32000000,384.40000000,385.30000000,300.56000000
1781216100000,2026-06-11T22:15:00+00:00,385.36000000,385.84000000,385.22000000,385.39000000,170.21000000
1781217000000,2026-06-11T22:30:00+00:00,385.33000000,385.75000000,384.62000000,385.75000000,332.90000000
1781217900000,2026-06-11T22:45:00+00:00,385.76000000,386.04000000,385.41000000,385.65000000,237.75000000
1781218800000,2026-06-11T23:00:00+00:00,385.59000000,385.59000000,384.89000000,384.92000000,80.17000000
1781219700000,2026-06-11T23:15:00+00:00,384.92000000,385.08000000,384.14000000,384.41000000,100.92000000
1781220600000,2026-06-11T23:30:00+00:00,384.44000000,385.52000000,384.44000000,385.45000000,104.38000000
1781221500000,2026-06-11T23:45:00+00:00,385.44000000,385.95000000,385.22000000,385.62000000,70.92000000
1781222400000,2026-06-12T00:00:00+00:00,385.55000000,387.86000000,384.76000000,386.70000000,352.13000000
1781223300000,2026-06-12T00:15:00+00:00,386.64000000,389.19000000,386.20000000,388.52000000,418.28000000
1781224200000,2026-06-12T00:30:00+00:00,388.50000000,391.06000000,388.47000000,389.31000000,577.54000000
1781225100000,2026-06-12T00:45:00+00:00,389.45000000,389.45000000,387.57000000,388.10000000,255.70000000
1781226000000,2026-06-12T01:00:00+00:00,388.12000000,388.26000000,386.43000000,387.75000000,308.50000000
1781226900000,2026-06-12T01:15:00+00:00,387.75000000,387.75000000,385.05000000,385.35000000,336.93000000
1781227800000,2026-06-12T01:30:00+00:00,385.26000000,386.85000000,385.26000000,385.50000000,276.87000000
1781228700000,2026-06-12T01:45:00+00:00,385.46000000,386.55000000,385.31000000,386.35000000,274.20000000
1781229600000,2026-06-12T02:00:00+00:00,386.35000000,387.20000000,386.05000000,387.12000000,149.78000000
1781230500000,2026-06-12T02:15:00+00:00,387.19000000,387.19000000,386.06000000,386.06000000,77.87000000
1781231400000,2026-06-12T02:30:00+00:00,386.09000000,387.80000000,385.99000000,387.76000000,227.75000000
1781232300000,2026-06-12T02:45:00+00:00,387.85000000,388.30000000,387.79000000,388.24000000,60.99000000
1781233200000,2026-06-12T03:00:00+00:00,388.24000000,388.24000000,387.55000000,387.95000000,31.31000000
1781234100000,2026-06-12T03:15:00+00:00,387.90000000,388.08000000,386.64000000,387.26000000,211.95000000
1781235000000,2026-06-12T03:30:00+00:00,387.32000000,387.60000000,386.95000000,387.32000000,40.55000000
1781235900000,2026-06-12T03:45:00+00:00,387.26000000,387.26000000,386.06000000,386.58000000,115.59000000
1781236800000,2026-06-12T04:00:00+00:00,386.61000000,386.85000000,385.70000000,386.75000000,141.53000000
1781237700000,2026-06-12T04:15:00+00:00,386.79000000,387.25000000,386.40000000,387.10000000,58.31000000
1781238600000,2026-06-12T04:30:00+00:00,387.15000000,387.28000000,386.92000000,386.92000000,48.77000000
