open_time_ms,open_time_iso,open,high,low,close,volume
1774535400000,2026-03-26T14:30:00+00:00,572.59000000,572.83000000,564.10000000,564.90000000,3462.79000000
1774536300000,2026-03-26T14:45:00+00:00,564.42000000,567.95000000,561.30000000,562.01000000,923.41000000
1774537200000,2026-03-26T15:00:00+00:00,562.01000000,565.17000000,561.01000000,564.49000000,538.34000000
1774538100000,2026-03-26T15:15:00+00:00,564.49000000,564.49000000,561.04000000,561.31000000,187.14000000
1774539000000,2026-03-26T15:30:00+00:00,561.70000000,561.70000000,557.12000000,559.96000000,451.72000000
1774539900000,2026-03-26T15:45:00+00:00,559.61000000,560.98000000,556.43000000,556.70000000,193.66000000
1774540800000,2026-03-26T16:00:00+00:00,556.72000000,557.87000000,556.00000000,557.27000000,148.76000000
1774541700000,2026-03-26T16:15:00+00:00,557.26000000,557.26000000,553.86000000,555.07000000,212.60000000
1774542600000,2026-03-26T16:30:00+00:00,555.06000000,555.99000000,553.50000000,553.87000000,223.31000000
1774543500000,2026-03-26T16:45:00+00:00,553.87000000,554.67000000,551.20000000,551.76000000,190.15000000
1774544400000,2026-03-26T17:00:00+00:00,551.90000000,553.84000000,551.40000000,552.99000000,137.82000000
1774545300000,2026-03-26T17:15:00+00:00,552.83000000,553.78000000,550.69000000,551.27000000,124.32000000
1774546200000,2026-03-26T17:30:00+00:00,551.29000000,553.62000000,548.80000000,550.29000000,369.87000000
1774547100000,2026-03-26T17:45:00+00:00,550.29000000,550.29000000,545.92000000,546.17000000,275.26000000
1774548000000,2026-03-26T18:00:00+00:00,546.45000000,548.00000000,546.45000000,547.54000000,198.04000000
1774548900000,2026-03-26T18:15:00+00:00,547.74000000,547.96000000,543.87000000,544.86000000,146.09000000
1774549800000,2026-03-26T18:30:00+00:00,544.80000000,547.28000000,543.98000000,546.57000000,162.60000000
1774550700000,2026-03-26T18:45:00+00:00,546.21000000,548.18000000,545.61000000,548.18000000,204.22000000
1774551600000,2026-03-26T19:00:00+00:00,548.07000000,548.38000000,545.83000000,548.20000000,62.81000000
1774552500000,2026-03-26T19:15:00+00:00,548.20000000,550.61000000,548.20000000,550.38000000,158.78000000
1774553400000,2026-03-26T19:30:00+00:00,550.38000000,550.46000000,547.90000000,548.39000000,91.22000000
1774554300000,2026-03-26T19:45:00+00:00,548.31000000,548.49000000,546.79000000,547.90000000,148.51000000
1774555200000,2026-03-26T20:00:00+00:00,547.69000000,551.88000000,545.91000000,550.66000000,184.92000000
1774556100000,2026-03-26T20:15:00+00:00,550.41000000,552.14000000,548.72000000,549.99000000,94.35000000
1774557000000,2026-03-26T20:30:00+00:00,550.08000000,550.98000000,549.22000000,549.27000000,45.31000000
1774557900000,2026-03-26T20:45:00+00:00,549.51000000,550.51000000,548.40000000,548.73000000,25.33000000
1774558800000,2026-03-26T21:00:00+00:00,548.63000000,549.24000000,547.88000000,548.78000000,15.09000000
1774559700000,2026-03-26T21:15:00+00:00,548.78000000,548.88000000,547.99000000,548.47000000,7.60000000
1774560600000,2026-03-26T21:30:00+00:00,548.15000000,549.20000000,547.89000000,548.70000000,27.92000000
1774561500000,2026-03-26T21:45:00+00:00,548.71000000,549.53000000,548.43000000,548.65000000,18.83000000
1774562400000,2026-03-26T22:00:00+00:00,549.28000000,551.00000000,549.07000000,550.99000000,31.42000000
1774563300000,2026-03-26T22:15:00+00:00,550.99000000,551.65000000,550.63000000,551.05000000,22.71000000
1774564200000,2026-03-26T22:30:00+00:00,551.11000000,551.23000000,550.14000000,550.62000000,15.80000000
1774565100000,2026-03-26T22:45:00+00:00,550.56000000,551.10000000,550.32000000,550.81000000,19.75000000
1774566000000,2026-03-26T23:00:00+00:00,550.85000000,550.91000000,549.96000000,550.25000000,11.96000000
1774566900000,2026-03-26T23:15:00+00:00,550.22000000,550.68000000,550.22000000,550.60000000,6.77000000
1774567800000,2026-03-26T23:30:00+00:00,550.59000000,551.29000000,550.42000000,551.21000000,7.74000000
1774568700000,2026-03-26T23:45:00+00:00,551.05000000,551.53000000,550.32000000,550.42000000,13.23000000
1774569600000,2026-03-27T00:00:00+00:00,550.43000000,552.17000000,550.43000000,551.65000000,62.29000000
1774570500000,2026-03-27T00:15:00+00:00,551.65000000,551.65000000,549.73000000,550.39000000,40.46000000
1774571400000,2026-03-27T00:30:00+00:00,550.68000000,551.04000000,549.82000000,550.59000000,53.23000000
1774572300000,2026-03-27T00:45:00+00:00,550.22000000,550.99000000,550.00000000,550.49000000,21.05000000
1774573200000,2026-03-27T01:00:00+00:00,550.49000000,551.43000000,549.74000000,551.42000000,43.30000000
1774574100000,2026-03-27T01:15:00+00:00,551.35000000,551.53000000,550.63000000,551.15000000,17.31000000
1774575000000,2026-03-27T01:30:00+00:00,551.50000000,551.92000000,551.44000000,551.85000000,28.77000000
1774575900000,2026-03-27T01:45:00+00:00,551.85000000,551.98000000,551.30000000,551.72000000,12.66000000
1774576800000,2026-03-27T02:00:00+00:00,551.97000000,552.39000000,551.52000000,552.18000000,43.50000000
1774577700000,2026-03-27T02:15:00+00:00,552.17000000,553.79000000,551.99000000,553.20000000,68.19000000
1774578600000,2026-03-27T02:30:00+00:00,552.86000000,553.58000000,551.90000000,552.85000000,44.88000000
1774579500000,2026-03-27T02:45:00+00:00,552.94000000,552.95000000,552.08000000,552.36000000,29.43000000
1774580400000,2026-03-27T03:00:00+00:00,552.36000000,553.00000000,552.08000000,552.65000000,47.67000000
1774581300000,2026-03-27T03:15:00+00:00,552.61000000,553.11000000,552.08000000,552.67000000,62.65000000
1774582200000,2026-03-27T03:30:00+00:00,552.90000000,553.79000000,552.62000000,553.11000000,32.85000000
1774583100000,2026-03-27T03:45:00+00:00,552.93000000,553.72000000,552.71000000,553.71000000,32.20000000
1774584000000,2026-03-27T04:00:00+00:00,553.71000000,553.72000000,552.97000000,553.30000000,12.63000000
1774584900000,2026-03-27T04:15:00+00:00,553.55000000,553.75000000,553.35000000,553.73000000,48.71000000
1774585800000,2026-03-27T04:30:00+00:00,553.68000000,553.72000000,553.26000000,553.61000000,12.99000000
1774586700000,2026-03-27T04:45:00+00:00,553.61000000,553.96000000,553.50000000,553.77000000,11.80000000
1774587600000,2026-03-27T05:00:00+00:00,553.76000000,553.80000000,553.04000000,553.35000000,17.31000000
1774588500000,2026-03-27T05:15:00+00:00,553.36000000,553.72000000,552.38000000,552.54000000,27.88000000
1774589400000,2026-03-27T05:30:00+00:00,552.54000000,553.03000000,552.54000000,552.64000000,49.26000000
1774590300000,2026-03-27T05:45:00+00:00,552.72000000,552.87000000,552.57000000,552.58000000,13.01000000
1774591200000,2026-03-27T06:00:00+00:00,552.58000000,552.75000000,551.91000000,552.62000000,35.20000000
1774592100000,2026-03-27T06:15:00+00:00,552.59000000,552.91000000,551.99000000,552.09000000,72.16000000
1774593000000,2026-03-27T06:30:00+00:00,552.08000000,552.08000000,551.29000000,551.83000000,25.43000000
1774593900000,2026-03-27T06:45:00+00:00,551.93000000,551.93000000,550.55000000,551.02000000,48.16000000
1774594800000,2026-03-27T07:00:00+00:00,550.91000000,551.40000000,550.66000000,551.00000000,20.94000000
1774595700000,2026-03-27T07:15:00+00:00,550.90000000,551.40000000,550.61000000,550.79000000,56.63000000
1774596600000,2026-03-27T07:30:00+00:00,550.80000000,551.07000000,550.53000000,550.68000000,35.42000000
1774597500000,2026-03-27T07:45:00+00:00,550.68000000,551.56000000,550.68000000,550.90000000,12.35000000
1774598400000,2026-03-27T08:00:00+00:00,550.85000000,551.20000000,548.76000000,549.68000000,237.43000000
1774599300000,2026-03-27T08:15:00+00:00,549.62000000,550.08000000,548.65000000,548.65000000,59.51000000
1774600200000,2026-03-27T08:30:00+00:00,548.54000000,549.23000000,547.00000000,547.32000000,126.36000000
1774601100000,2026-03-27T08:45:00+00:00,547.49000000,551.64000000,547.49000000,548.60000000,193.15000000
1774602000000,2026-03-27T09:00:00+00:00,548.25000000,548.35000000,544.50000000,546.73000000,163.35000000
1774602900000,2026-03-27T09:15:00+00:00,546.59000000,547.93000000,546.50000000,547.81000000,56.39000000
1774603800000,2026-03-27T09:30:00+00:00,547.84000000,548.59000000,547.73000000,548.39000000,24.54000000
1774604700000,2026-03-27T09:45:00+00:00,548.27000000,548.27000000,547.25000000,547.28000000,40.25000000
1774605600000,2026-03-27T10:00:00+00:00,547.02000000,548.20000000,546.85000000,547.16000000,20.16000000
1774606500000,2026-03-27T10:15:00+00:00,547.28000000,548.19000000,546.81000000,547.67000000,8.55000000
1774607400000,2026-03-27T10:30:00+00:00,547.97000000,547.97000000,545.21000000,545.66000000,49.55000000
1774608300000,2026-03-27T10:45:00+00:00,545.61000000,545.67000000,543.00000000,544.15000000,70.09000000
1774609200000,2026-03-27T11:00:00+00:00,544.15000000,544.54000000,540.46000000,542.84000000,105.64000000
1774610100000,2026-03-27T11:15:00+00:00,542.57000000,544.35000000,542.11000000,544.25000000,65.56000000
1774611000000,2026-03-27T11:30:00+00:00,544.19000000,544.35000000,542.46000000,543.66000000,166.90000000
1774611900000,2026-03-27T11:45:00+00:00,543.55000000,544.88000000,543.54000000,544.13000000,78.12000000
1774612800000,2026-03-27T12:00:00+00:00,543.93000000,543.97000000,541.24000000,542.40000000,66.92000000
1774613700000,2026-03-27T12:15:00+00:00,542.16000000,543.17000000,541.62000000,542.18000000,43.61000000
1774614600000,2026-03-27T12:30:00+00:00,542.19000000,543.04000000,539.05000000,539.82000000,108.25000000
1774615500000,2026-03-27T12:45:00+00:00,539.66000000,541.05000000,538.86000000,540.29000000,37.54000000
1774616400000,2026-03-27T13:00:00+00:00,540.29000000,540.56000000,538.54000000,539.01000000,86.04000000
1774617300000,2026-03-27T13:15:00+00:00,539.01000000,541.28000000,538.15000000,540.65000000,166.22000000
1774618200000,2026-03-27T13:30:00+00:00,540.09000000,543.23000000,535.72000000,537.28000000,1090.93000000
1774619100000,2026-03-27T13:45:00+00:00,537.36000000,540.01000000,534.03000000,534.17000000,129.56000000
1774620000000,2026-03-27T14:00:00+00:00,534.19000000,534.78000000,531.50000000,532.78000000,149.04000000
1774620900000,2026-03-27T14:15:00+00:00,532.74000000,534.63000000,530.24000000,530.93000000,117.23000000
1774621800000,2026-03-27T14:30:00+00:00,531.18000000,533.51000000,530.95000000,533.44000000,133.97000000
1774622700000,2026-03-27T14:45:00+00:00,533.44000000,533.59000000,529.73000000,531.13000000,170.62000000
1774623600000,2026-03-27T15:00:00+00:00,531.14000000,531.52000000,528.90000000,529.13000000,169.37000000
1774624500000,2026-03-27T15:15:00+00:00,528.86000000,531.57000000,526.97000000,529.25000000,144.75000000
1774625400000,2026-03-27T15:30:00+00:00,529.56000000,531.17000000,528.93000000,529.93000000,86.96000000
1774626300000,2026-03-27T15:45:00+00:00,529.02000000,531.19000000,528.70000000,530.45000000,530.87000000
1774627200000,2026-03-27T16:00:00+00:00,530.50000000,530.50000000,528.33000000,528.88000000,188.70000000
1774628100000,2026-03-27T16:15:00+00:00,528.68000000,528.83000000,526.77000000,527.78000000,38.88000000
1774629000000,2026-03-27T16:30:00+00:00,527.45000000,529.77000000,527.45000000,529.77000000,33.66000000
1774629900000,2026-03-27T16:45:00+00:00,529.60000000,531.23000000,528.43000000,529.10000000,46.65000000
1774630800000,2026-03-27T17:00:00+00:00,529.08000000,529.70000000,527.51000000,528.37000000,22.54000000
1774631700000,2026-03-27T17:15:00+00:00,528.96000000,528.99000000,524.50000000,524.64000000,82.50000000
1774632600000,2026-03-27T17:30:00+00:00,524.88000000,524.95000000,523.02000000,523.02000000,64.24000000
1774633500000,2026-03-27T17:45:00+00:00,523.25000000,524.32000000,521.98000000,522.14000000,34.00000000
1774634400000,2026-03-27T18:00:00+00:00,521.73000000,523.43000000,521.01000000,523.43000000,92.44000000
1774635300000,2026-03-27T18:15:00+00:00,523.55000000,525.37000000,523.38000000,524.94000000,50.45000000
1774636200000,2026-03-27T18:30:00+00:00,524.92000000,526.29000000,524.53000000,525.23000000,123.89000000
1774637100000,2026-03-27T18:45:00+00:00,525.17000000,526.28000000,524.32000000,524.97000000,47.75000000
1774638000000,2026-03-27T19:00:00+00:00,524.43000000,525.25000000,524.21000000,524.39000000,23.31000000
1774638900000,2026-03-27T19:15:00+00:00,524.87000000,527.45000000,524.33000000,527.06000000,63.91000000
1774639800000,2026-03-27T19:30:00+00:00,527.12000000,527.99000000,525.88000000,526.44000000,32.16000000
1774640700000,2026-03-27T19:45:00+00:00,526.44000000,527.27000000,525.30000000,526.10000000,527.35000000
1774641600000,2026-03-27T20:00:00+00:00,526.22000000,527.38000000,525.89000000,526.35000000,81.19000000
1774642500000,2026-03-27T20:15:00+00:00,526.30000000,526.41000000,524.90000000,525.74000000,71.94000000
1774643400000,2026-03-27T20:30:00+00:00,525.66000000,525.78000000,524.98000000,525.56000000,10.35000000
1774644300000,2026-03-27T20:45:00+00:00,525.52000000,525.92000000,525.48000000,525.48000000,9.52000000
1774645200000,2026-03-27T21:00:00+00:00,525.48000000,525.66000000,525.48000000,525.63000000,0.83000000
1774646100000,2026-03-27T21:15:00+00:00,525.65000000,525.89000000,525.53000000,525.71000000,8.55000000
1774647000000,2026-03-27T21:30:00+00:00,525.49000000,525.73000000,524.96000000,525.05000000,7.07000000
1774647900000,2026-03-27T21:45:00+00:00,524.96000000,525.06000000,524.94000000,525.03000000,0.88000000
1774648800000,2026-03-27T22:00:00+00:00,525.03000000,525.03000000,524.12000000,524.12000000,7.64000000
1774649700000,2026-03-27T22:15:00+00:00,523.79000000,523.88000000,522.47000000,522.91000000,33.03000000
1774650600000,2026-03-27T22:30:00+00:00,522.91000000,524.00000000,522.91000000,523.24000000,38.61000000
1774651500000,2026-03-27T22:45:00+00:00,523.16000000,523.75000000,523.04000000,523.64000000,15.25000000
1774652400000,2026-03-27T23:00:00+00:00,523.53000000,523.66000000,522.04000000,522.46000000,22.46000000
1774653300000,2026-03-27T23:15:00+00:00,522.36000000,522.86000000,522.29000000,522.64000000,11.49000000
1774654200000,2026-03-27T23:30:00+00:00,522.54000000,522.79000000,521.67000000,521.92000000,14.70000000
1774655100000,2026-03-27T23:45:00+00:00,521.72000000,521.72000000,520.66000000,520.66000000,14.41000000
1774656000000,2026-03-28T00:00:00+00:00,520.66000000,521.49000000,505.51000000,520.72000000,633.38000000
1774656900000,2026-03-28T00:15:00+00:00,520.72000000,521.25000000,520.37000000,520.45000000,28.22000000
1774657800000,2026-03-28T00:30:00+00:00,520.37000000,520.44000000,519.83000000,520.11000000,31.85000000
1774658700000,2026-03-28T00:45:00+00:00,520.18000000,520.58000000,520.12000000,520.42000000,22.04000000
1774659600000,2026-03-28T01:00:00+00:00,520.42000000,520.42000000,519.95000000,520.12000000,40.09000000
1774660500000,2026-03-28T01:15:00+00:00,520.12000000,520.40000000,520.02000000,520.15000000,34.06000000
1774661400000,2026-03-28T01:30:00+00:00,520.22000000,520.24000000,519.97000000,520.17000000,18.64000000
1774662300000,2026-03-28T01:45:00+00:00,520.19000000,520.35000000,520.19000000,520.33000000,2.86000000
1774663200000,2026-03-28T02:00:00+00:00,520.32000000,520.38000000,520.32000000,520.37000000,2.96000000
1774664100000,2026-03-28T02:15:00+00:00,520.37000000,520.37000000,519.89000000,520.20000000,33.12000000
1774665000000,2026-03-28T02:30:00+00:00,520.11000000,520.29000000,520.08000000,520.22000000,16.01000000
1774665900000,2026-03-28T02:45:00+00:00,520.22000000,522.20000000,520.11000000,520.70000000,190.33000000
1774666800000,2026-03-28T03:00:00+00:00,520.82000000,521.05000000,520.60000000,520.60000000,26.49000000
1774667700000,2026-03-28T03:15:00+00:00,520.46000000,520.93000000,520.10000000,520.10000000,14.54000000
1774668600000,2026-03-28T03:30:00+00:00,520.07000000,520.67000000,520.07000000,520.62000000,9.36000000
1774669500000,2026-03-28T03:45:00+00:00,520.39000000,520.54000000,520.08000000,520.54000000,9.65000000
1774670400000,2026-03-28T04:00:00+00:00,520.54000000,520.77000000,520.21000000,520.65000000,11.63000000
1774671300000,2026-03-28T04:15:00+00:00,520.33000000,520.36000000,520.04000000,520.30000000,6.54000000
1774672200000,2026-03-28T04:30:00+00:00,520.30000000,520.34000000,520.12000000,520.34000000,3.25000000
1774673100000,2026-03-28T04:45:00+00:00,520.17000000,520.34000000,520.00000000,520.13000000,3.21000000
1774674000000,2026-03-28T05:00:00+00:00,520.11000000,520.46000000,520.11000000,520.31000000,6.15000000
1774674900000,2026-03-28T05:15:00+00:00,520.30000000,520.41000000,520.13000000,520.25000000,8.90000000
1774675800000,2026-03-28T05:30:00+00:00,520.24000000,520.46000000,520.15000000,520.38000000,8.22000000
1774676700000,2026-03-28T05:45:00+00:00,520.31000000,521.01000000,520.18000000,520.95000000,15.96000000
1774677600000,2026-03-28T06:00:00+00:00,520.90000000,521.23000000,520.62000000,520.94000000,10.93000000
1774678500000,2026-03-28T06:15:00+00:00,521.05000000,521.45000000,520.15000000,521.21000000,13.80000000
1774679400000,2026-03-28T06:30:00+00:00,520.78000000,521.19000000,520.15000000,521.14000000,5.34000000
1774680300000,2026-03-28T06:45:00+00:00,520.17000000,521.12000000,520.14000000,520.90000000,5.41000000
1774681200000,2026-03-28T07:00:00+00:00,520.68000000,521.18000000,520.19000000,521.18000000,4.12000000
1774682100000,2026-03-28T07:15:00+00:00,521.17000000,521.45000000,520.35000000,521.26000000,12.50000000
1774683000000,2026-03-28T07:30:00+00:00,521.26000000,521.26000000,520.29000000,521.26000000,1.92000000
1774683900000,2026-03-28T07:45:00+00:00,520.79000000,521.48000000,520.79000000,521.48000000,1.89000000
1774684800000,2026-03-28T08:00:00+00:00,521.37000000,521.68000000,521.16000000,521.29000000,8.80000000
1774685700000,2026-03-28T08:15:00+00:00,521.25000000,521.44000000,520.83000000,521.24000000,5.32000000
1774686600000,2026-03-28T08:30:00+00:00,521.24000000,521.24000000,520.54000000,520.97000000,5.44000000
1774687500000,2026-03-28T08:45:00+00:00,520.72000000,521.07000000,520.27000000,520.27000000,8.47000000
1774688400000,2026-03-28T09:00:00+00:00,520.42000000,520.42000000,520.28000000,520.29000000,12.64000000
1774689300000,2026-03-28T09:15:00+00:00,520.38000000,520.41000000,520.28000000,520.28000000,1.00000000
1774690200000,2026-03-28T09:30:00+00:00,520.31000000,520.40000000,520.11000000,520.11000000,9.44000000
1774691100000,2026-03-28T09:45:00+00:00,520.31000000,520.31000000,520.11000000,520.31000000,0.51000000
1774692000000,2026-03-28T10:00:00+00:00,520.31000000,520.89000000,520.31000000,520.89000000,10.56000000
1774692900000,2026-03-28T10:15:00+00:00,520.70000000,520.88000000,520.44000000,520.44000000,8.11000000
1774693800000,2026-03-28T10:30:00+00:00,520.44000000,520.44000000,520.12000000,520.13000000,1.40000000
1774694700000,2026-03-28T10:45:00+00:00,520.41000000,520.41000000,520.12000000,520.35000000,3.02000000
1774695600000,2026-03-28T11:00:00+00:00,520.18000000,520.28000000,520.11000000,520.28000000,3.59000000
1774696500000,2026-03-28T11:15:00+00:00,520.28000000,520.28000000,520.12000000,520.15000000,1.65000000
1774697400000,2026-03-28T11:30:00+00:00,520.24000000,520.72000000,520.13000000,520.32000000,9.19000000
1774698300000,2026-03-28T11:45:00+00:00,520.14000000,520.53000000,520.14000000,520.40000000,5.58000000
1774699200000,2026-03-28T12:00:00+00:00,520.27000000,520.61000000,520.13000000,520.30000000,7.33000000
1774700100000,2026-03-28T12:15:00+00:00,520.45000000,520.91000000,520.27000000,520.86000000,9.11000000
1774701000000,2026-03-28T12:30:00+00:00,520.83000000,520.91000000,520.33000000,520.44000000,0.30000000
1774701900000,2026-03-28T12:45:00+00:00,520.40000000,520.71000000,520.40000000,520.55000000,1.74000000
1774702800000,2026-03-28T13:00:00+00:00,520.71000000,521.98000000,520.33000000,520.80000000,113.84000000
1774703700000,2026-03-28T13:15:00+00:00,521.02000000,521.62000000,521.02000000,521.14000000,0.77000000
1774704600000,2026-03-28T13:30:00+00:00,521.17000000,522.00000000,521.17000000,521.91000000,28.94000000
1774705500000,2026-03-28T13:45:00+00:00,521.99000000,522.20000000,521.61000000,521.75000000,18.15000000
1774706400000,2026-03-28T14:00:00+00:00,522.06000000,522.27000000,521.45000000,522.03000000,22.00000000
1774707300000,2026-03-28T14:15:00+00:00,522.03000000,522.26000000,522.03000000,522.03000000,3.24000000
1774708200000,2026-03-28T14:30:00+00:00,522.03000000,522.13000000,521.38000000,521.87000000,12.46000000
1774709100000,2026-03-28T14:45:00+00:00,521.86000000,521.87000000,521.27000000,521.27000000,8.46000000
1774710000000,2026-03-28T15:00:00+00:00,521.41000000,522.10000000,521.41000000,521.52000000,12.75000000
1774710900000,2026-03-28T15:15:00+00:00,521.66000000,522.20000000,521.66000000,522.20000000,3.42000000
1774711800000,2026-03-28T15:30:00+00:00,522.01000000,522.10000000,521.90000000,521.90000000,11.53000000
1774712700000,2026-03-28T15:45:00+00:00,521.90000000,521.94000000,521.31000000,521.41000000,13.56000000
1774713600000,2026-03-28T16:00:00+00:00,521.32000000,522.27000000,521.32000000,521.97000000,27.50000000
1774714500000,2026-03-28T16:15:00+00:00,521.95000000,522.25000000,521.95000000,522.09000000,1.14000000
1774715400000,2026-03-28T16:30:00+00:00,522.09000000,522.24000000,520.59000000,521.32000000,52.70000000
1774716300000,2026-03-28T16:45:00+00:00,521.11000000,521.16000000,520.80000000,520.90000000,2.87000000
1774717200000,2026-03-28T17:00:00+00:00,520.90000000,520.92000000,520.69000000,520.90000000,13.45000000
1774718100000,2026-03-28T17:15:00+00:00,520.85000000,520.92000000,520.84000000,520.87000000,0.42000000
1774719000000,2026-03-28T17:30:00+00:00,520.92000000,520.92000000,520.71000000,520.88000000,3.22000000
1774719900000,2026-03-28T17:45:00+00:00,520.84000000,520.92000000,520.84000000,520.92000000,0.93000000
1774720800000,2026-03-28T18:00:00+00:00,520.76000000,520.84000000,520.71000000,520.84000000,9.43000000
1774721700000,2026-03-28T18:15:00+00:00,520.72000000,520.91000000,520.71000000,520.73000000,2.37000000
1774722600000,2026-03-28T18:30:00+00:00,520.73000000,521.25000000,520.71000000,521.25000000,24.93000000
1774723500000,2026-03-28T18:45:00+00:00,521.20000000,521.25000000,520.75000000,521.21000000,3.81000000
1774724400000,2026-03-28T19:00:00+00:00,520.87000000,521.05000000,520.84000000,520.86000000,1.77000000
1774725300000,2026-03-28T19:15:00+00:00,520.86000000,520.87000000,520.84000000,520.87000000,1.24000000
1774726200000,2026-03-28T19:30:00+00:00,520.87000000,521.24000000,520.87000000,521.17000000,5.90000000
1774727100000,2026-03-28T19:45:00+00:00,520.99000000,521.26000000,520.85000000,521.26000000,3.10000000
1774728000000,2026-03-28T20:00:00+00:00,521.47000000,521.47000000,521.28000000,521.28000000,1.48000000
1774728900000,2026-03-28T20:15:00+00:00,521.12000000,521.15000000,520.96000000,521.15000000,3.46000000
1774729800000,2026-03-28T20:30:00+00:00,521.15000000,521.28000000,520.97000000,521.28000000,5.50000000
1774730700000,2026-03-28T20:45:00+00:00,521.28000000,521.28000000,521.02000000,521.02000000,1.71000000
1774731600000,2026-03-28T21:00:00+00:00,521.12000000,521.27000000,520.92000000,521.27000000,1.07000000
1774732500000,2026-03-28T21:15:00+00:00,521.19000000,521.48000000,521.19000000,521.25000000,3.61000000
1774733400000,2026-03-28T21:30:00+00:00,521.30000000,521.48000000,521.28000000,521.35000000,0.29000000
1774734300000,2026-03-28T21:45:00+00:00,521.14000000,521.72000000,521.14000000,521.15000000,4.96000000
1774735200000,2026-03-28T22:00:00+00:00,521.17000000,521.17000000,521.06000000,521.07000000,2.92000000
1774736100000,2026-03-28T22:15:00+00:00,521.06000000,521.07000000,520.85000000,520.92000000,6.71000000
1774737000000,2026-03-28T22:30:00+00:00,520.92000000,520.93000000,520.86000000,520.86000000,0.68000000
1774737900000,2026-03-28T22:45:00+00:00,520.86000000,520.86000000,520.48000000,520.72000000,2.40000000
1774738800000,2026-03-28T23:00:00+00:00,520.72000000,520.83000000,520.43000000,520.55000000,3.59000000
1774739700000,2026-03-28T23:15:00+00:00,520.67000000,521.24000000,520.44000000,520.66000000,23.40000000
1774740600000,2026-03-28T23:30:00+00:00,520.65000000,520.86000000,520.60000000,520.64000000,1.23000000
1774741500000,2026-03-28T23:45:00+00:00,520.64000000,520.83000000,520.64000000,520.79000000,1.76000000
1774742400000,2026-03-29T00:00:00+00:00,521.01000000,521.01000000,520.40000000,520.58000000,13.71000000
1774743300000,2026-03-29T00:15:00+00:00,520.58000000,520.94000000,520.52000000,520.85000000,6.25000000
1774744200000,2026-03-29T00:30:00+00:00,520.86000000,520.92000000,520.40000000,520.40000000,6.22000000
1774745100000,2026-03-29T00:45:00+00:00,520.56000000,520.91000000,520.41000000,520.75000000,3.33000000
1774746000000,2026-03-29T01:00:00+00:00,520.91000000,520.92000000,520.80000000,520.92000000,1.60000000
1774746900000,2026-03-29T01:15:00+00:00,520.92000000,521.43000000,520.92000000,521.17000000,15.72000000
1774747800000,2026-03-29T01:30:00+00:00,521.09000000,521.17000000,521.09000000,521.09000000,0.67000000
1774748700000,2026-03-29T01:45:00+00:00,521.10000000,521.61000000,521.10000000,521.33000000,18.99000000
1774749600000,2026-03-29T02:00:00+00:00,521.26000000,521.33000000,521.26000000,521.29000000,1.40000000
1774750500000,2026-03-29T02:15:00+00:00,521.39000000,521.39000000,521.23000000,521.23000000,1.99000000
1774751400000,2026-03-29T02:30:00+00:00,521.18000000,521.50000000,521.10000000,521.50000000,6.23000000
1774752300000,2026-03-29T02:45:00+00:00,521.39000000,521.57000000,521.17000000,521.17000000,3.36000000
1774753200000,2026-03-29T03:00:00+00:00,521.12000000,521.87000000,521.12000000,521.55000000,9.16000000
1774754100000,2026-03-29T03:15:00+00:00,521.69000000,522.26000000,521.68000000,522.03000000,9.03000000
1774755000000,2026-03-29T03:30:00+00:00,522.00000000,522.21000000,522.00000000,522.03000000,0.25000000
1774755900000,2026-03-29T03:45:00+00:00,522.07000000,522.07000000,521.88000000,521.88000000,0.90000000
1774756800000,2026-03-29T04:00:00+00:00,522.00000000,522.14000000,521.65000000,521.72000000,32.35000000
1774757700000,2026-03-29T04:15:00+00:00,521.72000000,521.72000000,521.21000000,521.27000000,22.32000000
1774758600000,2026-03-29T04:30:00+00:00,521.30000000,521.50000000,520.93000000,521.27000000,18.97000000
1774759500000,2026-03-29T04:45:00+00:00,521.34000000,521.49000000,521.34000000,521.49000000,0.15000000
1774760400000,2026-03-29T05:00:00+00:00,521.34000000,521.49000000,521.34000000,521.34000000,0.35000000
1774761300000,2026-03-29T05:15:00+00:00,521.34000000,521.41000000,521.05000000,521.19000000,17.88000000
1774762200000,2026-03-29T05:30:00+00:00,521.19000000,521.66000000,520.67000000,520.81000000,11.49000000
1774763100000,2026-03-29T05:45:00+00:00,521.00000000,521.24000000,520.86000000,521.24000000,0.94000000
1774764000000,2026-03-29T06:00:00+00:00,521.03000000,521.03000000,520.91000000,520.99000000,1.11000000
1774764900000,2026-03-29T06:15:00+00:00,521.00000000,521.00000000,520.92000000,520.99000000,0.56000000
1774765800000,2026-03-29T06:30:00+00:00,520.92000000,520.99000000,520.92000000,520.92000000,0.40000000
1774766700000,2026-03-29T06:45:00+00:00,520.99000000,521.45000000,520.96000000,521.17000000,14.96000000
1774767600000,2026-03-29T07:00:00+00:00,520.85000000,521.27000000,520.74000000,521.03000000,5.30000000
1774768500000,2026-03-29T07:15:00+00:00,520.98000000,521.22000000,520.51000000,520.63000000,11.88000000
1774769400000,2026-03-29T07:30:00+00:00,520.63000000,520.73000000,520.63000000,520.63000000,0.44000000
1774770300000,2026-03-29T07:45:00+00:00,520.61000000,520.72000000,520.61000000,520.61000000,1.28000000
1774771200000,2026-03-29T08:00:00+00:00,520.61000000,521.03000000,520.61000000,521.03000000,1.27000000
1774772100000,2026-03-29T08:15:00+00:00,520.96000000,521.33000000,520.41000000,521.12000000,30.76000000
1774773000000,2026-03-29T08:30:00+00:00,521.12000000,521.29000000,521.12000000,521.12000000,0.13000000
1774773900000,2026-03-29T08:45:00+00:00,521.12000000,521.12000000,520.42000000,520.58000000,7.62000000
1774774800000,2026-03-29T09:00:00+00:00,520.58000000,520.95000000,520.54000000,520.68000000,12.76000000
1774775700000,2026-03-29T09:15:00+00:00,520.99000000,521.02000000,520.64000000,520.64000000,3.06000000
1774776600000,2026-03-29T09:30:00+00:00,520.57000000,521.21000000,520.27000000,520.30000000,25.73000000
1774777500000,2026-03-29T09:45:00+00:00,520.60000000,521.03000000,520.12000000,520.49000000,23.33000000
1774778400000,2026-03-29T10:00:00+00:00,520.21000000,520.56000000,520.09000000,520.22000000,30.08000000
1774779300000,2026-03-29T10:15:00+00:00,520.25000000,520.68000000,520.10000000,520.54000000,2.71000000
1774780200000,2026-03-29T10:30:00+00:00,520.37000000,520.58000000,520.34000000,520.57000000,6.00000000
1774781100000,2026-03-29T10:45:00+00:00,520.57000000,520.79000000,520.51000000,520.64000000,2.35000000
1774782000000,2026-03-29T11:00:00+00:00,520.75000000,520.75000000,520.57000000,520.75000000,0.96000000
1774782900000,2026-03-29T11:15:00+00:00,520.58000000,521.23000000,520.57000000,520.82000000,6.19000000
1774783800000,2026-03-29T11:30:00+00:00,520.82000000,521.33000000,520.82000000,521.21000000,2.18000000
1774784700000,2026-03-29T11:45:00+00:00,521.31000000,521.52000000,521.30000000,521.52000000,8.02000000
1774785600000,2026-03-29T12:00:00+00:00,521.60000000,521.60000000,521.21000000,521.21000000,3.67000000
1774786500000,2026-03-29T12:15:00+00:00,521.43000000,521.60000000,521.29000000,521.60000000,1.77000000
1774787400000,2026-03-29T12:30:00+00:00,521.59000000,521.60000000,521.37000000,521.41000000,1.70000000
1774788300000,2026-03-29T12:45:00+00:00,521.40000000,521.58000000,521.21000000,521.58000000,10.92000000
1774789200000,2026-03-29T13:00:00+00:00,521.50000000,521.50000000,521.23000000,521.28000000,2.28000000
1774790100000,2026-03-29T13:15:00+00:00,521.28000000,521.49000000,521.20000000,521.44000000,4.33000000
1774791000000,2026-03-29T13:30:00+00:00,521.48000000,521.49000000,521.26000000,521.42000000,0.77000000
1774791900000,2026-03-29T13:45:00+00:00,521.30000000,521.43000000,521.23000000,521.43000000,0.77000000
1774792800000,2026-03-29T14:00:00+00:00,521.43000000,521.43000000,521.24000000,521.27000000,3.89000000
1774793700000,2026-03-29T14:15:00+00:00,521.27000000,521.27000000,521.22000000,521.22000000,1.63000000
1774794600000,2026-03-29T14:30:00+00:00,521.20000000,521.20000000,520.75000000,520.75000000,16.36000000
1774795500000,2026-03-29T14:45:00+00:00,521.04000000,521.15000000,520.62000000,520.62000000,1.32000000
1774796400000,2026-03-29T15:00:00+00:00,520.62000000,520.62000000,520.60000000,520.60000000,1.18000000
1774797300000,2026-03-29T15:15:00+00:00,520.59000000,520.67000000,520.10000000,520.10000000,23.47000000
1774798200000,2026-03-29T15:30:00+00:00,520.29000000,520.69000000,520.25000000,520.41000000,7.56000000
1774799100000,2026-03-29T15:45:00+00:00,520.32000000,521.24000000,520.29000000,520.71000000,33.36000000
1774800000000,2026-03-29T16:00:00+00:00,520.88000000,521.14000000,520.88000000,521.11000000,3.21000000
1774800900000,2026-03-29T16:15:00+00:00,521.01000000,521.11000000,520.65000000,520.90000000,7.22000000
1774801800000,2026-03-29T16:30:00+00:00,520.91000000,520.91000000,520.86000000,520.86000000,0.15000000
1774802700000,2026-03-29T16:45:00+00:00,520.88000000,521.03000000,520.34000000,521.03000000,21.89000000
1774803600000,2026-03-29T17:00:00+00:00,520.94000000,521.33000000,520.81000000,521.32000000,1.80000000
1774804500000,2026-03-29T17:15:00+00:00,521.33000000,521.33000000,521.00000000,521.00000000,1.95000000
1774805400000,2026-03-29T17:30:00+00:00,521.00000000,521.17000000,520.44000000,520.44000000,2.64000000
1774806300000,2026-03-29T17:45:00+00:00,520.71000000,520.73000000,520.71000000,520.73000000,0.12000000
1774807200000,2026-03-29T18:00:00+00:00,520.73000000,520.88000000,520.73000000,520.87000000,1.05000000
1774808100000,2026-03-29T18:15:00+00:00,520.87000000,520.87000000,520.75000000,520.87000000,0.30000000
1774809000000,2026-03-29T18:30:00+00:00,520.75000000,521.22000000,520.75000000,521.22000000,0.59000000
1774809900000,2026-03-29T18:45:00+00:00,520.94000000,521.29000000,520.94000000,521.21000000,3.27000000
1774810800000,2026-03-29T19:00:00+00:00,521.21000000,521.21000000,521.20000000,521.20000000,0.28000000
1774811700000,2026-03-29T19:15:00+00:00,521.31000000,521.35000000,521.31000000,521.32000000,4.46000000
1774812600000,2026-03-29T19:30:00+00:00,521.32000000,521.35000000,521.17000000,521.17000000,3.23000000
1774813500000,2026-03-29T19:45:00+00:00,521.21000000,521.35000000,521.16000000,521.16000000,1.12000000
1774814400000,2026-03-29T20:00:00+00:00,521.16000000,521.35000000,521.09000000,521.35000000,6.84000000
1774815300000,2026-03-29T20:15:00+00:00,521.35000000,521.54000000,521.01000000,521.01000000,15.99000000
1774816200000,2026-03-29T20:30:00+00:00,521.47000000,521.58000000,521.29000000,521.58000000,2.43000000
1774817100000,2026-03-29T20:45:00+00:00,521.58000000,521.58000000,521.00000000,521.32000000,0.23000000
1774818000000,2026-03-29T21:00:00+00:00,521.35000000,521.58000000,521.18000000,521.56000000,3.00000000
1774818900000,2026-03-29T21:15:00+00:00,521.37000000,522.00000000,521.37000000,521.83000000,4.93000000
1774819800000,2026-03-29T21:30:00+00:00,521.95000000,522.25000000,521.70000000,521.97000000,11.36000000
1774820700000,2026-03-29T21:45:00+00:00,521.97000000,521.99000000,521.23000000,521.53000000,0.60000000
1774821600000,2026-03-29T22:00:00+00:00,521.54000000,521.54000000,520.62000000,520.82000000,8.63000000
1774822500000,2026-03-29T22:15:00+00:00,520.82000000,520.82000000,520.34000000,520.79000000,28.19000000
1774823400000,2026-03-29T22:30:00+00:00,520.87000000,521.41000000,520.31000000,520.49000000,44.93000000
1774824300000,2026-03-29T22:45:00+00:00,520.50000000,520.74000000,519.59000000,520.55000000,65.55000000
1774825200000,2026-03-29T23:00:00+00:00,520.57000000,520.76000000,520.14000000,520.40000000,8.93000000
1774826100000,2026-03-29T23:15:00+00:00,520.19000000,520.99000000,520.06000000,520.09000000,34.38000000
1774827000000,2026-03-29T23:30:00+00:00,520.09000000,520.54000000,519.65000000,519.84000000,25.42000000
1774827900000,2026-03-29T23:45:00+00:00,519.77000000,520.06000000,519.28000000,519.29000000,4.83000000
1774828800000,2026-03-30T00:00:00+00:00,519.29000000,522.39000000,518.23000000,521.95000000,152.17000000
1774829700000,2026-03-30T00:15:00+00:00,521.74000000,527.29000000,521.64000000,525.31000000,262.24000000
1774830600000,2026-03-30T00:30:00+00:00,525.10000000,526.10000000,523.31000000,523.47000000,103.79000000
1774831500000,2026-03-30T00:45:00+00:00,523.85000000,525.89000000,523.85000000,524.89000000,100.85000000
1774832400000,2026-03-30T01:00:00+00:00,524.94000000,525.95000000,523.66000000,524.92000000,68.27000000
1774833300000,2026-03-30T01:15:00+00:00,525.28000000,525.67000000,524.36000000,525.50000000,62.41000000
1774834200000,2026-03-30T01:30:00+00:00,525.34000000,527.48000000,525.25000000,527.14000000,82.30000000
1774835100000,2026-03-30T01:45:00+00:00,527.14000000,527.39000000,525.93000000,527.32000000,115.55000000
1774836000000,2026-03-30T02:00:00+00:00,527.48000000,530.40000000,526.86000000,530.18000000,147.56000000
1774836900000,2026-03-30T02:15:00+00:00,529.78000000,530.16000000,528.08000000,529.16000000,30.93000000
1774837800000,2026-03-30T02:30:00+00:00,529.11000000,530.31000000,529.11000000,529.91000000,31.03000000
1774838700000,2026-03-30T02:45:00+00:00,529.78000000,530.57000000,529.22000000,529.62000000,62.47000000
1774839600000,2026-03-30T03:00:00+00:00,530.13000000,532.37000000,530.07000000,531.62000000,149.23000000
1774840500000,2026-03-30T03:15:00+00:00,531.75000000,532.38000000,531.23000000,531.62000000,43.71000000
1774841400000,2026-03-30T03:30:00+00:00,531.27000000,531.27000000,529.68000000,529.71000000,41.34000000
1774842300000,2026-03-30T03:45:00+00:00,529.94000000,530.61000000,529.26000000,530.61000000,61.69000000
1774843200000,2026-03-30T04:00:00+00:00,530.89000000,532.42000000,530.60000000,531.12000000,51.82000000
1774844100000,2026-03-30T04:15:00+00:00,530.89000000,530.98000000,530.08000000,530.96000000,80.57000000
1774845000000,2026-03-30T04:30:00+00:00,530.81000000,531.37000000,530.35000000,530.37000000,25.98000000
1774845900000,2026-03-30T04:45:00+00:00,530.57000000,530.93000000,530.12000000,530.74000000,5.75000000
1774846800000,2026-03-30T05:00:00+00:00,530.76000000,531.86000000,530.76000000,531.43000000,42.88000000
1774847700000,2026-03-30T05:15:00+00:00,531.43000000,531.83000000,531.11000000,531.11000000,5.58000000
1774848600000,2026-03-30T05:30:00+00:00,531.08000000,531.99000000,530.94000000,530.94000000,33.65000000
1774849500000,2026-03-30T05:45:00+00:00,531.20000000,531.50000000,530.39000000,531.14000000,19.20000000
1774850400000,2026-03-30T06:00:00+00:00,531.48000000,532.22000000,531.12000000,531.62000000,24.89000000
1774851300000,2026-03-30T06:15:00+00:00,531.62000000,532.53000000,531.57000000,532.11000000,21.07000000
1774852200000,2026-03-30T06:30:00+00:00,532.14000000,532.64000000,531.76000000,532.14000000,123.91000000
1774853100000,2026-03-30T06:45:00+00:00,532.14000000,532.87000000,531.65000000,531.80000000,45.77000000
1774854000000,2026-03-30T07:00:00+00:00,531.90000000,531.90000000,530.09000000,531.20000000,41.56000000
1774854900000,2026-03-30T07:15:00+00:00,531.20000000,531.71000000,530.73000000,531.37000000,8.10000000
1774855800000,2026-03-30T07:30:00+00:00,531.16000000,531.83000000,530.40000000,531.58000000,24.53000000
1774856700000,2026-03-30T07:45:00+00:00,531.73000000,532.60000000,531.38000000,531.86000000,24.78000000
1774857600000,2026-03-30T08:00:00+00:00,532.15000000,533.25000000,530.48000000,531.61000000,169.58000000
1774858500000,2026-03-30T08:15:00+00:00,531.56000000,532.62000000,531.48000000,532.62000000,30.85000000
1774859400000,2026-03-30T08:30:00+00:00,532.47000000,533.86000000,532.37000000,533.86000000,40.19000000
1774860300000,2026-03-30T08:45:00+00:00,533.66000000,533.87000000,532.77000000,532.88000000,20.15000000
1774861200000,2026-03-30T09:00:00+00:00,533.08000000,533.50000000,532.70000000,533.09000000,6.33000000
1774862100000,2026-03-30T09:15:00+00:00,532.86000000,533.27000000,531.78000000,532.64000000,33.53000000
1774863000000,2026-03-30T09:30:00+00:00,532.81000000,532.81000000,531.62000000,531.62000000,20.18000000
1774863900000,2026-03-30T09:45:00+00:00,531.73000000,531.86000000,530.81000000,531.28000000,22.08000000
1774864800000,2026-03-30T10:00:00+00:00,531.50000000,532.58000000,530.62000000,531.48000000,181.83000000
1774865700000,2026-03-30T10:15:00+00:00,531.42000000,532.10000000,531.06000000,531.55000000,30.01000000
1774866600000,2026-03-30T10:30:00+00:00,531.55000000,531.78000000,530.55000000,531.20000000,42.87000000
1774867500000,2026-03-30T10:45:00+00:00,531.25000000,531.74000000,531.13000000,531.22000000,8.93000000
1774868400000,2026-03-30T11:00:00+00:00,531.05000000,531.74000000,530.06000000,531.74000000,106.24000000
1774869300000,2026-03-30T11:15:00+00:00,531.79000000,533.57000000,531.50000000,533.12000000,67.90000000
1774870200000,2026-03-30T11:30:00+00:00,533.02000000,533.27000000,532.05000000,532.73000000,43.01000000
1774871100000,2026-03-30T11:45:00+00:00,532.72000000,533.13000000,532.29000000,532.34000000,55.81000000
1774872000000,2026-03-30T12:00:00+00:00,532.71000000,534.08000000,531.88000000,533.41000000,24.86000000
1774872900000,2026-03-30T12:15:00+00:00,533.42000000,534.50000000,533.42000000,533.58000000,40.05000000
1774873800000,2026-03-30T12:30:00+00:00,533.49000000,533.56000000,532.54000000,533.04000000,45.11000000
1774874700000,2026-03-30T12:45:00+00:00,533.03000000,533.65000000,532.73000000,532.89000000,70.81000000
1774875600000,2026-03-30T13:00:00+00:00,533.14000000,535.59000000,532.65000000,535.43000000,102.54000000
1774876500000,2026-03-30T13:15:00+00:00,534.98000000,537.33000000,534.98000000,536.71000000,118.71000000
1774877400000,2026-03-30T13:30:00+00:00,536.59000000,537.25000000,531.57000000,535.02000000,810.62000000
1774878300000,2026-03-30T13:45:00+00:00,534.85000000,535.34000000,529.78000000,531.74000000,348.20000000
1774879200000,2026-03-30T14:00:00+00:00,531.79000000,532.62000000,528.73000000,532.21000000,363.27000000
1774880100000,2026-03-30T14:15:00+00:00,532.18000000,533.76000000,530.83000000,532.68000000,183.57000000
1774881000000,2026-03-30T14:30:00+00:00,532.60000000,534.53000000,531.13000000,532.42000000,203.29000000
1774881900000,2026-03-30T14:45:00+00:00,532.45000000,534.94000000,532.05000000,534.76000000,128.09000000
1774882800000,2026-03-30T15:00:00+00:00,535.09000000,537.16000000,532.67000000,532.77000000,161.46000000
1774883700000,2026-03-30T15:15:00+00:00,532.79000000,535.44000000,532.40000000,534.52000000,98.14000000
1774884600000,2026-03-30T15:30:00+00:00,534.28000000,538.14000000,533.97000000,538.14000000,134.20000000
1774885500000,2026-03-30T15:45:00+00:00,537.93000000,539.94000000,537.61000000,538.19000000,146.52000000
1774886400000,2026-03-30T16:00:00+00:00,538.25000000,538.98000000,536.75000000,537.93000000,109.85000000
1774887300000,2026-03-30T16:15:00+00:00,538.05000000,538.14000000,536.75000000,536.95000000,45.46000000
1774888200000,2026-03-30T16:30:00+00:00,536.73000000,538.37000000,536.63000000,537.43000000,108.37000000
1774889100000,2026-03-30T16:45:00+00:00,537.47000000,537.61000000,535.57000000,537.49000000,57.98000000
1774890000000,2026-03-30T17:00:00+00:00,537.21000000,538.22000000,536.91000000,537.00000000,56.06000000
1774890900000,2026-03-30T17:15:00+00:00,537.14000000,537.95000000,535.91000000,536.32000000,81.50000000
1774891800000,2026-03-30T17:30:00+00:00,536.46000000,537.45000000,535.39000000,537.17000000,19.89000000
1774892700000,2026-03-30T17:45:00+00:00,537.55000000,537.86000000,536.94000000,537.86000000,37.73000000
1774893600000,2026-03-30T18:00:00+00:00,537.91000000,539.33000000,537.12000000,538.39000000,103.03000000
1774894500000,2026-03-30T18:15:00+00:00,538.24000000,539.11000000,537.31000000,537.52000000,35.23000000
1774895400000,2026-03-30T18:30:00+00:00,537.60000000,538.28000000,537.11000000,537.35000000,13.06000000
1774896300000,2026-03-30T18:45:00+00:00,537.41000000,537.41000000,536.17000000,536.37000000,26.83000000
1774897200000,2026-03-30T19:00:00+00:00,536.64000000,537.34000000,534.53000000,534.74000000,59.75000000
1774898100000,2026-03-30T19:15:00+00:00,535.05000000,535.90000000,534.92000000,535.57000000,43.56000000
1774899000000,2026-03-30T19:30:00+00:00,535.35000000,535.78000000,533.78000000,535.11000000,78.76000000
1774899900000,2026-03-30T19:45:00+00:00,535.11000000,537.67000000,534.72000000,536.55000000,97.93000000
1774900800000,2026-03-30T20:00:00+00:00,536.68000000,536.77000000,535.44000000,535.44000000,30.30000000
1774901700000,2026-03-30T20:15:00+00:00,535.43000000,536.07000000,535.16000000,536.07000000,9.84000000
1774902600000,2026-03-30T20:30:00+00:00,535.57000000,536.35000000,535.14000000,536.35000000,93.66000000
1774903500000,2026-03-30T20:45:00+00:00,536.29000000,537.24000000,536.19000000,536.62000000,61.33000000
1774904400000,2026-03-30T21:00:00+00:00,536.45000000,536.54000000,536.09000000,536.13000000,12.11000000
1774905300000,2026-03-30T21:15:00+00:00,536.29000000,536.61000000,535.70000000,536.25000000,22.13000000
1774906200000,2026-03-30T21:30:00+00:00,535.92000000,536.42000000,535.92000000,536.01000000,8.62000000
1774907100000,2026-03-30T21:45:00+00:00,536.53000000,536.53000000,536.00000000,536.00000000,0.56000000
1774908000000,2026-03-30T22:00:00+00:00,536.05000000,537.52000000,536.05000000,536.54000000,8.85000000
1774908900000,2026-03-30T22:15:00+00:00,536.52000000,536.74000000,536.25000000,536.46000000,7.83000000
1774909800000,2026-03-30T22:30:00+00:00,536.81000000,536.81000000,536.38000000,536.46000000,2.23000000
1774910700000,2026-03-30T22:45:00+00:00,536.42000000,536.43000000,536.19000000,536.39000000,3.35000000
1774911600000,2026-03-30T23:00:00+00:00,536.33000000,536.33000000,534.06000000,534.10000000,29.33000000
1774912500000,2026-03-30T23:15:00+00:00,534.08000000,534.91000000,534.06000000,534.43000000,22.18000000
1774913400000,2026-03-30T23:30:00+00:00,534.67000000,534.67000000,533.89000000,534.16000000,19.12000000
1774914300000,2026-03-30T23:45:00+00:00,533.95000000,534.31000000,533.55000000,534.03000000,17.59000000
1774915200000,2026-03-31T00:00:00+00:00,533.98000000,535.14000000,533.79000000,534.46000000,61.17000000
1774916100000,2026-03-31T00:15:00+00:00,534.38000000,534.53000000,532.89000000,533.74000000,65.16000000
1774917000000,2026-03-31T00:30:00+00:00,533.81000000,537.08000000,533.68000000,536.95000000,67.02000000
1774917900000,2026-03-31T00:45:00+00:00,537.27000000,542.33000000,537.08000000,538.81000000,252.89000000
1774918800000,2026-03-31T01:00:00+00:00,539.17000000,540.23000000,538.72000000,539.41000000,44.50000000
1774919700000,2026-03-31T01:15:00+00:00,540.05000000,543.23000000,539.62000000,542.79000000,106.04000000
1774920600000,2026-03-31T01:30:00+00:00,542.76000000,545.36000000,542.48000000,543.91000000,130.95000000
1774921500000,2026-03-31T01:45:00+00:00,543.94000000,545.09000000,543.54000000,543.76000000,75.62000000
1774922400000,2026-03-31T02:00:00+00:00,543.99000000,544.40000000,543.08000000,544.15000000,14.17000000
1774923300000,2026-03-31T02:15:00+00:00,544.15000000,544.38000000,543.56000000,544.14000000,11.24000000
1774924200000,2026-03-31T02:30:00+00:00,544.24000000,544.98000000,544.02000000,544.59000000,24.11000000
1774925100000,2026-03-31T02:45:00+00:00,544.93000000,545.84000000,544.48000000,544.52000000,83.31000000
1774926000000,2026-03-31T03:00:00+00:00,544.60000000,546.18000000,544.18000000,546.09000000,44.03000000
1774926900000,2026-03-31T03:15:00+00:00,546.07000000,546.07000000,544.72000000,544.84000000,53.66000000
1774927800000,2026-03-31T03:30:00+00:00,544.83000000,545.17000000,544.08000000,544.36000000,12.13000000
1774928700000,2026-03-31T03:45:00+00:00,544.68000000,544.68000000,544.00000000,544.00000000,13.00000000
1774929600000,2026-03-31T04:00:00+00:00,543.63000000,544.33000000,543.49000000,543.70000000,31.85000000
1774930500000,2026-03-31T04:15:00+00:00,543.80000000,543.80000000,543.27000000,543.53000000,7.73000000
1774931400000,2026-03-31T04:30:00+00:00,543.43000000,543.55000000,542.60000000,542.60000000,30.65000000
1774932300000,2026-03-31T04:45:00+00:00,542.82000000,542.95000000,541.77000000,541.91000000,27.04000000
1774933200000,2026-03-31T05:00:00+00:00,541.74000000,542.33000000,540.71000000,540.81000000,34.07000000
1774934100000,2026-03-31T05:15:00+00:00,540.58000000,543.44000000,540.34000000,542.90000000,110.26000000
1774935000000,2026-03-31T05:30:00+00:00,542.86000000,543.25000000,542.40000000,543.00000000,21.21000000
1774935900000,2026-03-31T05:45:00+00:00,543.00000000,544.15000000,542.89000000,542.91000000,28.19000000
1774936800000,2026-03-31T06:00:00+00:00,542.70000000,543.12000000,541.35000000,542.18000000,20.30000000
1774937700000,2026-03-31T06:15:00+00:00,542.23000000,542.73000000,541.50000000,542.64000000,34.94000000
1774938600000,2026-03-31T06:30:00+00:00,542.62000000,542.77000000,541.94000000,542.19000000,19.97000000
1774939500000,2026-03-31T06:45:00+00:00,542.14000000,543.23000000,542.09000000,542.88000000,17.88000000
1774940400000,2026-03-31T07:00:00+00:00,542.88000000,543.47000000,542.50000000,542.57000000,46.61000000
1774941300000,2026-03-31T07:15:00+00:00,542.30000000,542.60000000,541.52000000,541.70000000,64.01000000
1774942200000,2026-03-31T07:30:00+00:00,541.93000000,544.86000000,541.93000000,544.77000000,68.31000000
1774943100000,2026-03-31T07:45:00+00:00,544.66000000,544.97000000,543.75000000,544.56000000,30.36000000
1774944000000,2026-03-31T08:00:00+00:00,544.76000000,545.55000000,542.95000000,544.55000000,76.04000000
1774944900000,2026-03-31T08:15:00+00:00,544.55000000,546.33000000,544.23000000,545.92000000,48.18000000
1774945800000,2026-03-31T08:30:00+00:00,545.63000000,545.94000000,544.74000000,545.03000000,24.41000000
1774946700000,2026-03-31T08:45:00+00:00,545.28000000,545.65000000,544.61000000,544.97000000,18.74000000
1774947600000,2026-03-31T09:00:00+00:00,544.86000000,546.10000000,544.53000000,545.97000000,47.65000000
1774948500000,2026-03-31T09:15:00+00:00,545.77000000,546.00000000,544.92000000,545.23000000,30.04000000
1774949400000,2026-03-31T09:30:00+00:00,545.14000000,546.00000000,544.65000000,545.74000000,228.16000000
1774950300000,2026-03-31T09:45:00+00:00,545.64000000,545.64000000,544.01000000,544.17000000,51.33000000
1774951200000,2026-03-31T10:00:00+00:00,544.53000000,545.22000000,544.30000000,544.85000000,32.44000000
1774952100000,2026-03-31T10:15:00+00:00,544.84000000,545.87000000,544.74000000,545.24000000,51.43000000
1774953000000,2026-03-31T10:30:00+00:00,545.25000000,545.25000000,543.18000000,543.61000000,22.44000000
1774953900000,2026-03-31T10:45:00+00:00,543.43000000,543.90000000,542.92000000,543.65000000,18.18000000
1774954800000,2026-03-31T11:00:00+00:00,543.59000000,543.59000000,541.61000000,543.40000000,85.19000000
1774955700000,2026-03-31T11:15:00+00:00,543.47000000,545.65000000,543.40000000,544.06000000,64.87000000
1774956600000,2026-03-31T11:30:00+00:00,544.20000000,545.32000000,543.84000000,545.31000000,12.51000000
1774957500000,2026-03-31T11:45:00+00:00,545.71000000,545.84000000,544.14000000,545.01000000,9.94000000
1774958400000,2026-03-31T12:00:00+00:00,545.01000000,546.81000000,544.36000000,544.36000000,186.26000000
1774959300000,2026-03-31T12:15:00+00:00,544.26000000,545.63000000,543.81000000,545.63000000,30.76000000
1774960200000,2026-03-31T12:30:00+00:00,545.49000000,545.92000000,545.21000000,545.92000000,23.96000000
1774961100000,2026-03-31T12:45:00+00:00,546.02000000,546.87000000,545.56000000,545.75000000,29.96000000
1774962000000,2026-03-31T13:00:00+00:00,545.90000000,548.00000000,545.62000000,547.90000000,51.23000000
1774962900000,2026-03-31T13:15:00+00:00,547.89000000,550.00000000,547.53000000,549.84000000,151.48000000
1774963800000,2026-03-31T13:30:00+00:00,549.93000000,557.99000000,547.43000000,555.93000000,1211.21000000
1774964700000,2026-03-31T13:45:00+00:00,555.73000000,558.89000000,554.44000000,557.50000000,757.99000000
1774965600000,2026-03-31T14:00:00+00:00,557.30000000,558.59000000,555.23000000,555.93000000,515.65000000
1774966500000,2026-03-31T14:15:00+00:00,555.95000000,558.54000000,555.62000000,555.83000000,441.11000000
1774967400000,2026-03-31T14:30:00+00:00,555.61000000,557.78000000,554.98000000,556.05000000,207.75000000
1774968300000,2026-03-31T14:45:00+00:00,555.91000000,556.26000000,551.82000000,552.46000000,217.36000000
1774969200000,2026-03-31T15:00:00+00:00,552.37000000,556.13000000,551.85000000,555.93000000,215.11000000
1774970100000,2026-03-31T15:15:00+00:00,555.93000000,558.13000000,555.11000000,557.66000000,136.11000000
1774971000000,2026-03-31T15:30:00+00:00,557.69000000,559.00000000,556.20000000,557.01000000,239.18000000
1774971900000,2026-03-31T15:45:00+00:00,557.36000000,559.12000000,557.00000000,557.36000000,83.94000000
1774972800000,2026-03-31T16:00:00+00:00,557.01000000,560.79000000,556.56000000,560.43000000,132.74000000
1774973700000,2026-03-31T16:15:00+00:00,560.56000000,561.41000000,559.40000000,560.12000000,111.01000000
1774974600000,2026-03-31T16:30:00+00:00,560.30000000,567.02000000,560.12000000,565.34000000,296.25000000
1774975500000,2026-03-31T16:45:00+00:00,565.52000000,567.65000000,564.94000000,567.05000000,290.86000000
1774976400000,2026-03-31T17:00:00+00:00,566.78000000,570.83000000,566.78000000,570.48000000,241.68000000
1774977300000,2026-03-31T17:15:00+00:00,570.92000000,574.10000000,570.18000000,570.30000000,245.46000000
1774978200000,2026-03-31T17:30:00+00:00,570.49000000,572.21000000,568.68000000,569.43000000,261.17000000
1774979100000,2026-03-31T17:45:00+00:00,569.53000000,570.65000000,569.00000000,569.47000000,490.64000000
1774980000000,2026-03-31T18:00:00+00:00,569.44000000,571.63000000,569.24000000,571.30000000,74.15000000
1774980900000,2026-03-31T18:15:00+00:00,571.29000000,572.00000000,570.15000000,571.60000000,44.03000000
1774981800000,2026-03-31T18:30:00+00:00,571.60000000,572.53000000,570.63000000,570.63000000,50.79000000
1774982700000,2026-03-31T18:45:00+00:00,570.79000000,572.30000000,570.79000000,570.91000000,53.79000000
1774983600000,2026-03-31T19:00:00+00:00,570.86000000,570.97000000,569.00000000,570.22000000,195.96000000
1774984500000,2026-03-31T19:15:00+00:00,570.72000000,571.12000000,570.16000000,570.55000000,61.31000000
1774985400000,2026-03-31T19:30:00+00:00,570.54000000,571.76000000,569.56000000,569.57000000,94.12000000
1774986300000,2026-03-31T19:45:00+00:00,569.63000000,572.85000000,569.24000000,572.49000000,201.04000000
1774987200000,2026-03-31T20:00:00+00:00,572.07000000,573.61000000,571.28000000,573.34000000,93.29000000
1774988100000,2026-03-31T20:15:00+00:00,573.61000000,574.36000000,573.24000000,573.96000000,17.73000000
1774989000000,2026-03-31T20:30:00+00:00,573.57000000,574.18000000,573.00000000,573.06000000,17.55000000
1774989900000,2026-03-31T20:45:00+00:00,573.06000000,573.41000000,572.63000000,573.11000000,6.36000000
1774990800000,2026-03-31T21:00:00+00:00,573.04000000,573.09000000,572.64000000,572.81000000,32.01000000
1774991700000,2026-03-31T21:15:00+00:00,572.78000000,573.13000000,572.04000000,572.38000000,25.75000000
1774992600000,2026-03-31T21:30:00+00:00,572.62000000,572.92000000,571.91000000,571.91000000,18.86000000
1774993500000,2026-03-31T21:45:00+00:00,571.80000000,572.48000000,571.77000000,572.22000000,36.52000000
1774994400000,2026-03-31T22:00:00+00:00,571.79000000,572.92000000,571.62000000,572.85000000,40.58000000
1774995300000,2026-03-31T22:15:00+00:00,572.73000000,574.46000000,572.28000000,573.52000000,21.50000000
1774996200000,2026-03-31T22:30:00+00:00,573.57000000,573.92000000,573.45000000,573.81000000,19.08000000
1774997100000,2026-03-31T22:45:00+00:00,573.81000000,574.18000000,573.45000000,574.18000000,27.97000000
1774998000000,2026-03-31T23:00:00+00:00,573.93000000,574.55000000,573.92000000,574.53000000,15.87000000
1774998900000,2026-03-31T23:15:00+00:00,574.51000000,574.93000000,574.05000000,574.93000000,25.98000000
1774999800000,2026-03-31T23:30:00+00:00,574.92000000,575.65000000,574.50000000,575.05000000,31.82000000
1775000700000,2026-03-31T23:45:00+00:00,574.89000000,577.15000000,574.89000000,577.05000000,38.56000000
1775001600000,2026-04-01T00:00:00+00:00,576.86000000,578.28000000,575.98000000,577.43000000,116.26000000
1775002500000,2026-04-01T00:15:00+00:00,577.43000000,577.74000000,576.57000000,576.92000000,64.61000000
1775003400000,2026-04-01T00:30:00+00:00,576.57000000,576.95000000,575.84000000,576.22000000,47.49000000
1775004300000,2026-04-01T00:45:00+00:00,576.22000000,576.70000000,575.46000000,576.33000000,35.00000000
1775005200000,2026-04-01T01:00:00+00:00,576.34000000,576.34000000,574.51000000,574.91000000,67.39000000
1775006100000,2026-04-01T01:15:00+00:00,574.81000000,574.88000000,573.63000000,574.85000000,58.21000000
1775007000000,2026-04-01T01:30:00+00:00,574.59000000,574.69000000,573.69000000,573.69000000,20.28000000
1775007900000,2026-04-01T01:45:00+00:00,573.64000000,574.52000000,573.52000000,574.52000000,11.82000000
1775008800000,2026-04-01T02:00:00+00:00,574.24000000,575.05000000,574.24000000,574.72000000,10.65000000
1775009700000,2026-04-01T02:15:00+00:00,574.37000000,574.47000000,573.52000000,573.52000000,32.46000000
1775010600000,2026-04-01T02:30:00+00:00,573.53000000,574.15000000,573.27000000,574.15000000,21.47000000
1775011500000,2026-04-01T02:45:00+00:00,574.09000000,574.09000000,573.62000000,573.90000000,11.11000000
1775012400000,2026-04-01T03:00:00+00:00,573.96000000,575.15000000,573.96000000,574.16000000,58.64000000
1775013300000,2026-04-01T03:15:00+00:00,574.07000000,574.72000000,574.07000000,574.32000000,16.29000000
1775014200000,2026-04-01T03:30:00+00:00,574.39000000,574.86000000,574.16000000,574.66000000,15.94000000
1775015100000,2026-04-01T03:45:00+00:00,574.83000000,575.56000000,574.82000000,574.96000000,38.26000000
1775016000000,2026-04-01T04:00:00+00:00,574.78000000,575.48000000,574.78000000,575.47000000,13.63000000
1775016900000,2026-04-01T04:15:00+00:00,575.50000000,576.01000000,574.99000000,575.61000000,11.30000000
1775017800000,2026-04-01T04:30:00+00:00,575.87000000,576.17000000,575.67000000,576.05000000,13.90000000
1775018700000,2026-04-01T04:45:00+00:00,576.21000000,576.70000000,575.55000000,575.99000000,29.19000000
1775019600000,2026-04-01T05:00:00+00:00,576.00000000,577.00000000,575.99000000,576.41000000,17.93000000
1775020500000,2026-04-01T05:15:00+00:00,576.66000000,577.97000000,576.50000000,577.92000000,26.14000000
1775021400000,2026-04-01T05:30:00+00:00,577.91000000,578.18000000,576.30000000,577.55000000,37.56000000
1775022300000,2026-04-01T05:45:00+00:00,577.20000000,577.91000000,576.18000000,576.56000000,39.85000000
1775023200000,2026-04-01T06:00:00+00:00,576.58000000,577.63000000,575.96000000,577.63000000,23.00000000
1775024100000,2026-04-01T06:15:00+00:00,577.87000000,579.08000000,577.76000000,579.01000000,42.90000000
1775025000000,2026-04-01T06:30:00+00:00,578.82000000,580.57000000,578.82000000,580.05000000,113.64000000
1775025900000,2026-04-01T06:45:00+00:00,580.34000000,580.34000000,579.04000000,579.34000000,97.21000000
1775026800000,2026-04-01T07:00:00+00:00,579.33000000,579.81000000,578.96000000,579.43000000,40.10000000
1775027700000,2026-04-01T07:15:00+00:00,579.32000000,579.60000000,578.67000000,579.14000000,33.69000000
1775028600000,2026-04-01T07:30:00+00:00,579.25000000,579.69000000,578.83000000,579.12000000,7.61000000
1775029500000,2026-04-01T07:45:00+00:00,579.19000000,579.19000000,576.91000000,577.60000000,60.24000000
1775030400000,2026-04-01T08:00:00+00:00,577.61000000,577.81000000,575.43000000,576.36000000,105.98000000
1775031300000,2026-04-01T08:15:00+00:00,576.68000000,578.16000000,576.68000000,577.49000000,23.69000000
1775032200000,2026-04-01T08:30:00+00:00,577.86000000,578.91000000,577.45000000,578.39000000,64.83000000
1775033100000,2026-04-01T08:45:00+00:00,578.32000000,578.35000000,576.28000000,576.62000000,23.00000000
1775034000000,2026-04-01T09:00:00+00:00,576.65000000,576.65000000,574.61000000,575.37000000,67.75000000
1775034900000,2026-04-01T09:15:00+00:00,575.54000000,575.54000000,574.60000000,575.32000000,41.22000000
1775035800000,2026-04-01T09:30:00+00:00,575.61000000,575.69000000,575.01000000,575.45000000,26.98000000
1775036700000,2026-04-01T09:45:00+00:00,575.12000000,576.46000000,575.12000000,576.04000000,13.35000000
1775037600000,2026-04-01T10:00:00+00:00,576.29000000,576.56000000,575.21000000,575.57000000,25.40000000
1775038500000,2026-04-01T10:15:00+00:00,575.78000000,576.55000000,575.67000000,575.67000000,28.25000000
1775039400000,2026-04-01T10:30:00+00:00,575.88000000,576.11000000,575.45000000,576.11000000,24.32000000
1775040300000,2026-04-01T10:45:00+00:00,576.12000000,577.31000000,575.96000000,576.50000000,42.41000000
1775041200000,2026-04-01T11:00:00+00:00,576.05000000,577.52000000,575.98000000,576.32000000,58.10000000
1775042100000,2026-04-01T11:15:00+00:00,576.32000000,576.61000000,575.36000000,575.61000000,31.28000000
1775043000000,2026-04-01T11:30:00+00:00,575.93000000,578.04000000,575.52000000,578.04000000,40.32000000
1775043900000,2026-04-01T11:45:00+00:00,578.22000000,578.67000000,577.28000000,578.53000000,28.41000000
1775044800000,2026-04-01T12:00:00+00:00,578.41000000,578.83000000,577.89000000,577.89000000,70.59000000
1775045700000,2026-04-01T12:15:00+00:00,578.18000000,578.62000000,577.98000000,578.40000000,15.61000000
1775046600000,2026-04-01T12:30:00+00:00,578.38000000,579.08000000,577.97000000,578.79000000,25.87000000
1775047500000,2026-04-01T12:45:00+00:00,579.07000000,579.43000000,576.55000000,576.77000000,150.46000000
1775048400000,2026-04-01T13:00:00+00:00,576.47000000,577.55000000,575.95000000,577.21000000,34.90000000
1775049300000,2026-04-01T13:15:00+00:00,577.12000000,580.96000000,577.06000000,580.12000000,221.69000000
1775050200000,2026-04-01T13:30:00+00:00,580.13000000,585.00000000,575.02000000,578.85000000,1061.78000000
1775051100000,2026-04-01T13:45:00+00:00,578.86000000,579.23000000,574.07000000,577.66000000,380.26000000
1775052000000,2026-04-01T14:00:00+00:00,577.84000000,578.99000000,576.20000000,577.01000000,260.29000000
1775052900000,2026-04-01T14:15:00+00:00,577.59000000,580.32000000,576.98000000,579.30000000,290.13000000
1775053800000,2026-04-01T14:30:00+00:00,579.45000000,579.89000000,577.41000000,578.62000000,259.91000000
1775054700000,2026-04-01T14:45:00+00:00,578.60000000,582.25000000,576.53000000,581.83000000,232.87000000
1775055600000,2026-04-01T15:00:00+00:00,581.81000000,582.47000000,581.14000000,581.70000000,102.65000000
1775056500000,2026-04-01T15:15:00+00:00,581.81000000,583.64000000,581.11000000,583.12000000,209.87000000
1775057400000,2026-04-01T15:30:00+00:00,583.33000000,583.71000000,582.07000000,583.04000000,115.37000000
1775058300000,2026-04-01T15:45:00+00:00,583.29000000,584.52000000,582.91000000,583.25000000,60.70000000
1775059200000,2026-04-01T16:00:00+00:00,583.58000000,585.85000000,583.44000000,584.94000000,208.96000000
1775060100000,2026-04-01T16:15:00+00:00,584.91000000,588.14000000,584.53000000,587.22000000,157.47000000
1775061000000,2026-04-01T16:30:00+00:00,587.36000000,588.42000000,586.87000000,588.39000000,83.49000000
1775061900000,2026-04-01T16:45:00+00:00,588.62000000,589.89000000,587.56000000,589.65000000,87.85000000
1775062800000,2026-04-01T17:00:00+00:00,589.86000000,592.50000000,589.63000000,591.35000000,158.63000000
1775063700000,2026-04-01T17:15:00+00:00,591.24000000,591.50000000,589.48000000,590.49000000,121.35000000
1775064600000,2026-04-01T17:30:00+00:00,590.70000000,590.70000000,588.00000000,588.00000000,72.31000000
1775065500000,2026-04-01T17:45:00+00:00,587.88000000,588.21000000,586.30000000,586.30000000,53.00000000
1775066400000,2026-04-01T18:00:00+00:00,586.30000000,586.30000000,583.43000000,583.84000000,93.28000000
1775067300000,2026-04-01T18:15:00+00:00,583.82000000,583.82000000,579.59000000,579.88000000,109.06000000
1775068200000,2026-04-01T18:30:00+00:00,579.59000000,579.91000000,578.13000000,578.91000000,129.38000000
1775069100000,2026-04-01T18:45:00+00:00,578.20000000,578.68000000,576.48000000,577.29000000,54.22000000
1775070000000,2026-04-01T19:00:00+00:00,577.35000000,578.74000000,577.29000000,578.54000000,45.62000000
1775070900000,2026-04-01T19:15:00+00:00,578.25000000,580.93000000,577.77000000,580.81000000,36.00000000
1775071800000,2026-04-01T19:30:00+00:00,580.56000000,581.62000000,580.43000000,581.62000000,55.43000000
1775072700000,2026-04-01T19:45:00+00:00,581.92000000,582.35000000,578.25000000,579.31000000,335.10000000
1775073600000,2026-04-01T20:00:00+00:00,579.61000000,579.61000000,577.95000000,579.21000000,38.35000000
1775074500000,2026-04-01T20:15:00+00:00,579.26000000,579.59000000,578.83000000,578.83000000,2.63000000
1775075400000,2026-04-01T20:30:00+00:00,578.77000000,578.90000000,578.48000000,578.85000000,99.98000000
1775076300000,2026-04-01T20:45:00+00:00,578.85000000,579.65000000,578.85000000,579.28000000,8.54000000
1775077200000,2026-04-01T21:00:00+00:00,579.25000000,579.25000000,578.85000000,578.85000000,15.01000000
1775078100000,2026-04-01T21:15:00+00:00,578.98000000,579.32000000,578.92000000,578.92000000,10.69000000
1775079000000,2026-04-01T21:30:00+00:00,578.92000000,579.12000000,578.92000000,579.12000000,1.10000000
1775079900000,2026-04-01T21:45:00+00:00,579.21000000,579.21000000,578.76000000,578.76000000,0.28000000
1775080800000,2026-04-01T22:00:00+00:00,578.77000000,578.99000000,578.35000000,578.75000000,3.07000000
1775081700000,2026-04-01T22:15:00+00:00,578.65000000,578.65000000,577.34000000,577.70000000,6.27000000
1775082600000,2026-04-01T22:30:00+00:00,577.69000000,578.65000000,577.69000000,578.65000000,22.13000000
1775083500000,2026-04-01T22:45:00+00:00,577.96000000,577.96000000,577.65000000,577.65000000,4.13000000
1775084400000,2026-04-01T23:00:00+00:00,577.66000000,578.50000000,577.66000000,578.36000000,6.01000000
1775085300000,2026-04-01T23:15:00+00:00,578.37000000,578.83000000,578.29000000,578.45000000,9.65000000
1775086200000,2026-04-01T23:30:00+00:00,578.46000000,578.60000000,578.31000000,578.31000000,7.76000000
1775087100000,2026-04-01T23:45:00+00:00,578.34000000,579.18000000,577.84000000,578.69000000,91.25000000
1775088000000,2026-04-02T00:00:00+00:00,578.38000000,578.45000000,576.91000000,578.45000000,99.08000000
1775088900000,2026-04-02T00:15:00+00:00,578.14000000,578.26000000,577.11000000,577.66000000,96.85000000
1775089800000,2026-04-02T00:30:00+00:00,577.59000000,579.15000000,577.59000000,579.03000000,22.05000000
1775090700000,2026-04-02T00:45:00+00:00,579.45000000,582.72000000,579.20000000,582.30000000,80.14000000
1775091600000,2026-04-02T01:00:00+00:00,582.32000000,582.32000000,577.70000000,579.14000000,208.23000000
1775092500000,2026-04-02T01:15:00+00:00,579.06000000,579.06000000,569.65000000,570.14000000,529.84000000
1775093400000,2026-04-02T01:30:00+00:00,570.07000000,570.58000000,568.36000000,569.85000000,823.94000000
1775094300000,2026-04-02T01:45:00+00:00,569.62000000,570.50000000,568.77000000,570.09000000,142.59000000
1775095200000,2026-04-02T02:00:00+00:00,569.92000000,571.31000000,566.61000000,567.18000000,142.01000000
1775096100000,2026-04-02T02:15:00+00:00,567.24000000,568.45000000,567.24000000,568.20000000,141.54000000
1775097000000,2026-04-02T02:30:00+00:00,568.20000000,568.21000000,566.76000000,567.15000000,80.82000000
1775097900000,2026-04-02T02:45:00+00:00,567.18000000,568.89000000,566.88000000,568.31000000,80.43000000
1775098800000,2026-04-02T03:00:00+00:00,568.46000000,568.46000000,567.35000000,568.17000000,27.33000000
1775099700000,2026-04-02T03:15:00+00:00,568.26000000,569.37000000,568.25000000,568.79000000,19.81000000
1775100600000,2026-04-02T03:30:00+00:00,568.52000000,568.55000000,567.31000000,568.13000000,31.60000000
1775101500000,2026-04-02T03:45:00+00:00,568.14000000,568.36000000,567.57000000,567.58000000,8.00000000
1775102400000,2026-04-02T04:00:00+00:00,567.93000000,568.24000000,566.80000000,567.50000000,17.10000000
1775103300000,2026-04-02T04:15:00+00:00,567.22000000,567.92000000,566.81000000,566.81000000,29.85000000
1775104200000,2026-04-02T04:30:00+00:00,567.02000000,567.37000000,566.31000000,566.40000000,18.18000000
1775105100000,2026-04-02T04:45:00+00:00,566.84000000,567.08000000,566.12000000,566.23000000,31.76000000
1775106000000,2026-04-02T05:00:00+00:00,566.73000000,567.87000000,566.73000000,567.16000000,25.10000000
1775106900000,2026-04-02T05:15:00+00:00,567.56000000,567.56000000,566.32000000,566.32000000,9.54000000
1775107800000,2026-04-02T05:30:00+00:00,566.80000000,566.82000000,565.60000000,565.60000000,31.19000000
1775108700000,2026-04-02T05:45:00+00:00,565.95000000,565.95000000,564.11000000,565.60000000,63.02000000
1775109600000,2026-04-02T06:00:00+00:00,565.66000000,566.33000000,565.12000000,565.74000000,123.35000000
1775110500000,2026-04-02T06:15:00+00:00,565.85000000,566.16000000,565.28000000,566.16000000,7.70000000
1775111400000,2026-04-02T06:30:00+00:00,565.93000000,566.80000000,565.55000000,566.19000000,68.55000000
1775112300000,2026-04-02T06:45:00+00:00,566.04000000,566.96000000,565.63000000,566.96000000,29.15000000
1775113200000,2026-04-02T07:00:00+00:00,566.98000000,567.84000000,566.59000000,566.73000000,44.95000000
1775114100000,2026-04-02T07:15:00+00:00,566.65000000,568.42000000,566.57000000,567.14000000,22.54000000
1775115000000,2026-04-02T07:30:00+00:00,567.26000000,568.42000000,566.96000000,568.23000000,12.43000000
1775115900000,2026-04-02T07:45:00+00:00,568.19000000,569.33000000,568.19000000,568.64000000,34.72000000
1775116800000,2026-04-02T08:00:00+00:00,568.46000000,570.40000000,568.40000000,569.44000000,61.22000000
1775117700000,2026-04-02T08:15:00+00:00,569.28000000,569.49000000,567.98000000,568.63000000,24.07000000
1775118600000,2026-04-02T08:30:00+00:00,568.54000000,570.22000000,568.54000000,570.22000000,13.15000000
1775119500000,2026-04-02T08:45:00+00:00,569.68000000,569.81000000,569.25000000,569.26000000,2.02000000
1775120400000,2026-04-02T09:00:00+00:00,568.98000000,569.72000000,567.48000000,567.57000000,23.80000000
1775121300000,2026-04-02T09:15:00+00:00,567.87000000,568.57000000,567.57000000,568.57000000,13.26000000
1775122200000,2026-04-02T09:30:00+00:00,568.57000000,568.57000000,566.28000000,566.76000000,29.12000000
1775123100000,2026-04-02T09:45:00+00:00,566.62000000,567.13000000,566.27000000,566.28000000,10.62000000
1775124000000,2026-04-02T10:00:00+00:00,566.45000000,566.74000000,565.86000000,565.86000000,30.92000000
1775124900000,2026-04-02T10:15:00+00:00,565.29000000,565.70000000,565.11000000,565.34000000,22.37000000
1775125800000,2026-04-02T10:30:00+00:00,565.48000000,566.11000000,564.82000000,565.51000000,15.91000000
1775126700000,2026-04-02T10:45:00+00:00,566.05000000,567.32000000,566.05000000,566.75000000,21.55000000
1775127600000,2026-04-02T11:00:00+00:00,566.71000000,566.71000000,564.95000000,565.24000000,65.15000000
1775128500000,2026-04-02T11:15:00+00:00,565.16000000,565.28000000,563.92000000,563.92000000,25.99000000
1775129400000,2026-04-02T11:30:00+00:00,563.73000000,564.34000000,562.95000000,563.20000000,23.85000000
1775130300000,2026-04-02T11:45:00+00:00,563.06000000,564.48000000,563.06000000,563.37000000,11.09000000
1775131200000,2026-04-02T12:00:00+00:00,563.55000000,563.55000000,561.67000000,561.87000000,49.09000000
1775132100000,2026-04-02T12:15:00+00:00,561.61000000,563.62000000,561.29000000,563.22000000,46.35000000
1775133000000,2026-04-02T12:30:00+00:00,562.42000000,563.44000000,561.47000000,561.98000000,42.67000000
1775133900000,2026-04-02T12:45:00+00:00,562.43000000,562.91000000,561.42000000,561.53000000,42.16000000
1775134800000,2026-04-02T13:00:00+00:00,561.58000000,561.69000000,559.92000000,561.27000000,206.01000000
1775135700000,2026-04-02T13:15:00+00:00,561.54000000,565.87000000,561.03000000,565.68000000,251.26000000
1775136600000,2026-04-02T13:30:00+00:00,565.86000000,566.31000000,559.92000000,560.44000000,296.85000000
1775137500000,2026-04-02T13:45:00+00:00,560.96000000,569.76000000,560.73000000,567.86000000,2091.74000000
1775138400000,2026-04-02T14:00:00+00:00,568.06000000,570.40000000,567.21000000,568.04000000,199.05000000
1775139300000,2026-04-02T14:15:00+00:00,568.20000000,569.98000000,567.82000000,569.77000000,151.94000000
1775140200000,2026-04-02T14:30:00+00:00,569.76000000,578.44000000,560.93000000,576.03000000,2497.44000000
1775141100000,2026-04-02T14:45:00+00:00,575.80000000,576.17000000,570.47000000,572.55000000,183.19000000
1775142000000,2026-04-02T15:00:00+00:00,572.21000000,572.70000000,569.82000000,571.97000000,200.80000000
1775142900000,2026-04-02T15:15:00+00:00,571.97000000,573.14000000,570.57000000,572.48000000,87.97000000
1775143800000,2026-04-02T15:30:00+00:00,572.30000000,574.19000000,572.04000000,573.81000000,68.31000000
1775144700000,2026-04-02T15:45:00+00:00,573.48000000,573.78000000,570.31000000,570.80000000,163.43000000
1775145600000,2026-04-02T16:00:00+00:00,570.94000000,571.71000000,569.99000000,571.37000000,111.27000000
1775146500000,2026-04-02T16:15:00+00:00,571.13000000,572.11000000,570.27000000,570.93000000,81.67000000
1775147400000,2026-04-02T16:30:00+00:00,570.52000000,573.66000000,570.52000000,572.90000000,167.21000000
1775148300000,2026-04-02T16:45:00+00:00,572.71000000,573.14000000,571.55000000,571.90000000,17.97000000
1775149200000,2026-04-02T17:00:00+00:00,571.83000000,571.83000000,570.57000000,571.58000000,58.13000000
1775150100000,2026-04-02T17:15:00+00:00,571.59000000,573.47000000,571.59000000,572.67000000,18.80000000
1775151000000,2026-04-02T17:30:00+00:00,572.83000000,573.02000000,571.40000000,571.63000000,280.35000000
1775151900000,2026-04-02T17:45:00+00:00,571.40000000,571.67000000,569.82000000,570.70000000,213.31000000
1775152800000,2026-04-02T18:00:00+00:00,570.77000000,572.49000000,570.77000000,572.07000000,176.21000000
1775153700000,2026-04-02T18:15:00+00:00,572.66000000,573.83000000,572.61000000,572.98000000,186.85000000
1775154600000,2026-04-02T18:30:00+00:00,572.91000000,574.21000000,572.91000000,573.53000000,46.27000000
1775155500000,2026-04-02T18:45:00+00:00,573.54000000,573.65000000,573.04000000,573.25000000,28.61000000
1775156400000,2026-04-02T19:00:00+00:00,573.38000000,575.00000000,573.19000000,574.95000000,30.25000000
1775157300000,2026-04-02T19:15:00+00:00,574.51000000,574.87000000,573.63000000,574.07000000,13.75000000
1775158200000,2026-04-02T19:30:00+00:00,573.95000000,574.85000000,573.77000000,574.12000000,41.22000000
1775159100000,2026-04-02T19:45:00+00:00,574.25000000,575.29000000,573.85000000,574.86000000,34.20000000
1775160000000,2026-04-02T20:00:00+00:00,574.59000000,575.02000000,574.17000000,574.62000000,17.50000000
1775160900000,2026-04-02T20:15:00+00:00,574.52000000,575.02000000,574.44000000,575.02000000,6.67000000
1775161800000,2026-04-02T20:30:00+00:00,575.00000000,575.34000000,574.66000000,575.34000000,4.77000000
1775162700000,2026-04-02T20:45:00+00:00,575.31000000,575.31000000,574.98000000,574.99000000,3.60000000
1775163600000,2026-04-02T21:00:00+00:00,574.99000000,575.13000000,574.81000000,575.08000000,4.43000000
1775164500000,2026-04-02T21:15:00+00:00,575.13000000,575.13000000,574.81000000,574.81000000,19.66000000
1775165400000,2026-04-02T21:30:00+00:00,575.15000000,575.15000000,574.81000000,574.82000000,0.86000000
1775166300000,2026-04-02T21:45:00+00:00,574.80000000,574.83000000,574.63000000,574.80000000,3.33000000
1775167200000,2026-04-02T22:00:00+00:00,574.80000000,574.80000000,574.67000000,574.78000000,1.65000000
1775168100000,2026-04-02T22:15:00+00:00,574.79000000,574.79000000,574.59000000,574.59000000,0.37000000
1775169000000,2026-04-02T22:30:00+00:00,574.70000000,574.80000000,574.70000000,574.74000000,3.13000000
1775169900000,2026-04-02T22:45:00+00:00,574.63000000,574.83000000,574.63000000,574.83000000,0.53000000
1775170800000,2026-04-02T23:00:00+00:00,574.76000000,575.04000000,574.76000000,574.82000000,3.20000000
1775171700000,2026-04-02T23:15:00+00:00,574.82000000,575.01000000,574.82000000,575.01000000,0.68000000
1775172600000,2026-04-02T23:30:00+00:00,574.87000000,574.97000000,574.87000000,574.87000000,0.22000000
1775173500000,2026-04-02T23:45:00+00:00,574.83000000,575.19000000,574.82000000,575.15000000,5.76000000
1775174400000,2026-04-03T00:00:00+00:00,575.14000000,575.45000000,574.39000000,574.99000000,70.53000000
1775175300000,2026-04-03T00:15:00+00:00,574.63000000,574.66000000,574.63000000,574.65000000,0.26000000
1775176200000,2026-04-03T00:30:00+00:00,574.65000000,574.79000000,574.65000000,574.79000000,0.10000000
1775177100000,2026-04-03T00:45:00+00:00,574.82000000,574.91000000,574.82000000,574.91000000,0.88000000
1775178000000,2026-04-03T01:00:00+00:00,574.82000000,574.90000000,574.63000000,574.63000000,10.32000000
1775178900000,2026-04-03T01:15:00+00:00,574.63000000,574.96000000,574.63000000,574.89000000,8.10000000
1775179800000,2026-04-03T01:30:00+00:00,574.89000000,575.14000000,574.73000000,575.02000000,9.39000000
1775180700000,2026-04-03T01:45:00+00:00,575.06000000,575.06000000,575.01000000,575.06000000,1.43000000
1775181600000,2026-04-03T02:00:00+00:00,575.01000000,575.20000000,575.01000000,575.02000000,2.13000000
1775182500000,2026-04-03T02:15:00+00:00,575.02000000,575.24000000,574.43000000,574.89000000,55.55000000
1775183400000,2026-04-03T02:30:00+00:00,574.74000000,574.97000000,574.34000000,574.84000000,60.90000000
1775184300000,2026-04-03T02:45:00+00:00,574.43000000,574.85000000,574.26000000,574.54000000,30.45000000
1775185200000,2026-04-03T03:00:00+00:00,574.61000000,575.22000000,574.61000000,575.00000000,10.46000000
1775186100000,2026-04-03T03:15:00+00:00,575.00000000,575.00000000,574.99000000,575.00000000,0.17000000
1775187000000,2026-04-03T03:30:00+00:00,575.26000000,575.26000000,574.60000000,574.60000000,21.80000000
1775187900000,2026-04-03T03:45:00+00:00,574.60000000,574.63000000,574.60000000,574.62000000,3.25000000
1775188800000,2026-04-03T04:00:00+00:00,574.83000000,575.19000000,574.54000000,574.60000000,49.50000000
1775189700000,2026-04-03T04:15:00+00:00,574.61000000,575.00000000,574.61000000,574.65000000,0.22000000
1775190600000,2026-04-03T04:30:00+00:00,574.76000000,575.38000000,574.76000000,574.95000000,29.65000000
1775191500000,2026-04-03T04:45:00+00:00,574.95000000,575.20000000,574.94000000,574.95000000,8.59000000
1775192400000,2026-04-03T05:00:00+00:00,575.16000000,575.42000000,574.95000000,575.04000000,16.39000000
1775193300000,2026-04-03T05:15:00+00:00,575.04000000,575.27000000,574.97000000,574.99000000,2.59000000
1775194200000,2026-04-03T05:30:00+00:00,575.15000000,575.44000000,574.81000000,574.97000000,9.78000000
1775195100000,2026-04-03T05:45:00+00:00,575.12000000,575.12000000,574.97000000,574.97000000,0.12000000
1775196000000,2026-04-03T06:00:00+00:00,575.13000000,575.73000000,574.84000000,575.73000000,23.98000000
1775196900000,2026-04-03T06:15:00+00:00,574.97000000,574.97000000,574.97000000,574.97000000,0.17000000
1775197800000,2026-04-03T06:30:00+00:00,574.97000000,575.10000000,574.59000000,574.60000000,21.88000000
1775198700000,2026-04-03T06:45:00+00:00,574.60000000,574.92000000,574.02000000,574.92000000,40.71000000
1775199600000,2026-04-03T07:00:00+00:00,574.59000000,575.08000000,574.45000000,574.53000000,52.98000000
1775200500000,2026-04-03T07:15:00+00:00,574.53000000,574.93000000,574.53000000,574.66000000,36.88000000
1775201400000,2026-04-03T07:30:00+00:00,574.66000000,575.14000000,574.66000000,574.92000000,14.17000000
1775202300000,2026-04-03T07:45:00+00:00,574.92000000,574.93000000,574.92000000,574.92000000,5.54000000
1775203200000,2026-04-03T08:00:00+00:00,574.92000000,575.30000000,574.92000000,574.98000000,8.92000000
1775204100000,2026-04-03T08:15:00+00:00,574.98000000,575.29000000,574.93000000,575.28000000,3.93000000
1775205000000,2026-04-03T08:30:00+00:00,574.96000000,575.27000000,574.91000000,574.91000000,10.73000000
1775205900000,2026-04-03T08:45:00+00:00,574.91000000,574.91000000,574.91000000,574.91000000,1.18000000
1775206800000,2026-04-03T09:00:00+00:00,575.06000000,575.26000000,574.91000000,574.91000000,7.23000000
1775207700000,2026-04-03T09:15:00+00:00,574.91000000,574.99000000,574.86000000,574.87000000,14.85000000
1775208600000,2026-04-03T09:30:00+00:00,574.53000000,574.71000000,574.52000000,574.71000000,0.99000000
1775209500000,2026-04-03T09:45:00+00:00,574.71000000,574.94000000,574.71000000,574.73000000,5.24000000
1775210400000,2026-04-03T10:00:00+00:00,574.93000000,575.52000000,574.90000000,574.93000000,17.86000000
1775211300000,2026-04-03T10:15:00+00:00,574.91000000,574.92000000,574.91000000,574.91000000,0.15000000
1775212200000,2026-04-03T10:30:00+00:00,574.95000000,575.02000000,574.95000000,575.02000000,0.42000000
1775213100000,2026-04-03T10:45:00+00:00,575.01000000,575.15000000,574.97000000,575.12000000,11.01000000
1775214000000,2026-04-03T11:00:00+00:00,574.98000000,575.13000000,574.89000000,574.89000000,6.87000000
1775214900000,2026-04-03T11:15:00+00:00,574.89000000,574.97000000,574.72000000,574.94000000,8.72000000
1775215800000,2026-04-03T11:30:00+00:00,574.95000000,574.97000000,574.90000000,574.96000000,6.10000000
1775216700000,2026-04-03T11:45:00+00:00,574.90000000,575.52000000,574.89000000,574.90000000,13.14000000
1775217600000,2026-04-03T12:00:00+00:00,574.92000000,575.20000000,574.89000000,574.89000000,12.26000000
1775218500000,2026-04-03T12:15:00+00:00,574.91000000,575.16000000,574.89000000,575.09000000,9.91000000
1775219400000,2026-04-03T12:30:00+00:00,575.16000000,575.91000000,574.89000000,575.09000000,31.65000000
1775220300000,2026-04-03T12:45:00+00:00,574.98000000,575.13000000,574.80000000,574.88000000,21.26000000
1775221200000,2026-04-03T13:00:00+00:00,574.94000000,575.07000000,574.86000000,574.89000000,19.68000000
1775222100000,2026-04-03T13:15:00+00:00,574.90000000,575.04000000,574.88000000,574.97000000,6.70000000
1775223000000,2026-04-03T13:30:00+00:00,574.96000000,575.01000000,574.88000000,574.88000000,7.35000000
1775223900000,2026-04-03T13:45:00+00:00,574.89000000,574.97000000,574.88000000,574.91000000,1.59000000
1775224800000,2026-04-03T14:00:00+00:00,574.89000000,575.18000000,574.88000000,574.90000000,21.49000000
1775225700000,2026-04-03T14:15:00+00:00,574.90000000,574.97000000,574.89000000,574.97000000,2.51000000
1775226600000,2026-04-03T14:30:00+00:00,574.97000000,574.97000000,574.73000000,574.83000000,45.14000000
1775227500000,2026-04-03T14:45:00+00:00,574.83000000,574.97000000,574.83000000,574.88000000,19.98000000
1775228400000,2026-04-03T15:00:00+00:00,574.96000000,574.96000000,574.86000000,574.89000000,6.99000000
1775229300000,2026-04-03T15:15:00+00:00,574.89000000,575.04000000,574.86000000,574.87000000,3.25000000
1775230200000,2026-04-03T15:30:00+00:00,574.87000000,575.06000000,574.86000000,574.86000000,3.26000000
1775231100000,2026-04-03T15:45:00+00:00,574.86000000,575.00000000,574.86000000,575.00000000,3.78000000
1775232000000,2026-04-03T16:00:00+00:00,575.00000000,575.00000000,574.86000000,574.88000000,12.70000000
1775232900000,2026-04-03T16:15:00+00:00,574.99000000,574.99000000,574.72000000,574.92000000,28.77000000
1775233800000,2026-04-03T16:30:00+00:00,574.89000000,575.51000000,574.74000000,574.85000000,48.10000000
1775234700000,2026-04-03T16:45:00+00:00,574.85000000,574.92000000,574.85000000,574.85000000,4.10000000
1775235600000,2026-04-03T17:00:00+00:00,574.86000000,574.89000000,574.67000000,574.85000000,26.51000000
1775236500000,2026-04-03T17:15:00+00:00,574.84000000,574.97000000,574.83000000,574.84000000,12.81000000
1775237400000,2026-04-03T17:30:00+00:00,574.84000000,574.91000000,574.42000000,574.84000000,36.28000000
1775238300000,2026-04-03T17:45:00+00:00,574.84000000,574.86000000,574.84000000,574.85000000,1.02000000
1775239200000,2026-04-03T18:00:00+00:00,574.85000000,574.98000000,574.60000000,574.84000000,18.86000000
1775240100000,2026-04-03T18:15:00+00:00,574.84000000,575.09000000,574.75000000,574.81000000,14.57000000
1775241000000,2026-04-03T18:30:00+00:00,574.81000000,575.15000000,574.63000000,574.88000000,8.44000000
1775241900000,2026-04-03T18:45:00+00:00,574.88000000,575.08000000,574.81000000,574.82000000,2.06000000
1775242800000,2026-04-03T19:00:00+00:00,574.82000000,575.07000000,574.80000000,574.80000000,10.74000000
1775243700000,2026-04-03T19:15:00+00:00,574.80000000,574.80000000,574.80000000,574.80000000,1.66000000
1775244600000,2026-04-03T19:30:00+00:00,574.81000000,575.15000000,574.58000000,574.76000000,17.40000000
1775245500000,2026-04-03T19:45:00+00:00,574.76000000,574.94000000,574.76000000,574.94000000,2.71000000
1775246400000,2026-04-03T20:00:00+00:00,574.93000000,574.93000000,574.80000000,574.80000000,10.74000000
1775247300000,2026-04-03T20:15:00+00:00,574.81000000,574.93000000,574.61000000,574.76000000,6.02000000
1775248200000,2026-04-03T20:30:00+00:00,574.94000000,574.94000000,574.76000000,574.80000000,0.43000000
1775249100000,2026-04-03T20:45:00+00:00,574.89000000,574.99000000,574.80000000,574.99000000,11.59000000
1775250000000,2026-04-03T21:00:00+00:00,574.80000000,574.97000000,574.47000000,574.79000000,31.40000000
1775250900000,2026-04-03T21:15:00+00:00,574.74000000,574.97000000,574.58000000,574.79000000,27.60000000
1775251800000,2026-04-03T21:30:00+00:00,574.79000000,575.07000000,574.36000000,574.39000000,35.51000000
1775252700000,2026-04-03T21:45:00+00:00,574.58000000,574.81000000,574.28000000,574.81000000,57.82000000
1775253600000,2026-04-03T22:00:00+00:00,574.81000000,574.86000000,574.76000000,574.80000000,10.78000000
1775254500000,2026-04-03T22:15:00+00:00,574.80000000,575.08000000,574.78000000,574.80000000,5.11000000
1775255400000,2026-04-03T22:30:00+00:00,574.80000000,574.90000000,574.60000000,574.76000000,11.67000000
1775256300000,2026-04-03T22:45:00+00:00,574.93000000,574.93000000,574.76000000,574.89000000,6.23000000
1775257200000,2026-04-03T23:00:00+00:00,574.82000000,574.82000000,574.76000000,574.77000000,8.41000000
1775258100000,2026-04-03T23:15:00+00:00,574.77000000,574.84000000,574.77000000,574.77000000,2.58000000
1775259000000,2026-04-03T23:30:00+00:00,574.84000000,574.84000000,574.76000000,574.76000000,2.00000000
1775259900000,2026-04-03T23:45:00+00:00,574.82000000,574.82000000,574.76000000,574.82000000,6.36000000
1775260800000,2026-04-04T00:00:00+00:00,574.92000000,575.31000000,574.77000000,574.77000000,18.82000000
1775261700000,2026-04-04T00:15:00+00:00,575.17000000,575.18000000,574.78000000,574.78000000,0.83000000
1775262600000,2026-04-04T00:30:00+00:00,574.90000000,574.93000000,574.76000000,574.76000000,10.89000000
1775263500000,2026-04-04T00:45:00+00:00,574.89000000,574.89000000,574.76000000,574.76000000,3.21000000
1775264400000,2026-04-04T01:00:00+00:00,574.76000000,574.77000000,574.46000000,574.75000000,6.32000000
1775265300000,2026-04-04T01:15:00+00:00,574.77000000,574.86000000,574.22000000,574.62000000,38.54000000
1775266200000,2026-04-04T01:30:00+00:00,574.73000000,574.82000000,574.55000000,574.74000000,15.31000000
1775267100000,2026-04-04T01:45:00+00:00,574.74000000,574.87000000,574.52000000,574.75000000,19.36000000
1775268000000,2026-04-04T02:00:00+00:00,574.78000000,574.79000000,574.73000000,574.73000000,5.29000000
1775268900000,2026-04-04T02:15:00+00:00,574.73000000,574.86000000,574.56000000,574.85000000,11.12000000
1775269800000,2026-04-04T02:30:00+00:00,574.75000000,574.91000000,574.55000000,574.85000000,17.53000000
1775270700000,2026-04-04T02:45:00+00:00,574.85000000,575.04000000,574.73000000,574.81000000,6.84000000
1775271600000,2026-04-04T03:00:00+00:00,574.81000000,575.05000000,574.73000000,574.98000000,14.24000000
1775272500000,2026-04-04T03:15:00+00:00,574.94000000,575.07000000,574.76000000,575.04000000,7.52000000
1775273400000,2026-04-04T03:30:00+00:00,575.04000000,575.09000000,574.77000000,574.83000000,17.74000000
1775274300000,2026-04-04T03:45:00+00:00,574.73000000,575.09000000,574.72000000,574.99000000,31.52000000
1775275200000,2026-04-04T04:00:00+00:00,575.01000000,575.10000000,574.70000000,574.71000000,15.56000000
1775276100000,2026-04-04T04:15:00+00:00,574.71000000,575.09000000,574.42000000,574.71000000,31.67000000
1775277000000,2026-04-04T04:30:00+00:00,574.71000000,574.88000000,574.70000000,574.70000000,4.40000000
1775277900000,2026-04-04T04:45:00+00:00,574.70000000,574.85000000,574.69000000,574.70000000,6.24000000
1775278800000,2026-04-04T05:00:00+00:00,574.70000000,574.92000000,574.43000000,574.81000000,34.71000000
1775279700000,2026-04-04T05:15:00+00:00,574.76000000,574.91000000,574.40000000,574.78000000,26.66000000
1775280600000,2026-04-04T05:30:00+00:00,574.79000000,574.93000000,574.66000000,574.75000000,15.35000000
1775281500000,2026-04-04T05:45:00+00:00,574.69000000,574.84000000,574.51000000,574.84000000,11.33000000
1775282400000,2026-04-04T06:00:00+00:00,574.84000000,575.10000000,574.63000000,575.00000000,13.06000000
1775283300000,2026-04-04T06:15:00+00:00,574.98000000,575.00000000,574.68000000,574.78000000,15.41000000
1775284200000,2026-04-04T06:30:00+00:00,574.78000000,574.79000000,574.78000000,574.78000000,0.16000000
1775285100000,2026-04-04T06:45:00+00:00,574.79000000,574.79000000,574.79000000,574.79000000,0.01000000
1775286000000,2026-04-04T07:00:00+00:00,574.78000000,574.87000000,574.44000000,574.66000000,8.67000000
1775286900000,2026-04-04T07:15:00+00:00,574.66000000,574.80000000,574.42000000,574.76000000,10.43000000
1775287800000,2026-04-04T07:30:00+00:00,574.72000000,574.72000000,574.72000000,574.72000000,0.95000000
1775288700000,2026-04-04T07:45:00+00:00,574.72000000,574.84000000,574.46000000,574.84000000,22.51000000
1775289600000,2026-04-04T08:00:00+00:00,574.74000000,574.91000000,574.32000000,574.66000000,59.78000000
1775290500000,2026-04-04T08:15:00+00:00,574.66000000,574.72000000,574.43000000,574.68000000,15.35000000
1775291400000,2026-04-04T08:30:00+00:00,574.68000000,574.82000000,574.65000000,574.66000000,6.52000000
1775292300000,2026-04-04T08:45:00+00:00,574.67000000,574.96000000,574.63000000,574.88000000,21.44000000
1775293200000,2026-04-04T09:00:00+00:00,574.86000000,574.86000000,574.65000000,574.79000000,0.68000000
1775294100000,2026-04-04T09:15:00+00:00,574.77000000,574.95000000,574.64000000,574.76000000,12.74000000
1775295000000,2026-04-04T09:30:00+00:00,574.56000000,574.84000000,574.40000000,574.70000000,12.84000000
1775295900000,2026-04-04T09:45:00+00:00,574.70000000,574.70000000,574.41000000,574.64000000,11.85000000
1775296800000,2026-04-04T10:00:00+00:00,574.68000000,574.83000000,574.36000000,574.63000000,20.31000000
1775297700000,2026-04-04T10:15:00+00:00,574.64000000,574.74000000,574.62000000,574.62000000,3.60000000
1775298600000,2026-04-04T10:30:00+00:00,574.63000000,575.01000000,574.31000000,574.85000000,24.39000000
1775299500000,2026-04-04T10:45:00+00:00,574.91000000,575.11000000,574.72000000,575.10000000,3.24000000
1775300400000,2026-04-04T11:00:00+00:00,575.10000000,575.11000000,574.79000000,574.79000000,2.27000000
1775301300000,2026-04-04T11:15:00+00:00,575.00000000,575.00000000,574.78000000,574.91000000,1.78000000
1775302200000,2026-04-04T11:30:00+00:00,574.91000000,574.92000000,574.61000000,574.84000000,7.08000000
1775303100000,2026-04-04T11:45:00+00:00,574.82000000,575.11000000,574.82000000,575.11000000,2.61000000
1775304000000,2026-04-04T12:00:00+00:00,575.10000000,575.10000000,574.80000000,575.08000000,3.36000000
1775304900000,2026-04-04T12:15:00+00:00,575.09000000,575.21000000,574.87000000,574.89000000,2.17000000
1775305800000,2026-04-04T12:30:00+00:00,574.96000000,575.25000000,574.60000000,575.00000000,8.70000000
1775306700000,2026-04-04T12:45:00+00:00,575.00000000,575.24000000,574.64000000,575.11000000,37.29000000
1775307600000,2026-04-04T13:00:00+00:00,574.91000000,575.05000000,574.60000000,574.85000000,8.00000000
1775308500000,2026-04-04T13:15:00+00:00,574.83000000,574.91000000,574.56000000,574.63000000,12.47000000
1775309400000,2026-04-04T13:30:00+00:00,574.62000000,574.74000000,574.62000000,574.74000000,1.28000000
1775310300000,2026-04-04T13:45:00+00:00,574.73000000,574.74000000,574.46000000,574.55000000,10.19000000
1775311200000,2026-04-04T14:00:00+00:00,574.57000000,575.04000000,574.24000000,574.59000000,41.22000000
1775312100000,2026-04-04T14:15:00+00:00,574.67000000,574.84000000,574.48000000,574.57000000,17.52000000
1775313000000,2026-04-04T14:30:00+00:00,574.56000000,574.82000000,574.21000000,574.54000000,27.49000000
1775313900000,2026-04-04T14:45:00+00:00,574.52000000,574.94000000,574.49000000,574.73000000,8.29000000
1775314800000,2026-04-04T15:00:00+00:00,574.75000000,575.47000000,574.62000000,574.87000000,35.97000000
1775315700000,2026-04-04T15:15:00+00:00,574.93000000,575.13000000,574.61000000,574.72000000,10.90000000
1775316600000,2026-04-04T15:30:00+00:00,574.59000000,574.77000000,574.49000000,574.61000000,7.39000000
1775317500000,2026-04-04T15:45:00+00:00,574.61000000,574.69000000,574.50000000,574.68000000,7.74000000
1775318400000,2026-04-04T16:00:00+00:00,574.67000000,575.08000000,574.51000000,574.62000000,27.27000000
1775319300000,2026-04-04T16:15:00+00:00,574.71000000,574.71000000,574.51000000,574.62000000,2.38000000
1775320200000,2026-04-04T16:30:00+00:00,574.62000000,574.93000000,574.51000000,574.62000000,7.79000000
1775321100000,2026-04-04T16:45:00+00:00,574.53000000,574.94000000,574.53000000,574.88000000,7.94000000
1775322000000,2026-04-04T17:00:00+00:00,574.78000000,575.00000000,574.50000000,574.57000000,9.50000000
1775322900000,2026-04-04T17:15:00+00:00,574.57000000,575.17000000,574.52000000,574.54000000,7.91000000
1775323800000,2026-04-04T17:30:00+00:00,574.55000000,574.56000000,574.51000000,574.51000000,6.51000000
1775324700000,2026-04-04T17:45:00+00:00,574.52000000,574.77000000,574.52000000,574.59000000,4.65000000
1775325600000,2026-04-04T18:00:00+00:00,574.59000000,574.59000000,574.52000000,574.52000000,0.34000000
1775326500000,2026-04-04T18:15:00+00:00,574.53000000,574.91000000,574.41000000,574.82000000,16.96000000
1775327400000,2026-04-04T18:30:00+00:00,574.83000000,574.85000000,574.62000000,574.65000000,3.86000000
1775328300000,2026-04-04T18:45:00+00:00,574.65000000,574.71000000,574.60000000,574.60000000,1.37000000
1775329200000,2026-04-04T19:00:00+00:00,574.59000000,575.00000000,574.59000000,575.00000000,17.48000000
1775330100000,2026-04-04T19:15:00+00:00,575.00000000,575.00000000,574.52000000,574.52000000,12.16000000
1775331000000,2026-04-04T19:30:00+00:00,574.53000000,574.71000000,574.53000000,574.53000000,9.40000000
1775331900000,2026-04-04T19:45:00+00:00,574.53000000,574.61000000,574.53000000,574.59000000,0.77000000
1775332800000,2026-04-04T20:00:00+00:00,574.60000000,574.60000000,574.59000000,574.60000000,0.14000000
1775333700000,2026-04-04T20:15:00+00:00,574.60000000,574.65000000,574.49000000,574.58000000,5.65000000
1775334600000,2026-04-04T20:30:00+00:00,574.60000000,574.75000000,574.42000000,574.47000000,6.67000000
1775335500000,2026-04-04T20:45:00+00:00,574.51000000,574.56000000,574.48000000,574.48000000,0.85000000
1775336400000,2026-04-04T21:00:00+00:00,574.49000000,574.56000000,574.48000000,574.48000000,3.03000000
1775337300000,2026-04-04T21:15:00+00:00,574.48000000,574.62000000,574.48000000,574.57000000,8.21000000
1775338200000,2026-04-04T21:30:00+00:00,574.52000000,575.00000000,574.41000000,574.76000000,16.26000000
1775339100000,2026-04-04T21:45:00+00:00,574.75000000,574.99000000,574.44000000,574.55000000,14.24000000
1775340000000,2026-04-04T22:00:00+00:00,574.46000000,574.57000000,574.43000000,574.43000000,6.97000000
1775340900000,2026-04-04T22:15:00+00:00,574.45000000,574.71000000,574.44000000,574.46000000,6.85000000
1775341800000,2026-04-04T22:30:00+00:00,574.45000000,574.69000000,574.43000000,574.58000000,8.29000000
1775342700000,2026-04-04T22:45:00+00:00,574.61000000,574.62000000,574.40000000,574.45000000,2.85000000
1775343600000,2026-04-04T23:00:00+00:00,574.51000000,574.71000000,574.44000000,574.55000000,14.28000000
1775344500000,2026-04-04T23:15:00+00:00,574.64000000,574.86000000,574.44000000,574.71000000,3.49000000
1775345400000,2026-04-04T23:30:00+00:00,574.78000000,574.94000000,574.37000000,574.38000000,14.99000000
1775346300000,2026-04-04T23:45:00+00:00,574.40000000,574.77000000,574.27000000,574.61000000,21.60000000
1775347200000,2026-04-05T00:00:00+00:00,574.43000000,574.55000000,574.32000000,574.45000000,7.72000000
1775348100000,2026-04-05T00:15:00+00:00,574.41000000,574.51000000,574.36000000,574.45000000,3.44000000
1775349000000,2026-04-05T00:30:00+00:00,574.47000000,574.55000000,574.41000000,574.55000000,5.07000000
1775349900000,2026-04-05T00:45:00+00:00,574.55000000,574.55000000,574.40000000,574.42000000,1.53000000
1775350800000,2026-04-05T01:00:00+00:00,574.42000000,574.52000000,574.36000000,574.37000000,4.10000000
1775351700000,2026-04-05T01:15:00+00:00,574.37000000,574.55000000,574.09000000,574.38000000,15.88000000
1775352600000,2026-04-05T01:30:00+00:00,574.38000000,574.67000000,574.09000000,574.48000000,26.20000000
1775353500000,2026-04-05T01:45:00+00:00,574.47000000,574.57000000,574.38000000,574.38000000,0.75000000
1775354400000,2026-04-05T02:00:00+00:00,574.38000000,574.72000000,574.33000000,574.42000000,10.19000000
1775355300000,2026-04-05T02:15:00+00:00,574.43000000,574.84000000,574.35000000,574.45000000,9.81000000
1775356200000,2026-04-05T02:30:00+00:00,574.45000000,574.69000000,574.04000000,574.33000000,59.57000000
1775357100000,2026-04-05T02:45:00+00:00,574.30000000,574.40000000,574.27000000,574.33000000,1.61000000
1775358000000,2026-04-05T03:00:00+00:00,574.33000000,574.59000000,574.27000000,574.37000000,0.94000000
1775358900000,2026-04-05T03:15:00+00:00,574.37000000,574.45000000,574.37000000,574.45000000,0.15000000
1775359800000,2026-04-05T03:30:00+00:00,574.45000000,574.47000000,574.26000000,574.29000000,1.40000000
1775360700000,2026-04-05T03:45:00+00:00,574.31000000,574.43000000,574.24000000,574.39000000,8.19000000
1775361600000,2026-04-05T04:00:00+00:00,574.39000000,574.39000000,573.92000000,574.33000000,22.55000000
1775362500000,2026-04-05T04:15:00+00:00,574.36000000,574.46000000,574.22000000,574.23000000,5.74000000
1775363400000,2026-04-05T04:30:00+00:00,574.23000000,574.37000000,574.21000000,574.23000000,9.29000000
1775364300000,2026-04-05T04:45:00+00:00,574.26000000,574.36000000,573.92000000,574.09000000,4.07000000
1775365200000,2026-04-05T05:00:00+00:00,574.18000000,574.38000000,574.18000000,574.38000000,5.06000000
1775366100000,2026-04-05T05:15:00+00:00,574.23000000,574.38000000,574.01000000,574.27000000,13.64000000
1775367000000,2026-04-05T05:30:00+00:00,574.28000000,574.76000000,574.17000000,574.55000000,29.38000000
1775367900000,2026-04-05T05:45:00+00:00,574.56000000,574.56000000,574.17000000,574.18000000,7.27000000
1775368800000,2026-04-05T06:00:00+00:00,574.17000000,574.35000000,573.91000000,574.22000000,71.55000000
1775369700000,2026-04-05T06:15:00+00:00,574.27000000,574.62000000,574.04000000,574.56000000,41.14000000
1775370600000,2026-04-05T06:30:00+00:00,574.59000000,574.65000000,573.90000000,574.34000000,34.05000000
1775371500000,2026-04-05T06:45:00+00:00,574.35000000,574.48000000,574.07000000,574.35000000,8.57000000
1775372400000,2026-04-05T07:00:00+00:00,574.34000000,574.35000000,573.92000000,574.35000000,39.17000000
1775373300000,2026-04-05T07:15:00+00:00,574.35000000,574.70000000,574.14000000,574.27000000,25.38000000
1775374200000,2026-04-05T07:30:00+00:00,574.24000000,574.24000000,574.01000000,574.01000000,2.06000000
1775375100000,2026-04-05T07:45:00+00:00,574.02000000,574.75000000,574.02000000,574.75000000,4.90000000
1775376000000,2026-04-05T08:00:00+00:00,574.74000000,574.75000000,574.00000000,574.20000000,7.85000000
1775376900000,2026-04-05T08:15:00+00:00,574.29000000,574.60000000,574.02000000,574.40000000,7.08000000
1775377800000,2026-04-05T08:30:00+00:00,574.40000000,574.40000000,573.82000000,574.16000000,8.75000000
1775378700000,2026-04-05T08:45:00+00:00,574.16000000,574.98000000,574.15000000,574.68000000,7.33000000
1775379600000,2026-04-05T09:00:00+00:00,574.70000000,574.93000000,574.62000000,574.74000000,2.33000000
1775380500000,2026-04-05T09:15:00+00:00,574.75000000,574.99000000,574.45000000,574.72000000,4.93000000
1775381400000,2026-04-05T09:30:00+00:00,574.72000000,574.99000000,574.57000000,574.57000000,6.56000000
1775382300000,2026-04-05T09:45:00+00:00,574.58000000,574.99000000,574.58000000,574.82000000,15.08000000
1775383200000,2026-04-05T10:00:00+00:00,574.81000000,574.81000000,573.71000000,574.03000000,21.94000000
1775384100000,2026-04-05T10:15:00+00:00,574.04000000,575.26000000,574.04000000,574.73000000,35.83000000
1775385000000,2026-04-05T10:30:00+00:00,574.73000000,575.19000000,574.42000000,574.87000000,25.05000000
1775385900000,2026-04-05T10:45:00+00:00,574.87000000,575.01000000,574.50000000,574.85000000,7.70000000
1775386800000,2026-04-05T11:00:00+00:00,574.91000000,575.43000000,574.13000000,574.94000000,48.48000000
1775387700000,2026-04-05T11:15:00+00:00,574.80000000,574.97000000,574.21000000,574.21000000,8.19000000
1775388600000,2026-04-05T11:30:00+00:00,574.13000000,574.31000000,573.52000000,573.91000000,8.80000000
1775389500000,2026-04-05T11:45:00+00:00,573.91000000,574.16000000,573.25000000,573.88000000,12.01000000
1775390400000,2026-04-05T12:00:00+00:00,573.93000000,574.02000000,573.00000000,573.93000000,10.54000000
1775391300000,2026-04-05T12:15:00+00:00,573.92000000,574.21000000,573.00000000,573.70000000,24.73000000
1775392200000,2026-04-05T12:30:00+00:00,573.45000000,573.59000000,573.35000000,573.36000000,21.94000000
1775393100000,2026-04-05T12:45:00+00:00,573.44000000,573.90000000,573.33000000,573.63000000,18.73000000
1775394000000,2026-04-05T13:00:00+00:00,573.89000000,574.04000000,573.49000000,573.79000000,17.39000000
1775394900000,2026-04-05T13:15:00+00:00,573.79000000,573.79000000,573.18000000,573.54000000,15.93000000
1775395800000,2026-04-05T13:30:00+00:00,573.47000000,573.86000000,573.35000000,573.68000000,6.08000000
1775396700000,2026-04-05T13:45:00+00:00,573.65000000,574.24000000,573.23000000,573.96000000,19.26000000
1775397600000,2026-04-05T14:00:00+00:00,573.96000000,574.15000000,573.47000000,573.48000000,9.97000000
1775398500000,2026-04-05T14:15:00+00:00,573.61000000,573.78000000,573.00000000,573.52000000,18.53000000
1775399400000,2026-04-05T14:30:00+00:00,573.52000000,573.82000000,573.38000000,573.69000000,9.01000000
1775400300000,2026-04-05T14:45:00+00:00,573.69000000,573.97000000,573.44000000,573.77000000,6.57000000
1775401200000,2026-04-05T15:00:00+00:00,573.91000000,574.55000000,573.70000000,574.32000000,19.68000000
1775402100000,2026-04-05T15:15:00+00:00,574.30000000,574.66000000,574.00000000,574.66000000,10.63000000
1775403000000,2026-04-05T15:30:00+00:00,574.55000000,574.89000000,574.09000000,574.75000000,16.39000000
1775403900000,2026-04-05T15:45:00+00:00,574.75000000,575.29000000,573.97000000,574.66000000,19.08000000
1775404800000,2026-04-05T16:00:00+00:00,574.65000000,574.65000000,573.89000000,574.45000000,14.10000000
1775405700000,2026-04-05T16:15:00+00:00,574.59000000,574.64000000,574.40000000,574.50000000,3.34000000
1775406600000,2026-04-05T16:30:00+00:00,574.50000000,574.56000000,574.12000000,574.46000000,0.74000000
1775407500000,2026-04-05T16:45:00+00:00,574.37000000,574.37000000,573.94000000,574.11000000,5.28000000
1775408400000,2026-04-05T17:00:00+00:00,574.03000000,574.03000000,573.78000000,573.87000000,0.42000000
1775409300000,2026-04-05T17:15:00+00:00,573.89000000,574.51000000,573.89000000,574.37000000,5.40000000
1775410200000,2026-04-05T17:30:00+00:00,574.49000000,574.49000000,574.01000000,574.01000000,1.02000000
1775411100000,2026-04-05T17:45:00+00:00,574.30000000,574.30000000,574.01000000,574.15000000,2.10000000
1775412000000,2026-04-05T18:00:00+00:00,574.15000000,574.22000000,573.84000000,574.22000000,2.99000000
1775412900000,2026-04-05T18:15:00+00:00,574.22000000,574.22000000,574.22000000,574.22000000,0.19000000
1775413800000,2026-04-05T18:30:00+00:00,574.16000000,574.22000000,574.16000000,574.22000000,1.11000000
1775414700000,2026-04-05T18:45:00+00:00,574.19000000,575.00000000,574.15000000,574.85000000,9.62000000
1775415600000,2026-04-05T19:00:00+00:00,574.80000000,575.10000000,574.42000000,575.04000000,14.25000000
1775416500000,2026-04-05T19:15:00+00:00,574.89000000,575.59000000,574.51000000,575.59000000,24.00000000
1775417400000,2026-04-05T19:30:00+00:00,575.61000000,576.44000000,575.33000000,575.62000000,7.69000000
1775418300000,2026-04-05T19:45:00+00:00,575.59000000,575.59000000,574.96000000,575.02000000,7.96000000
1775419200000,2026-04-05T20:00:00+00:00,574.83000000,575.57000000,574.83000000,575.30000000,38.00000000
1775420100000,2026-04-05T20:15:00+00:00,575.26000000,575.41000000,575.07000000,575.30000000,36.26000000
1775421000000,2026-04-05T20:30:00+00:00,575.35000000,575.62000000,575.25000000,575.61000000,41.61000000
1775421900000,2026-04-05T20:45:00+00:00,575.62000000,575.62000000,575.57000000,575.57000000,8.75000000
1775422800000,2026-04-05T21:00:00+00:00,575.59000000,575.77000000,575.38000000,575.61000000,33.56000000
1775423700000,2026-04-05T21:15:00+00:00,575.62000000,575.78000000,575.49000000,575.62000000,33.46000000
1775424600000,2026-04-05T21:30:00+00:00,575.60000000,575.71000000,575.54000000,575.62000000,9.07000000
1775425500000,2026-04-05T21:45:00+00:00,575.65000000,576.01000000,575.56000000,575.79000000,35.20000000
1775426400000,2026-04-05T22:00:00+00:00,575.81000000,575.81000000,572.73000000,573.57000000,159.60000000
1775427300000,2026-04-05T22:15:00+00:00,573.64000000,574.33000000,573.35000000,574.20000000,56.72000000
1775428200000,2026-04-05T22:30:00+00:00,574.30000000,574.45000000,573.61000000,574.40000000,46.90000000
1775429100000,2026-04-05T22:45:00+00:00,574.40000000,574.61000000,573.58000000,574.12000000,8.28000000
1775430000000,2026-04-05T23:00:00+00:00,574.51000000,574.51000000,573.30000000,573.89000000,21.07000000
1775430900000,2026-04-05T23:15:00+00:00,574.05000000,574.38000000,573.63000000,573.87000000,15.94000000
1775431800000,2026-04-05T23:30:00+00:00,574.04000000,574.38000000,573.90000000,574.28000000,8.52000000
1775432700000,2026-04-05T23:45:00+00:00,574.30000000,574.57000000,573.83000000,574.38000000,5.02000000
1775433600000,2026-04-06T00:00:00+00:00,574.38000000,575.57000000,573.83000000,574.01000000,187.45000000
1775434500000,2026-04-06T00:15:00+00:00,574.08000000,575.10000000,573.57000000,574.47000000,135.33000000
1775435400000,2026-04-06T00:30:00+00:00,574.80000000,575.19000000,574.47000000,574.75000000,30.08000000
1775436300000,2026-04-06T00:45:00+00:00,574.97000000,575.75000000,574.67000000,575.74000000,13.85000000
1775437200000,2026-04-06T01:00:00+00:00,575.63000000,577.58000000,575.40000000,577.13000000,36.96000000
1775438100000,2026-04-06T01:15:00+00:00,577.30000000,578.42000000,576.15000000,577.96000000,41.74000000
1775439000000,2026-04-06T01:30:00+00:00,578.27000000,578.27000000,576.92000000,577.08000000,12.18000000
1775439900000,2026-04-06T01:45:00+00:00,577.08000000,577.40000000,574.94000000,575.24000000,48.03000000
1775440800000,2026-04-06T02:00:00+00:00,575.28000000,578.08000000,575.28000000,577.74000000,42.90000000
1775441700000,2026-04-06T02:15:00+00:00,577.73000000,579.90000000,577.71000000,579.16000000,100.54000000
1775442600000,2026-04-06T02:30:00+00:00,578.91000000,579.59000000,577.65000000,577.71000000,49.40000000
1775443500000,2026-04-06T02:45:00+00:00,577.56000000,577.84000000,576.92000000,577.41000000,12.51000000
1775444400000,2026-04-06T03:00:00+00:00,577.24000000,577.44000000,576.25000000,576.79000000,42.06000000
1775445300000,2026-04-06T03:15:00+00:00,576.27000000,576.84000000,575.02000000,575.99000000,85.45000000
1775446200000,2026-04-06T03:30:00+00:00,576.04000000,576.24000000,575.57000000,575.66000000,15.09000000
1775447100000,2026-04-06T03:45:00+00:00,575.60000000,576.48000000,575.60000000,576.17000000,8.80000000
1775448000000,2026-04-06T04:00:00+00:00,576.12000000,576.58000000,575.87000000,576.09000000,12.04000000
1775448900000,2026-04-06T04:15:00+00:00,576.13000000,576.40000000,575.87000000,576.07000000,1.93000000
1775449800000,2026-04-06T04:30:00+00:00,576.30000000,577.20000000,576.30000000,577.05000000,19.34000000
1775450700000,2026-04-06T04:45:00+00:00,576.82000000,577.48000000,576.82000000,577.20000000,4.42000000
1775451600000,2026-04-06T05:00:00+00:00,577.21000000,577.50000000,576.91000000,577.03000000,9.82000000
1775452500000,2026-04-06T05:15:00+00:00,577.11000000,577.48000000,576.99000000,577.28000000,15.60000000
1775453400000,2026-04-06T05:30:00+00:00,577.28000000,577.45000000,576.46000000,576.90000000,12.50000000
1775454300000,2026-04-06T05:45:00+00:00,577.02000000,577.14000000,576.64000000,576.64000000,7.66000000
1775455200000,2026-04-06T06:00:00+00:00,576.78000000,577.88000000,576.42000000,577.58000000,42.97000000
1775456100000,2026-04-06T06:15:00+00:00,577.55000000,577.68000000,576.65000000,576.85000000,7.92000000
1775457000000,2026-04-06T06:30:00+00:00,576.67000000,576.67000000,576.30000000,576.51000000,5.07000000
1775457900000,2026-04-06T06:45:00+00:00,576.44000000,577.44000000,576.30000000,577.01000000,10.27000000
1775458800000,2026-04-06T07:00:00+00:00,577.29000000,577.29000000,576.25000000,576.38000000,15.91000000
1775459700000,2026-04-06T07:15:00+00:00,576.47000000,577.01000000,576.30000000,576.54000000,19.62000000
1775460600000,2026-04-06T07:30:00+00:00,576.49000000,577.75000000,576.41000000,577.25000000,107.99000000
1775461500000,2026-04-06T07:45:00+00:00,577.08000000,578.34000000,577.00000000,578.04000000,118.55000000
1775462400000,2026-04-06T08:00:00+00:00,578.11000000,580.26000000,576.87000000,580.23000000,76.62000000
1775463300000,2026-04-06T08:15:00+00:00,580.37000000,581.72000000,579.58000000,581.03000000,69.53000000
1775464200000,2026-04-06T08:30:00+00:00,581.17000000,584.04000000,581.17000000,584.02000000,122.77000000
1775465100000,2026-04-06T08:45:00+00:00,583.70000000,584.13000000,582.66000000,583.64000000,25.93000000
1775466000000,2026-04-06T09:00:00+00:00,583.11000000,583.50000000,582.57000000,582.69000000,42.88000000
1775466900000,2026-04-06T09:15:00+00:00,582.99000000,583.20000000,582.27000000,582.61000000,62.51000000
1775467800000,2026-04-06T09:30:00+00:00,582.83000000,582.83000000,581.91000000,581.92000000,16.68000000
1775468700000,2026-04-06T09:45:00+00:00,582.00000000,582.50000000,581.62000000,581.62000000,20.41000000
1775469600000,2026-04-06T10:00:00+00:00,581.83000000,582.52000000,581.61000000,582.09000000,19.17000000
1775470500000,2026-04-06T10:15:00+00:00,581.86000000,582.56000000,581.33000000,581.68000000,14.90000000
1775471400000,2026-04-06T10:30:00+00:00,581.68000000,582.39000000,581.48000000,581.96000000,14.79000000
1775472300000,2026-04-06T10:45:00+00:00,582.06000000,582.57000000,580.42000000,581.40000000,102.18000000
1775473200000,2026-04-06T11:00:00+00:00,581.23000000,581.23000000,579.50000000,579.71000000,18.48000000
1775474100000,2026-04-06T11:15:00+00:00,580.04000000,580.76000000,580.03000000,580.53000000,13.09000000
1775475000000,2026-04-06T11:30:00+00:00,580.48000000,580.79000000,579.74000000,580.07000000,44.46000000
1775475900000,2026-04-06T11:45:00+00:00,579.92000000,580.57000000,579.67000000,579.94000000,13.49000000
1775476800000,2026-04-06T12:00:00+00:00,579.89000000,581.32000000,579.70000000,580.86000000,34.99000000
1775477700000,2026-04-06T12:15:00+00:00,580.75000000,581.19000000,580.23000000,580.54000000,25.14000000
1775478600000,2026-04-06T12:30:00+00:00,580.46000000,580.88000000,580.21000000,580.47000000,11.65000000
1775479500000,2026-04-06T12:45:00+00:00,580.46000000,581.39000000,580.21000000,580.41000000,21.90000000
1775480400000,2026-04-06T13:00:00+00:00,580.49000000,580.68000000,579.16000000,580.11000000,24.50000000
1775481300000,2026-04-06T13:15:00+00:00,580.11000000,580.14000000,578.24000000,578.30000000,36.85000000
1775482200000,2026-04-06T13:30:00+00:00,578.57000000,583.14000000,577.45000000,580.03000000,360.96000000
1775483100000,2026-04-06T13:45:00+00:00,580.02000000,582.18000000,579.66000000,581.61000000,90.31000000
1775484000000,2026-04-06T14:00:00+00:00,581.78000000,582.61000000,576.96000000,578.12000000,254.78000000
1775484900000,2026-04-06T14:15:00+00:00,578.32000000,579.24000000,576.71000000,577.34000000,328.64000000
1775485800000,2026-04-06T14:30:00+00:00,577.17000000,577.94000000,574.73000000,575.81000000,141.47000000
1775486700000,2026-04-06T14:45:00+00:00,575.73000000,576.32000000,573.80000000,576.31000000,91.81000000
1775487600000,2026-04-06T15:00:00+00:00,576.16000000,579.05000000,576.11000000,578.64000000,89.71000000
1775488500000,2026-04-06T15:15:00+00:00,578.70000000,579.08000000,576.67000000,577.31000000,39.36000000
1775489400000,2026-04-06T15:30:00+00:00,577.26000000,578.35000000,576.37000000,578.31000000,46.12000000
1775490300000,2026-04-06T15:45:00+00:00,578.20000000,579.04000000,578.08000000,578.60000000,24.09000000
1775491200000,2026-04-06T16:00:00+00:00,578.64000000,579.14000000,578.16000000,578.94000000,60.03000000
1775492100000,2026-04-06T16:15:00+00:00,579.04000000,579.52000000,578.59000000,579.49000000,24.87000000
1775493000000,2026-04-06T16:30:00+00:00,579.43000000,580.45000000,579.11000000,580.35000000,50.57000000
1775493900000,2026-04-06T16:45:00+00:00,580.42000000,580.56000000,578.19000000,578.33000000,46.23000000
1775494800000,2026-04-06T17:00:00+00:00,578.38000000,578.38000000,575.68000000,576.57000000,46.73000000
1775495700000,2026-04-06T17:15:00+00:00,576.46000000,577.53000000,576.02000000,577.44000000,21.75000000
1775496600000,2026-04-06T17:30:00+00:00,577.32000000,578.07000000,576.89000000,577.23000000,19.23000000
1775497500000,2026-04-06T17:45:00+00:00,577.23000000,577.37000000,576.16000000,576.16000000,15.73000000
1775498400000,2026-04-06T18:00:00+00:00,576.19000000,578.16000000,575.75000000,577.64000000,42.27000000
1775499300000,2026-04-06T18:15:00+00:00,577.62000000,579.23000000,577.62000000,578.54000000,26.96000000
1775500200000,2026-04-06T18:30:00+00:00,578.51000000,579.07000000,577.98000000,578.02000000,12.19000000
1775501100000,2026-04-06T18:45:00+00:00,578.41000000,578.41000000,577.85000000,578.37000000,37.51000000
1775502000000,2026-04-06T19:00:00+00:00,578.29000000,578.77000000,577.92000000,578.58000000,121.32000000
1775502900000,2026-04-06T19:15:00+00:00,578.64000000,578.65000000,577.67000000,577.81000000,30.76000000
1775503800000,2026-04-06T19:30:00+00:00,577.82000000,578.02000000,574.93000000,575.04000000,34.44000000
1775504700000,2026-04-06T19:45:00+00:00,575.10000000,576.02000000,572.85000000,573.88000000,92.01000000
1775505600000,2026-04-06T20:00:00+00:00,574.06000000,574.55000000,573.79000000,574.13000000,32.50000000
1775506500000,2026-04-06T20:15:00+00:00,574.14000000,574.24000000,573.71000000,574.24000000,24.81000000
1775507400000,2026-04-06T20:30:00+00:00,574.31000000,574.63000000,574.14000000,574.38000000,15.44000000
1775508300000,2026-04-06T20:45:00+00:00,574.39000000,574.44000000,574.18000000,574.20000000,1.24000000
1775509200000,2026-04-06T21:00:00+00:00,574.25000000,574.40000000,574.01000000,574.23000000,7.70000000
1775510100000,2026-04-06T21:15:00+00:00,574.11000000,574.39000000,574.07000000,574.31000000,4.40000000
1775511000000,2026-04-06T21:30:00+00:00,574.33000000,574.68000000,574.20000000,574.68000000,15.50000000
1775511900000,2026-04-06T21:45:00+00:00,574.57000000,574.73000000,574.46000000,574.57000000,4.52000000
1775512800000,2026-04-06T22:00:00+00:00,574.68000000,574.76000000,574.54000000,574.54000000,5.05000000
1775513700000,2026-04-06T22:15:00+00:00,574.57000000,574.58000000,573.52000000,573.72000000,15.05000000
1775514600000,2026-04-06T22:30:00+00:00,573.90000000,574.23000000,573.72000000,573.88000000,7.20000000
1775515500000,2026-04-06T22:45:00+00:00,573.83000000,573.83000000,573.28000000,573.44000000,32.68000000
1775516400000,2026-04-06T23:00:00+00:00,573.49000000,573.81000000,573.16000000,573.67000000,67.01000000
1775517300000,2026-04-06T23:15:00+00:00,573.67000000,573.67000000,573.15000000,573.52000000,45.16000000
1775518200000,2026-04-06T23:30:00+00:00,573.50000000,573.96000000,573.22000000,573.39000000,28.81000000
1775519100000,2026-04-06T23:45:00+00:00,573.46000000,573.50000000,573.17000000,573.32000000,7.00000000
1775520000000,2026-04-07T00:00:00+00:00,573.24000000,574.86000000,573.16000000,574.30000000,183.95000000
1775520900000,2026-04-07T00:15:00+00:00,574.35000000,574.94000000,574.35000000,574.65000000,18.97000000
1775521800000,2026-04-07T00:30:00+00:00,574.65000000,574.90000000,573.60000000,573.66000000,7.68000000
1775522700000,2026-04-07T00:45:00+00:00,573.66000000,574.33000000,573.66000000,573.97000000,11.06000000
1775523600000,2026-04-07T01:00:00+00:00,573.81000000,573.83000000,572.27000000,572.48000000,39.20000000
1775524500000,2026-04-07T01:15:00+00:00,572.65000000,573.12000000,572.65000000,572.99000000,12.44000000
1775525400000,2026-04-07T01:30:00+00:00,572.99000000,572.99000000,570.64000000,571.42000000,39.29000000
1775526300000,2026-04-07T01:45:00+00:00,571.64000000,571.84000000,569.28000000,569.90000000,34.47000000
1775527200000,2026-04-07T02:00:00+00:00,569.83000000,569.90000000,568.76000000,569.46000000,58.09000000
1775528100000,2026-04-07T02:15:00+00:00,569.51000000,570.54000000,569.43000000,570.19000000,19.32000000
1775529000000,2026-04-07T02:30:00+00:00,570.33000000,571.25000000,570.19000000,571.02000000,28.51000000
1775529900000,2026-04-07T02:45:00+00:00,571.22000000,571.59000000,570.79000000,570.81000000,17.76000000
1775530800000,2026-04-07T03:00:00+00:00,570.76000000,572.40000000,570.14000000,570.62000000,153.29000000
1775531700000,2026-04-07T03:15:00+00:00,570.57000000,570.62000000,569.21000000,570.12000000,46.50000000
1775532600000,2026-04-07T03:30:00+00:00,570.27000000,570.55000000,570.18000000,570.18000000,4.29000000
1775533500000,2026-04-07T03:45:00+00:00,570.40000000,571.11000000,570.40000000,570.98000000,10.93000000
1775534400000,2026-04-07T04:00:00+00:00,570.97000000,571.19000000,570.46000000,570.46000000,6.31000000
1775535300000,2026-04-07T04:15:00+00:00,570.62000000,570.94000000,570.02000000,570.65000000,20.91000000
1775536200000,2026-04-07T04:30:00+00:00,570.84000000,571.67000000,570.77000000,571.58000000,9.41000000
1775537100000,2026-04-07T04:45:00+00:00,571.59000000,572.12000000,571.59000000,571.86000000,7.31000000
1775538000000,2026-04-07T05:00:00+00:00,571.97000000,572.03000000,571.37000000,571.81000000,13.83000000
1775538900000,2026-04-07T05:15:00+00:00,571.69000000,571.93000000,570.93000000,570.93000000,14.76000000
1775539800000,2026-04-07T05:30:00+00:00,570.91000000,571.19000000,570.50000000,570.50000000,33.29000000
1775540700000,2026-04-07T05:45:00+00:00,570.62000000,571.26000000,570.59000000,571.18000000,9.10000000
1775541600000,2026-04-07T06:00:00+00:00,571.06000000,571.60000000,570.58000000,570.58000000,13.61000000
1775542500000,2026-04-07T06:15:00+00:00,570.75000000,570.76000000,570.06000000,570.64000000,11.95000000
1775543400000,2026-04-07T06:30:00+00:00,570.75000000,570.75000000,570.02000000,570.34000000,14.71000000
1775544300000,2026-04-07T06:45:00+00:00,570.38000000,570.86000000,570.21000000,570.73000000,3.30000000
1775545200000,2026-04-07T07:00:00+00:00,571.03000000,571.04000000,570.58000000,570.81000000,7.79000000
1775546100000,2026-04-07T07:15:00+00:00,570.81000000,570.81000000,570.08000000,570.37000000,11.48000000
1775547000000,2026-04-07T07:30:00+00:00,570.37000000,570.95000000,570.37000000,570.74000000,10.44000000
1775547900000,2026-04-07T07:45:00+00:00,570.74000000,571.08000000,570.33000000,571.08000000,5.89000000
1775548800000,2026-04-07T08:00:00+00:00,571.01000000,573.68000000,571.01000000,573.35000000,96.07000000
1775549700000,2026-04-07T08:15:00+00:00,573.43000000,574.71000000,572.58000000,573.37000000,119.06000000
1775550600000,2026-04-07T08:30:00+00:00,573.46000000,575.10000000,573.43000000,574.66000000,57.76000000
1775551500000,2026-04-07T08:45:00+00:00,574.56000000,574.85000000,573.96000000,574.71000000,26.99000000
1775552400000,2026-04-07T09:00:00+00:00,574.71000000,575.19000000,574.44000000,574.44000000,40.91000000
1775553300000,2026-04-07T09:15:00+00:00,574.31000000,576.50000000,574.31000000,576.32000000,41.64000000
1775554200000,2026-04-07T09:30:00+00:00,576.31000000,576.42000000,575.85000000,576.15000000,34.17000000
1775555100000,2026-04-07T09:45:00+00:00,575.90000000,576.64000000,575.49000000,576.35000000,32.20000000
1775556000000,2026-04-07T10:00:00+00:00,576.14000000,576.91000000,574.29000000,575.35000000,48.10000000
1775556900000,2026-04-07T10:15:00+00:00,575.36000000,575.94000000,574.49000000,574.70000000,37.10000000
1775557800000,2026-04-07T10:30:00+00:00,574.88000000,574.88000000,573.03000000,573.51000000,35.25000000
1775558700000,2026-04-07T10:45:00+00:00,573.58000000,573.68000000,571.20000000,572.06000000,88.75000000
1775559600000,2026-04-07T11:00:00+00:00,572.13000000,572.17000000,570.36000000,571.17000000,104.54000000
1775560500000,2026-04-07T11:15:00+00:00,571.17000000,571.85000000,571.17000000,571.46000000,43.21000000
1775561400000,2026-04-07T11:30:00+00:00,571.46000000,571.56000000,569.61000000,570.97000000,80.23000000
1775562300000,2026-04-07T11:45:00+00:00,571.12000000,571.32000000,570.80000000,570.83000000,36.43000000
1775563200000,2026-04-07T12:00:00+00:00,570.89000000,571.20000000,567.77000000,569.58000000,304.29000000
1775564100000,2026-04-07T12:15:00+00:00,569.56000000,571.62000000,568.81000000,571.41000000,101.08000000
1775565000000,2026-04-07T12:30:00+00:00,571.45000000,571.69000000,570.24000000,570.30000000,23.44000000
1775565900000,2026-04-07T12:45:00+00:00,570.30000000,571.54000000,569.85000000,570.71000000,41.52000000
1775566800000,2026-04-07T13:00:00+00:00,570.78000000,571.62000000,570.32000000,570.89000000,77.15000000
1775567700000,2026-04-07T13:15:00+00:00,570.85000000,572.74000000,570.17000000,572.40000000,109.31000000
1775568600000,2026-04-07T13:30:00+00:00,572.47000000,572.99000000,569.10000000,571.55000000,377.24000000
1775569500000,2026-04-07T13:45:00+00:00,571.50000000,571.50000000,569.33000000,569.55000000,172.14000000
1775570400000,2026-04-07T14:00:00+00:00,569.52000000,569.65000000,565.66000000,568.15000000,305.44000000
1775571300000,2026-04-07T14:15:00+00:00,568.13000000,570.20000000,568.00000000,570.16000000,86.51000000
1775572200000,2026-04-07T14:30:00+00:00,570.05000000,570.55000000,567.55000000,567.75000000,96.61000000
1775573100000,2026-04-07T14:45:00+00:00,567.71000000,569.18000000,566.59000000,566.75000000,89.15000000
1775574000000,2026-04-07T15:00:00+00:00,566.71000000,566.79000000,565.12000000,566.38000000,119.40000000
1775574900000,2026-04-07T15:15:00+00:00,566.50000000,568.48000000,566.45000000,567.21000000,122.43000000
1775575800000,2026-04-07T15:30:00+00:00,567.30000000,567.68000000,566.64000000,566.82000000,55.77000000
1775576700000,2026-04-07T15:45:00+00:00,566.76000000,567.72000000,566.46000000,567.35000000,70.69000000
1775577600000,2026-04-07T16:00:00+00:00,567.36000000,570.27000000,567.36000000,568.48000000,85.21000000
1775578500000,2026-04-07T16:15:00+00:00,568.47000000,569.84000000,568.19000000,569.23000000,87.45000000
1775579400000,2026-04-07T16:30:00+00:00,569.14000000,570.60000000,568.94000000,569.72000000,39.82000000
1775580300000,2026-04-07T16:45:00+00:00,569.80000000,571.06000000,569.10000000,569.32000000,45.76000000
1775581200000,2026-04-07T17:00:00+00:00,569.31000000,570.27000000,568.67000000,569.12000000,87.36000000
1775582100000,2026-04-07T17:15:00+00:00,569.06000000,569.37000000,568.26000000,568.96000000,88.99000000
1775583000000,2026-04-07T17:30:00+00:00,569.03000000,572.11000000,568.97000000,570.88000000,272.25000000
1775583900000,2026-04-07T17:45:00+00:00,570.95000000,571.25000000,570.40000000,570.56000000,53.49000000
1775584800000,2026-04-07T18:00:00+00:00,570.58000000,570.85000000,569.96000000,570.30000000,35.45000000
1775585700000,2026-04-07T18:15:00+00:00,570.34000000,570.63000000,569.44000000,569.82000000,12.88000000
1775586600000,2026-04-07T18:30:00+00:00,569.84000000,569.84000000,568.18000000,568.93000000,43.63000000
1775587500000,2026-04-07T18:45:00+00:00,568.74000000,568.89000000,567.11000000,567.31000000,16.17000000
1775588400000,2026-04-07T19:00:00+00:00,567.20000000,567.75000000,566.66000000,567.75000000,62.83000000
1775589300000,2026-04-07T19:15:00+00:00,567.80000000,571.60000000,567.71000000,570.05000000,92.71000000
1775590200000,2026-04-07T19:30:00+00:00,570.00000000,570.51000000,569.23000000,570.50000000,25.85000000
1775591100000,2026-04-07T19:45:00+00:00,570.34000000,575.78000000,570.15000000,575.58000000,153.46000000
1775592000000,2026-04-07T20:00:00+00:00,575.54000000,576.91000000,575.15000000,576.21000000,31.86000000
1775592900000,2026-04-07T20:15:00+00:00,576.21000000,576.50000000,575.35000000,575.47000000,15.09000000
1775593800000,2026-04-07T20:30:00+00:00,575.59000000,577.20000000,575.44000000,576.97000000,49.24000000
1775594700000,2026-04-07T20:45:00+00:00,576.97000000,576.97000000,575.75000000,575.98000000,19.77000000
1775595600000,2026-04-07T21:00:00+00:00,575.76000000,576.33000000,575.61000000,575.97000000,41.42000000
1775596500000,2026-04-07T21:15:00+00:00,576.02000000,576.64000000,575.90000000,576.64000000,22.43000000
1775597400000,2026-04-07T21:30:00+00:00,576.42000000,578.28000000,576.20000000,578.22000000,18.60000000
1775598300000,2026-04-07T21:45:00+00:00,577.96000000,579.94000000,577.96000000,579.32000000,57.44000000
1775599200000,2026-04-07T22:00:00+00:00,579.32000000,583.91000000,579.06000000,583.16000000,227.53000000
1775600100000,2026-04-07T22:15:00+00:00,583.16000000,583.47000000,582.60000000,583.25000000,35.03000000
1775601000000,2026-04-07T22:30:00+00:00,583.38000000,592.00000000,580.39000000,590.46000000,496.23000000
1775601900000,2026-04-07T22:45:00+00:00,590.46000000,595.41000000,589.62000000,595.41000000,174.10000000
1775602800000,2026-04-07T23:00:00+00:00,595.44000000,598.29000000,594.58000000,596.59000000,202.62000000
1775603700000,2026-04-07T23:15:00+00:00,596.49000000,600.31000000,596.49000000,598.09000000,326.84000000
1775604600000,2026-04-07T23:30:00+00:00,598.29000000,598.43000000,595.85000000,596.32000000,78.54000000
1775605500000,2026-04-07T23:45:00+00:00,596.32000000,597.59000000,596.00000000,596.65000000,41.88000000
1775606400000,2026-04-08T00:00:00+00:00,596.65000000,599.34000000,596.50000000,597.72000000,132.00000000
1775607300000,2026-04-08T00:15:00+00:00,597.67000000,598.79000000,597.57000000,598.01000000,35.64000000
1775608200000,2026-04-08T00:30:00+00:00,597.96000000,598.75000000,597.24000000,598.51000000,39.94000000
1775609100000,2026-04-08T00:45:00+00:00,598.52000000,599.91000000,598.15000000,599.55000000,55.72000000
1775610000000,2026-04-08T01:00:00+00:00,599.28000000,600.44000000,598.65000000,599.42000000,36.22000000
1775610900000,2026-04-08T01:15:00+00:00,599.17000000,599.28000000,597.15000000,597.58000000,316.13000000
1775611800000,2026-04-08T01:30:00+00:00,597.38000000,600.12000000,596.98000000,598.38000000,476.37000000
1775612700000,2026-04-08T01:45:00+00:00,598.33000000,599.23000000,598.33000000,598.97000000,31.59000000
1775613600000,2026-04-08T02:00:00+00:00,598.90000000,599.86000000,598.90000000,599.63000000,84.14000000
1775614500000,2026-04-08T02:15:00+00:00,599.64000000,599.88000000,599.61000000,599.88000000,8.72000000
1775615400000,2026-04-08T02:30:00+00:00,599.84000000,599.95000000,599.29000000,599.85000000,16.07000000
1775616300000,2026-04-08T02:45:00+00:00,599.88000000,600.01000000,599.64000000,599.82000000,8.09000000
1775617200000,2026-04-08T03:00:00+00:00,600.01000000,600.20000000,599.35000000,599.56000000,33.22000000
1775618100000,2026-04-08T03:15:00+00:00,599.38000000,599.52000000,598.90000000,598.96000000,18.55000000
1775619000000,2026-04-08T03:30:00+00:00,599.14000000,599.70000000,598.87000000,599.50000000,13.00000000
1775619900000,2026-04-08T03:45:00+00:00,599.38000000,599.74000000,599.22000000,599.74000000,11.63000000
1775620800000,2026-04-08T04:00:00+00:00,599.75000000,600.51000000,599.75000000,600.50000000,34.96000000
1775621700000,2026-04-08T04:15:00+00:00,600.50000000,601.78000000,600.31000000,601.50000000,16.58000000
1775622600000,2026-04-08T04:30:00+00:00,601.69000000,603.18000000,601.53000000,602.53000000,24.47000000
1775623500000,2026-04-08T04:45:00+00:00,602.71000000,602.71000000,601.01000000,601.01000000,20.57000000
1775624400000,2026-04-08T05:00:00+00:00,601.01000000,601.50000000,600.69000000,601.01000000,19.65000000
1775625300000,2026-04-08T05:15:00+00:00,600.79000000,601.46000000,600.61000000,601.42000000,16.62000000
1775626200000,2026-04-08T05:30:00+00:00,601.25000000,601.86000000,601.25000000,601.47000000,9.10000000
1775627100000,2026-04-08T05:45:00+00:00,601.65000000,602.81000000,601.52000000,602.54000000,22.29000000
1775628000000,2026-04-08T06:00:00+00:00,602.48000000,603.39000000,601.80000000,603.16000000,23.28000000
1775628900000,2026-04-08T06:15:00+00:00,603.30000000,603.62000000,602.15000000,602.39000000,72.16000000
1775629800000,2026-04-08T06:30:00+00:00,602.65000000,604.03000000,602.24000000,603.36000000,17.90000000
1775630700000,2026-04-08T06:45:00+00:00,603.52000000,604.05000000,603.05000000,603.83000000,35.37000000
1775631600000,2026-04-08T07:00:00+00:00,603.82000000,603.87000000,602.25000000,603.03000000,46.06000000
1775632500000,2026-04-08T07:15:00+00:00,602.96000000,604.45000000,602.96000000,603.45000000,66.17000000
1775633400000,2026-04-08T07:30:00+00:00,603.41000000,603.44000000,601.12000000,601.12000000,44.57000000
1775634300000,2026-04-08T07:45:00+00:00,601.29000000,601.61000000,600.70000000,600.82000000,35.17000000
1775635200000,2026-04-08T08:00:00+00:00,600.75000000,601.83000000,600.70000000,601.15000000,25.65000000
1775636100000,2026-04-08T08:15:00+00:00,601.13000000,602.58000000,601.13000000,602.58000000,18.87000000
1775637000000,2026-04-08T08:30:00+00:00,602.54000000,602.82000000,601.56000000,601.85000000,26.46000000
1775637900000,2026-04-08T08:45:00+00:00,601.89000000,602.75000000,601.78000000,602.69000000,54.53000000
1775638800000,2026-04-08T09:00:00+00:00,602.75000000,603.60000000,602.75000000,603.28000000,26.04000000
1775639700000,2026-04-08T09:15:00+00:00,603.25000000,603.90000000,602.88000000,603.56000000,47.77000000
1775640600000,2026-04-08T09:30:00+00:00,603.54000000,603.56000000,602.49000000,602.88000000,24.68000000
1775641500000,2026-04-08T09:45:00+00:00,602.83000000,603.23000000,602.58000000,603.19000000,18.99000000
1775642400000,2026-04-08T10:00:00+00:00,602.92000000,603.71000000,602.89000000,603.51000000,8.10000000
1775643300000,2026-04-08T10:15:00+00:00,603.27000000,604.55000000,603.21000000,604.31000000,51.35000000
1775644200000,2026-04-08T10:30:00+00:00,604.54000000,605.10000000,604.29000000,604.89000000,29.60000000
1775645100000,2026-04-08T10:45:00+00:00,604.72000000,604.91000000,604.11000000,604.35000000,17.02000000
1775646000000,2026-04-08T11:00:00+00:00,604.10000000,604.10000000,602.83000000,603.56000000,68.64000000
1775646900000,2026-04-08T11:15:00+00:00,603.60000000,605.20000000,603.59000000,605.20000000,13.70000000
1775647800000,2026-04-08T11:30:00+00:00,604.97000000,605.12000000,604.44000000,604.90000000,13.58000000
1775648700000,2026-04-08T11:45:00+00:00,604.92000000,606.04000000,604.92000000,605.54000000,22.81000000
1775649600000,2026-04-08T12:00:00+00:00,605.54000000,606.47000000,605.32000000,606.06000000,55.13000000
1775650500000,2026-04-08T12:15:00+00:00,606.12000000,606.36000000,603.74000000,604.94000000,53.17000000
1775651400000,2026-04-08T12:30:00+00:00,604.83000000,605.54000000,604.46000000,604.55000000,21.67000000
1775652300000,2026-04-08T12:45:00+00:00,604.64000000,605.32000000,604.45000000,604.79000000,27.55000000
1775653200000,2026-04-08T13:00:00+00:00,604.79000000,605.46000000,604.56000000,605.04000000,42.13000000
1775654100000,2026-04-08T13:15:00+00:00,605.16000000,606.48000000,603.85000000,605.98000000,83.58000000
1775655000000,2026-04-08T13:30:00+00:00,605.95000000,608.95000000,600.77000000,600.85000000,849.30000000
1775655900000,2026-04-08T13:45:00+00:00,600.81000000,603.29000000,599.45000000,600.27000000,489.15000000
1775656800000,2026-04-08T14:00:00+00:00,600.31000000,600.43000000,596.50000000,597.70000000,228.95000000
1775657700000,2026-04-08T14:15:00+00:00,597.67000000,598.20000000,596.38000000,596.43000000,99.19000000
1775658600000,2026-04-08T14:30:00+00:00,596.51000000,598.76000000,595.75000000,595.75000000,389.37000000
1775659500000,2026-04-08T14:45:00+00:00,595.89000000,596.70000000,592.99000000,593.86000000,150.70000000
1775660400000,2026-04-08T15:00:00+00:00,593.92000000,594.59000000,592.86000000,594.20000000,80.66000000
1775661300000,2026-04-08T15:15:00+00:00,594.11000000,594.62000000,592.86000000,593.71000000,164.28000000
1775662200000,2026-04-08T15:30:00+00:00,593.42000000,594.53000000,592.22000000,594.41000000,103.43000000
1775663100000,2026-04-08T15:45:00+00:00,594.55000000,597.62000000,594.55000000,597.10000000,79.63000000
1775664000000,2026-04-08T16:00:00+00:00,597.31000000,610.15000000,597.31000000,609.20000000,913.73000000
1775664900000,2026-04-08T16:15:00+00:00,609.45000000,623.13000000,609.09000000,621.30000000,845.34000000
1775665800000,2026-04-08T16:30:00+00:00,621.25000000,625.71000000,619.20000000,623.77000000,589.95000000
1775666700000,2026-04-08T16:45:00+00:00,623.75000000,629.96000000,623.41000000,627.75000000,435.91000000
1775667600000,2026-04-08T17:00:00+00:00,627.81000000,629.45000000,623.17000000,623.17000000,575.10000000
1775668500000,2026-04-08T17:15:00+00:00,623.16000000,624.74000000,621.64000000,622.66000000,143.13000000
1775669400000,2026-04-08T17:30:00+00:00,622.66000000,625.63000000,620.49000000,620.89000000,263.18000000
1775670300000,2026-04-08T17:45:00+00:00,621.05000000,621.15000000,618.00000000,618.92000000,129.02000000
1775671200000,2026-04-08T18:00:00+00:00,618.92000000,619.90000000,618.25000000,618.94000000,112.93000000
1775672100000,2026-04-08T18:15:00+00:00,618.94000000,620.20000000,616.70000000,617.00000000,119.25000000
1775673000000,2026-04-08T18:30:00+00:00,616.95000000,617.24000000,614.95000000,615.00000000,72.40000000
1775673900000,2026-04-08T18:45:00+00:00,614.95000000,615.94000000,611.55000000,611.55000000,78.16000000
1775674800000,2026-04-08T19:00:00+00:00,611.74000000,612.96000000,611.45000000,612.90000000,72.17000000
1775675700000,2026-04-08T19:15:00+00:00,613.00000000,613.17000000,610.52000000,610.55000000,52.83000000
1775676600000,2026-04-08T19:30:00+00:00,610.69000000,613.47000000,610.05000000,613.12000000,64.57000000
1775677500000,2026-04-08T19:45:00+00:00,613.13000000,613.65000000,611.73000000,613.03000000,52.61000000
1775678400000,2026-04-08T20:00:00+00:00,613.04000000,613.29000000,612.80000000,613.25000000,12.27000000
1775679300000,2026-04-08T20:15:00+00:00,613.30000000,613.56000000,612.56000000,612.56000000,7.10000000
1775680200000,2026-04-08T20:30:00+00:00,612.61000000,613.29000000,612.61000000,613.29000000,12.16000000
1775681100000,2026-04-08T20:45:00+00:00,613.16000000,613.59000000,611.90000000,611.90000000,52.11000000
1775682000000,2026-04-08T21:00:00+00:00,612.16000000,612.27000000,611.48000000,612.27000000,17.97000000
1775682900000,2026-04-08T21:15:00+00:00,612.16000000,613.36000000,612.11000000,613.36000000,26.48000000
1775683800000,2026-04-08T21:30:00+00:00,613.29000000,613.68000000,613.10000000,613.68000000,40.24000000
1775684700000,2026-04-08T21:45:00+00:00,613.64000000,613.89000000,612.73000000,613.89000000,19.99000000
1775685600000,2026-04-08T22:00:00+00:00,613.72000000,614.04000000,613.55000000,613.79000000,16.57000000
1775686500000,2026-04-08T22:15:00+00:00,613.80000000,614.14000000,613.43000000,614.00000000,20.92000000
1775687400000,2026-04-08T22:30:00+00:00,613.83000000,616.43000000,613.78000000,616.26000000,33.50000000
1775688300000,2026-04-08T22:45:00+00:00,616.44000000,616.75000000,616.29000000,616.40000000,13.82000000
1775689200000,2026-04-08T23:00:00+00:00,616.37000000,616.46000000,615.64000000,616.14000000,23.78000000
1775690100000,2026-04-08T23:15:00+00:00,616.14000000,616.60000000,615.98000000,616.03000000,16.72000000
1775691000000,2026-04-08T23:30:00+00:00,616.04000000,616.39000000,615.78000000,616.39000000,54.43000000
1775691900000,2026-04-08T23:45:00+00:00,616.16000000,616.59000000,616.11000000,616.52000000,12.39000000
1775692800000,2026-04-09T00:00:00+00:00,616.31000000,616.54000000,614.60000000,615.90000000,53.71000000
1775693700000,2026-04-09T00:15:00+00:00,615.85000000,616.60000000,615.50000000,616.52000000,67.73000000
1775694600000,2026-04-09T00:30:00+00:00,616.52000000,617.53000000,616.11000000,616.71000000,34.87000000
1775695500000,2026-04-09T00:45:00+00:00,616.84000000,616.84000000,615.77000000,616.00000000,10.13000000
1775696400000,2026-04-09T01:00:00+00:00,616.13000000,616.56000000,613.75000000,614.28000000,47.80000000
1775697300000,2026-04-09T01:15:00+00:00,614.25000000,614.34000000,613.08000000,613.91000000,70.34000000
1775698200000,2026-04-09T01:30:00+00:00,613.91000000,614.70000000,613.73000000,614.58000000,33.31000000
1775699100000,2026-04-09T01:45:00+00:00,614.49000000,615.00000000,614.33000000,614.90000000,15.42000000
1775700000000,2026-04-09T02:00:00+00:00,614.90000000,618.27000000,614.40000000,618.27000000,51.79000000
1775700900000,2026-04-09T02:15:00+00:00,618.29000000,618.92000000,617.37000000,617.68000000,32.37000000
1775701800000,2026-04-09T02:30:00+00:00,617.70000000,617.99000000,616.99000000,616.99000000,26.40000000
1775702700000,2026-04-09T02:45:00+00:00,617.40000000,617.50000000,616.84000000,616.90000000,16.46000000
1775703600000,2026-04-09T03:00:00+00:00,616.80000000,616.96000000,615.69000000,615.80000000,48.76000000
1775704500000,2026-04-09T03:15:00+00:00,615.75000000,616.79000000,615.69000000,615.81000000,31.97000000
1775705400000,2026-04-09T03:30:00+00:00,616.05000000,616.54000000,615.90000000,615.90000000,9.62000000
1775706300000,2026-04-09T03:45:00+00:00,616.04000000,616.19000000,615.70000000,615.80000000,4.10000000
1775707200000,2026-04-09T04:00:00+00:00,615.75000000,615.84000000,615.29000000,615.54000000,13.00000000
1775708100000,2026-04-09T04:15:00+00:00,615.29000000,616.15000000,615.15000000,615.76000000,32.47000000
1775709000000,2026-04-09T04:30:00+00:00,615.95000000,616.40000000,615.68000000,616.40000000,18.37000000
1775709900000,2026-04-09T04:45:00+00:00,616.24000000,616.37000000,615.90000000,616.01000000,3.23000000
1775710800000,2026-04-09T05:00:00+00:00,615.91000000,615.95000000,615.07000000,615.50000000,57.65000000
1775711700000,2026-04-09T05:15:00+00:00,615.50000000,616.34000000,615.50000000,616.34000000,16.96000000
1775712600000,2026-04-09T05:30:00+00:00,616.35000000,617.11000000,616.35000000,616.88000000,20.52000000
1775713500000,2026-04-09T05:45:00+00:00,616.62000000,617.21000000,616.36000000,617.20000000,125.61000000
1775714400000,2026-04-09T06:00:00+00:00,617.20000000,617.47000000,616.82000000,617.31000000,418.03000000
1775715300000,2026-04-09T06:15:00+00:00,617.31000000,617.31000000,616.27000000,616.27000000,271.93000000
1775716200000,2026-04-09T06:30:00+00:00,616.22000000,617.20000000,616.16000000,617.10000000,257.29000000
1775717100000,2026-04-09T06:45:00+00:00,617.05000000,617.10000000,615.95000000,616.10000000,143.80000000
1775718000000,2026-04-09T07:00:00+00:00,616.20000000,616.62000000,614.85000000,614.94000000,59.17000000
1775718900000,2026-04-09T07:15:00+00:00,615.00000000,615.00000000,613.55000000,613.55000000,39.63000000
1775719800000,2026-04-09T07:30:00+00:00,613.50000000,613.89000000,612.41000000,612.41000000,38.17000000
1775720700000,2026-04-09T07:45:00+00:00,612.60000000,613.25000000,612.40000000,612.94000000,53.45000000
1775721600000,2026-04-09T08:00:00+00:00,612.93000000,613.49000000,612.28000000,613.02000000,89.37000000
1775722500000,2026-04-09T08:15:00+00:00,612.99000000,613.99000000,612.72000000,612.89000000,62.14000000
1775723400000,2026-04-09T08:30:00+00:00,613.08000000,616.35000000,611.90000000,616.26000000,160.87000000
1775724300000,2026-04-09T08:45:00+00:00,616.26000000,616.59000000,614.68000000,615.74000000,70.16000000
1775725200000,2026-04-09T09:00:00+00:00,615.74000000,616.25000000,615.25000000,616.18000000,22.80000000
1775726100000,2026-04-09T09:15:00+00:00,616.10000000,617.82000000,616.10000000,617.82000000,25.34000000
1775727000000,2026-04-09T09:30:00+00:00,617.81000000,618.45000000,616.75000000,618.45000000,44.78000000
1775727900000,2026-04-09T09:45:00+00:00,618.38000000,619.48000000,618.22000000,619.45000000,34.35000000
1775728800000,2026-04-09T10:00:00+00:00,619.07000000,619.32000000,618.07000000,618.40000000,37.46000000
1775729700000,2026-04-09T10:15:00+00:00,618.09000000,618.81000000,617.66000000,618.38000000,15.68000000
1775730600000,2026-04-09T10:30:00+00:00,618.38000000,618.39000000,616.89000000,617.80000000,34.65000000
1775731500000,2026-04-09T10:45:00+00:00,617.38000000,618.11000000,616.26000000,616.26000000,29.57000000
1775732400000,2026-04-09T11:00:00+00:00,616.05000000,617.15000000,615.89000000,617.15000000,53.48000000
1775733300000,2026-04-09T11:15:00+00:00,617.03000000,618.59000000,617.03000000,618.59000000,23.57000000
1775734200000,2026-04-09T11:30:00+00:00,618.61000000,623.18000000,618.61000000,622.31000000,183.67000000
1775735100000,2026-04-09T11:45:00+00:00,622.24000000,625.09000000,622.09000000,623.93000000,103.84000000
1775736000000,2026-04-09T12:00:00+00:00,623.92000000,627.37000000,623.66000000,625.00000000,157.66000000
1775736900000,2026-04-09T12:15:00+00:00,624.85000000,626.14000000,624.41000000,626.14000000,49.61000000
1775737800000,2026-04-09T12:30:00+00:00,625.71000000,625.99000000,623.58000000,623.58000000,151.28000000
1775738700000,2026-04-09T12:45:00+00:00,623.50000000,623.68000000,622.46000000,622.46000000,14.29000000
1775739600000,2026-04-09T13:00:00+00:00,622.27000000,622.89000000,621.31000000,622.76000000,29.12000000
1775740500000,2026-04-09T13:15:00+00:00,622.69000000,628.96000000,622.69000000,627.55000000,272.92000000
1775741400000,2026-04-09T13:30:00+00:00,627.39000000,632.61000000,623.71000000,630.63000000,1304.40000000
1775742300000,2026-04-09T13:45:00+00:00,630.49000000,633.12000000,625.22000000,625.60000000,346.95000000
1775743200000,2026-04-09T14:00:00+00:00,625.97000000,626.59000000,623.71000000,625.07000000,273.53000000
1775744100000,2026-04-09T14:15:00+00:00,624.94000000,626.86000000,624.00000000,625.40000000,218.53000000
1775745000000,2026-04-09T14:30:00+00:00,625.60000000,627.76000000,625.01000000,626.65000000,115.77000000
1775745900000,2026-04-09T14:45:00+00:00,626.53000000,631.53000000,626.53000000,631.05000000,231.48000000
1775746800000,2026-04-09T15:00:00+00:00,631.25000000,632.35000000,628.75000000,630.67000000,229.50000000
1775747700000,2026-04-09T15:15:00+00:00,631.14000000,632.37000000,630.08000000,630.30000000,184.53000000
1775748600000,2026-04-09T15:30:00+00:00,629.95000000,632.20000000,629.36000000,631.09000000,334.09000000
1775749500000,2026-04-09T15:45:00+00:00,630.94000000,635.47000000,630.65000000,634.67000000,164.53000000
1775750400000,2026-04-09T16:00:00+00:00,634.71000000,637.87000000,634.71000000,636.08000000,148.03000000
1775751300000,2026-04-09T16:15:00+00:00,636.10000000,636.88000000,634.76000000,635.80000000,45.70000000
1775752200000,2026-04-09T16:30:00+00:00,635.34000000,635.69000000,632.14000000,632.80000000,32.83000000
1775753100000,2026-04-09T16:45:00+00:00,632.57000000,633.67000000,631.31000000,633.15000000,101.53000000
1775754000000,2026-04-09T17:00:00+00:00,633.33000000,634.48000000,632.97000000,633.74000000,90.95000000
1775754900000,2026-04-09T17:15:00+00:00,633.56000000,634.17000000,631.82000000,631.93000000,411.90000000
1775755800000,2026-04-09T17:30:00+00:00,631.78000000,633.32000000,631.38000000,631.67000000,141.89000000
1775756700000,2026-04-09T17:45:00+00:00,631.67000000,632.00000000,630.70000000,631.43000000,184.72000000
1775757600000,2026-04-09T18:00:00+00:00,631.44000000,631.44000000,628.06000000,628.47000000,161.67000000
1775758500000,2026-04-09T18:15:00+00:00,628.38000000,629.17000000,628.05000000,628.59000000,24.47000000
1775759400000,2026-04-09T18:30:00+00:00,628.67000000,629.33000000,627.72000000,628.65000000,16.63000000
1775760300000,2026-04-09T18:45:00+00:00,628.57000000,628.85000000,627.82000000,628.46000000,35.90000000
1775761200000,2026-04-09T19:00:00+00:00,627.88000000,630.17000000,627.83000000,629.66000000,39.40000000
1775762100000,2026-04-09T19:15:00+00:00,629.49000000,630.20000000,629.13000000,629.57000000,14.95000000
1775763000000,2026-04-09T19:30:00+00:00,629.97000000,630.50000000,629.39000000,629.97000000,31.13000000
1775763900000,2026-04-09T19:45:00+00:00,630.08000000,630.10000000,628.84000000,628.87000000,63.51000000
1775764800000,2026-04-09T20:00:00+00:00,628.89000000,630.31000000,628.29000000,628.59000000,54.42000000
1775765700000,2026-04-09T20:15:00+00:00,628.74000000,629.08000000,628.62000000,629.06000000,6.17000000
1775766600000,2026-04-09T20:30:00+00:00,629.18000000,630.29000000,629.11000000,630.19000000,6.37000000
1775767500000,2026-04-09T20:45:00+00:00,629.84000000,630.32000000,629.69000000,629.81000000,4.21000000
1775768400000,2026-04-09T21:00:00+00:00,629.91000000,630.22000000,629.36000000,629.36000000,25.16000000
1775769300000,2026-04-09T21:15:00+00:00,628.63000000,629.03000000,628.42000000,628.62000000,12.58000000
1775770200000,2026-04-09T21:30:00+00:00,628.67000000,629.07000000,628.50000000,628.91000000,4.74000000
1775771100000,2026-04-09T21:45:00+00:00,628.75000000,629.57000000,628.75000000,629.57000000,2.18000000
1775772000000,2026-04-09T22:00:00+00:00,629.53000000,629.97000000,629.16000000,629.68000000,20.85000000
1775772900000,2026-04-09T22:15:00+00:00,629.79000000,630.43000000,629.08000000,629.09000000,40.32000000
1775773800000,2026-04-09T22:30:00+00:00,629.12000000,630.01000000,628.98000000,630.01000000,10.25000000
1775774700000,2026-04-09T22:45:00+00:00,630.04000000,630.24000000,629.38000000,629.60000000,15.63000000
1775775600000,2026-04-09T23:00:00+00:00,629.50000000,629.91000000,629.21000000,629.87000000,22.31000000
1775776500000,2026-04-09T23:15:00+00:00,629.94000000,629.98000000,629.68000000,629.68000000,13.28000000
1775777400000,2026-04-09T23:30:00+00:00,629.53000000,629.90000000,629.42000000,629.52000000,9.67000000
1775778300000,2026-04-09T23:45:00+00:00,629.43000000,630.16000000,629.43000000,629.53000000,5.10000000
1775779200000,2026-04-10T00:00:00+00:00,629.47000000,630.88000000,629.09000000,630.18000000,31.83000000
1775780100000,2026-04-10T00:15:00+00:00,630.43000000,631.07000000,630.02000000,630.83000000,5.92000000
1775781000000,2026-04-10T00:30:00+00:00,630.53000000,633.72000000,630.53000000,633.10000000,21.95000000
1775781900000,2026-04-10T00:45:00+00:00,633.12000000,633.83000000,632.44000000,633.09000000,14.17000000
1775782800000,2026-04-10T01:00:00+00:00,632.92000000,632.92000000,631.25000000,631.81000000,31.33000000
1775783700000,2026-04-10T01:15:00+00:00,631.95000000,632.88000000,631.67000000,632.54000000,34.33000000
1775784600000,2026-04-10T01:30:00+00:00,632.79000000,634.32000000,632.79000000,633.58000000,29.83000000
1775785500000,2026-04-10T01:45:00+00:00,633.77000000,634.46000000,633.59000000,633.97000000,11.16000000
1775786400000,2026-04-10T02:00:00+00:00,633.64000000,634.23000000,632.84000000,633.46000000,15.23000000
1775787300000,2026-04-10T02:15:00+00:00,633.41000000,633.41000000,632.51000000,633.09000000,3.77000000
1775788200000,2026-04-10T02:30:00+00:00,632.75000000,633.17000000,632.68000000,632.74000000,9.45000000
1775789100000,2026-04-10T02:45:00+00:00,633.02000000,633.24000000,632.38000000,632.46000000,3.93000000
1775790000000,2026-04-10T03:00:00+00:00,632.45000000,632.91000000,632.32000000,632.71000000,18.67000000
1775790900000,2026-04-10T03:15:00+00:00,632.62000000,632.83000000,632.54000000,632.58000000,2.04000000
1775791800000,2026-04-10T03:30:00+00:00,632.69000000,633.23000000,632.69000000,632.83000000,20.72000000
1775792700000,2026-04-10T03:45:00+00:00,632.83000000,633.81000000,632.62000000,633.08000000,80.59000000
1775793600000,2026-04-10T04:00:00+00:00,633.12000000,633.12000000,632.40000000,632.63000000,4.95000000
1775794500000,2026-04-10T04:15:00+00:00,632.88000000,633.44000000,632.77000000,632.90000000,3.43000000
1775795400000,2026-04-10T04:30:00+00:00,633.55000000,633.88000000,633.07000000,633.59000000,14.86000000
1775796300000,2026-04-10T04:45:00+00:00,633.63000000,633.63000000,632.75000000,633.24000000,5.12000000
1775797200000,2026-04-10T05:00:00+00:00,632.91000000,633.29000000,632.88000000,632.92000000,19.84000000
1775798100000,2026-04-10T05:15:00+00:00,632.92000000,633.34000000,632.87000000,633.10000000,12.80000000
1775799000000,2026-04-10T05:30:00+00:00,633.07000000,633.27000000,632.65000000,632.91000000,29.16000000
1775799900000,2026-04-10T05:45:00+00:00,633.07000000,633.08000000,632.57000000,632.97000000,16.90000000
1775800800000,2026-04-10T06:00:00+00:00,632.90000000,632.90000000,631.41000000,631.41000000,57.54000000
1775801700000,2026-04-10T06:15:00+00:00,631.41000000,631.77000000,631.19000000,631.42000000,10.08000000
1775802600000,2026-04-10T06:30:00+00:00,631.01000000,631.63000000,630.73000000,630.83000000,6.55000000
1775803500000,2026-04-10T06:45:00+00:00,631.17000000,631.39000000,630.78000000,630.90000000,4.71000000
1775804400000,2026-04-10T07:00:00+00:00,631.00000000,632.14000000,631.00000000,631.85000000,8.80000000
1775805300000,2026-04-10T07:15:00+00:00,631.94000000,631.98000000,631.13000000,631.54000000,13.28000000
1775806200000,2026-04-10T07:30:00+00:00,631.16000000,631.55000000,630.41000000,630.41000000,8.99000000
1775807100000,2026-04-10T07:45:00+00:00,630.64000000,631.59000000,630.43000000,631.24000000,6.83000000
1775808000000,2026-04-10T08:00:00+00:00,631.06000000,631.28000000,630.50000000,630.52000000,11.87000000
1775808900000,2026-04-10T08:15:00+00:00,630.74000000,630.74000000,630.09000000,630.37000000,7.62000000
1775809800000,2026-04-10T08:30:00+00:00,630.28000000,630.93000000,630.06000000,630.93000000,13.94000000
1775810700000,2026-04-10T08:45:00+00:00,630.58000000,630.63000000,630.07000000,630.07000000,8.00000000
1775811600000,2026-04-10T09:00:00+00:00,630.15000000,630.47000000,629.91000000,630.26000000,3.63000000
1775812500000,2026-04-10T09:15:00+00:00,629.90000000,631.51000000,629.90000000,630.91000000,27.81000000
1775813400000,2026-04-10T09:30:00+00:00,630.91000000,630.97000000,630.21000000,630.46000000,22.92000000
1775814300000,2026-04-10T09:45:00+00:00,630.70000000,631.49000000,630.43000000,631.25000000,4.67000000
1775815200000,2026-04-10T10:00:00+00:00,631.49000000,631.70000000,631.02000000,631.24000000,14.00000000
1775816100000,2026-04-10T10:15:00+00:00,631.24000000,631.92000000,631.24000000,631.26000000,23.50000000
1775817000000,2026-04-10T10:30:00+00:00,631.50000000,631.57000000,631.12000000,631.31000000,20.15000000
1775817900000,2026-04-10T10:45:00+00:00,631.31000000,631.76000000,630.30000000,631.45000000,97.16000000
1775818800000,2026-04-10T11:00:00+00:00,631.59000000,633.08000000,631.35000000,632.91000000,308.35000000
1775819700000,2026-04-10T11:15:00+00:00,632.91000000,633.49000000,632.51000000,632.63000000,58.55000000
1775820600000,2026-04-10T11:30:00+00:00,632.83000000,633.07000000,632.71000000,632.71000000,29.53000000
1775821500000,2026-04-10T11:45:00+00:00,632.70000000,632.75000000,632.36000000,632.59000000,20.73000000
1775822400000,2026-04-10T12:00:00+00:00,632.37000000,632.65000000,631.88000000,632.49000000,27.08000000
1775823300000,2026-04-10T12:15:00+00:00,632.49000000,634.02000000,632.44000000,634.02000000,12.82000000
1775824200000,2026-04-10T12:30:00+00:00,634.04000000,636.29000000,633.85000000,635.92000000,126.90000000
1775825100000,2026-04-10T12:45:00+00:00,636.28000000,636.65000000,635.89000000,636.29000000,60.63000000
1775826000000,2026-04-10T13:00:00+00:00,636.03000000,636.94000000,635.92000000,636.72000000,5.85000000
1775826900000,2026-04-10T13:15:00+00:00,636.53000000,636.53000000,634.41000000,635.02000000,51.94000000
1775827800000,2026-04-10T13:30:00+00:00,635.05000000,638.85000000,633.40000000,634.25000000,595.84000000
1775828700000,2026-04-10T13:45:00+00:00,634.30000000,635.55000000,630.29000000,632.57000000,480.99000000
1775829600000,2026-04-10T14:00:00+00:00,632.37000000,632.77000000,629.54000000,632.40000000,83.38000000
1775830500000,2026-04-10T14:15:00+00:00,632.60000000,637.16000000,632.60000000,635.93000000,192.53000000
1775831400000,2026-04-10T14:30:00+00:00,635.61000000,636.34000000,633.02000000,633.20000000,127.55000000
1775832300000,2026-04-10T14:45:00+00:00,633.15000000,633.37000000,631.87000000,632.53000000,99.35000000
1775833200000,2026-04-10T15:00:00+00:00,632.65000000,633.00000000,631.55000000,632.38000000,133.91000000
1775834100000,2026-04-10T15:15:00+00:00,632.45000000,632.58000000,630.90000000,630.90000000,9.38000000
1775835000000,2026-04-10T15:30:00+00:00,630.99000000,630.99000000,627.20000000,627.59000000,79.13000000
1775835900000,2026-04-10T15:45:00+00:00,627.57000000,628.10000000,625.90000000,626.35000000,103.46000000
1775836800000,2026-04-10T16:00:00+00:00,626.39000000,626.88000000,625.40000000,626.65000000,88.85000000
1775837700000,2026-04-10T16:15:00+00:00,626.60000000,629.00000000,626.55000000,628.36000000,147.24000000
1775838600000,2026-04-10T16:30:00+00:00,628.39000000,628.58000000,626.60000000,626.78000000,42.45000000
1775839500000,2026-04-10T16:45:00+00:00,626.67000000,628.90000000,626.40000000,628.63000000,49.97000000
1775840400000,2026-04-10T17:00:00+00:00,628.57000000,628.57000000,627.05000000,628.00000000,23.15000000
1775841300000,2026-04-10T17:15:00+00:00,627.82000000,628.34000000,627.48000000,627.48000000,14.70000000
1775842200000,2026-04-10T17:30:00+00:00,627.39000000,628.26000000,627.14000000,627.67000000,24.81000000
1775843100000,2026-04-10T17:45:00+00:00,627.66000000,628.80000000,627.50000000,628.08000000,312.12000000
1775844000000,2026-04-10T18:00:00+00:00,628.03000000,628.03000000,625.64000000,625.71000000,260.51000000
1775844900000,2026-04-10T18:15:00+00:00,625.91000000,626.23000000,625.44000000,625.44000000,28.92000000
1775845800000,2026-04-10T18:30:00+00:00,625.44000000,625.73000000,625.00000000,625.37000000,14.03000000
1775846700000,2026-04-10T18:45:00+00:00,625.43000000,626.22000000,625.03000000,626.22000000,33.24000000
1775847600000,2026-04-10T19:00:00+00:00,626.28000000,627.96000000,626.28000000,627.74000000,18.20000000
1775848500000,2026-04-10T19:15:00+00:00,628.02000000,629.21000000,628.02000000,628.25000000,21.96000000
1775849400000,2026-04-10T19:30:00+00:00,628.02000000,629.46000000,628.02000000,629.27000000,24.94000000
1775850300000,2026-04-10T19:45:00+00:00,629.51000000,630.24000000,628.98000000,630.06000000,18.63000000
1775851200000,2026-04-10T20:00:00+00:00,630.01000000,630.87000000,629.89000000,630.04000000,12.59000000
1775852100000,2026-04-10T20:15:00+00:00,630.24000000,630.75000000,630.24000000,630.64000000,10.00000000
1775853000000,2026-04-10T20:30:00+00:00,630.42000000,630.55000000,630.27000000,630.27000000,6.69000000
1775853900000,2026-04-10T20:45:00+00:00,630.27000000,630.54000000,630.27000000,630.52000000,1.76000000
1775854800000,2026-04-10T21:00:00+00:00,630.52000000,630.52000000,630.10000000,630.23000000,7.44000000
1775855700000,2026-04-10T21:15:00+00:00,630.22000000,630.54000000,630.10000000,630.21000000,17.19000000
1775856600000,2026-04-10T21:30:00+00:00,630.46000000,630.72000000,630.20000000,630.41000000,3.13000000
1775857500000,2026-04-10T21:45:00+00:00,630.31000000,630.46000000,630.31000000,630.46000000,2.08000000
1775858400000,2026-04-10T22:00:00+00:00,630.46000000,630.60000000,629.94000000,629.94000000,8.95000000
1775859300000,2026-04-10T22:15:00+00:00,629.93000000,630.20000000,629.58000000,630.03000000,47.28000000
1775860200000,2026-04-10T22:30:00+00:00,629.92000000,630.17000000,629.73000000,629.74000000,14.26000000
1775861100000,2026-04-10T22:45:00+00:00,629.74000000,629.86000000,629.72000000,629.73000000,2.80000000
1775862000000,2026-04-10T23:00:00+00:00,629.73000000,629.78000000,629.65000000,629.67000000,3.61000000
1775862900000,2026-04-10T23:15:00+00:00,629.73000000,629.83000000,629.57000000,629.67000000,4.64000000
1775863800000,2026-04-10T23:30:00+00:00,629.67000000,629.79000000,629.62000000,629.78000000,2.39000000
1775864700000,2026-04-10T23:45:00+00:00,629.78000000,630.49000000,629.78000000,630.49000000,3.31000000
1775865600000,2026-04-11T00:00:00+00:00,630.36000000,630.70000000,629.40000000,629.40000000,43.35000000
1775866500000,2026-04-11T00:15:00+00:00,629.34000000,629.58000000,628.06000000,628.35000000,45.98000000
1775867400000,2026-04-11T00:30:00+00:00,628.34000000,628.66000000,627.93000000,628.41000000,19.32000000
1775868300000,2026-04-11T00:45:00+00:00,628.40000000,628.40000000,628.20000000,628.40000000,1.25000000
1775869200000,2026-04-11T01:00:00+00:00,628.40000000,628.60000000,628.27000000,628.59000000,4.92000000
1775870100000,2026-04-11T01:15:00+00:00,628.59000000,629.02000000,628.33000000,628.33000000,13.27000000
1775871000000,2026-04-11T01:30:00+00:00,628.36000000,628.80000000,628.36000000,628.66000000,10.84000000
1775871900000,2026-04-11T01:45:00+00:00,628.66000000,628.80000000,628.62000000,628.80000000,9.74000000
1775872800000,2026-04-11T02:00:00+00:00,628.80000000,629.23000000,628.72000000,629.04000000,12.52000000
1775873700000,2026-04-11T02:15:00+00:00,629.04000000,629.15000000,628.96000000,628.98000000,2.77000000
1775874600000,2026-04-11T02:30:00+00:00,629.12000000,629.23000000,628.82000000,629.23000000,4.36000000
1775875500000,2026-04-11T02:45:00+00:00,629.22000000,629.22000000,628.96000000,628.96000000,0.81000000
1775876400000,2026-04-11T03:00:00+00:00,628.96000000,628.96000000,628.96000000,628.96000000,0.00000000
1775877300000,2026-04-11T03:15:00+00:00,629.07000000,629.99000000,629.06000000,629.71000000,8.54000000
1775878200000,2026-04-11T03:30:00+00:00,629.71000000,629.85000000,629.62000000,629.68000000,1.78000000
1775879100000,2026-04-11T03:45:00+00:00,629.68000000,629.82000000,629.68000000,629.69000000,2.51000000
1775880000000,2026-04-11T04:00:00+00:00,629.68000000,630.28000000,629.66000000,630.28000000,6.45000000
1775880900000,2026-04-11T04:15:00+00:00,630.28000000,630.70000000,629.73000000,630.43000000,47.00000000
1775881800000,2026-04-11T04:30:00+00:00,630.69000000,630.88000000,630.50000000,630.69000000,7.21000000
1775882700000,2026-04-11T04:45:00+00:00,630.69000000,630.69000000,630.49000000,630.64000000,3.43000000
1775883600000,2026-04-11T05:00:00+00:00,630.66000000,630.84000000,630.25000000,630.59000000,48.41000000
1775884500000,2026-04-11T05:15:00+00:00,630.53000000,630.87000000,630.45000000,630.47000000,23.76000000
1775885400000,2026-04-11T05:30:00+00:00,630.72000000,630.72000000,630.46000000,630.66000000,5.50000000
1775886300000,2026-04-11T05:45:00+00:00,630.55000000,630.66000000,630.45000000,630.65000000,1.29000000
1775887200000,2026-04-11T06:00:00+00:00,630.66000000,630.95000000,630.30000000,630.42000000,53.81000000
1775888100000,2026-04-11T06:15:00+00:00,630.42000000,630.62000000,630.23000000,630.62000000,5.33000000
1775889000000,2026-04-11T06:30:00+00:00,630.53000000,630.54000000,630.10000000,630.10000000,23.45000000
1775889900000,2026-04-11T06:45:00+00:00,630.09000000,630.54000000,629.89000000,630.46000000,54.76000000
1775890800000,2026-04-11T07:00:00+00:00,630.49000000,630.49000000,630.06000000,630.38000000,40.99000000
1775891700000,2026-04-11T07:15:00+00:00,630.40000000,630.53000000,630.27000000,630.38000000,63.89000000
1775892600000,2026-04-11T07:30:00+00:00,630.38000000,630.47000000,630.28000000,630.40000000,32.03000000
1775893500000,2026-04-11T07:45:00+00:00,630.40000000,630.48000000,630.21000000,630.48000000,79.32000000
1775894400000,2026-04-11T08:00:00+00:00,630.37000000,630.48000000,630.24000000,630.47000000,101.50000000
1775895300000,2026-04-11T08:15:00+00:00,630.36000000,630.52000000,630.16000000,630.52000000,9.11000000
1775896200000,2026-04-11T08:30:00+00:00,630.37000000,630.60000000,629.86000000,630.31000000,145.90000000
1775897100000,2026-04-11T08:45:00+00:00,630.31000000,630.49000000,630.29000000,630.29000000,20.64000000
1775898000000,2026-04-11T09:00:00+00:00,630.30000000,630.59000000,630.00000000,630.59000000,18.23000000
1775898900000,2026-04-11T09:15:00+00:00,630.45000000,630.70000000,629.96000000,629.99000000,27.42000000
1775899800000,2026-04-11T09:30:00+00:00,630.01000000,630.44000000,629.90000000,630.28000000,64.90000000
1775900700000,2026-04-11T09:45:00+00:00,630.29000000,630.39000000,630.01000000,630.27000000,40.45000000
1775901600000,2026-04-11T10:00:00+00:00,630.34000000,631.51000000,630.34000000,630.87000000,62.20000000
1775902500000,2026-04-11T10:15:00+00:00,630.94000000,631.00000000,630.89000000,630.91000000,7.02000000
1775903400000,2026-04-11T10:30:00+00:00,631.19000000,631.19000000,630.26000000,630.27000000,34.79000000
1775904300000,2026-04-11T10:45:00+00:00,630.27000000,630.47000000,630.06000000,630.22000000,43.71000000
1775905200000,2026-04-11T11:00:00+00:00,630.29000000,630.70000000,629.83000000,630.13000000,102.59000000
1775906100000,2026-04-11T11:15:00+00:00,630.23000000,630.32000000,629.93000000,630.19000000,145.35000000
1775907000000,2026-04-11T11:30:00+00:00,630.19000000,630.37000000,630.15000000,630.36000000,77.27000000
1775907900000,2026-04-11T11:45:00+00:00,630.36000000,630.42000000,630.16000000,630.42000000,1.57000000
1775908800000,2026-04-11T12:00:00+00:00,630.45000000,630.49000000,630.01000000,630.05000000,54.50000000
1775909700000,2026-04-11T12:15:00+00:00,630.05000000,630.30000000,629.91000000,630.12000000,51.46000000
1775910600000,2026-04-11T12:30:00+00:00,630.16000000,630.28000000,630.07000000,630.28000000,23.60000000
1775911500000,2026-04-11T12:45:00+00:00,630.30000000,630.36000000,630.21000000,630.21000000,2.37000000
1775912400000,2026-04-11T13:00:00+00:00,630.20000000,630.34000000,630.11000000,630.19000000,6.77000000
1775913300000,2026-04-11T13:15:00+00:00,630.19000000,630.27000000,630.10000000,630.13000000,7.35000000
1775914200000,2026-04-11T13:30:00+00:00,630.13000000,630.32000000,630.10000000,630.17000000,4.50000000
1775915100000,2026-04-11T13:45:00+00:00,630.29000000,630.30000000,630.17000000,630.17000000,1.28000000
1775916000000,2026-04-11T14:00:00+00:00,630.29000000,631.07000000,630.29000000,630.55000000,15.32000000
1775916900000,2026-04-11T14:15:00+00:00,630.79000000,630.91000000,630.55000000,630.73000000,4.07000000
1775917800000,2026-04-11T14:30:00+00:00,630.73000000,630.91000000,630.43000000,630.91000000,6.19000000
1775918700000,2026-04-11T14:45:00+00:00,630.43000000,630.45000000,630.40000000,630.40000000,0.08000000
1775919600000,2026-04-11T15:00:00+00:00,630.40000000,630.79000000,630.33000000,630.79000000,0.43000000
1775920500000,2026-04-11T15:15:00+00:00,630.33000000,630.42000000,630.30000000,630.40000000,10.19000000
1775921400000,2026-04-11T15:30:00+00:00,630.27000000,630.40000000,629.93000000,630.16000000,33.06000000
1775922300000,2026-04-11T15:45:00+00:00,630.17000000,630.32000000,630.16000000,630.30000000,1.12000000
1775923200000,2026-04-11T16:00:00+00:00,630.32000000,630.50000000,630.22000000,630.48000000,13.83000000
1775924100000,2026-04-11T16:15:00+00:00,630.36000000,630.49000000,630.11000000,630.11000000,2.48000000
1775925000000,2026-04-11T16:30:00+00:00,630.46000000,631.49000000,630.20000000,631.12000000,24.44000000
1775925900000,2026-04-11T16:45:00+00:00,631.47000000,632.97000000,631.47000000,632.58000000,37.63000000
1775926800000,2026-04-11T17:00:00+00:00,632.60000000,632.67000000,632.45000000,632.52000000,5.87000000
1775927700000,2026-04-11T17:15:00+00:00,632.44000000,632.52000000,632.26000000,632.28000000,4.79000000
1775928600000,2026-04-11T17:30:00+00:00,632.28000000,632.36000000,632.28000000,632.35000000,3.95000000
1775929500000,2026-04-11T17:45:00+00:00,632.39000000,632.94000000,632.39000000,632.70000000,51.79000000
1775930400000,2026-04-11T18:00:00+00:00,632.66000000,632.88000000,632.60000000,632.60000000,21.92000000
1775931300000,2026-04-11T18:15:00+00:00,632.65000000,632.85000000,632.55000000,632.72000000,28.15000000
1775932200000,2026-04-11T18:30:00+00:00,632.70000000,632.72000000,632.42000000,632.67000000,60.37000000
1775933100000,2026-04-11T18:45:00+00:00,632.67000000,633.51000000,632.44000000,632.44000000,49.13000000
1775934000000,2026-04-11T19:00:00+00:00,632.62000000,632.79000000,632.40000000,632.64000000,43.96000000
1775934900000,2026-04-11T19:15:00+00:00,632.62000000,632.64000000,632.44000000,632.60000000,16.00000000
1775935800000,2026-04-11T19:30:00+00:00,632.51000000,632.65000000,632.45000000,632.65000000,13.24000000
1775936700000,2026-04-11T19:45:00+00:00,632.61000000,632.75000000,632.44000000,632.45000000,21.77000000
1775937600000,2026-04-11T20:00:00+00:00,632.65000000,632.65000000,632.27000000,632.51000000,14.41000000
1775938500000,2026-04-11T20:15:00+00:00,632.53000000,632.54000000,632.36000000,632.36000000,5.21000000
1775939400000,2026-04-11T20:30:00+00:00,632.36000000,632.47000000,632.16000000,632.16000000,14.39000000
1775940300000,2026-04-11T20:45:00+00:00,632.17000000,632.38000000,632.16000000,632.23000000,5.25000000
1775941200000,2026-04-11T21:00:00+00:00,632.23000000,632.40000000,632.23000000,632.35000000,2.95000000
1775942100000,2026-04-11T21:15:00+00:00,632.33000000,632.63000000,632.19000000,632.20000000,6.54000000
1775943000000,2026-04-11T21:30:00+00:00,632.31000000,632.31000000,632.11000000,632.13000000,3.23000000
1775943900000,2026-04-11T21:45:00+00:00,632.29000000,632.52000000,631.96000000,632.21000000,48.20000000
1775944800000,2026-04-11T22:00:00+00:00,632.22000000,632.23000000,631.87000000,631.87000000,3.64000000
1775945700000,2026-04-11T22:15:00+00:00,631.87000000,632.00000000,631.51000000,631.52000000,10.65000000
1775946600000,2026-04-11T22:30:00+00:00,631.52000000,631.59000000,631.01000000,631.12000000,16.94000000
1775947500000,2026-04-11T22:45:00+00:00,631.11000000,631.24000000,630.85000000,630.86000000,24.31000000
1775948400000,2026-04-11T23:00:00+00:00,630.86000000,631.10000000,630.64000000,630.64000000,22.99000000
1775949300000,2026-04-11T23:15:00+00:00,630.73000000,630.73000000,630.55000000,630.60000000,8.29000000
1775950200000,2026-04-11T23:30:00+00:00,630.60000000,630.67000000,630.50000000,630.50000000,12.63000000
1775951100000,2026-04-11T23:45:00+00:00,630.50000000,630.72000000,630.48000000,630.61000000,10.10000000
1775952000000,2026-04-12T00:00:00+00:00,630.64000000,632.51000000,630.61000000,632.49000000,87.11000000
1775952900000,2026-04-12T00:15:00+00:00,632.34000000,632.76000000,632.33000000,632.71000000,8.02000000
1775953800000,2026-04-12T00:30:00+00:00,632.76000000,632.82000000,632.66000000,632.81000000,11.14000000
1775954700000,2026-04-12T00:45:00+00:00,632.70000000,632.81000000,632.66000000,632.66000000,1.93000000
1775955600000,2026-04-12T01:00:00+00:00,632.73000000,632.93000000,632.73000000,632.93000000,10.09000000
1775956500000,2026-04-12T01:15:00+00:00,632.80000000,632.93000000,632.80000000,632.93000000,0.19000000
1775957400000,2026-04-12T01:30:00+00:00,632.86000000,632.93000000,629.47000000,629.67000000,239.27000000
1775958300000,2026-04-12T01:45:00+00:00,629.68000000,629.85000000,628.50000000,629.45000000,376.50000000
1775959200000,2026-04-12T02:00:00+00:00,629.45000000,629.72000000,628.00000000,629.39000000,251.69000000
1775960100000,2026-04-12T02:15:00+00:00,629.39000000,629.85000000,628.01000000,629.22000000,495.10000000
1775961000000,2026-04-12T02:30:00+00:00,629.24000000,629.47000000,627.31000000,627.93000000,267.41000000
1775961900000,2026-04-12T02:45:00+00:00,627.65000000,628.01000000,626.94000000,627.41000000,523.46000000
1775962800000,2026-04-12T03:00:00+00:00,627.31000000,627.39000000,625.50000000,627.21000000,965.02000000
1775963700000,2026-04-12T03:15:00+00:00,627.35000000,627.40000000,626.75000000,627.13000000,207.60000000
1775964600000,2026-04-12T03:30:00+00:00,627.17000000,627.50000000,627.17000000,627.50000000,4.31000000
1775965500000,2026-04-12T03:45:00+00:00,627.50000000,627.51000000,627.25000000,627.46000000,12.34000000
1775966400000,2026-04-12T04:00:00+00:00,627.51000000,627.51000000,627.19000000,627.20000000,20.60000000
1775967300000,2026-04-12T04:15:00+00:00,627.20000000,627.49000000,627.20000000,627.47000000,13.85000000
1775968200000,2026-04-12T04:30:00+00:00,627.46000000,627.79000000,626.88000000,627.64000000,7.04000000
1775969100000,2026-04-12T04:45:00+00:00,627.65000000,627.88000000,627.65000000,627.85000000,3.19000000
1775970000000,2026-04-12T05:00:00+00:00,627.66000000,628.11000000,627.66000000,628.11000000,10.23000000
1775970900000,2026-04-12T05:15:00+00:00,628.11000000,628.11000000,627.37000000,627.84000000,19.04000000
1775971800000,2026-04-12T05:30:00+00:00,627.78000000,628.23000000,627.34000000,627.69000000,43.78000000
1775972700000,2026-04-12T05:45:00+00:00,627.81000000,627.90000000,627.33000000,627.74000000,30.64000000
1775973600000,2026-04-12T06:00:00+00:00,627.74000000,628.96000000,627.63000000,628.04000000,15.34000000
1775974500000,2026-04-12T06:15:00+00:00,628.06000000,629.57000000,627.97000000,629.57000000,95.51000000
1775975400000,2026-04-12T06:30:00+00:00,629.57000000,629.57000000,629.28000000,629.56000000,43.00000000
1775976300000,2026-04-12T06:45:00+00:00,629.56000000,629.96000000,629.34000000,629.56000000,19.58000000
1775977200000,2026-04-12T07:00:00+00:00,629.56000000,629.58000000,629.10000000,629.58000000,36.07000000
1775978100000,2026-04-12T07:15:00+00:00,629.42000000,629.60000000,629.25000000,629.51000000,18.73000000
1775979000000,2026-04-12T07:30:00+00:00,629.51000000,629.66000000,629.14000000,629.66000000,73.22000000
1775979900000,2026-04-12T07:45:00+00:00,629.66000000,629.69000000,629.17000000,629.65000000,64.48000000
1775980800000,2026-04-12T08:00:00+00:00,629.65000000,629.65000000,627.97000000,628.29000000,54.34000000
1775981700000,2026-04-12T08:15:00+00:00,628.18000000,628.21000000,627.35000000,627.46000000,25.59000000
1775982600000,2026-04-12T08:30:00+00:00,627.45000000,627.69000000,627.43000000,627.57000000,12.79000000
1775983500000,2026-04-12T08:45:00+00:00,627.61000000,627.63000000,627.32000000,627.39000000,6.64000000
1775984400000,2026-04-12T09:00:00+00:00,627.39000000,627.39000000,626.88000000,627.24000000,10.20000000
1775985300000,2026-04-12T09:15:00+00:00,627.29000000,627.29000000,626.73000000,627.22000000,21.74000000
1775986200000,2026-04-12T09:30:00+00:00,627.07000000,627.09000000,627.01000000,627.05000000,6.08000000
1775987100000,2026-04-12T09:45:00+00:00,627.05000000,627.26000000,627.02000000,627.26000000,4.50000000
1775988000000,2026-04-12T10:00:00+00:00,627.27000000,627.38000000,627.09000000,627.17000000,15.57000000
1775988900000,2026-04-12T10:15:00+00:00,627.11000000,627.54000000,627.10000000,627.42000000,14.91000000
1775989800000,2026-04-12T10:30:00+00:00,627.41000000,627.91000000,627.41000000,627.81000000,13.56000000
1775990700000,2026-04-12T10:45:00+00:00,627.89000000,627.89000000,627.12000000,627.79000000,22.17000000
1775991600000,2026-04-12T11:00:00+00:00,627.72000000,627.98000000,627.55000000,627.98000000,15.68000000
1775992500000,2026-04-12T11:15:00+00:00,627.91000000,628.04000000,627.70000000,628.04000000,14.94000000
1775993400000,2026-04-12T11:30:00+00:00,628.05000000,628.07000000,627.86000000,628.06000000,4.08000000
1775994300000,2026-04-12T11:45:00+00:00,628.06000000,628.20000000,627.88000000,628.19000000,12.01000000
1775995200000,2026-04-12T12:00:00+00:00,628.11000000,628.33000000,627.86000000,628.13000000,36.49000000
1775996100000,2026-04-12T12:15:00+00:00,628.13000000,628.13000000,627.05000000,627.11000000,26.48000000
1775997000000,2026-04-12T12:30:00+00:00,627.19000000,627.42000000,627.12000000,627.22000000,15.59000000
1775997900000,2026-04-12T12:45:00+00:00,627.18000000,627.48000000,627.01000000,627.17000000,26.57000000
1775998800000,2026-04-12T13:00:00+00:00,627.08000000,627.23000000,626.70000000,627.11000000,30.56000000
1775999700000,2026-04-12T13:15:00+00:00,626.98000000,627.24000000,626.81000000,627.24000000,9.98000000
1776000600000,2026-04-12T13:30:00+00:00,627.24000000,627.24000000,626.04000000,626.09000000,25.54000000
1776001500000,2026-04-12T13:45:00+00:00,626.09000000,626.19000000,625.42000000,625.70000000,44.98000000
1776002400000,2026-04-12T14:00:00+00:00,625.59000000,626.74000000,625.48000000,626.40000000,42.40000000
1776003300000,2026-04-12T14:15:00+00:00,626.78000000,626.97000000,626.23000000,626.57000000,21.61000000
1776004200000,2026-04-12T14:30:00+00:00,626.57000000,626.57000000,625.95000000,625.95000000,26.26000000
1776005100000,2026-04-12T14:45:00+00:00,625.98000000,626.36000000,625.05000000,625.11000000,39.86000000
1776006000000,2026-04-12T15:00:00+00:00,625.21000000,625.48000000,625.15000000,625.47000000,22.85000000
1776006900000,2026-04-12T15:15:00+00:00,625.47000000,625.95000000,625.35000000,625.84000000,54.38000000
1776007800000,2026-04-12T15:30:00+00:00,625.92000000,626.11000000,625.55000000,625.99000000,28.33000000
1776008700000,2026-04-12T15:45:00+00:00,626.00000000,626.99000000,625.35000000,625.55000000,56.15000000
1776009600000,2026-04-12T16:00:00+00:00,625.54000000,626.75000000,623.21000000,623.60000000,112.14000000
1776010500000,2026-04-12T16:15:00+00:00,623.56000000,623.84000000,623.45000000,623.76000000,17.37000000
1776011400000,2026-04-12T16:30:00+00:00,623.76000000,624.08000000,623.22000000,623.22000000,26.50000000
1776012300000,2026-04-12T16:45:00+00:00,623.58000000,623.73000000,622.97000000,623.69000000,5.89000000
1776013200000,2026-04-12T17:00:00+00:00,623.79000000,624.22000000,623.78000000,624.06000000,2.67000000
1776014100000,2026-04-12T17:15:00+00:00,624.01000000,624.15000000,623.89000000,624.01000000,17.72000000
1776015000000,2026-04-12T17:30:00+00:00,624.01000000,624.03000000,623.79000000,624.03000000,8.01000000
1776015900000,2026-04-12T17:45:00+00:00,623.95000000,624.34000000,623.89000000,624.20000000,6.59000000
1776016800000,2026-04-12T18:00:00+00:00,624.26000000,625.02000000,624.26000000,624.86000000,18.88000000
1776017700000,2026-04-12T18:15:00+00:00,624.98000000,625.15000000,624.73000000,624.73000000,35.72000000
1776018600000,2026-04-12T18:30:00+00:00,624.69000000,625.10000000,624.57000000,624.97000000,34.46000000
1776019500000,2026-04-12T18:45:00+00:00,624.97000000,624.98000000,624.69000000,624.96000000,9.64000000
1776020400000,2026-04-12T19:00:00+00:00,624.76000000,624.95000000,624.74000000,624.74000000,1.75000000
1776021300000,2026-04-12T19:15:00+00:00,624.85000000,624.89000000,624.47000000,624.48000000,46.30000000
1776022200000,2026-04-12T19:30:00+00:00,624.45000000,624.53000000,624.08000000,624.53000000,16.94000000
1776023100000,2026-04-12T19:45:00+00:00,624.53000000,624.53000000,624.16000000,624.37000000,30.03000000
1776024000000,2026-04-12T20:00:00+00:00,624.31000000,624.31000000,623.64000000,623.88000000,36.84000000
1776024900000,2026-04-12T20:15:00+00:00,623.92000000,624.62000000,623.83000000,624.62000000,38.87000000
1776025800000,2026-04-12T20:30:00+00:00,624.62000000,624.87000000,624.24000000,624.35000000,68.09000000
1776026700000,2026-04-12T20:45:00+00:00,624.48000000,624.79000000,624.48000000,624.56000000,18.20000000
1776027600000,2026-04-12T21:00:00+00:00,624.49000000,624.71000000,623.77000000,623.83000000,53.58000000
1776028500000,2026-04-12T21:15:00+00:00,623.83000000,624.86000000,623.83000000,624.70000000,40.49000000
1776029400000,2026-04-12T21:30:00+00:00,624.68000000,624.68000000,623.63000000,623.67000000,22.55000000
1776030300000,2026-04-12T21:45:00+00:00,623.63000000,624.57000000,623.22000000,623.56000000,64.50000000
1776031200000,2026-04-12T22:00:00+00:00,623.61000000,628.88000000,623.55000000,626.31000000,429.51000000
1776032100000,2026-04-12T22:15:00+00:00,626.31000000,628.13000000,625.61000000,627.88000000,1332.76000000
1776033000000,2026-04-12T22:30:00+00:00,627.89000000,628.72000000,627.74000000,627.86000000,95.79000000
1776033900000,2026-04-12T22:45:00+00:00,627.90000000,628.19000000,627.63000000,628.07000000,18.00000000
1776034800000,2026-04-12T23:00:00+00:00,628.07000000,628.27000000,627.42000000,627.79000000,103.72000000
1776035700000,2026-04-12T23:15:00+00:00,627.79000000,628.08000000,627.41000000,627.57000000,44.09000000
1776036600000,2026-04-12T23:30:00+00:00,627.65000000,627.86000000,627.02000000,627.23000000,163.31000000
1776037500000,2026-04-12T23:45:00+00:00,627.24000000,629.20000000,627.03000000,628.37000000,99.20000000
1776038400000,2026-04-13T00:00:00+00:00,628.31000000,628.44000000,614.40000000,621.31000000,1622.87000000
1776039300000,2026-04-13T00:15:00+00:00,621.37000000,622.62000000,620.66000000,622.38000000,115.62000000
1776040200000,2026-04-13T00:30:00+00:00,622.50000000,623.00000000,620.95000000,621.21000000,100.48000000
1776041100000,2026-04-13T00:45:00+00:00,621.14000000,622.99000000,620.86000000,622.64000000,180.11000000
1776042000000,2026-04-13T01:00:00+00:00,622.85000000,624.37000000,622.52000000,623.86000000,163.47000000
1776042900000,2026-04-13T01:15:00+00:00,623.56000000,624.00000000,622.76000000,623.25000000,132.82000000
1776043800000,2026-04-13T01:30:00+00:00,623.33000000,624.06000000,623.12000000,623.31000000,109.01000000
1776044700000,2026-04-13T01:45:00+00:00,623.17000000,624.26000000,622.57000000,624.26000000,129.07000000
1776045600000,2026-04-13T02:00:00+00:00,623.82000000,624.44000000,623.04000000,623.04000000,97.83000000
1776046500000,2026-04-13T02:15:00+00:00,623.15000000,623.44000000,622.88000000,623.05000000,99.11000000
1776047400000,2026-04-13T02:30:00+00:00,622.97000000,623.30000000,622.59000000,622.93000000,93.20000000
1776048300000,2026-04-13T02:45:00+00:00,622.77000000,624.03000000,622.72000000,623.70000000,81.49000000
1776049200000,2026-04-13T03:00:00+00:00,623.68000000,624.15000000,623.10000000,623.80000000,93.66000000
1776050100000,2026-04-13T03:15:00+00:00,623.65000000,624.32000000,623.56000000,624.14000000,100.61000000
1776051000000,2026-04-13T03:30:00+00:00,624.20000000,624.64000000,624.00000000,624.24000000,93.88000000
1776051900000,2026-04-13T03:45:00+00:00,624.25000000,624.45000000,623.75000000,624.07000000,117.59000000
1776052800000,2026-04-13T04:00:00+00:00,624.08000000,624.37000000,623.71000000,624.37000000,78.88000000
1776053700000,2026-04-13T04:15:00+00:00,623.99000000,624.70000000,623.89000000,624.52000000,160.77000000
1776054600000,2026-04-13T04:30:00+00:00,624.40000000,624.65000000,624.09000000,624.33000000,63.00000000
1776055500000,2026-04-13T04:45:00+00:00,624.21000000,624.81000000,624.05000000,624.48000000,80.23000000
1776056400000,2026-04-13T05:00:00+00:00,624.50000000,624.74000000,624.08000000,624.46000000,94.50000000
1776057300000,2026-04-13T05:15:00+00:00,624.25000000,624.47000000,623.70000000,623.95000000,67.42000000
1776058200000,2026-04-13T05:30:00+00:00,623.90000000,624.13000000,623.34000000,623.71000000,69.96000000
1776059100000,2026-04-13T05:45:00+00:00,623.64000000,623.80000000,623.25000000,623.64000000,68.81000000
1776060000000,2026-04-13T06:00:00+00:00,623.60000000,623.96000000,623.44000000,623.81000000,92.97000000
1776060900000,2026-04-13T06:15:00+00:00,623.66000000,624.83000000,623.66000000,624.48000000,74.03000000
1776061800000,2026-04-13T06:30:00+00:00,624.40000000,624.50000000,623.01000000,623.05000000,722.61000000
1776062700000,2026-04-13T06:45:00+00:00,623.02000000,623.79000000,623.02000000,623.61000000,420.85000000
1776063600000,2026-04-13T07:00:00+00:00,623.62000000,624.22000000,623.29000000,623.32000000,142.86000000
1776064500000,2026-04-13T07:15:00+00:00,623.36000000,623.36000000,622.63000000,622.91000000,108.99000000
1776065400000,2026-04-13T07:30:00+00:00,622.91000000,622.91000000,622.34000000,622.80000000,47.01000000
1776066300000,2026-04-13T07:45:00+00:00,622.80000000,623.20000000,622.19000000,623.20000000,97.66000000
1776067200000,2026-04-13T08:00:00+00:00,622.95000000,623.55000000,622.30000000,622.64000000,82.75000000
1776068100000,2026-04-13T08:15:00+00:00,622.83000000,623.46000000,622.44000000,623.14000000,39.04000000
1776069000000,2026-04-13T08:30:00+00:00,623.08000000,623.08000000,621.54000000,621.54000000,29.98000000
1776069900000,2026-04-13T08:45:00+00:00,621.53000000,621.58000000,620.35000000,620.47000000,89.72000000
1776070800000,2026-04-13T09:00:00+00:00,620.47000000,621.49000000,620.42000000,621.10000000,37.72000000
1776071700000,2026-04-13T09:15:00+00:00,621.10000000,621.37000000,620.97000000,621.00000000,29.63000000
1776072600000,2026-04-13T09:30:00+00:00,621.18000000,622.02000000,621.11000000,621.96000000,12.04000000
1776073500000,2026-04-13T09:45:00+00:00,622.07000000,622.07000000,621.57000000,621.86000000,15.60000000
1776074400000,2026-04-13T10:00:00+00:00,621.89000000,622.13000000,621.53000000,621.80000000,50.25000000
1776075300000,2026-04-13T10:15:00+00:00,621.73000000,622.03000000,621.57000000,621.91000000,14.26000000
1776076200000,2026-04-13T10:30:00+00:00,621.84000000,623.05000000,621.84000000,622.95000000,37.63000000
1776077100000,2026-04-13T10:45:00+00:00,622.95000000,624.35000000,622.91000000,624.34000000,35.32000000
1776078000000,2026-04-13T11:00:00+00:00,624.35000000,625.05000000,624.35000000,624.45000000,61.49000000
1776078900000,2026-04-13T11:15:00+00:00,624.53000000,624.60000000,623.64000000,623.77000000,36.36000000
1776079800000,2026-04-13T11:30:00+00:00,623.80000000,623.87000000,622.99000000,622.99000000,55.04000000
1776080700000,2026-04-13T11:45:00+00:00,622.98000000,623.25000000,622.68000000,622.95000000,25.96000000
1776081600000,2026-04-13T12:00:00+00:00,622.89000000,623.09000000,622.37000000,622.95000000,27.46000000
1776082500000,2026-04-13T12:15:00+00:00,623.09000000,624.18000000,623.09000000,624.18000000,25.85000000
1776083400000,2026-04-13T12:30:00+00:00,624.23000000,624.48000000,623.88000000,624.24000000,31.47000000
1776084300000,2026-04-13T12:45:00+00:00,624.25000000,625.15000000,624.17000000,624.94000000,54.69000000
1776085200000,2026-04-13T13:00:00+00:00,624.91000000,627.55000000,624.91000000,627.42000000,102.24000000
1776086100000,2026-04-13T13:15:00+00:00,627.40000000,630.09000000,626.08000000,629.95000000,172.78000000
1776087000000,2026-04-13T13:30:00+00:00,629.72000000,630.56000000,625.90000000,626.30000000,876.84000000
1776087900000,2026-04-13T13:45:00+00:00,626.35000000,630.73000000,624.95000000,630.50000000,479.88000000
1776088800000,2026-04-13T14:00:00+00:00,630.36000000,633.72000000,628.90000000,629.15000000,317.72000000
1776089700000,2026-04-13T14:15:00+00:00,629.15000000,629.15000000,626.20000000,627.44000000,240.73000000
1776090600000,2026-04-13T14:30:00+00:00,627.40000000,628.10000000,626.31000000,627.02000000,93.55000000
1776091500000,2026-04-13T14:45:00+00:00,627.02000000,628.15000000,626.10000000,628.00000000,154.41000000
1776092400000,2026-04-13T15:00:00+00:00,628.03000000,628.03000000,625.60000000,626.75000000,269.49000000
1776093300000,2026-04-13T15:15:00+00:00,626.81000000,627.09000000,625.90000000,626.25000000,40.10000000
1776094200000,2026-04-13T15:30:00+00:00,626.15000000,629.28000000,625.99000000,628.51000000,114.33000000
1776095100000,2026-04-13T15:45:00+00:00,628.45000000,628.45000000,627.30000000,627.60000000,82.73000000
1776096000000,2026-04-13T16:00:00+00:00,627.70000000,628.60000000,626.58000000,627.53000000,141.65000000
1776096900000,2026-04-13T16:15:00+00:00,627.72000000,629.73000000,627.30000000,629.73000000,43.28000000
1776097800000,2026-04-13T16:30:00+00:00,629.52000000,631.07000000,628.56000000,629.76000000,123.72000000
1776098700000,2026-04-13T16:45:00+00:00,629.64000000,631.13000000,629.34000000,630.36000000,43.14000000
1776099600000,2026-04-13T17:00:00+00:00,630.37000000,630.84000000,629.88000000,630.19000000,26.73000000
1776100500000,2026-04-13T17:15:00+00:00,630.19000000,630.53000000,629.52000000,630.30000000,8.87000000
1776101400000,2026-04-13T17:30:00+00:00,630.32000000,630.63000000,629.76000000,630.63000000,39.41000000
1776102300000,2026-04-13T17:45:00+00:00,630.38000000,630.78000000,629.82000000,630.66000000,29.19000000
1776103200000,2026-04-13T18:00:00+00:00,630.61000000,631.92000000,630.61000000,631.42000000,50.80000000
1776104100000,2026-04-13T18:15:00+00:00,631.32000000,631.86000000,631.02000000,631.56000000,24.00000000
1776105000000,2026-04-13T18:30:00+00:00,631.62000000,632.34000000,631.60000000,632.25000000,17.82000000
1776105900000,2026-04-13T18:45:00+00:00,632.40000000,633.24000000,632.40000000,633.06000000,19.31000000
1776106800000,2026-04-13T19:00:00+00:00,633.07000000,633.42000000,632.64000000,632.64000000,34.58000000
1776107700000,2026-04-13T19:15:00+00:00,632.64000000,632.96000000,632.40000000,632.58000000,15.18000000
1776108600000,2026-04-13T19:30:00+00:00,632.46000000,634.25000000,632.21000000,633.74000000,62.73000000
1776109500000,2026-04-13T19:45:00+00:00,633.84000000,636.09000000,633.69000000,635.02000000,211.22000000
1776110400000,2026-04-13T20:00:00+00:00,635.03000000,635.23000000,634.79000000,635.23000000,49.55000000
1776111300000,2026-04-13T20:15:00+00:00,635.08000000,635.52000000,635.04000000,635.46000000,17.77000000
1776112200000,2026-04-13T20:30:00+00:00,635.36000000,635.88000000,635.08000000,635.32000000,21.68000000
1776113100000,2026-04-13T20:45:00+00:00,635.25000000,635.56000000,635.25000000,635.56000000,13.11000000
1776114000000,2026-04-13T21:00:00+00:00,635.56000000,635.88000000,635.56000000,635.66000000,2.80000000
1776114900000,2026-04-13T21:15:00+00:00,635.60000000,635.65000000,635.45000000,635.65000000,9.79000000
1776115800000,2026-04-13T21:30:00+00:00,635.60000000,635.86000000,635.47000000,635.56000000,5.15000000
1776116700000,2026-04-13T21:45:00+00:00,635.66000000,635.81000000,635.56000000,635.81000000,9.63000000
1776117600000,2026-04-13T22:00:00+00:00,635.83000000,636.44000000,635.72000000,636.44000000,40.83000000
1776118500000,2026-04-13T22:15:00+00:00,636.31000000,638.25000000,636.25000000,637.95000000,76.48000000
1776119400000,2026-04-13T22:30:00+00:00,637.99000000,638.49000000,637.86000000,638.15000000,34.81000000
1776120300000,2026-04-13T22:45:00+00:00,638.10000000,638.72000000,637.68000000,638.44000000,24.27000000
1776121200000,2026-04-13T23:00:00+00:00,638.42000000,638.96000000,638.25000000,638.90000000,72.76000000
1776122100000,2026-04-13T23:15:00+00:00,638.82000000,638.96000000,638.56000000,638.96000000,46.50000000
1776123000000,2026-04-13T23:30:00+00:00,638.77000000,638.84000000,638.14000000,638.15000000,7.25000000
1776123900000,2026-04-13T23:45:00+00:00,638.15000000,638.60000000,638.15000000,638.43000000,15.69000000
1776124800000,2026-04-14T00:00:00+00:00,638.38000000,638.65000000,637.49000000,638.25000000,80.12000000
1776125700000,2026-04-14T00:15:00+00:00,638.30000000,639.05000000,636.23000000,638.16000000,231.52000000
1776126600000,2026-04-14T00:30:00+00:00,638.19000000,638.45000000,637.85000000,637.85000000,50.06000000
1776127500000,2026-04-14T00:45:00+00:00,638.05000000,638.12000000,637.50000000,637.84000000,15.79000000
1776128400000,2026-04-14T01:00:00+00:00,637.84000000,637.85000000,636.94000000,637.77000000,41.71000000
1776129300000,2026-04-14T01:15:00+00:00,637.80000000,638.16000000,637.66000000,638.06000000,7.17000000
1776130200000,2026-04-14T01:30:00+00:00,637.98000000,638.39000000,637.70000000,638.25000000,28.76000000
1776131100000,2026-04-14T01:45:00+00:00,638.40000000,639.10000000,638.40000000,639.10000000,40.08000000
1776132000000,2026-04-14T02:00:00+00:00,639.03000000,639.64000000,639.03000000,639.55000000,16.39000000
1776132900000,2026-04-14T02:15:00+00:00,639.48000000,639.59000000,639.10000000,639.28000000,17.39000000
1776133800000,2026-04-14T02:30:00+00:00,639.23000000,639.72000000,639.15000000,639.72000000,11.77000000
1776134700000,2026-04-14T02:45:00+00:00,639.65000000,639.90000000,639.65000000,639.89000000,1.79000000
1776135600000,2026-04-14T03:00:00+00:00,639.91000000,640.77000000,639.76000000,640.59000000,160.99000000
1776136500000,2026-04-14T03:15:00+00:00,640.64000000,640.77000000,639.98000000,640.00000000,30.71000000
1776137400000,2026-04-14T03:30:00+00:00,640.04000000,640.18000000,639.77000000,639.96000000,40.15000000
1776138300000,2026-04-14T03:45:00+00:00,639.95000000,640.48000000,639.85000000,640.13000000,40.44000000
1776139200000,2026-04-14T04:00:00+00:00,640.10000000,640.27000000,640.05000000,640.17000000,5.90000000
1776140100000,2026-04-14T04:15:00+00:00,640.11000000,640.14000000,639.95000000,640.01000000,8.76000000
1776141000000,2026-04-14T04:30:00+00:00,639.96000000,640.15000000,639.94000000,640.02000000,3.14000000
1776141900000,2026-04-14T04:45:00+00:00,639.90000000,640.05000000,639.75000000,639.78000000,11.47000000
1776142800000,2026-04-14T05:00:00+00:00,639.81000000,639.87000000,639.21000000,639.86000000,25.43000000
1776143700000,2026-04-14T05:15:00+00:00,639.64000000,639.64000000,638.15000000,638.65000000,51.68000000
1776144600000,2026-04-14T05:30:00+00:00,638.69000000,638.70000000,637.65000000,638.25000000,37.30000000
1776145500000,2026-04-14T05:45:00+00:00,638.30000000,638.63000000,638.05000000,638.35000000,13.80000000
1776146400000,2026-04-14T06:00:00+00:00,638.46000000,638.69000000,638.03000000,638.33000000,26.56000000
1776147300000,2026-04-14T06:15:00+00:00,638.16000000,638.16000000,637.10000000,637.62000000,9.66000000
1776148200000,2026-04-14T06:30:00+00:00,637.56000000,637.65000000,637.27000000,637.41000000,37.17000000
1776149100000,2026-04-14T06:45:00+00:00,637.38000000,637.38000000,636.75000000,636.88000000,53.80000000
1776150000000,2026-04-14T07:00:00+00:00,636.90000000,638.55000000,636.86000000,637.80000000,63.82000000
1776150900000,2026-04-14T07:15:00+00:00,637.79000000,638.45000000,636.98000000,638.20000000,75.85000000
1776151800000,2026-04-14T07:30:00+00:00,638.24000000,638.64000000,637.93000000,637.93000000,9.90000000
1776152700000,2026-04-14T07:45:00+00:00,637.93000000,638.17000000,637.52000000,637.68000000,35.32000000
1776153600000,2026-04-14T08:00:00+00:00,637.69000000,638.66000000,637.21000000,637.52000000,121.18000000
1776154500000,2026-04-14T08:15:00+00:00,637.60000000,638.91000000,637.59000000,638.63000000,37.07000000
1776155400000,2026-04-14T08:30:00+00:00,638.72000000,638.90000000,638.49000000,638.90000000,84.61000000
1776156300000,2026-04-14T08:45:00+00:00,638.94000000,639.12000000,638.71000000,639.10000000,43.16000000
1776157200000,2026-04-14T09:00:00+00:00,639.15000000,639.37000000,638.81000000,639.12000000,63.37000000
1776158100000,2026-04-14T09:15:00+00:00,639.00000000,639.25000000,638.53000000,638.84000000,31.52000000
1776159000000,2026-04-14T09:30:00+00:00,638.84000000,639.30000000,638.75000000,638.97000000,12.86000000
1776159900000,2026-04-14T09:45:00+00:00,638.99000000,639.71000000,638.83000000,639.66000000,12.19000000
1776160800000,2026-04-14T10:00:00+00:00,639.56000000,640.83000000,639.45000000,640.59000000,37.81000000
1776161700000,2026-04-14T10:15:00+00:00,640.56000000,640.80000000,640.15000000,640.42000000,15.93000000
1776162600000,2026-04-14T10:30:00+00:00,640.16000000,640.44000000,638.87000000,639.27000000,48.56000000
1776163500000,2026-04-14T10:45:00+00:00,639.27000000,639.34000000,638.90000000,639.04000000,21.51000000
1776164400000,2026-04-14T11:00:00+00:00,638.98000000,640.92000000,638.97000000,640.63000000,32.05000000
1776165300000,2026-04-14T11:15:00+00:00,640.55000000,642.94000000,640.38000000,642.82000000,65.88000000
1776166200000,2026-04-14T11:30:00+00:00,642.67000000,643.04000000,642.15000000,642.64000000,9.34000000
1776167100000,2026-04-14T11:45:00+00:00,642.36000000,643.34000000,642.36000000,642.97000000,6.59000000
1776168000000,2026-04-14T12:00:00+00:00,642.92000000,643.20000000,642.25000000,642.40000000,33.49000000
1776168900000,2026-04-14T12:15:00+00:00,642.31000000,642.45000000,641.60000000,642.07000000,19.90000000
1776169800000,2026-04-14T12:30:00+00:00,642.05000000,642.72000000,641.60000000,642.36000000,39.82000000
1776170700000,2026-04-14T12:45:00+00:00,642.50000000,642.65000000,641.65000000,642.65000000,16.19000000
1776171600000,2026-04-14T13:00:00+00:00,642.52000000,643.02000000,642.21000000,642.74000000,22.84000000
1776172500000,2026-04-14T13:15:00+00:00,642.71000000,643.90000000,642.20000000,643.70000000,99.12000000
1776173400000,2026-04-14T13:30:00+00:00,643.71000000,648.36000000,640.44000000,647.96000000,559.51000000
1776174300000,2026-04-14T13:45:00+00:00,648.33000000,652.84000000,648.27000000,649.38000000,418.87000000
1776175200000,2026-04-14T14:00:00+00:00,649.62000000,651.36000000,648.89000000,651.17000000,245.46000000
1776176100000,2026-04-14T14:15:00+00:00,651.04000000,654.36000000,650.22000000,654.30000000,180.31000000
1776177000000,2026-04-14T14:30:00+00:00,654.06000000,658.68000000,653.48000000,658.26000000,369.92000000
1776177900000,2026-04-14T14:45:00+00:00,658.04000000,659.10000000,655.88000000,658.35000000,240.32000000
1776178800000,2026-04-14T15:00:00+00:00,658.33000000,658.84000000,656.34000000,658.52000000,128.65000000
1776179700000,2026-04-14T15:15:00+00:00,658.62000000,661.67000000,658.32000000,660.72000000,163.52000000
1776180600000,2026-04-14T15:30:00+00:00,660.89000000,665.09000000,660.87000000,663.84000000,180.71000000
1776181500000,2026-04-14T15:45:00+00:00,663.74000000,665.34000000,663.01000000,663.94000000,95.54000000
1776182400000,2026-04-14T16:00:00+00:00,664.02000000,664.27000000,663.24000000,663.66000000,93.16000000
1776183300000,2026-04-14T16:15:00+00:00,663.60000000,665.94000000,662.82000000,665.33000000,174.35000000
1776184200000,2026-04-14T16:30:00+00:00,665.46000000,665.67000000,663.96000000,664.14000000,71.38000000
1776185100000,2026-04-14T16:45:00+00:00,664.14000000,664.86000000,662.46000000,662.64000000,76.68000000
1776186000000,2026-04-14T17:00:00+00:00,662.61000000,663.33000000,661.83000000,662.28000000,91.64000000
1776186900000,2026-04-14T17:15:00+00:00,662.23000000,663.39000000,661.81000000,662.40000000,42.55000000
1776187800000,2026-04-14T17:30:00+00:00,662.37000000,664.80000000,662.37000000,664.68000000,40.14000000
1776188700000,2026-04-14T17:45:00+00:00,664.71000000,666.72000000,664.64000000,666.19000000,47.38000000
1776189600000,2026-04-14T18:00:00+00:00,666.15000000,666.33000000,662.76000000,662.81000000,110.78000000
1776190500000,2026-04-14T18:15:00+00:00,662.69000000,663.02000000,660.34000000,660.55000000,36.23000000
1776191400000,2026-04-14T18:30:00+00:00,660.61000000,661.70000000,660.61000000,661.40000000,36.05000000
1776192300000,2026-04-14T18:45:00+00:00,661.44000000,661.45000000,660.55000000,661.19000000,42.65000000
1776193200000,2026-04-14T19:00:00+00:00,661.25000000,662.60000000,661.25000000,662.34000000,47.03000000
1776194100000,2026-04-14T19:15:00+00:00,662.48000000,662.90000000,661.88000000,661.95000000,10.90000000
1776195000000,2026-04-14T19:30:00+00:00,661.85000000,662.20000000,660.30000000,661.30000000,49.24000000
1776195900000,2026-04-14T19:45:00+00:00,661.40000000,663.05000000,661.25000000,662.82000000,113.84000000
1776196800000,2026-04-14T20:00:00+00:00,662.84000000,663.49000000,662.20000000,663.49000000,80.97000000
1776197700000,2026-04-14T20:15:00+00:00,663.25000000,663.40000000,662.71000000,662.78000000,5.73000000
1776198600000,2026-04-14T20:30:00+00:00,662.87000000,663.11000000,662.70000000,662.80000000,0.45000000
1776199500000,2026-04-14T20:45:00+00:00,662.76000000,662.76000000,661.52000000,662.19000000,23.14000000
1776200400000,2026-04-14T21:00:00+00:00,662.19000000,668.10000000,661.79000000,662.91000000,1214.80000000
1776201300000,2026-04-14T21:15:00+00:00,662.89000000,663.00000000,661.83000000,662.88000000,474.98000000
1776202200000,2026-04-14T21:30:00+00:00,662.82000000,663.78000000,662.76000000,663.72000000,402.42000000
1776203100000,2026-04-14T21:45:00+00:00,663.72000000,664.05000000,662.54000000,664.05000000,27.93000000
1776204000000,2026-04-14T22:00:00+00:00,663.93000000,664.69000000,663.85000000,664.69000000,36.38000000
1776204900000,2026-04-14T22:15:00+00:00,664.73000000,667.57000000,664.73000000,667.21000000,110.07000000
1776205800000,2026-04-14T22:30:00+00:00,667.21000000,667.88000000,666.61000000,667.66000000,33.01000000
1776206700000,2026-04-14T22:45:00+00:00,667.55000000,667.85000000,667.32000000,667.32000000,8.26000000
1776207600000,2026-04-14T23:00:00+00:00,667.29000000,667.55000000,666.54000000,666.64000000,12.64000000
1776208500000,2026-04-14T23:15:00+00:00,666.63000000,666.92000000,666.40000000,666.88000000,5.72000000
1776209400000,2026-04-14T23:30:00+00:00,666.92000000,667.20000000,666.52000000,666.65000000,15.04000000
1776210300000,2026-04-14T23:45:00+00:00,666.65000000,666.91000000,666.18000000,666.30000000,12.62000000
1776211200000,2026-04-15T00:00:00+00:00,666.26000000,667.20000000,666.10000000,666.20000000,119.57000000
1776212100000,2026-04-15T00:15:00+00:00,666.20000000,667.10000000,666.07000000,667.03000000,99.82000000
1776213000000,2026-04-15T00:30:00+00:00,667.10000000,667.19000000,666.22000000,666.22000000,64.15000000
1776213900000,2026-04-15T00:45:00+00:00,666.45000000,666.83000000,666.37000000,666.75000000,6.87000000
1776214800000,2026-04-15T01:00:00+00:00,666.81000000,667.55000000,666.81000000,667.54000000,6.92000000
1776215700000,2026-04-15T01:15:00+00:00,667.54000000,668.10000000,667.38000000,668.00000000,61.21000000
1776216600000,2026-04-15T01:30:00+00:00,667.86000000,668.07000000,667.75000000,667.88000000,27.20000000
1776217500000,2026-04-15T01:45:00+00:00,668.09000000,668.16000000,668.04000000,668.06000000,0.74000000
1776218400000,2026-04-15T02:00:00+00:00,668.05000000,668.11000000,666.37000000,666.42000000,24.45000000
1776219300000,2026-04-15T02:15:00+00:00,666.47000000,666.74000000,665.00000000,665.00000000,96.42000000
1776220200000,2026-04-15T02:30:00+00:00,664.96000000,664.96000000,662.67000000,662.92000000,66.80000000
1776221100000,2026-04-15T02:45:00+00:00,662.72000000,662.92000000,661.25000000,662.33000000,57.45000000
1776222000000,2026-04-15T03:00:00+00:00,662.33000000,662.87000000,662.33000000,662.80000000,16.64000000
1776222900000,2026-04-15T03:15:00+00:00,662.72000000,664.05000000,662.61000000,663.99000000,76.16000000
1776223800000,2026-04-15T03:30:00+00:00,663.90000000,664.52000000,663.49000000,663.60000000,38.92000000
1776224700000,2026-04-15T03:45:00+00:00,663.56000000,664.33000000,663.20000000,664.33000000,76.39000000
1776225600000,2026-04-15T04:00:00+00:00,664.35000000,664.77000000,664.27000000,664.54000000,14.08000000
1776226500000,2026-04-15T04:15:00+00:00,664.42000000,665.14000000,664.42000000,665.06000000,4.25000000
1776227400000,2026-04-15T04:30:00+00:00,664.95000000,664.95000000,664.23000000,664.34000000,6.21000000
1776228300000,2026-04-15T04:45:00+00:00,664.21000000,664.98000000,663.97000000,664.76000000,78.88000000
1776229200000,2026-04-15T05:00:00+00:00,664.71000000,665.10000000,664.10000000,664.85000000,22.14000000
1776230100000,2026-04-15T05:15:00+00:00,664.92000000,664.95000000,663.68000000,664.03000000,78.01000000
1776231000000,2026-04-15T05:30:00+00:00,663.96000000,663.96000000,663.30000000,663.30000000,15.88000000
1776231900000,2026-04-15T05:45:00+00:00,663.25000000,663.50000000,662.91000000,663.49000000,58.91000000
1776232800000,2026-04-15T06:00:00+00:00,663.41000000,663.59000000,662.90000000,663.09000000,30.31000000
1776233700000,2026-04-15T06:15:00+00:00,663.23000000,663.25000000,662.53000000,663.10000000,45.51000000
1776234600000,2026-04-15T06:30:00+00:00,663.15000000,663.85000000,663.15000000,663.85000000,9.82000000
1776235500000,2026-04-15T06:45:00+00:00,663.74000000,664.18000000,662.10000000,662.10000000,47.41000000
1776236400000,2026-04-15T07:00:00+00:00,662.40000000,663.13000000,662.40000000,663.00000000,111.12000000
1776237300000,2026-04-15T07:15:00+00:00,663.03000000,663.03000000,662.31000000,662.34000000,33.70000000
1776238200000,2026-04-15T07:30:00+00:00,662.30000000,662.35000000,661.86000000,662.22000000,16.01000000
1776239100000,2026-04-15T07:45:00+00:00,662.20000000,662.96000000,661.96000000,662.56000000,17.82000000
1776240000000,2026-04-15T08:00:00+00:00,662.53000000,663.53000000,662.53000000,663.29000000,38.94000000
1776240900000,2026-04-15T08:15:00+00:00,663.29000000,663.45000000,663.03000000,663.40000000,4.25000000
1776241800000,2026-04-15T08:30:00+00:00,663.39000000,663.97000000,663.20000000,663.72000000,19.67000000
1776242700000,2026-04-15T08:45:00+00:00,663.80000000,664.08000000,663.65000000,664.08000000,42.57000000
1776243600000,2026-04-15T09:00:00+00:00,664.08000000,664.13000000,662.05000000,662.05000000,42.17000000
1776244500000,2026-04-15T09:15:00+00:00,662.22000000,662.70000000,662.22000000,662.31000000,16.49000000
1776245400000,2026-04-15T09:30:00+00:00,662.33000000,663.00000000,662.15000000,663.00000000,8.22000000
1776246300000,2026-04-15T09:45:00+00:00,662.91000000,663.00000000,662.58000000,662.67000000,20.02000000
1776247200000,2026-04-15T10:00:00+00:00,662.64000000,663.67000000,662.38000000,663.62000000,17.88000000
1776248100000,2026-04-15T10:15:00+00:00,663.63000000,663.63000000,661.63000000,661.81000000,205.74000000
1776249000000,2026-04-15T10:30:00+00:00,661.81000000,661.95000000,660.31000000,660.61000000,162.36000000
1776249900000,2026-04-15T10:45:00+00:00,660.56000000,661.04000000,660.03000000,660.79000000,146.17000000
1776250800000,2026-04-15T11:00:00+00:00,660.74000000,662.85000000,660.18000000,662.85000000,68.51000000
1776251700000,2026-04-15T11:15:00+00:00,662.70000000,664.15000000,662.70000000,664.12000000,76.46000000
1776252600000,2026-04-15T11:30:00+00:00,664.06000000,664.32000000,663.52000000,664.19000000,91.16000000
1776253500000,2026-04-15T11:45:00+00:00,664.19000000,665.87000000,664.15000000,665.87000000,162.56000000
1776254400000,2026-04-15T12:00:00+00:00,665.84000000,665.89000000,664.72000000,664.72000000,90.33000000
1776255300000,2026-04-15T12:15:00+00:00,664.71000000,665.04000000,663.92000000,664.95000000,162.35000000
1776256200000,2026-04-15T12:30:00+00:00,665.00000000,667.00000000,665.00000000,666.66000000,37.03000000
1776257100000,2026-04-15T12:45:00+00:00,666.70000000,666.79000000,665.90000000,666.09000000,52.54000000
1776258000000,2026-04-15T13:00:00+00:00,665.95000000,665.95000000,665.00000000,665.60000000,67.30000000
1776258900000,2026-04-15T13:15:00+00:00,665.55000000,668.51000000,664.90000000,667.26000000,279.31000000
1776259800000,2026-04-15T13:30:00+00:00,667.27000000,671.22000000,664.45000000,664.78000000,1383.85000000
1776260700000,2026-04-15T13:45:00+00:00,664.89000000,671.80000000,664.88000000,671.70000000,319.16000000
1776261600000,2026-04-15T14:00:00+00:00,671.75000000,673.79000000,670.49000000,672.85000000,404.86000000
1776262500000,2026-04-15T14:15:00+00:00,672.89000000,675.74000000,672.40000000,675.29000000,308.39000000
1776263400000,2026-04-15T14:30:00+00:00,675.30000000,676.44000000,673.11000000,673.59000000,204.51000000
1776264300000,2026-04-15T14:45:00+00:00,673.58000000,675.06000000,672.93000000,674.35000000,73.81000000
1776265200000,2026-04-15T15:00:00+00:00,674.44000000,675.10000000,672.67000000,673.05000000,86.67000000
1776266100000,2026-04-15T15:15:00+00:00,673.08000000,674.55000000,672.86000000,674.10000000,57.09000000
1776267000000,2026-04-15T15:30:00+00:00,674.05000000,675.14000000,673.16000000,675.12000000,119.10000000
1776267900000,2026-04-15T15:45:00+00:00,675.10000000,676.36000000,675.10000000,675.26000000,102.85000000
1776268800000,2026-04-15T16:00:00+00:00,675.26000000,677.35000000,675.00000000,677.21000000,65.58000000
1776269700000,2026-04-15T16:15:00+00:00,677.23000000,679.00000000,677.10000000,677.24000000,150.09000000
1776270600000,2026-04-15T16:30:00+00:00,677.20000000,677.21000000,673.98000000,673.98000000,323.29000000
1776271500000,2026-04-15T16:45:00+00:00,673.92000000,675.12000000,672.99000000,674.27000000,115.50000000
1776272400000,2026-04-15T17:00:00+00:00,674.27000000,675.12000000,673.68000000,674.25000000,34.15000000
1776273300000,2026-04-15T17:15:00+00:00,674.23000000,675.12000000,673.87000000,674.75000000,32.39000000
1776274200000,2026-04-15T17:30:00+00:00,674.63000000,675.35000000,673.26000000,673.27000000,65.48000000
1776275100000,2026-04-15T17:45:00+00:00,673.27000000,673.80000000,671.53000000,671.70000000,48.73000000
1776276000000,2026-04-15T18:00:00+00:00,671.64000000,674.00000000,671.59000000,673.83000000,62.02000000
1776276900000,2026-04-15T18:15:00+00:00,673.77000000,674.28000000,672.79000000,673.20000000,58.86000000
1776277800000,2026-04-15T18:30:00+00:00,673.17000000,674.65000000,673.17000000,674.41000000,15.34000000
1776278700000,2026-04-15T18:45:00+00:00,674.45000000,675.57000000,674.45000000,675.42000000,20.82000000
1776279600000,2026-04-15T19:00:00+00:00,675.22000000,675.27000000,673.00000000,673.00000000,33.49000000
1776280500000,2026-04-15T19:15:00+00:00,673.05000000,673.12000000,672.77000000,673.12000000,1.81000000
1776281400000,2026-04-15T19:30:00+00:00,673.11000000,673.89000000,673.11000000,673.60000000,9.91000000
1776282300000,2026-04-15T19:45:00+00:00,673.61000000,674.87000000,670.81000000,672.07000000,234.08000000
1776283200000,2026-04-15T20:00:00+00:00,672.34000000,672.34000000,670.72000000,670.75000000,38.63000000
1776284100000,2026-04-15T20:15:00+00:00,670.89000000,671.72000000,670.89000000,671.67000000,29.49000000
1776285000000,2026-04-15T20:30:00+00:00,671.67000000,672.64000000,671.67000000,672.38000000,93.43000000
1776285900000,2026-04-15T20:45:00+00:00,672.45000000,673.40000000,672.34000000,672.86000000,22.55000000
1776286800000,2026-04-15T21:00:00+00:00,672.85000000,672.91000000,672.58000000,672.85000000,14.00000000
1776287700000,2026-04-15T21:15:00+00:00,672.88000000,673.44000000,672.47000000,673.13000000,30.54000000
1776288600000,2026-04-15T21:30:00+00:00,673.23000000,673.47000000,673.23000000,673.41000000,3.13000000
1776289500000,2026-04-15T21:45:00+00:00,673.28000000,673.35000000,672.72000000,673.23000000,18.22000000
1776290400000,2026-04-15T22:00:00+00:00,673.26000000,673.99000000,673.12000000,673.80000000,81.74000000
1776291300000,2026-04-15T22:15:00+00:00,673.80000000,674.25000000,673.80000000,673.95000000,17.53000000
1776292200000,2026-04-15T22:30:00+00:00,673.91000000,674.50000000,673.89000000,674.26000000,50.11000000
1776293100000,2026-04-15T22:45:00+00:00,674.25000000,674.54000000,673.95000000,674.24000000,21.70000000
1776294000000,2026-04-15T23:00:00+00:00,674.34000000,674.40000000,674.10000000,674.25000000,7.06000000
1776294900000,2026-04-15T23:15:00+00:00,674.05000000,674.05000000,673.39000000,673.95000000,10.73000000
1776295800000,2026-04-15T23:30:00+00:00,674.00000000,674.50000000,674.00000000,674.32000000,16.23000000
1776296700000,2026-04-15T23:45:00+00:00,674.37000000,674.83000000,674.30000000,674.83000000,11.54000000
1776297600000,2026-04-16T00:00:00+00:00,674.70000000,675.00000000,674.10000000,674.35000000,51.91000000
1776298500000,2026-04-16T00:15:00+00:00,674.35000000,674.88000000,674.35000000,674.58000000,11.88000000
1776299400000,2026-04-16T00:30:00+00:00,674.51000000,674.79000000,674.51000000,674.64000000,3.88000000
1776300300000,2026-04-16T00:45:00+00:00,674.70000000,674.88000000,674.62000000,674.64000000,18.19000000
1776301200000,2026-04-16T01:00:00+00:00,674.58000000,675.36000000,674.58000000,675.26000000,5.18000000
1776302100000,2026-04-16T01:15:00+00:00,675.25000000,675.51000000,675.25000000,675.40000000,3.98000000
1776303000000,2026-04-16T01:30:00+00:00,675.43000000,675.55000000,675.01000000,675.50000000,22.06000000
1776303900000,2026-04-16T01:45:00+00:00,675.49000000,675.49000000,675.20000000,675.20000000,2.72000000
1776304800000,2026-04-16T02:00:00+00:00,675.16000000,675.39000000,675.16000000,675.39000000,0.69000000
1776305700000,2026-04-16T02:15:00+00:00,675.39000000,675.54000000,675.30000000,675.30000000,2.68000000
1776306600000,2026-04-16T02:30:00+00:00,675.31000000,675.55000000,675.20000000,675.46000000,5.36000000
1776307500000,2026-04-16T02:45:00+00:00,675.46000000,675.63000000,675.05000000,675.45000000,61.43000000
1776308400000,2026-04-16T03:00:00+00:00,675.35000000,675.74000000,675.23000000,675.32000000,41.41000000
1776309300000,2026-04-16T03:15:00+00:00,675.30000000,675.60000000,675.21000000,675.27000000,10.65000000
1776310200000,2026-04-16T03:30:00+00:00,675.32000000,675.32000000,675.06000000,675.18000000,0.51000000
1776311100000,2026-04-16T03:45:00+00:00,675.18000000,675.18000000,675.14000000,675.16000000,1.13000000
1776312000000,2026-04-16T04:00:00+00:00,675.15000000,675.15000000,674.81000000,675.10000000,19.47000000
1776312900000,2026-04-16T04:15:00+00:00,675.10000000,675.15000000,674.89000000,675.14000000,1.69000000
1776313800000,2026-04-16T04:30:00+00:00,675.13000000,675.45000000,675.09000000,675.42000000,4.15000000
1776314700000,2026-04-16T04:45:00+00:00,675.42000000,675.55000000,675.42000000,675.50000000,2.03000000
1776315600000,2026-04-16T05:00:00+00:00,675.60000000,675.69000000,675.39000000,675.55000000,13.35000000
1776316500000,2026-04-16T05:15:00+00:00,675.60000000,675.70000000,675.60000000,675.70000000,16.83000000
1776317400000,2026-04-16T05:30:00+00:00,675.72000000,676.24000000,675.68000000,676.24000000,24.58000000
1776318300000,2026-04-16T05:45:00+00:00,676.23000000,676.51000000,676.11000000,676.30000000,12.62000000
1776319200000,2026-04-16T06:00:00+00:00,676.28000000,676.30000000,675.84000000,676.21000000,7.65000000
1776320100000,2026-04-16T06:15:00+00:00,676.30000000,676.51000000,676.25000000,676.51000000,14.93000000
1776321000000,2026-04-16T06:30:00+00:00,676.55000000,676.68000000,676.35000000,676.46000000,11.29000000
1776321900000,2026-04-16T06:45:00+00:00,676.65000000,676.80000000,676.46000000,676.56000000,22.11000000
1776322800000,2026-04-16T07:00:00+00:00,676.56000000,676.61000000,675.94000000,675.99000000,19.52000000
1776323700000,2026-04-16T07:15:00+00:00,675.99000000,676.50000000,675.99000000,676.50000000,17.74000000
1776324600000,2026-04-16T07:30:00+00:00,676.32000000,676.69000000,676.25000000,676.69000000,3.62000000
1776325500000,2026-04-16T07:45:00+00:00,676.69000000,676.69000000,676.17000000,676.55000000,22.93000000
1776326400000,2026-04-16T08:00:00+00:00,676.59000000,676.59000000,675.45000000,675.45000000,13.16000000
1776327300000,2026-04-16T08:15:00+00:00,675.61000000,675.79000000,674.75000000,674.85000000,17.94000000
1776328200000,2026-04-16T08:30:00+00:00,674.89000000,674.90000000,674.29000000,674.52000000,9.53000000
1776329100000,2026-04-16T08:45:00+00:00,674.58000000,675.72000000,674.58000000,675.72000000,9.39000000
1776330000000,2026-04-16T09:00:00+00:00,675.76000000,676.37000000,675.76000000,676.34000000,29.28000000
1776330900000,2026-04-16T09:15:00+00:00,676.29000000,676.33000000,675.42000000,676.20000000,16.36000000
1776331800000,2026-04-16T09:30:00+00:00,676.08000000,676.20000000,675.90000000,675.95000000,5.68000000
1776332700000,2026-04-16T09:45:00+00:00,675.86000000,675.86000000,675.65000000,675.81000000,2.44000000
1776333600000,2026-04-16T10:00:00+00:00,675.84000000,676.55000000,675.84000000,676.35000000,9.53000000
1776334500000,2026-04-16T10:15:00+00:00,676.36000000,676.86000000,675.78000000,675.96000000,8.87000000
1776335400000,2026-04-16T10:30:00+00:00,675.84000000,676.02000000,675.18000000,675.38000000,47.20000000
1776336300000,2026-04-16T10:45:00+00:00,675.32000000,675.62000000,674.54000000,675.49000000,98.42000000
1776337200000,2026-04-16T11:00:00+00:00,675.51000000,676.34000000,675.41000000,676.19000000,14.55000000
1776338100000,2026-04-16T11:15:00+00:00,676.30000000,676.30000000,675.25000000,675.40000000,29.84000000
1776339000000,2026-04-16T11:30:00+00:00,675.45000000,676.79000000,675.45000000,676.54000000,15.41000000
1776339900000,2026-04-16T11:45:00+00:00,676.70000000,677.44000000,676.67000000,677.25000000,21.25000000
1776340800000,2026-04-16T12:00:00+00:00,677.30000000,677.80000000,677.26000000,677.31000000,32.44000000
1776341700000,2026-04-16T12:15:00+00:00,677.44000000,677.94000000,677.30000000,677.32000000,29.32000000
1776342600000,2026-04-16T12:30:00+00:00,677.41000000,677.54000000,676.96000000,677.20000000,13.99000000
1776343500000,2026-04-16T12:45:00+00:00,677.10000000,677.19000000,676.56000000,676.69000000,9.09000000
1776344400000,2026-04-16T13:00:00+00:00,676.57000000,677.09000000,675.51000000,675.57000000,52.08000000
1776345300000,2026-04-16T13:15:00+00:00,675.57000000,677.28000000,675.34000000,676.69000000,86.86000000
1776346200000,2026-04-16T13:30:00+00:00,676.75000000,677.10000000,670.71000000,675.45000000,605.63000000
1776347100000,2026-04-16T13:45:00+00:00,675.54000000,675.90000000,669.40000000,670.86000000,348.87000000
1776348000000,2026-04-16T14:00:00+00:00,670.91000000,673.34000000,668.43000000,672.15000000,180.00000000
1776348900000,2026-04-16T14:15:00+00:00,672.26000000,672.31000000,670.32000000,670.59000000,108.96000000
1776349800000,2026-04-16T14:30:00+00:00,670.57000000,673.65000000,670.56000000,673.56000000,48.44000000
1776350700000,2026-04-16T14:45:00+00:00,673.80000000,674.61000000,672.36000000,672.37000000,80.41000000
1776351600000,2026-04-16T15:00:00+00:00,672.50000000,674.52000000,671.76000000,674.28000000,65.41000000
1776352500000,2026-04-16T15:15:00+00:00,674.37000000,675.81000000,674.08000000,674.20000000,152.68000000
1776353400000,2026-04-16T15:30:00+00:00,674.17000000,676.73000000,673.81000000,674.84000000,197.45000000
1776354300000,2026-04-16T15:45:00+00:00,674.81000000,676.27000000,674.59000000,676.27000000,130.56000000
1776355200000,2026-04-16T16:00:00+00:00,676.35000000,677.43000000,676.34000000,677.43000000,73.84000000
1776356100000,2026-04-16T16:15:00+00:00,677.41000000,677.92000000,676.42000000,676.42000000,38.05000000
1776357000000,2026-04-16T16:30:00+00:00,676.38000000,676.50000000,673.74000000,675.55000000,184.94000000
1776357900000,2026-04-16T16:45:00+00:00,675.54000000,676.37000000,674.80000000,675.00000000,91.58000000
1776358800000,2026-04-16T17:00:00+00:00,674.92000000,675.46000000,674.24000000,674.83000000,24.94000000
1776359700000,2026-04-16T17:15:00+00:00,674.79000000,674.82000000,673.65000000,674.82000000,57.65000000
1776360600000,2026-04-16T17:30:00+00:00,674.90000000,677.15000000,674.27000000,677.02000000,50.02000000
1776361500000,2026-04-16T17:45:00+00:00,676.89000000,677.47000000,675.03000000,675.38000000,61.58000000
1776362400000,2026-04-16T18:00:00+00:00,675.40000000,675.62000000,673.98000000,674.55000000,70.11000000
1776363300000,2026-04-16T18:15:00+00:00,674.64000000,674.64000000,672.41000000,673.01000000,48.31000000
1776364200000,2026-04-16T18:30:00+00:00,673.01000000,675.26000000,673.01000000,675.19000000,27.04000000
1776365100000,2026-04-16T18:45:00+00:00,675.00000000,675.45000000,674.29000000,674.73000000,36.67000000
1776366000000,2026-04-16T19:00:00+00:00,674.82000000,675.20000000,673.62000000,673.90000000,31.92000000
1776366900000,2026-04-16T19:15:00+00:00,673.72000000,674.44000000,673.72000000,673.83000000,35.32000000
1776367800000,2026-04-16T19:30:00+00:00,673.84000000,676.00000000,673.84000000,676.00000000,16.09000000
1776368700000,2026-04-16T19:45:00+00:00,675.81000000,677.94000000,675.55000000,677.52000000,134.25000000
1776369600000,2026-04-16T20:00:00+00:00,677.44000000,677.88000000,676.86000000,677.75000000,21.50000000
1776370500000,2026-04-16T20:15:00+00:00,677.88000000,678.35000000,676.36000000,676.36000000,58.46000000
1776371400000,2026-04-16T20:30:00+00:00,676.44000000,677.21000000,676.44000000,676.96000000,3.77000000
1776372300000,2026-04-16T20:45:00+00:00,676.95000000,677.15000000,676.72000000,676.82000000,31.04000000
1776373200000,2026-04-16T21:00:00+00:00,676.80000000,676.86000000,676.55000000,676.55000000,20.72000000
1776374100000,2026-04-16T21:15:00+00:00,676.61000000,676.98000000,675.92000000,676.40000000,33.35000000
1776375000000,2026-04-16T21:30:00+00:00,676.40000000,677.22000000,676.39000000,676.82000000,7.65000000
1776375900000,2026-04-16T21:45:00+00:00,676.82000000,676.82000000,676.40000000,676.69000000,18.63000000
1776376800000,2026-04-16T22:00:00+00:00,676.78000000,677.92000000,676.52000000,677.62000000,56.09000000
1776377700000,2026-04-16T22:15:00+00:00,677.56000000,677.79000000,677.20000000,677.55000000,63.82000000
1776378600000,2026-04-16T22:30:00+00:00,677.70000000,678.05000000,677.52000000,677.78000000,24.01000000
1776379500000,2026-04-16T22:45:00+00:00,677.78000000,677.86000000,677.48000000,677.60000000,2.75000000
1776380400000,2026-04-16T23:00:00+00:00,677.47000000,677.77000000,676.74000000,677.22000000,50.16000000
1776381300000,2026-04-16T23:15:00+00:00,677.28000000,678.15000000,677.28000000,677.84000000,121.63000000
1776382200000,2026-04-16T23:30:00+00:00,677.84000000,677.93000000,677.65000000,677.73000000,26.39000000
1776383100000,2026-04-16T23:45:00+00:00,677.73000000,677.91000000,677.49000000,677.68000000,23.77000000
1776384000000,2026-04-17T00:00:00+00:00,677.64000000,678.37000000,672.42000000,676.92000000,155.17000000
1776384900000,2026-04-17T00:15:00+00:00,676.60000000,677.36000000,676.35000000,676.96000000,32.62000000
1776385800000,2026-04-17T00:30:00+00:00,676.96000000,677.76000000,676.96000000,677.75000000,7.93000000
1776386700000,2026-04-17T00:45:00+00:00,677.76000000,678.11000000,677.41000000,677.82000000,19.07000000
1776387600000,2026-04-17T01:00:00+00:00,677.70000000,678.26000000,677.66000000,678.09000000,48.44000000
1776388500000,2026-04-17T01:15:00+00:00,678.09000000,678.21000000,677.74000000,677.82000000,35.21000000
1776389400000,2026-04-17T01:30:00+00:00,678.02000000,678.16000000,677.79000000,678.08000000,15.60000000
1776390300000,2026-04-17T01:45:00+00:00,677.94000000,678.23000000,677.94000000,678.20000000,6.38000000
1776391200000,2026-04-17T02:00:00+00:00,678.20000000,678.20000000,677.96000000,678.18000000,26.25000000
1776392100000,2026-04-17T02:15:00+00:00,677.97000000,678.11000000,677.40000000,677.62000000,16.86000000
1776393000000,2026-04-17T02:30:00+00:00,677.62000000,677.95000000,677.62000000,677.95000000,1.73000000
1776393900000,2026-04-17T02:45:00+00:00,677.79000000,677.80000000,677.38000000,677.38000000,24.22000000
1776394800000,2026-04-17T03:00:00+00:00,677.64000000,678.42000000,677.06000000,677.40000000,66.99000000
1776395700000,2026-04-17T03:15:00+00:00,677.62000000,678.50000000,677.21000000,677.51000000,55.40000000
1776396600000,2026-04-17T03:30:00+00:00,677.44000000,677.91000000,677.44000000,677.81000000,24.77000000
1776397500000,2026-04-17T03:45:00+00:00,677.81000000,678.07000000,677.60000000,678.00000000,17.40000000
1776398400000,2026-04-17T04:00:00+00:00,678.06000000,678.43000000,677.96000000,678.37000000,24.57000000
1776399300000,2026-04-17T04:15:00+00:00,678.37000000,678.67000000,678.19000000,678.58000000,5.68000000
1776400200000,2026-04-17T04:30:00+00:00,678.44000000,678.63000000,677.92000000,677.92000000,25.70000000
1776401100000,2026-04-17T04:45:00+00:00,678.08000000,678.44000000,678.08000000,678.20000000,14.19000000
1776402000000,2026-04-17T05:00:00+00:00,678.21000000,678.21000000,677.46000000,677.86000000,11.49000000
1776402900000,2026-04-17T05:15:00+00:00,677.90000000,677.95000000,677.38000000,677.75000000,8.33000000
1776403800000,2026-04-17T05:30:00+00:00,677.75000000,677.95000000,677.36000000,677.54000000,10.07000000
1776404700000,2026-04-17T05:45:00+00:00,677.60000000,677.84000000,677.46000000,677.61000000,3.13000000
1776405600000,2026-04-17T06:00:00+00:00,677.61000000,678.03000000,677.43000000,677.95000000,12.29000000
1776406500000,2026-04-17T06:15:00+00:00,677.88000000,678.00000000,677.58000000,677.72000000,10.01000000
1776407400000,2026-04-17T06:30:00+00:00,677.73000000,677.73000000,677.40000000,677.65000000,5.65000000
1776408300000,2026-04-17T06:45:00+00:00,677.69000000,677.75000000,677.16000000,677.22000000,20.87000000
1776409200000,2026-04-17T07:00:00+00:00,677.11000000,677.93000000,677.05000000,677.90000000,3.65000000
1776410100000,2026-04-17T07:15:00+00:00,677.90000000,677.90000000,677.34000000,677.55000000,9.48000000
1776411000000,2026-04-17T07:30:00+00:00,677.55000000,678.56000000,677.55000000,678.28000000,15.86000000
1776411900000,2026-04-17T07:45:00+00:00,678.37000000,678.37000000,677.80000000,677.80000000,33.01000000
1776412800000,2026-04-17T08:00:00+00:00,677.75000000,678.29000000,676.71000000,678.10000000,29.14000000
1776413700000,2026-04-17T08:15:00+00:00,678.22000000,678.47000000,677.98000000,678.42000000,28.96000000
1776414600000,2026-04-17T08:30:00+00:00,678.44000000,679.32000000,678.44000000,679.32000000,39.92000000
1776415500000,2026-04-17T08:45:00+00:00,679.35000000,680.12000000,679.15000000,680.04000000,35.83000000
1776416400000,2026-04-17T09:00:00+00:00,680.03000000,680.27000000,679.65000000,680.27000000,4.87000000
1776417300000,2026-04-17T09:15:00+00:00,680.19000000,680.21000000,679.25000000,679.62000000,38.42000000
1776418200000,2026-04-17T09:30:00+00:00,679.68000000,679.79000000,678.95000000,678.95000000,17.73000000
1776419100000,2026-04-17T09:45:00+00:00,678.92000000,679.49000000,678.90000000,679.28000000,15.81000000
1776420000000,2026-04-17T10:00:00+00:00,679.25000000,679.58000000,679.03000000,679.32000000,10.14000000
1776420900000,2026-04-17T10:15:00+00:00,679.35000000,679.49000000,678.68000000,678.70000000,4.70000000
1776421800000,2026-04-17T10:30:00+00:00,678.77000000,678.84000000,677.99000000,678.46000000,21.05000000
1776422700000,2026-04-17T10:45:00+00:00,678.41000000,678.92000000,678.35000000,678.58000000,6.06000000
1776423600000,2026-04-17T11:00:00+00:00,678.62000000,679.26000000,678.62000000,679.13000000,13.69000000
1776424500000,2026-04-17T11:15:00+00:00,679.13000000,679.44000000,678.96000000,679.01000000,3.94000000
1776425400000,2026-04-17T11:30:00+00:00,678.95000000,679.17000000,678.25000000,678.26000000,52.69000000
1776426300000,2026-04-17T11:45:00+00:00,678.24000000,678.54000000,678.18000000,678.35000000,49.48000000
1776427200000,2026-04-17T12:00:00+00:00,678.24000000,679.04000000,678.22000000,678.90000000,77.54000000
1776428100000,2026-04-17T12:15:00+00:00,678.85000000,679.19000000,678.48000000,678.99000000,41.79000000
1776429000000,2026-04-17T12:30:00+00:00,678.92000000,679.32000000,678.49000000,678.78000000,18.75000000
1776429900000,2026-04-17T12:45:00+00:00,678.83000000,680.70000000,678.77000000,679.98000000,178.94000000
1776430800000,2026-04-17T13:00:00+00:00,679.94000000,682.44000000,679.17000000,681.20000000,193.29000000
1776431700000,2026-04-17T13:15:00+00:00,681.62000000,681.75000000,677.61000000,678.62000000,356.87000000
1776432600000,2026-04-17T13:30:00+00:00,678.65000000,685.26000000,675.60000000,685.04000000,635.06000000
1776433500000,2026-04-17T13:45:00+00:00,685.29000000,688.00000000,683.80000000,684.99000000,534.94000000
1776434400000,2026-04-17T14:00:00+00:00,685.07000000,687.15000000,684.36000000,686.90000000,430.30000000
1776435300000,2026-04-17T14:15:00+00:00,686.80000000,687.51000000,682.48000000,682.61000000,299.32000000
1776436200000,2026-04-17T14:30:00+00:00,682.75000000,686.91000000,682.67000000,686.39000000,222.14000000
1776437100000,2026-04-17T14:45:00+00:00,686.30000000,688.00000000,685.89000000,686.61000000,151.69000000
1776438000000,2026-04-17T15:00:00+00:00,686.68000000,686.89000000,683.05000000,683.74000000,178.55000000
1776438900000,2026-04-17T15:15:00+00:00,683.82000000,684.40000000,682.12000000,683.91000000,59.40000000
1776439800000,2026-04-17T15:30:00+00:00,684.00000000,685.49000000,683.34000000,683.72000000,57.56000000
1776440700000,2026-04-17T15:45:00+00:00,683.58000000,684.65000000,683.12000000,683.12000000,91.22000000
1776441600000,2026-04-17T16:00:00+00:00,683.31000000,685.43000000,683.31000000,685.05000000,228.14000000
1776442500000,2026-04-17T16:15:00+00:00,684.97000000,685.57000000,683.41000000,684.50000000,51.41000000
1776443400000,2026-04-17T16:30:00+00:00,684.56000000,686.40000000,684.56000000,685.66000000,48.54000000
1776444300000,2026-04-17T16:45:00+00:00,685.79000000,686.75000000,685.79000000,686.40000000,40.44000000
1776445200000,2026-04-17T17:00:00+00:00,686.42000000,686.55000000,684.89000000,685.51000000,70.43000000
1776446100000,2026-04-17T17:15:00+00:00,685.58000000,685.59000000,682.57000000,683.44000000,84.17000000
1776447000000,2026-04-17T17:30:00+00:00,683.34000000,685.31000000,683.34000000,685.15000000,39.57000000
1776447900000,2026-04-17T17:45:00+00:00,685.16000000,686.36000000,684.11000000,684.11000000,52.71000000
1776448800000,2026-04-17T18:00:00+00:00,684.45000000,685.01000000,682.92000000,683.06000000,21.81000000
1776449700000,2026-04-17T18:15:00+00:00,683.13000000,684.39000000,682.43000000,683.56000000,26.67000000
1776450600000,2026-04-17T18:30:00+00:00,683.66000000,684.95000000,683.66000000,684.55000000,13.21000000
1776451500000,2026-04-17T18:45:00+00:00,684.53000000,684.81000000,683.82000000,684.52000000,8.22000000
1776452400000,2026-04-17T19:00:00+00:00,684.40000000,684.94000000,683.62000000,683.73000000,22.44000000
1776453300000,2026-04-17T19:15:00+00:00,683.72000000,684.90000000,683.72000000,684.75000000,62.16000000
1776454200000,2026-04-17T19:30:00+00:00,684.72000000,691.76000000,684.72000000,689.43000000,320.51000000
1776455100000,2026-04-17T19:45:00+00:00,689.43000000,690.06000000,687.73000000,688.81000000,90.01000000
1776456000000,2026-04-17T20:00:00+00:00,688.81000000,690.10000000,688.56000000,689.28000000,19.87000000
1776456900000,2026-04-17T20:15:00+00:00,689.37000000,689.45000000,688.40000000,688.46000000,3.09000000
1776457800000,2026-04-17T20:30:00+00:00,688.46000000,688.75000000,688.30000000,688.44000000,6.17000000
1776458700000,2026-04-17T20:45:00+00:00,688.50000000,688.67000000,688.35000000,688.65000000,7.52000000
1776459600000,2026-04-17T21:00:00+00:00,688.50000000,688.75000000,688.04000000,688.44000000,12.41000000
1776460500000,2026-04-17T21:15:00+00:00,688.44000000,689.00000000,688.44000000,689.00000000,6.87000000
1776461400000,2026-04-17T21:30:00+00:00,688.79000000,688.86000000,688.58000000,688.76000000,0.28000000
1776462300000,2026-04-17T21:45:00+00:00,688.58000000,688.58000000,688.13000000,688.25000000,7.68000000
1776463200000,2026-04-17T22:00:00+00:00,688.22000000,688.99000000,688.22000000,688.51000000,23.96000000
1776464100000,2026-04-17T22:15:00+00:00,688.51000000,688.51000000,688.46000000,688.46000000,1.11000000
1776465000000,2026-04-17T22:30:00+00:00,688.45000000,688.45000000,687.75000000,687.75000000,2.27000000
1776465900000,2026-04-17T22:45:00+00:00,687.70000000,687.90000000,687.25000000,687.41000000,12.23000000
1776466800000,2026-04-17T23:00:00+00:00,687.43000000,687.43000000,686.85000000,687.20000000,21.66000000
1776467700000,2026-04-17T23:15:00+00:00,687.20000000,687.20000000,686.48000000,686.71000000,35.26000000
1776468600000,2026-04-17T23:30:00+00:00,686.81000000,687.20000000,686.74000000,686.79000000,7.41000000
1776469500000,2026-04-17T23:45:00+00:00,686.81000000,687.23000000,686.81000000,686.91000000,8.45000000
1776470400000,2026-04-18T00:00:00+00:00,686.91000000,687.41000000,686.71000000,687.31000000,10.07000000
1776471300000,2026-04-18T00:15:00+00:00,687.31000000,687.41000000,687.27000000,687.38000000,6.10000000
1776472200000,2026-04-18T00:30:00+00:00,687.38000000,687.41000000,686.57000000,686.59000000,10.31000000
1776473100000,2026-04-18T00:45:00+00:00,686.59000000,686.70000000,685.87000000,686.52000000,163.81000000
1776474000000,2026-04-18T01:00:00+00:00,686.53000000,687.15000000,686.14000000,686.67000000,64.03000000
1776474900000,2026-04-18T01:15:00+00:00,686.67000000,688.09000000,686.35000000,686.56000000,127.52000000
1776475800000,2026-04-18T01:30:00+00:00,686.84000000,686.91000000,686.56000000,686.73000000,2.67000000
1776476700000,2026-04-18T01:45:00+00:00,686.89000000,687.04000000,686.43000000,686.63000000,22.16000000
1776477600000,2026-04-18T02:00:00+00:00,686.54000000,686.90000000,686.54000000,686.83000000,7.20000000
1776478500000,2026-04-18T02:15:00+00:00,686.79000000,686.89000000,686.71000000,686.86000000,1.63000000
1776479400000,2026-04-18T02:30:00+00:00,686.80000000,687.35000000,686.77000000,687.06000000,18.56000000
1776480300000,2026-04-18T02:45:00+00:00,686.98000000,687.30000000,686.98000000,687.30000000,3.24000000
1776481200000,2026-04-18T03:00:00+00:00,687.29000000,688.07000000,687.29000000,688.07000000,12.27000000
1776482100000,2026-04-18T03:15:00+00:00,688.08000000,688.15000000,687.50000000,687.66000000,12.88000000
1776483000000,2026-04-18T03:30:00+00:00,687.59000000,687.62000000,687.39000000,687.55000000,10.37000000
1776483900000,2026-04-18T03:45:00+00:00,687.61000000,687.80000000,687.34000000,687.60000000,7.17000000
1776484800000,2026-04-18T04:00:00+00:00,687.57000000,687.74000000,687.24000000,687.39000000,5.60000000
1776485700000,2026-04-18T04:15:00+00:00,687.39000000,687.61000000,687.39000000,687.50000000,7.80000000
1776486600000,2026-04-18T04:30:00+00:00,687.51000000,687.51000000,686.79000000,686.79000000,5.33000000
1776487500000,2026-04-18T04:45:00+00:00,686.78000000,687.10000000,686.78000000,686.78000000,8.38000000
1776488400000,2026-04-18T05:00:00+00:00,686.79000000,686.84000000,686.78000000,686.79000000,0.87000000
1776489300000,2026-04-18T05:15:00+00:00,686.78000000,686.90000000,686.65000000,686.65000000,3.26000000
1776490200000,2026-04-18T05:30:00+00:00,686.66000000,686.66000000,686.26000000,686.58000000,26.41000000
1776491100000,2026-04-18T05:45:00+00:00,686.50000000,686.50000000,686.47000000,686.47000000,0.36000000
1776492000000,2026-04-18T06:00:00+00:00,686.46000000,686.69000000,686.46000000,686.47000000,2.52000000
1776492900000,2026-04-18T06:15:00+00:00,686.48000000,686.90000000,686.42000000,686.90000000,10.30000000
1776493800000,2026-04-18T06:30:00+00:00,686.90000000,686.90000000,686.90000000,686.90000000,0.00000000
1776494700000,2026-04-18T06:45:00+00:00,686.80000000,686.84000000,686.50000000,686.70000000,24.44000000
1776495600000,2026-04-18T07:00:00+00:00,686.69000000,686.84000000,686.69000000,686.82000000,4.08000000
1776496500000,2026-04-18T07:15:00+00:00,686.81000000,686.88000000,686.81000000,686.88000000,0.57000000
1776497400000,2026-04-18T07:30:00+00:00,686.86000000,686.97000000,686.82000000,686.93000000,2.53000000
1776498300000,2026-04-18T07:45:00+00:00,686.98000000,686.98000000,686.85000000,686.98000000,1.01000000
1776499200000,2026-04-18T08:00:00+00:00,686.88000000,687.10000000,686.57000000,686.74000000,7.85000000
1776500100000,2026-04-18T08:15:00+00:00,686.63000000,686.63000000,686.46000000,686.51000000,14.24000000
1776501000000,2026-04-18T08:30:00+00:00,686.51000000,686.86000000,686.36000000,686.79000000,27.37000000
1776501900000,2026-04-18T08:45:00+00:00,686.88000000,687.11000000,686.42000000,686.48000000,31.72000000
1776502800000,2026-04-18T09:00:00+00:00,686.58000000,686.61000000,686.14000000,686.54000000,43.68000000
1776503700000,2026-04-18T09:15:00+00:00,686.52000000,686.63000000,686.33000000,686.33000000,16.42000000
1776504600000,2026-04-18T09:30:00+00:00,686.32000000,686.56000000,685.92000000,686.51000000,20.07000000
1776505500000,2026-04-18T09:45:00+00:00,686.63000000,686.63000000,686.56000000,686.62000000,2.48000000
1776506400000,2026-04-18T10:00:00+00:00,686.60000000,686.60000000,686.26000000,686.38000000,21.30000000
1776507300000,2026-04-18T10:15:00+00:00,686.41000000,686.64000000,686.29000000,686.45000000,28.87000000
1776508200000,2026-04-18T10:30:00+00:00,686.41000000,686.45000000,685.71000000,685.90000000,6.44000000
1776509100000,2026-04-18T10:45:00+00:00,685.91000000,686.64000000,685.71000000,686.51000000,19.43000000
1776510000000,2026-04-18T11:00:00+00:00,686.33000000,686.43000000,685.28000000,686.13000000,53.23000000
1776510900000,2026-04-18T11:15:00+00:00,686.13000000,686.48000000,686.13000000,686.34000000,20.92000000
1776511800000,2026-04-18T11:30:00+00:00,686.53000000,686.55000000,685.04000000,686.27000000,55.90000000
1776512700000,2026-04-18T11:45:00+00:00,686.27000000,686.61000000,686.17000000,686.34000000,26.90000000
1776513600000,2026-04-18T12:00:00+00:00,686.30000000,686.45000000,686.01000000,686.44000000,35.07000000
1776514500000,2026-04-18T12:15:00+00:00,686.46000000,686.83000000,686.32000000,686.36000000,16.41000000
1776515400000,2026-04-18T12:30:00+00:00,686.36000000,686.54000000,686.17000000,686.39000000,17.21000000
1776516300000,2026-04-18T12:45:00+00:00,686.54000000,686.68000000,686.22000000,686.57000000,18.43000000
1776517200000,2026-04-18T13:00:00+00:00,686.57000000,686.57000000,686.32000000,686.44000000,3.11000000
1776518100000,2026-04-18T13:15:00+00:00,686.34000000,687.27000000,686.25000000,686.80000000,16.04000000
1776519000000,2026-04-18T13:30:00+00:00,686.83000000,686.83000000,686.26000000,686.28000000,6.18000000
1776519900000,2026-04-18T13:45:00+00:00,686.27000000,686.32000000,686.25000000,686.30000000,9.02000000
1776520800000,2026-04-18T14:00:00+00:00,686.30000000,686.98000000,686.25000000,686.56000000,18.64000000
1776521700000,2026-04-18T14:15:00+00:00,686.67000000,687.06000000,686.62000000,686.62000000,4.55000000
1776522600000,2026-04-18T14:30:00+00:00,686.62000000,687.10000000,686.48000000,686.48000000,23.83000000
1776523500000,2026-04-18T14:45:00+00:00,686.40000000,686.88000000,686.32000000,686.48000000,19.13000000
1776524400000,2026-04-18T15:00:00+00:00,686.48000000,687.08000000,686.32000000,687.08000000,41.14000000
1776525300000,2026-04-18T15:15:00+00:00,687.04000000,687.31000000,686.80000000,687.23000000,21.69000000
1776526200000,2026-04-18T15:30:00+00:00,687.29000000,687.29000000,686.91000000,686.91000000,13.37000000
1776527100000,2026-04-18T15:45:00+00:00,686.85000000,687.21000000,686.28000000,686.28000000,8.56000000
1776528000000,2026-04-18T16:00:00+00:00,686.41000000,686.41000000,685.95000000,686.31000000,9.81000000
1776528900000,2026-04-18T16:15:00+00:00,686.31000000,686.56000000,685.71000000,686.54000000,10.84000000
1776529800000,2026-04-18T16:30:00+00:00,686.32000000,686.32000000,686.24000000,686.24000000,1.17000000
1776530700000,2026-04-18T16:45:00+00:00,686.24000000,686.66000000,685.90000000,686.21000000,27.87000000
1776531600000,2026-04-18T17:00:00+00:00,686.21000000,686.21000000,686.21000000,686.21000000,0.08000000
1776532500000,2026-04-18T17:15:00+00:00,686.21000000,686.21000000,686.09000000,686.14000000,13.73000000
1776533400000,2026-04-18T17:30:00+00:00,686.22000000,686.49000000,686.16000000,686.20000000,1.15000000
1776534300000,2026-04-18T17:45:00+00:00,686.20000000,686.22000000,686.20000000,686.22000000,0.93000000
1776535200000,2026-04-18T18:00:00+00:00,686.23000000,686.23000000,685.62000000,685.62000000,10.53000000
1776536100000,2026-04-18T18:15:00+00:00,685.92000000,686.40000000,685.79000000,686.13000000,35.85000000
1776537000000,2026-04-18T18:30:00+00:00,686.06000000,686.42000000,686.06000000,686.11000000,5.70000000
1776537900000,2026-04-18T18:45:00+00:00,686.13000000,686.29000000,686.07000000,686.17000000,3.06000000
1776538800000,2026-04-18T19:00:00+00:00,686.17000000,686.38000000,686.11000000,686.25000000,3.72000000
1776539700000,2026-04-18T19:15:00+00:00,686.29000000,686.68000000,686.29000000,686.46000000,5.29000000
1776540600000,2026-04-18T19:30:00+00:00,686.46000000,686.70000000,686.44000000,686.58000000,6.08000000
1776541500000,2026-04-18T19:45:00+00:00,686.58000000,686.87000000,684.80000000,686.65000000,56.23000000
1776542400000,2026-04-18T20:00:00+00:00,686.63000000,686.63000000,685.14000000,685.84000000,53.99000000
1776543300000,2026-04-18T20:15:00+00:00,686.12000000,686.30000000,685.96000000,686.07000000,4.02000000
1776544200000,2026-04-18T20:30:00+00:00,686.14000000,686.40000000,685.99000000,686.31000000,2.42000000
1776545100000,2026-04-18T20:45:00+00:00,686.31000000,686.37000000,686.06000000,686.37000000,0.69000000
1776546000000,2026-04-18T21:00:00+00:00,686.38000000,686.48000000,686.09000000,686.22000000,3.89000000
1776546900000,2026-04-18T21:15:00+00:00,686.22000000,686.82000000,686.08000000,686.79000000,3.58000000
1776547800000,2026-04-18T21:30:00+00:00,686.55000000,687.52000000,684.80000000,686.78000000,6.80000000
1776548700000,2026-04-18T21:45:00+00:00,686.80000000,687.71000000,686.80000000,687.34000000,5.88000000
1776549600000,2026-04-18T22:00:00+00:00,687.34000000,687.34000000,685.94000000,685.98000000,11.34000000
1776550500000,2026-04-18T22:15:00+00:00,685.98000000,686.23000000,685.95000000,685.98000000,4.53000000
1776551400000,2026-04-18T22:30:00+00:00,685.98000000,686.55000000,685.84000000,686.30000000,6.36000000
1776552300000,2026-04-18T22:45:00+00:00,686.29000000,686.63000000,686.14000000,686.63000000,2.47000000
1776553200000,2026-04-18T23:00:00+00:00,686.70000000,686.79000000,686.64000000,686.79000000,3.31000000
1776554100000,2026-04-18T23:15:00+00:00,686.66000000,687.19000000,686.66000000,686.77000000,3.82000000
1776555000000,2026-04-18T23:30:00+00:00,686.71000000,687.25000000,686.59000000,687.08000000,2.91000000
1776555900000,2026-04-18T23:45:00+00:00,686.96000000,686.97000000,686.29000000,686.77000000,9.32000000
1776556800000,2026-04-19T00:00:00+00:00,686.78000000,686.81000000,686.49000000,686.72000000,1.62000000
1776557700000,2026-04-19T00:15:00+00:00,686.72000000,687.51000000,686.22000000,687.38000000,26.51000000
1776558600000,2026-04-19T00:30:00+00:00,687.38000000,687.41000000,687.12000000,687.12000000,4.36000000
1776559500000,2026-04-19T00:45:00+00:00,687.05000000,687.51000000,686.90000000,687.40000000,1.56000000
1776560400000,2026-04-19T01:00:00+00:00,687.52000000,687.86000000,686.72000000,686.72000000,21.58000000
1776561300000,2026-04-19T01:15:00+00:00,686.69000000,686.69000000,686.16000000,686.28000000,0.89000000
1776562200000,2026-04-19T01:30:00+00:00,686.28000000,686.28000000,686.05000000,686.20000000,2.07000000
1776563100000,2026-04-19T01:45:00+00:00,686.05000000,686.15000000,685.57000000,685.88000000,14.68000000
1776564000000,2026-04-19T02:00:00+00:00,685.99000000,686.08000000,685.87000000,685.90000000,2.10000000
1776564900000,2026-04-19T02:15:00+00:00,685.84000000,685.89000000,685.63000000,685.82000000,1.34000000
1776565800000,2026-04-19T02:30:00+00:00,685.77000000,685.95000000,685.77000000,685.92000000,2.93000000
1776566700000,2026-04-19T02:45:00+00:00,685.94000000,685.96000000,685.61000000,685.61000000,5.35000000
1776567600000,2026-04-19T03:00:00+00:00,685.79000000,685.79000000,685.61000000,685.61000000,0.68000000
1776568500000,2026-04-19T03:15:00+00:00,685.61000000,685.67000000,685.57000000,685.57000000,4.90000000
1776569400000,2026-04-19T03:30:00+00:00,685.67000000,686.09000000,685.67000000,686.07000000,1.60000000
1776570300000,2026-04-19T03:45:00+00:00,686.16000000,686.67000000,685.51000000,685.71000000,15.13000000
1776571200000,2026-04-19T04:00:00+00:00,685.72000000,685.91000000,685.28000000,685.89000000,11.57000000
1776572100000,2026-04-19T04:15:00+00:00,685.91000000,686.18000000,685.91000000,685.98000000,6.69000000
1776573000000,2026-04-19T04:30:00+00:00,685.98000000,686.13000000,685.73000000,685.85000000,1.02000000
1776573900000,2026-04-19T04:45:00+00:00,685.89000000,686.32000000,685.81000000,686.32000000,6.51000000
1776574800000,2026-04-19T05:00:00+00:00,686.40000000,686.88000000,686.05000000,686.05000000,14.40000000
1776575700000,2026-04-19T05:15:00+00:00,686.00000000,686.00000000,685.59000000,685.60000000,2.24000000
1776576600000,2026-04-19T05:30:00+00:00,685.59000000,686.17000000,685.59000000,685.99000000,8.37000000
1776577500000,2026-04-19T05:45:00+00:00,685.93000000,685.93000000,685.50000000,685.87000000,5.39000000
1776578400000,2026-04-19T06:00:00+00:00,685.87000000,685.87000000,685.50000000,685.58000000,4.00000000
1776579300000,2026-04-19T06:15:00+00:00,685.58000000,685.71000000,685.57000000,685.71000000,2.26000000
1776580200000,2026-04-19T06:30:00+00:00,685.71000000,685.71000000,683.00000000,683.71000000,318.32000000
1776581100000,2026-04-19T06:45:00+00:00,683.62000000,683.98000000,683.56000000,683.98000000,11.25000000
1776582000000,2026-04-19T07:00:00+00:00,683.82000000,684.62000000,683.69000000,684.61000000,20.57000000
1776582900000,2026-04-19T07:15:00+00:00,684.61000000,685.11000000,682.89000000,684.36000000,32.64000000
1776583800000,2026-04-19T07:30:00+00:00,684.31000000,685.21000000,684.09000000,685.21000000,14.93000000
1776584700000,2026-04-19T07:45:00+00:00,685.21000000,685.22000000,685.00000000,685.09000000,11.65000000
1776585600000,2026-04-19T08:00:00+00:00,685.18000000,685.18000000,683.64000000,683.88000000,14.48000000
1776586500000,2026-04-19T08:15:00+00:00,683.87000000,683.87000000,683.71000000,683.71000000,3.59000000
1776587400000,2026-04-19T08:30:00+00:00,683.76000000,683.86000000,683.76000000,683.86000000,0.28000000
1776588300000,2026-04-19T08:45:00+00:00,683.86000000,683.88000000,683.69000000,683.87000000,1.47000000
1776589200000,2026-04-19T09:00:00+00:00,683.87000000,684.06000000,683.81000000,683.93000000,9.98000000
1776590100000,2026-04-19T09:15:00+00:00,683.96000000,683.96000000,683.56000000,683.69000000,4.55000000
1776591000000,2026-04-19T09:30:00+00:00,683.65000000,684.39000000,683.65000000,684.39000000,5.67000000
1776591900000,2026-04-19T09:45:00+00:00,684.43000000,684.43000000,683.55000000,683.67000000,10.78000000
1776592800000,2026-04-19T10:00:00+00:00,683.67000000,684.24000000,683.50000000,684.24000000,7.55000000
1776593700000,2026-04-19T10:15:00+00:00,684.24000000,684.24000000,684.12000000,684.12000000,0.04000000
1776594600000,2026-04-19T10:30:00+00:00,684.15000000,684.53000000,684.15000000,684.53000000,3.39000000
1776595500000,2026-04-19T10:45:00+00:00,684.57000000,685.13000000,684.57000000,684.89000000,9.30000000
1776596400000,2026-04-19T11:00:00+00:00,684.92000000,684.92000000,684.63000000,684.91000000,2.42000000
1776597300000,2026-04-19T11:15:00+00:00,684.92000000,685.17000000,684.65000000,684.88000000,20.14000000
1776598200000,2026-04-19T11:30:00+00:00,684.95000000,685.22000000,684.94000000,685.22000000,22.19000000
1776599100000,2026-04-19T11:45:00+00:00,685.28000000,686.32000000,685.28000000,686.30000000,9.19000000
1776600000000,2026-04-19T12:00:00+00:00,686.30000000,686.59000000,686.30000000,686.58000000,11.51000000
1776600900000,2026-04-19T12:15:00+00:00,686.58000000,686.87000000,686.58000000,686.87000000,3.80000000
1776601800000,2026-04-19T12:30:00+00:00,686.87000000,687.02000000,686.80000000,686.87000000,4.16000000
1776602700000,2026-04-19T12:45:00+00:00,687.01000000,687.09000000,686.81000000,686.93000000,6.05000000
1776603600000,2026-04-19T13:00:00+00:00,686.93000000,687.07000000,686.42000000,686.79000000,6.64000000
1776604500000,2026-04-19T13:15:00+00:00,686.79000000,687.42000000,686.75000000,687.20000000,5.41000000
1776605400000,2026-04-19T13:30:00+00:00,687.06000000,687.54000000,687.06000000,687.21000000,54.13000000
1776606300000,2026-04-19T13:45:00+00:00,687.39000000,687.46000000,687.23000000,687.46000000,3.37000000
1776607200000,2026-04-19T14:00:00+00:00,687.46000000,687.46000000,687.12000000,687.32000000,2.36000000
1776608100000,2026-04-19T14:15:00+00:00,687.33000000,687.33000000,685.96000000,687.03000000,91.11000000
1776609000000,2026-04-19T14:30:00+00:00,687.18000000,687.18000000,687.01000000,687.02000000,3.29000000
1776609900000,2026-04-19T14:45:00+00:00,687.01000000,687.27000000,686.96000000,686.96000000,3.74000000
1776610800000,2026-04-19T15:00:00+00:00,686.99000000,686.99000000,686.89000000,686.98000000,1.48000000
1776611700000,2026-04-19T15:15:00+00:00,686.93000000,687.00000000,686.89000000,686.97000000,0.70000000
1776612600000,2026-04-19T15:30:00+00:00,687.00000000,687.00000000,686.59000000,686.67000000,16.15000000
1776613500000,2026-04-19T15:45:00+00:00,686.67000000,686.72000000,686.24000000,686.58000000,15.04000000
1776614400000,2026-04-19T16:00:00+00:00,686.58000000,686.83000000,684.50000000,684.95000000,144.05000000
1776615300000,2026-04-19T16:15:00+00:00,685.06000000,685.12000000,685.01000000,685.03000000,6.68000000
1776616200000,2026-04-19T16:30:00+00:00,685.01000000,685.27000000,684.82000000,684.82000000,11.89000000
1776617100000,2026-04-19T16:45:00+00:00,684.82000000,685.04000000,684.77000000,684.77000000,3.82000000
1776618000000,2026-04-19T17:00:00+00:00,684.77000000,684.77000000,683.45000000,683.50000000,38.21000000
1776618900000,2026-04-19T17:15:00+00:00,683.56000000,684.39000000,683.56000000,684.39000000,7.88000000
1776619800000,2026-04-19T17:30:00+00:00,684.40000000,685.40000000,684.40000000,685.36000000,5.69000000
1776620700000,2026-04-19T17:45:00+00:00,685.36000000,685.38000000,684.22000000,684.22000000,6.17000000
1776621600000,2026-04-19T18:00:00+00:00,684.22000000,684.24000000,682.82000000,683.35000000,20.03000000
1776622500000,2026-04-19T18:15:00+00:00,683.35000000,683.64000000,681.35000000,682.19000000,29.99000000
1776623400000,2026-04-19T18:30:00+00:00,682.14000000,682.43000000,680.06000000,681.75000000,168.17000000
1776624300000,2026-04-19T18:45:00+00:00,681.75000000,682.25000000,681.09000000,682.24000000,36.57000000
1776625200000,2026-04-19T19:00:00+00:00,682.19000000,685.52000000,681.95000000,682.65000000,309.42000000
1776626100000,2026-04-19T19:15:00+00:00,682.65000000,682.65000000,682.29000000,682.35000000,8.58000000
1776627000000,2026-04-19T19:30:00+00:00,682.29000000,683.17000000,682.29000000,683.07000000,6.76000000
1776627900000,2026-04-19T19:45:00+00:00,683.07000000,684.24000000,682.86000000,684.04000000,5.35000000
1776628800000,2026-04-19T20:00:00+00:00,683.98000000,685.09000000,681.59000000,683.13000000,55.77000000
1776629700000,2026-04-19T20:15:00+00:00,683.13000000,684.51000000,683.06000000,684.23000000,21.48000000
1776630600000,2026-04-19T20:30:00+00:00,684.23000000,685.42000000,683.98000000,684.53000000,51.07000000
1776631500000,2026-04-19T20:45:00+00:00,684.40000000,684.40000000,680.12000000,683.92000000,67.80000000
1776632400000,2026-04-19T21:00:00+00:00,683.84000000,684.38000000,683.80000000,683.80000000,4.13000000
1776633300000,2026-04-19T21:15:00+00:00,684.28000000,684.81000000,684.14000000,684.72000000,6.40000000
1776634200000,2026-04-19T21:30:00+00:00,684.74000000,685.02000000,683.77000000,683.92000000,5.36000000
1776635100000,2026-04-19T21:45:00+00:00,683.86000000,684.20000000,682.94000000,682.94000000,14.80000000
1776636000000,2026-04-19T22:00:00+00:00,683.23000000,685.84000000,682.56000000,685.21000000,94.87000000
1776636900000,2026-04-19T22:15:00+00:00,685.12000000,685.18000000,684.18000000,684.43000000,17.37000000
1776637800000,2026-04-19T22:30:00+00:00,684.41000000,685.44000000,684.06000000,684.83000000,13.80000000
1776638700000,2026-04-19T22:45:00+00:00,684.83000000,685.57000000,684.80000000,685.17000000,3.66000000
1776639600000,2026-04-19T23:00:00+00:00,685.10000000,685.37000000,684.59000000,685.04000000,11.72000000
1776640500000,2026-04-19T23:15:00+00:00,685.11000000,685.44000000,684.42000000,684.42000000,19.43000000
1776641400000,2026-04-19T23:30:00+00:00,684.65000000,685.56000000,684.63000000,685.19000000,31.76000000
1776642300000,2026-04-19T23:45:00+00:00,685.17000000,685.67000000,684.51000000,685.18000000,27.55000000
1776643200000,2026-04-20T00:00:00+00:00,685.01000000,685.01000000,676.21000000,680.51000000,555.81000000
1776644100000,2026-04-20T00:15:00+00:00,680.66000000,681.76000000,680.25000000,681.45000000,117.75000000
1776645000000,2026-04-20T00:30:00+00:00,681.52000000,683.01000000,681.45000000,681.60000000,59.80000000
1776645900000,2026-04-20T00:45:00+00:00,681.45000000,682.87000000,681.41000000,682.56000000,44.29000000
1776646800000,2026-04-20T01:00:00+00:00,682.57000000,684.81000000,682.56000000,684.25000000,42.73000000
1776647700000,2026-04-20T01:15:00+00:00,684.25000000,684.50000000,683.45000000,684.42000000,21.66000000
1776648600000,2026-04-20T01:30:00+00:00,684.43000000,685.56000000,684.10000000,685.22000000,31.71000000
1776649500000,2026-04-20T01:45:00+00:00,685.14000000,685.43000000,684.55000000,685.13000000,30.53000000
1776650400000,2026-04-20T02:00:00+00:00,685.20000000,685.20000000,684.36000000,684.40000000,12.97000000
1776651300000,2026-04-20T02:15:00+00:00,684.51000000,685.00000000,683.84000000,684.53000000,22.60000000
1776652200000,2026-04-20T02:30:00+00:00,684.48000000,684.85000000,684.16000000,684.49000000,29.57000000
1776653100000,2026-04-20T02:45:00+00:00,684.50000000,684.80000000,683.90000000,684.44000000,16.10000000
1776654000000,2026-04-20T03:00:00+00:00,684.51000000,684.75000000,684.25000000,684.48000000,3.59000000
1776654900000,2026-04-20T03:15:00+00:00,684.47000000,684.69000000,684.10000000,684.59000000,5.67000000
1776655800000,2026-04-20T03:30:00+00:00,684.59000000,684.86000000,684.16000000,684.16000000,7.05000000
1776656700000,2026-04-20T03:45:00+00:00,684.15000000,684.44000000,683.22000000,683.84000000,9.72000000
1776657600000,2026-04-20T04:00:00+00:00,683.84000000,683.84000000,682.49000000,682.85000000,39.20000000
1776658500000,2026-04-20T04:15:00+00:00,682.98000000,683.10000000,682.16000000,682.16000000,36.91000000
1776659400000,2026-04-20T04:30:00+00:00,682.16000000,682.65000000,681.81000000,682.39000000,20.39000000
1776660300000,2026-04-20T04:45:00+00:00,682.41000000,683.03000000,682.41000000,682.81000000,18.00000000
1776661200000,2026-04-20T05:00:00+00:00,682.88000000,683.10000000,682.64000000,682.73000000,18.57000000
1776662100000,2026-04-20T05:15:00+00:00,682.73000000,682.95000000,681.90000000,681.99000000,11.42000000
1776663000000,2026-04-20T05:30:00+00:00,682.03000000,682.19000000,680.71000000,680.71000000,50.57000000
1776663900000,2026-04-20T05:45:00+00:00,680.71000000,682.01000000,680.71000000,681.87000000,20.55000000
1776664800000,2026-04-20T06:00:00+00:00,681.94000000,682.70000000,681.81000000,682.14000000,20.49000000
1776665700000,2026-04-20T06:15:00+00:00,682.03000000,682.03000000,681.28000000,681.52000000,7.90000000
1776666600000,2026-04-20T06:30:00+00:00,681.59000000,681.89000000,680.53000000,681.23000000,131.29000000
1776667500000,2026-04-20T06:45:00+00:00,681.16000000,682.54000000,680.42000000,682.12000000,114.58000000
1776668400000,2026-04-20T07:00:00+00:00,682.38000000,683.36000000,682.27000000,682.65000000,93.58000000
1776669300000,2026-04-20T07:15:00+00:00,682.65000000,683.50000000,682.09000000,682.75000000,64.77000000
1776670200000,2026-04-20T07:30:00+00:00,682.81000000,682.86000000,681.04000000,681.76000000,48.38000000
1776671100000,2026-04-20T07:45:00+00:00,681.70000000,681.70000000,680.61000000,681.50000000,76.19000000
1776672000000,2026-04-20T08:00:00+00:00,681.54000000,682.00000000,679.40000000,679.84000000,70.48000000
1776672900000,2026-04-20T08:15:00+00:00,679.99000000,680.64000000,679.04000000,679.89000000,57.16000000
1776673800000,2026-04-20T08:30:00+00:00,679.82000000,680.66000000,679.42000000,680.20000000,55.08000000
1776674700000,2026-04-20T08:45:00+00:00,680.25000000,681.28000000,680.12000000,681.28000000,4.93000000
1776675600000,2026-04-20T09:00:00+00:00,681.30000000,682.46000000,681.01000000,682.26000000,34.21000000
1776676500000,2026-04-20T09:15:00+00:00,682.35000000,682.79000000,681.57000000,681.57000000,43.10000000
1776677400000,2026-04-20T09:30:00+00:00,681.69000000,682.02000000,681.57000000,681.87000000,13.08000000
1776678300000,2026-04-20T09:45:00+00:00,681.73000000,681.93000000,681.24000000,681.52000000,5.88000000
1776679200000,2026-04-20T10:00:00+00:00,681.61000000,682.44000000,681.24000000,682.30000000,51.42000000
1776680100000,2026-04-20T10:15:00+00:00,682.16000000,682.51000000,681.88000000,682.23000000,19.99000000
1776681000000,2026-04-20T10:30:00+00:00,682.20000000,682.43000000,681.50000000,681.65000000,33.83000000
1776681900000,2026-04-20T10:45:00+00:00,681.50000000,682.24000000,681.30000000,681.69000000,14.07000000
1776682800000,2026-04-20T11:00:00+00:00,681.70000000,682.05000000,681.45000000,681.65000000,41.88000000
1776683700000,2026-04-20T11:15:00+00:00,681.69000000,681.92000000,681.25000000,681.59000000,17.73000000
1776684600000,2026-04-20T11:30:00+00:00,681.59000000,682.87000000,681.34000000,682.20000000,42.64000000
1776685500000,2026-04-20T11:45:00+00:00,682.36000000,682.70000000,682.35000000,682.69000000,5.15000000
1776686400000,2026-04-20T12:00:00+00:00,682.63000000,682.74000000,682.30000000,682.54000000,29.19000000
1776687300000,2026-04-20T12:15:00+00:00,682.50000000,682.60000000,681.94000000,681.94000000,31.42000000
1776688200000,2026-04-20T12:30:00+00:00,682.19000000,683.36000000,681.94000000,683.07000000,68.13000000
1776689100000,2026-04-20T12:45:00+00:00,683.24000000,684.09000000,683.22000000,683.40000000,50.87000000
1776690000000,2026-04-20T13:00:00+00:00,683.35000000,685.16000000,683.28000000,684.79000000,40.21000000
1776690900000,2026-04-20T13:15:00+00:00,684.84000000,685.01000000,681.45000000,681.85000000,144.09000000
1776691800000,2026-04-20T13:30:00+00:00,681.80000000,683.22000000,673.12000000,676.66000000,936.15000000
1776692700000,2026-04-20T13:45:00+00:00,676.79000000,678.36000000,672.28000000,677.80000000,344.72000000
1776693600000,2026-04-20T14:00:00+00:00,677.66000000,677.95000000,675.71000000,676.95000000,439.97000000
1776694500000,2026-04-20T14:15:00+00:00,677.00000000,678.78000000,676.02000000,676.34000000,201.10000000
1776695400000,2026-04-20T14:30:00+00:00,676.41000000,676.83000000,673.12000000,673.75000000,100.01000000
1776696300000,2026-04-20T14:45:00+00:00,674.02000000,674.02000000,669.76000000,670.46000000,293.76000000
1776697200000,2026-04-20T15:00:00+00:00,670.26000000,671.37000000,668.22000000,671.21000000,141.09000000
1776698100000,2026-04-20T15:15:00+00:00,671.15000000,673.88000000,670.70000000,673.61000000,169.68000000
1776699000000,2026-04-20T15:30:00+00:00,673.38000000,674.85000000,672.63000000,673.75000000,122.83000000
1776699900000,2026-04-20T15:45:00+00:00,673.63000000,674.37000000,672.01000000,673.05000000,90.68000000
1776700800000,2026-04-20T16:00:00+00:00,673.12000000,674.07000000,672.36000000,673.62000000,22.27000000
1776701700000,2026-04-20T16:15:00+00:00,673.82000000,673.96000000,672.70000000,672.78000000,28.96000000
1776702600000,2026-04-20T16:30:00+00:00,673.05000000,673.47000000,672.70000000,673.08000000,51.29000000
1776703500000,2026-04-20T16:45:00+00:00,673.04000000,673.04000000,671.44000000,671.99000000,19.21000000
1776704400000,2026-04-20T17:00:00+00:00,672.00000000,673.05000000,671.58000000,673.05000000,40.54000000
1776705300000,2026-04-20T17:15:00+00:00,673.04000000,673.68000000,672.63000000,672.85000000,26.02000000
1776706200000,2026-04-20T17:30:00+00:00,672.85000000,672.98000000,671.82000000,672.56000000,53.64000000
1776707100000,2026-04-20T17:45:00+00:00,672.49000000,673.20000000,671.31000000,671.31000000,17.39000000
1776708000000,2026-04-20T18:00:00+00:00,671.51000000,672.91000000,671.20000000,672.51000000,36.32000000
1776708900000,2026-04-20T18:15:00+00:00,672.70000000,673.44000000,672.64000000,673.02000000,21.10000000
1776709800000,2026-04-20T18:30:00+00:00,672.94000000,673.05000000,671.72000000,671.99000000,10.80000000
1776710700000,2026-04-20T18:45:00+00:00,671.93000000,672.28000000,671.06000000,671.06000000,16.14000000
1776711600000,2026-04-20T19:00:00+00:00,671.06000000,671.20000000,670.00000000,670.72000000,62.53000000
1776712500000,2026-04-20T19:15:00+00:00,670.84000000,671.43000000,670.48000000,670.95000000,11.00000000
1776713400000,2026-04-20T19:30:00+00:00,670.84000000,672.30000000,670.84000000,671.54000000,22.11000000
1776714300000,2026-04-20T19:45:00+00:00,671.53000000,671.71000000,669.69000000,670.81000000,90.50000000
1776715200000,2026-04-20T20:00:00+00:00,670.88000000,671.76000000,670.71000000,671.67000000,32.98000000
1776716100000,2026-04-20T20:15:00+00:00,671.60000000,671.70000000,671.32000000,671.36000000,6.24000000
1776717000000,2026-04-20T20:30:00+00:00,671.38000000,673.26000000,671.38000000,672.53000000,108.30000000
1776717900000,2026-04-20T20:45:00+00:00,672.53000000,672.58000000,670.51000000,670.66000000,145.86000000
1776718800000,2026-04-20T21:00:00+00:00,670.67000000,671.23000000,670.48000000,670.57000000,23.19000000
1776719700000,2026-04-20T21:15:00+00:00,670.57000000,671.28000000,670.57000000,671.20000000,26.30000000
1776720600000,2026-04-20T21:30:00+00:00,671.28000000,671.83000000,671.22000000,671.70000000,10.45000000
1776721500000,2026-04-20T21:45:00+00:00,671.66000000,671.67000000,671.01000000,671.64000000,3.96000000
1776722400000,2026-04-20T22:00:00+00:00,671.65000000,672.55000000,671.65000000,672.20000000,5.35000000
1776723300000,2026-04-20T22:15:00+00:00,672.15000000,672.47000000,672.05000000,672.17000000,7.50000000
1776724200000,2026-04-20T22:30:00+00:00,672.25000000,672.58000000,672.18000000,672.58000000,5.61000000
1776725100000,2026-04-20T22:45:00+00:00,672.59000000,673.02000000,672.42000000,673.01000000,6.59000000
1776726000000,2026-04-20T23:00:00+00:00,672.92000000,673.17000000,672.67000000,672.95000000,12.60000000
1776726900000,2026-04-20T23:15:00+00:00,672.92000000,673.04000000,672.70000000,672.75000000,18.64000000
1776727800000,2026-04-20T23:30:00+00:00,672.70000000,672.76000000,672.40000000,672.60000000,2.00000000
1776728700000,2026-04-20T23:45:00+00:00,672.65000000,672.86000000,672.54000000,672.67000000,3.92000000
1776729600000,2026-04-21T00:00:00+00:00,672.68000000,673.04000000,672.16000000,672.92000000,44.13000000
1776730500000,2026-04-21T00:15:00+00:00,673.01000000,673.25000000,672.56000000,673.03000000,18.61000000
1776731400000,2026-04-21T00:30:00+00:00,673.10000000,673.10000000,672.70000000,672.98000000,4.50000000
1776732300000,2026-04-21T00:45:00+00:00,672.98000000,673.70000000,672.91000000,673.53000000,17.34000000
1776733200000,2026-04-21T01:00:00+00:00,673.54000000,673.69000000,673.40000000,673.55000000,16.44000000
1776734100000,2026-04-21T01:15:00+00:00,673.54000000,673.80000000,673.40000000,673.65000000,2.30000000
1776735000000,2026-04-21T01:30:00+00:00,673.79000000,674.16000000,673.76000000,673.92000000,15.86000000
1776735900000,2026-04-21T01:45:00+00:00,673.95000000,674.07000000,673.58000000,673.58000000,3.72000000
1776736800000,2026-04-21T02:00:00+00:00,673.69000000,673.98000000,673.69000000,673.95000000,1.76000000
1776737700000,2026-04-21T02:15:00+00:00,673.74000000,673.80000000,673.74000000,673.79000000,0.26000000
1776738600000,2026-04-21T02:30:00+00:00,673.77000000,673.91000000,673.35000000,673.52000000,3.01000000
1776739500000,2026-04-21T02:45:00+00:00,673.45000000,673.45000000,672.86000000,673.33000000,21.94000000
1776740400000,2026-04-21T03:00:00+00:00,673.35000000,673.50000000,672.98000000,673.16000000,4.64000000
1776741300000,2026-04-21T03:15:00+00:00,673.16000000,673.16000000,672.50000000,672.86000000,22.80000000
1776742200000,2026-04-21T03:30:00+00:00,672.86000000,673.07000000,672.69000000,672.79000000,18.47000000
1776743100000,2026-04-21T03:45:00+00:00,672.95000000,673.44000000,672.94000000,673.44000000,12.53000000
1776744000000,2026-04-21T04:00:00+00:00,673.41000000,673.61000000,673.21000000,673.46000000,10.99000000
1776744900000,2026-04-21T04:15:00+00:00,673.39000000,674.18000000,673.39000000,673.47000000,7.00000000
1776745800000,2026-04-21T04:30:00+00:00,673.42000000,673.51000000,673.13000000,673.21000000,17.62000000
1776746700000,2026-04-21T04:45:00+00:00,673.19000000,673.30000000,672.82000000,672.86000000,23.71000000
1776747600000,2026-04-21T05:00:00+00:00,672.85000000,673.32000000,672.85000000,673.22000000,2.89000000
1776748500000,2026-04-21T05:15:00+00:00,673.32000000,673.45000000,673.05000000,673.45000000,4.41000000
1776749400000,2026-04-21T05:30:00+00:00,673.46000000,673.46000000,673.23000000,673.23000000,0.76000000
1776750300000,2026-04-21T05:45:00+00:00,673.23000000,673.40000000,672.76000000,673.10000000,1.57000000
1776751200000,2026-04-21T06:00:00+00:00,673.35000000,674.12000000,673.31000000,673.90000000,27.29000000
1776752100000,2026-04-21T06:15:00+00:00,674.15000000,674.16000000,673.77000000,673.78000000,1.62000000
1776753000000,2026-04-21T06:30:00+00:00,673.78000000,674.00000000,673.71000000,673.98000000,10.89000000
1776753900000,2026-04-21T06:45:00+00:00,673.98000000,674.20000000,673.83000000,673.97000000,6.07000000
1776754800000,2026-04-21T07:00:00+00:00,673.95000000,674.00000000,673.31000000,673.31000000,10.81000000
1776755700000,2026-04-21T07:15:00+00:00,673.31000000,673.50000000,673.00000000,673.08000000,16.10000000
1776756600000,2026-04-21T07:30:00+00:00,673.01000000,673.39000000,672.84000000,673.36000000,24.42000000
1776757500000,2026-04-21T07:45:00+00:00,673.38000000,673.50000000,673.01000000,673.13000000,7.08000000
1776758400000,2026-04-21T08:00:00+00:00,673.14000000,677.01000000,672.98000000,673.38000000,112.60000000
1776759300000,2026-04-21T08:15:00+00:00,673.53000000,675.31000000,673.53000000,675.13000000,53.59000000
1776760200000,2026-04-21T08:30:00+00:00,675.28000000,675.84000000,675.14000000,675.56000000,11.39000000
1776761100000,2026-04-21T08:45:00+00:00,675.55000000,675.81000000,675.15000000,675.37000000,16.44000000
1776762000000,2026-04-21T09:00:00+00:00,675.30000000,675.43000000,674.71000000,675.12000000,10.16000000
1776762900000,2026-04-21T09:15:00+00:00,675.18000000,675.42000000,674.81000000,674.81000000,25.50000000
1776763800000,2026-04-21T09:30:00+00:00,674.81000000,675.99000000,674.81000000,675.89000000,5.84000000
1776764700000,2026-04-21T09:45:00+00:00,675.99000000,676.29000000,675.40000000,675.43000000,44.48000000
1776765600000,2026-04-21T10:00:00+00:00,675.64000000,675.95000000,675.62000000,675.75000000,2.93000000
1776766500000,2026-04-21T10:15:00+00:00,675.71000000,675.71000000,675.41000000,675.55000000,10.61000000
1776767400000,2026-04-21T10:30:00+00:00,675.60000000,675.96000000,675.33000000,675.94000000,4.05000000
1776768300000,2026-04-21T10:45:00+00:00,675.92000000,676.92000000,675.92000000,676.20000000,13.72000000
1776769200000,2026-04-21T11:00:00+00:00,676.14000000,676.30000000,674.83000000,675.07000000,95.08000000
1776770100000,2026-04-21T11:15:00+00:00,675.05000000,675.30000000,674.58000000,675.01000000,46.30000000
1776771000000,2026-04-21T11:30:00+00:00,675.00000000,675.78000000,674.92000000,675.30000000,24.52000000
1776771900000,2026-04-21T11:45:00+00:00,675.35000000,675.60000000,675.29000000,675.41000000,12.92000000
1776772800000,2026-04-21T12:00:00+00:00,675.30000000,675.75000000,675.01000000,675.15000000,59.53000000
1776773700000,2026-04-21T12:15:00+00:00,675.02000000,675.35000000,674.50000000,674.50000000,34.90000000
1776774600000,2026-04-21T12:30:00+00:00,674.70000000,675.48000000,674.15000000,674.17000000,32.80000000
1776775500000,2026-04-21T12:45:00+00:00,674.32000000,674.54000000,674.15000000,674.20000000,7.89000000
1776776400000,2026-04-21T13:00:00+00:00,674.29000000,675.00000000,673.88000000,674.60000000,18.36000000
1776777300000,2026-04-21T13:15:00+00:00,674.61000000,675.37000000,671.61000000,671.81000000,138.56000000
1776778200000,2026-04-21T13:30:00+00:00,671.58000000,674.83000000,668.30000000,674.31000000,590.76000000
1776779100000,2026-04-21T13:45:00+00:00,674.37000000,675.01000000,672.89000000,674.66000000,174.90000000
1776780000000,2026-04-21T14:00:00+00:00,674.73000000,675.91000000,672.80000000,674.85000000,81.95000000
1776780900000,2026-04-21T14:15:00+00:00,674.94000000,675.79000000,674.10000000,674.88000000,31.12000000
1776781800000,2026-04-21T14:30:00+00:00,674.94000000,675.50000000,673.89000000,673.89000000,41.41000000
1776782700000,2026-04-21T14:45:00+00:00,673.97000000,674.26000000,672.12000000,672.29000000,79.71000000
1776783600000,2026-04-21T15:00:00+00:00,672.29000000,672.93000000,670.05000000,672.63000000,138.12000000
1776784500000,2026-04-21T15:15:00+00:00,672.56000000,673.47000000,671.70000000,672.21000000,179.69000000
1776785400000,2026-04-21T15:30:00+00:00,672.28000000,672.90000000,671.30000000,672.55000000,52.94000000
1776786300000,2026-04-21T15:45:00+00:00,672.55000000,672.55000000,670.75000000,671.58000000,46.80000000
1776787200000,2026-04-21T16:00:00+00:00,671.45000000,672.14000000,670.88000000,671.04000000,75.02000000
1776788100000,2026-04-21T16:15:00+00:00,671.15000000,672.42000000,670.33000000,670.81000000,45.39000000
1776789000000,2026-04-21T16:30:00+00:00,670.88000000,672.39000000,670.82000000,671.31000000,26.15000000
1776789900000,2026-04-21T16:45:00+00:00,671.30000000,672.14000000,670.32000000,670.38000000,58.62000000
1776790800000,2026-04-21T17:00:00+00:00,670.52000000,671.90000000,669.42000000,669.76000000,100.92000000
1776791700000,2026-04-21T17:15:00+00:00,669.77000000,670.04000000,668.72000000,669.27000000,84.94000000
1776792600000,2026-04-21T17:30:00+00:00,669.33000000,674.17000000,669.33000000,674.17000000,118.02000000
1776793500000,2026-04-21T17:45:00+00:00,674.18000000,674.18000000,672.52000000,672.67000000,57.71000000
1776794400000,2026-04-21T18:00:00+00:00,672.84000000,673.81000000,672.79000000,673.29000000,27.69000000
1776795300000,2026-04-21T18:15:00+00:00,673.33000000,673.61000000,670.84000000,671.08000000,117.49000000
1776796200000,2026-04-21T18:30:00+00:00,671.09000000,671.90000000,671.09000000,671.39000000,21.02000000
1776797100000,2026-04-21T18:45:00+00:00,671.44000000,673.30000000,670.69000000,672.83000000,51.16000000
1776798000000,2026-04-21T19:00:00+00:00,672.84000000,673.75000000,672.43000000,672.97000000,56.32000000
1776798900000,2026-04-21T19:15:00+00:00,672.98000000,674.31000000,672.42000000,674.22000000,31.12000000
1776799800000,2026-04-21T19:30:00+00:00,674.13000000,674.64000000,667.67000000,668.42000000,168.27000000
1776800700000,2026-04-21T19:45:00+00:00,668.33000000,670.24000000,668.22000000,668.92000000,133.46000000
1776801600000,2026-04-21T20:00:00+00:00,669.06000000,674.80000000,668.52000000,672.65000000,254.37000000
1776802500000,2026-04-21T20:15:00+00:00,672.85000000,672.95000000,671.51000000,671.94000000,78.31000000
1776803400000,2026-04-21T20:30:00+00:00,671.89000000,672.19000000,671.34000000,671.49000000,19.55000000
1776804300000,2026-04-21T20:45:00+00:00,671.44000000,671.93000000,671.28000000,671.56000000,6.83000000
1776805200000,2026-04-21T21:00:00+00:00,671.52000000,671.81000000,671.48000000,671.58000000,3.06000000
1776806100000,2026-04-21T21:15:00+00:00,671.63000000,671.72000000,671.58000000,671.62000000,6.45000000
1776807000000,2026-04-21T21:30:00+00:00,671.74000000,672.22000000,671.61000000,672.07000000,6.67000000
1776807900000,2026-04-21T21:45:00+00:00,672.08000000,672.70000000,672.08000000,672.47000000,15.15000000
1776808800000,2026-04-21T22:00:00+00:00,672.42000000,672.78000000,672.22000000,672.46000000,7.02000000
1776809700000,2026-04-21T22:15:00+00:00,672.56000000,672.56000000,672.26000000,672.39000000,2.70000000
1776810600000,2026-04-21T22:30:00+00:00,672.38000000,672.41000000,672.04000000,672.20000000,7.94000000
1776811500000,2026-04-21T22:45:00+00:00,672.13000000,672.59000000,672.13000000,672.44000000,9.48000000
1776812400000,2026-04-21T23:00:00+00:00,672.38000000,672.64000000,672.29000000,672.64000000,0.41000000
1776813300000,2026-04-21T23:15:00+00:00,672.69000000,672.90000000,672.50000000,672.50000000,1.38000000
1776814200000,2026-04-21T23:30:00+00:00,672.57000000,672.66000000,672.47000000,672.55000000,2.82000000
1776815100000,2026-04-21T23:45:00+00:00,672.64000000,672.96000000,672.64000000,672.87000000,5.37000000
1776816000000,2026-04-22T00:00:00+00:00,672.88000000,674.58000000,672.30000000,674.22000000,65.79000000
1776816900000,2026-04-22T00:15:00+00:00,674.15000000,674.32000000,673.82000000,674.10000000,23.03000000
1776817800000,2026-04-22T00:30:00+00:00,674.28000000,674.70000000,674.28000000,674.35000000,25.71000000
1776818700000,2026-04-22T00:45:00+00:00,674.46000000,674.46000000,674.09000000,674.11000000,27.93000000
1776819600000,2026-04-22T01:00:00+00:00,674.10000000,674.36000000,674.01000000,674.24000000,3.44000000
1776820500000,2026-04-22T01:15:00+00:00,674.23000000,674.40000000,673.81000000,674.27000000,29.61000000
1776821400000,2026-04-22T01:30:00+00:00,674.29000000,674.95000000,674.17000000,674.58000000,8.93000000
1776822300000,2026-04-22T01:45:00+00:00,674.63000000,674.75000000,674.47000000,674.56000000,3.48000000
1776823200000,2026-04-22T02:00:00+00:00,674.75000000,675.37000000,674.59000000,675.09000000,8.38000000
1776824100000,2026-04-22T02:15:00+00:00,675.21000000,675.50000000,675.00000000,675.34000000,42.23000000
1776825000000,2026-04-22T02:30:00+00:00,675.23000000,675.25000000,674.88000000,675.05000000,7.32000000
1776825900000,2026-04-22T02:45:00+00:00,675.12000000,675.24000000,674.91000000,675.11000000,19.93000000
1776826800000,2026-04-22T03:00:00+00:00,675.11000000,675.40000000,675.11000000,675.17000000,30.18000000
1776827700000,2026-04-22T03:15:00+00:00,675.17000000,675.22000000,674.79000000,675.22000000,2.79000000
1776828600000,2026-04-22T03:30:00+00:00,675.22000000,675.35000000,674.81000000,674.92000000,11.06000000
1776829500000,2026-04-22T03:45:00+00:00,674.94000000,675.20000000,674.68000000,674.96000000,5.42000000
1776830400000,2026-04-22T04:00:00+00:00,674.92000000,675.12000000,674.89000000,674.95000000,4.25000000
1776831300000,2026-04-22T04:15:00+00:00,674.98000000,674.98000000,674.60000000,674.60000000,8.66000000
1776832200000,2026-04-22T04:30:00+00:00,674.59000000,674.79000000,674.58000000,674.74000000,0.58000000
1776833100000,2026-04-22T04:45:00+00:00,674.62000000,674.75000000,674.10000000,674.36000000,6.79000000
1776834000000,2026-04-22T05:00:00+00:00,674.36000000,674.46000000,674.16000000,674.29000000,29.14000000
1776834900000,2026-04-22T05:15:00+00:00,674.30000000,675.47000000,674.21000000,675.47000000,29.16000000
1776835800000,2026-04-22T05:30:00+00:00,675.33000000,675.81000000,675.22000000,675.76000000,21.10000000
1776836700000,2026-04-22T05:45:00+00:00,675.75000000,676.13000000,675.50000000,675.65000000,9.19000000
1776837600000,2026-04-22T06:00:00+00:00,675.61000000,675.66000000,675.17000000,675.21000000,17.24000000
1776838500000,2026-04-22T06:15:00+00:00,675.21000000,675.60000000,675.21000000,675.57000000,7.16000000
1776839400000,2026-04-22T06:30:00+00:00,675.64000000,676.75000000,675.56000000,676.63000000,7.44000000
1776840300000,2026-04-22T06:45:00+00:00,676.73000000,676.84000000,676.56000000,676.69000000,8.43000000
1776841200000,2026-04-22T07:00:00+00:00,676.99000000,677.20000000,676.71000000,676.87000000,7.03000000
1776842100000,2026-04-22T07:15:00+00:00,677.10000000,677.15000000,676.17000000,676.76000000,14.66000000
1776843000000,2026-04-22T07:30:00+00:00,676.81000000,676.92000000,676.38000000,676.70000000,16.09000000
1776843900000,2026-04-22T07:45:00+00:00,676.73000000,676.80000000,676.35000000,676.35000000,6.28000000
1776844800000,2026-04-22T08:00:00+00:00,676.34000000,677.17000000,675.03000000,676.66000000,86.77000000
1776845700000,2026-04-22T08:15:00+00:00,676.63000000,676.79000000,675.18000000,675.24000000,65.01000000
1776846600000,2026-04-22T08:30:00+00:00,675.19000000,675.31000000,674.77000000,675.24000000,31.03000000
1776847500000,2026-04-22T08:45:00+00:00,675.23000000,675.64000000,674.74000000,675.45000000,19.28000000
1776848400000,2026-04-22T09:00:00+00:00,675.45000000,675.97000000,674.81000000,675.32000000,26.96000000
1776849300000,2026-04-22T09:15:00+00:00,675.32000000,675.82000000,675.32000000,675.81000000,12.27000000
1776850200000,2026-04-22T09:30:00+00:00,675.80000000,675.80000000,675.18000000,675.54000000,3.01000000
1776851100000,2026-04-22T09:45:00+00:00,675.60000000,675.90000000,675.13000000,675.53000000,9.35000000
1776852000000,2026-04-22T10:00:00+00:00,675.59000000,675.68000000,675.23000000,675.29000000,6.32000000
1776852900000,2026-04-22T10:15:00+00:00,675.22000000,675.38000000,675.06000000,675.14000000,10.72000000
1776853800000,2026-04-22T10:30:00+00:00,675.18000000,675.48000000,674.90000000,674.90000000,3.40000000
1776854700000,2026-04-22T10:45:00+00:00,674.86000000,675.25000000,674.66000000,675.11000000,2.29000000
1776855600000,2026-04-22T11:00:00+00:00,675.10000000,675.24000000,674.00000000,674.06000000,5.07000000
1776856500000,2026-04-22T11:15:00+00:00,674.17000000,674.35000000,674.07000000,674.25000000,0.95000000
1776857400000,2026-04-22T11:30:00+00:00,674.29000000,674.79000000,673.99000000,674.30000000,21.57000000
1776858300000,2026-04-22T11:45:00+00:00,674.30000000,674.75000000,674.25000000,674.34000000,11.68000000
1776859200000,2026-04-22T12:00:00+00:00,674.40000000,675.75000000,674.37000000,675.70000000,43.37000000
1776860100000,2026-04-22T12:15:00+00:00,675.77000000,675.97000000,675.10000000,675.17000000,15.94000000
1776861000000,2026-04-22T12:30:00+00:00,675.10000000,675.54000000,674.80000000,675.50000000,24.09000000
1776861900000,2026-04-22T12:45:00+00:00,675.55000000,675.95000000,674.50000000,674.56000000,23.48000000
1776862800000,2026-04-22T13:00:00+00:00,674.56000000,675.10000000,674.03000000,674.58000000,18.97000000
1776863700000,2026-04-22T13:15:00+00:00,674.58000000,676.69000000,674.11000000,674.80000000,125.39000000
1776864600000,2026-04-22T13:30:00+00:00,674.76000000,675.66000000,670.02000000,673.64000000,408.12000000
1776865500000,2026-04-22T13:45:00+00:00,673.38000000,674.46000000,672.21000000,672.95000000,77.86000000
1776866400000,2026-04-22T14:00:00+00:00,672.94000000,674.83000000,672.26000000,673.96000000,68.77000000
1776867300000,2026-04-22T14:15:00+00:00,674.06000000,676.19000000,673.74000000,676.16000000,69.09000000
1776868200000,2026-04-22T14:30:00+00:00,676.16000000,676.46000000,674.10000000,674.73000000,98.80000000
1776869100000,2026-04-22T14:45:00+00:00,674.69000000,675.02000000,673.49000000,674.66000000,69.96000000
1776870000000,2026-04-22T15:00:00+00:00,674.61000000,675.48000000,673.89000000,675.12000000,34.83000000
1776870900000,2026-04-22T15:15:00+00:00,675.10000000,676.39000000,675.10000000,675.49000000,25.19000000
1776871800000,2026-04-22T15:30:00+00:00,675.52000000,675.98000000,674.86000000,675.07000000,69.54000000
1776872700000,2026-04-22T15:45:00+00:00,674.88000000,675.78000000,674.81000000,675.23000000,69.18000000
1776873600000,2026-04-22T16:00:00+00:00,675.23000000,675.78000000,675.01000000,675.58000000,32.55000000
1776874500000,2026-04-22T16:15:00+00:00,675.68000000,675.76000000,674.24000000,674.24000000,3.24000000
1776875400000,2026-04-22T16:30:00+00:00,674.18000000,675.14000000,673.82000000,674.71000000,35.76000000
1776876300000,2026-04-22T16:45:00+00:00,674.75000000,675.35000000,674.66000000,674.94000000,19.19000000
1776877200000,2026-04-22T17:00:00+00:00,674.96000000,676.80000000,674.96000000,675.57000000,31.47000000
1776878100000,2026-04-22T17:15:00+00:00,675.50000000,676.06000000,675.01000000,675.23000000,33.82000000
1776879000000,2026-04-22T17:30:00+00:00,675.43000000,677.73000000,675.23000000,677.73000000,34.72000000
1776879900000,2026-04-22T17:45:00+00:00,677.54000000,678.11000000,676.62000000,676.81000000,78.54000000
1776880800000,2026-04-22T18:00:00+00:00,676.69000000,677.67000000,676.69000000,677.60000000,11.58000000
1776881700000,2026-04-22T18:15:00+00:00,677.67000000,677.89000000,675.93000000,676.08000000,16.12000000
1776882600000,2026-04-22T18:30:00+00:00,676.14000000,676.96000000,675.59000000,676.90000000,21.67000000
1776883500000,2026-04-22T18:45:00+00:00,676.86000000,677.17000000,676.20000000,676.20000000,7.06000000
1776884400000,2026-04-22T19:00:00+00:00,676.14000000,676.77000000,675.24000000,675.53000000,62.70000000
1776885300000,2026-04-22T19:15:00+00:00,675.45000000,675.99000000,675.34000000,675.99000000,2.03000000
1776886200000,2026-04-22T19:30:00+00:00,676.06000000,677.45000000,676.06000000,677.25000000,22.63000000
1776887100000,2026-04-22T19:45:00+00:00,677.32000000,678.57000000,674.88000000,674.94000000,103.37000000
1776888000000,2026-04-22T20:00:00+00:00,674.93000000,674.94000000,673.38000000,673.70000000,22.55000000
1776888900000,2026-04-22T20:15:00+00:00,673.57000000,673.59000000,672.30000000,673.17000000,33.99000000
1776889800000,2026-04-22T20:30:00+00:00,673.17000000,673.47000000,672.90000000,673.47000000,12.30000000
1776890700000,2026-04-22T20:45:00+00:00,673.40000000,673.55000000,673.08000000,673.21000000,5.38000000
1776891600000,2026-04-22T21:00:00+00:00,673.25000000,673.50000000,673.17000000,673.32000000,0.88000000
1776892500000,2026-04-22T21:15:00+00:00,673.39000000,673.48000000,673.09000000,673.20000000,3.99000000
1776893400000,2026-04-22T21:30:00+00:00,673.20000000,673.39000000,673.13000000,673.16000000,9.13000000
1776894300000,2026-04-22T21:45:00+00:00,673.15000000,673.16000000,672.79000000,673.00000000,6.74000000
1776895200000,2026-04-22T22:00:00+00:00,673.02000000,673.33000000,672.81000000,673.25000000,60.66000000
1776896100000,2026-04-22T22:15:00+00:00,673.12000000,673.31000000,672.96000000,673.15000000,37.85000000
1776897000000,2026-04-22T22:30:00+00:00,673.16000000,673.16000000,672.70000000,672.85000000,7.01000000
1776897900000,2026-04-22T22:45:00+00:00,672.96000000,672.96000000,672.25000000,672.61000000,15.98000000
1776898800000,2026-04-22T23:00:00+00:00,672.66000000,672.66000000,672.28000000,672.60000000,3.22000000
1776899700000,2026-04-22T23:15:00+00:00,672.50000000,672.62000000,672.40000000,672.59000000,3.18000000
1776900600000,2026-04-22T23:30:00+00:00,672.59000000,673.19000000,672.59000000,672.97000000,2.50000000
1776901500000,2026-04-22T23:45:00+00:00,672.97000000,673.33000000,672.90000000,673.00000000,18.38000000
1776902400000,2026-04-23T00:00:00+00:00,673.00000000,674.15000000,670.65000000,670.73000000,120.81000000
1776903300000,2026-04-23T00:15:00+00:00,670.74000000,672.28000000,667.74000000,672.23000000,165.72000000
1776904200000,2026-04-23T00:30:00+00:00,672.23000000,672.95000000,672.23000000,672.87000000,48.68000000
1776905100000,2026-04-23T00:45:00+00:00,672.61000000,672.85000000,672.23000000,672.23000000,21.62000000
1776906000000,2026-04-23T01:00:00+00:00,672.33000000,672.64000000,672.24000000,672.51000000,7.61000000
1776906900000,2026-04-23T01:15:00+00:00,672.50000000,672.50000000,671.40000000,671.50000000,28.97000000
1776907800000,2026-04-23T01:30:00+00:00,671.46000000,671.50000000,671.16000000,671.36000000,2.55000000
1776908700000,2026-04-23T01:45:00+00:00,671.35000000,671.42000000,670.91000000,671.12000000,31.02000000
1776909600000,2026-04-23T02:00:00+00:00,671.09000000,671.25000000,670.40000000,670.40000000,18.26000000
1776910500000,2026-04-23T02:15:00+00:00,670.35000000,670.55000000,669.98000000,670.20000000,34.38000000
1776911400000,2026-04-23T02:30:00+00:00,670.12000000,670.55000000,669.71000000,670.22000000,41.32000000
1776912300000,2026-04-23T02:45:00+00:00,670.29000000,670.70000000,669.96000000,670.22000000,13.63000000
1776913200000,2026-04-23T03:00:00+00:00,670.31000000,670.37000000,669.37000000,669.38000000,33.85000000
1776914100000,2026-04-23T03:15:00+00:00,669.36000000,669.36000000,667.74000000,668.15000000,61.68000000
1776915000000,2026-04-23T03:30:00+00:00,667.99000000,668.14000000,666.88000000,667.02000000,38.78000000
1776915900000,2026-04-23T03:45:00+00:00,667.20000000,668.71000000,667.20000000,668.44000000,20.80000000
1776916800000,2026-04-23T04:00:00+00:00,668.45000000,668.94000000,668.28000000,668.90000000,40.58000000
1776917700000,2026-04-23T04:15:00+00:00,668.95000000,669.60000000,668.94000000,669.17000000,12.78000000
1776918600000,2026-04-23T04:30:00+00:00,669.28000000,670.00000000,669.28000000,669.79000000,13.94000000
1776919500000,2026-04-23T04:45:00+00:00,669.67000000,670.20000000,669.31000000,670.09000000,7.98000000
1776920400000,2026-04-23T05:00:00+00:00,670.10000000,670.63000000,668.71000000,670.63000000,185.04000000
1776921300000,2026-04-23T05:15:00+00:00,670.63000000,670.63000000,670.13000000,670.63000000,13.58000000
1776922200000,2026-04-23T05:30:00+00:00,670.45000000,670.64000000,670.00000000,670.20000000,16.45000000
1776923100000,2026-04-23T05:45:00+00:00,670.20000000,670.97000000,670.20000000,670.71000000,6.58000000
1776924000000,2026-04-23T06:00:00+00:00,670.66000000,671.25000000,670.58000000,671.19000000,29.77000000
1776924900000,2026-04-23T06:15:00+00:00,671.10000000,671.49000000,671.04000000,671.49000000,13.94000000
1776925800000,2026-04-23T06:30:00+00:00,671.49000000,671.65000000,671.15000000,671.37000000,20.49000000
1776926700000,2026-04-23T06:45:00+00:00,671.37000000,671.50000000,671.11000000,671.14000000,7.44000000
1776927600000,2026-04-23T07:00:00+00:00,671.26000000,671.59000000,670.75000000,671.48000000,4.45000000
1776928500000,2026-04-23T07:15:00+00:00,671.33000000,671.36000000,671.05000000,671.10000000,4.36000000
1776929400000,2026-04-23T07:30:00+00:00,671.05000000,671.19000000,670.73000000,671.13000000,5.75000000
1776930300000,2026-04-23T07:45:00+00:00,671.20000000,671.52000000,670.90000000,671.46000000,15.62000000
1776931200000,2026-04-23T08:00:00+00:00,671.44000000,671.72000000,670.27000000,670.93000000,34.81000000
1776932100000,2026-04-23T08:15:00+00:00,670.81000000,671.32000000,670.25000000,671.05000000,44.05000000
1776933000000,2026-04-23T08:30:00+00:00,671.04000000,671.04000000,669.50000000,669.62000000,46.12000000
1776933900000,2026-04-23T08:45:00+00:00,669.80000000,669.89000000,669.48000000,669.60000000,3.22000000
1776934800000,2026-04-23T09:00:00+00:00,669.49000000,669.49000000,668.79000000,668.88000000,26.07000000
1776935700000,2026-04-23T09:15:00+00:00,668.97000000,669.84000000,668.78000000,669.58000000,19.51000000
1776936600000,2026-04-23T09:30:00+00:00,669.50000000,670.05000000,669.39000000,669.54000000,26.93000000
1776937500000,2026-04-23T09:45:00+00:00,669.69000000,669.84000000,669.11000000,669.33000000,17.07000000
1776938400000,2026-04-23T10:00:00+00:00,669.23000000,669.47000000,668.77000000,668.79000000,30.90000000
1776939300000,2026-04-23T10:15:00+00:00,668.88000000,669.77000000,668.88000000,669.61000000,9.22000000
1776940200000,2026-04-23T10:30:00+00:00,669.72000000,669.72000000,657.63000000,661.71000000,422.75000000
1776941100000,2026-04-23T10:45:00+00:00,661.72000000,666.00000000,661.72000000,665.79000000,39.57000000
1776942000000,2026-04-23T11:00:00+00:00,665.90000000,666.18000000,659.97000000,663.69000000,248.50000000
1776942900000,2026-04-23T11:15:00+00:00,663.69000000,664.76000000,663.50000000,664.32000000,42.83000000
1776943800000,2026-04-23T11:30:00+00:00,664.38000000,665.01000000,663.60000000,664.69000000,30.52000000
1776944700000,2026-04-23T11:45:00+00:00,664.56000000,666.84000000,662.80000000,663.05000000,55.22000000
1776945600000,2026-04-23T12:00:00+00:00,662.84000000,669.45000000,662.61000000,669.45000000,90.26000000
1776946500000,2026-04-23T12:15:00+00:00,669.52000000,669.72000000,666.55000000,666.65000000,80.83000000
1776947400000,2026-04-23T12:30:00+00:00,666.89000000,667.63000000,666.67000000,666.89000000,39.37000000
1776948300000,2026-04-23T12:45:00+00:00,667.16000000,667.16000000,664.44000000,664.52000000,33.06000000
1776949200000,2026-04-23T13:00:00+00:00,664.44000000,664.75000000,662.76000000,662.97000000,61.93000000
1776950100000,2026-04-23T13:15:00+00:00,663.00000000,663.74000000,661.31000000,663.74000000,136.15000000
1776951000000,2026-04-23T13:30:00+00:00,663.74000000,666.02000000,660.28000000,664.96000000,372.81000000
1776951900000,2026-04-23T13:45:00+00:00,664.92000000,665.72000000,660.54000000,661.11000000,241.61000000
1776952800000,2026-04-23T14:00:00+00:00,661.01000000,663.44000000,658.62000000,662.94000000,156.32000000
1776953700000,2026-04-23T14:15:00+00:00,662.94000000,664.58000000,662.87000000,664.11000000,58.65000000
1776954600000,2026-04-23T14:30:00+00:00,664.29000000,665.10000000,663.30000000,663.77000000,22.62000000
1776955500000,2026-04-23T14:45:00+00:00,664.02000000,666.36000000,663.40000000,666.06000000,126.38000000
1776956400000,2026-04-23T15:00:00+00:00,666.06000000,667.62000000,665.95000000,667.29000000,64.12000000
1776957300000,2026-04-23T15:15:00+00:00,667.26000000,670.19000000,667.18000000,668.62000000,56.97000000
1776958200000,2026-04-23T15:30:00+00:00,668.51000000,669.26000000,667.61000000,668.59000000,21.95000000
1776959100000,2026-04-23T15:45:00+00:00,668.30000000,668.30000000,665.92000000,666.31000000,50.55000000
1776960000000,2026-04-23T16:00:00+00:00,666.50000000,666.79000000,665.20000000,666.14000000,44.01000000
1776960900000,2026-04-23T16:15:00+00:00,666.12000000,666.40000000,665.01000000,665.41000000,40.03000000
1776961800000,2026-04-23T16:30:00+00:00,665.57000000,666.38000000,665.57000000,665.67000000,13.49000000
1776962700000,2026-04-23T16:45:00+00:00,665.83000000,666.40000000,665.37000000,665.69000000,23.29000000
1776963600000,2026-04-23T17:00:00+00:00,665.57000000,665.96000000,662.32000000,662.64000000,68.67000000
1776964500000,2026-04-23T17:15:00+00:00,662.73000000,662.73000000,658.32000000,658.72000000,69.90000000
1776965400000,2026-04-23T17:30:00+00:00,658.72000000,666.52000000,654.93000000,655.55000000,749.28000000
1776966300000,2026-04-23T17:45:00+00:00,655.74000000,658.74000000,653.88000000,658.56000000,364.31000000
1776967200000,2026-04-23T18:00:00+00:00,658.61000000,660.95000000,657.72000000,659.28000000,198.65000000
1776968100000,2026-04-23T18:15:00+00:00,659.29000000,659.64000000,658.15000000,658.95000000,30.82000000
1776969000000,2026-04-23T18:30:00+00:00,658.71000000,660.05000000,658.62000000,658.98000000,20.86000000
1776969900000,2026-04-23T18:45:00+00:00,658.84000000,659.40000000,657.64000000,657.83000000,39.59000000
1776970800000,2026-04-23T19:00:00+00:00,657.87000000,658.52000000,657.61000000,658.39000000,16.35000000
1776971700000,2026-04-23T19:15:00+00:00,658.40000000,660.08000000,658.40000000,660.08000000,32.37000000
1776972600000,2026-04-23T19:30:00+00:00,660.06000000,660.70000000,659.22000000,659.56000000,44.18000000
1776973500000,2026-04-23T19:45:00+00:00,659.61000000,660.25000000,658.66000000,659.80000000,139.59000000
1776974400000,2026-04-23T20:00:00+00:00,659.69000000,660.12000000,657.31000000,657.36000000,64.76000000
1776975300000,2026-04-23T20:15:00+00:00,657.49000000,657.50000000,656.05000000,657.50000000,19.46000000
1776976200000,2026-04-23T20:30:00+00:00,657.50000000,658.00000000,657.24000000,657.24000000,30.27000000
1776977100000,2026-04-23T20:45:00+00:00,657.35000000,657.64000000,656.81000000,656.81000000,32.80000000
1776978000000,2026-04-23T21:00:00+00:00,656.96000000,657.30000000,656.83000000,656.93000000,9.23000000
1776978900000,2026-04-23T21:15:00+00:00,656.85000000,657.86000000,656.56000000,657.65000000,34.96000000
1776979800000,2026-04-23T21:30:00+00:00,657.74000000,658.67000000,657.59000000,658.67000000,11.13000000
1776980700000,2026-04-23T21:45:00+00:00,658.68000000,659.56000000,658.68000000,659.14000000,20.00000000
1776981600000,2026-04-23T22:00:00+00:00,659.12000000,659.85000000,659.01000000,659.71000000,19.85000000
1776982500000,2026-04-23T22:15:00+00:00,659.70000000,660.00000000,659.45000000,660.00000000,18.37000000
1776983400000,2026-04-23T22:30:00+00:00,659.97000000,660.59000000,659.41000000,659.63000000,33.67000000
1776984300000,2026-04-23T22:45:00+00:00,659.63000000,660.39000000,659.63000000,659.78000000,21.21000000
1776985200000,2026-04-23T23:00:00+00:00,659.78000000,660.02000000,659.66000000,659.97000000,15.81000000
1776986100000,2026-04-23T23:15:00+00:00,659.89000000,659.91000000,659.41000000,659.79000000,6.35000000
1776987000000,2026-04-23T23:30:00+00:00,659.88000000,660.50000000,659.81000000,660.50000000,10.73000000
1776987900000,2026-04-23T23:45:00+00:00,660.47000000,660.85000000,660.00000000,660.58000000,26.94000000
1776988800000,2026-04-24T00:00:00+00:00,660.71000000,662.65000000,659.35000000,662.65000000,74.73000000
1776989700000,2026-04-24T00:15:00+00:00,662.70000000,663.73000000,662.31000000,663.19000000,21.61000000
1776990600000,2026-04-24T00:30:00+00:00,663.36000000,663.50000000,663.12000000,663.47000000,7.81000000
1776991500000,2026-04-24T00:45:00+00:00,663.45000000,663.69000000,662.71000000,663.18000000,26.00000000
1776992400000,2026-04-24T01:00:00+00:00,663.23000000,663.41000000,662.76000000,663.15000000,15.73000000
1776993300000,2026-04-24T01:15:00+00:00,663.03000000,663.36000000,662.95000000,663.36000000,14.63000000
1776994200000,2026-04-24T01:30:00+00:00,663.25000000,663.25000000,662.26000000,662.74000000,5.74000000
1776995100000,2026-04-24T01:45:00+00:00,662.79000000,663.06000000,662.50000000,662.67000000,2.85000000
1776996000000,2026-04-24T02:00:00+00:00,662.81000000,662.81000000,661.95000000,662.09000000,10.85000000
1776996900000,2026-04-24T02:15:00+00:00,662.21000000,662.48000000,661.73000000,661.73000000,12.90000000
1776997800000,2026-04-24T02:30:00+00:00,661.72000000,661.89000000,660.72000000,661.34000000,14.31000000
1776998700000,2026-04-24T02:45:00+00:00,661.34000000,661.35000000,660.66000000,660.73000000,2.05000000
1776999600000,2026-04-24T03:00:00+00:00,660.73000000,660.89000000,660.09000000,660.37000000,4.77000000
1777000500000,2026-04-24T03:15:00+00:00,660.36000000,660.43000000,659.12000000,659.48000000,56.99000000
1777001400000,2026-04-24T03:30:00+00:00,659.51000000,659.75000000,658.98000000,659.33000000,18.77000000
1777002300000,2026-04-24T03:45:00+00:00,659.26000000,659.64000000,659.26000000,659.43000000,6.08000000
1777003200000,2026-04-24T04:00:00+00:00,659.48000000,660.03000000,658.89000000,659.43000000,84.61000000
1777004100000,2026-04-24T04:15:00+00:00,659.51000000,659.52000000,658.63000000,658.82000000,33.79000000
1777005000000,2026-04-24T04:30:00+00:00,658.84000000,659.84000000,658.84000000,659.66000000,14.53000000
1777005900000,2026-04-24T04:45:00+00:00,659.75000000,660.24000000,659.67000000,660.24000000,8.04000000
1777006800000,2026-04-24T05:00:00+00:00,660.25000000,660.35000000,658.98000000,659.42000000,11.98000000
1777007700000,2026-04-24T05:15:00+00:00,659.58000000,660.44000000,659.58000000,660.04000000,8.04000000
1777008600000,2026-04-24T05:30:00+00:00,660.13000000,660.87000000,660.13000000,660.36000000,4.51000000
1777009500000,2026-04-24T05:45:00+00:00,660.50000000,660.80000000,659.99000000,660.80000000,11.20000000
1777010400000,2026-04-24T06:00:00+00:00,660.73000000,661.30000000,660.39000000,660.55000000,9.30000000
1777011300000,2026-04-24T06:15:00+00:00,660.55000000,660.56000000,659.54000000,659.54000000,22.36000000
1777012200000,2026-04-24T06:30:00+00:00,659.54000000,659.69000000,658.08000000,658.74000000,118.21000000
1777013100000,2026-04-24T06:45:00+00:00,658.73000000,659.34000000,658.38000000,658.95000000,47.85000000
1777014000000,2026-04-24T07:00:00+00:00,658.96000000,660.60000000,658.96000000,660.39000000,35.48000000
1777014900000,2026-04-24T07:15:00+00:00,660.36000000,660.36000000,659.11000000,659.62000000,30.16000000
1777015800000,2026-04-24T07:30:00+00:00,659.62000000,660.45000000,659.35000000,660.45000000,5.80000000
1777016700000,2026-04-24T07:45:00+00:00,660.52000000,661.16000000,660.47000000,661.02000000,22.28000000
1777017600000,2026-04-24T08:00:00+00:00,660.95000000,665.85000000,659.62000000,661.20000000,912.58000000
1777018500000,2026-04-24T08:15:00+00:00,661.28000000,662.64000000,660.46000000,661.09000000,358.53000000
1777019400000,2026-04-24T08:30:00+00:00,661.19000000,661.82000000,660.09000000,660.77000000,44.20000000
1777020300000,2026-04-24T08:45:00+00:00,660.94000000,660.94000000,659.56000000,659.56000000,82.41000000
1777021200000,2026-04-24T09:00:00+00:00,659.68000000,659.69000000,658.88000000,659.68000000,46.66000000
1777022100000,2026-04-24T09:15:00+00:00,659.52000000,659.76000000,657.71000000,658.10000000,83.30000000
1777023000000,2026-04-24T09:30:00+00:00,657.91000000,657.92000000,656.77000000,657.52000000,54.22000000
1777023900000,2026-04-24T09:45:00+00:00,657.55000000,657.94000000,657.38000000,657.75000000,50.44000000
1777024800000,2026-04-24T10:00:00+00:00,657.78000000,658.70000000,657.46000000,658.59000000,69.28000000
1777025700000,2026-04-24T10:15:00+00:00,658.59000000,659.88000000,658.45000000,659.72000000,56.50000000
1777026600000,2026-04-24T10:30:00+00:00,659.71000000,660.85000000,659.65000000,659.84000000,54.94000000
1777027500000,2026-04-24T10:45:00+00:00,660.29000000,660.54000000,659.63000000,660.16000000,28.57000000
1777028400000,2026-04-24T11:00:00+00:00,660.14000000,662.40000000,659.72000000,662.04000000,154.27000000
1777029300000,2026-04-24T11:15:00+00:00,661.86000000,663.96000000,661.83000000,663.96000000,296.84000000
1777030200000,2026-04-24T11:30:00+00:00,664.02000000,664.32000000,662.45000000,663.02000000,96.34000000
1777031100000,2026-04-24T11:45:00+00:00,663.05000000,663.05000000,662.11000000,662.30000000,47.31000000
1777032000000,2026-04-24T12:00:00+00:00,662.16000000,663.79000000,661.93000000,663.79000000,52.49000000
1777032900000,2026-04-24T12:15:00+00:00,663.80000000,663.80000000,662.45000000,662.87000000,22.09000000
1777033800000,2026-04-24T12:30:00+00:00,662.90000000,662.91000000,662.10000000,662.11000000,14.67000000
1777034700000,2026-04-24T12:45:00+00:00,662.10000000,662.10000000,660.55000000,661.39000000,16.68000000
1777035600000,2026-04-24T13:00:00+00:00,661.39000000,662.63000000,661.32000000,662.40000000,11.62000000
1777036500000,2026-04-24T13:15:00+00:00,662.28000000,662.45000000,660.58000000,660.90000000,30.74000000
1777037400000,2026-04-24T13:30:00+00:00,660.75000000,662.15000000,654.14000000,661.76000000,565.51000000
1777038300000,2026-04-24T13:45:00+00:00,661.92000000,665.70000000,661.92000000,664.20000000,205.68000000
1777039200000,2026-04-24T14:00:00+00:00,664.20000000,669.34000000,663.31000000,668.12000000,440.50000000
1777040100000,2026-04-24T14:15:00+00:00,668.22000000,668.73000000,665.13000000,665.48000000,110.01000000
1777041000000,2026-04-24T14:30:00+00:00,665.49000000,666.37000000,664.37000000,666.11000000,86.07000000
1777041900000,2026-04-24T14:45:00+00:00,666.19000000,668.11000000,666.05000000,667.31000000,42.96000000
1777042800000,2026-04-24T15:00:00+00:00,667.45000000,668.14000000,666.82000000,668.01000000,42.90000000
1777043700000,2026-04-24T15:15:00+00:00,668.06000000,672.93000000,668.06000000,672.61000000,105.01000000
1777044600000,2026-04-24T15:30:00+00:00,672.76000000,674.87000000,672.15000000,674.31000000,152.40000000
1777045500000,2026-04-24T15:45:00+00:00,674.59000000,676.64000000,674.13000000,675.95000000,166.78000000
1777046400000,2026-04-24T16:00:00+00:00,676.05000000,677.38000000,675.02000000,675.71000000,60.86000000
1777047300000,2026-04-24T16:15:00+00:00,675.91000000,676.17000000,674.45000000,675.85000000,79.13000000
1777048200000,2026-04-24T16:30:00+00:00,675.92000000,677.14000000,675.85000000,675.95000000,65.72000000
1777049100000,2026-04-24T16:45:00+00:00,676.17000000,680.35000000,675.71000000,679.66000000,64.89000000
1777050000000,2026-04-24T17:00:00+00:00,679.62000000,681.20000000,679.62000000,680.31000000,34.82000000
1777050900000,2026-04-24T17:15:00+00:00,680.49000000,680.67000000,677.81000000,678.11000000,27.62000000
1777051800000,2026-04-24T17:30:00+00:00,678.14000000,678.60000000,676.90000000,677.97000000,30.60000000
1777052700000,2026-04-24T17:45:00+00:00,678.01000000,678.77000000,676.78000000,677.83000000,19.35000000
1777053600000,2026-04-24T18:00:00+00:00,677.75000000,677.87000000,675.50000000,675.64000000,28.28000000
1777054500000,2026-04-24T18:15:00+00:00,675.89000000,675.89000000,675.04000000,675.35000000,9.86000000
1777055400000,2026-04-24T18:30:00+00:00,675.45000000,676.06000000,674.47000000,675.09000000,20.32000000
1777056300000,2026-04-24T18:45:00+00:00,675.18000000,676.35000000,675.15000000,676.35000000,13.71000000
1777057200000,2026-04-24T19:00:00+00:00,676.44000000,678.33000000,676.20000000,678.33000000,14.79000000
1777058100000,2026-04-24T19:15:00+00:00,678.71000000,678.90000000,677.65000000,677.99000000,13.30000000
1777059000000,2026-04-24T19:30:00+00:00,677.88000000,677.88000000,676.59000000,676.68000000,46.88000000
1777059900000,2026-04-24T19:45:00+00:00,676.71000000,677.27000000,675.71000000,675.82000000,88.38000000
1777060800000,2026-04-24T20:00:00+00:00,675.78000000,676.80000000,674.79000000,675.54000000,175.85000000
1777061700000,2026-04-24T20:15:00+00:00,675.45000000,675.69000000,674.55000000,675.10000000,102.02000000
1777062600000,2026-04-24T20:30:00+00:00,675.15000000,675.45000000,675.11000000,675.45000000,14.03000000
1777063500000,2026-04-24T20:45:00+00:00,675.45000000,675.54000000,675.06000000,675.48000000,6.62000000
1777064400000,2026-04-24T21:00:00+00:00,675.25000000,675.72000000,675.08000000,675.27000000,8.31000000
1777065300000,2026-04-24T21:15:00+00:00,675.27000000,675.93000000,674.64000000,675.43000000,73.14000000
1777066200000,2026-04-24T21:30:00+00:00,675.43000000,675.69000000,675.26000000,675.35000000,5.16000000
1777067100000,2026-04-24T21:45:00+00:00,675.32000000,675.64000000,675.01000000,675.01000000,11.61000000
1777068000000,2026-04-24T22:00:00+00:00,675.04000000,675.38000000,674.96000000,675.06000000,14.11000000
1777068900000,2026-04-24T22:15:00+00:00,675.06000000,675.09000000,674.73000000,674.90000000,3.57000000
1777069800000,2026-04-24T22:30:00+00:00,674.83000000,675.25000000,674.61000000,674.99000000,5.09000000
1777070700000,2026-04-24T22:45:00+00:00,674.99000000,674.99000000,674.47000000,674.93000000,10.43000000
1777071600000,2026-04-24T23:00:00+00:00,674.93000000,675.48000000,674.93000000,675.48000000,1.52000000
1777072500000,2026-04-24T23:15:00+00:00,675.48000000,675.49000000,674.95000000,675.49000000,5.76000000
1777073400000,2026-04-24T23:30:00+00:00,675.49000000,675.70000000,674.75000000,674.75000000,55.68000000
1777074300000,2026-04-24T23:45:00+00:00,674.74000000,675.02000000,674.59000000,675.02000000,21.23000000
1777075200000,2026-04-25T00:00:00+00:00,675.01000000,675.55000000,675.01000000,675.31000000,8.34000000
1777076100000,2026-04-25T00:15:00+00:00,675.32000000,675.55000000,674.80000000,674.99000000,20.32000000
1777077000000,2026-04-25T00:30:00+00:00,675.07000000,675.47000000,674.59000000,674.67000000,10.79000000
1777077900000,2026-04-25T00:45:00+00:00,674.73000000,674.75000000,674.53000000,674.54000000,3.07000000
1777078800000,2026-04-25T01:00:00+00:00,674.54000000,675.15000000,674.54000000,674.73000000,3.74000000
1777079700000,2026-04-25T01:15:00+00:00,674.67000000,675.00000000,674.67000000,674.93000000,9.88000000
1777080600000,2026-04-25T01:30:00+00:00,674.83000000,674.83000000,674.59000000,674.67000000,3.06000000
1777081500000,2026-04-25T01:45:00+00:00,674.55000000,674.67000000,674.44000000,674.44000000,1.84000000
1777082400000,2026-04-25T02:00:00+00:00,674.44000000,674.62000000,673.92000000,674.48000000,47.67000000
1777083300000,2026-04-25T02:15:00+00:00,674.48000000,674.57000000,673.83000000,674.39000000,24.68000000
1777084200000,2026-04-25T02:30:00+00:00,674.39000000,674.45000000,674.39000000,674.39000000,0.65000000
1777085100000,2026-04-25T02:45:00+00:00,674.39000000,674.69000000,674.35000000,674.58000000,21.59000000
1777086000000,2026-04-25T03:00:00+00:00,674.67000000,674.67000000,674.45000000,674.46000000,2.00000000
1777086900000,2026-04-25T03:15:00+00:00,674.46000000,674.66000000,674.45000000,674.65000000,0.91000000
1777087800000,2026-04-25T03:30:00+00:00,674.65000000,674.65000000,674.47000000,674.50000000,0.49000000
1777088700000,2026-04-25T03:45:00+00:00,674.59000000,674.78000000,674.44000000,674.74000000,42.01000000
1777089600000,2026-04-25T04:00:00+00:00,674.78000000,674.78000000,674.45000000,674.62000000,4.63000000
1777090500000,2026-04-25T04:15:00+00:00,674.59000000,674.91000000,674.42000000,674.64000000,16.18000000
1777091400000,2026-04-25T04:30:00+00:00,674.70000000,674.94000000,674.40000000,674.63000000,12.87000000
1777092300000,2026-04-25T04:45:00+00:00,674.62000000,674.91000000,674.57000000,674.81000000,3.09000000
1777093200000,2026-04-25T05:00:00+00:00,674.85000000,675.10000000,674.81000000,674.94000000,0.57000000
1777094100000,2026-04-25T05:15:00+00:00,674.84000000,674.84000000,674.54000000,674.54000000,0.21000000
1777095000000,2026-04-25T05:30:00+00:00,674.56000000,674.66000000,674.52000000,674.66000000,3.81000000
1777095900000,2026-04-25T05:45:00+00:00,674.60000000,675.18000000,674.45000000,675.02000000,23.11000000
1777096800000,2026-04-25T06:00:00+00:00,675.01000000,675.01000000,674.40000000,674.44000000,2.39000000
1777097700000,2026-04-25T06:15:00+00:00,674.73000000,675.14000000,674.73000000,675.11000000,5.55000000
1777098600000,2026-04-25T06:30:00+00:00,675.14000000,675.64000000,674.52000000,675.11000000,15.80000000
1777099500000,2026-04-25T06:45:00+00:00,675.02000000,675.15000000,674.44000000,674.92000000,25.49000000
1777100400000,2026-04-25T07:00:00+00:00,674.88000000,675.50000000,674.73000000,675.23000000,11.34000000
1777101300000,2026-04-25T07:15:00+00:00,675.15000000,675.42000000,674.48000000,675.38000000,14.29000000
1777102200000,2026-04-25T07:30:00+00:00,675.42000000,675.56000000,675.29000000,675.49000000,5.02000000
1777103100000,2026-04-25T07:45:00+00:00,675.42000000,675.49000000,675.42000000,675.44000000,0.25000000
1777104000000,2026-04-25T08:00:00+00:00,675.49000000,675.64000000,674.49000000,675.14000000,46.12000000
1777104900000,2026-04-25T08:15:00+00:00,675.14000000,675.28000000,675.08000000,675.28000000,0.43000000
1777105800000,2026-04-25T08:30:00+00:00,675.28000000,675.49000000,674.66000000,674.70000000,6.29000000
1777106700000,2026-04-25T08:45:00+00:00,674.70000000,674.83000000,674.70000000,674.83000000,0.14000000
1777107600000,2026-04-25T09:00:00+00:00,674.83000000,674.83000000,674.46000000,674.46000000,0.57000000
1777108500000,2026-04-25T09:15:00+00:00,674.46000000,674.47000000,674.36000000,674.36000000,0.49000000
1777109400000,2026-04-25T09:30:00+00:00,674.31000000,674.58000000,674.18000000,674.49000000,3.04000000
1777110300000,2026-04-25T09:45:00+00:00,674.58000000,675.23000000,674.48000000,674.48000000,17.63000000
1777111200000,2026-04-25T10:00:00+00:00,674.48000000,674.59000000,674.41000000,674.51000000,2.37000000
1777112100000,2026-04-25T10:15:00+00:00,674.50000000,674.80000000,674.50000000,674.61000000,3.62000000
1777113000000,2026-04-25T10:30:00+00:00,674.78000000,674.80000000,674.50000000,674.51000000,2.39000000
1777113900000,2026-04-25T10:45:00+00:00,674.64000000,674.70000000,674.51000000,674.58000000,0.39000000
1777114800000,2026-04-25T11:00:00+00:00,674.58000000,674.58000000,674.56000000,674.56000000,0.56000000
1777115700000,2026-04-25T11:15:00+00:00,674.59000000,674.59000000,674.57000000,674.57000000,0.32000000
1777116600000,2026-04-25T11:30:00+00:00,674.57000000,674.65000000,674.39000000,674.40000000,5.64000000
1777117500000,2026-04-25T11:45:00+00:00,674.39000000,674.72000000,674.07000000,674.38000000,25.61000000
1777118400000,2026-04-25T12:00:00+00:00,674.38000000,674.57000000,674.03000000,674.38000000,36.80000000
1777119300000,2026-04-25T12:15:00+00:00,674.38000000,674.48000000,674.35000000,674.37000000,0.87000000
1777120200000,2026-04-25T12:30:00+00:00,674.37000000,674.45000000,674.35000000,674.35000000,1.29000000
1777121100000,2026-04-25T12:45:00+00:00,674.38000000,674.49000000,674.35000000,674.46000000,2.58000000
1777122000000,2026-04-25T13:00:00+00:00,674.51000000,674.51000000,674.34000000,674.45000000,1.11000000
1777122900000,2026-04-25T13:15:00+00:00,674.45000000,674.56000000,674.33000000,674.51000000,2.43000000
1777123800000,2026-04-25T13:30:00+00:00,674.49000000,674.55000000,674.42000000,674.55000000,0.45000000
1777124700000,2026-04-25T13:45:00+00:00,674.55000000,674.55000000,674.48000000,674.53000000,0.39000000
1777125600000,2026-04-25T14:00:00+00:00,674.49000000,674.59000000,674.44000000,674.52000000,6.80000000
1777126500000,2026-04-25T14:15:00+00:00,674.52000000,675.10000000,674.33000000,674.92000000,6.57000000
1777127400000,2026-04-25T14:30:00+00:00,674.97000000,674.97000000,674.53000000,674.79000000,2.58000000
1777128300000,2026-04-25T14:45:00+00:00,674.87000000,675.17000000,674.57000000,674.72000000,5.52000000
1777129200000,2026-04-25T15:00:00+00:00,674.73000000,674.77000000,674.63000000,674.77000000,3.89000000
1777130100000,2026-04-25T15:15:00+00:00,674.77000000,675.18000000,674.71000000,675.11000000,4.40000000
1777131000000,2026-04-25T15:30:00+00:00,675.05000000,675.19000000,675.05000000,675.14000000,0.93000000
1777131900000,2026-04-25T15:45:00+00:00,675.14000000,675.19000000,674.73000000,674.84000000,3.30000000
1777132800000,2026-04-25T16:00:00+00:00,674.84000000,675.11000000,674.78000000,675.04000000,4.94000000
1777133700000,2026-04-25T16:15:00+00:00,674.97000000,675.55000000,674.93000000,674.95000000,4.38000000
1777134600000,2026-04-25T16:30:00+00:00,675.01000000,675.07000000,674.53000000,674.53000000,1.46000000
1777135500000,2026-04-25T16:45:00+00:00,674.60000000,674.60000000,674.52000000,674.53000000,1.95000000
1777136400000,2026-04-25T17:00:00+00:00,674.52000000,675.15000000,674.25000000,674.34000000,8.11000000
1777137300000,2026-04-25T17:15:00+00:00,674.37000000,675.42000000,674.36000000,675.28000000,7.57000000
1777138200000,2026-04-25T17:30:00+00:00,675.34000000,675.66000000,675.15000000,675.15000000,7.66000000
1777139100000,2026-04-25T17:45:00+00:00,675.15000000,675.84000000,674.94000000,675.69000000,33.04000000
1777140000000,2026-04-25T18:00:00+00:00,675.69000000,675.76000000,674.74000000,674.74000000,11.92000000
1777140900000,2026-04-25T18:15:00+00:00,674.73000000,674.73000000,674.52000000,674.52000000,0.20000000
1777141800000,2026-04-25T18:30:00+00:00,674.52000000,674.52000000,674.32000000,674.32000000,0.31000000
1777142700000,2026-04-25T18:45:00+00:00,674.33000000,674.33000000,674.32000000,674.32000000,0.61000000
1777143600000,2026-04-25T19:00:00+00:00,674.31000000,674.31000000,674.26000000,674.26000000,0.43000000
1777144500000,2026-04-25T19:15:00+00:00,674.30000000,674.30000000,674.17000000,674.17000000,1.32000000
1777145400000,2026-04-25T19:30:00+00:00,674.17000000,674.22000000,674.17000000,674.21000000,2.35000000
1777146300000,2026-04-25T19:45:00+00:00,674.21000000,674.80000000,674.17000000,674.76000000,9.26000000
1777147200000,2026-04-25T20:00:00+00:00,674.69000000,675.33000000,674.69000000,675.33000000,2.54000000
1777148100000,2026-04-25T20:15:00+00:00,675.33000000,675.85000000,675.33000000,675.84000000,3.75000000
1777149000000,2026-04-25T20:30:00+00:00,675.84000000,675.85000000,674.95000000,674.96000000,7.06000000
1777149900000,2026-04-25T20:45:00+00:00,674.95000000,675.28000000,674.95000000,675.28000000,3.49000000
1777150800000,2026-04-25T21:00:00+00:00,675.28000000,675.30000000,675.01000000,675.24000000,2.84000000
1777151700000,2026-04-25T21:15:00+00:00,675.24000000,675.29000000,675.08000000,675.28000000,0.52000000
1777152600000,2026-04-25T21:30:00+00:00,675.27000000,675.84000000,675.20000000,675.69000000,1.52000000
1777153500000,2026-04-25T21:45:00+00:00,675.69000000,676.36000000,675.64000000,675.83000000,9.63000000
1777154400000,2026-04-25T22:00:00+00:00,675.78000000,675.83000000,675.78000000,675.81000000,0.41000000
1777155300000,2026-04-25T22:15:00+00:00,675.81000000,675.81000000,674.66000000,674.71000000,13.81000000
1777156200000,2026-04-25T22:30:00+00:00,674.69000000,675.36000000,674.66000000,675.18000000,5.56000000
1777157100000,2026-04-25T22:45:00+00:00,675.18000000,676.05000000,675.18000000,676.01000000,2.11000000
1777158000000,2026-04-25T23:00:00+00:00,676.01000000,676.11000000,675.71000000,675.71000000,10.51000000
1777158900000,2026-04-25T23:15:00+00:00,675.71000000,675.79000000,675.71000000,675.77000000,0.59000000
1777159800000,2026-04-25T23:30:00+00:00,675.77000000,675.91000000,675.50000000,675.50000000,1.36000000
1777160700000,2026-04-25T23:45:00+00:00,675.44000000,676.27000000,675.10000000,675.74000000,3.02000000
1777161600000,2026-04-26T00:00:00+00:00,675.84000000,675.92000000,675.32000000,675.90000000,5.59000000
1777162500000,2026-04-26T00:15:00+00:00,675.89000000,676.07000000,675.14000000,675.22000000,16.71000000
1777163400000,2026-04-26T00:30:00+00:00,675.16000000,675.18000000,674.53000000,674.86000000,4.10000000
1777164300000,2026-04-26T00:45:00+00:00,674.86000000,675.47000000,674.86000000,675.47000000,3.25000000
1777165200000,2026-04-26T01:00:00+00:00,675.50000000,675.63000000,674.95000000,675.21000000,4.51000000
1777166100000,2026-04-26T01:15:00+00:00,675.22000000,675.71000000,674.94000000,674.94000000,4.26000000
1777167000000,2026-04-26T01:30:00+00:00,674.88000000,675.21000000,674.47000000,675.21000000,4.84000000
1777167900000,2026-04-26T01:45:00+00:00,675.21000000,675.21000000,675.21000000,675.21000000,1.88000000
1777168800000,2026-04-26T02:00:00+00:00,675.22000000,675.36000000,675.22000000,675.36000000,0.03000000
1777169700000,2026-04-26T02:15:00+00:00,675.43000000,675.74000000,675.03000000,675.11000000,6.01000000
1777170600000,2026-04-26T02:30:00+00:00,675.11000000,675.11000000,675.11000000,675.11000000,0.00000000
1777171500000,2026-04-26T02:45:00+00:00,675.28000000,675.28000000,675.25000000,675.28000000,0.92000000
1777172400000,2026-04-26T03:00:00+00:00,675.28000000,675.28000000,675.28000000,675.28000000,0.01000000
1777173300000,2026-04-26T03:15:00+00:00,675.28000000,675.28000000,675.28000000,675.28000000,0.12000000
1777174200000,2026-04-26T03:30:00+00:00,675.28000000,675.29000000,675.09000000,675.29000000,0.80000000
1777175100000,2026-04-26T03:45:00+00:00,675.15000000,675.24000000,675.04000000,675.04000000,1.25000000
1777176000000,2026-04-26T04:00:00+00:00,675.10000000,675.33000000,675.06000000,675.33000000,1.66000000
1777176900000,2026-04-26T04:15:00+00:00,675.29000000,675.35000000,675.08000000,675.09000000,1.88000000
1777177800000,2026-04-26T04:30:00+00:00,675.10000000,675.50000000,674.57000000,674.82000000,11.10000000
1777178700000,2026-04-26T04:45:00+00:00,674.82000000,675.63000000,674.74000000,675.29000000,5.84000000
1777179600000,2026-04-26T05:00:00+00:00,675.48000000,675.97000000,675.33000000,675.93000000,3.90000000
1777180500000,2026-04-26T05:15:00+00:00,675.93000000,676.13000000,675.73000000,675.75000000,5.78000000
1777181400000,2026-04-26T05:30:00+00:00,675.80000000,675.80000000,675.59000000,675.69000000,0.65000000
1777182300000,2026-04-26T05:45:00+00:00,675.77000000,675.89000000,675.77000000,675.89000000,0.46000000
1777183200000,2026-04-26T06:00:00+00:00,675.88000000,675.98000000,675.88000000,675.98000000,0.84000000
1777184100000,2026-04-26T06:15:00+00:00,675.92000000,675.98000000,675.63000000,675.63000000,0.60000000
1777185000000,2026-04-26T06:30:00+00:00,675.52000000,675.57000000,675.29000000,675.29000000,1.56000000
1777185900000,2026-04-26T06:45:00+00:00,675.50000000,676.25000000,675.46000000,676.19000000,11.44000000
1777186800000,2026-04-26T07:00:00+00:00,676.10000000,676.27000000,676.00000000,676.03000000,2.95000000
1777187700000,2026-04-26T07:15:00+00:00,676.10000000,676.10000000,675.85000000,675.85000000,0.58000000
1777188600000,2026-04-26T07:30:00+00:00,675.82000000,675.91000000,675.38000000,675.38000000,3.97000000
1777189500000,2026-04-26T07:45:00+00:00,675.42000000,675.42000000,675.22000000,675.29000000,2.75000000
1777190400000,2026-04-26T08:00:00+00:00,675.24000000,675.92000000,675.24000000,675.91000000,1.53000000
1777191300000,2026-04-26T08:15:00+00:00,675.99000000,675.99000000,675.86000000,675.86000000,0.02000000
1777192200000,2026-04-26T08:30:00+00:00,676.04000000,676.06000000,676.04000000,676.06000000,0.17000000
1777193100000,2026-04-26T08:45:00+00:00,676.12000000,676.20000000,676.05000000,676.05000000,1.74000000
1777194000000,2026-04-26T09:00:00+00:00,676.14000000,676.14000000,676.05000000,676.07000000,2.28000000
1777194900000,2026-04-26T09:15:00+00:00,676.07000000,676.26000000,676.06000000,676.26000000,1.48000000
1777195800000,2026-04-26T09:30:00+00:00,676.26000000,676.40000000,676.12000000,676.13000000,5.66000000
1777196700000,2026-04-26T09:45:00+00:00,676.22000000,676.22000000,676.21000000,676.21000000,0.06000000
1777197600000,2026-04-26T10:00:00+00:00,676.20000000,676.54000000,676.20000000,676.52000000,2.66000000
1777198500000,2026-04-26T10:15:00+00:00,676.46000000,676.69000000,676.46000000,676.64000000,1.38000000
1777199400000,2026-04-26T10:30:00+00:00,676.49000000,676.49000000,676.49000000,676.49000000,0.29000000
1777200300000,2026-04-26T10:45:00+00:00,676.48000000,676.48000000,676.13000000,676.44000000,0.81000000
1777201200000,2026-04-26T11:00:00+00:00,676.44000000,676.49000000,676.36000000,676.49000000,3.04000000
1777202100000,2026-04-26T11:15:00+00:00,676.42000000,676.42000000,676.42000000,676.42000000,0.10000000
1777203000000,2026-04-26T11:30:00+00:00,676.44000000,676.44000000,676.12000000,676.19000000,3.97000000
1777203900000,2026-04-26T11:45:00+00:00,676.19000000,676.25000000,676.06000000,676.06000000,1.56000000
1777204800000,2026-04-26T12:00:00+00:00,676.05000000,676.54000000,675.86000000,676.09000000,18.00000000
1777205700000,2026-04-26T12:15:00+00:00,676.09000000,676.64000000,675.93000000,676.58000000,17.11000000
1777206600000,2026-04-26T12:30:00+00:00,676.58000000,676.68000000,676.58000000,676.65000000,0.42000000
1777207500000,2026-04-26T12:45:00+00:00,676.65000000,676.71000000,676.34000000,676.34000000,7.19000000
1777208400000,2026-04-26T13:00:00+00:00,676.33000000,676.36000000,676.20000000,676.31000000,3.23000000
1777209300000,2026-04-26T13:15:00+00:00,676.32000000,676.43000000,675.19000000,675.98000000,19.19000000
1777210200000,2026-04-26T13:30:00+00:00,675.98000000,676.32000000,675.98000000,676.25000000,0.91000000
1777211100000,2026-04-26T13:45:00+00:00,676.32000000,676.40000000,676.25000000,676.37000000,2.01000000
1777212000000,2026-04-26T14:00:00+00:00,676.40000000,676.44000000,675.99000000,676.25000000,21.53000000
1777212900000,2026-04-26T14:15:00+00:00,676.25000000,676.41000000,675.84000000,676.25000000,21.41000000
1777213800000,2026-04-26T14:30:00+00:00,676.25000000,676.47000000,676.12000000,676.47000000,10.82000000
1777214700000,2026-04-26T14:45:00+00:00,676.47000000,676.53000000,676.30000000,676.34000000,17.83000000
1777215600000,2026-04-26T15:00:00+00:00,676.42000000,676.42000000,675.84000000,676.09000000,39.90000000
1777216500000,2026-04-26T15:15:00+00:00,675.94000000,676.19000000,675.94000000,676.19000000,6.19000000
1777217400000,2026-04-26T15:30:00+00:00,676.19000000,676.42000000,675.88000000,676.03000000,10.12000000
1777218300000,2026-04-26T15:45:00+00:00,675.94000000,676.29000000,675.93000000,675.93000000,51.31000000
1777219200000,2026-04-26T16:00:00+00:00,676.16000000,677.00000000,676.16000000,676.67000000,10.91000000
1777220100000,2026-04-26T16:15:00+00:00,676.67000000,676.98000000,676.47000000,676.56000000,15.77000000
1777221000000,2026-04-26T16:30:00+00:00,676.56000000,676.56000000,676.00000000,676.42000000,19.38000000
1777221900000,2026-04-26T16:45:00+00:00,676.47000000,676.62000000,676.11000000,676.47000000,3.37000000
1777222800000,2026-04-26T17:00:00+00:00,676.47000000,676.56000000,676.47000000,676.55000000,2.74000000
1777223700000,2026-04-26T17:15:00+00:00,676.60000000,676.68000000,676.43000000,676.43000000,5.17000000
1777224600000,2026-04-26T17:30:00+00:00,676.47000000,677.11000000,676.44000000,677.03000000,6.21000000
1777225500000,2026-04-26T17:45:00+00:00,677.10000000,677.17000000,676.89000000,676.89000000,1.88000000
1777226400000,2026-04-26T18:00:00+00:00,677.02000000,677.03000000,676.52000000,676.89000000,2.29000000
1777227300000,2026-04-26T18:15:00+00:00,676.97000000,677.24000000,676.34000000,676.93000000,6.66000000
1777228200000,2026-04-26T18:30:00+00:00,677.03000000,677.10000000,676.93000000,677.07000000,1.72000000
1777229100000,2026-04-26T18:45:00+00:00,677.07000000,677.18000000,677.04000000,677.18000000,0.26000000
1777230000000,2026-04-26T19:00:00+00:00,677.17000000,677.57000000,676.91000000,676.91000000,3.96000000
1777230900000,2026-04-26T19:15:00+00:00,676.97000000,677.59000000,676.15000000,676.84000000,27.51000000
1777231800000,2026-04-26T19:30:00+00:00,676.90000000,677.30000000,676.90000000,677.12000000,4.02000000
1777232700000,2026-04-26T19:45:00+00:00,677.14000000,677.67000000,676.90000000,677.53000000,9.26000000
1777233600000,2026-04-26T20:00:00+00:00,677.53000000,677.98000000,677.32000000,677.78000000,12.69000000
1777234500000,2026-04-26T20:15:00+00:00,677.72000000,677.94000000,677.45000000,677.54000000,8.11000000
1777235400000,2026-04-26T20:30:00+00:00,677.43000000,678.29000000,677.39000000,678.16000000,18.72000000
1777236300000,2026-04-26T20:45:00+00:00,678.10000000,679.09000000,677.71000000,678.44000000,92.88000000
1777237200000,2026-04-26T21:00:00+00:00,678.50000000,678.72000000,678.37000000,678.37000000,36.29000000
1777238100000,2026-04-26T21:15:00+00:00,678.37000000,678.56000000,678.17000000,678.38000000,9.07000000
1777239000000,2026-04-26T21:30:00+00:00,678.23000000,678.54000000,677.04000000,677.22000000,11.76000000
1777239900000,2026-04-26T21:45:00+00:00,677.11000000,677.12000000,676.23000000,677.01000000,9.03000000
1777240800000,2026-04-26T22:00:00+00:00,677.03000000,677.08000000,674.16000000,674.33000000,41.86000000
1777241700000,2026-04-26T22:15:00+00:00,674.41000000,675.27000000,674.16000000,675.23000000,20.84000000
1777242600000,2026-04-26T22:30:00+00:00,675.22000000,675.27000000,674.47000000,674.79000000,5.36000000
1777243500000,2026-04-26T22:45:00+00:00,674.79000000,675.12000000,674.47000000,674.77000000,5.38000000
1777244400000,2026-04-26T23:00:00+00:00,674.80000000,675.27000000,674.56000000,674.95000000,10.44000000
1777245300000,2026-04-26T23:15:00+00:00,674.98000000,675.28000000,674.87000000,674.87000000,6.95000000
1777246200000,2026-04-26T23:30:00+00:00,674.95000000,678.86000000,674.64000000,675.27000000,204.92000000
1777247100000,2026-04-26T23:45:00+00:00,675.30000000,675.54000000,674.33000000,674.74000000,22.11000000
1777248000000,2026-04-27T00:00:00+00:00,674.84000000,678.24000000,674.83000000,676.26000000,118.26000000
1777248900000,2026-04-27T00:15:00+00:00,676.26000000,677.39000000,676.14000000,677.09000000,15.24000000
1777249800000,2026-04-27T00:30:00+00:00,677.10000000,678.64000000,676.76000000,678.37000000,26.65000000
1777250700000,2026-04-27T00:45:00+00:00,678.57000000,679.85000000,678.45000000,679.35000000,64.10000000
1777251600000,2026-04-27T01:00:00+00:00,679.26000000,680.25000000,678.85000000,679.08000000,72.68000000
1777252500000,2026-04-27T01:15:00+00:00,679.21000000,679.50000000,678.45000000,679.50000000,45.70000000
1777253400000,2026-04-27T01:30:00+00:00,679.56000000,680.03000000,679.49000000,679.94000000,29.01000000
1777254300000,2026-04-27T01:45:00+00:00,679.89000000,680.05000000,679.56000000,679.84000000,17.11000000
1777255200000,2026-04-27T02:00:00+00:00,679.86000000,680.51000000,679.53000000,680.33000000,18.66000000
1777256100000,2026-04-27T02:15:00+00:00,680.36000000,680.45000000,679.69000000,679.79000000,20.42000000
1777257000000,2026-04-27T02:30:00+00:00,679.90000000,680.19000000,679.68000000,679.76000000,27.86000000
1777257900000,2026-04-27T02:45:00+00:00,679.76000000,679.97000000,679.27000000,679.75000000,22.64000000
1777258800000,2026-04-27T03:00:00+00:00,679.60000000,680.10000000,679.46000000,679.81000000,13.78000000
1777259700000,2026-04-27T03:15:00+00:00,679.89000000,680.34000000,679.70000000,679.92000000,27.21000000
1777260600000,2026-04-27T03:30:00+00:00,679.94000000,680.12000000,678.87000000,679.32000000,31.45000000
1777261500000,2026-04-27T03:45:00+00:00,679.33000000,679.51000000,678.82000000,679.03000000,28.85000000
1777262400000,2026-04-27T04:00:00+00:00,679.05000000,679.14000000,678.66000000,679.07000000,23.00000000
1777263300000,2026-04-27T04:15:00+00:00,679.07000000,679.48000000,678.70000000,678.89000000,24.90000000
1777264200000,2026-04-27T04:30:00+00:00,678.89000000,679.74000000,678.89000000,679.74000000,24.43000000
1777265100000,2026-04-27T04:45:00+00:00,679.80000000,679.86000000,678.55000000,678.73000000,29.27000000
1777266000000,2026-04-27T05:00:00+00:00,678.68000000,678.68000000,677.28000000,677.28000000,32.66000000
1777266900000,2026-04-27T05:15:00+00:00,677.32000000,677.32000000,676.44000000,676.61000000,31.94000000
1777267800000,2026-04-27T05:30:00+00:00,676.60000000,676.70000000,676.00000000,676.49000000,11.83000000
1777268700000,2026-04-27T05:45:00+00:00,676.50000000,677.02000000,676.03000000,676.27000000,39.01000000
1777269600000,2026-04-27T06:00:00+00:00,676.27000000,676.32000000,675.67000000,675.85000000,6.53000000
1777270500000,2026-04-27T06:15:00+00:00,675.85000000,676.68000000,675.59000000,676.68000000,15.24000000
1777271400000,2026-04-27T06:30:00+00:00,676.69000000,676.69000000,675.71000000,675.71000000,23.41000000
1777272300000,2026-04-27T06:45:00+00:00,675.94000000,676.07000000,675.55000000,675.69000000,6.11000000
1777273200000,2026-04-27T07:00:00+00:00,675.60000000,676.27000000,675.60000000,675.95000000,18.48000000
1777274100000,2026-04-27T07:15:00+00:00,675.95000000,676.43000000,675.72000000,676.03000000,10.17000000
1777275000000,2026-04-27T07:30:00+00:00,676.03000000,676.03000000,675.60000000,675.96000000,2.83000000
1777275900000,2026-04-27T07:45:00+00:00,675.96000000,676.43000000,675.78000000,676.14000000,3.44000000
1777276800000,2026-04-27T08:00:00+00:00,676.09000000,677.95000000,673.31000000,673.44000000,331.67000000
1777277700000,2026-04-27T08:15:00+00:00,673.59000000,674.44000000,673.40000000,673.97000000,105.25000000
1777278600000,2026-04-27T08:30:00+00:00,673.93000000,675.00000000,673.31000000,675.00000000,117.66000000
1777279500000,2026-04-27T08:45:00+00:00,674.94000000,675.33000000,673.80000000,674.37000000,97.97000000
1777280400000,2026-04-27T09:00:00+00:00,674.33000000,674.60000000,673.53000000,673.97000000,89.54000000
1777281300000,2026-04-27T09:15:00+00:00,673.97000000,674.07000000,673.10000000,673.40000000,106.97000000
1777282200000,2026-04-27T09:30:00+00:00,673.44000000,674.79000000,673.38000000,674.39000000,67.16000000
1777283100000,2026-04-27T09:45:00+00:00,674.27000000,674.65000000,673.85000000,674.29000000,44.05000000
1777284000000,2026-04-27T10:00:00+00:00,674.20000000,674.29000000,673.33000000,673.41000000,22.12000000
1777284900000,2026-04-27T10:15:00+00:00,673.41000000,673.64000000,673.19000000,673.52000000,37.95000000
1777285800000,2026-04-27T10:30:00+00:00,673.55000000,674.14000000,673.33000000,673.88000000,30.24000000
1777286700000,2026-04-27T10:45:00+00:00,673.89000000,674.65000000,673.71000000,674.40000000,48.12000000
1777287600000,2026-04-27T11:00:00+00:00,674.42000000,675.46000000,674.25000000,675.21000000,26.52000000
1777288500000,2026-04-27T11:15:00+00:00,675.26000000,675.55000000,674.27000000,675.15000000,55.46000000
1777289400000,2026-04-27T11:30:00+00:00,675.10000000,675.33000000,674.30000000,674.45000000,9.93000000
1777290300000,2026-04-27T11:45:00+00:00,674.48000000,674.81000000,674.02000000,674.52000000,14.14000000
1777291200000,2026-04-27T12:00:00+00:00,674.36000000,674.70000000,673.61000000,674.47000000,334.06000000
1777292100000,2026-04-27T12:15:00+00:00,674.40000000,674.40000000,672.85000000,673.10000000,58.54000000
1777293000000,2026-04-27T12:30:00+00:00,673.14000000,673.14000000,672.11000000,672.33000000,60.51000000
1777293900000,2026-04-27T12:45:00+00:00,672.37000000,673.04000000,672.32000000,672.56000000,53.64000000
1777294800000,2026-04-27T13:00:00+00:00,672.65000000,673.10000000,670.69000000,671.92000000,126.27000000
1777295700000,2026-04-27T13:15:00+00:00,671.86000000,672.09000000,670.40000000,671.24000000,89.75000000
1777296600000,2026-04-27T13:30:00+00:00,671.15000000,678.12000000,670.79000000,677.61000000,827.58000000
1777297500000,2026-04-27T13:45:00+00:00,677.70000000,678.72000000,672.60000000,672.60000000,369.72000000
1777298400000,2026-04-27T14:00:00+00:00,672.57000000,675.43000000,671.94000000,674.94000000,185.88000000
1777299300000,2026-04-27T14:15:00+00:00,675.00000000,677.00000000,674.40000000,676.44000000,118.03000000
1777300200000,2026-04-27T14:30:00+00:00,676.47000000,679.14000000,675.53000000,678.12000000,152.20000000
1777301100000,2026-04-27T14:45:00+00:00,678.15000000,681.90000000,677.98000000,681.84000000,124.61000000
1777302000000,2026-04-27T15:00:00+00:00,681.81000000,682.96000000,678.58000000,678.58000000,145.81000000
1777302900000,2026-04-27T15:15:00+00:00,678.59000000,678.93000000,675.99000000,676.92000000,71.00000000
1777303800000,2026-04-27T15:30:00+00:00,676.97000000,677.17000000,674.31000000,674.31000000,49.25000000
1777304700000,2026-04-27T15:45:00+00:00,674.25000000,675.64000000,673.66000000,675.04000000,86.63000000
1777305600000,2026-04-27T16:00:00+00:00,675.11000000,675.78000000,674.78000000,675.36000000,79.01000000
1777306500000,2026-04-27T16:15:00+00:00,675.36000000,676.12000000,675.00000000,675.71000000,47.58000000
1777307400000,2026-04-27T16:30:00+00:00,675.76000000,677.68000000,675.72000000,677.11000000,32.79000000
1777308300000,2026-04-27T16:45:00+00:00,677.25000000,678.44000000,676.97000000,677.93000000,30.32000000
1777309200000,2026-04-27T17:00:00+00:00,678.07000000,679.79000000,677.82000000,679.30000000,18.27000000
1777310100000,2026-04-27T17:15:00+00:00,679.29000000,680.33000000,678.02000000,680.33000000,50.40000000
1777311000000,2026-04-27T17:30:00+00:00,680.26000000,681.10000000,680.05000000,680.48000000,27.03000000
1777311900000,2026-04-27T17:45:00+00:00,680.68000000,680.72000000,678.84000000,679.57000000,36.25000000
1777312800000,2026-04-27T18:00:00+00:00,679.49000000,679.73000000,678.92000000,679.73000000,16.83000000
1777313700000,2026-04-27T18:15:00+00:00,679.75000000,679.75000000,678.74000000,679.14000000,34.17000000
1777314600000,2026-04-27T18:30:00+00:00,679.15000000,679.91000000,678.92000000,679.70000000,15.34000000
1777315500000,2026-04-27T18:45:00+00:00,679.64000000,679.84000000,678.00000000,678.78000000,20.35000000
1777316400000,2026-04-27T19:00:00+00:00,678.63000000,678.72000000,677.12000000,677.53000000,30.01000000
1777317300000,2026-04-27T19:15:00+00:00,677.60000000,678.78000000,677.60000000,678.78000000,19.67000000
1777318200000,2026-04-27T19:30:00+00:00,678.79000000,679.35000000,678.43000000,679.35000000,11.08000000
1777319100000,2026-04-27T19:45:00+00:00,679.42000000,679.98000000,677.68000000,678.88000000,104.14000000
1777320000000,2026-04-27T20:00:00+00:00,678.79000000,678.79000000,677.35000000,677.35000000,25.80000000
1777320900000,2026-04-27T20:15:00+00:00,677.37000000,677.78000000,677.23000000,677.23000000,17.93000000
1777321800000,2026-04-27T20:30:00+00:00,677.40000000,677.79000000,677.12000000,677.58000000,16.88000000
1777322700000,2026-04-27T20:45:00+00:00,677.47000000,678.01000000,677.36000000,677.95000000,12.30000000
1777323600000,2026-04-27T21:00:00+00:00,677.98000000,678.13000000,677.86000000,678.05000000,9.83000000
1777324500000,2026-04-27T21:15:00+00:00,677.95000000,677.97000000,677.54000000,677.66000000,4.52000000
1777325400000,2026-04-27T21:30:00+00:00,677.92000000,678.24000000,677.64000000,677.94000000,2.52000000
1777326300000,2026-04-27T21:45:00+00:00,678.15000000,678.34000000,677.89000000,678.15000000,4.53000000
1777327200000,2026-04-27T22:00:00+00:00,678.14000000,678.60000000,678.06000000,678.60000000,5.62000000
1777328100000,2026-04-27T22:15:00+00:00,678.60000000,679.27000000,678.59000000,678.86000000,3.90000000
1777329000000,2026-04-27T22:30:00+00:00,678.90000000,679.34000000,678.60000000,678.98000000,13.46000000
1777329900000,2026-04-27T22:45:00+00:00,679.02000000,679.52000000,678.90000000,679.20000000,8.34000000
1777330800000,2026-04-27T23:00:00+00:00,679.24000000,679.33000000,678.81000000,678.94000000,16.46000000
1777331700000,2026-04-27T23:15:00+00:00,678.94000000,679.20000000,678.90000000,679.20000000,2.57000000
1777332600000,2026-04-27T23:30:00+00:00,679.09000000,679.25000000,678.92000000,678.96000000,9.65000000
1777333500000,2026-04-27T23:45:00+00:00,678.92000000,679.10000000,678.92000000,679.10000000,2.54000000
1777334400000,2026-04-28T00:00:00+00:00,679.15000000,680.00000000,678.29000000,679.30000000,37.83000000
1777335300000,2026-04-28T00:15:00+00:00,679.55000000,679.55000000,678.18000000,678.45000000,14.84000000
1777336200000,2026-04-28T00:30:00+00:00,678.37000000,678.72000000,678.03000000,678.68000000,13.27000000
1777337100000,2026-04-28T00:45:00+00:00,678.72000000,679.11000000,678.45000000,678.68000000,12.35000000
1777338000000,2026-04-28T01:00:00+00:00,678.67000000,679.50000000,678.42000000,679.21000000,14.49000000
1777338900000,2026-04-28T01:15:00+00:00,679.14000000,679.47000000,678.90000000,679.14000000,6.02000000
1777339800000,2026-04-28T01:30:00+00:00,679.25000000,679.41000000,679.01000000,679.34000000,9.54000000
1777340700000,2026-04-28T01:45:00+00:00,679.34000000,679.42000000,677.95000000,678.07000000,36.14000000
1777341600000,2026-04-28T02:00:00+00:00,677.99000000,678.04000000,676.95000000,677.70000000,46.97000000
1777342500000,2026-04-28T02:15:00+00:00,677.66000000,678.18000000,677.64000000,677.87000000,8.62000000
1777343400000,2026-04-28T02:30:00+00:00,677.89000000,678.00000000,676.99000000,677.05000000,49.98000000
1777344300000,2026-04-28T02:45:00+00:00,677.11000000,677.56000000,676.98000000,677.49000000,19.76000000
1777345200000,2026-04-28T03:00:00+00:00,677.48000000,677.53000000,676.86000000,677.25000000,34.85000000
1777346100000,2026-04-28T03:15:00+00:00,677.29000000,677.60000000,677.10000000,677.51000000,17.70000000
1777347000000,2026-04-28T03:30:00+00:00,677.52000000,678.18000000,677.52000000,678.18000000,3.57000000
1777347900000,2026-04-28T03:45:00+00:00,678.00000000,678.08000000,677.48000000,677.48000000,3.02000000
1777348800000,2026-04-28T04:00:00+00:00,677.53000000,678.18000000,677.53000000,677.71000000,35.24000000
1777349700000,2026-04-28T04:15:00+00:00,677.71000000,678.30000000,677.67000000,678.03000000,20.60000000
1777350600000,2026-04-28T04:30:00+00:00,678.08000000,678.25000000,677.41000000,677.56000000,7.22000000
1777351500000,2026-04-28T04:45:00+00:00,677.49000000,678.00000000,677.49000000,677.52000000,7.55000000
1777352400000,2026-04-28T05:00:00+00:00,677.52000000,677.95000000,676.80000000,676.80000000,35.81000000
1777353300000,2026-04-28T05:15:00+00:00,676.83000000,677.43000000,676.69000000,677.08000000,12.69000000
1777354200000,2026-04-28T05:30:00+00:00,677.11000000,677.25000000,676.08000000,676.42000000,15.07000000
1777355100000,2026-04-28T05:45:00+00:00,676.42000000,677.00000000,675.94000000,676.60000000,18.34000000
1777356000000,2026-04-28T06:00:00+00:00,676.60000000,676.74000000,676.16000000,676.30000000,8.13000000
1777356900000,2026-04-28T06:15:00+00:00,676.35000000,676.50000000,676.15000000,676.35000000,8.37000000
1777357800000,2026-04-28T06:30:00+00:00,676.31000000,676.70000000,675.52000000,675.52000000,12.83000000
1777358700000,2026-04-28T06:45:00+00:00,675.48000000,675.82000000,675.07000000,675.56000000,23.09000000
1777359600000,2026-04-28T07:00:00+00:00,675.68000000,676.01000000,674.94000000,674.94000000,28.98000000
1777360500000,2026-04-28T07:15:00+00:00,674.89000000,675.81000000,674.47000000,674.67000000,27.60000000
1777361400000,2026-04-28T07:30:00+00:00,674.95000000,676.20000000,674.95000000,675.90000000,12.10000000
1777362300000,2026-04-28T07:45:00+00:00,675.85000000,675.95000000,675.63000000,675.76000000,7.84000000
1777363200000,2026-04-28T08:00:00+00:00,675.78000000,676.44000000,674.94000000,675.64000000,117.69000000
1777364100000,2026-04-28T08:15:00+00:00,675.84000000,676.45000000,675.56000000,676.45000000,79.69000000
1777365000000,2026-04-28T08:30:00+00:00,676.46000000,677.52000000,676.13000000,676.32000000,44.44000000
1777365900000,2026-04-28T08:45:00+00:00,676.32000000,677.52000000,676.20000000,677.13000000,89.50000000
1777366800000,2026-04-28T09:00:00+00:00,677.31000000,683.87000000,677.11000000,679.40000000,528.91000000
1777367700000,2026-04-28T09:15:00+00:00,679.43000000,679.66000000,678.06000000,678.06000000,28.99000000
1777368600000,2026-04-28T09:30:00+00:00,678.05000000,678.78000000,676.20000000,676.69000000,87.93000000
1777369500000,2026-04-28T09:45:00+00:00,676.75000000,676.97000000,675.69000000,676.37000000,36.12000000
1777370400000,2026-04-28T10:00:00+00:00,676.40000000,677.01000000,676.23000000,676.71000000,21.47000000
1777371300000,2026-04-28T10:15:00+00:00,676.82000000,676.82000000,675.61000000,676.13000000,29.13000000
1777372200000,2026-04-28T10:30:00+00:00,676.09000000,676.69000000,676.08000000,676.64000000,18.32000000
1777373100000,2026-04-28T10:45:00+00:00,676.65000000,676.65000000,675.52000000,676.14000000,28.06000000
1777374000000,2026-04-28T11:00:00+00:00,676.24000000,676.94000000,674.06000000,674.52000000,57.88000000
1777374900000,2026-04-28T11:15:00+00:00,674.49000000,674.49000000,672.29000000,672.97000000,85.08000000
1777375800000,2026-04-28T11:30:00+00:00,672.96000000,673.86000000,672.25000000,673.06000000,75.71000000
1777376700000,2026-04-28T11:45:00+00:00,673.06000000,673.74000000,672.05000000,672.65000000,62.90000000
1777377600000,2026-04-28T12:00:00+00:00,672.66000000,673.19000000,672.18000000,672.46000000,24.85000000
1777378500000,2026-04-28T12:15:00+00:00,672.82000000,673.55000000,671.50000000,671.50000000,57.27000000
1777379400000,2026-04-28T12:30:00+00:00,671.48000000,671.60000000,670.10000000,671.20000000,103.03000000
1777380300000,2026-04-28T12:45:00+00:00,671.21000000,673.95000000,671.21000000,673.76000000,60.73000000
1777381200000,2026-04-28T13:00:00+00:00,673.76000000,674.48000000,673.41000000,673.75000000,39.98000000
1777382100000,2026-04-28T13:15:00+00:00,673.84000000,674.40000000,672.87000000,674.40000000,57.44000000
1777383000000,2026-04-28T13:30:00+00:00,674.43000000,676.05000000,670.52000000,675.30000000,1012.24000000
1777383900000,2026-04-28T13:45:00+00:00,675.25000000,678.60000000,673.20000000,673.20000000,295.09000000
1777384800000,2026-04-28T14:00:00+00:00,673.14000000,675.58000000,672.24000000,673.08000000,180.30000000
1777385700000,2026-04-28T14:15:00+00:00,673.13000000,673.97000000,671.82000000,673.26000000,148.88000000
1777386600000,2026-04-28T14:30:00+00:00,673.15000000,673.15000000,668.60000000,670.42000000,152.29000000
1777387500000,2026-04-28T14:45:00+00:00,670.38000000,670.56000000,667.15000000,668.76000000,140.05000000
1777388400000,2026-04-28T15:00:00+00:00,668.82000000,669.97000000,666.01000000,668.09000000,296.69000000
1777389300000,2026-04-28T15:15:00+00:00,668.02000000,668.39000000,667.08000000,667.80000000,111.21000000
1777390200000,2026-04-28T15:30:00+00:00,667.74000000,669.42000000,667.27000000,669.42000000,105.20000000
1777391100000,2026-04-28T15:45:00+00:00,669.36000000,669.90000000,667.75000000,668.88000000,113.28000000
1777392000000,2026-04-28T16:00:00+00:00,668.77000000,668.78000000,666.68000000,668.03000000,167.96000000
1777392900000,2026-04-28T16:15:00+00:00,668.10000000,670.01000000,667.92000000,669.72000000,106.28000000
1777393800000,2026-04-28T16:30:00+00:00,669.65000000,670.25000000,668.92000000,669.05000000,65.18000000
1777394700000,2026-04-28T16:45:00+00:00,669.01000000,671.05000000,668.99000000,670.91000000,30.97000000
1777395600000,2026-04-28T17:00:00+00:00,670.91000000,670.97000000,669.96000000,670.25000000,22.60000000
1777396500000,2026-04-28T17:15:00+00:00,670.18000000,671.10000000,669.73000000,670.74000000,18.36000000
1777397400000,2026-04-28T17:30:00+00:00,670.75000000,671.22000000,670.44000000,670.78000000,12.38000000
1777398300000,2026-04-28T17:45:00+00:00,670.82000000,671.69000000,670.80000000,671.06000000,26.84000000
1777399200000,2026-04-28T18:00:00+00:00,671.06000000,671.82000000,670.77000000,671.69000000,27.50000000
1777400100000,2026-04-28T18:15:00+00:00,671.58000000,672.17000000,671.52000000,672.11000000,10.61000000
1777401000000,2026-04-28T18:30:00+00:00,672.01000000,672.55000000,671.28000000,671.88000000,16.33000000
1777401900000,2026-04-28T18:45:00+00:00,671.94000000,673.13000000,671.33000000,671.69000000,15.98000000
1777402800000,2026-04-28T19:00:00+00:00,671.53000000,671.53000000,670.23000000,670.89000000,22.80000000
1777403700000,2026-04-28T19:15:00+00:00,670.98000000,671.15000000,670.74000000,671.00000000,6.03000000
1777404600000,2026-04-28T19:30:00+00:00,671.00000000,671.03000000,669.85000000,670.53000000,10.87000000
1777405500000,2026-04-28T19:45:00+00:00,670.67000000,671.90000000,670.33000000,671.63000000,33.81000000
1777406400000,2026-04-28T20:00:00+00:00,671.59000000,672.00000000,671.25000000,671.39000000,35.76000000
1777407300000,2026-04-28T20:15:00+00:00,671.32000000,671.97000000,671.00000000,671.20000000,12.88000000
1777408200000,2026-04-28T20:30:00+00:00,671.20000000,671.34000000,670.81000000,670.90000000,11.62000000
1777409100000,2026-04-28T20:45:00+00:00,670.90000000,671.13000000,670.51000000,670.61000000,2.61000000
1777410000000,2026-04-28T21:00:00+00:00,670.67000000,670.67000000,670.18000000,670.18000000,4.82000000
1777410900000,2026-04-28T21:15:00+00:00,670.25000000,670.53000000,670.12000000,670.38000000,5.68000000
1777411800000,2026-04-28T21:30:00+00:00,670.53000000,670.92000000,670.49000000,670.80000000,1.92000000
1777412700000,2026-04-28T21:45:00+00:00,670.81000000,671.31000000,670.66000000,670.79000000,4.62000000
1777413600000,2026-04-28T22:00:00+00:00,670.72000000,671.73000000,670.72000000,671.05000000,15.26000000
1777414500000,2026-04-28T22:15:00+00:00,671.00000000,671.71000000,670.80000000,671.63000000,4.50000000
1777415400000,2026-04-28T22:30:00+00:00,671.64000000,671.93000000,671.64000000,671.89000000,7.87000000
1777416300000,2026-04-28T22:45:00+00:00,671.89000000,671.93000000,671.70000000,671.78000000,5.08000000
1777417200000,2026-04-28T23:00:00+00:00,671.79000000,671.99000000,671.79000000,671.85000000,3.85000000
1777418100000,2026-04-28T23:15:00+00:00,671.84000000,672.04000000,671.84000000,672.00000000,2.17000000
1777419000000,2026-04-28T23:30:00+00:00,672.00000000,672.16000000,671.75000000,672.06000000,17.08000000
1777419900000,2026-04-28T23:45:00+00:00,672.06000000,672.25000000,671.88000000,672.20000000,3.23000000
1777420800000,2026-04-29T00:00:00+00:00,672.30000000,673.71000000,671.90000000,672.95000000,39.40000000
1777421700000,2026-04-29T00:15:00+00:00,672.91000000,674.62000000,672.76000000,674.43000000,28.03000000
1777422600000,2026-04-29T00:30:00+00:00,674.43000000,674.43000000,673.80000000,674.25000000,40.49000000
1777423500000,2026-04-29T00:45:00+00:00,674.25000000,674.41000000,673.54000000,673.75000000,15.36000000
1777424400000,2026-04-29T01:00:00+00:00,673.71000000,673.71000000,671.54000000,671.73000000,35.44000000
1777425300000,2026-04-29T01:15:00+00:00,671.85000000,672.38000000,671.64000000,672.31000000,23.52000000
1777426200000,2026-04-29T01:30:00+00:00,672.19000000,673.04000000,671.88000000,672.71000000,8.54000000
1777427100000,2026-04-29T01:45:00+00:00,672.75000000,672.91000000,672.50000000,672.70000000,7.42000000
1777428000000,2026-04-29T02:00:00+00:00,672.75000000,673.11000000,672.52000000,672.78000000,10.71000000
1777428900000,2026-04-29T02:15:00+00:00,672.90000000,673.74000000,672.89000000,673.59000000,6.58000000
1777429800000,2026-04-29T02:30:00+00:00,673.60000000,673.70000000,672.96000000,673.21000000,22.06000000
1777430700000,2026-04-29T02:45:00+00:00,673.21000000,673.66000000,673.11000000,673.65000000,4.70000000
1777431600000,2026-04-29T03:00:00+00:00,673.55000000,674.05000000,672.50000000,672.50000000,21.15000000
1777432500000,2026-04-29T03:15:00+00:00,672.51000000,673.19000000,671.96000000,672.90000000,12.90000000
1777433400000,2026-04-29T03:30:00+00:00,672.85000000,673.09000000,672.61000000,673.09000000,5.52000000
1777434300000,2026-04-29T03:45:00+00:00,673.10000000,673.40000000,672.17000000,672.39000000,26.30000000
1777435200000,2026-04-29T04:00:00+00:00,672.32000000,673.37000000,672.24000000,673.10000000,19.13000000
1777436100000,2026-04-29T04:15:00+00:00,673.13000000,673.50000000,673.00000000,673.19000000,2.31000000
1777437000000,2026-04-29T04:30:00+00:00,673.19000000,674.36000000,673.19000000,673.85000000,17.65000000
1777437900000,2026-04-29T04:45:00+00:00,673.92000000,674.10000000,673.62000000,673.89000000,4.12000000
1777438800000,2026-04-29T05:00:00+00:00,673.90000000,674.46000000,673.82000000,674.10000000,12.17000000
1777439700000,2026-04-29T05:15:00+00:00,674.12000000,674.20000000,673.52000000,674.00000000,7.93000000
1777440600000,2026-04-29T05:30:00+00:00,674.04000000,674.34000000,673.91000000,674.34000000,2.07000000
1777441500000,2026-04-29T05:45:00+00:00,674.15000000,674.51000000,674.12000000,674.45000000,2.37000000
1777442400000,2026-04-29T06:00:00+00:00,674.32000000,674.95000000,674.01000000,674.21000000,29.07000000
1777443300000,2026-04-29T06:15:00+00:00,674.20000000,674.25000000,673.93000000,673.99000000,3.00000000
1777444200000,2026-04-29T06:30:00+00:00,673.90000000,673.93000000,673.60000000,673.71000000,3.34000000
1777445100000,2026-04-29T06:45:00+00:00,673.79000000,674.06000000,672.78000000,673.73000000,45.82000000
1777446000000,2026-04-29T07:00:00+00:00,673.90000000,674.40000000,673.65000000,673.65000000,133.05000000
1777446900000,2026-04-29T07:15:00+00:00,673.61000000,673.81000000,673.20000000,673.45000000,17.89000000
1777447800000,2026-04-29T07:30:00+00:00,673.50000000,673.66000000,672.26000000,672.66000000,14.40000000
1777448700000,2026-04-29T07:45:00+00:00,672.48000000,672.48000000,671.35000000,672.20000000,34.45000000
1777449600000,2026-04-29T08:00:00+00:00,672.24000000,672.92000000,671.48000000,671.65000000,43.93000000
1777450500000,2026-04-29T08:15:00+00:00,671.65000000,672.26000000,671.06000000,671.96000000,37.73000000
1777451400000,2026-04-29T08:30:00+00:00,671.99000000,671.99000000,670.50000000,671.25000000,29.85000000
1777452300000,2026-04-29T08:45:00+00:00,671.23000000,671.57000000,671.01000000,671.55000000,11.62000000
1777453200000,2026-04-29T09:00:00+00:00,671.49000000,671.70000000,671.05000000,671.33000000,22.77000000
1777454100000,2026-04-29T09:15:00+00:00,671.45000000,671.62000000,671.35000000,671.61000000,8.11000000
1777455000000,2026-04-29T09:30:00+00:00,671.52000000,672.18000000,670.92000000,670.93000000,21.92000000
1777455900000,2026-04-29T09:45:00+00:00,670.88000000,671.55000000,670.39000000,670.64000000,29.91000000
1777456800000,2026-04-29T10:00:00+00:00,670.64000000,670.84000000,670.23000000,670.81000000,54.00000000
1777457700000,2026-04-29T10:15:00+00:00,670.81000000,671.12000000,670.80000000,670.99000000,12.88000000
1777458600000,2026-04-29T10:30:00+00:00,670.99000000,671.10000000,670.29000000,670.64000000,12.24000000
1777459500000,2026-04-29T10:45:00+00:00,670.63000000,671.44000000,670.13000000,671.44000000,14.68000000
1777460400000,2026-04-29T11:00:00+00:00,671.48000000,671.72000000,670.82000000,671.23000000,19.56000000
1777461300000,2026-04-29T11:15:00+00:00,671.12000000,671.19000000,670.45000000,670.68000000,25.78000000
1777462200000,2026-04-29T11:30:00+00:00,670.64000000,670.90000000,669.78000000,669.91000000,15.94000000
1777463100000,2026-04-29T11:45:00+00:00,669.87000000,670.49000000,669.84000000,670.36000000,20.73000000
1777464000000,2026-04-29T12:00:00+00:00,670.51000000,670.63000000,669.89000000,669.89000000,51.70000000
1777464900000,2026-04-29T12:15:00+00:00,669.88000000,670.20000000,669.38000000,669.44000000,21.85000000
1777465800000,2026-04-29T12:30:00+00:00,669.40000000,669.63000000,668.55000000,669.49000000,57.58000000
1777466700000,2026-04-29T12:45:00+00:00,669.44000000,669.44000000,668.96000000,669.09000000,9.89000000
1777467600000,2026-04-29T13:00:00+00:00,669.10000000,670.19000000,669.10000000,670.05000000,13.88000000
1777468500000,2026-04-29T13:15:00+00:00,670.14000000,670.46000000,668.69000000,669.69000000,69.70000000
1777469400000,2026-04-29T13:30:00+00:00,669.61000000,669.61000000,664.62000000,665.01000000,559.32000000
1777470300000,2026-04-29T13:45:00+00:00,664.95000000,670.12000000,664.15000000,669.54000000,182.64000000
1777471200000,2026-04-29T14:00:00+00:00,669.63000000,672.66000000,668.82000000,672.66000000,138.20000000
1777472100000,2026-04-29T14:15:00+00:00,672.72000000,673.37000000,670.82000000,672.18000000,144.65000000
1777473000000,2026-04-29T14:30:00+00:00,672.01000000,674.23000000,670.90000000,672.98000000,77.75000000
1777473900000,2026-04-29T14:45:00+00:00,673.12000000,673.33000000,670.88000000,672.40000000,62.27000000
1777474800000,2026-04-29T15:00:00+00:00,672.25000000,672.47000000,669.06000000,669.38000000,27.76000000
1777475700000,2026-04-29T15:15:00+00:00,669.47000000,672.35000000,669.33000000,672.19000000,55.56000000
1777476600000,2026-04-29T15:30:00+00:00,672.37000000,672.57000000,671.05000000,671.66000000,23.36000000
1777477500000,2026-04-29T15:45:00+00:00,671.49000000,672.42000000,668.35000000,669.42000000,176.72000000
1777478400000,2026-04-29T16:00:00+00:00,669.42000000,672.30000000,669.31000000,672.00000000,63.61000000
1777479300000,2026-04-29T16:15:00+00:00,671.94000000,672.29000000,669.38000000,669.78000000,55.34000000
1777480200000,2026-04-29T16:30:00+00:00,669.61000000,669.61000000,667.08000000,668.65000000,58.29000000
1777481100000,2026-04-29T16:45:00+00:00,668.49000000,668.96000000,667.88000000,667.90000000,36.57000000
1777482000000,2026-04-29T17:00:00+00:00,668.01000000,670.78000000,667.64000000,670.23000000,55.35000000
1777482900000,2026-04-29T17:15:00+00:00,670.23000000,671.13000000,669.93000000,670.83000000,71.23000000
1777483800000,2026-04-29T17:30:00+00:00,670.86000000,671.30000000,669.64000000,670.52000000,37.25000000
1777484700000,2026-04-29T17:45:00+00:00,670.58000000,672.20000000,670.23000000,671.46000000,40.45000000
1777485600000,2026-04-29T18:00:00+00:00,671.76000000,671.95000000,669.18000000,670.86000000,132.41000000
1777486500000,2026-04-29T18:15:00+00:00,670.72000000,673.51000000,670.72000000,671.98000000,436.77000000
1777487400000,2026-04-29T18:30:00+00:00,671.37000000,673.00000000,670.79000000,672.38000000,990.79000000
1777488300000,2026-04-29T18:45:00+00:00,672.02000000,673.97000000,671.74000000,673.70000000,1647.93000000
1777489200000,2026-04-29T19:00:00+00:00,673.57000000,673.82000000,671.83000000,672.84000000,268.40000000
1777490100000,2026-04-29T19:15:00+00:00,673.04000000,674.24000000,672.82000000,673.23000000,539.75000000
1777491000000,2026-04-29T19:30:00+00:00,673.19000000,673.19000000,670.91000000,671.72000000,747.82000000
1777491900000,2026-04-29T19:45:00+00:00,671.74000000,672.29000000,667.84000000,669.72000000,262.35000000
1777492800000,2026-04-29T20:00:00+00:00,669.72000000,674.75000000,622.11000000,625.57000000,8926.71000000
1777493700000,2026-04-29T20:15:00+00:00,625.53000000,635.34000000,624.50000000,633.80000000,2563.26000000
1777494600000,2026-04-29T20:30:00+00:00,633.85000000,637.64000000,629.42000000,629.46000000,722.20000000
1777495500000,2026-04-29T20:45:00+00:00,629.42000000,630.69000000,624.35000000,625.58000000,469.12000000
1777496400000,2026-04-29T21:00:00+00:00,625.55000000,627.44000000,622.92000000,627.17000000,254.59000000
1777497300000,2026-04-29T21:15:00+00:00,627.19000000,627.19000000,622.74000000,624.80000000,236.48000000
1777498200000,2026-04-29T21:30:00+00:00,624.75000000,629.95000000,622.89000000,625.91000000,1198.98000000
1777499100000,2026-04-29T21:45:00+00:00,625.92000000,633.69000000,625.25000000,631.14000000,183.37000000
1777500000000,2026-04-29T22:00:00+00:00,631.28000000,631.68000000,626.34000000,629.99000000,258.84000000
1777500900000,2026-04-29T22:15:00+00:00,630.06000000,633.20000000,625.92000000,627.36000000,251.91000000
1777501800000,2026-04-29T22:30:00+00:00,627.31000000,628.08000000,624.90000000,625.20000000,182.50000000
1777502700000,2026-04-29T22:45:00+00:00,625.11000000,627.50000000,625.00000000,626.52000000,140.55000000
1777503600000,2026-04-29T23:00:00+00:00,626.72000000,627.11000000,625.63000000,626.08000000,95.04000000
1777504500000,2026-04-29T23:15:00+00:00,626.12000000,627.01000000,625.68000000,625.68000000,116.00000000
1777505400000,2026-04-29T23:30:00+00:00,625.68000000,625.70000000,622.50000000,623.80000000,122.65000000
1777506300000,2026-04-29T23:45:00+00:00,623.61000000,624.50000000,622.29000000,622.86000000,118.11000000
1777507200000,2026-04-30T00:00:00+00:00,622.73000000,626.03000000,622.73000000,624.60000000,364.91000000
1777508100000,2026-04-30T00:15:00+00:00,624.63000000,624.95000000,623.70000000,624.82000000,52.13000000
1777509000000,2026-04-30T00:30:00+00:00,624.89000000,626.95000000,624.89000000,626.95000000,67.33000000
1777509900000,2026-04-30T00:45:00+00:00,626.92000000,630.29000000,626.70000000,629.20000000,152.23000000
1777510800000,2026-04-30T01:00:00+00:00,629.16000000,629.16000000,627.04000000,627.20000000,74.55000000
1777511700000,2026-04-30T01:15:00+00:00,627.21000000,627.95000000,626.59000000,627.87000000,155.67000000
1777512600000,2026-04-30T01:30:00+00:00,627.86000000,627.86000000,626.16000000,626.87000000,50.02000000
1777513500000,2026-04-30T01:45:00+00:00,626.80000000,627.39000000,626.34000000,627.00000000,33.80000000
1777514400000,2026-04-30T02:00:00+00:00,627.01000000,627.20000000,626.53000000,626.95000000,43.12000000
1777515300000,2026-04-30T02:15:00+00:00,626.94000000,628.30000000,626.36000000,627.17000000,68.84000000
1777516200000,2026-04-30T02:30:00+00:00,627.23000000,628.53000000,625.79000000,627.75000000,279.82000000
1777517100000,2026-04-30T02:45:00+00:00,627.78000000,627.83000000,624.68000000,625.30000000,78.79000000
1777518000000,2026-04-30T03:00:00+00:00,625.17000000,625.99000000,624.66000000,625.30000000,77.22000000
1777518900000,2026-04-30T03:15:00+00:00,625.19000000,625.88000000,624.71000000,625.76000000,72.92000000
1777519800000,2026-04-30T03:30:00+00:00,625.76000000,626.30000000,625.56000000,625.70000000,28.23000000
1777520700000,2026-04-30T03:45:00+00:00,625.71000000,625.74000000,624.51000000,624.95000000,81.33000000
1777521600000,2026-04-30T04:00:00+00:00,624.95000000,625.05000000,622.92000000,623.16000000,160.59000000
1777522500000,2026-04-30T04:15:00+00:00,623.08000000,623.30000000,620.81000000,621.65000000,201.87000000
1777523400000,2026-04-30T04:30:00+00:00,621.65000000,621.65000000,619.58000000,621.15000000,185.72000000
1777524300000,2026-04-30T04:45:00+00:00,621.17000000,622.49000000,620.38000000,620.64000000,122.16000000
1777525200000,2026-04-30T05:00:00+00:00,620.54000000,623.06000000,620.49000000,623.06000000,70.43000000
1777526100000,2026-04-30T05:15:00+00:00,623.07000000,623.15000000,621.33000000,621.80000000,45.18000000
1777527000000,2026-04-30T05:30:00+00:00,621.77000000,623.26000000,621.76000000,622.15000000,49.88000000
1777527900000,2026-04-30T05:45:00+00:00,622.10000000,622.14000000,620.65000000,621.20000000,38.23000000
1777528800000,2026-04-30T06:00:00+00:00,621.00000000,621.10000000,620.00000000,620.98000000,71.86000000
1777529700000,2026-04-30T06:15:00+00:00,621.00000000,621.99000000,620.71000000,621.64000000,36.02000000
1777530600000,2026-04-30T06:30:00+00:00,621.64000000,622.71000000,621.10000000,622.13000000,42.01000000
1777531500000,2026-04-30T06:45:00+00:00,622.23000000,622.85000000,621.89000000,622.35000000,51.82000000
1777532400000,2026-04-30T07:00:00+00:00,622.34000000,623.60000000,621.66000000,622.98000000,125.49000000
1777533300000,2026-04-30T07:15:00+00:00,622.97000000,623.34000000,621.54000000,623.34000000,117.35000000
1777534200000,2026-04-30T07:30:00+00:00,623.37000000,624.09000000,622.69000000,623.76000000,75.39000000
1777535100000,2026-04-30T07:45:00+00:00,623.73000000,624.41000000,623.16000000,623.76000000,117.19000000
1777536000000,2026-04-30T08:00:00+00:00,623.76000000,624.84000000,618.20000000,618.60000000,1781.19000000
1777536900000,2026-04-30T08:15:00+00:00,618.50000000,618.64000000,615.77000000,616.86000000,436.03000000
1777537800000,2026-04-30T08:30:00+00:00,616.86000000,616.93000000,614.49000000,615.75000000,1517.59000000
1777538700000,2026-04-30T08:45:00+00:00,615.70000000,617.29000000,615.44000000,616.45000000,269.21000000
1777539600000,2026-04-30T09:00:00+00:00,616.45000000,616.45000000,612.65000000,613.79000000,494.88000000
1777540500000,2026-04-30T09:15:00+00:00,613.76000000,614.97000000,611.16000000,613.11000000,430.45000000
1777541400000,2026-04-30T09:30:00+00:00,613.15000000,613.35000000,608.96000000,609.29000000,284.51000000
1777542300000,2026-04-30T09:45:00+00:00,609.29000000,611.08000000,609.14000000,610.64000000,168.53000000
1777543200000,2026-04-30T10:00:00+00:00,610.52000000,612.59000000,610.42000000,611.83000000,112.13000000
1777544100000,2026-04-30T10:15:00+00:00,611.86000000,613.00000000,610.69000000,612.00000000,82.84000000
1777545000000,2026-04-30T10:30:00+00:00,612.02000000,612.15000000,608.20000000,609.63000000,200.26000000
1777545900000,2026-04-30T10:45:00+00:00,609.49000000,610.95000000,608.80000000,609.56000000,166.71000000
1777546800000,2026-04-30T11:00:00+00:00,609.56000000,611.10000000,607.12000000,609.60000000,458.60000000
1777547700000,2026-04-30T11:15:00+00:00,609.65000000,610.44000000,608.25000000,610.37000000,198.53000000
1777548600000,2026-04-30T11:30:00+00:00,610.26000000,610.30000000,606.56000000,606.94000000,79.02000000
1777549500000,2026-04-30T11:45:00+00:00,606.93000000,608.16000000,606.45000000,607.53000000,113.59000000
1777550400000,2026-04-30T12:00:00+00:00,607.49000000,609.10000000,606.35000000,606.74000000,102.05000000
1777551300000,2026-04-30T12:15:00+00:00,606.78000000,613.36000000,606.66000000,613.24000000,359.99000000
1777552200000,2026-04-30T12:30:00+00:00,613.28000000,615.69000000,611.78000000,613.85000000,416.09000000
1777553100000,2026-04-30T12:45:00+00:00,613.74000000,618.09000000,613.31000000,617.59000000,408.98000000
1777554000000,2026-04-30T13:00:00+00:00,617.59000000,619.75000000,612.41000000,612.93000000,467.74000000
1777554900000,2026-04-30T13:15:00+00:00,612.97000000,623.25000000,612.29000000,620.76000000,711.50000000
1777555800000,2026-04-30T13:30:00+00:00,620.59000000,620.60000000,601.93000000,609.53000000,3099.93000000
1777556700000,2026-04-30T13:45:00+00:00,609.30000000,610.82000000,603.48000000,604.40000000,812.85000000
1777557600000,2026-04-30T14:00:00+00:00,604.44000000,606.83000000,603.36000000,603.70000000,347.29000000
1777558500000,2026-04-30T14:15:00+00:00,603.77000000,603.77000000,600.77000000,603.00000000,522.08000000
1777559400000,2026-04-30T14:30:00+00:00,602.90000000,606.37000000,602.18000000,603.62000000,392.24000000
1777560300000,2026-04-30T14:45:00+00:00,603.60000000,608.78000000,603.44000000,608.70000000,425.20000000
1777561200000,2026-04-30T15:00:00+00:00,608.74000000,610.13000000,605.53000000,607.10000000,388.06000000
1777562100000,2026-04-30T15:15:00+00:00,607.15000000,608.21000000,605.87000000,607.15000000,338.73000000
1777563000000,2026-04-30T15:30:00+00:00,607.14000000,608.87000000,606.78000000,608.43000000,234.87000000
1777563900000,2026-04-30T15:45:00+00:00,608.47000000,610.02000000,606.99000000,608.65000000,186.43000000
1777564800000,2026-04-30T16:00:00+00:00,608.60000000,611.07000000,607.30000000,610.60000000,242.39000000
1777565700000,2026-04-30T16:15:00+00:00,610.60000000,612.45000000,608.88000000,609.80000000,244.60000000
1777566600000,2026-04-30T16:30:00+00:00,609.90000000,610.79000000,606.80000000,606.80000000,135.02000000
1777567500000,2026-04-30T16:45:00+00:00,606.80000000,609.25000000,606.63000000,608.80000000,103.76000000
1777568400000,2026-04-30T17:00:00+00:00,608.90000000,610.83000000,607.56000000,610.55000000,158.09000000
1777569300000,2026-04-30T17:15:00+00:00,610.50000000,610.50000000,607.13000000,608.36000000,68.21000000
1777570200000,2026-04-30T17:30:00+00:00,608.45000000,610.46000000,608.45000000,609.88000000,118.07000000
1777571100000,2026-04-30T17:45:00+00:00,609.93000000,614.07000000,609.92000000,613.80000000,161.96000000
1777572000000,2026-04-30T18:00:00+00:00,613.75000000,618.87000000,613.29000000,618.42000000,366.92000000
1777572900000,2026-04-30T18:15:00+00:00,618.17000000,619.20000000,615.40000000,616.94000000,448.70000000
1777573800000,2026-04-30T18:30:00+00:00,617.00000000,618.70000000,615.24000000,617.85000000,160.72000000
1777574700000,2026-04-30T18:45:00+00:00,617.70000000,617.95000000,616.51000000,616.83000000,53.27000000
1777575600000,2026-04-30T19:00:00+00:00,616.90000000,617.13000000,615.53000000,616.31000000,74.35000000
1777576500000,2026-04-30T19:15:00+00:00,616.33000000,618.54000000,615.84000000,617.70000000,75.67000000
1777577400000,2026-04-30T19:30:00+00:00,617.65000000,620.51000000,617.40000000,618.45000000,207.43000000
1777578300000,2026-04-30T19:45:00+00:00,618.41000000,618.41000000,612.65000000,613.05000000,282.34000000
1777579200000,2026-04-30T20:00:00+00:00,613.18000000,613.81000000,611.02000000,611.46000000,453.22000000
1777580100000,2026-04-30T20:15:00+00:00,611.55000000,614.12000000,611.55000000,612.31000000,59.34000000
1777581000000,2026-04-30T20:30:00+00:00,612.29000000,613.41000000,611.97000000,613.17000000,112.12000000
1777581900000,2026-04-30T20:45:00+00:00,613.27000000,615.36000000,613.07000000,614.69000000,88.75000000
1777582800000,2026-04-30T21:00:00+00:00,614.69000000,614.81000000,613.31000000,613.31000000,35.50000000
1777583700000,2026-04-30T21:15:00+00:00,613.33000000,614.62000000,613.14000000,613.36000000,28.47000000
1777584600000,2026-04-30T21:30:00+00:00,613.48000000,614.66000000,613.28000000,613.93000000,50.94000000
1777585500000,2026-04-30T21:45:00+00:00,613.77000000,614.69000000,613.28000000,614.68000000,31.88000000
1777586400000,2026-04-30T22:00:00+00:00,614.53000000,615.78000000,614.19000000,615.50000000,18.88000000
1777587300000,2026-04-30T22:15:00+00:00,615.51000000,615.54000000,615.00000000,615.18000000,124.67000000
1777588200000,2026-04-30T22:30:00+00:00,615.20000000,615.52000000,615.00000000,615.08000000,48.86000000
1777589100000,2026-04-30T22:45:00+00:00,615.07000000,615.18000000,615.00000000,615.00000000,1552.25000000
1777590000000,2026-04-30T23:00:00+00:00,615.00000000,615.16000000,615.00000000,615.00000000,147.53000000
1777590900000,2026-04-30T23:15:00+00:00,615.01000000,615.01000000,615.00000000,615.00000000,20.71000000
1777591800000,2026-04-30T23:30:00+00:00,615.00000000,615.04000000,614.41000000,614.84000000,22.64000000
1777592700000,2026-04-30T23:45:00+00:00,614.80000000,615.12000000,614.28000000,614.35000000,24.71000000
1777593600000,2026-05-01T00:00:00+00:00,614.38000000,616.50000000,613.09000000,613.59000000,199.17000000
1777594500000,2026-05-01T00:15:00+00:00,613.75000000,615.20000000,613.75000000,614.95000000,44.07000000
1777595400000,2026-05-01T00:30:00+00:00,614.95000000,615.89000000,614.88000000,615.40000000,53.94000000
1777596300000,2026-05-01T00:45:00+00:00,615.43000000,616.19000000,615.43000000,615.97000000,63.72000000
1777597200000,2026-05-01T01:00:00+00:00,615.97000000,616.40000000,615.76000000,616.40000000,22.98000000
1777598100000,2026-05-01T01:15:00+00:00,616.44000000,617.29000000,616.10000000,617.00000000,64.18000000
1777599000000,2026-05-01T01:30:00+00:00,616.98000000,617.00000000,616.17000000,616.17000000,34.64000000
1777599900000,2026-05-01T01:45:00+00:00,616.35000000,616.97000000,616.25000000,616.60000000,11.55000000
1777600800000,2026-05-01T02:00:00+00:00,616.57000000,616.69000000,615.94000000,616.14000000,34.56000000
1777601700000,2026-05-01T02:15:00+00:00,616.12000000,616.39000000,615.96000000,616.31000000,42.61000000
1777602600000,2026-05-01T02:30:00+00:00,616.31000000,616.65000000,616.17000000,616.65000000,21.41000000
1777603500000,2026-05-01T02:45:00+00:00,616.69000000,616.75000000,616.31000000,616.73000000,16.25000000
1777604400000,2026-05-01T03:00:00+00:00,616.71000000,617.13000000,616.65000000,616.85000000,24.30000000
1777605300000,2026-05-01T03:15:00+00:00,616.84000000,617.23000000,616.80000000,616.87000000,25.63000000
1777606200000,2026-05-01T03:30:00+00:00,616.89000000,617.07000000,615.22000000,616.19000000,195.79000000
1777607100000,2026-05-01T03:45:00+00:00,616.20000000,616.56000000,616.19000000,616.31000000,6.79000000
1777608000000,2026-05-01T04:00:00+00:00,616.34000000,616.51000000,615.73000000,616.25000000,22.33000000
1777608900000,2026-05-01T04:15:00+00:00,616.18000000,616.32000000,615.91000000,616.10000000,6.74000000
1777609800000,2026-05-01T04:30:00+00:00,616.10000000,616.27000000,615.30000000,615.71000000,30.25000000
1777610700000,2026-05-01T04:45:00+00:00,615.61000000,616.04000000,615.61000000,616.04000000,6.56000000
1777611600000,2026-05-01T05:00:00+00:00,615.96000000,616.31000000,615.70000000,616.28000000,10.97000000
1777612500000,2026-05-01T05:15:00+00:00,616.35000000,616.42000000,616.10000000,616.41000000,21.57000000
1777613400000,2026-05-01T05:30:00+00:00,616.42000000,616.52000000,616.20000000,616.45000000,16.09000000
1777614300000,2026-05-01T05:45:00+00:00,616.49000000,616.79000000,615.19000000,615.27000000,42.91000000
1777615200000,2026-05-01T06:00:00+00:00,615.40000000,615.68000000,615.20000000,615.59000000,9.94000000
1777616100000,2026-05-01T06:15:00+00:00,615.59000000,616.09000000,615.59000000,615.66000000,70.89000000
1777617000000,2026-05-01T06:30:00+00:00,615.80000000,615.90000000,614.45000000,614.80000000,77.50000000
1777617900000,2026-05-01T06:45:00+00:00,614.88000000,614.88000000,614.33000000,614.75000000,22.91000000
1777618800000,2026-05-01T07:00:00+00:00,614.76000000,615.36000000,614.32000000,615.08000000,43.35000000
1777619700000,2026-05-01T07:15:00+00:00,615.15000000,615.24000000,614.68000000,614.99000000,25.28000000
1777620600000,2026-05-01T07:30:00+00:00,614.91000000,614.96000000,614.53000000,614.56000000,15.03000000
1777621500000,2026-05-01T07:45:00+00:00,614.53000000,615.00000000,614.17000000,614.33000000,20.79000000
1777622400000,2026-05-01T08:00:00+00:00,614.40000000,615.95000000,613.07000000,615.89000000,687.54000000
1777623300000,2026-05-01T08:15:00+00:00,615.89000000,616.32000000,615.86000000,616.14000000,62.86000000
1777624200000,2026-05-01T08:30:00+00:00,616.16000000,616.16000000,614.74000000,615.27000000,59.73000000
1777625100000,2026-05-01T08:45:00+00:00,615.18000000,615.67000000,615.10000000,615.17000000,70.72000000
1777626000000,2026-05-01T09:00:00+00:00,615.20000000,615.74000000,614.99000000,615.40000000,31.04000000
1777626900000,2026-05-01T09:15:00+00:00,615.37000000,615.60000000,615.17000000,615.35000000,14.75000000
1777627800000,2026-05-01T09:30:00+00:00,615.24000000,615.50000000,615.19000000,615.28000000,48.91000000
1777628700000,2026-05-01T09:45:00+00:00,615.34000000,616.44000000,615.13000000,615.84000000,83.20000000
1777629600000,2026-05-01T10:00:00+00:00,615.84000000,615.86000000,614.89000000,615.12000000,32.72000000
1777630500000,2026-05-01T10:15:00+00:00,615.17000000,615.28000000,614.25000000,614.25000000,49.31000000
1777631400000,2026-05-01T10:30:00+00:00,614.23000000,614.45000000,613.30000000,613.66000000,62.05000000
1777632300000,2026-05-01T10:45:00+00:00,613.68000000,613.79000000,613.26000000,613.35000000,82.56000000
1777633200000,2026-05-01T11:00:00+00:00,613.45000000,613.98000000,612.30000000,612.37000000,47.27000000
1777634100000,2026-05-01T11:15:00+00:00,612.46000000,614.84000000,612.40000000,614.50000000,109.35000000
1777635000000,2026-05-01T11:30:00+00:00,614.52000000,614.52000000,613.80000000,613.96000000,15.19000000
1777635900000,2026-05-01T11:45:00+00:00,614.00000000,614.55000000,614.00000000,614.55000000,8.86000000
1777636800000,2026-05-01T12:00:00+00:00,614.55000000,615.93000000,614.36000000,615.72000000,83.91000000
1777637700000,2026-05-01T12:15:00+00:00,615.65000000,616.39000000,615.56000000,616.05000000,29.55000000
1777638600000,2026-05-01T12:30:00+00:00,616.00000000,616.10000000,614.45000000,614.64000000,326.07000000
1777639500000,2026-05-01T12:45:00+00:00,614.72000000,615.16000000,614.30000000,614.31000000,34.95000000
1777640400000,2026-05-01T13:00:00+00:00,614.28000000,614.53000000,613.66000000,614.44000000,78.72000000
1777641300000,2026-05-01T13:15:00+00:00,614.38000000,615.53000000,614.20000000,615.37000000,175.42000000
1777642200000,2026-05-01T13:30:00+00:00,615.37000000,619.09000000,611.56000000,612.84000000,1443.69000000
1777643100000,2026-05-01T13:45:00+00:00,612.90000000,614.75000000,611.00000000,613.70000000,273.76000000
1777644000000,2026-05-01T14:00:00+00:00,613.66000000,614.59000000,611.20000000,612.30000000,404.70000000
1777644900000,2026-05-01T14:15:00+00:00,612.25000000,614.16000000,611.55000000,612.01000000,272.03000000
1777645800000,2026-05-01T14:30:00+00:00,611.86000000,611.91000000,606.85000000,610.60000000,457.72000000
1777646700000,2026-05-01T14:45:00+00:00,610.61000000,612.68000000,610.40000000,611.95000000,91.90000000
1777647600000,2026-05-01T15:00:00+00:00,611.90000000,614.88000000,611.00000000,614.88000000,111.85000000
1777648500000,2026-05-01T15:15:00+00:00,614.90000000,615.00000000,613.94000000,614.64000000,193.13000000
1777649400000,2026-05-01T15:30:00+00:00,614.74000000,615.00000000,613.05000000,613.10000000,169.05000000
1777650300000,2026-05-01T15:45:00+00:00,613.00000000,613.21000000,610.70000000,611.95000000,667.22000000
1777651200000,2026-05-01T16:00:00+00:00,611.99000000,612.86000000,610.48000000,611.11000000,2048.45000000
1777652100000,2026-05-01T16:15:00+00:00,611.10000000,613.34000000,611.05000000,612.75000000,425.98000000
1777653000000,2026-05-01T16:30:00+00:00,612.68000000,613.15000000,611.40000000,612.42000000,258.62000000
1777653900000,2026-05-01T16:45:00+00:00,612.33000000,614.11000000,612.20000000,613.02000000,231.62000000
1777654800000,2026-05-01T17:00:00+00:00,612.82000000,613.49000000,612.21000000,612.70000000,51.68000000
1777655700000,2026-05-01T17:15:00+00:00,612.56000000,616.39000000,612.56000000,616.39000000,118.59000000
1777656600000,2026-05-01T17:30:00+00:00,616.40000000,616.69000000,614.15000000,614.69000000,166.42000000
1777657500000,2026-05-01T17:45:00+00:00,614.70000000,614.75000000,612.68000000,612.69000000,67.79000000
1777658400000,2026-05-01T18:00:00+00:00,612.80000000,612.84000000,611.24000000,611.40000000,55.63000000
1777659300000,2026-05-01T18:15:00+00:00,611.49000000,612.88000000,611.00000000,612.60000000,186.56000000
1777660200000,2026-05-01T18:30:00+00:00,612.65000000,614.10000000,612.11000000,613.10000000,43.99000000
1777661100000,2026-05-01T18:45:00+00:00,613.03000000,613.67000000,611.60000000,612.05000000,33.47000000
1777662000000,2026-05-01T19:00:00+00:00,612.04000000,612.53000000,610.48000000,610.58000000,51.02000000
1777662900000,2026-05-01T19:15:00+00:00,610.60000000,611.92000000,610.55000000,611.92000000,81.25000000
1777663800000,2026-05-01T19:30:00+00:00,611.92000000,613.13000000,611.70000000,613.00000000,35.72000000
1777664700000,2026-05-01T19:45:00+00:00,612.95000000,613.15000000,609.34000000,609.64000000,106.68000000
1777665600000,2026-05-01T20:00:00+00:00,609.66000000,610.50000000,609.37000000,610.13000000,44.96000000
1777666500000,2026-05-01T20:15:00+00:00,610.11000000,610.34000000,609.90000000,610.29000000,23.50000000
1777667400000,2026-05-01T20:30:00+00:00,610.33000000,610.33000000,609.65000000,609.67000000,19.11000000
1777668300000,2026-05-01T20:45:00+00:00,609.76000000,609.85000000,609.05000000,609.15000000,25.79000000
1777669200000,2026-05-01T21:00:00+00:00,609.26000000,609.43000000,609.19000000,609.24000000,19.15000000
1777670100000,2026-05-01T21:15:00+00:00,609.23000000,609.31000000,608.87000000,608.92000000,8.62000000
1777671000000,2026-05-01T21:30:00+00:00,608.91000000,609.51000000,608.80000000,609.05000000,26.19000000
1777671900000,2026-05-01T21:45:00+00:00,609.44000000,609.44000000,608.82000000,608.97000000,4.19000000
1777672800000,2026-05-01T22:00:00+00:00,608.97000000,609.70000000,608.88000000,609.36000000,22.93000000
1777673700000,2026-05-01T22:15:00+00:00,609.43000000,609.62000000,609.27000000,609.43000000,3.95000000
1777674600000,2026-05-01T22:30:00+00:00,609.56000000,609.71000000,609.45000000,609.54000000,7.46000000
1777675500000,2026-05-01T22:45:00+00:00,609.58000000,609.64000000,609.20000000,609.37000000,9.22000000
1777676400000,2026-05-01T23:00:00+00:00,609.45000000,609.53000000,609.40000000,609.40000000,5.00000000
1777677300000,2026-05-01T23:15:00+00:00,609.41000000,609.41000000,608.88000000,609.16000000,164.50000000
1777678200000,2026-05-01T23:30:00+00:00,609.20000000,609.20000000,609.11000000,609.19000000,5.73000000
1777679100000,2026-05-01T23:45:00+00:00,609.19000000,609.20000000,608.99000000,609.09000000,1.94000000
1777680000000,2026-05-02T00:00:00+00:00,609.10000000,609.50000000,608.90000000,609.10000000,88.52000000
1777680900000,2026-05-02T00:15:00+00:00,609.19000000,609.66000000,609.13000000,609.53000000,24.38000000
1777681800000,2026-05-02T00:30:00+00:00,609.53000000,609.62000000,609.14000000,609.22000000,12.31000000
1777682700000,2026-05-02T00:45:00+00:00,609.24000000,609.33000000,609.00000000,609.02000000,19.62000000
1777683600000,2026-05-02T01:00:00+00:00,609.03000000,609.43000000,608.98000000,609.43000000,21.14000000
1777684500000,2026-05-02T01:15:00+00:00,609.47000000,609.47000000,609.04000000,609.24000000,23.16000000
1777685400000,2026-05-02T01:30:00+00:00,609.28000000,609.31000000,608.96000000,609.04000000,3.39000000
1777686300000,2026-05-02T01:45:00+00:00,609.04000000,609.19000000,609.04000000,609.12000000,2.09000000
1777687200000,2026-05-02T02:00:00+00:00,609.15000000,609.34000000,609.07000000,609.28000000,6.95000000
1777688100000,2026-05-02T02:15:00+00:00,609.28000000,609.34000000,609.14000000,609.22000000,8.79000000
1777689000000,2026-05-02T02:30:00+00:00,609.22000000,609.43000000,609.22000000,609.35000000,4.11000000
1777689900000,2026-05-02T02:45:00+00:00,609.35000000,609.63000000,609.02000000,609.08000000,25.29000000
1777690800000,2026-05-02T03:00:00+00:00,609.13000000,609.37000000,609.12000000,609.27000000,20.02000000
1777691700000,2026-05-02T03:15:00+00:00,609.27000000,609.46000000,609.07000000,609.24000000,18.88000000
1777692600000,2026-05-02T03:30:00+00:00,609.23000000,609.33000000,608.94000000,609.22000000,21.76000000
1777693500000,2026-05-02T03:45:00+00:00,609.22000000,609.32000000,608.96000000,609.18000000,9.21000000
1777694400000,2026-05-02T04:00:00+00:00,609.18000000,609.30000000,608.97000000,609.11000000,16.24000000
1777695300000,2026-05-02T04:15:00+00:00,609.12000000,609.19000000,609.01000000,609.12000000,6.36000000
1777696200000,2026-05-02T04:30:00+00:00,609.11000000,609.32000000,608.95000000,609.03000000,7.01000000
1777697100000,2026-05-02T04:45:00+00:00,609.03000000,609.13000000,608.87000000,609.07000000,13.64000000
1777698000000,2026-05-02T05:00:00+00:00,609.06000000,609.20000000,609.00000000,609.20000000,12.12000000
1777698900000,2026-05-02T05:15:00+00:00,609.16000000,609.28000000,608.97000000,609.14000000,23.32000000
1777699800000,2026-05-02T05:30:00+00:00,609.17000000,609.38000000,609.10000000,609.34000000,14.80000000
1777700700000,2026-05-02T05:45:00+00:00,609.34000000,609.45000000,609.11000000,609.25000000,23.39000000
1777701600000,2026-05-02T06:00:00+00:00,609.25000000,609.50000000,609.01000000,609.08000000,28.72000000
1777702500000,2026-05-02T06:15:00+00:00,609.07000000,609.18000000,608.92000000,609.12000000,9.77000000
1777703400000,2026-05-02T06:30:00+00:00,609.11000000,609.34000000,609.08000000,609.26000000,23.15000000
1777704300000,2026-05-02T06:45:00+00:00,609.26000000,610.01000000,609.19000000,609.44000000,53.39000000
1777705200000,2026-05-02T07:00:00+00:00,609.43000000,609.43000000,609.12000000,609.43000000,4.57000000
1777706100000,2026-05-02T07:15:00+00:00,609.43000000,609.59000000,609.36000000,609.56000000,7.27000000
1777707000000,2026-05-02T07:30:00+00:00,609.62000000,609.62000000,609.21000000,609.46000000,26.03000000
1777707900000,2026-05-02T07:45:00+00:00,609.45000000,609.70000000,609.28000000,609.70000000,13.55000000
1777708800000,2026-05-02T08:00:00+00:00,609.70000000,609.70000000,608.95000000,609.01000000,53.44000000
1777709700000,2026-05-02T08:15:00+00:00,609.07000000,609.41000000,608.99000000,609.32000000,18.74000000
1777710600000,2026-05-02T08:30:00+00:00,609.32000000,609.45000000,609.05000000,609.25000000,15.15000000
1777711500000,2026-05-02T08:45:00+00:00,609.30000000,609.73000000,609.27000000,609.65000000,11.29000000
1777712400000,2026-05-02T09:00:00+00:00,609.65000000,609.65000000,608.91000000,609.06000000,20.00000000
1777713300000,2026-05-02T09:15:00+00:00,609.05000000,609.20000000,609.00000000,609.05000000,16.63000000
1777714200000,2026-05-02T09:30:00+00:00,609.04000000,609.40000000,608.81000000,609.39000000,15.24000000
1777715100000,2026-05-02T09:45:00+00:00,609.38000000,609.86000000,609.20000000,609.83000000,13.56000000
1777716000000,2026-05-02T10:00:00+00:00,609.83000000,609.92000000,609.27000000,609.27000000,25.46000000
1777716900000,2026-05-02T10:15:00+00:00,609.32000000,609.40000000,608.96000000,609.09000000,39.16000000
1777717800000,2026-05-02T10:30:00+00:00,609.09000000,609.67000000,608.95000000,609.41000000,37.52000000
1777718700000,2026-05-02T10:45:00+00:00,609.36000000,609.39000000,608.96000000,609.29000000,29.51000000
1777719600000,2026-05-02T11:00:00+00:00,609.27000000,609.91000000,609.27000000,609.91000000,30.05000000
1777720500000,2026-05-02T11:15:00+00:00,609.92000000,610.03000000,609.13000000,609.27000000,24.14000000
1777721400000,2026-05-02T11:30:00+00:00,609.26000000,609.42000000,609.13000000,609.33000000,13.12000000
1777722300000,2026-05-02T11:45:00+00:00,609.33000000,609.41000000,609.26000000,609.37000000,6.89000000
1777723200000,2026-05-02T12:00:00+00:00,609.34000000,609.42000000,609.20000000,609.40000000,10.13000000
1777724100000,2026-05-02T12:15:00+00:00,609.40000000,609.63000000,609.23000000,609.49000000,10.86000000
1777725000000,2026-05-02T12:30:00+00:00,609.56000000,609.75000000,609.40000000,609.53000000,19.00000000
1777725900000,2026-05-02T12:45:00+00:00,609.54000000,609.61000000,609.41000000,609.45000000,8.40000000
1777726800000,2026-05-02T13:00:00+00:00,609.46000000,609.53000000,609.05000000,609.22000000,9.84000000
1777727700000,2026-05-02T13:15:00+00:00,609.26000000,609.40000000,609.04000000,609.13000000,10.86000000
1777728600000,2026-05-02T13:30:00+00:00,609.13000000,609.66000000,609.09000000,609.62000000,18.70000000
1777729500000,2026-05-02T13:45:00+00:00,609.54000000,609.90000000,609.54000000,609.90000000,9.23000000
1777730400000,2026-05-02T14:00:00+00:00,609.84000000,609.94000000,609.56000000,609.68000000,15.09000000
1777731300000,2026-05-02T14:15:00+00:00,609.69000000,609.83000000,609.42000000,609.43000000,18.93000000
1777732200000,2026-05-02T14:30:00+00:00,609.43000000,609.48000000,609.20000000,609.33000000,11.46000000
1777733100000,2026-05-02T14:45:00+00:00,609.26000000,609.32000000,609.05000000,609.28000000,9.38000000
1777734000000,2026-05-02T15:00:00+00:00,609.21000000,609.22000000,608.76000000,609.06000000,45.83000000
1777734900000,2026-05-02T15:15:00+00:00,609.02000000,609.18000000,608.98000000,609.07000000,4.98000000
1777735800000,2026-05-02T15:30:00+00:00,609.13000000,609.20000000,608.98000000,608.98000000,8.95000000
1777736700000,2026-05-02T15:45:00+00:00,609.02000000,609.15000000,608.80000000,608.80000000,19.42000000
1777737600000,2026-05-02T16:00:00+00:00,609.05000000,609.77000000,609.00000000,609.40000000,54.43000000
1777738500000,2026-05-02T16:15:00+00:00,609.37000000,609.51000000,609.13000000,609.44000000,8.31000000
1777739400000,2026-05-02T16:30:00+00:00,609.43000000,609.55000000,609.40000000,609.40000000,3.42000000
1777740300000,2026-05-02T16:45:00+00:00,609.36000000,609.42000000,609.25000000,609.25000000,8.06000000
1777741200000,2026-05-02T17:00:00+00:00,609.25000000,610.58000000,608.89000000,609.27000000,162.26000000
1777742100000,2026-05-02T17:15:00+00:00,609.24000000,609.30000000,609.13000000,609.19000000,16.30000000
1777743000000,2026-05-02T17:30:00+00:00,609.19000000,609.53000000,609.16000000,609.22000000,47.51000000
1777743900000,2026-05-02T17:45:00+00:00,609.22000000,609.46000000,609.21000000,609.36000000,11.49000000
1777744800000,2026-05-02T18:00:00+00:00,609.34000000,609.54000000,609.30000000,609.35000000,12.81000000
1777745700000,2026-05-02T18:15:00+00:00,609.43000000,609.55000000,609.35000000,609.46000000,13.91000000
1777746600000,2026-05-02T18:30:00+00:00,609.41000000,609.47000000,609.36000000,609.46000000,11.76000000
1777747500000,2026-05-02T18:45:00+00:00,609.40000000,609.56000000,609.37000000,609.56000000,13.73000000
1777748400000,2026-05-02T19:00:00+00:00,609.53000000,610.16000000,609.44000000,609.67000000,9.15000000
1777749300000,2026-05-02T19:15:00+00:00,609.62000000,609.72000000,609.54000000,609.69000000,6.81000000
1777750200000,2026-05-02T19:30:00+00:00,609.72000000,609.80000000,608.99000000,609.10000000,42.67000000
1777751100000,2026-05-02T19:45:00+00:00,609.11000000,609.35000000,609.04000000,609.32000000,13.17000000
1777752000000,2026-05-02T20:00:00+00:00,609.34000000,609.59000000,609.28000000,609.50000000,7.62000000
1777752900000,2026-05-02T20:15:00+00:00,609.46000000,609.53000000,609.38000000,609.39000000,7.22000000
1777753800000,2026-05-02T20:30:00+00:00,609.44000000,609.64000000,609.40000000,609.48000000,4.38000000
1777754700000,2026-05-02T20:45:00+00:00,609.49000000,609.63000000,609.49000000,609.53000000,4.20000000
1777755600000,2026-05-02T21:00:00+00:00,609.54000000,609.81000000,609.52000000,609.66000000,5.08000000
1777756500000,2026-05-02T21:15:00+00:00,609.67000000,610.27000000,609.55000000,610.19000000,12.63000000
1777757400000,2026-05-02T21:30:00+00:00,610.05000000,610.92000000,609.73000000,610.87000000,9.98000000
1777758300000,2026-05-02T21:45:00+00:00,610.41000000,610.96000000,609.78000000,609.79000000,10.07000000
1777759200000,2026-05-02T22:00:00+00:00,609.79000000,609.84000000,609.64000000,609.71000000,5.71000000
1777760100000,2026-05-02T22:15:00+00:00,609.67000000,609.77000000,609.40000000,609.59000000,8.38000000
1777761000000,2026-05-02T22:30:00+00:00,609.59000000,609.60000000,609.18000000,609.48000000,3.92000000
1777761900000,2026-05-02T22:45:00+00:00,609.47000000,609.61000000,609.24000000,609.35000000,7.61000000
1777762800000,2026-05-02T23:00:00+00:00,609.41000000,609.83000000,609.19000000,609.43000000,5.41000000
1777763700000,2026-05-02T23:15:00+00:00,609.49000000,609.90000000,609.49000000,609.56000000,4.83000000
1777764600000,2026-05-02T23:30:00+00:00,609.61000000,609.61000000,609.19000000,609.39000000,3.76000000
1777765500000,2026-05-02T23:45:00+00:00,609.39000000,609.42000000,609.13000000,609.27000000,5.59000000
1777766400000,2026-05-03T00:00:00+00:00,609.26000000,610.04000000,609.26000000,609.71000000,10.02000000
1777767300000,2026-05-03T00:15:00+00:00,609.70000000,609.84000000,609.42000000,609.62000000,2.89000000
1777768200000,2026-05-03T00:30:00+00:00,609.74000000,609.96000000,609.50000000,609.71000000,3.29000000
1777769100000,2026-05-03T00:45:00+00:00,609.70000000,609.70000000,609.33000000,609.61000000,8.58000000
1777770000000,2026-05-03T01:00:00+00:00,609.62000000,609.62000000,609.35000000,609.47000000,6.58000000
1777770900000,2026-05-03T01:15:00+00:00,609.30000000,609.54000000,608.83000000,609.54000000,14.87000000
1777771800000,2026-05-03T01:30:00+00:00,609.54000000,609.92000000,609.35000000,609.59000000,9.33000000
1777772700000,2026-05-03T01:45:00+00:00,609.59000000,609.60000000,609.03000000,609.30000000,3.82000000
1777773600000,2026-05-03T02:00:00+00:00,609.30000000,609.30000000,608.97000000,609.13000000,13.50000000
1777774500000,2026-05-03T02:15:00+00:00,609.12000000,609.42000000,608.93000000,609.42000000,12.85000000
1777775400000,2026-05-03T02:30:00+00:00,609.40000000,609.40000000,609.07000000,609.31000000,3.89000000
1777776300000,2026-05-03T02:45:00+00:00,609.31000000,609.53000000,609.04000000,609.19000000,9.15000000
1777777200000,2026-05-03T03:00:00+00:00,609.15000000,610.00000000,609.10000000,609.89000000,13.05000000
1777778100000,2026-05-03T03:15:00+00:00,609.90000000,609.99000000,608.84000000,608.97000000,16.99000000
1777779000000,2026-05-03T03:30:00+00:00,609.07000000,609.37000000,608.84000000,609.16000000,5.93000000
1777779900000,2026-05-03T03:45:00+00:00,609.18000000,609.53000000,609.18000000,609.48000000,7.00000000
1777780800000,2026-05-03T04:00:00+00:00,609.42000000,609.97000000,608.95000000,609.80000000,8.15000000
1777781700000,2026-05-03T04:15:00+00:00,609.83000000,610.18000000,609.71000000,609.89000000,15.71000000
1777782600000,2026-05-03T04:30:00+00:00,609.85000000,609.89000000,609.02000000,609.45000000,27.34000000
1777783500000,2026-05-03T04:45:00+00:00,609.51000000,609.73000000,609.26000000,609.48000000,16.46000000
1777784400000,2026-05-03T05:00:00+00:00,609.51000000,609.61000000,609.31000000,609.51000000,21.34000000
1777785300000,2026-05-03T05:15:00+00:00,609.62000000,610.20000000,609.62000000,609.86000000,21.49000000
1777786200000,2026-05-03T05:30:00+00:00,609.96000000,609.96000000,609.70000000,609.72000000,7.69000000
1777787100000,2026-05-03T05:45:00+00:00,609.72000000,609.95000000,609.61000000,609.94000000,11.59000000
1777788000000,2026-05-03T06:00:00+00:00,609.95000000,609.95000000,609.77000000,609.82000000,3.34000000
1777788900000,2026-05-03T06:15:00+00:00,609.82000000,610.17000000,609.82000000,610.04000000,6.06000000
1777789800000,2026-05-03T06:30:00+00:00,610.00000000,610.11000000,609.71000000,609.87000000,12.31000000
1777790700000,2026-05-03T06:45:00+00:00,609.87000000,610.06000000,609.85000000,609.86000000,9.11000000
1777791600000,2026-05-03T07:00:00+00:00,609.86000000,610.15000000,609.78000000,610.03000000,7.49000000
1777792500000,2026-05-03T07:15:00+00:00,610.05000000,610.20000000,609.99000000,610.13000000,5.46000000
1777793400000,2026-05-03T07:30:00+00:00,610.16000000,610.17000000,609.99000000,610.07000000,6.50000000
1777794300000,2026-05-03T07:45:00+00:00,610.06000000,610.10000000,609.82000000,609.90000000,8.35000000
1777795200000,2026-05-03T08:00:00+00:00,609.92000000,610.46000000,609.92000000,610.39000000,6.95000000
1777796100000,2026-05-03T08:15:00+00:00,610.39000000,610.43000000,610.19000000,610.35000000,7.23000000
1777797000000,2026-05-03T08:30:00+00:00,610.37000000,610.48000000,610.28000000,610.43000000,5.68000000
1777797900000,2026-05-03T08:45:00+00:00,610.48000000,610.48000000,609.83000000,610.18000000,17.72000000
1777798800000,2026-05-03T09:00:00+00:00,610.19000000,610.32000000,609.95000000,609.98000000,13.23000000
1777799700000,2026-05-03T09:15:00+00:00,609.98000000,610.52000000,609.98000000,610.47000000,25.03000000
1777800600000,2026-05-03T09:30:00+00:00,610.46000000,610.57000000,610.29000000,610.48000000,3.43000000
1777801500000,2026-05-03T09:45:00+00:00,610.52000000,610.53000000,609.64000000,610.10000000,14.61000000
1777802400000,2026-05-03T10:00:00+00:00,610.07000000,610.07000000,609.70000000,609.83000000,8.59000000
1777803300000,2026-05-03T10:15:00+00:00,609.87000000,609.95000000,609.79000000,609.92000000,1.53000000
1777804200000,2026-05-03T10:30:00+00:00,609.88000000,610.06000000,609.84000000,610.06000000,3.59000000
1777805100000,2026-05-03T10:45:00+00:00,610.05000000,610.15000000,609.99000000,609.99000000,3.72000000
1777806000000,2026-05-03T11:00:00+00:00,609.99000000,609.99000000,609.78000000,609.95000000,4.28000000
1777806900000,2026-05-03T11:15:00+00:00,609.94000000,609.97000000,609.83000000,609.87000000,1.84000000
1777807800000,2026-05-03T11:30:00+00:00,609.96000000,610.12000000,609.96000000,610.11000000,1.97000000
1777808700000,2026-05-03T11:45:00+00:00,610.08000000,610.14000000,609.99000000,610.04000000,1.52000000
1777809600000,2026-05-03T12:00:00+00:00,610.05000000,610.19000000,610.00000000,610.11000000,9.42000000
1777810500000,2026-05-03T12:15:00+00:00,610.10000000,610.33000000,610.09000000,610.33000000,15.73000000
1777811400000,2026-05-03T12:30:00+00:00,610.31000000,610.31000000,610.06000000,610.26000000,13.95000000
1777812300000,2026-05-03T12:45:00+00:00,610.26000000,610.44000000,610.17000000,610.28000000,7.45000000
1777813200000,2026-05-03T13:00:00+00:00,610.27000000,610.28000000,610.00000000,610.02000000,3.89000000
1777814100000,2026-05-03T13:15:00+00:00,610.02000000,610.02000000,609.64000000,609.93000000,16.57000000
1777815000000,2026-05-03T13:30:00+00:00,609.87000000,610.23000000,609.75000000,610.08000000,15.26000000
1777815900000,2026-05-03T13:45:00+00:00,610.12000000,610.25000000,609.99000000,610.18000000,10.42000000
1777816800000,2026-05-03T14:00:00+00:00,610.18000000,610.61000000,610.09000000,610.09000000,10.32000000
1777817700000,2026-05-03T14:15:00+00:00,610.08000000,610.23000000,610.03000000,610.23000000,6.48000000
1777818600000,2026-05-03T14:30:00+00:00,610.23000000,610.39000000,610.11000000,610.38000000,10.29000000
1777819500000,2026-05-03T14:45:00+00:00,610.39000000,610.40000000,610.30000000,610.30000000,4.45000000
1777820400000,2026-05-03T15:00:00+00:00,610.29000000,610.30000000,609.84000000,609.94000000,6.25000000
1777821300000,2026-05-03T15:15:00+00:00,609.81000000,609.81000000,609.51000000,609.76000000,15.26000000
1777822200000,2026-05-03T15:30:00+00:00,609.75000000,610.19000000,609.75000000,610.19000000,3.74000000
1777823100000,2026-05-03T15:45:00+00:00,610.26000000,610.33000000,609.21000000,609.52000000,22.88000000
1777824000000,2026-05-03T16:00:00+00:00,609.51000000,611.51000000,609.45000000,610.88000000,46.56000000
1777824900000,2026-05-03T16:15:00+00:00,610.83000000,611.51000000,610.83000000,611.11000000,39.18000000
1777825800000,2026-05-03T16:30:00+00:00,611.10000000,611.32000000,610.94000000,611.20000000,33.05000000
1777826700000,2026-05-03T16:45:00+00:00,611.20000000,611.36000000,611.17000000,611.34000000,4.64000000
1777827600000,2026-05-03T17:00:00+00:00,611.35000000,613.19000000,611.30000000,612.33000000,150.78000000
1777828500000,2026-05-03T17:15:00+00:00,612.35000000,612.39000000,611.94000000,612.26000000,21.46000000
1777829400000,2026-05-03T17:30:00+00:00,612.25000000,612.38000000,612.12000000,612.15000000,20.03000000
1777830300000,2026-05-03T17:45:00+00:00,612.15000000,612.17000000,611.80000000,611.80000000,26.11000000
1777831200000,2026-05-03T18:00:00+00:00,611.83000000,611.83000000,611.22000000,611.45000000,25.70000000
1777832100000,2026-05-03T18:15:00+00:00,611.52000000,611.78000000,611.51000000,611.77000000,4.22000000
1777833000000,2026-05-03T18:30:00+00:00,611.77000000,611.77000000,611.32000000,611.39000000,16.02000000
1777833900000,2026-05-03T18:45:00+00:00,611.38000000,611.78000000,611.25000000,611.75000000,23.68000000
1777834800000,2026-05-03T19:00:00+00:00,611.63000000,611.72000000,611.21000000,611.35000000,26.06000000
1777835700000,2026-05-03T19:15:00+00:00,611.32000000,611.34000000,611.13000000,611.34000000,11.65000000
1777836600000,2026-05-03T19:30:00+00:00,611.29000000,612.24000000,611.29000000,612.03000000,58.36000000
1777837500000,2026-05-03T19:45:00+00:00,612.04000000,612.08000000,611.81000000,611.99000000,13.54000000
1777838400000,2026-05-03T20:00:00+00:00,611.88000000,611.95000000,611.70000000,611.95000000,26.05000000
1777839300000,2026-05-03T20:15:00+00:00,611.96000000,612.63000000,611.92000000,612.53000000,61.93000000
1777840200000,2026-05-03T20:30:00+00:00,612.47000000,612.85000000,612.37000000,612.65000000,48.46000000
1777841100000,2026-05-03T20:45:00+00:00,612.60000000,612.78000000,611.66000000,612.01000000,13.00000000
1777842000000,2026-05-03T21:00:00+00:00,612.06000000,612.07000000,611.21000000,611.73000000,18.01000000
1777842900000,2026-05-03T21:15:00+00:00,611.73000000,611.77000000,610.67000000,611.52000000,9.75000000
1777843800000,2026-05-03T21:30:00+00:00,611.59000000,612.42000000,611.45000000,612.22000000,15.06000000
1777844700000,2026-05-03T21:45:00+00:00,612.31000000,613.32000000,612.16000000,613.32000000,25.74000000
1777845600000,2026-05-03T22:00:00+00:00,613.32000000,613.32000000,611.81000000,612.64000000,130.12000000
1777846500000,2026-05-03T22:15:00+00:00,612.57000000,612.57000000,611.67000000,612.13000000,33.33000000
1777847400000,2026-05-03T22:30:00+00:00,612.14000000,612.28000000,612.03000000,612.10000000,17.76000000
1777848300000,2026-05-03T22:45:00+00:00,612.10000000,612.16000000,611.61000000,611.61000000,57.34000000
1777849200000,2026-05-03T23:00:00+00:00,611.69000000,611.92000000,611.15000000,611.18000000,47.59000000
1777850100000,2026-05-03T23:15:00+00:00,611.22000000,611.44000000,610.76000000,611.19000000,172.31000000
1777851000000,2026-05-03T23:30:00+00:00,611.08000000,611.30000000,609.70000000,610.11000000,282.66000000
1777851900000,2026-05-03T23:45:00+00:00,610.11000000,610.87000000,607.84000000,609.50000000,395.41000000
1777852800000,2026-05-04T00:00:00+00:00,609.68000000,612.95000000,608.66000000,610.46000000,464.75000000
1777853700000,2026-05-04T00:15:00+00:00,610.51000000,610.80000000,609.98000000,610.29000000,345.57000000
1777854600000,2026-05-04T00:30:00+00:00,610.28000000,611.10000000,609.97000000,610.69000000,347.04000000
1777855500000,2026-05-04T00:45:00+00:00,610.61000000,611.39000000,610.51000000,611.07000000,57.06000000
1777856400000,2026-05-04T01:00:00+00:00,611.07000000,611.71000000,610.98000000,611.67000000,71.55000000
1777857300000,2026-05-04T01:15:00+00:00,611.68000000,612.28000000,611.64000000,611.94000000,73.07000000
1777858200000,2026-05-04T01:30:00+00:00,611.87000000,612.79000000,611.71000000,612.68000000,25.27000000
1777859100000,2026-05-04T01:45:00+00:00,612.69000000,613.76000000,612.64000000,613.73000000,76.11000000
1777860000000,2026-05-04T02:00:00+00:00,613.78000000,613.92000000,612.60000000,613.02000000,90.54000000
1777860900000,2026-05-04T02:15:00+00:00,613.02000000,613.02000000,612.20000000,612.31000000,53.89000000
1777861800000,2026-05-04T02:30:00+00:00,612.21000000,613.31000000,612.16000000,612.73000000,70.09000000
1777862700000,2026-05-04T02:45:00+00:00,612.72000000,612.85000000,612.28000000,612.46000000,53.62000000
1777863600000,2026-05-04T03:00:00+00:00,612.53000000,612.79000000,612.46000000,612.79000000,56.93000000
1777864500000,2026-05-04T03:15:00+00:00,612.78000000,612.79000000,612.08000000,612.09000000,33.11000000
1777865400000,2026-05-04T03:30:00+00:00,612.08000000,612.25000000,611.52000000,612.10000000,26.02000000
1777866300000,2026-05-04T03:45:00+00:00,612.03000000,612.41000000,611.67000000,612.29000000,48.07000000
1777867200000,2026-05-04T04:00:00+00:00,612.30000000,612.39000000,611.95000000,611.98000000,19.21000000
1777868100000,2026-05-04T04:15:00+00:00,611.99000000,612.51000000,611.99000000,612.42000000,37.23000000
1777869000000,2026-05-04T04:30:00+00:00,612.50000000,612.72000000,612.40000000,612.41000000,21.96000000
1777869900000,2026-05-04T04:45:00+00:00,612.41000000,612.57000000,612.25000000,612.57000000,16.66000000
1777870800000,2026-05-04T05:00:00+00:00,612.60000000,612.85000000,612.34000000,612.85000000,12.14000000
1777871700000,2026-05-04T05:15:00+00:00,612.84000000,612.85000000,611.80000000,611.80000000,25.11000000
1777872600000,2026-05-04T05:30:00+00:00,611.81000000,612.49000000,611.77000000,611.99000000,60.08000000
1777873500000,2026-05-04T05:45:00+00:00,612.09000000,612.16000000,611.64000000,611.66000000,31.67000000
1777874400000,2026-05-04T06:00:00+00:00,611.67000000,611.84000000,611.22000000,611.75000000,32.41000000
1777875300000,2026-05-04T06:15:00+00:00,611.77000000,611.78000000,611.21000000,611.63000000,28.28000000
1777876200000,2026-05-04T06:30:00+00:00,611.64000000,611.80000000,611.21000000,611.45000000,25.56000000
1777877100000,2026-05-04T06:45:00+00:00,611.50000000,611.87000000,611.15000000,611.35000000,42.32000000
1777878000000,2026-05-04T07:00:00+00:00,611.41000000,611.70000000,610.92000000,611.56000000,59.55000000
1777878900000,2026-05-04T07:15:00+00:00,611.53000000,612.29000000,611.52000000,612.04000000,39.32000000
1777879800000,2026-05-04T07:30:00+00:00,612.01000000,612.33000000,611.61000000,612.33000000,38.01000000
1777880700000,2026-05-04T07:45:00+00:00,612.32000000,613.33000000,612.31000000,612.32000000,80.91000000
1777881600000,2026-05-04T08:00:00+00:00,612.32000000,612.53000000,611.04000000,611.85000000,118.12000000
1777882500000,2026-05-04T08:15:00+00:00,611.90000000,611.92000000,611.22000000,611.85000000,19.68000000
1777883400000,2026-05-04T08:30:00+00:00,611.85000000,612.53000000,611.69000000,612.53000000,17.18000000
1777884300000,2026-05-04T08:45:00+00:00,612.53000000,612.94000000,612.23000000,612.23000000,29.28000000
1777885200000,2026-05-04T09:00:00+00:00,612.26000000,612.82000000,612.11000000,612.82000000,41.55000000
1777886100000,2026-05-04T09:15:00+00:00,612.81000000,613.03000000,612.24000000,613.03000000,29.25000000
1777887000000,2026-05-04T09:30:00+00:00,613.01000000,613.99000000,612.96000000,613.47000000,53.70000000
1777887900000,2026-05-04T09:45:00+00:00,613.45000000,613.97000000,613.17000000,613.17000000,53.10000000
1777888800000,2026-05-04T10:00:00+00:00,613.19000000,613.32000000,608.37000000,608.83000000,341.54000000
1777889700000,2026-05-04T10:15:00+00:00,608.85000000,608.92000000,606.73000000,608.43000000,256.57000000
1777890600000,2026-05-04T10:30:00+00:00,608.39000000,611.19000000,608.36000000,610.60000000,197.39000000
1777891500000,2026-05-04T10:45:00+00:00,610.61000000,610.61000000,609.22000000,609.54000000,106.07000000
1777892400000,2026-05-04T11:00:00+00:00,609.50000000,610.45000000,609.10000000,609.55000000,71.00000000
1777893300000,2026-05-04T11:15:00+00:00,609.50000000,609.84000000,608.74000000,608.76000000,18.73000000
1777894200000,2026-05-04T11:30:00+00:00,608.72000000,609.12000000,608.15000000,608.15000000,44.68000000
1777895100000,2026-05-04T11:45:00+00:00,608.10000000,608.95000000,608.04000000,608.70000000,34.53000000
1777896000000,2026-05-04T12:00:00+00:00,608.69000000,609.39000000,608.66000000,609.05000000,31.69000000
1777896900000,2026-05-04T12:15:00+00:00,609.00000000,609.42000000,608.87000000,609.31000000,36.66000000
1777897800000,2026-05-04T12:30:00+00:00,609.31000000,609.46000000,608.42000000,608.64000000,40.08000000
1777898700000,2026-05-04T12:45:00+00:00,608.66000000,608.69000000,608.06000000,608.07000000,26.30000000
1777899600000,2026-05-04T13:00:00+00:00,608.07000000,608.99000000,607.40000000,608.61000000,67.30000000
1777900500000,2026-05-04T13:15:00+00:00,608.61000000,609.04000000,608.09000000,608.13000000,82.22000000
1777901400000,2026-05-04T13:30:00+00:00,608.20000000,608.79000000,605.01000000,606.27000000,987.17000000
1777902300000,2026-05-04T13:45:00+00:00,606.26000000,607.10000000,604.73000000,604.80000000,381.56000000
1777903200000,2026-05-04T14:00:00+00:00,604.84000000,606.15000000,603.46000000,605.85000000,225.13000000
1777904100000,2026-05-04T14:15:00+00:00,605.85000000,607.80000000,605.61000000,606.10000000,327.85000000
1777905000000,2026-05-04T14:30:00+00:00,606.15000000,610.73000000,605.81000000,610.61000000,282.23000000
1777905900000,2026-05-04T14:45:00+00:00,610.60000000,613.97000000,610.08000000,613.20000000,228.20000000
1777906800000,2026-05-04T15:00:00+00:00,613.23000000,614.22000000,611.35000000,611.64000000,182.37000000
1777907700000,2026-05-04T15:15:00+00:00,611.52000000,612.04000000,607.50000000,608.83000000,237.60000000
1777908600000,2026-05-04T15:30:00+00:00,608.79000000,608.88000000,606.77000000,608.86000000,198.78000000
1777909500000,2026-05-04T15:45:00+00:00,608.81000000,611.20000000,608.11000000,608.88000000,269.39000000
1777910400000,2026-05-04T16:00:00+00:00,608.91000000,609.71000000,607.54000000,609.13000000,163.30000000
1777911300000,2026-05-04T16:15:00+00:00,609.15000000,612.54000000,608.82000000,611.82000000,127.14000000
1777912200000,2026-05-04T16:30:00+00:00,611.68000000,612.77000000,611.32000000,611.94000000,238.30000000
1777913100000,2026-05-04T16:45:00+00:00,611.88000000,611.88000000,610.09000000,611.11000000,62.65000000
1777914000000,2026-05-04T17:00:00+00:00,611.16000000,613.33000000,610.90000000,611.92000000,130.72000000
1777914900000,2026-05-04T17:15:00+00:00,611.77000000,613.26000000,611.48000000,612.27000000,47.72000000
1777915800000,2026-05-04T17:30:00+00:00,612.26000000,613.00000000,611.59000000,613.00000000,83.43000000
1777916700000,2026-05-04T17:45:00+00:00,612.93000000,614.23000000,612.30000000,613.68000000,97.50000000
1777917600000,2026-05-04T18:00:00+00:00,613.62000000,614.38000000,612.78000000,612.78000000,46.47000000
1777918500000,2026-05-04T18:15:00+00:00,612.76000000,613.03000000,611.84000000,612.86000000,61.88000000
1777919400000,2026-05-04T18:30:00+00:00,612.90000000,613.10000000,611.93000000,612.49000000,62.39000000
1777920300000,2026-05-04T18:45:00+00:00,612.56000000,612.75000000,611.22000000,612.10000000,32.44000000
1777921200000,2026-05-04T19:00:00+00:00,612.16000000,612.66000000,610.75000000,611.99000000,98.63000000
1777922100000,2026-05-04T19:15:00+00:00,611.85000000,612.71000000,611.35000000,612.66000000,32.41000000
1777923000000,2026-05-04T19:30:00+00:00,612.72000000,613.39000000,611.89000000,612.15000000,52.71000000
1777923900000,2026-05-04T19:45:00+00:00,612.16000000,612.45000000,610.68000000,610.74000000,73.04000000
1777924800000,2026-05-04T20:00:00+00:00,610.76000000,610.76000000,609.95000000,610.28000000,56.79000000
1777925700000,2026-05-04T20:15:00+00:00,610.28000000,610.49000000,610.19000000,610.44000000,18.56000000
1777926600000,2026-05-04T20:30:00+00:00,610.38000000,610.49000000,610.21000000,610.27000000,12.40000000
1777927500000,2026-05-04T20:45:00+00:00,610.28000000,610.37000000,610.20000000,610.34000000,3.13000000
1777928400000,2026-05-04T21:00:00+00:00,610.32000000,610.43000000,610.26000000,610.30000000,4.16000000
1777929300000,2026-05-04T21:15:00+00:00,610.38000000,610.74000000,610.19000000,610.60000000,4.67000000
1777930200000,2026-05-04T21:30:00+00:00,610.60000000,610.64000000,610.04000000,610.04000000,9.38000000
1777931100000,2026-05-04T21:45:00+00:00,610.17000000,610.68000000,610.08000000,610.13000000,12.09000000
1777932000000,2026-05-04T22:00:00+00:00,610.20000000,610.46000000,610.20000000,610.46000000,6.75000000
1777932900000,2026-05-04T22:15:00+00:00,610.44000000,610.44000000,610.27000000,610.27000000,2.94000000
1777933800000,2026-05-04T22:30:00+00:00,610.27000000,610.42000000,610.21000000,610.39000000,9.97000000
1777934700000,2026-05-04T22:45:00+00:00,610.39000000,610.39000000,610.00000000,610.21000000,17.88000000
1777935600000,2026-05-04T23:00:00+00:00,610.23000000,610.28000000,610.00000000,610.24000000,6.37000000
1777936500000,2026-05-04T23:15:00+00:00,610.21000000,610.23000000,610.16000000,610.23000000,0.82000000
1777937400000,2026-05-04T23:30:00+00:00,610.21000000,610.21000000,610.04000000,610.12000000,3.86000000
1777938300000,2026-05-04T23:45:00+00:00,610.15000000,610.36000000,610.07000000,610.17000000,9.78000000
1777939200000,2026-05-05T00:00:00+00:00,610.24000000,611.41000000,610.24000000,610.50000000,84.66000000
1777940100000,2026-05-05T00:15:00+00:00,610.52000000,610.52000000,609.80000000,609.83000000,28.95000000
1777941000000,2026-05-05T00:30:00+00:00,609.84000000,610.48000000,609.84000000,610.21000000,15.86000000
1777941900000,2026-05-05T00:45:00+00:00,610.31000000,610.78000000,610.22000000,610.57000000,26.03000000
1777942800000,2026-05-05T01:00:00+00:00,610.67000000,610.84000000,610.44000000,610.84000000,3.19000000
1777943700000,2026-05-05T01:15:00+00:00,610.86000000,611.20000000,610.86000000,611.12000000,6.09000000
1777944600000,2026-05-05T01:30:00+00:00,611.18000000,611.54000000,610.75000000,611.34000000,22.38000000
1777945500000,2026-05-05T01:45:00+00:00,611.33000000,611.62000000,611.33000000,611.58000000,14.52000000
1777946400000,2026-05-05T02:00:00+00:00,611.54000000,611.91000000,611.37000000,611.37000000,7.98000000
1777947300000,2026-05-05T02:15:00+00:00,611.51000000,611.98000000,611.48000000,611.91000000,6.38000000
1777948200000,2026-05-05T02:30:00+00:00,611.92000000,612.58000000,611.91000000,612.34000000,32.76000000
1777949100000,2026-05-05T02:45:00+00:00,612.34000000,612.42000000,611.68000000,611.97000000,8.00000000
1777950000000,2026-05-05T03:00:00+00:00,612.00000000,612.15000000,611.80000000,611.90000000,15.32000000
1777950900000,2026-05-05T03:15:00+00:00,611.89000000,611.97000000,611.68000000,611.97000000,3.70000000
1777951800000,2026-05-05T03:30:00+00:00,611.97000000,612.11000000,611.93000000,612.04000000,3.64000000
1777952700000,2026-05-05T03:45:00+00:00,612.05000000,612.11000000,611.97000000,612.03000000,2.32000000
1777953600000,2026-05-05T04:00:00+00:00,612.12000000,612.24000000,611.70000000,611.70000000,11.63000000
1777954500000,2026-05-05T04:15:00+00:00,611.78000000,611.93000000,611.70000000,611.86000000,3.56000000
1777955400000,2026-05-05T04:30:00+00:00,611.92000000,611.92000000,611.55000000,611.84000000,7.62000000
1777956300000,2026-05-05T04:45:00+00:00,611.84000000,611.97000000,611.77000000,611.89000000,3.05000000
1777957200000,2026-05-05T05:00:00+00:00,611.88000000,611.97000000,611.70000000,611.79000000,2.90000000
1777958100000,2026-05-05T05:15:00+00:00,611.79000000,612.06000000,611.68000000,611.82000000,8.23000000
1777959000000,2026-05-05T05:30:00+00:00,611.74000000,612.27000000,611.74000000,612.27000000,14.49000000
1777959900000,2026-05-05T05:45:00+00:00,612.27000000,612.40000000,612.09000000,612.19000000,11.63000000
1777960800000,2026-05-05T06:00:00+00:00,612.21000000,613.05000000,612.21000000,612.77000000,17.79000000
1777961700000,2026-05-05T06:15:00+00:00,612.72000000,612.73000000,611.85000000,612.12000000,9.20000000
1777962600000,2026-05-05T06:30:00+00:00,612.14000000,613.26000000,612.14000000,613.14000000,16.12000000
1777963500000,2026-05-05T06:45:00+00:00,613.26000000,613.80000000,613.11000000,613.73000000,24.52000000
1777964400000,2026-05-05T07:00:00+00:00,613.67000000,613.88000000,613.42000000,613.84000000,13.19000000
1777965300000,2026-05-05T07:15:00+00:00,613.85000000,613.85000000,613.41000000,613.61000000,10.65000000
1777966200000,2026-05-05T07:30:00+00:00,613.59000000,614.13000000,613.35000000,613.96000000,6.55000000
1777967100000,2026-05-05T07:45:00+00:00,613.96000000,613.96000000,612.90000000,613.30000000,13.76000000
1777968000000,2026-05-05T08:00:00+00:00,613.31000000,614.06000000,613.31000000,613.89000000,145.20000000
1777968900000,2026-05-05T08:15:00+00:00,613.82000000,613.96000000,613.50000000,613.84000000,115.25000000
1777969800000,2026-05-05T08:30:00+00:00,613.84000000,613.92000000,613.56000000,613.56000000,78.94000000
1777970700000,2026-05-05T08:45:00+00:00,613.56000000,613.71000000,613.24000000,613.49000000,115.54000000
1777971600000,2026-05-05T09:00:00+00:00,613.49000000,613.49000000,612.97000000,613.34000000,47.95000000
1777972500000,2026-05-05T09:15:00+00:00,613.33000000,613.58000000,613.17000000,613.53000000,35.21000000
1777973400000,2026-05-05T09:30:00+00:00,613.53000000,614.02000000,613.50000000,613.60000000,61.02000000
1777974300000,2026-05-05T09:45:00+00:00,613.53000000,613.79000000,613.50000000,613.76000000,3.46000000
1777975200000,2026-05-05T10:00:00+00:00,613.77000000,613.90000000,613.53000000,613.83000000,14.43000000
1777976100000,2026-05-05T10:15:00+00:00,613.85000000,614.14000000,613.76000000,614.09000000,8.98000000
1777977000000,2026-05-05T10:30:00+00:00,614.08000000,614.56000000,614.02000000,614.23000000,32.39000000
1777977900000,2026-05-05T10:45:00+00:00,614.21000000,614.26000000,613.82000000,614.15000000,40.38000000
1777978800000,2026-05-05T11:00:00+00:00,614.13000000,614.22000000,613.17000000,613.17000000,26.93000000
1777979700000,2026-05-05T11:15:00+00:00,613.20000000,613.35000000,612.75000000,613.11000000,60.69000000
1777980600000,2026-05-05T11:30:00+00:00,613.10000000,613.47000000,612.94000000,612.97000000,40.18000000
1777981500000,2026-05-05T11:45:00+00:00,612.96000000,612.96000000,612.79000000,612.84000000,42.00000000
1777982400000,2026-05-05T12:00:00+00:00,612.79000000,614.13000000,612.76000000,613.89000000,74.25000000
1777983300000,2026-05-05T12:15:00+00:00,613.87000000,614.07000000,613.64000000,613.93000000,29.19000000
1777984200000,2026-05-05T12:30:00+00:00,614.04000000,614.48000000,613.83000000,614.22000000,41.51000000
1777985100000,2026-05-05T12:45:00+00:00,614.20000000,614.20000000,613.86000000,614.01000000,15.25000000
1777986000000,2026-05-05T13:00:00+00:00,614.02000000,615.42000000,614.02000000,614.70000000,72.52000000
1777986900000,2026-05-05T13:15:00+00:00,614.70000000,614.78000000,613.98000000,614.05000000,60.77000000
1777987800000,2026-05-05T13:30:00+00:00,614.00000000,614.76000000,606.84000000,607.24000000,1129.94000000
1777988700000,2026-05-05T13:45:00+00:00,607.25000000,609.00000000,606.72000000,607.48000000,407.37000000
1777989600000,2026-05-05T14:00:00+00:00,607.46000000,608.18000000,605.34000000,605.65000000,1498.69000000
1777990500000,2026-05-05T14:15:00+00:00,605.48000000,605.69000000,604.03000000,604.96000000,204.80000000
1777991400000,2026-05-05T14:30:00+00:00,604.97000000,606.38000000,604.53000000,604.85000000,68.46000000
1777992300000,2026-05-05T14:45:00+00:00,604.89000000,605.03000000,602.48000000,603.30000000,252.52000000
1777993200000,2026-05-05T15:00:00+00:00,603.36000000,603.59000000,601.91000000,603.18000000,186.48000000
1777994100000,2026-05-05T15:15:00+00:00,603.11000000,604.97000000,602.17000000,604.97000000,141.28000000
1777995000000,2026-05-05T15:30:00+00:00,604.96000000,605.54000000,604.38000000,604.67000000,215.51000000
1777995900000,2026-05-05T15:45:00+00:00,604.67000000,605.20000000,602.68000000,602.68000000,45.21000000
1777996800000,2026-05-05T16:00:00+00:00,602.70000000,603.16000000,601.42000000,601.60000000,54.66000000
1777997700000,2026-05-05T16:15:00+00:00,601.57000000,602.80000000,600.77000000,601.86000000,116.01000000
1777998600000,2026-05-05T16:30:00+00:00,601.88000000,602.29000000,601.15000000,602.14000000,88.53000000
1777999500000,2026-05-05T16:45:00+00:00,602.08000000,602.59000000,601.58000000,602.59000000,33.50000000
1778000400000,2026-05-05T17:00:00+00:00,602.40000000,602.50000000,601.89000000,602.04000000,20.27000000
1778001300000,2026-05-05T17:15:00+00:00,602.05000000,602.90000000,601.80000000,602.59000000,44.44000000
1778002200000,2026-05-05T17:30:00+00:00,602.58000000,603.92000000,602.58000000,603.89000000,64.14000000
1778003100000,2026-05-05T17:45:00+00:00,603.83000000,604.90000000,603.60000000,604.08000000,61.50000000
1778004000000,2026-05-05T18:00:00+00:00,604.02000000,605.04000000,604.01000000,605.04000000,82.70000000
1778004900000,2026-05-05T18:15:00+00:00,605.10000000,605.57000000,603.60000000,603.60000000,27.65000000
1778005800000,2026-05-05T18:30:00+00:00,603.55000000,603.71000000,602.96000000,602.96000000,32.26000000
1778006700000,2026-05-05T18:45:00+00:00,602.95000000,602.96000000,601.50000000,601.76000000,59.12000000
1778007600000,2026-05-05T19:00:00+00:00,601.79000000,603.78000000,601.26000000,603.68000000,30.70000000
1778008500000,2026-05-05T19:15:00+00:00,603.72000000,606.19000000,603.68000000,606.18000000,80.99000000
1778009400000,2026-05-05T19:30:00+00:00,606.14000000,607.01000000,605.97000000,605.97000000,47.29000000
1778010300000,2026-05-05T19:45:00+00:00,606.11000000,606.79000000,604.51000000,605.32000000,68.92000000
1778011200000,2026-05-05T20:00:00+00:00,605.46000000,605.50000000,603.88000000,604.36000000,40.92000000
1778012100000,2026-05-05T20:15:00+00:00,604.27000000,604.55000000,603.74000000,603.80000000,49.52000000
1778013000000,2026-05-05T20:30:00+00:00,603.78000000,604.99000000,603.66000000,604.52000000,24.88000000
1778013900000,2026-05-05T20:45:00+00:00,604.51000000,604.58000000,604.27000000,604.44000000,10.82000000
1778014800000,2026-05-05T21:00:00+00:00,604.48000000,605.00000000,604.36000000,604.97000000,10.97000000
1778015700000,2026-05-05T21:15:00+00:00,604.97000000,605.04000000,604.66000000,604.97000000,17.22000000
1778016600000,2026-05-05T21:30:00+00:00,604.97000000,604.97000000,604.11000000,604.11000000,11.80000000
1778017500000,2026-05-05T21:45:00+00:00,604.33000000,604.43000000,603.81000000,603.81000000,5.63000000
1778018400000,2026-05-05T22:00:00+00:00,603.86000000,603.97000000,603.39000000,603.49000000,8.63000000
1778019300000,2026-05-05T22:15:00+00:00,603.47000000,603.76000000,603.30000000,603.61000000,9.52000000
1778020200000,2026-05-05T22:30:00+00:00,603.62000000,603.74000000,603.45000000,603.46000000,11.25000000
1778021100000,2026-05-05T22:45:00+00:00,603.45000000,605.43000000,603.15000000,604.11000000,91.23000000
1778022000000,2026-05-05T23:00:00+00:00,604.16000000,604.39000000,603.98000000,604.12000000,16.17000000
1778022900000,2026-05-05T23:15:00+00:00,604.25000000,604.64000000,604.01000000,604.14000000,10.41000000
1778023800000,2026-05-05T23:30:00+00:00,604.11000000,604.30000000,604.02000000,604.03000000,4.86000000
1778024700000,2026-05-05T23:45:00+00:00,604.00000000,604.00000000,603.32000000,603.41000000,12.76000000
1778025600000,2026-05-06T00:00:00+00:00,603.45000000,603.63000000,602.84000000,602.87000000,130.45000000
1778026500000,2026-05-06T00:15:00+00:00,602.95000000,602.95000000,601.49000000,601.60000000,45.20000000
1778027400000,2026-05-06T00:30:00+00:00,601.57000000,602.20000000,601.57000000,601.63000000,33.32000000
1778028300000,2026-05-06T00:45:00+00:00,601.73000000,601.73000000,600.36000000,600.44000000,179.24000000
1778029200000,2026-05-06T01:00:00+00:00,600.40000000,601.09000000,600.10000000,600.84000000,147.41000000
1778030100000,2026-05-06T01:15:00+00:00,600.90000000,601.93000000,600.59000000,601.13000000,96.82000000
1778031000000,2026-05-06T01:30:00+00:00,601.01000000,601.65000000,600.80000000,601.64000000,39.08000000
1778031900000,2026-05-06T01:45:00+00:00,601.60000000,601.88000000,601.45000000,601.85000000,36.23000000
1778032800000,2026-05-06T02:00:00+00:00,601.83000000,601.95000000,601.39000000,601.85000000,94.14000000
1778033700000,2026-05-06T02:15:00+00:00,601.92000000,602.43000000,601.89000000,602.02000000,48.87000000
1778034600000,2026-05-06T02:30:00+00:00,602.02000000,602.20000000,601.85000000,601.91000000,12.33000000
1778035500000,2026-05-06T02:45:00+00:00,601.97000000,602.19000000,601.96000000,602.16000000,5.33000000
1778036400000,2026-05-06T03:00:00+00:00,602.09000000,602.24000000,601.97000000,602.13000000,14.65000000
1778037300000,2026-05-06T03:15:00+00:00,602.10000000,602.39000000,601.84000000,602.39000000,16.41000000
1778038200000,2026-05-06T03:30:00+00:00,602.24000000,602.49000000,602.05000000,602.07000000,17.57000000
1778039100000,2026-05-06T03:45:00+00:00,602.07000000,602.08000000,599.73000000,600.22000000,346.80000000
1778040000000,2026-05-06T04:00:00+00:00,600.25000000,600.71000000,600.01000000,600.71000000,50.85000000
1778040900000,2026-05-06T04:15:00+00:00,600.67000000,600.80000000,600.47000000,600.79000000,11.05000000
1778041800000,2026-05-06T04:30:00+00:00,600.80000000,600.92000000,600.47000000,600.69000000,131.15000000
1778042700000,2026-05-06T04:45:00+00:00,600.67000000,601.14000000,600.56000000,600.60000000,46.63000000
1778043600000,2026-05-06T05:00:00+00:00,600.56000000,600.98000000,600.16000000,600.66000000,31.48000000
1778044500000,2026-05-06T05:15:00+00:00,600.69000000,601.02000000,600.31000000,601.02000000,19.00000000
1778045400000,2026-05-06T05:30:00+00:00,600.97000000,601.25000000,600.50000000,601.25000000,24.51000000
1778046300000,2026-05-06T05:45:00+00:00,601.29000000,602.28000000,601.29000000,602.15000000,76.98000000
1778047200000,2026-05-06T06:00:00+00:00,602.15000000,602.48000000,601.72000000,601.85000000,20.24000000
1778048100000,2026-05-06T06:15:00+00:00,601.78000000,601.85000000,601.30000000,601.84000000,14.57000000
1778049000000,2026-05-06T06:30:00+00:00,601.83000000,601.91000000,601.47000000,601.66000000,11.03000000
1778049900000,2026-05-06T06:45:00+00:00,601.69000000,601.88000000,601.45000000,601.63000000,10.53000000
1778050800000,2026-05-06T07:00:00+00:00,601.62000000,602.14000000,601.16000000,601.36000000,48.55000000
1778051700000,2026-05-06T07:15:00+00:00,601.30000000,601.82000000,601.26000000,601.53000000,20.05000000
1778052600000,2026-05-06T07:30:00+00:00,601.53000000,601.85000000,601.44000000,601.65000000,18.25000000
1778053500000,2026-05-06T07:45:00+00:00,601.79000000,601.95000000,600.95000000,601.45000000,39.01000000
1778054400000,2026-05-06T08:00:00+00:00,601.34000000,602.23000000,601.06000000,601.86000000,91.76000000
1778055300000,2026-05-06T08:15:00+00:00,601.91000000,601.91000000,600.85000000,601.09000000,26.19000000
1778056200000,2026-05-06T08:30:00+00:00,601.10000000,601.58000000,599.12000000,599.28000000,63.09000000
1778057100000,2026-05-06T08:45:00+00:00,599.28000000,603.84000000,599.07000000,603.50000000,223.38000000
1778058000000,2026-05-06T09:00:00+00:00,603.65000000,604.16000000,602.00000000,603.12000000,83.50000000
1778058900000,2026-05-06T09:15:00+00:00,603.08000000,604.00000000,602.94000000,603.36000000,71.74000000
1778059800000,2026-05-06T09:30:00+00:00,603.35000000,605.22000000,603.10000000,605.19000000,59.66000000
1778060700000,2026-05-06T09:45:00+00:00,605.19000000,607.19000000,604.68000000,607.17000000,101.99000000
1778061600000,2026-05-06T10:00:00+00:00,607.19000000,608.49000000,606.75000000,607.24000000,95.08000000
1778062500000,2026-05-06T10:15:00+00:00,607.35000000,608.76000000,607.16000000,607.83000000,92.09000000
1778063400000,2026-05-06T10:30:00+00:00,607.82000000,610.23000000,607.29000000,609.77000000,105.94000000
1778064300000,2026-05-06T10:45:00+00:00,609.85000000,610.00000000,608.02000000,608.02000000,100.12000000
1778065200000,2026-05-06T11:00:00+00:00,608.03000000,609.28000000,607.41000000,608.89000000,117.52000000
1778066100000,2026-05-06T11:15:00+00:00,608.90000000,609.75000000,608.90000000,609.60000000,35.24000000
1778067000000,2026-05-06T11:30:00+00:00,609.57000000,609.60000000,607.35000000,607.42000000,45.87000000
1778067900000,2026-05-06T11:45:00+00:00,607.41000000,607.41000000,606.27000000,606.60000000,71.66000000
1778068800000,2026-05-06T12:00:00+00:00,606.58000000,607.60000000,605.51000000,606.11000000,102.97000000
1778069700000,2026-05-06T12:15:00+00:00,606.13000000,607.50000000,605.85000000,606.70000000,72.41000000
1778070600000,2026-05-06T12:30:00+00:00,606.60000000,606.66000000,606.00000000,606.06000000,9.84000000
1778071500000,2026-05-06T12:45:00+00:00,606.09000000,606.52000000,605.91000000,606.52000000,40.63000000
1778072400000,2026-05-06T13:00:00+00:00,606.40000000,606.40000000,604.79000000,605.94000000,84.38000000
1778073300000,2026-05-06T13:15:00+00:00,605.99000000,605.99000000,601.31000000,601.85000000,176.93000000
1778074200000,2026-05-06T13:30:00+00:00,601.99000000,605.76000000,598.79000000,599.81000000,1267.04000000
1778075100000,2026-05-06T13:45:00+00:00,599.94000000,605.08000000,599.50000000,604.31000000,432.30000000
1778076000000,2026-05-06T14:00:00+00:00,604.35000000,614.15000000,604.30000000,612.52000000,581.31000000
1778076900000,2026-05-06T14:15:00+00:00,612.54000000,618.96000000,612.36000000,614.93000000,1116.97000000
1778077800000,2026-05-06T14:30:00+00:00,615.08000000,620.23000000,613.80000000,619.50000000,337.37000000
1778078700000,2026-05-06T14:45:00+00:00,619.55000000,619.81000000,615.96000000,617.60000000,382.61000000
1778079600000,2026-05-06T15:00:00+00:00,617.50000000,618.74000000,613.75000000,614.56000000,181.98000000
1778080500000,2026-05-06T15:15:00+00:00,614.57000000,615.37000000,612.77000000,613.34000000,75.22000000
1778081400000,2026-05-06T15:30:00+00:00,613.28000000,615.35000000,613.13000000,614.48000000,106.05000000
1778082300000,2026-05-06T15:45:00+00:00,614.45000000,614.70000000,613.01000000,613.61000000,72.00000000
1778083200000,2026-05-06T16:00:00+00:00,613.63000000,613.69000000,612.49000000,613.41000000,200.47000000
1778084100000,2026-05-06T16:15:00+00:00,613.37000000,613.66000000,612.88000000,613.07000000,39.91000000
1778085000000,2026-05-06T16:30:00+00:00,613.15000000,613.21000000,611.80000000,612.37000000,99.19000000
1778085900000,2026-05-06T16:45:00+00:00,612.40000000,612.54000000,611.14000000,612.39000000,53.46000000
1778086800000,2026-05-06T17:00:00+00:00,612.40000000,614.40000000,612.26000000,613.88000000,40.40000000
1778087700000,2026-05-06T17:15:00+00:00,613.96000000,614.65000000,613.36000000,614.10000000,98.06000000
1778088600000,2026-05-06T17:30:00+00:00,614.07000000,614.07000000,612.40000000,612.59000000,42.87000000
1778089500000,2026-05-06T17:45:00+00:00,612.56000000,613.94000000,612.36000000,613.65000000,14.57000000
1778090400000,2026-05-06T18:00:00+00:00,613.66000000,614.69000000,612.82000000,614.64000000,93.79000000
1778091300000,2026-05-06T18:15:00+00:00,614.56000000,614.75000000,614.06000000,614.75000000,9.27000000
1778092200000,2026-05-06T18:30:00+00:00,614.79000000,616.15000000,614.79000000,615.35000000,98.93000000
1778093100000,2026-05-06T18:45:00+00:00,615.30000000,615.50000000,614.82000000,615.45000000,44.52000000
1778094000000,2026-05-06T19:00:00+00:00,615.41000000,615.74000000,613.49000000,613.65000000,48.65000000
1778094900000,2026-05-06T19:15:00+00:00,613.62000000,613.62000000,612.91000000,613.09000000,31.36000000
1778095800000,2026-05-06T19:30:00+00:00,613.20000000,613.24000000,612.73000000,612.76000000,21.06000000
1778096700000,2026-05-06T19:45:00+00:00,612.81000000,613.90000000,612.75000000,613.10000000,81.06000000
1778097600000,2026-05-06T20:00:00+00:00,613.11000000,613.11000000,610.99000000,613.00000000,199.51000000
1778098500000,2026-05-06T20:15:00+00:00,613.00000000,613.07000000,612.65000000,612.93000000,12.34000000
1778099400000,2026-05-06T20:30:00+00:00,612.89000000,612.93000000,612.65000000,612.68000000,6.98000000
1778100300000,2026-05-06T20:45:00+00:00,612.71000000,613.01000000,612.20000000,612.49000000,22.62000000
1778101200000,2026-05-06T21:00:00+00:00,612.49000000,613.13000000,612.44000000,612.99000000,9.09000000
1778102100000,2026-05-06T21:15:00+00:00,612.94000000,613.49000000,612.55000000,612.64000000,34.95000000
1778103000000,2026-05-06T21:30:00+00:00,612.63000000,612.95000000,612.06000000,612.21000000,29.84000000
1778103900000,2026-05-06T21:45:00+00:00,612.21000000,612.35000000,611.46000000,611.69000000,8.29000000
1778104800000,2026-05-06T22:00:00+00:00,611.68000000,613.29000000,611.57000000,613.10000000,30.19000000
1778105700000,2026-05-06T22:15:00+00:00,613.09000000,613.20000000,612.70000000,612.80000000,6.71000000
1778106600000,2026-05-06T22:30:00+00:00,612.70000000,612.79000000,612.57000000,612.58000000,4.98000000
1778107500000,2026-05-06T22:45:00+00:00,612.56000000,612.56000000,612.18000000,612.48000000,19.15000000
1778108400000,2026-05-06T23:00:00+00:00,612.47000000,612.78000000,612.43000000,612.65000000,8.04000000
1778109300000,2026-05-06T23:15:00+00:00,612.60000000,612.70000000,612.57000000,612.62000000,3.22000000
1778110200000,2026-05-06T23:30:00+00:00,612.61000000,612.73000000,612.20000000,612.30000000,13.39000000
1778111100000,2026-05-06T23:45:00+00:00,612.34000000,612.68000000,612.25000000,612.32000000,63.12000000
1778112000000,2026-05-07T00:00:00+00:00,612.34000000,613.63000000,611.95000000,612.56000000,125.53000000
1778112900000,2026-05-07T00:15:00+00:00,612.56000000,612.61000000,611.70000000,611.90000000,60.37000000
1778113800000,2026-05-07T00:30:00+00:00,611.85000000,612.09000000,611.44000000,611.69000000,22.39000000
1778114700000,2026-05-07T00:45:00+00:00,611.74000000,611.98000000,611.70000000,611.82000000,10.06000000
1778115600000,2026-05-07T01:00:00+00:00,611.82000000,612.01000000,611.56000000,611.70000000,36.73000000
1778116500000,2026-05-07T01:15:00+00:00,611.68000000,611.80000000,611.57000000,611.71000000,7.68000000
1778117400000,2026-05-07T01:30:00+00:00,611.75000000,611.95000000,611.56000000,611.95000000,6.81000000
1778118300000,2026-05-07T01:45:00+00:00,611.89000000,612.89000000,611.89000000,612.73000000,26.91000000
1778119200000,2026-05-07T02:00:00+00:00,612.73000000,612.82000000,612.10000000,612.31000000,12.76000000
1778120100000,2026-05-07T02:15:00+00:00,612.26000000,612.60000000,612.01000000,612.43000000,23.32000000
1778121000000,2026-05-07T02:30:00+00:00,612.49000000,612.70000000,612.42000000,612.58000000,11.54000000
1778121900000,2026-05-07T02:45:00+00:00,612.55000000,613.21000000,612.38000000,613.18000000,36.99000000
1778122800000,2026-05-07T03:00:00+00:00,613.18000000,613.32000000,612.90000000,613.13000000,21.52000000
1778123700000,2026-05-07T03:15:00+00:00,613.12000000,613.23000000,612.94000000,613.04000000,15.83000000
1778124600000,2026-05-07T03:30:00+00:00,613.01000000,613.26000000,612.86000000,613.26000000,14.73000000
1778125500000,2026-05-07T03:45:00+00:00,613.29000000,613.53000000,613.00000000,613.27000000,12.17000000
1778126400000,2026-05-07T04:00:00+00:00,613.28000000,613.40000000,613.15000000,613.40000000,6.07000000
1778127300000,2026-05-07T04:15:00+00:00,613.39000000,613.79000000,613.30000000,613.40000000,18.93000000
1778128200000,2026-05-07T04:30:00+00:00,613.38000000,613.65000000,613.17000000,613.41000000,17.87000000
1778129100000,2026-05-07T04:45:00+00:00,613.41000000,613.55000000,613.29000000,613.46000000,9.13000000
1778130000000,2026-05-07T05:00:00+00:00,613.40000000,613.44000000,612.96000000,613.18000000,60.65000000
1778130900000,2026-05-07T05:15:00+00:00,613.18000000,613.18000000,612.65000000,613.10000000,49.98000000
1778131800000,2026-05-07T05:30:00+00:00,613.10000000,613.42000000,613.06000000,613.40000000,31.20000000
1778132700000,2026-05-07T05:45:00+00:00,613.44000000,613.44000000,613.16000000,613.38000000,18.17000000
1778133600000,2026-05-07T06:00:00+00:00,613.27000000,613.38000000,613.05000000,613.10000000,10.15000000
1778134500000,2026-05-07T06:15:00+00:00,613.11000000,613.41000000,613.06000000,613.36000000,4.16000000
1778135400000,2026-05-07T06:30:00+00:00,613.39000000,613.82000000,613.26000000,613.82000000,52.42000000
1778136300000,2026-05-07T06:45:00+00:00,613.85000000,614.00000000,613.40000000,614.00000000,26.54000000
1778137200000,2026-05-07T07:00:00+00:00,614.00000000,615.84000000,613.34000000,615.84000000,62.79000000
1778138100000,2026-05-07T07:15:00+00:00,615.85000000,616.02000000,614.90000000,615.37000000,70.79000000
1778139000000,2026-05-07T07:30:00+00:00,615.43000000,616.10000000,615.43000000,616.10000000,34.67000000
1778139900000,2026-05-07T07:45:00+00:00,616.10000000,616.10000000,614.16000000,615.01000000,185.98000000
1778140800000,2026-05-07T08:00:00+00:00,615.06000000,616.11000000,614.90000000,615.41000000,146.28000000
1778141700000,2026-05-07T08:15:00+00:00,615.36000000,615.36000000,614.45000000,615.05000000,38.31000000
1778142600000,2026-05-07T08:30:00+00:00,614.99000000,615.29000000,614.99000000,615.16000000,24.30000000
1778143500000,2026-05-07T08:45:00+00:00,615.15000000,615.20000000,614.17000000,614.18000000,42.16000000
1778144400000,2026-05-07T09:00:00+00:00,614.24000000,614.47000000,612.59000000,612.87000000,125.38000000
1778145300000,2026-05-07T09:15:00+00:00,612.71000000,613.01000000,612.00000000,612.65000000,37.96000000
1778146200000,2026-05-07T09:30:00+00:00,612.65000000,613.68000000,612.56000000,613.63000000,34.96000000
1778147100000,2026-05-07T09:45:00+00:00,613.62000000,614.04000000,613.51000000,613.73000000,52.44000000
1778148000000,2026-05-07T10:00:00+00:00,613.89000000,614.08000000,612.87000000,613.29000000,51.60000000
1778148900000,2026-05-07T10:15:00+00:00,613.30000000,613.41000000,612.40000000,612.62000000,60.89000000
1778149800000,2026-05-07T10:30:00+00:00,612.59000000,613.36000000,612.59000000,613.10000000,16.46000000
1778150700000,2026-05-07T10:45:00+00:00,613.22000000,613.26000000,612.60000000,612.64000000,30.82000000
1778151600000,2026-05-07T11:00:00+00:00,612.61000000,614.00000000,612.61000000,613.34000000,36.39000000
1778152500000,2026-05-07T11:15:00+00:00,613.32000000,613.95000000,613.32000000,613.41000000,26.91000000
1778153400000,2026-05-07T11:30:00+00:00,613.41000000,614.43000000,613.41000000,614.07000000,18.96000000
1778154300000,2026-05-07T11:45:00+00:00,614.07000000,615.65000000,613.86000000,615.49000000,68.83000000
1778155200000,2026-05-07T12:00:00+00:00,615.44000000,616.11000000,615.06000000,616.01000000,48.15000000
1778156100000,2026-05-07T12:15:00+00:00,616.01000000,616.33000000,615.47000000,616.20000000,61.58000000
1778157000000,2026-05-07T12:30:00+00:00,616.15000000,617.45000000,615.76000000,617.45000000,75.14000000
1778157900000,2026-05-07T12:45:00+00:00,617.46000000,618.53000000,617.39000000,617.99000000,63.94000000
1778158800000,2026-05-07T13:00:00+00:00,617.93000000,618.01000000,617.00000000,617.27000000,26.75000000
1778159700000,2026-05-07T13:15:00+00:00,617.32000000,618.14000000,615.36000000,615.36000000,171.85000000
1778160600000,2026-05-07T13:30:00+00:00,615.40000000,623.70000000,614.89000000,622.50000000,1509.44000000
1778161500000,2026-05-07T13:45:00+00:00,622.44000000,623.22000000,620.16000000,623.22000000,401.91000000
1778162400000,2026-05-07T14:00:00+00:00,623.10000000,625.30000000,621.85000000,622.64000000,339.49000000
1778163300000,2026-05-07T14:15:00+00:00,622.72000000,623.18000000,620.99000000,621.33000000,210.97000000
1778164200000,2026-05-07T14:30:00+00:00,621.37000000,621.85000000,620.23000000,621.73000000,132.85000000
1778165100000,2026-05-07T14:45:00+00:00,621.83000000,625.62000000,621.80000000,623.64000000,130.88000000
1778166000000,2026-05-07T15:00:00+00:00,623.58000000,624.72000000,622.20000000,623.43000000,208.02000000
1778166900000,2026-05-07T15:15:00+00:00,623.31000000,624.27000000,621.81000000,622.03000000,99.81000000
1778167800000,2026-05-07T15:30:00+00:00,622.06000000,623.22000000,621.15000000,621.72000000,117.03000000
1778168700000,2026-05-07T15:45:00+00:00,621.73000000,623.70000000,621.73000000,622.62000000,95.67000000
1778169600000,2026-05-07T16:00:00+00:00,622.52000000,622.73000000,619.02000000,619.29000000,160.72000000
1778170500000,2026-05-07T16:15:00+00:00,619.14000000,620.41000000,616.93000000,620.24000000,204.20000000
1778171400000,2026-05-07T16:30:00+00:00,620.17000000,620.22000000,618.36000000,619.04000000,57.09000000
1778172300000,2026-05-07T16:45:00+00:00,619.07000000,619.30000000,616.75000000,617.40000000,80.97000000
1778173200000,2026-05-07T17:00:00+00:00,617.40000000,618.35000000,615.30000000,616.13000000,129.29000000
1778174100000,2026-05-07T17:15:00+00:00,616.12000000,617.01000000,614.24000000,615.31000000,137.39000000
1778175000000,2026-05-07T17:30:00+00:00,615.33000000,616.04000000,614.46000000,615.16000000,132.05000000
1778175900000,2026-05-07T17:45:00+00:00,615.16000000,616.55000000,614.29000000,616.47000000,46.37000000
1778176800000,2026-05-07T18:00:00+00:00,616.42000000,616.78000000,615.38000000,616.72000000,57.87000000
1778177700000,2026-05-07T18:15:00+00:00,616.68000000,617.52000000,616.65000000,617.17000000,25.08000000
1778178600000,2026-05-07T18:30:00+00:00,617.09000000,617.64000000,616.39000000,616.70000000,72.18000000
1778179500000,2026-05-07T18:45:00+00:00,616.76000000,617.96000000,616.43000000,617.79000000,62.81000000
1778180400000,2026-05-07T19:00:00+00:00,617.94000000,617.94000000,616.84000000,617.24000000,38.13000000
1778181300000,2026-05-07T19:15:00+00:00,617.16000000,617.16000000,615.81000000,616.45000000,66.51000000
1778182200000,2026-05-07T19:30:00+00:00,616.39000000,617.60000000,616.17000000,617.48000000,42.70000000
1778183100000,2026-05-07T19:45:00+00:00,617.58000000,618.47000000,616.36000000,617.37000000,106.06000000
1778184000000,2026-05-07T20:00:00+00:00,617.25000000,619.53000000,617.06000000,618.17000000,168.17000000
1778184900000,2026-05-07T20:15:00+00:00,618.17000000,618.43000000,617.94000000,618.24000000,28.58000000
1778185800000,2026-05-07T20:30:00+00:00,618.24000000,618.28000000,616.99000000,617.30000000,39.84000000
1778186700000,2026-05-07T20:45:00+00:00,617.25000000,617.37000000,616.62000000,617.11000000,32.48000000
1778187600000,2026-05-07T21:00:00+00:00,617.14000000,617.23000000,616.77000000,616.77000000,11.64000000
1778188500000,2026-05-07T21:15:00+00:00,616.75000000,616.76000000,615.91000000,616.00000000,15.17000000
1778189400000,2026-05-07T21:30:00+00:00,616.00000000,616.00000000,615.26000000,615.26000000,8.16000000
1778190300000,2026-05-07T21:45:00+00:00,615.26000000,615.42000000,612.95000000,613.15000000,19.11000000
1778191200000,2026-05-07T22:00:00+00:00,613.20000000,615.30000000,613.13000000,614.93000000,14.12000000
1778192100000,2026-05-07T22:15:00+00:00,614.94000000,616.03000000,614.72000000,615.84000000,18.96000000
1778193000000,2026-05-07T22:30:00+00:00,615.91000000,615.91000000,614.87000000,614.96000000,17.05000000
1778193900000,2026-05-07T22:45:00+00:00,615.08000000,615.19000000,614.83000000,615.16000000,9.79000000
1778194800000,2026-05-07T23:00:00+00:00,615.16000000,615.84000000,615.16000000,615.75000000,7.41000000
1778195700000,2026-05-07T23:15:00+00:00,615.74000000,615.75000000,615.65000000,615.68000000,7.15000000
1778196600000,2026-05-07T23:30:00+00:00,615.68000000,615.77000000,615.51000000,615.53000000,12.55000000
1778197500000,2026-05-07T23:45:00+00:00,615.52000000,616.25000000,615.46000000,616.25000000,9.91000000
1778198400000,2026-05-08T00:00:00+00:00,616.26000000,618.03000000,615.94000000,616.99000000,203.72000000
1778199300000,2026-05-08T00:15:00+00:00,617.04000000,617.35000000,616.52000000,617.18000000,25.40000000
1778200200000,2026-05-08T00:30:00+00:00,617.13000000,617.65000000,617.08000000,617.58000000,25.03000000
1778201100000,2026-05-08T00:45:00+00:00,617.64000000,617.69000000,617.15000000,617.65000000,11.26000000
1778202000000,2026-05-08T01:00:00+00:00,617.69000000,618.85000000,617.69000000,618.78000000,93.20000000
1778202900000,2026-05-08T01:15:00+00:00,618.84000000,619.11000000,618.51000000,618.94000000,12.34000000
1778203800000,2026-05-08T01:30:00+00:00,618.93000000,618.98000000,618.70000000,618.79000000,7.04000000
1778204700000,2026-05-08T01:45:00+00:00,618.76000000,619.07000000,618.65000000,618.73000000,21.88000000
1778205600000,2026-05-08T02:00:00+00:00,618.70000000,619.02000000,618.54000000,618.87000000,9.75000000
1778206500000,2026-05-08T02:15:00+00:00,618.89000000,618.97000000,618.45000000,618.54000000,21.67000000
1778207400000,2026-05-08T02:30:00+00:00,618.51000000,618.62000000,618.08000000,618.31000000,27.85000000
1778208300000,2026-05-08T02:45:00+00:00,618.32000000,618.85000000,618.32000000,618.69000000,26.93000000
1778209200000,2026-05-08T03:00:00+00:00,618.73000000,618.90000000,618.64000000,618.80000000,131.30000000
1778210100000,2026-05-08T03:15:00+00:00,618.79000000,618.92000000,618.49000000,618.59000000,74.95000000
1778211000000,2026-05-08T03:30:00+00:00,618.76000000,618.98000000,618.56000000,618.74000000,29.96000000
1778211900000,2026-05-08T03:45:00+00:00,618.74000000,620.19000000,618.64000000,619.44000000,852.64000000
1778212800000,2026-05-08T04:00:00+00:00,619.41000000,619.79000000,619.39000000,619.44000000,18.24000000
1778213700000,2026-05-08T04:15:00+00:00,619.47000000,619.49000000,618.99000000,619.20000000,20.33000000
1778214600000,2026-05-08T04:30:00+00:00,619.23000000,619.23000000,618.99000000,619.05000000,20.32000000
1778215500000,2026-05-08T04:45:00+00:00,619.05000000,619.35000000,618.99000000,618.99000000,44.16000000
1778216400000,2026-05-08T05:00:00+00:00,618.97000000,619.38000000,618.97000000,619.10000000,12.26000000
1778217300000,2026-05-08T05:15:00+00:00,619.08000000,619.12000000,618.71000000,618.98000000,33.74000000
1778218200000,2026-05-08T05:30:00+00:00,618.99000000,619.29000000,618.98000000,619.16000000,24.96000000
1778219100000,2026-05-08T05:45:00+00:00,619.05000000,619.14000000,618.93000000,619.12000000,11.95000000
1778220000000,2026-05-08T06:00:00+00:00,619.12000000,619.48000000,618.91000000,619.48000000,28.05000000
1778220900000,2026-05-08T06:15:00+00:00,619.48000000,620.25000000,619.48000000,620.11000000,15.56000000
1778221800000,2026-05-08T06:30:00+00:00,620.11000000,620.20000000,619.75000000,619.87000000,34.00000000
1778222700000,2026-05-08T06:45:00+00:00,619.81000000,620.29000000,619.60000000,620.05000000,40.28000000
1778223600000,2026-05-08T07:00:00+00:00,619.94000000,620.05000000,619.51000000,619.76000000,16.99000000
1778224500000,2026-05-08T07:15:00+00:00,619.76000000,620.09000000,619.76000000,620.05000000,24.44000000
1778225400000,2026-05-08T07:30:00+00:00,620.09000000,620.24000000,619.75000000,620.08000000,21.53000000
1778226300000,2026-05-08T07:45:00+00:00,620.05000000,620.18000000,619.68000000,619.73000000,11.53000000
1778227200000,2026-05-08T08:00:00+00:00,619.78000000,620.76000000,619.46000000,620.15000000,304.24000000
1778228100000,2026-05-08T08:15:00+00:00,620.23000000,620.29000000,619.91000000,620.10000000,81.17000000
1778229000000,2026-05-08T08:30:00+00:00,620.11000000,620.27000000,619.40000000,619.59000000,248.81000000
1778229900000,2026-05-08T08:45:00+00:00,619.62000000,619.65000000,619.01000000,619.49000000,30.07000000
1778230800000,2026-05-08T09:00:00+00:00,619.50000000,620.08000000,619.08000000,620.06000000,38.59000000
1778231700000,2026-05-08T09:15:00+00:00,619.98000000,620.19000000,619.96000000,620.12000000,4.44000000
1778232600000,2026-05-08T09:30:00+00:00,620.11000000,620.11000000,619.41000000,619.43000000,52.98000000
1778233500000,2026-05-08T09:45:00+00:00,619.42000000,619.48000000,618.53000000,619.04000000,65.96000000
1778234400000,2026-05-08T10:00:00+00:00,619.05000000,619.18000000,618.82000000,618.99000000,14.90000000
1778235300000,2026-05-08T10:15:00+00:00,618.91000000,619.24000000,617.90000000,617.93000000,88.25000000
1778236200000,2026-05-08T10:30:00+00:00,617.91000000,618.32000000,617.90000000,618.15000000,48.51000000
1778237100000,2026-05-08T10:45:00+00:00,618.15000000,618.93000000,617.70000000,618.12000000,88.10000000
1778238000000,2026-05-08T11:00:00+00:00,618.29000000,619.55000000,618.29000000,619.31000000,33.39000000
1778238900000,2026-05-08T11:15:00+00:00,619.31000000,619.77000000,619.21000000,619.67000000,43.22000000
1778239800000,2026-05-08T11:30:00+00:00,619.65000000,619.82000000,619.50000000,619.53000000,33.10000000
1778240700000,2026-05-08T11:45:00+00:00,619.53000000,619.87000000,619.53000000,619.69000000,18.96000000
1778241600000,2026-05-08T12:00:00+00:00,619.69000000,619.87000000,619.55000000,619.55000000,14.85000000
1778242500000,2026-05-08T12:15:00+00:00,619.57000000,619.59000000,618.87000000,619.03000000,60.80000000
1778243400000,2026-05-08T12:30:00+00:00,619.10000000,619.60000000,618.61000000,619.10000000,48.51000000
1778244300000,2026-05-08T12:45:00+00:00,619.05000000,619.05000000,617.78000000,618.00000000,103.64000000
1778245200000,2026-05-08T13:00:00+00:00,617.98000000,618.18000000,617.41000000,617.78000000,38.18000000
1778246100000,2026-05-08T13:15:00+00:00,617.65000000,618.35000000,615.03000000,615.76000000,212.74000000
1778247000000,2026-05-08T13:30:00+00:00,615.82000000,617.67000000,613.65000000,614.33000000,648.48000000
1778247900000,2026-05-08T13:45:00+00:00,614.45000000,616.67000000,613.73000000,614.90000000,666.18000000
1778248800000,2026-05-08T14:00:00+00:00,614.82000000,617.39000000,613.34000000,616.85000000,238.57000000
1778249700000,2026-05-08T14:15:00+00:00,616.90000000,617.00000000,613.68000000,613.68000000,190.92000000
1778250600000,2026-05-08T14:30:00+00:00,613.71000000,614.14000000,612.83000000,613.42000000,172.85000000
1778251500000,2026-05-08T14:45:00+00:00,613.42000000,613.70000000,611.79000000,612.45000000,138.90000000
1778252400000,2026-05-08T15:00:00+00:00,612.40000000,612.40000000,610.34000000,610.80000000,235.22000000
1778253300000,2026-05-08T15:15:00+00:00,610.82000000,611.07000000,608.95000000,609.50000000,177.91000000
1778254200000,2026-05-08T15:30:00+00:00,609.55000000,609.60000000,608.16000000,608.22000000,143.59000000
1778255100000,2026-05-08T15:45:00+00:00,608.21000000,608.59000000,606.91000000,607.76000000,167.24000000
1778256000000,2026-05-08T16:00:00+00:00,607.89000000,610.68000000,607.64000000,610.64000000,132.04000000
1778256900000,2026-05-08T16:15:00+00:00,610.55000000,610.82000000,609.15000000,609.15000000,54.64000000
1778257800000,2026-05-08T16:30:00+00:00,609.10000000,609.34000000,608.23000000,608.46000000,49.96000000
1778258700000,2026-05-08T16:45:00+00:00,608.50000000,609.98000000,608.50000000,609.80000000,48.71000000
1778259600000,2026-05-08T17:00:00+00:00,609.71000000,610.07000000,609.31000000,610.01000000,46.08000000
1778260500000,2026-05-08T17:15:00+00:00,610.01000000,610.70000000,610.01000000,610.50000000,36.30000000
1778261400000,2026-05-08T17:30:00+00:00,610.47000000,611.00000000,609.55000000,609.60000000,66.03000000
1778262300000,2026-05-08T17:45:00+00:00,609.50000000,611.68000000,609.41000000,611.19000000,101.93000000
1778263200000,2026-05-08T18:00:00+00:00,611.11000000,612.00000000,611.01000000,611.35000000,125.40000000
1778264100000,2026-05-08T18:15:00+00:00,611.32000000,612.10000000,610.46000000,612.09000000,43.00000000
1778265000000,2026-05-08T18:30:00+00:00,612.07000000,612.07000000,610.31000000,610.43000000,41.98000000
1778265900000,2026-05-08T18:45:00+00:00,610.40000000,610.65000000,609.32000000,610.04000000,27.28000000
1778266800000,2026-05-08T19:00:00+00:00,610.06000000,610.70000000,609.62000000,610.03000000,15.85000000
1778267700000,2026-05-08T19:15:00+00:00,610.12000000,610.89000000,610.12000000,610.70000000,29.79000000
1778268600000,2026-05-08T19:30:00+00:00,610.60000000,611.40000000,610.60000000,611.18000000,50.21000000
1778269500000,2026-05-08T19:45:00+00:00,611.20000000,611.30000000,610.19000000,610.27000000,94.93000000
1778270400000,2026-05-08T20:00:00+00:00,610.26000000,610.85000000,609.86000000,610.34000000,43.48000000
1778271300000,2026-05-08T20:15:00+00:00,610.29000000,610.29000000,609.74000000,609.84000000,14.60000000
1778272200000,2026-05-08T20:30:00+00:00,609.85000000,610.40000000,609.84000000,609.99000000,8.04000000
1778273100000,2026-05-08T20:45:00+00:00,609.99000000,609.99000000,609.62000000,609.97000000,20.37000000
1778274000000,2026-05-08T21:00:00+00:00,609.88000000,609.88000000,609.50000000,609.75000000,12.49000000
1778274900000,2026-05-08T21:15:00+00:00,609.76000000,609.82000000,609.42000000,609.80000000,9.01000000
1778275800000,2026-05-08T21:30:00+00:00,609.85000000,609.86000000,609.60000000,609.81000000,5.60000000
1778276700000,2026-05-08T21:45:00+00:00,609.65000000,609.86000000,609.56000000,609.73000000,8.47000000
1778277600000,2026-05-08T22:00:00+00:00,609.66000000,609.75000000,609.47000000,609.58000000,25.39000000
1778278500000,2026-05-08T22:15:00+00:00,609.71000000,609.86000000,609.70000000,609.85000000,6.42000000
1778279400000,2026-05-08T22:30:00+00:00,609.86000000,609.90000000,609.11000000,609.70000000,65.40000000
1778280300000,2026-05-08T22:45:00+00:00,609.71000000,609.95000000,609.66000000,609.95000000,4.61000000
1778281200000,2026-05-08T23:00:00+00:00,610.00000000,610.18000000,610.00000000,610.11000000,28.27000000
1778282100000,2026-05-08T23:15:00+00:00,610.05000000,610.05000000,609.84000000,609.87000000,9.49000000
1778283000000,2026-05-08T23:30:00+00:00,609.87000000,610.46000000,609.85000000,610.45000000,14.90000000
1778283900000,2026-05-08T23:45:00+00:00,610.26000000,610.35000000,609.96000000,610.15000000,8.47000000
1778284800000,2026-05-09T00:00:00+00:00,610.15000000,610.24000000,609.63000000,610.00000000,66.83000000
1778285700000,2026-05-09T00:15:00+00:00,610.01000000,610.46000000,609.97000000,610.08000000,13.93000000
1778286600000,2026-05-09T00:30:00+00:00,610.04000000,610.25000000,609.78000000,610.18000000,9.63000000
1778287500000,2026-05-09T00:45:00+00:00,610.19000000,610.32000000,610.16000000,610.18000000,9.04000000
1778288400000,2026-05-09T01:00:00+00:00,610.26000000,610.36000000,609.72000000,609.72000000,18.69000000
1778289300000,2026-05-09T01:15:00+00:00,609.82000000,609.93000000,609.56000000,609.82000000,14.32000000
1778290200000,2026-05-09T01:30:00+00:00,609.82000000,610.38000000,609.68000000,610.31000000,21.81000000
1778291100000,2026-05-09T01:45:00+00:00,610.38000000,610.97000000,610.13000000,610.19000000,45.87000000
1778292000000,2026-05-09T02:00:00+00:00,610.20000000,610.22000000,609.89000000,609.98000000,9.11000000
1778292900000,2026-05-09T02:15:00+00:00,609.94000000,610.03000000,609.80000000,609.90000000,15.70000000
1778293800000,2026-05-09T02:30:00+00:00,609.87000000,609.90000000,609.76000000,609.86000000,20.70000000
1778294700000,2026-05-09T02:45:00+00:00,609.86000000,610.08000000,609.36000000,610.08000000,162.34000000
1778295600000,2026-05-09T03:00:00+00:00,610.09000000,610.14000000,609.79000000,610.01000000,28.68000000
1778296500000,2026-05-09T03:15:00+00:00,610.00000000,610.07000000,609.87000000,609.98000000,10.99000000
1778297400000,2026-05-09T03:30:00+00:00,609.97000000,610.02000000,609.80000000,609.80000000,3.27000000
1778298300000,2026-05-09T03:45:00+00:00,609.78000000,609.86000000,609.74000000,609.84000000,5.59000000
1778299200000,2026-05-09T04:00:00+00:00,609.83000000,609.94000000,609.68000000,609.86000000,14.39000000
1778300100000,2026-05-09T04:15:00+00:00,609.86000000,609.90000000,609.81000000,609.84000000,2.81000000
1778301000000,2026-05-09T04:30:00+00:00,609.85000000,609.89000000,609.71000000,609.75000000,5.43000000
1778301900000,2026-05-09T04:45:00+00:00,609.77000000,609.83000000,609.72000000,609.83000000,4.77000000
1778302800000,2026-05-09T05:00:00+00:00,609.80000000,610.11000000,609.80000000,610.11000000,7.61000000
1778303700000,2026-05-09T05:15:00+00:00,610.08000000,610.12000000,609.99000000,610.12000000,7.46000000
1778304600000,2026-05-09T05:30:00+00:00,610.09000000,610.21000000,610.08000000,610.09000000,2.00000000
1778305500000,2026-05-09T05:45:00+00:00,610.09000000,610.20000000,610.08000000,610.09000000,5.78000000
1778306400000,2026-05-09T06:00:00+00:00,610.10000000,610.16000000,609.91000000,610.05000000,21.05000000
1778307300000,2026-05-09T06:15:00+00:00,610.10000000,610.13000000,609.85000000,609.85000000,1.85000000
1778308200000,2026-05-09T06:30:00+00:00,609.90000000,610.20000000,609.90000000,610.17000000,8.46000000
1778309100000,2026-05-09T06:45:00+00:00,610.17000000,610.20000000,609.75000000,610.18000000,11.13000000
1778310000000,2026-05-09T07:00:00+00:00,610.18000000,610.47000000,610.13000000,610.47000000,22.42000000
1778310900000,2026-05-09T07:15:00+00:00,610.48000000,610.50000000,610.26000000,610.26000000,2.69000000
1778311800000,2026-05-09T07:30:00+00:00,610.23000000,610.38000000,610.03000000,610.03000000,7.89000000
1778312700000,2026-05-09T07:45:00+00:00,610.18000000,610.39000000,610.11000000,610.24000000,10.39000000
1778313600000,2026-05-09T08:00:00+00:00,610.24000000,610.38000000,609.52000000,609.82000000,80.43000000
1778314500000,2026-05-09T08:15:00+00:00,609.77000000,610.26000000,609.76000000,610.24000000,6.77000000
1778315400000,2026-05-09T08:30:00+00:00,610.27000000,610.34000000,609.95000000,610.18000000,8.60000000
1778316300000,2026-05-09T08:45:00+00:00,610.28000000,610.39000000,610.20000000,610.35000000,5.02000000
1778317200000,2026-05-09T09:00:00+00:00,610.39000000,610.39000000,610.16000000,610.16000000,10.64000000
1778318100000,2026-05-09T09:15:00+00:00,610.19000000,610.19000000,609.76000000,609.85000000,15.22000000
1778319000000,2026-05-09T09:30:00+00:00,609.80000000,609.99000000,609.80000000,609.97000000,3.76000000
1778319900000,2026-05-09T09:45:00+00:00,609.99000000,610.24000000,609.99000000,610.15000000,4.41000000
1778320800000,2026-05-09T10:00:00+00:00,610.18000000,610.23000000,610.08000000,610.09000000,4.35000000
1778321700000,2026-05-09T10:15:00+00:00,610.09000000,610.39000000,610.09000000,610.18000000,13.47000000
1778322600000,2026-05-09T10:30:00+00:00,610.14000000,610.25000000,609.80000000,609.99000000,25.28000000
1778323500000,2026-05-09T10:45:00+00:00,610.01000000,610.07000000,609.91000000,610.03000000,12.08000000
1778324400000,2026-05-09T11:00:00+00:00,610.03000000,610.18000000,609.76000000,610.13000000,11.57000000
1778325300000,2026-05-09T11:15:00+00:00,610.11000000,610.37000000,610.00000000,610.37000000,5.26000000
1778326200000,2026-05-09T11:30:00+00:00,610.37000000,610.39000000,610.05000000,610.27000000,11.38000000
1778327100000,2026-05-09T11:45:00+00:00,610.26000000,610.30000000,610.24000000,610.27000000,0.80000000
1778328000000,2026-05-09T12:00:00+00:00,610.29000000,610.35000000,609.96000000,610.10000000,13.75000000
1778328900000,2026-05-09T12:15:00+00:00,610.10000000,610.16000000,610.02000000,610.09000000,5.85000000
1778329800000,2026-05-09T12:30:00+00:00,610.09000000,610.16000000,610.08000000,610.10000000,3.00000000
1778330700000,2026-05-09T12:45:00+00:00,610.06000000,610.10000000,609.90000000,610.06000000,19.07000000
1778331600000,2026-05-09T13:00:00+00:00,610.07000000,610.22000000,609.73000000,610.06000000,18.04000000
1778332500000,2026-05-09T13:15:00+00:00,610.06000000,610.10000000,609.88000000,610.03000000,12.20000000
1778333400000,2026-05-09T13:30:00+00:00,610.02000000,610.18000000,609.97000000,610.10000000,2.18000000
1778334300000,2026-05-09T13:45:00+00:00,610.08000000,610.24000000,609.80000000,610.01000000,14.37000000
1778335200000,2026-05-09T14:00:00+00:00,610.01000000,610.14000000,609.97000000,610.07000000,5.12000000
1778336100000,2026-05-09T14:15:00+00:00,610.12000000,610.14000000,609.79000000,609.92000000,5.50000000
1778337000000,2026-05-09T14:30:00+00:00,609.94000000,610.01000000,609.80000000,609.94000000,6.15000000
1778337900000,2026-05-09T14:45:00+00:00,609.92000000,609.96000000,609.79000000,609.89000000,6.51000000
1778338800000,2026-05-09T15:00:00+00:00,609.87000000,609.87000000,609.62000000,609.72000000,10.91000000
1778339700000,2026-05-09T15:15:00+00:00,609.83000000,609.98000000,609.80000000,609.98000000,1.77000000
1778340600000,2026-05-09T15:30:00+00:00,609.97000000,610.02000000,609.80000000,609.90000000,14.00000000
1778341500000,2026-05-09T15:45:00+00:00,609.92000000,610.19000000,609.88000000,610.19000000,4.97000000
1778342400000,2026-05-09T16:00:00+00:00,610.16000000,610.18000000,609.86000000,610.13000000,14.33000000
1778343300000,2026-05-09T16:15:00+00:00,610.13000000,610.17000000,609.68000000,609.79000000,20.65000000
1778344200000,2026-05-09T16:30:00+00:00,609.79000000,609.80000000,609.65000000,609.65000000,1.17000000
1778345100000,2026-05-09T16:45:00+00:00,609.63000000,609.87000000,609.62000000,609.87000000,5.77000000
1778346000000,2026-05-09T17:00:00+00:00,609.86000000,609.89000000,609.66000000,609.77000000,4.91000000
1778346900000,2026-05-09T17:15:00+00:00,609.77000000,609.81000000,609.61000000,609.73000000,10.92000000
1778347800000,2026-05-09T17:30:00+00:00,609.74000000,609.77000000,609.59000000,609.67000000,16.57000000
1778348700000,2026-05-09T17:45:00+00:00,609.69000000,609.75000000,609.61000000,609.70000000,1.56000000
1778349600000,2026-05-09T18:00:00+00:00,609.72000000,609.77000000,609.50000000,609.57000000,24.60000000
1778350500000,2026-05-09T18:15:00+00:00,609.58000000,609.79000000,609.46000000,609.59000000,32.43000000
1778351400000,2026-05-09T18:30:00+00:00,609.59000000,609.78000000,609.52000000,609.78000000,18.08000000
1778352300000,2026-05-09T18:45:00+00:00,609.78000000,609.80000000,609.66000000,609.73000000,4.10000000
1778353200000,2026-05-09T19:00:00+00:00,609.77000000,609.89000000,609.67000000,609.72000000,10.56000000
1778354100000,2026-05-09T19:15:00+00:00,609.72000000,609.77000000,609.70000000,609.73000000,1.53000000
1778355000000,2026-05-09T19:30:00+00:00,609.73000000,609.78000000,609.67000000,609.67000000,0.68000000
1778355900000,2026-05-09T19:45:00+00:00,609.67000000,609.77000000,609.67000000,609.72000000,1.62000000
1778356800000,2026-05-09T20:00:00+00:00,609.73000000,610.08000000,609.73000000,609.85000000,7.52000000
1778357700000,2026-05-09T20:15:00+00:00,609.85000000,609.88000000,609.72000000,609.73000000,1.57000000
1778358600000,2026-05-09T20:30:00+00:00,609.69000000,609.74000000,609.53000000,609.58000000,3.49000000
1778359500000,2026-05-09T20:45:00+00:00,609.63000000,609.66000000,609.57000000,609.66000000,1.53000000
1778360400000,2026-05-09T21:00:00+00:00,609.66000000,609.74000000,609.65000000,609.71000000,3.41000000
1778361300000,2026-05-09T21:15:00+00:00,609.68000000,609.91000000,609.60000000,609.91000000,1.53000000
1778362200000,2026-05-09T21:30:00+00:00,609.76000000,609.99000000,609.61000000,609.95000000,9.73000000
1778363100000,2026-05-09T21:45:00+00:00,609.96000000,609.96000000,609.61000000,609.63000000,2.96000000
1778364000000,2026-05-09T22:00:00+00:00,609.75000000,610.17000000,609.75000000,610.04000000,10.64000000
1778364900000,2026-05-09T22:15:00+00:00,610.04000000,610.13000000,609.97000000,609.97000000,1.22000000
1778365800000,2026-05-09T22:30:00+00:00,609.97000000,610.18000000,609.97000000,610.14000000,3.69000000
1778366700000,2026-05-09T22:45:00+00:00,610.10000000,610.17000000,610.04000000,610.05000000,1.37000000
1778367600000,2026-05-09T23:00:00+00:00,610.12000000,610.19000000,610.03000000,610.07000000,2.77000000
1778368500000,2026-05-09T23:15:00+00:00,610.07000000,610.08000000,609.90000000,609.91000000,2.08000000
1778369400000,2026-05-09T23:30:00+00:00,609.96000000,610.01000000,609.85000000,609.85000000,1.85000000
1778370300000,2026-05-09T23:45:00+00:00,610.00000000,610.12000000,609.74000000,610.04000000,15.63000000
1778371200000,2026-05-10T00:00:00+00:00,610.04000000,610.24000000,609.84000000,610.13000000,12.96000000
1778372100000,2026-05-10T00:15:00+00:00,610.12000000,610.24000000,610.07000000,610.24000000,3.03000000
1778373000000,2026-05-10T00:30:00+00:00,610.23000000,610.23000000,610.06000000,610.11000000,0.90000000
1778373900000,2026-05-10T00:45:00+00:00,610.15000000,610.29000000,610.15000000,610.19000000,3.88000000
1778374800000,2026-05-10T01:00:00+00:00,610.19000000,610.21000000,610.08000000,610.09000000,7.82000000
1778375700000,2026-05-10T01:15:00+00:00,610.09000000,610.13000000,610.01000000,610.13000000,1.60000000
1778376600000,2026-05-10T01:30:00+00:00,610.13000000,610.27000000,610.08000000,610.14000000,12.42000000
1778377500000,2026-05-10T01:45:00+00:00,610.11000000,610.55000000,610.03000000,610.49000000,35.29000000
1778378400000,2026-05-10T02:00:00+00:00,610.49000000,610.78000000,610.38000000,610.78000000,4.99000000
1778379300000,2026-05-10T02:15:00+00:00,610.77000000,611.68000000,610.73000000,611.68000000,21.64000000
1778380200000,2026-05-10T02:30:00+00:00,611.53000000,611.56000000,611.11000000,611.11000000,5.39000000
1778381100000,2026-05-10T02:45:00+00:00,611.11000000,611.11000000,610.61000000,610.68000000,2.99000000
1778382000000,2026-05-10T03:00:00+00:00,610.61000000,610.61000000,610.06000000,610.21000000,7.10000000
1778382900000,2026-05-10T03:15:00+00:00,610.22000000,610.23000000,610.15000000,610.15000000,0.19000000
1778383800000,2026-05-10T03:30:00+00:00,610.13000000,610.45000000,610.13000000,610.38000000,17.62000000
1778384700000,2026-05-10T03:45:00+00:00,610.40000000,610.40000000,610.25000000,610.35000000,1.22000000
1778385600000,2026-05-10T04:00:00+00:00,610.43000000,610.68000000,610.43000000,610.68000000,2.98000000
1778386500000,2026-05-10T04:15:00+00:00,610.70000000,610.73000000,610.69000000,610.70000000,1.12000000
1778387400000,2026-05-10T04:30:00+00:00,610.70000000,610.73000000,610.61000000,610.62000000,1.14000000
1778388300000,2026-05-10T04:45:00+00:00,610.63000000,610.80000000,610.63000000,610.79000000,6.48000000
1778389200000,2026-05-10T05:00:00+00:00,610.72000000,610.73000000,610.56000000,610.57000000,3.02000000
1778390100000,2026-05-10T05:15:00+00:00,610.54000000,610.59000000,610.24000000,610.41000000,7.50000000
1778391000000,2026-05-10T05:30:00+00:00,610.37000000,610.44000000,610.11000000,610.21000000,6.62000000
1778391900000,2026-05-10T05:45:00+00:00,610.21000000,610.32000000,610.14000000,610.31000000,2.76000000
1778392800000,2026-05-10T06:00:00+00:00,610.32000000,610.32000000,610.01000000,610.28000000,12.64000000
1778393700000,2026-05-10T06:15:00+00:00,610.29000000,610.29000000,610.13000000,610.18000000,2.15000000
1778394600000,2026-05-10T06:30:00+00:00,610.12000000,610.43000000,610.10000000,610.39000000,14.09000000
1778395500000,2026-05-10T06:45:00+00:00,610.39000000,610.51000000,610.28000000,610.32000000,10.61000000
1778396400000,2026-05-10T07:00:00+00:00,610.32000000,610.32000000,610.16000000,610.31000000,9.25000000
1778397300000,2026-05-10T07:15:00+00:00,610.29000000,610.37000000,610.20000000,610.27000000,2.76000000
1778398200000,2026-05-10T07:30:00+00:00,610.23000000,610.23000000,610.00000000,610.15000000,9.51000000
1778399100000,2026-05-10T07:45:00+00:00,610.15000000,610.30000000,610.03000000,610.17000000,8.82000000
1778400000000,2026-05-10T08:00:00+00:00,610.05000000,610.90000000,610.05000000,610.35000000,37.36000000
1778400900000,2026-05-10T08:15:00+00:00,610.35000000,610.53000000,610.30000000,610.40000000,10.15000000
1778401800000,2026-05-10T08:30:00+00:00,610.40000000,610.52000000,610.34000000,610.52000000,12.41000000
1778402700000,2026-05-10T08:45:00+00:00,610.54000000,610.70000000,610.38000000,610.44000000,7.06000000
1778403600000,2026-05-10T09:00:00+00:00,610.48000000,611.22000000,610.35000000,611.20000000,22.40000000
1778404500000,2026-05-10T09:15:00+00:00,611.23000000,611.49000000,611.23000000,611.48000000,2.04000000
1778405400000,2026-05-10T09:30:00+00:00,611.48000000,611.49000000,611.24000000,611.35000000,7.18000000
1778406300000,2026-05-10T09:45:00+00:00,611.34000000,611.39000000,611.24000000,611.24000000,1.11000000
1778407200000,2026-05-10T10:00:00+00:00,611.20000000,611.20000000,611.11000000,611.11000000,1.02000000
1778408100000,2026-05-10T10:15:00+00:00,611.10000000,611.20000000,611.08000000,611.10000000,3.25000000
1778409000000,2026-05-10T10:30:00+00:00,611.12000000,611.14000000,611.08000000,611.14000000,2.56000000
1778409900000,2026-05-10T10:45:00+00:00,611.10000000,611.14000000,611.06000000,611.06000000,0.14000000
1778410800000,2026-05-10T11:00:00+00:00,611.05000000,611.05000000,610.84000000,610.90000000,6.88000000
1778411700000,2026-05-10T11:15:00+00:00,610.90000000,610.90000000,610.85000000,610.90000000,0.52000000
1778412600000,2026-05-10T11:30:00+00:00,610.93000000,611.01000000,610.68000000,610.96000000,26.60000000
1778413500000,2026-05-10T11:45:00+00:00,610.96000000,610.97000000,610.86000000,610.86000000,16.16000000
1778414400000,2026-05-10T12:00:00+00:00,610.81000000,610.89000000,610.78000000,610.85000000,1.67000000
1778415300000,2026-05-10T12:15:00+00:00,610.85000000,610.85000000,610.17000000,610.38000000,59.13000000
1778416200000,2026-05-10T12:30:00+00:00,610.31000000,610.73000000,610.13000000,610.18000000,63.44000000
1778417100000,2026-05-10T12:45:00+00:00,610.25000000,610.26000000,610.20000000,610.26000000,5.22000000
1778418000000,2026-05-10T13:00:00+00:00,610.20000000,610.47000000,610.14000000,610.34000000,100.60000000
1778418900000,2026-05-10T13:15:00+00:00,610.39000000,610.95000000,610.39000000,610.80000000,3.09000000
1778419800000,2026-05-10T13:30:00+00:00,610.79000000,610.79000000,609.84000000,609.84000000,47.93000000
1778420700000,2026-05-10T13:45:00+00:00,610.00000000,610.23000000,610.00000000,610.11000000,5.25000000
1778421600000,2026-05-10T14:00:00+00:00,610.11000000,610.40000000,609.87000000,610.38000000,41.61000000
1778422500000,2026-05-10T14:15:00+00:00,610.36000000,610.41000000,610.27000000,610.28000000,0.54000000
1778423400000,2026-05-10T14:30:00+00:00,610.28000000,610.31000000,610.16000000,610.22000000,5.27000000
1778424300000,2026-05-10T14:45:00+00:00,610.22000000,610.32000000,610.21000000,610.32000000,6.76000000
1778425200000,2026-05-10T15:00:00+00:00,610.31000000,610.31000000,610.15000000,610.22000000,4.04000000
1778426100000,2026-05-10T15:15:00+00:00,610.22000000,610.22000000,610.12000000,610.12000000,2.26000000
1778427000000,2026-05-10T15:30:00+00:00,610.09000000,610.14000000,609.83000000,609.83000000,4.24000000
1778427900000,2026-05-10T15:45:00+00:00,609.84000000,610.07000000,609.78000000,609.85000000,98.88000000
1778428800000,2026-05-10T16:00:00+00:00,609.89000000,610.92000000,609.89000000,610.72000000,108.39000000
1778429700000,2026-05-10T16:15:00+00:00,610.72000000,611.36000000,610.54000000,611.36000000,4.20000000
1778430600000,2026-05-10T16:30:00+00:00,611.34000000,611.45000000,610.75000000,610.85000000,16.31000000
1778431500000,2026-05-10T16:45:00+00:00,610.74000000,610.82000000,610.55000000,610.58000000,20.73000000
1778432400000,2026-05-10T17:00:00+00:00,610.57000000,610.81000000,610.54000000,610.81000000,24.75000000
1778433300000,2026-05-10T17:15:00+00:00,610.72000000,610.84000000,610.71000000,610.78000000,5.76000000
1778434200000,2026-05-10T17:30:00+00:00,610.81000000,611.02000000,610.74000000,611.00000000,10.87000000
1778435100000,2026-05-10T17:45:00+00:00,611.00000000,611.01000000,610.70000000,610.71000000,4.25000000
1778436000000,2026-05-10T18:00:00+00:00,610.71000000,610.82000000,610.62000000,610.62000000,3.60000000
1778436900000,2026-05-10T18:15:00+00:00,610.62000000,610.62000000,610.42000000,610.42000000,1.56000000
1778437800000,2026-05-10T18:30:00+00:00,610.41000000,610.52000000,610.34000000,610.47000000,14.86000000
1778438700000,2026-05-10T18:45:00+00:00,610.41000000,610.61000000,610.41000000,610.61000000,4.79000000
1778439600000,2026-05-10T19:00:00+00:00,610.61000000,610.61000000,609.99000000,610.38000000,18.73000000
1778440500000,2026-05-10T19:15:00+00:00,610.38000000,610.45000000,610.29000000,610.33000000,0.93000000
1778441400000,2026-05-10T19:30:00+00:00,610.35000000,610.78000000,610.26000000,610.73000000,16.21000000
1778442300000,2026-05-10T19:45:00+00:00,610.55000000,610.66000000,610.50000000,610.54000000,4.17000000
1778443200000,2026-05-10T20:00:00+00:00,610.59000000,610.64000000,610.12000000,610.28000000,28.98000000
1778444100000,2026-05-10T20:15:00+00:00,610.23000000,610.23000000,609.49000000,609.50000000,13.85000000
1778445000000,2026-05-10T20:30:00+00:00,609.47000000,609.48000000,608.77000000,608.77000000,11.97000000
1778445900000,2026-05-10T20:45:00+00:00,608.72000000,608.72000000,607.97000000,608.31000000,20.34000000
1778446800000,2026-05-10T21:00:00+00:00,608.29000000,608.45000000,607.88000000,608.06000000,17.13000000
1778447700000,2026-05-10T21:15:00+00:00,608.00000000,608.10000000,607.62000000,607.85000000,22.27000000
1778448600000,2026-05-10T21:30:00+00:00,607.70000000,608.67000000,607.68000000,608.48000000,7.77000000
1778449500000,2026-05-10T21:45:00+00:00,608.48000000,609.12000000,608.48000000,608.94000000,24.00000000
1778450400000,2026-05-10T22:00:00+00:00,608.81000000,608.82000000,607.51000000,607.53000000,114.31000000
1778451300000,2026-05-10T22:15:00+00:00,607.67000000,608.41000000,607.10000000,607.55000000,127.44000000
1778452200000,2026-05-10T22:30:00+00:00,607.68000000,608.17000000,607.58000000,608.17000000,34.38000000
1778453100000,2026-05-10T22:45:00+00:00,608.17000000,608.51000000,608.14000000,608.45000000,27.31000000
1778454000000,2026-05-10T23:00:00+00:00,608.41000000,609.65000000,608.31000000,608.81000000,42.39000000
1778454900000,2026-05-10T23:15:00+00:00,608.82000000,609.03000000,608.10000000,608.10000000,15.16000000
1778455800000,2026-05-10T23:30:00+00:00,608.11000000,608.57000000,608.11000000,608.55000000,14.98000000
1778456700000,2026-05-10T23:45:00+00:00,608.58000000,609.19000000,608.53000000,608.80000000,60.91000000
1778457600000,2026-05-11T00:00:00+00:00,608.78000000,610.74000000,608.78000000,610.20000000,225.16000000
1778458500000,2026-05-11T00:15:00+00:00,610.19000000,610.24000000,609.17000000,609.96000000,90.64000000
1778459400000,2026-05-11T00:30:00+00:00,609.94000000,610.09000000,608.97000000,609.17000000,39.36000000
1778460300000,2026-05-11T00:45:00+00:00,609.08000000,609.18000000,607.01000000,607.84000000,225.10000000
1778461200000,2026-05-11T01:00:00+00:00,607.76000000,607.84000000,607.37000000,607.73000000,85.26000000
1778462100000,2026-05-11T01:15:00+00:00,607.60000000,608.45000000,607.54000000,607.98000000,39.42000000
1778463000000,2026-05-11T01:30:00+00:00,607.93000000,608.71000000,607.71000000,608.27000000,33.91000000
1778463900000,2026-05-11T01:45:00+00:00,608.28000000,608.64000000,608.03000000,608.03000000,36.31000000
1778464800000,2026-05-11T02:00:00+00:00,608.01000000,608.55000000,607.92000000,608.55000000,32.22000000
1778465700000,2026-05-11T02:15:00+00:00,608.58000000,608.59000000,607.87000000,608.34000000,12.36000000
1778466600000,2026-05-11T02:30:00+00:00,608.34000000,608.64000000,608.07000000,608.64000000,5.03000000
1778467500000,2026-05-11T02:45:00+00:00,608.60000000,608.70000000,607.80000000,607.80000000,14.91000000
1778468400000,2026-05-11T03:00:00+00:00,607.78000000,607.90000000,607.31000000,607.60000000,13.88000000
1778469300000,2026-05-11T03:15:00+00:00,607.60000000,607.82000000,607.53000000,607.77000000,6.09000000
1778470200000,2026-05-11T03:30:00+00:00,607.79000000,607.82000000,607.51000000,607.66000000,8.11000000
1778471100000,2026-05-11T03:45:00+00:00,607.75000000,607.79000000,607.34000000,607.53000000,15.51000000
1778472000000,2026-05-11T04:00:00+00:00,607.53000000,607.57000000,606.86000000,607.01000000,18.51000000
1778472900000,2026-05-11T04:15:00+00:00,607.01000000,607.59000000,607.01000000,607.52000000,17.32000000
1778473800000,2026-05-11T04:30:00+00:00,607.54000000,607.65000000,607.45000000,607.51000000,4.38000000
1778474700000,2026-05-11T04:45:00+00:00,607.57000000,608.00000000,607.50000000,607.99000000,8.64000000
1778475600000,2026-05-11T05:00:00+00:00,608.00000000,608.29000000,607.83000000,608.15000000,9.38000000
1778476500000,2026-05-11T05:15:00+00:00,608.14000000,608.28000000,607.76000000,607.92000000,4.89000000
1778477400000,2026-05-11T05:30:00+00:00,608.02000000,608.19000000,607.91000000,607.93000000,23.67000000
1778478300000,2026-05-11T05:45:00+00:00,607.90000000,607.90000000,607.44000000,607.81000000,6.51000000
1778479200000,2026-05-11T06:00:00+00:00,607.71000000,607.98000000,607.40000000,607.89000000,15.53000000
1778480100000,2026-05-11T06:15:00+00:00,607.85000000,607.85000000,607.39000000,607.76000000,13.40000000
1778481000000,2026-05-11T06:30:00+00:00,607.74000000,607.74000000,607.20000000,607.44000000,5.81000000
1778481900000,2026-05-11T06:45:00+00:00,607.44000000,607.53000000,607.23000000,607.41000000,5.32000000
1778482800000,2026-05-11T07:00:00+00:00,607.41000000,607.41000000,607.10000000,607.10000000,5.78000000
1778483700000,2026-05-11T07:15:00+00:00,607.10000000,607.53000000,607.10000000,607.40000000,10.42000000
1778484600000,2026-05-11T07:30:00+00:00,607.40000000,607.44000000,607.25000000,607.43000000,2.69000000
1778485500000,2026-05-11T07:45:00+00:00,607.43000000,607.57000000,607.40000000,607.45000000,5.55000000
1778486400000,2026-05-11T08:00:00+00:00,607.45000000,608.44000000,607.45000000,608.09000000,46.77000000
1778487300000,2026-05-11T08:15:00+00:00,608.16000000,608.59000000,608.16000000,608.22000000,16.71000000
1778488200000,2026-05-11T08:30:00+00:00,608.24000000,608.32000000,607.78000000,608.07000000,16.86000000
1778489100000,2026-05-11T08:45:00+00:00,608.07000000,608.37000000,607.90000000,608.20000000,25.92000000
1778490000000,2026-05-11T09:00:00+00:00,608.05000000,608.34000000,607.87000000,608.11000000,15.57000000
1778490900000,2026-05-11T09:15:00+00:00,608.10000000,608.33000000,607.97000000,608.04000000,17.13000000
1778491800000,2026-05-11T09:30:00+00:00,608.15000000,608.33000000,607.92000000,608.25000000,8.43000000
1778492700000,2026-05-11T09:45:00+00:00,608.15000000,608.36000000,607.76000000,607.76000000,26.26000000
1778493600000,2026-05-11T10:00:00+00:00,607.76000000,607.88000000,607.41000000,607.70000000,6.59000000
1778494500000,2026-05-11T10:15:00+00:00,607.78000000,607.78000000,607.51000000,607.70000000,14.39000000
1778495400000,2026-05-11T10:30:00+00:00,607.70000000,607.83000000,607.40000000,607.53000000,24.10000000
1778496300000,2026-05-11T10:45:00+00:00,607.54000000,607.60000000,607.26000000,607.27000000,17.94000000
1778497200000,2026-05-11T11:00:00+00:00,607.26000000,607.34000000,606.20000000,606.62000000,38.41000000
1778498100000,2026-05-11T11:15:00+00:00,606.61000000,606.75000000,606.06000000,606.06000000,19.75000000
1778499000000,2026-05-11T11:30:00+00:00,606.06000000,606.41000000,605.95000000,605.99000000,23.19000000
1778499900000,2026-05-11T11:45:00+00:00,605.93000000,605.93000000,605.15000000,605.55000000,38.82000000
1778500800000,2026-05-11T12:00:00+00:00,605.55000000,605.90000000,605.00000000,605.22000000,74.76000000
1778501700000,2026-05-11T12:15:00+00:00,605.22000000,606.24000000,605.20000000,606.10000000,41.37000000
1778502600000,2026-05-11T12:30:00+00:00,606.10000000,606.34000000,606.06000000,606.10000000,12.09000000
1778503500000,2026-05-11T12:45:00+00:00,606.09000000,606.09000000,605.45000000,605.45000000,17.44000000
1778504400000,2026-05-11T13:00:00+00:00,605.44000000,605.69000000,604.87000000,605.64000000,63.03000000
1778505300000,2026-05-11T13:15:00+00:00,605.64000000,605.99000000,604.53000000,604.95000000,80.15000000
1778506200000,2026-05-11T13:30:00+00:00,605.09000000,605.25000000,600.95000000,601.63000000,786.09000000
1778507100000,2026-05-11T13:45:00+00:00,601.59000000,602.55000000,600.72000000,601.67000000,297.85000000
1778508000000,2026-05-11T14:00:00+00:00,601.70000000,603.49000000,601.65000000,603.17000000,133.90000000
1778508900000,2026-05-11T14:15:00+00:00,603.09000000,604.19000000,602.90000000,603.29000000,183.31000000
1778509800000,2026-05-11T14:30:00+00:00,603.10000000,603.62000000,601.90000000,602.91000000,140.54000000
1778510700000,2026-05-11T14:45:00+00:00,602.85000000,602.86000000,601.00000000,602.31000000,133.93000000
1778511600000,2026-05-11T15:00:00+00:00,602.30000000,602.30000000,600.93000000,601.48000000,68.04000000
1778512500000,2026-05-11T15:15:00+00:00,601.49000000,603.15000000,600.97000000,603.07000000,129.11000000
1778513400000,2026-05-11T15:30:00+00:00,603.00000000,603.96000000,602.71000000,602.95000000,219.32000000
1778514300000,2026-05-11T15:45:00+00:00,602.95000000,604.89000000,602.91000000,603.76000000,57.67000000
1778515200000,2026-05-11T16:00:00+00:00,603.94000000,604.06000000,602.87000000,603.53000000,49.87000000
1778516100000,2026-05-11T16:15:00+00:00,603.54000000,604.39000000,603.41000000,603.61000000,49.06000000
1778517000000,2026-05-11T16:30:00+00:00,603.71000000,604.89000000,603.61000000,604.37000000,47.26000000
1778517900000,2026-05-11T16:45:00+00:00,604.25000000,604.46000000,603.03000000,603.07000000,31.79000000
1778518800000,2026-05-11T17:00:00+00:00,603.06000000,603.19000000,601.22000000,601.45000000,66.69000000
1778519700000,2026-05-11T17:15:00+00:00,601.41000000,602.12000000,600.87000000,602.00000000,103.45000000
1778520600000,2026-05-11T17:30:00+00:00,601.91000000,603.50000000,601.90000000,603.50000000,33.28000000
1778521500000,2026-05-11T17:45:00+00:00,603.48000000,603.60000000,603.28000000,603.45000000,49.61000000
1778522400000,2026-05-11T18:00:00+00:00,603.48000000,603.89000000,602.85000000,602.85000000,38.51000000
1778523300000,2026-05-11T18:15:00+00:00,602.80000000,602.82000000,601.00000000,601.40000000,101.99000000
1778524200000,2026-05-11T18:30:00+00:00,601.40000000,601.53000000,599.66000000,600.06000000,194.91000000
1778525100000,2026-05-11T18:45:00+00:00,600.14000000,601.37000000,600.06000000,600.06000000,52.81000000
1778526000000,2026-05-11T19:00:00+00:00,600.05000000,600.16000000,599.17000000,599.79000000,53.37000000
1778526900000,2026-05-11T19:15:00+00:00,599.79000000,600.05000000,599.30000000,600.01000000,50.74000000
1778527800000,2026-05-11T19:30:00+00:00,600.05000000,600.36000000,599.25000000,599.41000000,24.34000000
1778528700000,2026-05-11T19:45:00+00:00,599.40000000,600.34000000,598.70000000,599.35000000,116.27000000
1778529600000,2026-05-11T20:00:00+00:00,599.45000000,600.30000000,598.97000000,599.28000000,101.06000000
1778530500000,2026-05-11T20:15:00+00:00,599.15000000,599.40000000,598.89000000,599.40000000,20.59000000
1778531400000,2026-05-11T20:30:00+00:00,599.43000000,599.75000000,599.35000000,599.48000000,28.61000000
1778532300000,2026-05-11T20:45:00+00:00,599.51000000,599.86000000,599.48000000,599.66000000,10.56000000
1778533200000,2026-05-11T21:00:00+00:00,599.66000000,599.89000000,599.53000000,599.89000000,10.10000000
1778534100000,2026-05-11T21:15:00+00:00,599.89000000,600.30000000,599.77000000,600.15000000,19.38000000
1778535000000,2026-05-11T21:30:00+00:00,600.23000000,600.55000000,599.99000000,599.99000000,4.02000000
1778535900000,2026-05-11T21:45:00+00:00,599.99000000,600.45000000,599.98000000,600.45000000,1.14000000
1778536800000,2026-05-11T22:00:00+00:00,600.45000000,600.59000000,600.37000000,600.38000000,10.52000000
1778537700000,2026-05-11T22:15:00+00:00,600.39000000,600.48000000,600.25000000,600.25000000,3.14000000
1778538600000,2026-05-11T22:30:00+00:00,600.26000000,600.30000000,600.05000000,600.17000000,2.95000000
1778539500000,2026-05-11T22:45:00+00:00,600.19000000,600.30000000,599.97000000,599.97000000,16.33000000
1778540400000,2026-05-11T23:00:00+00:00,600.09000000,600.38000000,599.70000000,599.76000000,12.85000000
1778541300000,2026-05-11T23:15:00+00:00,599.81000000,600.13000000,599.81000000,600.03000000,2.72000000
1778542200000,2026-05-11T23:30:00+00:00,600.10000000,600.14000000,599.70000000,599.79000000,13.15000000
1778543100000,2026-05-11T23:45:00+00:00,599.79000000,599.79000000,599.63000000,599.72000000,4.29000000
1778544000000,2026-05-12T00:00:00+00:00,599.72000000,600.21000000,599.36000000,599.82000000,111.35000000
1778544900000,2026-05-12T00:15:00+00:00,599.83000000,600.02000000,599.46000000,599.46000000,60.43000000
1778545800000,2026-05-12T00:30:00+00:00,599.47000000,599.63000000,599.33000000,599.49000000,16.43000000
1778546700000,2026-05-12T00:45:00+00:00,599.43000000,599.60000000,599.39000000,599.53000000,7.49000000
1778547600000,2026-05-12T01:00:00+00:00,599.55000000,599.60000000,599.43000000,599.48000000,53.63000000
1778548500000,2026-05-12T01:15:00+00:00,599.45000000,599.45000000,598.58000000,598.80000000,37.78000000
1778549400000,2026-05-12T01:30:00+00:00,598.80000000,598.81000000,597.50000000,598.20000000,256.38000000
1778550300000,2026-05-12T01:45:00+00:00,598.19000000,598.78000000,598.00000000,598.78000000,199.89000000
1778551200000,2026-05-12T02:00:00+00:00,598.79000000,599.49000000,598.78000000,599.43000000,39.94000000
1778552100000,2026-05-12T02:15:00+00:00,599.44000000,599.50000000,599.08000000,599.50000000,15.08000000
1778553000000,2026-05-12T02:30:00+00:00,599.43000000,599.51000000,599.08000000,599.30000000,7.21000000
1778553900000,2026-05-12T02:45:00+00:00,599.22000000,599.93000000,599.22000000,599.82000000,73.50000000
1778554800000,2026-05-12T03:00:00+00:00,599.91000000,599.97000000,598.99000000,599.42000000,49.91000000
1778555700000,2026-05-12T03:15:00+00:00,599.43000000,599.74000000,599.35000000,599.74000000,7.74000000
1778556600000,2026-05-12T03:30:00+00:00,599.75000000,599.90000000,599.72000000,599.78000000,2.31000000
1778557500000,2026-05-12T03:45:00+00:00,599.80000000,599.80000000,598.90000000,599.33000000,41.74000000
1778558400000,2026-05-12T04:00:00+00:00,599.35000000,599.84000000,599.35000000,599.62000000,7.25000000
1778559300000,2026-05-12T04:15:00+00:00,599.61000000,600.17000000,599.53000000,599.68000000,25.00000000
1778560200000,2026-05-12T04:30:00+00:00,599.78000000,599.92000000,599.49000000,599.82000000,8.33000000
1778561100000,2026-05-12T04:45:00+00:00,599.84000000,599.95000000,599.14000000,599.36000000,18.62000000
1778562000000,2026-05-12T05:00:00+00:00,599.37000000,599.39000000,598.82000000,598.86000000,26.29000000
1778562900000,2026-05-12T05:15:00+00:00,598.97000000,599.00000000,598.40000000,598.95000000,16.69000000
1778563800000,2026-05-12T05:30:00+00:00,598.97000000,599.09000000,598.78000000,598.99000000,26.96000000
1778564700000,2026-05-12T05:45:00+00:00,599.01000000,599.46000000,598.96000000,599.20000000,46.01000000
1778565600000,2026-05-12T06:00:00+00:00,599.16000000,599.19000000,598.83000000,598.95000000,9.03000000
1778566500000,2026-05-12T06:15:00+00:00,598.87000000,598.93000000,597.59000000,597.82000000,68.40000000
1778567400000,2026-05-12T06:30:00+00:00,598.04000000,598.34000000,597.68000000,597.91000000,59.51000000
1778568300000,2026-05-12T06:45:00+00:00,597.92000000,598.41000000,597.53000000,597.53000000,31.44000000
1778569200000,2026-05-12T07:00:00+00:00,597.42000000,598.20000000,596.86000000,598.16000000,44.82000000
1778570100000,2026-05-12T07:15:00+00:00,598.23000000,598.60000000,597.61000000,597.76000000,39.12000000
1778571000000,2026-05-12T07:30:00+00:00,597.76000000,598.24000000,597.47000000,597.85000000,30.62000000
1778571900000,2026-05-12T07:45:00+00:00,597.81000000,598.03000000,597.48000000,597.88000000,44.72000000
1778572800000,2026-05-12T08:00:00+00:00,597.99000000,598.84000000,597.36000000,597.38000000,252.56000000
1778573700000,2026-05-12T08:15:00+00:00,597.36000000,597.40000000,596.73000000,597.25000000,224.40000000
1778574600000,2026-05-12T08:30:00+00:00,597.30000000,597.34000000,596.33000000,596.67000000,38.00000000
1778575500000,2026-05-12T08:45:00+00:00,596.66000000,596.98000000,596.50000000,596.82000000,27.42000000
1778576400000,2026-05-12T09:00:00+00:00,596.84000000,597.15000000,596.69000000,596.69000000,47.25000000
1778577300000,2026-05-12T09:15:00+00:00,597.13000000,597.15000000,596.65000000,596.69000000,10.51000000
1778578200000,2026-05-12T09:30:00+00:00,596.75000000,597.59000000,596.75000000,597.20000000,35.54000000
1778579100000,2026-05-12T09:45:00+00:00,597.25000000,597.33000000,596.81000000,597.00000000,19.62000000
1778580000000,2026-05-12T10:00:00+00:00,597.03000000,597.18000000,596.93000000,597.03000000,21.71000000
1778580900000,2026-05-12T10:15:00+00:00,597.03000000,597.05000000,596.82000000,597.03000000,9.99000000
1778581800000,2026-05-12T10:30:00+00:00,597.02000000,597.09000000,596.69000000,596.97000000,31.89000000
1778582700000,2026-05-12T10:45:00+00:00,597.00000000,597.05000000,596.69000000,597.05000000,15.09000000
1778583600000,2026-05-12T11:00:00+00:00,597.05000000,597.49000000,595.64000000,595.82000000,88.18000000
1778584500000,2026-05-12T11:15:00+00:00,595.84000000,595.89000000,595.44000000,595.80000000,12.97000000
1778585400000,2026-05-12T11:30:00+00:00,595.80000000,596.74000000,595.76000000,596.67000000,35.21000000
1778586300000,2026-05-12T11:45:00+00:00,596.61000000,596.74000000,595.96000000,596.11000000,30.90000000
1778587200000,2026-05-12T12:00:00+00:00,596.05000000,596.22000000,595.57000000,596.22000000,45.92000000
1778588100000,2026-05-12T12:15:00+00:00,596.25000000,596.37000000,595.71000000,596.06000000,39.80000000
1778589000000,2026-05-12T12:30:00+00:00,596.02000000,596.15000000,594.47000000,595.16000000,190.37000000
1778589900000,2026-05-12T12:45:00+00:00,595.16000000,596.09000000,595.13000000,596.09000000,58.87000000
1778590800000,2026-05-12T13:00:00+00:00,596.05000000,597.97000000,595.90000000,597.70000000,87.82000000
1778591700000,2026-05-12T13:15:00+00:00,597.73000000,598.40000000,595.59000000,595.65000000,143.12000000
1778592600000,2026-05-12T13:30:00+00:00,595.55000000,599.71000000,593.25000000,599.20000000,1023.16000000
1778593500000,2026-05-12T13:45:00+00:00,599.25000000,601.30000000,597.41000000,600.46000000,637.66000000
1778594400000,2026-05-12T14:00:00+00:00,600.58000000,601.41000000,598.55000000,600.91000000,322.46000000
1778595300000,2026-05-12T14:15:00+00:00,600.90000000,604.43000000,600.90000000,602.84000000,246.64000000
1778596200000,2026-05-12T14:30:00+00:00,602.94000000,604.28000000,602.31000000,603.68000000,378.12000000
1778597100000,2026-05-12T14:45:00+00:00,603.72000000,603.72000000,600.66000000,601.43000000,197.16000000
1778598000000,2026-05-12T15:00:00+00:00,601.51000000,602.12000000,600.80000000,600.81000000,178.13000000
1778598900000,2026-05-12T15:15:00+00:00,600.80000000,602.09000000,600.56000000,602.09000000,298.64000000
1778599800000,2026-05-12T15:30:00+00:00,602.05000000,602.14000000,600.16000000,601.50000000,139.05000000
1778600700000,2026-05-12T15:45:00+00:00,601.52000000,602.01000000,600.82000000,601.20000000,294.61000000
1778601600000,2026-05-12T16:00:00+00:00,601.23000000,601.28000000,599.96000000,600.70000000,97.95000000
1778602500000,2026-05-12T16:15:00+00:00,600.72000000,601.68000000,600.35000000,600.81000000,139.73000000
1778603400000,2026-05-12T16:30:00+00:00,600.75000000,601.85000000,600.00000000,601.50000000,114.45000000
1778604300000,2026-05-12T16:45:00+00:00,601.54000000,601.60000000,600.35000000,600.46000000,63.15000000
1778605200000,2026-05-12T17:00:00+00:00,600.50000000,600.79000000,598.03000000,598.17000000,111.30000000
1778606100000,2026-05-12T17:15:00+00:00,598.12000000,599.86000000,597.45000000,599.38000000,61.00000000
1778607000000,2026-05-12T17:30:00+00:00,599.27000000,600.51000000,599.12000000,600.51000000,78.83000000
1778607900000,2026-05-12T17:45:00+00:00,600.48000000,600.90000000,599.89000000,600.78000000,24.30000000
1778608800000,2026-05-12T18:00:00+00:00,600.75000000,600.80000000,599.78000000,600.40000000,69.58000000
1778609700000,2026-05-12T18:15:00+00:00,600.44000000,601.09000000,599.94000000,600.90000000,28.10000000
1778610600000,2026-05-12T18:30:00+00:00,600.85000000,600.99000000,599.70000000,599.85000000,41.02000000
1778611500000,2026-05-12T18:45:00+00:00,599.85000000,600.50000000,599.68000000,600.30000000,35.52000000
1778612400000,2026-05-12T19:00:00+00:00,600.31000000,600.76000000,599.52000000,600.63000000,63.71000000
1778613300000,2026-05-12T19:15:00+00:00,600.80000000,602.84000000,600.70000000,602.80000000,105.01000000
1778614200000,2026-05-12T19:30:00+00:00,602.79000000,603.16000000,601.73000000,603.12000000,119.88000000
1778615100000,2026-05-12T19:45:00+00:00,603.19000000,603.98000000,602.35000000,603.78000000,115.97000000
1778616000000,2026-05-12T20:00:00+00:00,603.71000000,604.15000000,602.83000000,602.92000000,273.21000000
1778616900000,2026-05-12T20:15:00+00:00,602.88000000,602.94000000,602.61000000,602.61000000,7.24000000
1778617800000,2026-05-12T20:30:00+00:00,602.62000000,602.84000000,602.57000000,602.63000000,6.74000000
1778618700000,2026-05-12T20:45:00+00:00,602.80000000,602.93000000,602.66000000,602.85000000,3.84000000
1778619600000,2026-05-12T21:00:00+00:00,602.82000000,602.86000000,602.47000000,602.49000000,8.01000000
1778620500000,2026-05-12T21:15:00+00:00,602.48000000,602.53000000,601.83000000,602.35000000,32.03000000
1778621400000,2026-05-12T21:30:00+00:00,602.35000000,602.47000000,602.35000000,602.36000000,2.95000000
1778622300000,2026-05-12T21:45:00+00:00,602.36000000,602.57000000,601.93000000,602.31000000,15.98000000
1778623200000,2026-05-12T22:00:00+00:00,602.30000000,602.70000000,602.05000000,602.57000000,6.76000000
1778624100000,2026-05-12T22:15:00+00:00,602.52000000,602.95000000,602.45000000,602.88000000,13.87000000
1778625000000,2026-05-12T22:30:00+00:00,602.90000000,602.95000000,602.65000000,602.69000000,2.83000000
1778625900000,2026-05-12T22:45:00+00:00,602.70000000,602.88000000,602.41000000,602.57000000,23.17000000
1778626800000,2026-05-12T23:00:00+00:00,602.52000000,602.85000000,602.52000000,602.72000000,6.63000000
1778627700000,2026-05-12T23:15:00+00:00,602.72000000,602.86000000,602.46000000,602.58000000,11.51000000
1778628600000,2026-05-12T23:30:00+00:00,602.62000000,602.73000000,602.19000000,602.23000000,9.98000000
1778629500000,2026-05-12T23:45:00+00:00,602.24000000,602.56000000,602.20000000,602.37000000,27.19000000
1778630400000,2026-05-13T00:00:00+00:00,602.36000000,602.71000000,601.77000000,602.25000000,120.50000000
1778631300000,2026-05-13T00:15:00+00:00,602.16000000,603.49000000,602.10000000,603.02000000,56.29000000
1778632200000,2026-05-13T00:30:00+00:00,603.05000000,603.15000000,602.70000000,602.93000000,18.05000000
1778633100000,2026-05-13T00:45:00+00:00,603.00000000,603.23000000,602.94000000,603.09000000,9.86000000
1778634000000,2026-05-13T01:00:00+00:00,603.09000000,604.21000000,603.08000000,603.94000000,69.35000000
1778634900000,2026-05-13T01:15:00+00:00,603.87000000,604.11000000,603.41000000,603.85000000,38.53000000
1778635800000,2026-05-13T01:30:00+00:00,603.88000000,604.23000000,603.75000000,604.16000000,2.59000000
1778636700000,2026-05-13T01:45:00+00:00,604.13000000,604.48000000,603.82000000,604.19000000,20.17000000
1778637600000,2026-05-13T02:00:00+00:00,604.25000000,604.36000000,603.93000000,604.24000000,21.35000000
1778638500000,2026-05-13T02:15:00+00:00,604.28000000,604.39000000,604.03000000,604.16000000,8.12000000
1778639400000,2026-05-13T02:30:00+00:00,604.13000000,604.23000000,603.90000000,603.98000000,27.84000000
1778640300000,2026-05-13T02:45:00+00:00,604.05000000,604.11000000,603.84000000,604.06000000,16.14000000
1778641200000,2026-05-13T03:00:00+00:00,604.07000000,604.07000000,603.24000000,603.24000000,56.32000000
1778642100000,2026-05-13T03:15:00+00:00,603.30000000,603.80000000,603.27000000,603.80000000,4.46000000
1778643000000,2026-05-13T03:30:00+00:00,603.79000000,604.30000000,603.73000000,604.27000000,6.71000000
1778643900000,2026-05-13T03:45:00+00:00,604.30000000,604.30000000,603.89000000,604.13000000,21.95000000
1778644800000,2026-05-13T04:00:00+00:00,604.11000000,604.15000000,603.90000000,604.03000000,7.09000000
1778645700000,2026-05-13T04:15:00+00:00,604.05000000,604.26000000,603.86000000,604.16000000,17.50000000
1778646600000,2026-05-13T04:30:00+00:00,604.16000000,604.21000000,603.93000000,603.99000000,7.22000000
1778647500000,2026-05-13T04:45:00+00:00,604.01000000,604.05000000,603.68000000,603.77000000,22.44000000
1778648400000,2026-05-13T05:00:00+00:00,603.76000000,604.00000000,603.65000000,603.91000000,37.05000000
1778649300000,2026-05-13T05:15:00+00:00,603.91000000,604.19000000,603.76000000,603.95000000,30.43000000
1778650200000,2026-05-13T05:30:00+00:00,603.91000000,604.05000000,603.80000000,603.81000000,18.13000000
1778651100000,2026-05-13T05:45:00+00:00,603.81000000,604.06000000,603.81000000,603.88000000,8.47000000
1778652000000,2026-05-13T06:00:00+00:00,603.88000000,604.17000000,603.88000000,604.17000000,6.72000000
1778652900000,2026-05-13T06:15:00+00:00,604.19000000,604.79000000,604.12000000,604.42000000,108.15000000
1778653800000,2026-05-13T06:30:00+00:00,604.36000000,604.59000000,604.35000000,604.45000000,3.54000000
1778654700000,2026-05-13T06:45:00+00:00,604.44000000,604.52000000,604.35000000,604.35000000,23.01000000
1778655600000,2026-05-13T07:00:00+00:00,604.42000000,604.45000000,604.35000000,604.35000000,74.66000000
1778656500000,2026-05-13T07:15:00+00:00,604.35000000,604.40000000,604.13000000,604.32000000,46.14000000
1778657400000,2026-05-13T07:30:00+00:00,604.31000000,604.64000000,604.17000000,604.58000000,10.59000000
1778658300000,2026-05-13T07:45:00+00:00,604.48000000,604.59000000,604.27000000,604.30000000,17.61000000
1778659200000,2026-05-13T08:00:00+00:00,604.30000000,605.04000000,604.27000000,604.58000000,271.98000000
1778660100000,2026-05-13T08:15:00+00:00,604.63000000,604.63000000,603.26000000,603.66000000,147.73000000
1778661000000,2026-05-13T08:30:00+00:00,603.73000000,603.87000000,603.48000000,603.87000000,32.94000000
1778661900000,2026-05-13T08:45:00+00:00,603.82000000,603.90000000,603.45000000,603.54000000,57.01000000
1778662800000,2026-05-13T09:00:00+00:00,603.70000000,603.80000000,603.50000000,603.80000000,51.54000000
1778663700000,2026-05-13T09:15:00+00:00,603.79000000,603.84000000,603.50000000,603.52000000,724.84000000
1778664600000,2026-05-13T09:30:00+00:00,603.50000000,603.60000000,603.50000000,603.51000000,838.98000000
1778665500000,2026-05-13T09:45:00+00:00,603.51000000,603.56000000,603.50000000,603.52000000,74.05000000
1778666400000,2026-05-13T10:00:00+00:00,603.51000000,603.68000000,603.50000000,603.50000000,66.41000000
1778667300000,2026-05-13T10:15:00+00:00,603.50000000,603.60000000,603.50000000,603.50000000,308.74000000
1778668200000,2026-05-13T10:30:00+00:00,603.50000000,603.57000000,603.50000000,603.50000000,119.35000000
1778669100000,2026-05-13T10:45:00+00:00,603.50000000,603.51000000,603.50000000,603.51000000,32.41000000
1778670000000,2026-05-13T11:00:00+00:00,603.51000000,603.61000000,602.53000000,602.62000000,116.26000000
1778670900000,2026-05-13T11:15:00+00:00,602.62000000,602.88000000,602.30000000,602.44000000,108.45000000
1778671800000,2026-05-13T11:30:00+00:00,602.48000000,602.60000000,602.26000000,602.26000000,67.19000000
1778672700000,2026-05-13T11:45:00+00:00,602.27000000,602.27000000,600.67000000,601.16000000,123.36000000
1778673600000,2026-05-13T12:00:00+00:00,601.10000000,601.77000000,600.69000000,600.85000000,91.84000000
1778674500000,2026-05-13T12:15:00+00:00,600.94000000,600.94000000,599.45000000,599.87000000,137.52000000
1778675400000,2026-05-13T12:30:00+00:00,599.85000000,599.85000000,598.00000000,598.43000000,227.44000000
1778676300000,2026-05-13T12:45:00+00:00,598.54000000,599.15000000,598.27000000,599.04000000,93.62000000
1778677200000,2026-05-13T13:00:00+00:00,599.01000000,599.42000000,598.86000000,599.22000000,92.49000000
1778678100000,2026-05-13T13:15:00+00:00,599.24000000,600.85000000,599.12000000,599.73000000,188.20000000
1778679000000,2026-05-13T13:30:00+00:00,599.62000000,602.47000000,598.43000000,602.22000000,868.88000000
1778679900000,2026-05-13T13:45:00+00:00,602.10000000,606.29000000,597.56000000,605.99000000,3124.64000000
1778680800000,2026-05-13T14:00:00+00:00,606.04000000,609.70000000,604.95000000,606.32000000,911.36000000
1778681700000,2026-05-13T14:15:00+00:00,606.50000000,607.41000000,605.97000000,606.70000000,286.87000000
1778682600000,2026-05-13T14:30:00+00:00,606.72000000,606.82000000,603.34000000,605.05000000,363.82000000
1778683500000,2026-05-13T14:45:00+00:00,605.05000000,606.24000000,604.66000000,604.66000000,204.22000000
1778684400000,2026-05-13T15:00:00+00:00,604.72000000,605.74000000,604.05000000,604.44000000,88.90000000
1778685300000,2026-05-13T15:15:00+00:00,604.44000000,607.19000000,604.19000000,606.87000000,143.29000000
1778686200000,2026-05-13T15:30:00+00:00,606.79000000,609.05000000,606.02000000,609.05000000,186.18000000
1778687100000,2026-05-13T15:45:00+00:00,609.10000000,609.33000000,607.11000000,608.70000000,232.44000000
1778688000000,2026-05-13T16:00:00+00:00,608.75000000,610.66000000,608.40000000,610.48000000,272.31000000
1778688900000,2026-05-13T16:15:00+00:00,610.56000000,613.00000000,610.08000000,613.00000000,282.49000000
1778689800000,2026-05-13T16:30:00+00:00,612.80000000,613.78000000,612.00000000,612.03000000,228.30000000
1778690700000,2026-05-13T16:45:00+00:00,612.14000000,616.00000000,611.98000000,615.99000000,118.61000000
1778691600000,2026-05-13T17:00:00+00:00,616.00000000,617.10000000,615.44000000,615.90000000,212.56000000
1778692500000,2026-05-13T17:15:00+00:00,615.90000000,616.36000000,614.96000000,616.12000000,141.57000000
1778693400000,2026-05-13T17:30:00+00:00,616.19000000,616.60000000,615.26000000,616.35000000,70.56000000
1778694300000,2026-05-13T17:45:00+00:00,616.46000000,617.29000000,615.83000000,615.83000000,112.56000000
1778695200000,2026-05-13T18:00:00+00:00,615.80000000,618.24000000,615.60000000,618.22000000,116.70000000
1778696100000,2026-05-13T18:15:00+00:00,618.22000000,619.10000000,618.14000000,618.50000000,211.05000000
1778697000000,2026-05-13T18:30:00+00:00,618.37000000,620.47000000,617.90000000,619.45000000,150.83000000
1778697900000,2026-05-13T18:45:00+00:00,619.45000000,620.09000000,617.41000000,617.51000000,111.41000000
1778698800000,2026-05-13T19:00:00+00:00,617.52000000,617.93000000,617.14000000,617.73000000,50.24000000
1778699700000,2026-05-13T19:15:00+00:00,617.69000000,618.69000000,616.71000000,617.08000000,78.14000000
1778700600000,2026-05-13T19:30:00+00:00,617.09000000,617.74000000,616.90000000,617.41000000,39.37000000
1778701500000,2026-05-13T19:45:00+00:00,617.44000000,617.57000000,615.93000000,617.16000000,205.61000000
1778702400000,2026-05-13T20:00:00+00:00,617.08000000,617.19000000,615.87000000,615.95000000,71.71000000
1778703300000,2026-05-13T20:15:00+00:00,615.96000000,616.04000000,615.62000000,615.72000000,12.60000000
1778704200000,2026-05-13T20:30:00+00:00,615.69000000,615.79000000,615.10000000,615.40000000,27.23000000
1778705100000,2026-05-13T20:45:00+00:00,615.40000000,615.66000000,615.39000000,615.66000000,33.14000000
1778706000000,2026-05-13T21:00:00+00:00,615.55000000,615.59000000,615.28000000,615.49000000,7.90000000
1778706900000,2026-05-13T21:15:00+00:00,615.49000000,616.05000000,615.36000000,615.73000000,24.76000000
1778707800000,2026-05-13T21:30:00+00:00,615.74000000,616.10000000,615.74000000,616.04000000,6.34000000
1778708700000,2026-05-13T21:45:00+00:00,616.04000000,616.19000000,615.76000000,615.88000000,19.22000000
1778709600000,2026-05-13T22:00:00+00:00,615.99000000,616.08000000,615.70000000,615.99000000,19.02000000
1778710500000,2026-05-13T22:15:00+00:00,615.99000000,616.00000000,615.65000000,615.85000000,7.07000000
1778711400000,2026-05-13T22:30:00+00:00,615.86000000,615.86000000,615.46000000,615.84000000,16.05000000
1778712300000,2026-05-13T22:45:00+00:00,615.90000000,616.18000000,615.87000000,616.13000000,5.97000000
1778713200000,2026-05-13T23:00:00+00:00,616.14000000,617.05000000,616.13000000,616.86000000,26.46000000
1778714100000,2026-05-13T23:15:00+00:00,616.87000000,616.95000000,616.66000000,616.89000000,8.07000000
1778715000000,2026-05-13T23:30:00+00:00,616.81000000,616.88000000,616.64000000,616.64000000,18.78000000
1778715900000,2026-05-13T23:45:00+00:00,616.60000000,616.69000000,616.40000000,616.69000000,27.10000000
1778716800000,2026-05-14T00:00:00+00:00,616.68000000,617.95000000,616.52000000,617.29000000,205.19000000
1778717700000,2026-05-14T00:15:00+00:00,617.30000000,617.80000000,617.10000000,617.20000000,34.18000000
1778718600000,2026-05-14T00:30:00+00:00,617.22000000,617.69000000,617.13000000,617.66000000,26.22000000
1778719500000,2026-05-14T00:45:00+00:00,617.67000000,617.94000000,617.56000000,617.94000000,8.47000000
1778720400000,2026-05-14T01:00:00+00:00,617.91000000,617.91000000,617.46000000,617.61000000,23.17000000
1778721300000,2026-05-14T01:15:00+00:00,617.54000000,617.72000000,617.42000000,617.57000000,37.25000000
1778722200000,2026-05-14T01:30:00+00:00,617.54000000,617.72000000,617.41000000,617.54000000,40.12000000
1778723100000,2026-05-14T01:45:00+00:00,617.55000000,617.67000000,617.05000000,617.13000000,239.08000000
1778724000000,2026-05-14T02:00:00+00:00,617.07000000,617.17000000,616.84000000,617.10000000,66.13000000
1778724900000,2026-05-14T02:15:00+00:00,617.12000000,617.33000000,617.05000000,617.21000000,126.46000000
1778725800000,2026-05-14T02:30:00+00:00,617.15000000,617.23000000,616.91000000,617.15000000,27.04000000
1778726700000,2026-05-14T02:45:00+00:00,617.15000000,617.15000000,616.64000000,616.65000000,67.28000000
1778727600000,2026-05-14T03:00:00+00:00,616.65000000,616.80000000,615.92000000,616.05000000,109.97000000
1778728500000,2026-05-14T03:15:00+00:00,615.98000000,616.02000000,614.45000000,614.64000000,103.27000000
1778729400000,2026-05-14T03:30:00+00:00,614.74000000,614.74000000,613.57000000,614.03000000,54.63000000
1778730300000,2026-05-14T03:45:00+00:00,614.03000000,614.03000000,613.49000000,613.81000000,57.28000000
1778731200000,2026-05-14T04:00:00+00:00,613.75000000,615.24000000,613.16000000,614.75000000,141.60000000
1778732100000,2026-05-14T04:15:00+00:00,614.77000000,615.52000000,614.70000000,615.05000000,86.56000000
1778733000000,2026-05-14T04:30:00+00:00,615.08000000,615.88000000,615.08000000,615.80000000,55.48000000
1778733900000,2026-05-14T04:45:00+00:00,615.88000000,615.98000000,614.56000000,614.95000000,34.33000000
1778734800000,2026-05-14T05:00:00+00:00,614.95000000,615.28000000,614.86000000,615.07000000,22.85000000
1778735700000,2026-05-14T05:15:00+00:00,615.06000000,615.33000000,614.73000000,615.19000000,25.46000000
1778736600000,2026-05-14T05:30:00+00:00,615.19000000,615.28000000,614.72000000,615.05000000,34.86000000
1778737500000,2026-05-14T05:45:00+00:00,615.04000000,615.75000000,614.80000000,614.91000000,50.07000000
1778738400000,2026-05-14T06:00:00+00:00,614.90000000,615.75000000,614.80000000,615.47000000,49.84000000
1778739300000,2026-05-14T06:15:00+00:00,615.54000000,615.75000000,615.43000000,615.75000000,11.23000000
1778740200000,2026-05-14T06:30:00+00:00,615.66000000,615.78000000,615.45000000,615.67000000,11.63000000
1778741100000,2026-05-14T06:45:00+00:00,615.65000000,615.80000000,615.58000000,615.63000000,5.04000000
1778742000000,2026-05-14T07:00:00+00:00,615.63000000,615.65000000,615.24000000,615.39000000,40.77000000
1778742900000,2026-05-14T07:15:00+00:00,615.37000000,615.65000000,615.33000000,615.59000000,24.05000000
1778743800000,2026-05-14T07:30:00+00:00,615.50000000,615.79000000,615.42000000,615.77000000,127.37000000
1778744700000,2026-05-14T07:45:00+00:00,615.78000000,616.42000000,615.77000000,616.23000000,68.77000000
1778745600000,2026-05-14T08:00:00+00:00,616.23000000,616.24000000,614.91000000,615.42000000,150.28000000
1778746500000,2026-05-14T08:15:00+00:00,615.55000000,616.30000000,615.48000000,616.30000000,38.77000000
1778747400000,2026-05-14T08:30:00+00:00,616.29000000,616.57000000,616.15000000,616.37000000,29.03000000
1778748300000,2026-05-14T08:45:00+00:00,616.35000000,617.70000000,616.22000000,617.65000000,50.54000000
1778749200000,2026-05-14T09:00:00+00:00,617.60000000,618.39000000,617.32000000,617.63000000,135.93000000
1778750100000,2026-05-14T09:15:00+00:00,617.67000000,617.76000000,616.45000000,616.73000000,140.14000000
1778751000000,2026-05-14T09:30:00+00:00,616.61000000,616.80000000,615.68000000,615.86000000,55.53000000
1778751900000,2026-05-14T09:45:00+00:00,615.90000000,617.24000000,615.76000000,617.19000000,30.23000000
1778752800000,2026-05-14T10:00:00+00:00,617.19000000,618.79000000,617.19000000,618.42000000,102.74000000
1778753700000,2026-05-14T10:15:00+00:00,618.41000000,618.65000000,618.05000000,618.15000000,42.54000000
1778754600000,2026-05-14T10:30:00+00:00,618.10000000,618.16000000,617.53000000,617.79000000,44.50000000
1778755500000,2026-05-14T10:45:00+00:00,617.80000000,618.14000000,617.24000000,617.84000000,54.00000000
1778756400000,2026-05-14T11:00:00+00:00,617.75000000,619.39000000,617.41000000,619.15000000,49.71000000
1778757300000,2026-05-14T11:15:00+00:00,619.17000000,619.25000000,618.26000000,618.39000000,33.23000000
1778758200000,2026-05-14T11:30:00+00:00,618.39000000,618.60000000,618.09000000,618.12000000,25.98000000
1778759100000,2026-05-14T11:45:00+00:00,618.12000000,618.45000000,617.96000000,618.07000000,9.12000000
1778760000000,2026-05-14T12:00:00+00:00,617.95000000,618.14000000,617.78000000,617.92000000,30.83000000
1778760900000,2026-05-14T12:15:00+00:00,617.99000000,618.10000000,617.35000000,617.95000000,41.77000000
1778761800000,2026-05-14T12:30:00+00:00,617.90000000,617.90000000,617.18000000,617.23000000,40.08000000
1778762700000,2026-05-14T12:45:00+00:00,617.16000000,617.29000000,616.71000000,616.96000000,41.18000000
1778763600000,2026-05-14T13:00:00+00:00,616.96000000,617.00000000,615.71000000,615.89000000,72.09000000
1778764500000,2026-05-14T13:15:00+00:00,615.92000000,616.38000000,614.66000000,616.19000000,126.86000000
1778765400000,2026-05-14T13:30:00+00:00,616.20000000,619.30000000,615.31000000,618.19000000,1102.82000000
1778766300000,2026-05-14T13:45:00+00:00,618.19000000,619.94000000,616.20000000,618.15000000,549.98000000
1778767200000,2026-05-14T14:00:00+00:00,618.15000000,623.54000000,617.96000000,621.17000000,535.95000000
1778768100000,2026-05-14T14:15:00+00:00,621.30000000,623.50000000,620.70000000,622.26000000,348.08000000
1778769000000,2026-05-14T14:30:00+00:00,622.22000000,622.68000000,618.65000000,620.72000000,516.20000000
1778769900000,2026-05-14T14:45:00+00:00,620.73000000,622.85000000,620.72000000,620.72000000,294.49000000
1778770800000,2026-05-14T15:00:00+00:00,620.78000000,623.00000000,620.72000000,622.83000000,112.66000000
1778771700000,2026-05-14T15:15:00+00:00,622.90000000,623.29000000,621.43000000,622.53000000,108.26000000
1778772600000,2026-05-14T15:30:00+00:00,622.51000000,623.34000000,621.98000000,622.30000000,85.27000000
1778773500000,2026-05-14T15:45:00+00:00,622.25000000,622.32000000,621.36000000,622.12000000,69.75000000
1778774400000,2026-05-14T16:00:00+00:00,622.13000000,624.00000000,622.13000000,622.32000000,138.64000000
1778775300000,2026-05-14T16:15:00+00:00,622.33000000,624.10000000,621.33000000,621.49000000,121.71000000
1778776200000,2026-05-14T16:30:00+00:00,621.46000000,621.66000000,619.88000000,620.78000000,297.20000000
1778777100000,2026-05-14T16:45:00+00:00,620.69000000,621.11000000,619.28000000,619.76000000,59.20000000
1778778000000,2026-05-14T17:00:00+00:00,619.84000000,620.15000000,619.28000000,619.52000000,62.82000000
1778778900000,2026-05-14T17:15:00+00:00,619.47000000,619.67000000,618.44000000,619.28000000,122.30000000
1778779800000,2026-05-14T17:30:00+00:00,619.29000000,620.06000000,618.73000000,619.26000000,38.87000000
1778780700000,2026-05-14T17:45:00+00:00,619.35000000,619.68000000,619.04000000,619.35000000,39.47000000
1778781600000,2026-05-14T18:00:00+00:00,619.30000000,619.30000000,617.65000000,617.85000000,59.28000000
1778782500000,2026-05-14T18:15:00+00:00,617.85000000,618.48000000,616.09000000,616.26000000,47.20000000
1778783400000,2026-05-14T18:30:00+00:00,616.29000000,616.64000000,615.77000000,616.56000000,56.65000000
1778784300000,2026-05-14T18:45:00+00:00,616.50000000,617.27000000,616.30000000,616.94000000,37.16000000
1778785200000,2026-05-14T19:00:00+00:00,616.95000000,618.12000000,616.77000000,617.49000000,75.38000000
1778786100000,2026-05-14T19:15:00+00:00,617.56000000,618.23000000,617.16000000,617.69000000,57.11000000
1778787000000,2026-05-14T19:30:00+00:00,617.60000000,618.20000000,617.56000000,617.98000000,20.52000000
1778787900000,2026-05-14T19:45:00+00:00,618.02000000,618.99000000,618.01000000,618.90000000,31.45000000
1778788800000,2026-05-14T20:00:00+00:00,618.86000000,619.49000000,618.29000000,618.29000000,147.03000000
1778789700000,2026-05-14T20:15:00+00:00,618.25000000,618.35000000,617.36000000,617.54000000,71.31000000
1778790600000,2026-05-14T20:30:00+00:00,617.54000000,617.74000000,617.13000000,617.36000000,63.83000000
1778791500000,2026-05-14T20:45:00+00:00,617.37000000,617.78000000,617.32000000,617.59000000,12.07000000
1778792400000,2026-05-14T21:00:00+00:00,617.57000000,617.85000000,617.28000000,617.59000000,38.45000000
1778793300000,2026-05-14T21:15:00+00:00,617.67000000,617.67000000,617.36000000,617.36000000,4.19000000
1778794200000,2026-05-14T21:30:00+00:00,617.37000000,617.76000000,617.33000000,617.76000000,3.15000000
1778795100000,2026-05-14T21:45:00+00:00,617.57000000,617.63000000,617.47000000,617.55000000,1.28000000
1778796000000,2026-05-14T22:00:00+00:00,617.50000000,617.85000000,617.50000000,617.75000000,10.22000000
1778796900000,2026-05-14T22:15:00+00:00,617.79000000,617.89000000,617.60000000,617.72000000,12.27000000
1778797800000,2026-05-14T22:30:00+00:00,617.74000000,618.10000000,617.72000000,618.09000000,10.20000000
1778798700000,2026-05-14T22:45:00+00:00,618.12000000,618.29000000,618.09000000,618.22000000,3.76000000
1778799600000,2026-05-14T23:00:00+00:00,618.24000000,618.29000000,618.15000000,618.19000000,12.17000000
1778800500000,2026-05-14T23:15:00+00:00,618.27000000,618.39000000,618.18000000,618.35000000,2.47000000
1778801400000,2026-05-14T23:30:00+00:00,618.30000000,618.43000000,618.29000000,618.35000000,1.36000000
1778802300000,2026-05-14T23:45:00+00:00,618.35000000,618.35000000,617.40000000,617.47000000,52.20000000
1778803200000,2026-05-15T00:00:00+00:00,617.47000000,618.70000000,616.37000000,617.90000000,239.86000000
1778804100000,2026-05-15T00:15:00+00:00,617.95000000,618.54000000,617.95000000,618.39000000,26.51000000
1778805000000,2026-05-15T00:30:00+00:00,618.36000000,618.36000000,616.76000000,616.94000000,77.68000000
1778805900000,2026-05-15T00:45:00+00:00,616.87000000,618.08000000,616.87000000,617.57000000,37.28000000
1778806800000,2026-05-15T01:00:00+00:00,617.52000000,617.87000000,617.36000000,617.50000000,29.10000000
1778807700000,2026-05-15T01:15:00+00:00,617.54000000,617.75000000,617.20000000,617.21000000,11.86000000
1778808600000,2026-05-15T01:30:00+00:00,617.16000000,617.16000000,615.92000000,616.21000000,76.96000000
1778809500000,2026-05-15T01:45:00+00:00,616.22000000,616.28000000,615.06000000,615.32000000,81.35000000
1778810400000,2026-05-15T02:00:00+00:00,615.27000000,615.45000000,614.07000000,614.19000000,100.20000000
1778811300000,2026-05-15T02:15:00+00:00,614.11000000,615.43000000,613.65000000,615.25000000,96.27000000
1778812200000,2026-05-15T02:30:00+00:00,615.20000000,615.39000000,614.57000000,615.13000000,98.22000000
1778813100000,2026-05-15T02:45:00+00:00,615.14000000,616.11000000,615.14000000,615.98000000,74.13000000
1778814000000,2026-05-15T03:00:00+00:00,615.99000000,616.67000000,615.75000000,616.66000000,23.79000000
1778814900000,2026-05-15T03:15:00+00:00,616.45000000,616.48000000,615.90000000,616.35000000,28.41000000
1778815800000,2026-05-15T03:30:00+00:00,616.23000000,616.60000000,615.80000000,616.11000000,26.73000000
1778816700000,2026-05-15T03:45:00+00:00,616.13000000,616.48000000,616.13000000,616.22000000,7.08000000
1778817600000,2026-05-15T04:00:00+00:00,616.20000000,616.21000000,615.86000000,615.86000000,8.45000000
1778818500000,2026-05-15T04:15:00+00:00,615.87000000,615.87000000,614.73000000,614.96000000,35.12000000
1778819400000,2026-05-15T04:30:00+00:00,614.97000000,615.27000000,614.61000000,615.01000000,19.40000000
1778820300000,2026-05-15T04:45:00+00:00,614.88000000,615.35000000,613.85000000,613.95000000,79.62000000
1778821200000,2026-05-15T05:00:00+00:00,613.98000000,614.06000000,613.08000000,613.40000000,51.58000000
1778822100000,2026-05-15T05:15:00+00:00,613.40000000,613.85000000,612.92000000,613.33000000,86.23000000
1778823000000,2026-05-15T05:30:00+00:00,613.34000000,613.37000000,611.62000000,611.70000000,36.14000000
1778823900000,2026-05-15T05:45:00+00:00,611.64000000,611.64000000,610.20000000,610.20000000,185.56000000
1778824800000,2026-05-15T06:00:00+00:00,610.20000000,611.62000000,610.00000000,611.25000000,199.69000000
1778825700000,2026-05-15T06:15:00+00:00,611.34000000,611.98000000,610.59000000,610.86000000,89.25000000
1778826600000,2026-05-15T06:30:00+00:00,610.85000000,612.19000000,610.79000000,612.06000000,51.90000000
1778827500000,2026-05-15T06:45:00+00:00,612.06000000,612.24000000,611.01000000,611.07000000,54.01000000
1778828400000,2026-05-15T07:00:00+00:00,611.16000000,612.23000000,610.95000000,612.23000000,35.94000000
1778829300000,2026-05-15T07:15:00+00:00,612.25000000,612.35000000,611.91000000,612.29000000,43.90000000
1778830200000,2026-05-15T07:30:00+00:00,612.20000000,612.21000000,611.05000000,611.06000000,46.68000000
1778831100000,2026-05-15T07:45:00+00:00,611.12000000,611.25000000,610.51000000,610.91000000,20.45000000
1778832000000,2026-05-15T08:00:00+00:00,610.91000000,612.18000000,610.53000000,611.00000000,118.68000000
1778832900000,2026-05-15T08:15:00+00:00,611.26000000,611.26000000,608.80000000,609.04000000,97.36000000
1778833800000,2026-05-15T08:30:00+00:00,609.05000000,610.49000000,608.38000000,610.40000000,83.42000000
1778834700000,2026-05-15T08:45:00+00:00,610.49000000,610.60000000,609.95000000,610.08000000,28.66000000
1778835600000,2026-05-15T09:00:00+00:00,610.08000000,610.32000000,609.83000000,610.06000000,33.90000000
1778836500000,2026-05-15T09:15:00+00:00,609.94000000,609.94000000,609.24000000,609.70000000,48.24000000
1778837400000,2026-05-15T09:30:00+00:00,609.75000000,610.18000000,608.45000000,608.94000000,92.14000000
1778838300000,2026-05-15T09:45:00+00:00,608.92000000,609.54000000,606.72000000,607.74000000,309.58000000
1778839200000,2026-05-15T10:00:00+00:00,607.66000000,609.10000000,607.45000000,608.90000000,100.10000000
1778840100000,2026-05-15T10:15:00+00:00,608.87000000,609.19000000,607.90000000,608.55000000,68.17000000
1778841000000,2026-05-15T10:30:00+00:00,608.55000000,609.25000000,607.48000000,608.45000000,61.74000000
1778841900000,2026-05-15T10:45:00+00:00,608.41000000,610.26000000,608.40000000,610.05000000,95.19000000
1778842800000,2026-05-15T11:00:00+00:00,610.00000000,610.60000000,609.06000000,609.67000000,160.72000000
1778843700000,2026-05-15T11:15:00+00:00,609.63000000,609.91000000,609.44000000,609.90000000,19.11000000
1778844600000,2026-05-15T11:30:00+00:00,609.94000000,610.42000000,609.27000000,609.71000000,64.67000000
1778845500000,2026-05-15T11:45:00+00:00,609.75000000,610.60000000,609.75000000,610.14000000,33.35000000
1778846400000,2026-05-15T12:00:00+00:00,610.05000000,610.05000000,608.20000000,608.51000000,118.29000000
1778847300000,2026-05-15T12:15:00+00:00,608.55000000,609.71000000,608.50000000,609.25000000,40.97000000
1778848200000,2026-05-15T12:30:00+00:00,609.23000000,609.23000000,607.76000000,608.58000000,94.30000000
1778849100000,2026-05-15T12:45:00+00:00,608.55000000,609.47000000,608.44000000,608.66000000,75.78000000
1778850000000,2026-05-15T13:00:00+00:00,608.66000000,608.89000000,607.91000000,608.75000000,52.85000000
1778850900000,2026-05-15T13:15:00+00:00,608.69000000,615.50000000,608.42000000,614.86000000,536.93000000
1778851800000,2026-05-15T13:30:00+00:00,614.86000000,615.14000000,609.90000000,611.22000000,846.20000000
1778852700000,2026-05-15T13:45:00+00:00,610.90000000,613.23000000,610.02000000,610.75000000,370.23000000
1778853600000,2026-05-15T14:00:00+00:00,610.83000000,614.12000000,610.36000000,614.12000000,215.58000000
1778854500000,2026-05-15T14:15:00+00:00,614.15000000,614.48000000,612.35000000,613.00000000,235.05000000
1778855400000,2026-05-15T14:30:00+00:00,612.98000000,615.24000000,612.92000000,614.50000000,160.76000000
1778856300000,2026-05-15T14:45:00+00:00,614.51000000,615.70000000,613.53000000,615.00000000,123.59000000
1778857200000,2026-05-15T15:00:00+00:00,615.08000000,616.09000000,613.67000000,615.11000000,100.73000000
1778858100000,2026-05-15T15:15:00+00:00,615.21000000,616.59000000,614.60000000,615.41000000,74.38000000
1778859000000,2026-05-15T15:30:00+00:00,615.45000000,616.50000000,612.81000000,613.05000000,69.15000000
1778859900000,2026-05-15T15:45:00+00:00,613.10000000,614.13000000,612.43000000,613.94000000,100.47000000
1778860800000,2026-05-15T16:00:00+00:00,614.11000000,615.04000000,613.55000000,614.20000000,79.12000000
1778861700000,2026-05-15T16:15:00+00:00,614.10000000,616.07000000,613.61000000,615.65000000,45.02000000
1778862600000,2026-05-15T16:30:00+00:00,615.75000000,617.35000000,615.55000000,615.75000000,78.23000000
1778863500000,2026-05-15T16:45:00+00:00,615.72000000,616.40000000,615.21000000,616.40000000,27.37000000
1778864400000,2026-05-15T17:00:00+00:00,616.44000000,618.31000000,616.10000000,618.30000000,29.37000000
1778865300000,2026-05-15T17:15:00+00:00,618.30000000,618.95000000,617.50000000,618.74000000,66.30000000
1778866200000,2026-05-15T17:30:00+00:00,618.66000000,620.24000000,618.47000000,619.66000000,54.00000000
1778867100000,2026-05-15T17:45:00+00:00,619.60000000,621.05000000,619.50000000,620.74000000,176.50000000
1778868000000,2026-05-15T18:00:00+00:00,620.85000000,621.87000000,620.67000000,621.03000000,149.53000000
1778868900000,2026-05-15T18:15:00+00:00,620.91000000,621.20000000,619.55000000,619.55000000,65.33000000
1778869800000,2026-05-15T18:30:00+00:00,619.75000000,619.91000000,618.30000000,618.83000000,73.35000000
1778870700000,2026-05-15T18:45:00+00:00,618.85000000,618.98000000,617.23000000,617.60000000,117.32000000
1778871600000,2026-05-15T19:00:00+00:00,617.55000000,617.62000000,616.87000000,617.15000000,85.51000000
1778872500000,2026-05-15T19:15:00+00:00,617.10000000,617.89000000,616.41000000,617.05000000,144.66000000
1778873400000,2026-05-15T19:30:00+00:00,617.05000000,617.09000000,614.80000000,614.80000000,136.59000000
1778874300000,2026-05-15T19:45:00+00:00,614.85000000,616.13000000,614.37000000,615.00000000,111.82000000
1778875200000,2026-05-15T20:00:00+00:00,614.95000000,614.95000000,612.41000000,613.00000000,92.24000000
1778876100000,2026-05-15T20:15:00+00:00,612.95000000,613.05000000,611.55000000,611.80000000,44.01000000
1778877000000,2026-05-15T20:30:00+00:00,611.81000000,612.03000000,611.48000000,611.89000000,25.01000000
1778877900000,2026-05-15T20:45:00+00:00,611.80000000,611.82000000,611.25000000,611.48000000,72.02000000
1778878800000,2026-05-15T21:00:00+00:00,611.56000000,611.88000000,611.52000000,611.62000000,28.92000000
1778879700000,2026-05-15T21:15:00+00:00,611.62000000,611.95000000,611.24000000,611.89000000,40.17000000
1778880600000,2026-05-15T21:30:00+00:00,611.65000000,611.86000000,611.60000000,611.66000000,1.38000000
1778881500000,2026-05-15T21:45:00+00:00,611.66000000,612.43000000,611.66000000,611.89000000,10.02000000
1778882400000,2026-05-15T22:00:00+00:00,611.80000000,612.06000000,611.78000000,611.93000000,4.52000000
1778883300000,2026-05-15T22:15:00+00:00,612.05000000,612.05000000,611.73000000,611.78000000,10.46000000
1778884200000,2026-05-15T22:30:00+00:00,611.79000000,611.84000000,611.51000000,611.56000000,22.47000000
1778885100000,2026-05-15T22:45:00+00:00,611.52000000,611.52000000,610.85000000,611.17000000,19.17000000
1778886000000,2026-05-15T23:00:00+00:00,611.02000000,611.16000000,610.80000000,611.00000000,6.75000000
1778886900000,2026-05-15T23:15:00+00:00,611.04000000,611.11000000,610.98000000,611.06000000,1.91000000
1778887800000,2026-05-15T23:30:00+00:00,611.15000000,611.23000000,610.77000000,610.77000000,11.93000000
1778888700000,2026-05-15T23:45:00+00:00,610.77000000,610.78000000,610.50000000,610.54000000,9.43000000
1778889600000,2026-05-16T00:00:00+00:00,610.53000000,610.73000000,610.27000000,610.70000000,13.20000000
1778890500000,2026-05-16T00:15:00+00:00,610.70000000,610.73000000,610.57000000,610.65000000,4.67000000
1778891400000,2026-05-16T00:30:00+00:00,610.56000000,610.56000000,610.30000000,610.38000000,10.32000000
1778892300000,2026-05-16T00:45:00+00:00,610.40000000,610.40000000,609.54000000,609.89000000,26.13000000
1778893200000,2026-05-16T01:00:00+00:00,609.89000000,610.02000000,609.60000000,609.80000000,30.13000000
1778894100000,2026-05-16T01:15:00+00:00,609.75000000,609.83000000,609.44000000,609.57000000,11.54000000
1778895000000,2026-05-16T01:30:00+00:00,609.48000000,609.77000000,608.60000000,608.94000000,133.98000000
1778895900000,2026-05-16T01:45:00+00:00,608.96000000,609.23000000,608.84000000,609.23000000,14.67000000
1778896800000,2026-05-16T02:00:00+00:00,609.23000000,609.54000000,609.22000000,609.30000000,14.70000000
1778897700000,2026-05-16T02:15:00+00:00,609.25000000,609.34000000,609.03000000,609.16000000,17.44000000
1778898600000,2026-05-16T02:30:00+00:00,609.10000000,609.66000000,609.10000000,609.66000000,6.98000000
1778899500000,2026-05-16T02:45:00+00:00,609.66000000,609.83000000,609.66000000,609.83000000,0.29000000
1778900400000,2026-05-16T03:00:00+00:00,609.84000000,610.13000000,609.84000000,610.02000000,13.75000000
1778901300000,2026-05-16T03:15:00+00:00,610.00000000,610.17000000,609.94000000,610.09000000,14.25000000
1778902200000,2026-05-16T03:30:00+00:00,610.10000000,610.19000000,610.10000000,610.18000000,0.26000000
1778903100000,2026-05-16T03:45:00+00:00,610.18000000,610.42000000,610.18000000,610.42000000,8.13000000
1778904000000,2026-05-16T04:00:00+00:00,610.41000000,610.64000000,610.40000000,610.61000000,21.52000000
1778904900000,2026-05-16T04:15:00+00:00,610.61000000,610.63000000,610.26000000,610.30000000,14.19000000
1778905800000,2026-05-16T04:30:00+00:00,610.27000000,610.45000000,610.12000000,610.30000000,17.55000000
1778906700000,2026-05-16T04:45:00+00:00,610.27000000,610.27000000,610.06000000,610.14000000,15.35000000
1778907600000,2026-05-16T05:00:00+00:00,610.15000000,610.21000000,610.10000000,610.21000000,2.41000000
1778908500000,2026-05-16T05:15:00+00:00,610.22000000,610.49000000,610.22000000,610.40000000,15.13000000
1778909400000,2026-05-16T05:30:00+00:00,610.40000000,610.62000000,610.40000000,610.56000000,16.51000000
1778910300000,2026-05-16T05:45:00+00:00,610.54000000,610.59000000,610.23000000,610.33000000,16.31000000
1778911200000,2026-05-16T06:00:00+00:00,610.43000000,611.16000000,609.85000000,609.85000000,27.91000000
1778912100000,2026-05-16T06:15:00+00:00,609.90000000,609.91000000,609.18000000,609.46000000,83.08000000
1778913000000,2026-05-16T06:30:00+00:00,609.46000000,609.75000000,609.46000000,609.46000000,6.35000000
1778913900000,2026-05-16T06:45:00+00:00,609.46000000,609.51000000,608.89000000,609.27000000,16.60000000
1778914800000,2026-05-16T07:00:00+00:00,609.28000000,609.37000000,608.74000000,608.90000000,12.79000000
1778915700000,2026-05-16T07:15:00+00:00,608.90000000,609.61000000,608.90000000,609.41000000,36.58000000
1778916600000,2026-05-16T07:30:00+00:00,609.42000000,609.91000000,609.28000000,609.79000000,33.62000000
1778917500000,2026-05-16T07:45:00+00:00,609.72000000,609.83000000,608.94000000,609.16000000,44.12000000
1778918400000,2026-05-16T08:00:00+00:00,609.15000000,609.60000000,609.15000000,609.25000000,15.49000000
1778919300000,2026-05-16T08:15:00+00:00,609.23000000,609.35000000,609.07000000,609.27000000,4.45000000
1778920200000,2026-05-16T08:30:00+00:00,609.24000000,610.08000000,609.24000000,609.97000000,35.87000000
1778921100000,2026-05-16T08:45:00+00:00,610.06000000,610.20000000,610.01000000,610.20000000,1.69000000
1778922000000,2026-05-16T09:00:00+00:00,610.24000000,610.34000000,610.00000000,610.00000000,8.47000000
1778922900000,2026-05-16T09:15:00+00:00,610.01000000,610.08000000,608.78000000,609.03000000,70.14000000
1778923800000,2026-05-16T09:30:00+00:00,609.01000000,609.47000000,608.85000000,609.35000000,34.89000000
1778924700000,2026-05-16T09:45:00+00:00,609.31000000,609.48000000,609.21000000,609.36000000,30.70000000
1778925600000,2026-05-16T10:00:00+00:00,609.33000000,609.46000000,609.20000000,609.37000000,21.63000000
1778926500000,2026-05-16T10:15:00+00:00,609.38000000,609.38000000,608.83000000,608.90000000,15.00000000
1778927400000,2026-05-16T10:30:00+00:00,608.91000000,609.20000000,608.90000000,609.02000000,4.66000000
1778928300000,2026-05-16T10:45:00+00:00,609.04000000,609.57000000,609.04000000,609.52000000,7.22000000
1778929200000,2026-05-16T11:00:00+00:00,609.52000000,609.60000000,609.43000000,609.56000000,3.28000000
1778930100000,2026-05-16T11:15:00+00:00,609.56000000,610.06000000,609.56000000,609.96000000,12.34000000
1778931000000,2026-05-16T11:30:00+00:00,609.97000000,610.00000000,609.78000000,609.83000000,18.83000000
1778931900000,2026-05-16T11:45:00+00:00,609.90000000,609.95000000,609.77000000,609.77000000,2.84000000
1778932800000,2026-05-16T12:00:00+00:00,609.76000000,609.85000000,609.54000000,609.60000000,1.51000000
1778933700000,2026-05-16T12:15:00+00:00,609.60000000,609.76000000,609.59000000,609.76000000,2.31000000
1778934600000,2026-05-16T12:30:00+00:00,609.81000000,609.83000000,609.78000000,609.83000000,0.62000000
1778935500000,2026-05-16T12:45:00+00:00,609.84000000,609.92000000,609.83000000,609.91000000,2.92000000
1778936400000,2026-05-16T13:00:00+00:00,609.92000000,610.06000000,609.60000000,609.63000000,14.11000000
1778937300000,2026-05-16T13:15:00+00:00,609.78000000,609.92000000,609.46000000,609.53000000,19.96000000
1778938200000,2026-05-16T13:30:00+00:00,609.53000000,609.65000000,609.38000000,609.46000000,4.84000000
1778939100000,2026-05-16T13:45:00+00:00,609.47000000,609.60000000,609.20000000,609.33000000,9.00000000
1778940000000,2026-05-16T14:00:00+00:00,609.33000000,609.52000000,609.21000000,609.25000000,3.61000000
1778940900000,2026-05-16T14:15:00+00:00,609.26000000,609.35000000,608.97000000,609.25000000,7.66000000
1778941800000,2026-05-16T14:30:00+00:00,609.25000000,609.46000000,609.24000000,609.46000000,3.17000000
1778942700000,2026-05-16T14:45:00+00:00,609.46000000,609.62000000,609.43000000,609.47000000,1.71000000
1778943600000,2026-05-16T15:00:00+00:00,609.47000000,609.50000000,609.39000000,609.42000000,1.87000000
1778944500000,2026-05-16T15:15:00+00:00,609.44000000,609.50000000,609.44000000,609.49000000,0.80000000
1778945400000,2026-05-16T15:30:00+00:00,609.51000000,609.63000000,609.33000000,609.49000000,6.56000000
1778946300000,2026-05-16T15:45:00+00:00,609.50000000,609.57000000,609.05000000,609.13000000,7.50000000
1778947200000,2026-05-16T16:00:00+00:00,609.10000000,609.44000000,609.09000000,609.16000000,10.32000000
1778948100000,2026-05-16T16:15:00+00:00,609.16000000,609.38000000,609.13000000,609.32000000,2.18000000
1778949000000,2026-05-16T16:30:00+00:00,609.44000000,609.65000000,609.44000000,609.64000000,4.99000000
1778949900000,2026-05-16T16:45:00+00:00,609.62000000,609.76000000,609.62000000,609.76000000,2.23000000
1778950800000,2026-05-16T17:00:00+00:00,609.78000000,610.28000000,609.75000000,610.28000000,6.91000000
1778951700000,2026-05-16T17:15:00+00:00,610.28000000,610.41000000,610.28000000,610.36000000,0.94000000
1778952600000,2026-05-16T17:30:00+00:00,610.37000000,610.48000000,610.24000000,610.25000000,8.98000000
1778953500000,2026-05-16T17:45:00+00:00,610.46000000,610.46000000,609.98000000,610.13000000,10.21000000
1778954400000,2026-05-16T18:00:00+00:00,610.08000000,610.24000000,610.05000000,610.24000000,2.80000000
1778955300000,2026-05-16T18:15:00+00:00,610.18000000,610.18000000,610.01000000,610.04000000,1.38000000
1778956200000,2026-05-16T18:30:00+00:00,610.00000000,610.01000000,609.99000000,610.01000000,0.87000000
1778957100000,2026-05-16T18:45:00+00:00,609.92000000,609.99000000,609.90000000,609.99000000,0.93000000
1778958000000,2026-05-16T19:00:00+00:00,609.99000000,610.30000000,609.96000000,610.20000000,7.49000000
1778958900000,2026-05-16T19:15:00+00:00,610.27000000,610.32000000,610.13000000,610.22000000,3.09000000
1778959800000,2026-05-16T19:30:00+00:00,610.20000000,610.31000000,610.18000000,610.31000000,1.19000000
1778960700000,2026-05-16T19:45:00+00:00,610.30000000,610.31000000,610.26000000,610.26000000,1.33000000
1778961600000,2026-05-16T20:00:00+00:00,610.26000000,610.30000000,610.25000000,610.26000000,2.14000000
1778962500000,2026-05-16T20:15:00+00:00,610.27000000,610.85000000,610.27000000,610.74000000,6.94000000
1778963400000,2026-05-16T20:30:00+00:00,610.78000000,610.79000000,610.69000000,610.75000000,1.44000000
1778964300000,2026-05-16T20:45:00+00:00,610.76000000,610.93000000,610.76000000,610.85000000,4.60000000
1778965200000,2026-05-16T21:00:00+00:00,610.80000000,611.08000000,610.79000000,610.96000000,4.08000000
1778966100000,2026-05-16T21:15:00+00:00,610.88000000,611.15000000,610.83000000,611.00000000,2.91000000
1778967000000,2026-05-16T21:30:00+00:00,611.03000000,611.03000000,610.44000000,610.44000000,3.42000000
1778967900000,2026-05-16T21:45:00+00:00,610.40000000,610.54000000,610.19000000,610.47000000,2.05000000
1778968800000,2026-05-16T22:00:00+00:00,610.40000000,610.87000000,610.34000000,610.42000000,14.04000000
1778969700000,2026-05-16T22:15:00+00:00,610.47000000,610.80000000,610.32000000,610.47000000,12.09000000
1778970600000,2026-05-16T22:30:00+00:00,610.42000000,610.55000000,610.33000000,610.47000000,4.68000000
1778971500000,2026-05-16T22:45:00+00:00,610.47000000,610.47000000,609.63000000,609.79000000,22.30000000
1778972400000,2026-05-16T23:00:00+00:00,609.69000000,609.86000000,609.51000000,609.67000000,16.99000000
1778973300000,2026-05-16T23:15:00+00:00,609.59000000,609.89000000,609.59000000,609.80000000,2.21000000
1778974200000,2026-05-16T23:30:00+00:00,609.87000000,609.87000000,609.87000000,609.87000000,0.02000000
1778975100000,2026-05-16T23:45:00+00:00,609.90000000,610.01000000,609.86000000,609.86000000,9.85000000
1778976000000,2026-05-17T00:00:00+00:00,609.93000000,610.18000000,609.78000000,609.98000000,31.27000000
1778976900000,2026-05-17T00:15:00+00:00,610.08000000,610.15000000,609.78000000,609.94000000,28.54000000
1778977800000,2026-05-17T00:30:00+00:00,609.96000000,610.27000000,609.95000000,610.14000000,2.59000000
1778978700000,2026-05-17T00:45:00+00:00,610.06000000,610.12000000,609.61000000,609.62000000,14.83000000
1778979600000,2026-05-17T01:00:00+00:00,609.86000000,610.07000000,609.31000000,609.39000000,25.76000000
1778980500000,2026-05-17T01:15:00+00:00,609.51000000,609.52000000,609.20000000,609.21000000,1.73000000
1778981400000,2026-05-17T01:30:00+00:00,609.24000000,609.44000000,609.06000000,609.30000000,18.21000000
1778982300000,2026-05-17T01:45:00+00:00,609.30000000,609.68000000,609.30000000,609.41000000,8.29000000
1778983200000,2026-05-17T02:00:00+00:00,609.31000000,609.59000000,609.31000000,609.47000000,2.34000000
1778984100000,2026-05-17T02:15:00+00:00,609.47000000,609.67000000,609.47000000,609.67000000,1.72000000
1778985000000,2026-05-17T02:30:00+00:00,609.68000000,609.92000000,609.68000000,609.86000000,4.51000000
1778985900000,2026-05-17T02:45:00+00:00,609.94000000,609.99000000,609.79000000,609.85000000,0.45000000
1778986800000,2026-05-17T03:00:00+00:00,609.88000000,610.30000000,609.80000000,610.24000000,8.06000000
1778987700000,2026-05-17T03:15:00+00:00,610.29000000,610.40000000,610.23000000,610.35000000,2.38000000
1778988600000,2026-05-17T03:30:00+00:00,610.35000000,610.86000000,610.28000000,610.79000000,11.58000000
1778989500000,2026-05-17T03:45:00+00:00,610.80000000,610.98000000,610.80000000,610.91000000,0.79000000
1778990400000,2026-05-17T04:00:00+00:00,611.00000000,611.10000000,610.78000000,610.78000000,9.94000000
1778991300000,2026-05-17T04:15:00+00:00,610.83000000,610.89000000,610.59000000,610.72000000,13.41000000
1778992200000,2026-05-17T04:30:00+00:00,610.80000000,610.87000000,610.66000000,610.79000000,3.00000000
1778993100000,2026-05-17T04:45:00+00:00,610.83000000,610.87000000,610.78000000,610.78000000,0.48000000
1778994000000,2026-05-17T05:00:00+00:00,610.79000000,610.88000000,610.73000000,610.80000000,2.64000000
1778994900000,2026-05-17T05:15:00+00:00,610.80000000,610.84000000,610.69000000,610.69000000,1.21000000
1778995800000,2026-05-17T05:30:00+00:00,610.75000000,610.81000000,610.74000000,610.75000000,0.30000000
1778996700000,2026-05-17T05:45:00+00:00,610.74000000,610.94000000,610.08000000,610.09000000,16.98000000
1778997600000,2026-05-17T06:00:00+00:00,610.08000000,610.19000000,609.91000000,610.12000000,29.49000000
1778998500000,2026-05-17T06:15:00+00:00,610.11000000,610.23000000,610.01000000,610.08000000,2.31000000
1778999400000,2026-05-17T06:30:00+00:00,610.02000000,610.08000000,609.85000000,610.00000000,1.99000000
1779000300000,2026-05-17T06:45:00+00:00,609.92000000,610.11000000,609.87000000,610.09000000,6.14000000
1779001200000,2026-05-17T07:00:00+00:00,609.99000000,610.58000000,609.96000000,610.57000000,9.92000000
1779002100000,2026-05-17T07:15:00+00:00,610.58000000,610.58000000,610.15000000,610.15000000,6.13000000
1779003000000,2026-05-17T07:30:00+00:00,610.12000000,610.30000000,610.11000000,610.23000000,6.10000000
1779003900000,2026-05-17T07:45:00+00:00,610.24000000,610.32000000,610.02000000,610.03000000,3.02000000
1779004800000,2026-05-17T08:00:00+00:00,610.04000000,610.18000000,609.97000000,610.04000000,2.72000000
1779005700000,2026-05-17T08:15:00+00:00,610.04000000,610.48000000,610.03000000,610.40000000,5.35000000
1779006600000,2026-05-17T08:30:00+00:00,610.40000000,610.80000000,610.40000000,610.80000000,10.78000000
1779007500000,2026-05-17T08:45:00+00:00,610.82000000,611.49000000,609.97000000,610.70000000,138.55000000
1779008400000,2026-05-17T09:00:00+00:00,610.80000000,611.20000000,610.80000000,611.11000000,15.98000000
1779009300000,2026-05-17T09:15:00+00:00,611.10000000,611.25000000,610.93000000,611.25000000,9.48000000
1779010200000,2026-05-17T09:30:00+00:00,611.25000000,611.49000000,611.15000000,611.39000000,27.70000000
1779011100000,2026-05-17T09:45:00+00:00,611.48000000,611.67000000,611.44000000,611.67000000,6.86000000
1779012000000,2026-05-17T10:00:00+00:00,611.67000000,611.74000000,611.30000000,611.47000000,40.30000000
1779012900000,2026-05-17T10:15:00+00:00,611.56000000,611.75000000,611.56000000,611.71000000,9.24000000
1779013800000,2026-05-17T10:30:00+00:00,611.76000000,612.10000000,611.76000000,611.97000000,11.98000000
1779014700000,2026-05-17T10:45:00+00:00,611.98000000,612.23000000,611.97000000,612.23000000,4.39000000
1779015600000,2026-05-17T11:00:00+00:00,612.22000000,612.22000000,612.05000000,612.14000000,6.70000000
1779016500000,2026-05-17T11:15:00+00:00,612.22000000,612.22000000,612.22000000,612.22000000,0.02000000
1779017400000,2026-05-17T11:30:00+00:00,612.17000000,612.40000000,612.10000000,612.33000000,6.33000000
1779018300000,2026-05-17T11:45:00+00:00,612.31000000,612.43000000,612.25000000,612.41000000,13.61000000
1779019200000,2026-05-17T12:00:00+00:00,612.45000000,612.59000000,612.36000000,612.59000000,4.66000000
1779020100000,2026-05-17T12:15:00+00:00,612.51000000,612.67000000,612.41000000,612.41000000,20.08000000
1779021000000,2026-05-17T12:30:00+00:00,612.41000000,612.51000000,612.41000000,612.41000000,3.34000000
1779021900000,2026-05-17T12:45:00+00:00,612.41000000,612.41000000,612.13000000,612.13000000,2.76000000
1779022800000,2026-05-17T13:00:00+00:00,612.13000000,612.21000000,611.91000000,612.19000000,8.14000000
1779023700000,2026-05-17T13:15:00+00:00,612.09000000,612.24000000,611.84000000,611.84000000,3.87000000
1779024600000,2026-05-17T13:30:00+00:00,611.84000000,612.26000000,611.77000000,612.17000000,9.32000000
1779025500000,2026-05-17T13:45:00+00:00,612.10000000,612.40000000,612.07000000,612.34000000,5.64000000
1779026400000,2026-05-17T14:00:00+00:00,612.33000000,612.47000000,612.16000000,612.20000000,9.06000000
1779027300000,2026-05-17T14:15:00+00:00,612.20000000,612.20000000,611.67000000,611.72000000,13.66000000
1779028200000,2026-05-17T14:30:00+00:00,611.68000000,611.68000000,611.32000000,611.34000000,19.04000000
1779029100000,2026-05-17T14:45:00+00:00,611.35000000,611.55000000,611.28000000,611.50000000,10.94000000
1779030000000,2026-05-17T15:00:00+00:00,611.50000000,611.78000000,611.32000000,611.76000000,14.04000000
1779030900000,2026-05-17T15:15:00+00:00,611.77000000,611.86000000,611.67000000,611.86000000,7.05000000
1779031800000,2026-05-17T15:30:00+00:00,611.85000000,611.94000000,611.72000000,611.94000000,6.45000000
1779032700000,2026-05-17T15:45:00+00:00,611.89000000,612.03000000,611.89000000,611.95000000,2.74000000
1779033600000,2026-05-17T16:00:00+00:00,611.95000000,612.04000000,611.82000000,611.99000000,5.74000000
1779034500000,2026-05-17T16:15:00+00:00,612.05000000,612.07000000,612.00000000,612.06000000,0.88000000
1779035400000,2026-05-17T16:30:00+00:00,612.05000000,612.27000000,612.02000000,612.14000000,4.62000000
1779036300000,2026-05-17T16:45:00+00:00,612.23000000,612.37000000,611.94000000,612.19000000,6.56000000
1779037200000,2026-05-17T17:00:00+00:00,612.19000000,612.19000000,611.83000000,611.91000000,5.34000000
1779038100000,2026-05-17T17:15:00+00:00,611.94000000,611.94000000,611.76000000,611.84000000,0.62000000
1779039000000,2026-05-17T17:30:00+00:00,611.81000000,611.99000000,611.81000000,611.90000000,3.26000000
1779039900000,2026-05-17T17:45:00+00:00,611.93000000,612.12000000,611.93000000,611.97000000,1.89000000
1779040800000,2026-05-17T18:00:00+00:00,612.12000000,612.36000000,612.05000000,612.26000000,6.24000000
1779041700000,2026-05-17T18:15:00+00:00,612.26000000,612.41000000,612.26000000,612.41000000,2.83000000
1779042600000,2026-05-17T18:30:00+00:00,612.41000000,612.78000000,612.41000000,612.73000000,4.23000000
1779043500000,2026-05-17T18:45:00+00:00,612.74000000,612.83000000,612.61000000,612.62000000,2.95000000
1779044400000,2026-05-17T19:00:00+00:00,612.65000000,612.70000000,612.61000000,612.68000000,2.03000000
1779045300000,2026-05-17T19:15:00+00:00,612.68000000,612.68000000,612.61000000,612.68000000,0.64000000
1779046200000,2026-05-17T19:30:00+00:00,612.67000000,613.07000000,612.67000000,613.03000000,4.54000000
1779047100000,2026-05-17T19:45:00+00:00,613.03000000,613.19000000,612.85000000,613.13000000,21.73000000
1779048000000,2026-05-17T20:00:00+00:00,613.13000000,613.47000000,613.08000000,613.40000000,3.04000000
1779048900000,2026-05-17T20:15:00+00:00,613.40000000,613.49000000,613.37000000,613.44000000,1.01000000
1779049800000,2026-05-17T20:30:00+00:00,613.43000000,613.55000000,613.34000000,613.37000000,3.88000000
1779050700000,2026-05-17T20:45:00+00:00,613.42000000,613.42000000,613.27000000,613.27000000,0.29000000
1779051600000,2026-05-17T21:00:00+00:00,613.27000000,613.37000000,613.27000000,613.37000000,1.86000000
1779052500000,2026-05-17T21:15:00+00:00,613.30000000,613.93000000,613.30000000,613.62000000,16.53000000
1779053400000,2026-05-17T21:30:00+00:00,613.64000000,613.72000000,613.52000000,613.60000000,0.65000000
1779054300000,2026-05-17T21:45:00+00:00,613.70000000,613.88000000,613.55000000,613.71000000,10.08000000
1779055200000,2026-05-17T22:00:00+00:00,613.62000000,613.81000000,613.42000000,613.66000000,15.61000000
1779056100000,2026-05-17T22:15:00+00:00,613.80000000,614.03000000,613.35000000,613.48000000,20.12000000
1779057000000,2026-05-17T22:30:00+00:00,613.41000000,613.79000000,613.07000000,613.73000000,11.12000000
1779057900000,2026-05-17T22:45:00+00:00,613.83000000,613.96000000,613.70000000,613.88000000,7.32000000
1779058800000,2026-05-17T23:00:00+00:00,613.94000000,614.00000000,611.90000000,612.06000000,92.87000000
1779059700000,2026-05-17T23:15:00+00:00,612.20000000,612.29000000,611.92000000,612.03000000,9.35000000
1779060600000,2026-05-17T23:30:00+00:00,611.90000000,612.04000000,609.38000000,610.23000000,106.16000000
1779061500000,2026-05-17T23:45:00+00:00,610.14000000,611.09000000,610.10000000,610.23000000,71.82000000
1779062400000,2026-05-18T00:00:00+00:00,610.16000000,612.44000000,609.75000000,610.31000000,172.67000000
1779063300000,2026-05-18T00:15:00+00:00,610.21000000,610.92000000,609.58000000,610.40000000,83.48000000
1779064200000,2026-05-18T00:30:00+00:00,610.36000000,610.50000000,608.83000000,609.12000000,91.45000000
1779065100000,2026-05-18T00:45:00+00:00,609.08000000,610.26000000,608.75000000,609.72000000,68.68000000
1779066000000,2026-05-18T01:00:00+00:00,609.66000000,609.67000000,608.58000000,608.72000000,49.55000000
1779066900000,2026-05-18T01:15:00+00:00,608.72000000,608.76000000,607.33000000,607.92000000,55.62000000
1779067800000,2026-05-18T01:30:00+00:00,607.93000000,607.93000000,606.82000000,607.38000000,22.62000000
1779068700000,2026-05-18T01:45:00+00:00,607.42000000,608.38000000,607.33000000,608.20000000,31.02000000
1779069600000,2026-05-18T02:00:00+00:00,608.20000000,608.59000000,607.89000000,608.59000000,19.71000000
1779070500000,2026-05-18T02:15:00+00:00,608.59000000,609.84000000,608.15000000,609.81000000,220.34000000
1779071400000,2026-05-18T02:30:00+00:00,609.79000000,610.03000000,609.04000000,609.49000000,28.73000000
1779072300000,2026-05-18T02:45:00+00:00,609.54000000,609.56000000,608.01000000,608.54000000,33.18000000
1779073200000,2026-05-18T03:00:00+00:00,608.39000000,608.74000000,608.35000000,608.42000000,10.29000000
1779074100000,2026-05-18T03:15:00+00:00,608.42000000,608.60000000,608.34000000,608.57000000,24.34000000
1779075000000,2026-05-18T03:30:00+00:00,608.53000000,609.12000000,608.09000000,609.12000000,23.97000000
1779075900000,2026-05-18T03:45:00+00:00,609.11000000,609.30000000,608.89000000,609.10000000,56.61000000
1779076800000,2026-05-18T04:00:00+00:00,609.03000000,609.95000000,609.03000000,609.75000000,27.85000000
1779077700000,2026-05-18T04:15:00+00:00,609.81000000,609.90000000,608.50000000,608.58000000,32.31000000
1779078600000,2026-05-18T04:30:00+00:00,608.58000000,609.20000000,608.01000000,609.20000000,21.13000000
1779079500000,2026-05-18T04:45:00+00:00,609.25000000,609.44000000,608.58000000,608.82000000,36.74000000
1779080400000,2026-05-18T05:00:00+00:00,608.82000000,609.34000000,608.50000000,609.19000000,22.43000000
1779081300000,2026-05-18T05:15:00+00:00,609.15000000,609.15000000,608.59000000,608.91000000,7.80000000
1779082200000,2026-05-18T05:30:00+00:00,608.84000000,609.64000000,608.78000000,609.64000000,17.77000000
1779083100000,2026-05-18T05:45:00+00:00,609.51000000,609.98000000,609.49000000,609.93000000,10.84000000
1779084000000,2026-05-18T06:00:00+00:00,609.80000000,609.87000000,608.95000000,609.23000000,102.09000000
1779084900000,2026-05-18T06:15:00+00:00,609.35000000,609.50000000,608.23000000,608.23000000,26.55000000
1779085800000,2026-05-18T06:30:00+00:00,608.27000000,608.73000000,607.96000000,608.70000000,31.44000000
1779086700000,2026-05-18T06:45:00+00:00,608.75000000,610.00000000,608.75000000,610.00000000,18.63000000
1779087600000,2026-05-18T07:00:00+00:00,610.05000000,610.61000000,609.72000000,609.75000000,28.60000000
1779088500000,2026-05-18T07:15:00+00:00,609.87000000,610.69000000,608.91000000,610.69000000,45.83000000
1779089400000,2026-05-18T07:30:00+00:00,610.69000000,611.44000000,609.56000000,609.68000000,42.95000000
1779090300000,2026-05-18T07:45:00+00:00,609.56000000,610.28000000,609.32000000,610.01000000,23.55000000
1779091200000,2026-05-18T08:00:00+00:00,610.01000000,611.44000000,609.62000000,610.70000000,62.08000000
1779092100000,2026-05-18T08:15:00+00:00,610.80000000,611.18000000,609.97000000,610.95000000,49.15000000
1779093000000,2026-05-18T08:30:00+00:00,611.08000000,611.55000000,610.83000000,611.01000000,36.36000000
1779093900000,2026-05-18T08:45:00+00:00,611.11000000,611.70000000,610.93000000,611.70000000,33.43000000
1779094800000,2026-05-18T09:00:00+00:00,611.63000000,611.76000000,610.34000000,610.66000000,47.20000000
1779095700000,2026-05-18T09:15:00+00:00,610.69000000,610.77000000,610.25000000,610.25000000,18.66000000
1779096600000,2026-05-18T09:30:00+00:00,610.28000000,610.75000000,610.08000000,610.75000000,20.87000000
1779097500000,2026-05-18T09:45:00+00:00,610.79000000,610.85000000,610.17000000,610.50000000,42.72000000
1779098400000,2026-05-18T10:00:00+00:00,610.54000000,610.60000000,608.73000000,609.70000000,70.78000000
1779099300000,2026-05-18T10:15:00+00:00,609.74000000,610.44000000,609.64000000,610.42000000,10.18000000
1779100200000,2026-05-18T10:30:00+00:00,610.45000000,610.45000000,609.40000000,609.63000000,18.88000000
1779101100000,2026-05-18T10:45:00+00:00,609.66000000,610.05000000,609.59000000,609.72000000,6.12000000
1779102000000,2026-05-18T11:00:00+00:00,609.80000000,610.00000000,608.35000000,609.22000000,35.27000000
1779102900000,2026-05-18T11:15:00+00:00,609.19000000,609.67000000,609.01000000,609.30000000,12.28000000
1779103800000,2026-05-18T11:30:00+00:00,609.25000000,611.12000000,609.12000000,610.94000000,68.45000000
1779104700000,2026-05-18T11:45:00+00:00,610.80000000,610.80000000,608.50000000,608.80000000,39.30000000
1779105600000,2026-05-18T12:00:00+00:00,608.85000000,609.53000000,608.76000000,609.19000000,31.91000000
1779106500000,2026-05-18T12:15:00+00:00,609.07000000,609.35000000,608.57000000,609.01000000,19.07000000
1779107400000,2026-05-18T12:30:00+00:00,609.05000000,610.92000000,608.80000000,610.64000000,68.09000000
1779108300000,2026-05-18T12:45:00+00:00,610.64000000,612.14000000,610.64000000,611.60000000,153.98000000
1779109200000,2026-05-18T13:00:00+00:00,611.60000000,611.60000000,610.33000000,610.54000000,39.16000000
1779110100000,2026-05-18T13:15:00+00:00,610.64000000,610.64000000,607.45000000,610.02000000,255.81000000
1779111000000,2026-05-18T13:30:00+00:00,610.00000000,610.15000000,603.94000000,608.34000000,934.60000000
1779111900000,2026-05-18T13:45:00+00:00,608.42000000,612.53000000,607.62000000,612.16000000,243.14000000
1779112800000,2026-05-18T14:00:00+00:00,612.32000000,613.02000000,609.78000000,610.29000000,406.27000000
1779113700000,2026-05-18T14:15:00+00:00,610.44000000,612.54000000,610.37000000,611.78000000,97.88000000
1779114600000,2026-05-18T14:30:00+00:00,611.92000000,612.32000000,606.42000000,610.45000000,215.76000000
1779115500000,2026-05-18T14:45:00+00:00,610.38000000,610.48000000,608.62000000,610.08000000,121.51000000
1779116400000,2026-05-18T15:00:00+00:00,609.96000000,610.02000000,606.64000000,609.01000000,245.28000000
1779117300000,2026-05-18T15:15:00+00:00,609.03000000,609.66000000,607.91000000,608.16000000,103.30000000
1779118200000,2026-05-18T15:30:00+00:00,608.33000000,610.47000000,607.92000000,608.57000000,72.75000000
1779119100000,2026-05-18T15:45:00+00:00,608.55000000,608.86000000,607.63000000,608.03000000,52.61000000
1779120000000,2026-05-18T16:00:00+00:00,608.16000000,609.70000000,607.33000000,609.70000000,43.08000000
1779120900000,2026-05-18T16:15:00+00:00,609.71000000,611.03000000,608.38000000,608.70000000,90.81000000
1779121800000,2026-05-18T16:30:00+00:00,608.82000000,610.02000000,608.16000000,608.37000000,108.86000000
1779122700000,2026-05-18T16:45:00+00:00,608.41000000,611.37000000,608.29000000,610.68000000,33.58000000
1779123600000,2026-05-18T17:00:00+00:00,610.61000000,611.57000000,609.66000000,611.45000000,20.14000000
1779124500000,2026-05-18T17:15:00+00:00,611.44000000,614.17000000,611.44000000,613.71000000,50.68000000
1779125400000,2026-05-18T17:30:00+00:00,613.59000000,614.80000000,613.10000000,614.17000000,93.44000000
1779126300000,2026-05-18T17:45:00+00:00,614.18000000,616.32000000,613.58000000,615.02000000,48.47000000
1779127200000,2026-05-18T18:00:00+00:00,615.09000000,615.30000000,612.64000000,612.64000000,59.98000000
1779128100000,2026-05-18T18:15:00+00:00,612.59000000,612.64000000,610.20000000,610.82000000,53.46000000
1779129000000,2026-05-18T18:30:00+00:00,610.94000000,611.62000000,610.38000000,610.53000000,37.66000000
1779129900000,2026-05-18T18:45:00+00:00,610.61000000,610.78000000,608.05000000,608.05000000,60.90000000
1779130800000,2026-05-18T19:00:00+00:00,608.05000000,613.64000000,608.02000000,612.70000000,255.74000000
1779131700000,2026-05-18T19:15:00+00:00,612.85000000,613.21000000,611.33000000,612.58000000,51.05000000
1779132600000,2026-05-18T19:30:00+00:00,612.46000000,612.95000000,611.95000000,612.41000000,55.43000000
1779133500000,2026-05-18T19:45:00+00:00,612.52000000,612.70000000,610.84000000,611.84000000,49.87000000
1779134400000,2026-05-18T20:00:00+00:00,611.80000000,612.02000000,611.04000000,611.20000000,31.29000000
1779135300000,2026-05-18T20:15:00+00:00,611.30000000,611.49000000,610.55000000,611.32000000,40.66000000
1779136200000,2026-05-18T20:30:00+00:00,611.18000000,611.35000000,611.10000000,611.19000000,14.25000000
1779137100000,2026-05-18T20:45:00+00:00,611.16000000,611.26000000,610.90000000,611.04000000,16.06000000
1779138000000,2026-05-18T21:00:00+00:00,610.97000000,611.11000000,610.86000000,610.97000000,8.46000000
1779138900000,2026-05-18T21:15:00+00:00,611.07000000,611.10000000,610.57000000,610.96000000,10.00000000
1779139800000,2026-05-18T21:30:00+00:00,611.00000000,611.02000000,610.66000000,610.88000000,6.82000000
1779140700000,2026-05-18T21:45:00+00:00,610.89000000,611.20000000,610.70000000,611.20000000,6.14000000
1779141600000,2026-05-18T22:00:00+00:00,611.04000000,611.40000000,610.94000000,611.13000000,40.37000000
1779142500000,2026-05-18T22:15:00+00:00,611.17000000,611.74000000,611.09000000,611.60000000,7.81000000
1779143400000,2026-05-18T22:30:00+00:00,611.59000000,611.75000000,611.50000000,611.65000000,3.35000000
1779144300000,2026-05-18T22:45:00+00:00,611.69000000,611.97000000,611.35000000,611.69000000,29.58000000
1779145200000,2026-05-18T23:00:00+00:00,611.60000000,611.97000000,611.60000000,611.66000000,23.77000000
1779146100000,2026-05-18T23:15:00+00:00,611.66000000,611.79000000,611.36000000,611.65000000,11.12000000
1779147000000,2026-05-18T23:30:00+00:00,611.59000000,612.66000000,611.45000000,612.25000000,28.83000000
1779147900000,2026-05-18T23:45:00+00:00,612.13000000,612.13000000,611.16000000,611.19000000,46.12000000
1779148800000,2026-05-19T00:00:00+00:00,611.17000000,611.70000000,610.49000000,611.01000000,183.40000000
1779149700000,2026-05-19T00:15:00+00:00,611.02000000,612.74000000,610.89000000,612.22000000,83.43000000
1779150600000,2026-05-19T00:30:00+00:00,612.20000000,612.66000000,611.86000000,611.86000000,35.31000000
1779151500000,2026-05-19T00:45:00+00:00,611.85000000,612.06000000,611.40000000,611.46000000,33.44000000
1779152400000,2026-05-19T01:00:00+00:00,611.40000000,611.93000000,611.27000000,611.58000000,30.63000000
1779153300000,2026-05-19T01:15:00+00:00,611.62000000,611.62000000,610.32000000,610.84000000,54.45000000
1779154200000,2026-05-19T01:30:00+00:00,610.84000000,611.48000000,610.75000000,611.46000000,12.24000000
1779155100000,2026-05-19T01:45:00+00:00,611.48000000,611.54000000,610.47000000,610.62000000,61.04000000
1779156000000,2026-05-19T02:00:00+00:00,610.61000000,610.74000000,609.21000000,609.43000000,66.50000000
1779156900000,2026-05-19T02:15:00+00:00,609.54000000,609.97000000,609.41000000,609.72000000,45.97000000
1779157800000,2026-05-19T02:30:00+00:00,609.82000000,610.80000000,609.79000000,610.63000000,17.76000000
1779158700000,2026-05-19T02:45:00+00:00,610.73000000,610.95000000,610.24000000,610.39000000,14.67000000
1779159600000,2026-05-19T03:00:00+00:00,610.39000000,610.75000000,609.89000000,610.69000000,14.22000000
1779160500000,2026-05-19T03:15:00+00:00,610.74000000,610.89000000,610.61000000,610.89000000,2.13000000
1779161400000,2026-05-19T03:30:00+00:00,610.88000000,611.14000000,610.88000000,610.96000000,17.68000000
1779162300000,2026-05-19T03:45:00+00:00,610.95000000,611.05000000,610.56000000,610.56000000,5.39000000
1779163200000,2026-05-19T04:00:00+00:00,610.68000000,610.90000000,610.31000000,610.66000000,54.12000000
1779164100000,2026-05-19T04:15:00+00:00,610.65000000,610.65000000,609.60000000,609.84000000,20.53000000
1779165000000,2026-05-19T04:30:00+00:00,609.85000000,610.64000000,609.79000000,610.25000000,18.50000000
1779165900000,2026-05-19T04:45:00+00:00,610.21000000,610.32000000,610.02000000,610.15000000,16.83000000
1779166800000,2026-05-19T05:00:00+00:00,610.20000000,610.39000000,610.05000000,610.27000000,21.00000000
1779167700000,2026-05-19T05:15:00+00:00,610.25000000,610.26000000,608.94000000,609.84000000,61.65000000
1779168600000,2026-05-19T05:30:00+00:00,609.80000000,609.80000000,608.91000000,609.38000000,16.23000000
1779169500000,2026-05-19T05:45:00+00:00,609.36000000,609.55000000,609.25000000,609.46000000,18.08000000
1779170400000,2026-05-19T06:00:00+00:00,609.46000000,609.83000000,609.18000000,609.77000000,37.81000000
1779171300000,2026-05-19T06:15:00+00:00,609.85000000,609.94000000,609.36000000,609.82000000,15.98000000
1779172200000,2026-05-19T06:30:00+00:00,609.76000000,610.39000000,609.76000000,610.37000000,17.03000000
1779173100000,2026-05-19T06:45:00+00:00,610.37000000,610.96000000,610.26000000,610.95000000,8.71000000
1779174000000,2026-05-19T07:00:00+00:00,610.95000000,612.04000000,610.55000000,611.61000000,45.03000000
1779174900000,2026-05-19T07:15:00+00:00,611.59000000,612.28000000,611.46000000,612.14000000,24.09000000
1779175800000,2026-05-19T07:30:00+00:00,612.14000000,612.67000000,611.69000000,612.54000000,15.87000000
1779176700000,2026-05-19T07:45:00+00:00,612.50000000,613.20000000,612.36000000,612.75000000,29.44000000
1779177600000,2026-05-19T08:00:00+00:00,612.68000000,613.34000000,611.02000000,611.27000000,128.38000000
1779178500000,2026-05-19T08:15:00+00:00,611.16000000,611.82000000,610.80000000,611.10000000,47.60000000
1779179400000,2026-05-19T08:30:00+00:00,611.01000000,611.52000000,610.71000000,611.42000000,34.11000000
1779180300000,2026-05-19T08:45:00+00:00,611.55000000,612.16000000,611.25000000,611.25000000,15.61000000
1779181200000,2026-05-19T09:00:00+00:00,611.20000000,611.48000000,610.67000000,610.67000000,53.26000000
1779182100000,2026-05-19T09:15:00+00:00,610.66000000,610.66000000,609.12000000,609.91000000,190.94000000
1779183000000,2026-05-19T09:30:00+00:00,609.99000000,610.33000000,608.31000000,608.71000000,104.97000000
1779183900000,2026-05-19T09:45:00+00:00,608.70000000,610.44000000,608.70000000,610.10000000,109.64000000
1779184800000,2026-05-19T10:00:00+00:00,610.05000000,610.66000000,609.72000000,610.01000000,61.05000000
1779185700000,2026-05-19T10:15:00+00:00,609.96000000,610.18000000,609.76000000,610.03000000,5.14000000
1779186600000,2026-05-19T10:30:00+00:00,610.03000000,610.37000000,608.42000000,608.85000000,70.44000000
1779187500000,2026-05-19T10:45:00+00:00,608.80000000,609.89000000,608.56000000,609.25000000,91.30000000
1779188400000,2026-05-19T11:00:00+00:00,609.25000000,610.35000000,609.25000000,609.85000000,50.97000000
1779189300000,2026-05-19T11:15:00+00:00,609.83000000,609.96000000,609.31000000,609.66000000,59.51000000
1779190200000,2026-05-19T11:30:00+00:00,609.69000000,609.89000000,609.34000000,609.68000000,34.61000000
1779191100000,2026-05-19T11:45:00+00:00,609.65000000,609.75000000,608.85000000,608.85000000,20.45000000
1779192000000,2026-05-19T12:00:00+00:00,608.84000000,609.58000000,608.51000000,609.45000000,45.42000000
1779192900000,2026-05-19T12:15:00+00:00,609.46000000,609.78000000,609.00000000,609.54000000,18.34000000
1779193800000,2026-05-19T12:30:00+00:00,609.41000000,610.42000000,609.26000000,609.76000000,34.51000000
1779194700000,2026-05-19T12:45:00+00:00,609.85000000,610.05000000,609.34000000,609.56000000,33.85000000
1779195600000,2026-05-19T13:00:00+00:00,609.56000000,609.69000000,607.00000000,607.46000000,969.88000000
1779196500000,2026-05-19T13:15:00+00:00,607.50000000,609.23000000,606.64000000,608.93000000,611.09000000
1779197400000,2026-05-19T13:30:00+00:00,609.05000000,610.34000000,606.01000000,606.25000000,1548.89000000
1779198300000,2026-05-19T13:45:00+00:00,606.20000000,613.76000000,605.52000000,612.65000000,577.04000000
1779199200000,2026-05-19T14:00:00+00:00,612.79000000,613.70000000,609.18000000,609.68000000,263.43000000
1779200100000,2026-05-19T14:15:00+00:00,609.67000000,611.05000000,608.07000000,609.10000000,189.22000000
1779201000000,2026-05-19T14:30:00+00:00,609.10000000,609.37000000,607.48000000,607.59000000,289.93000000
1779201900000,2026-05-19T14:45:00+00:00,607.68000000,607.70000000,605.37000000,607.37000000,93.55000000
1779202800000,2026-05-19T15:00:00+00:00,607.25000000,607.83000000,606.06000000,607.34000000,62.22000000
1779203700000,2026-05-19T15:15:00+00:00,607.34000000,607.40000000,604.55000000,604.55000000,183.15000000
1779204600000,2026-05-19T15:30:00+00:00,604.51000000,605.53000000,604.20000000,604.85000000,79.80000000
1779205500000,2026-05-19T15:45:00+00:00,604.75000000,604.78000000,602.88000000,603.31000000,155.48000000
1779206400000,2026-05-19T16:00:00+00:00,603.35000000,604.59000000,602.65000000,602.84000000,143.35000000
1779207300000,2026-05-19T16:15:00+00:00,602.74000000,603.45000000,602.35000000,602.60000000,73.63000000
1779208200000,2026-05-19T16:30:00+00:00,602.69000000,602.69000000,601.25000000,602.29000000,107.38000000
1779209100000,2026-05-19T16:45:00+00:00,602.30000000,604.71000000,602.25000000,604.28000000,82.25000000
1779210000000,2026-05-19T17:00:00+00:00,604.19000000,604.79000000,603.76000000,604.20000000,68.20000000
1779210900000,2026-05-19T17:15:00+00:00,604.19000000,604.80000000,603.56000000,604.38000000,21.50000000
1779211800000,2026-05-19T17:30:00+00:00,604.25000000,604.86000000,603.16000000,603.67000000,67.67000000
1779212700000,2026-05-19T17:45:00+00:00,603.59000000,603.59000000,602.56000000,603.19000000,43.17000000
1779213600000,2026-05-19T18:00:00+00:00,603.20000000,603.30000000,602.67000000,602.67000000,29.34000000
1779214500000,2026-05-19T18:15:00+00:00,602.65000000,603.29000000,602.21000000,602.92000000,119.94000000
1779215400000,2026-05-19T18:30:00+00:00,602.91000000,603.83000000,602.45000000,602.73000000,42.37000000
1779216300000,2026-05-19T18:45:00+00:00,602.65000000,602.85000000,601.36000000,601.75000000,43.33000000
1779217200000,2026-05-19T19:00:00+00:00,601.61000000,602.80000000,601.36000000,602.65000000,71.77000000
1779218100000,2026-05-19T19:15:00+00:00,602.70000000,603.49000000,602.51000000,603.20000000,20.27000000
1779219000000,2026-05-19T19:30:00+00:00,603.15000000,603.15000000,602.25000000,602.25000000,35.59000000
1779219900000,2026-05-19T19:45:00+00:00,602.30000000,603.64000000,602.16000000,603.10000000,71.18000000
1779220800000,2026-05-19T20:00:00+00:00,603.09000000,603.14000000,602.60000000,603.04000000,27.24000000
1779221700000,2026-05-19T20:15:00+00:00,603.12000000,603.18000000,602.71000000,602.75000000,24.95000000
1779222600000,2026-05-19T20:30:00+00:00,602.75000000,602.80000000,602.60000000,602.80000000,9.61000000
1779223500000,2026-05-19T20:45:00+00:00,602.79000000,602.97000000,602.66000000,602.97000000,4.43000000
1779224400000,2026-05-19T21:00:00+00:00,602.97000000,603.45000000,602.76000000,602.95000000,79.10000000
1779225300000,2026-05-19T21:15:00+00:00,602.94000000,605.21000000,602.28000000,602.59000000,614.30000000
1779226200000,2026-05-19T21:30:00+00:00,602.66000000,603.25000000,602.55000000,603.25000000,7.96000000
1779227100000,2026-05-19T21:45:00+00:00,603.16000000,603.30000000,603.00000000,603.00000000,2.03000000
1779228000000,2026-05-19T22:00:00+00:00,602.96000000,603.05000000,602.66000000,602.87000000,12.60000000
1779228900000,2026-05-19T22:15:00+00:00,602.86000000,602.87000000,602.30000000,602.60000000,54.59000000
1779229800000,2026-05-19T22:30:00+00:00,602.62000000,602.69000000,602.31000000,602.50000000,16.03000000
1779230700000,2026-05-19T22:45:00+00:00,602.46000000,602.75000000,602.45000000,602.75000000,1.08000000
1779231600000,2026-05-19T23:00:00+00:00,602.80000000,603.29000000,602.80000000,603.07000000,11.55000000
1779232500000,2026-05-19T23:15:00+00:00,603.11000000,603.45000000,603.11000000,603.44000000,3.07000000
1779233400000,2026-05-19T23:30:00+00:00,603.42000000,603.64000000,603.42000000,603.46000000,84.60000000
1779234300000,2026-05-19T23:45:00+00:00,603.46000000,603.46000000,602.98000000,603.00000000,19.63000000
1779235200000,2026-05-20T00:00:00+00:00,602.95000000,603.11000000,602.05000000,602.16000000,62.23000000
1779236100000,2026-05-20T00:15:00+00:00,602.15000000,602.45000000,601.80000000,602.45000000,15.56000000
1779237000000,2026-05-20T00:30:00+00:00,602.50000000,603.09000000,602.50000000,602.80000000,28.59000000
1779237900000,2026-05-20T00:45:00+00:00,602.85000000,603.64000000,602.85000000,603.30000000,16.71000000
1779238800000,2026-05-20T01:00:00+00:00,603.35000000,603.58000000,602.69000000,603.25000000,43.81000000
1779239700000,2026-05-20T01:15:00+00:00,603.26000000,603.48000000,602.58000000,602.58000000,24.21000000
1779240600000,2026-05-20T01:30:00+00:00,602.70000000,602.82000000,602.40000000,602.80000000,17.67000000
1779241500000,2026-05-20T01:45:00+00:00,602.85000000,603.45000000,602.76000000,603.13000000,44.08000000
1779242400000,2026-05-20T02:00:00+00:00,603.14000000,603.48000000,603.07000000,603.46000000,28.61000000
1779243300000,2026-05-20T02:15:00+00:00,603.48000000,603.64000000,603.34000000,603.38000000,4.82000000
1779244200000,2026-05-20T02:30:00+00:00,603.34000000,603.34000000,602.72000000,603.09000000,26.08000000
1779245100000,2026-05-20T02:45:00+00:00,603.06000000,603.09000000,602.36000000,602.65000000,41.92000000
1779246000000,2026-05-20T03:00:00+00:00,602.68000000,602.68000000,602.29000000,602.51000000,38.49000000
1779246900000,2026-05-20T03:15:00+00:00,602.53000000,602.54000000,601.83000000,602.20000000,27.95000000
1779247800000,2026-05-20T03:30:00+00:00,602.25000000,602.99000000,602.06000000,602.89000000,19.40000000
1779248700000,2026-05-20T03:45:00+00:00,602.89000000,602.95000000,602.73000000,602.94000000,1.85000000
1779249600000,2026-05-20T04:00:00+00:00,602.85000000,603.24000000,602.85000000,603.15000000,11.45000000
1779250500000,2026-05-20T04:15:00+00:00,603.16000000,603.30000000,602.93000000,602.93000000,8.19000000
1779251400000,2026-05-20T04:30:00+00:00,602.95000000,602.97000000,602.25000000,602.41000000,34.35000000
1779252300000,2026-05-20T04:45:00+00:00,602.45000000,602.95000000,602.31000000,602.71000000,22.63000000
1779253200000,2026-05-20T05:00:00+00:00,602.72000000,603.13000000,602.72000000,603.13000000,15.93000000
1779254100000,2026-05-20T05:15:00+00:00,603.14000000,603.14000000,602.56000000,602.71000000,21.43000000
1779255000000,2026-05-20T05:30:00+00:00,602.72000000,603.29000000,602.72000000,603.03000000,21.61000000
1779255900000,2026-05-20T05:45:00+00:00,602.98000000,603.15000000,602.81000000,603.07000000,16.81000000
1779256800000,2026-05-20T06:00:00+00:00,603.06000000,603.64000000,603.04000000,603.54000000,47.98000000
1779257700000,2026-05-20T06:15:00+00:00,603.63000000,604.76000000,603.58000000,604.57000000,263.25000000
1779258600000,2026-05-20T06:30:00+00:00,604.64000000,604.74000000,604.26000000,604.37000000,37.07000000
1779259500000,2026-05-20T06:45:00+00:00,604.40000000,604.81000000,604.40000000,604.71000000,14.52000000
1779260400000,2026-05-20T07:00:00+00:00,604.75000000,604.77000000,604.50000000,604.63000000,15.87000000
1779261300000,2026-05-20T07:15:00+00:00,604.60000000,605.01000000,604.46000000,604.77000000,14.50000000
1779262200000,2026-05-20T07:30:00+00:00,604.73000000,604.83000000,604.25000000,604.44000000,18.26000000
1779263100000,2026-05-20T07:45:00+00:00,604.43000000,604.54000000,604.17000000,604.35000000,26.85000000
1779264000000,2026-05-20T08:00:00+00:00,604.45000000,604.69000000,603.88000000,604.35000000,76.68000000
1779264900000,2026-05-20T08:15:00+00:00,604.17000000,604.79000000,603.80000000,604.64000000,48.90000000
1779265800000,2026-05-20T08:30:00+00:00,604.71000000,604.91000000,604.15000000,604.49000000,51.34000000
1779266700000,2026-05-20T08:45:00+00:00,604.23000000,604.81000000,604.19000000,604.46000000,59.05000000
1779267600000,2026-05-20T09:00:00+00:00,604.43000000,604.52000000,604.11000000,604.19000000,65.21000000
1779268500000,2026-05-20T09:15:00+00:00,604.26000000,604.73000000,604.00000000,604.00000000,31.89000000
1779269400000,2026-05-20T09:30:00+00:00,603.97000000,604.40000000,603.96000000,604.09000000,21.78000000
1779270300000,2026-05-20T09:45:00+00:00,604.06000000,604.63000000,603.82000000,604.62000000,23.34000000
1779271200000,2026-05-20T10:00:00+00:00,604.64000000,604.98000000,604.15000000,604.51000000,48.19000000
1779272100000,2026-05-20T10:15:00+00:00,604.49000000,604.59000000,604.18000000,604.23000000,31.06000000
1779273000000,2026-05-20T10:30:00+00:00,604.23000000,605.09000000,604.23000000,605.03000000,33.06000000
1779273900000,2026-05-20T10:45:00+00:00,605.02000000,605.21000000,604.26000000,604.59000000,39.20000000
1779274800000,2026-05-20T11:00:00+00:00,604.61000000,604.74000000,604.28000000,604.30000000,61.46000000
1779275700000,2026-05-20T11:15:00+00:00,604.30000000,604.75000000,604.28000000,604.52000000,12.02000000
1779276600000,2026-05-20T11:30:00+00:00,604.54000000,604.75000000,604.02000000,604.25000000,32.19000000
1779277500000,2026-05-20T11:45:00+00:00,604.20000000,604.45000000,604.09000000,604.45000000,26.21000000
1779278400000,2026-05-20T12:00:00+00:00,604.45000000,605.09000000,604.20000000,604.52000000,81.55000000
1779279300000,2026-05-20T12:15:00+00:00,604.55000000,604.65000000,603.90000000,604.40000000,23.10000000
1779280200000,2026-05-20T12:30:00+00:00,604.45000000,604.80000000,604.14000000,604.66000000,49.40000000
1779281100000,2026-05-20T12:45:00+00:00,604.64000000,604.64000000,603.80000000,603.80000000,12.55000000
1779282000000,2026-05-20T13:00:00+00:00,603.75000000,603.75000000,602.20000000,603.52000000,258.33000000
1779282900000,2026-05-20T13:15:00+00:00,603.59000000,603.99000000,600.93000000,601.40000000,277.33000000
1779283800000,2026-05-20T13:30:00+00:00,601.36000000,602.93000000,599.89000000,601.11000000,634.15000000
1779284700000,2026-05-20T13:45:00+00:00,601.09000000,603.19000000,599.94000000,600.62000000,250.29000000
1779285600000,2026-05-20T14:00:00+00:00,600.80000000,600.81000000,598.59000000,600.15000000,299.60000000
1779286500000,2026-05-20T14:15:00+00:00,600.06000000,603.35000000,599.84000000,602.10000000,308.58000000
1779287400000,2026-05-20T14:30:00+00:00,602.15000000,603.05000000,601.24000000,601.61000000,151.75000000
1779288300000,2026-05-20T14:45:00+00:00,601.72000000,605.82000000,601.70000000,605.43000000,126.08000000
1779289200000,2026-05-20T15:00:00+00:00,605.35000000,605.68000000,604.40000000,604.40000000,176.61000000
1779290100000,2026-05-20T15:15:00+00:00,604.50000000,608.36000000,604.50000000,606.18000000,373.74000000
1779291000000,2026-05-20T15:30:00+00:00,606.29000000,607.03000000,605.66000000,606.71000000,147.17000000
1779291900000,2026-05-20T15:45:00+00:00,606.55000000,607.04000000,606.35000000,606.75000000,47.92000000
1779292800000,2026-05-20T16:00:00+00:00,606.75000000,606.94000000,605.30000000,605.73000000,81.13000000
1779293700000,2026-05-20T16:15:00+00:00,605.73000000,605.88000000,604.58000000,604.73000000,93.99000000
1779294600000,2026-05-20T16:30:00+00:00,604.56000000,605.16000000,603.71000000,605.16000000,129.51000000
1779295500000,2026-05-20T16:45:00+00:00,605.15000000,605.36000000,604.16000000,605.19000000,76.47000000
1779296400000,2026-05-20T17:00:00+00:00,605.12000000,605.79000000,604.19000000,605.21000000,168.09000000
1779297300000,2026-05-20T17:15:00+00:00,605.12000000,605.79000000,604.43000000,605.69000000,41.00000000
1779298200000,2026-05-20T17:30:00+00:00,605.64000000,606.22000000,605.08000000,605.92000000,76.05000000
1779299100000,2026-05-20T17:45:00+00:00,605.85000000,605.94000000,605.11000000,605.38000000,37.65000000
1779300000000,2026-05-20T18:00:00+00:00,605.36000000,605.49000000,604.57000000,605.11000000,71.79000000
1779300900000,2026-05-20T18:15:00+00:00,605.09000000,605.67000000,604.84000000,605.51000000,21.88000000
1779301800000,2026-05-20T18:30:00+00:00,605.52000000,606.63000000,605.52000000,606.29000000,53.65000000
1779302700000,2026-05-20T18:45:00+00:00,606.24000000,607.15000000,605.94000000,606.00000000,107.75000000
1779303600000,2026-05-20T19:00:00+00:00,606.15000000,606.37000000,603.38000000,604.48000000,48.53000000
1779304500000,2026-05-20T19:15:00+00:00,604.55000000,604.55000000,603.74000000,604.00000000,12.93000000
1779305400000,2026-05-20T19:30:00+00:00,604.02000000,604.48000000,603.74000000,604.43000000,48.03000000
1779306300000,2026-05-20T19:45:00+00:00,604.30000000,605.91000000,604.00000000,605.27000000,138.14000000
1779307200000,2026-05-20T20:00:00+00:00,605.31000000,606.32000000,604.87000000,605.94000000,166.20000000
1779308100000,2026-05-20T20:15:00+00:00,605.94000000,605.95000000,604.68000000,605.43000000,87.85000000
1779309000000,2026-05-20T20:30:00+00:00,605.44000000,605.51000000,605.00000000,605.07000000,33.78000000
1779309900000,2026-05-20T20:45:00+00:00,605.05000000,605.21000000,604.96000000,605.10000000,5.20000000
1779310800000,2026-05-20T21:00:00+00:00,605.06000000,605.32000000,604.92000000,604.92000000,5.84000000
1779311700000,2026-05-20T21:15:00+00:00,604.95000000,605.02000000,604.74000000,604.75000000,12.73000000
1779312600000,2026-05-20T21:30:00+00:00,604.74000000,604.74000000,604.44000000,604.46000000,1.29000000
1779313500000,2026-05-20T21:45:00+00:00,604.44000000,605.05000000,604.05000000,604.91000000,89.83000000
1779314400000,2026-05-20T22:00:00+00:00,604.90000000,604.90000000,602.51000000,603.84000000,182.70000000
1779315300000,2026-05-20T22:15:00+00:00,603.99000000,604.20000000,601.91000000,602.69000000,276.08000000
1779316200000,2026-05-20T22:30:00+00:00,602.70000000,603.73000000,602.70000000,603.55000000,28.84000000
1779317100000,2026-05-20T22:45:00+00:00,603.55000000,603.65000000,603.18000000,603.40000000,7.19000000
1779318000000,2026-05-20T23:00:00+00:00,603.46000000,603.88000000,603.46000000,603.76000000,4.30000000
1779318900000,2026-05-20T23:15:00+00:00,603.77000000,603.93000000,603.50000000,603.76000000,1.41000000
1779319800000,2026-05-20T23:30:00+00:00,603.88000000,603.92000000,603.81000000,603.81000000,0.80000000
1779320700000,2026-05-20T23:45:00+00:00,603.81000000,603.94000000,603.76000000,603.76000000,1.91000000
1779321600000,2026-05-21T00:00:00+00:00,603.77000000,604.05000000,603.41000000,603.75000000,28.29000000
1779322500000,2026-05-21T00:15:00+00:00,603.80000000,603.90000000,603.50000000,603.73000000,10.04000000
1779323400000,2026-05-21T00:30:00+00:00,603.80000000,604.12000000,603.65000000,604.11000000,7.61000000
1779324300000,2026-05-21T00:45:00+00:00,604.08000000,604.29000000,603.58000000,603.71000000,46.71000000
1779325200000,2026-05-21T01:00:00+00:00,603.75000000,604.64000000,603.74000000,604.52000000,52.09000000
1779326100000,2026-05-21T01:15:00+00:00,604.60000000,604.79000000,603.49000000,603.90000000,39.82000000
1779327000000,2026-05-21T01:30:00+00:00,603.82000000,605.24000000,603.50000000,604.90000000,63.29000000
1779327900000,2026-05-21T01:45:00+00:00,604.94000000,605.48000000,604.79000000,605.24000000,59.54000000
1779328800000,2026-05-21T02:00:00+00:00,605.20000000,605.41000000,605.14000000,605.31000000,34.88000000
1779329700000,2026-05-21T02:15:00+00:00,605.21000000,606.16000000,605.16000000,605.41000000,85.25000000
1779330600000,2026-05-21T02:30:00+00:00,605.40000000,605.40000000,605.09000000,605.15000000,22.28000000
1779331500000,2026-05-21T02:45:00+00:00,605.10000000,605.23000000,604.91000000,605.04000000,5.67000000
1779332400000,2026-05-21T03:00:00+00:00,605.13000000,605.45000000,605.01000000,605.30000000,6.70000000
1779333300000,2026-05-21T03:15:00+00:00,605.31000000,605.49000000,605.00000000,605.15000000,28.63000000
1779334200000,2026-05-21T03:30:00+00:00,605.19000000,605.39000000,605.14000000,605.37000000,52.31000000
1779335100000,2026-05-21T03:45:00+00:00,605.39000000,605.59000000,605.25000000,605.25000000,16.54000000
1779336000000,2026-05-21T04:00:00+00:00,605.21000000,605.35000000,605.20000000,605.28000000,14.60000000
1779336900000,2026-05-21T04:15:00+00:00,605.35000000,606.03000000,605.22000000,605.55000000,59.27000000
1779337800000,2026-05-21T04:30:00+00:00,605.50000000,605.50000000,605.11000000,605.35000000,19.78000000
1779338700000,2026-05-21T04:45:00+00:00,605.37000000,605.58000000,605.35000000,605.58000000,11.04000000
1779339600000,2026-05-21T05:00:00+00:00,605.58000000,605.73000000,605.25000000,605.25000000,19.30000000
1779340500000,2026-05-21T05:15:00+00:00,605.30000000,605.54000000,605.19000000,605.32000000,49.10000000
1779341400000,2026-05-21T05:30:00+00:00,605.25000000,605.40000000,604.94000000,605.26000000,36.47000000
1779342300000,2026-05-21T05:45:00+00:00,605.35000000,605.35000000,602.70000000,604.50000000,203.03000000
1779343200000,2026-05-21T06:00:00+00:00,604.54000000,605.06000000,604.44000000,604.54000000,52.61000000
1779344100000,2026-05-21T06:15:00+00:00,604.55000000,604.76000000,604.17000000,604.33000000,47.71000000
1779345000000,2026-05-21T06:30:00+00:00,604.50000000,604.59000000,603.44000000,603.52000000,28.45000000
1779345900000,2026-05-21T06:45:00+00:00,603.55000000,603.58000000,602.95000000,603.09000000,91.37000000
1779346800000,2026-05-21T07:00:00+00:00,603.06000000,603.35000000,602.88000000,603.23000000,54.00000000
1779347700000,2026-05-21T07:15:00+00:00,603.17000000,603.40000000,602.94000000,602.94000000,35.20000000
1779348600000,2026-05-21T07:30:00+00:00,602.92000000,603.18000000,602.54000000,602.98000000,32.59000000
1779349500000,2026-05-21T07:45:00+00:00,602.87000000,603.25000000,602.65000000,602.95000000,23.28000000
1779350400000,2026-05-21T08:00:00+00:00,602.93000000,604.26000000,602.91000000,603.91000000,179.32000000
1779351300000,2026-05-21T08:15:00+00:00,603.99000000,607.17000000,603.80000000,606.49000000,195.55000000
1779352200000,2026-05-21T08:30:00+00:00,606.40000000,606.46000000,603.60000000,604.15000000,202.89000000
1779353100000,2026-05-21T08:45:00+00:00,604.10000000,604.27000000,603.89000000,604.13000000,16.22000000
1779354000000,2026-05-21T09:00:00+00:00,604.05000000,604.54000000,603.96000000,604.26000000,19.07000000
1779354900000,2026-05-21T09:15:00+00:00,604.15000000,604.33000000,603.90000000,604.15000000,28.82000000
1779355800000,2026-05-21T09:30:00+00:00,604.27000000,604.79000000,604.17000000,604.53000000,35.79000000
1779356700000,2026-05-21T09:45:00+00:00,604.55000000,604.60000000,604.03000000,604.03000000,26.58000000
1779357600000,2026-05-21T10:00:00+00:00,604.15000000,604.35000000,603.95000000,604.35000000,26.36000000
1779358500000,2026-05-21T10:15:00+00:00,604.36000000,604.69000000,602.52000000,603.05000000,113.90000000
1779359400000,2026-05-21T10:30:00+00:00,603.10000000,603.50000000,601.37000000,602.33000000,263.51000000
1779360300000,2026-05-21T10:45:00+00:00,602.35000000,603.04000000,601.55000000,601.97000000,101.49000000
1779361200000,2026-05-21T11:00:00+00:00,601.96000000,602.51000000,601.36000000,602.51000000,66.70000000
1779362100000,2026-05-21T11:15:00+00:00,602.44000000,602.83000000,602.37000000,602.56000000,15.72000000
1779363000000,2026-05-21T11:30:00+00:00,602.56000000,602.80000000,602.25000000,602.26000000,32.93000000
1779363900000,2026-05-21T11:45:00+00:00,602.31000000,602.52000000,602.31000000,602.43000000,1.92000000
1779364800000,2026-05-21T12:00:00+00:00,602.46000000,603.01000000,602.41000000,602.79000000,29.28000000
1779365700000,2026-05-21T12:15:00+00:00,602.79000000,603.24000000,602.72000000,603.10000000,34.33000000
1779366600000,2026-05-21T12:30:00+00:00,603.15000000,603.85000000,602.95000000,603.15000000,41.51000000
1779367500000,2026-05-21T12:45:00+00:00,603.15000000,603.36000000,602.70000000,603.04000000,15.70000000
1779368400000,2026-05-21T13:00:00+00:00,603.00000000,603.96000000,602.49000000,603.10000000,94.09000000
1779369300000,2026-05-21T13:15:00+00:00,602.93000000,603.56000000,599.61000000,600.95000000,260.60000000
1779370200000,2026-05-21T13:30:00+00:00,601.00000000,602.50000000,599.55000000,600.77000000,547.81000000
1779371100000,2026-05-21T13:45:00+00:00,600.60000000,600.80000000,596.05000000,596.15000000,609.87000000
1779372000000,2026-05-21T14:00:00+00:00,596.05000000,599.16000000,595.60000000,598.05000000,677.62000000
1779372900000,2026-05-21T14:15:00+00:00,598.05000000,598.68000000,596.82000000,597.80000000,303.98000000
1779373800000,2026-05-21T14:30:00+00:00,597.79000000,598.58000000,597.25000000,597.75000000,143.81000000
1779374700000,2026-05-21T14:45:00+00:00,597.79000000,600.94000000,596.93000000,600.10000000,174.45000000
1779375600000,2026-05-21T15:00:00+00:00,600.06000000,602.67000000,600.00000000,602.24000000,332.22000000
1779376500000,2026-05-21T15:15:00+00:00,602.25000000,602.90000000,601.22000000,602.64000000,244.93000000
1779377400000,2026-05-21T15:30:00+00:00,602.69000000,604.47000000,601.72000000,603.82000000,192.01000000
1779378300000,2026-05-21T15:45:00+00:00,603.80000000,604.63000000,603.21000000,604.40000000,60.12000000
1779379200000,2026-05-21T16:00:00+00:00,604.35000000,604.65000000,602.11000000,603.00000000,128.46000000
1779380100000,2026-05-21T16:15:00+00:00,602.35000000,602.94000000,601.51000000,601.65000000,57.28000000
1779381000000,2026-05-21T16:30:00+00:00,601.69000000,601.85000000,600.69000000,601.16000000,187.01000000
1779381900000,2026-05-21T16:45:00+00:00,601.17000000,602.34000000,601.05000000,602.28000000,70.16000000
1779382800000,2026-05-21T17:00:00+00:00,602.24000000,605.42000000,602.24000000,604.75000000,119.31000000
1779383700000,2026-05-21T17:15:00+00:00,604.80000000,608.20000000,604.69000000,607.37000000,239.91000000
1779384600000,2026-05-21T17:30:00+00:00,607.26000000,609.35000000,606.76000000,608.98000000,144.53000000
1779385500000,2026-05-21T17:45:00+00:00,609.00000000,609.91000000,608.80000000,609.51000000,63.17000000
1779386400000,2026-05-21T18:00:00+00:00,609.45000000,609.78000000,608.46000000,608.70000000,180.75000000
1779387300000,2026-05-21T18:15:00+00:00,608.80000000,609.24000000,608.36000000,608.45000000,61.89000000
1779388200000,2026-05-21T18:30:00+00:00,608.41000000,608.73000000,607.86000000,608.72000000,70.52000000
1779389100000,2026-05-21T18:45:00+00:00,608.74000000,608.75000000,605.60000000,606.28000000,204.46000000
1779390000000,2026-05-21T19:00:00+00:00,606.30000000,607.99000000,606.10000000,607.30000000,89.68000000
1779390900000,2026-05-21T19:15:00+00:00,607.36000000,607.69000000,606.91000000,607.33000000,24.72000000
1779391800000,2026-05-21T19:30:00+00:00,607.32000000,608.01000000,607.20000000,608.00000000,40.79000000
1779392700000,2026-05-21T19:45:00+00:00,607.90000000,608.14000000,606.18000000,607.88000000,169.11000000
1779393600000,2026-05-21T20:00:00+00:00,607.81000000,608.15000000,607.46000000,608.05000000,62.03000000
1779394500000,2026-05-21T20:15:00+00:00,608.00000000,608.03000000,606.73000000,606.86000000,34.30000000
1779395400000,2026-05-21T20:30:00+00:00,606.86000000,607.54000000,606.86000000,607.54000000,11.19000000
1779396300000,2026-05-21T20:45:00+00:00,607.55000000,607.77000000,607.48000000,607.54000000,3.18000000
1779397200000,2026-05-21T21:00:00+00:00,607.47000000,607.58000000,607.26000000,607.29000000,3.58000000
1779398100000,2026-05-21T21:15:00+00:00,607.29000000,607.61000000,607.18000000,607.21000000,16.62000000
1779399000000,2026-05-21T21:30:00+00:00,607.27000000,607.58000000,607.27000000,607.32000000,4.77000000
1779399900000,2026-05-21T21:45:00+00:00,607.30000000,607.30000000,607.03000000,607.08000000,5.78000000
1779400800000,2026-05-21T22:00:00+00:00,607.19000000,608.24000000,607.09000000,608.05000000,61.51000000
1779401700000,2026-05-21T22:15:00+00:00,608.01000000,608.13000000,607.52000000,607.64000000,17.75000000
1779402600000,2026-05-21T22:30:00+00:00,607.64000000,608.17000000,607.56000000,608.07000000,12.63000000
1779403500000,2026-05-21T22:45:00+00:00,608.06000000,608.25000000,607.89000000,608.11000000,50.61000000
1779404400000,2026-05-21T23:00:00+00:00,608.11000000,608.64000000,607.91000000,608.57000000,51.59000000
1779405300000,2026-05-21T23:15:00+00:00,608.45000000,608.92000000,608.38000000,608.71000000,12.68000000
1779406200000,2026-05-21T23:30:00+00:00,608.77000000,608.94000000,608.69000000,608.86000000,2.88000000
1779407100000,2026-05-21T23:45:00+00:00,608.84000000,609.14000000,608.59000000,608.91000000,38.88000000
1779408000000,2026-05-22T00:00:00+00:00,608.91000000,608.98000000,606.03000000,608.46000000,258.40000000
1779408900000,2026-05-22T00:15:00+00:00,608.46000000,609.78000000,608.45000000,609.50000000,59.53000000
1779409800000,2026-05-22T00:30:00+00:00,609.52000000,609.88000000,609.46000000,609.59000000,18.99000000
1779410700000,2026-05-22T00:45:00+00:00,609.53000000,609.78000000,609.06000000,609.16000000,19.00000000
1779411600000,2026-05-22T01:00:00+00:00,609.13000000,609.34000000,608.52000000,608.85000000,51.86000000
1779412500000,2026-05-22T01:15:00+00:00,608.88000000,609.09000000,608.50000000,608.64000000,27.06000000
1779413400000,2026-05-22T01:30:00+00:00,608.53000000,608.65000000,607.86000000,608.19000000,24.87000000
1779414300000,2026-05-22T01:45:00+00:00,608.20000000,608.95000000,608.20000000,608.56000000,16.90000000
1779415200000,2026-05-22T02:00:00+00:00,608.56000000,608.75000000,608.20000000,608.63000000,39.59000000
1779416100000,2026-05-22T02:15:00+00:00,608.64000000,608.64000000,608.15000000,608.20000000,7.39000000
1779417000000,2026-05-22T02:30:00+00:00,608.20000000,608.26000000,607.41000000,607.89000000,75.53000000
1779417900000,2026-05-22T02:45:00+00:00,607.79000000,608.15000000,607.79000000,607.96000000,4.90000000
1779418800000,2026-05-22T03:00:00+00:00,607.97000000,608.23000000,607.73000000,608.04000000,28.05000000
1779419700000,2026-05-22T03:15:00+00:00,608.04000000,608.19000000,607.90000000,608.16000000,2.18000000
1779420600000,2026-05-22T03:30:00+00:00,608.16000000,608.45000000,608.11000000,608.31000000,20.93000000
1779421500000,2026-05-22T03:45:00+00:00,608.39000000,608.50000000,608.26000000,608.50000000,2.97000000
1779422400000,2026-05-22T04:00:00+00:00,608.55000000,608.95000000,608.51000000,608.69000000,26.77000000
1779423300000,2026-05-22T04:15:00+00:00,608.73000000,608.88000000,608.61000000,608.78000000,1.62000000
1779424200000,2026-05-22T04:30:00+00:00,608.80000000,608.80000000,608.71000000,608.71000000,2.17000000
1779425100000,2026-05-22T04:45:00+00:00,608.81000000,608.82000000,608.64000000,608.67000000,9.49000000
1779426000000,2026-05-22T05:00:00+00:00,608.67000000,608.80000000,608.65000000,608.73000000,6.46000000
1779426900000,2026-05-22T05:15:00+00:00,608.75000000,608.88000000,608.52000000,608.67000000,2.24000000
1779427800000,2026-05-22T05:30:00+00:00,608.65000000,608.86000000,608.54000000,608.64000000,18.57000000
1779428700000,2026-05-22T05:45:00+00:00,608.70000000,608.78000000,608.07000000,608.07000000,23.86000000
1779429600000,2026-05-22T06:00:00+00:00,608.04000000,608.21000000,607.56000000,607.75000000,49.03000000
1779430500000,2026-05-22T06:15:00+00:00,607.78000000,608.00000000,607.58000000,607.79000000,47.85000000
1779431400000,2026-05-22T06:30:00+00:00,607.80000000,608.46000000,607.80000000,608.46000000,31.26000000
1779432300000,2026-05-22T06:45:00+00:00,608.46000000,608.58000000,608.31000000,608.33000000,8.98000000
1779433200000,2026-05-22T07:00:00+00:00,608.34000000,608.51000000,607.79000000,607.97000000,29.92000000
1779434100000,2026-05-22T07:15:00+00:00,607.93000000,608.37000000,607.93000000,608.34000000,16.39000000
1779435000000,2026-05-22T07:30:00+00:00,608.34000000,608.43000000,607.75000000,608.27000000,42.47000000
1779435900000,2026-05-22T07:45:00+00:00,608.27000000,608.70000000,608.18000000,608.62000000,6.77000000
1779436800000,2026-05-22T08:00:00+00:00,608.61000000,609.11000000,607.89000000,607.89000000,137.24000000
1779437700000,2026-05-22T08:15:00+00:00,607.95000000,609.34000000,607.95000000,608.42000000,102.82000000
1779438600000,2026-05-22T08:30:00+00:00,608.44000000,608.46000000,606.95000000,607.35000000,111.71000000
1779439500000,2026-05-22T08:45:00+00:00,607.34000000,607.86000000,607.07000000,607.19000000,52.06000000
1779440400000,2026-05-22T09:00:00+00:00,607.09000000,607.17000000,606.46000000,606.55000000,97.84000000
1779441300000,2026-05-22T09:15:00+00:00,606.53000000,606.85000000,605.80000000,605.89000000,46.61000000
1779442200000,2026-05-22T09:30:00+00:00,605.95000000,607.30000000,605.72000000,607.30000000,111.03000000
1779443100000,2026-05-22T09:45:00+00:00,607.24000000,607.47000000,606.96000000,607.24000000,16.48000000
1779444000000,2026-05-22T10:00:00+00:00,607.20000000,607.22000000,606.42000000,606.44000000,30.49000000
1779444900000,2026-05-22T10:15:00+00:00,606.50000000,606.85000000,606.24000000,606.36000000,72.68000000
1779445800000,2026-05-22T10:30:00+00:00,606.36000000,606.63000000,606.16000000,606.60000000,25.74000000
1779446700000,2026-05-22T10:45:00+00:00,606.59000000,606.98000000,606.54000000,606.61000000,15.81000000
1779447600000,2026-05-22T11:00:00+00:00,606.65000000,606.93000000,606.23000000,606.50000000,38.85000000
1779448500000,2026-05-22T11:15:00+00:00,606.41000000,606.75000000,606.34000000,606.35000000,59.96000000
1779449400000,2026-05-22T11:30:00+00:00,606.35000000,606.58000000,606.05000000,606.58000000,59.46000000
1779450300000,2026-05-22T11:45:00+00:00,606.63000000,607.26000000,606.54000000,607.03000000,26.12000000
1779451200000,2026-05-22T12:00:00+00:00,606.96000000,607.95000000,606.69000000,607.77000000,31.94000000
1779452100000,2026-05-22T12:15:00+00:00,607.89000000,608.36000000,607.38000000,607.46000000,46.69000000
1779453000000,2026-05-22T12:30:00+00:00,607.46000000,608.25000000,607.46000000,608.02000000,25.57000000
1779453900000,2026-05-22T12:45:00+00:00,608.04000000,608.80000000,608.04000000,608.80000000,25.07000000
1779454800000,2026-05-22T13:00:00+00:00,608.83000000,610.16000000,608.38000000,610.01000000,71.72000000
1779455700000,2026-05-22T13:15:00+00:00,609.93000000,610.13000000,608.15000000,608.70000000,96.21000000
1779456600000,2026-05-22T13:30:00+00:00,608.70000000,615.05000000,608.30000000,612.12000000,942.73000000
1779457500000,2026-05-22T13:45:00+00:00,612.22000000,613.30000000,610.23000000,610.59000000,179.34000000
1779458400000,2026-05-22T14:00:00+00:00,610.52000000,610.52000000,607.80000000,607.80000000,279.54000000
1779459300000,2026-05-22T14:15:00+00:00,607.91000000,609.17000000,607.48000000,608.85000000,159.63000000
1779460200000,2026-05-22T14:30:00+00:00,608.85000000,610.60000000,608.40000000,610.35000000,101.36000000
1779461100000,2026-05-22T14:45:00+00:00,610.30000000,610.63000000,609.51000000,610.34000000,1398.92000000
1779462000000,2026-05-22T15:00:00+00:00,610.40000000,611.71000000,610.02000000,611.16000000,129.99000000
1779462900000,2026-05-22T15:15:00+00:00,611.16000000,611.65000000,609.88000000,610.65000000,95.69000000
1779463800000,2026-05-22T15:30:00+00:00,610.64000000,610.75000000,609.45000000,609.75000000,119.76000000
1779464700000,2026-05-22T15:45:00+00:00,609.80000000,610.19000000,609.62000000,609.98000000,21.07000000
1779465600000,2026-05-22T16:00:00+00:00,609.85000000,609.86000000,608.90000000,609.04000000,134.51000000
1779466500000,2026-05-22T16:15:00+00:00,608.93000000,608.94000000,608.01000000,608.84000000,144.43000000
1779467400000,2026-05-22T16:30:00+00:00,608.83000000,609.35000000,607.90000000,608.30000000,61.39000000
1779468300000,2026-05-22T16:45:00+00:00,608.32000000,609.30000000,607.81000000,608.40000000,56.62000000
1779469200000,2026-05-22T17:00:00+00:00,608.47000000,609.36000000,608.47000000,609.15000000,37.10000000
1779470100000,2026-05-22T17:15:00+00:00,609.15000000,610.34000000,608.39000000,610.15000000,125.31000000
1779471000000,2026-05-22T17:30:00+00:00,610.15000000,611.51000000,609.76000000,610.10000000,117.41000000
1779471900000,2026-05-22T17:45:00+00:00,610.25000000,610.94000000,609.21000000,609.21000000,55.07000000
1779472800000,2026-05-22T18:00:00+00:00,609.23000000,610.19000000,609.21000000,609.55000000,222.90000000
1779473700000,2026-05-22T18:15:00+00:00,609.49000000,611.68000000,609.45000000,611.10000000,88.71000000
1779474600000,2026-05-22T18:30:00+00:00,610.98000000,612.62000000,610.66000000,611.91000000,175.99000000
1779475500000,2026-05-22T18:45:00+00:00,611.90000000,612.08000000,610.67000000,610.67000000,80.67000000
1779476400000,2026-05-22T19:00:00+00:00,610.71000000,611.09000000,610.05000000,610.70000000,150.78000000
1779477300000,2026-05-22T19:15:00+00:00,610.65000000,610.85000000,609.50000000,609.50000000,34.99000000
1779478200000,2026-05-22T19:30:00+00:00,609.45000000,612.05000000,608.82000000,611.09000000,1835.94000000
1779479100000,2026-05-22T19:45:00+00:00,611.05000000,613.04000000,610.31000000,610.69000000,655.27000000
1779480000000,2026-05-22T20:00:00+00:00,610.65000000,611.06000000,609.80000000,609.94000000,134.24000000
1779480900000,2026-05-22T20:15:00+00:00,609.95000000,610.60000000,609.89000000,610.52000000,16.57000000
1779481800000,2026-05-22T20:30:00+00:00,610.52000000,610.56000000,609.96000000,610.51000000,33.41000000
1779482700000,2026-05-22T20:45:00+00:00,610.42000000,610.80000000,609.97000000,610.61000000,86.10000000
1779483600000,2026-05-22T21:00:00+00:00,610.61000000,610.82000000,610.45000000,610.77000000,35.01000000
1779484500000,2026-05-22T21:15:00+00:00,610.81000000,610.82000000,610.17000000,610.35000000,23.86000000
1779485400000,2026-05-22T21:30:00+00:00,610.36000000,610.36000000,610.18000000,610.25000000,7.97000000
1779486300000,2026-05-22T21:45:00+00:00,610.24000000,610.28000000,609.84000000,609.85000000,12.74000000
1779487200000,2026-05-22T22:00:00+00:00,609.85000000,610.05000000,609.26000000,609.45000000,48.44000000
1779488100000,2026-05-22T22:15:00+00:00,609.45000000,609.45000000,608.86000000,609.19000000,48.56000000
1779489000000,2026-05-22T22:30:00+00:00,609.12000000,609.34000000,608.91000000,609.10000000,45.51000000
1779489900000,2026-05-22T22:45:00+00:00,609.07000000,609.13000000,608.96000000,609.04000000,26.73000000
1779490800000,2026-05-22T23:00:00+00:00,609.05000000,609.05000000,608.94000000,608.94000000,6.04000000
1779491700000,2026-05-22T23:15:00+00:00,608.94000000,608.94000000,608.55000000,608.56000000,5.14000000
1779492600000,2026-05-22T23:30:00+00:00,608.54000000,608.69000000,608.54000000,608.54000000,7.52000000
1779493500000,2026-05-22T23:45:00+00:00,608.55000000,608.77000000,608.24000000,608.24000000,50.90000000
1779494400000,2026-05-23T00:00:00+00:00,608.23000000,608.60000000,607.57000000,607.59000000,33.89000000
1779495300000,2026-05-23T00:15:00+00:00,607.55000000,607.60000000,607.13000000,607.19000000,32.39000000
1779496200000,2026-05-23T00:30:00+00:00,607.13000000,607.18000000,606.34000000,606.84000000,64.04000000
1779497100000,2026-05-23T00:45:00+00:00,606.85000000,607.05000000,606.77000000,606.99000000,22.29000000
1779498000000,2026-05-23T01:00:00+00:00,606.99000000,607.43000000,606.87000000,607.21000000,31.26000000
1779498900000,2026-05-23T01:15:00+00:00,607.20000000,607.43000000,607.12000000,607.30000000,17.40000000
1779499800000,2026-05-23T01:30:00+00:00,607.36000000,607.67000000,607.35000000,607.66000000,41.49000000
1779500700000,2026-05-23T01:45:00+00:00,607.65000000,607.91000000,607.64000000,607.80000000,13.89000000
1779501600000,2026-05-23T02:00:00+00:00,607.76000000,607.85000000,607.61000000,607.85000000,14.50000000
1779502500000,2026-05-23T02:15:00+00:00,607.82000000,607.82000000,607.64000000,607.66000000,1.43000000
1779503400000,2026-05-23T02:30:00+00:00,607.66000000,607.85000000,607.64000000,607.83000000,6.62000000
1779504300000,2026-05-23T02:45:00+00:00,607.83000000,608.07000000,607.70000000,608.04000000,4.08000000
1779505200000,2026-05-23T03:00:00+00:00,608.04000000,608.19000000,607.74000000,608.10000000,5.77000000
1779506100000,2026-05-23T03:15:00+00:00,608.06000000,608.08000000,607.91000000,607.96000000,6.48000000
1779507000000,2026-05-23T03:30:00+00:00,607.95000000,608.25000000,607.95000000,608.24000000,4.48000000
1779507900000,2026-05-23T03:45:00+00:00,608.19000000,608.37000000,608.11000000,608.15000000,3.65000000
1779508800000,2026-05-23T04:00:00+00:00,608.10000000,608.50000000,608.00000000,608.48000000,4.85000000
1779509700000,2026-05-23T04:15:00+00:00,608.46000000,608.46000000,608.05000000,608.05000000,0.48000000
1779510600000,2026-05-23T04:30:00+00:00,608.00000000,608.00000000,607.80000000,607.86000000,0.69000000
1779511500000,2026-05-23T04:45:00+00:00,607.86000000,607.86000000,607.61000000,607.69000000,0.36000000
1779512400000,2026-05-23T05:00:00+00:00,607.66000000,607.68000000,607.66000000,607.68000000,0.49000000
1779513300000,2026-05-23T05:15:00+00:00,607.66000000,607.77000000,607.65000000,607.77000000,0.57000000
1779514200000,2026-05-23T05:30:00+00:00,607.73000000,607.73000000,607.56000000,607.58000000,1.68000000
1779515100000,2026-05-23T05:45:00+00:00,607.55000000,607.82000000,607.17000000,607.82000000,5.97000000
1779516000000,2026-05-23T06:00:00+00:00,607.81000000,608.08000000,607.17000000,607.94000000,77.62000000
1779516900000,2026-05-23T06:15:00+00:00,607.96000000,608.07000000,607.74000000,607.75000000,15.83000000
1779517800000,2026-05-23T06:30:00+00:00,607.74000000,607.96000000,607.69000000,607.82000000,6.98000000
1779518700000,2026-05-23T06:45:00+00:00,607.85000000,607.88000000,607.56000000,607.80000000,5.12000000
1779519600000,2026-05-23T07:00:00+00:00,607.78000000,607.88000000,607.39000000,607.64000000,18.89000000
1779520500000,2026-05-23T07:15:00+00:00,607.64000000,607.93000000,607.51000000,607.87000000,7.48000000
1779521400000,2026-05-23T07:30:00+00:00,607.80000000,608.02000000,607.59000000,607.72000000,7.18000000
1779522300000,2026-05-23T07:45:00+00:00,607.73000000,607.73000000,605.65000000,606.55000000,139.55000000
1779523200000,2026-05-23T08:00:00+00:00,606.68000000,606.96000000,606.24000000,606.47000000,43.55000000
1779524100000,2026-05-23T08:15:00+00:00,606.48000000,606.61000000,605.58000000,606.42000000,55.99000000
1779525000000,2026-05-23T08:30:00+00:00,606.42000000,606.53000000,605.98000000,606.20000000,21.20000000
1779525900000,2026-05-23T08:45:00+00:00,606.12000000,607.38000000,605.95000000,607.38000000,29.58000000
1779526800000,2026-05-23T09:00:00+00:00,607.27000000,607.56000000,607.21000000,607.46000000,12.30000000
1779527700000,2026-05-23T09:15:00+00:00,607.45000000,607.53000000,607.22000000,607.49000000,13.50000000
1779528600000,2026-05-23T09:30:00+00:00,607.49000000,607.49000000,606.96000000,607.19000000,12.33000000
1779529500000,2026-05-23T09:45:00+00:00,607.23000000,607.23000000,606.30000000,606.55000000,29.97000000
1779530400000,2026-05-23T10:00:00+00:00,606.55000000,606.55000000,606.45000000,606.45000000,6.87000000
1779531300000,2026-05-23T10:15:00+00:00,606.45000000,607.19000000,606.45000000,607.19000000,51.61000000
1779532200000,2026-05-23T10:30:00+00:00,607.19000000,607.26000000,607.02000000,607.26000000,4.87000000
1779533100000,2026-05-23T10:45:00+00:00,607.26000000,607.26000000,606.99000000,606.99000000,2.50000000
1779534000000,2026-05-23T11:00:00+00:00,607.01000000,607.01000000,606.67000000,606.69000000,8.26000000
1779534900000,2026-05-23T11:15:00+00:00,606.67000000,606.91000000,606.67000000,606.87000000,0.51000000
1779535800000,2026-05-23T11:30:00+00:00,606.79000000,606.79000000,606.43000000,606.57000000,7.30000000
1779536700000,2026-05-23T11:45:00+00:00,606.56000000,606.85000000,606.56000000,606.79000000,2.30000000
1779537600000,2026-05-23T12:00:00+00:00,606.74000000,606.74000000,606.47000000,606.49000000,4.68000000
1779538500000,2026-05-23T12:15:00+00:00,606.48000000,606.84000000,606.44000000,606.84000000,5.12000000
1779539400000,2026-05-23T12:30:00+00:00,606.84000000,606.84000000,606.72000000,606.78000000,2.06000000
1779540300000,2026-05-23T12:45:00+00:00,606.77000000,607.43000000,606.77000000,607.38000000,62.68000000
1779541200000,2026-05-23T13:00:00+00:00,607.33000000,608.02000000,607.15000000,607.91000000,12.21000000
1779542100000,2026-05-23T13:15:00+00:00,607.91000000,608.39000000,607.91000000,608.38000000,5.75000000
1779543000000,2026-05-23T13:30:00+00:00,608.39000000,608.45000000,608.21000000,608.31000000,8.79000000
1779543900000,2026-05-23T13:45:00+00:00,608.31000000,608.66000000,608.10000000,608.66000000,6.19000000
1779544800000,2026-05-23T14:00:00+00:00,608.64000000,609.04000000,608.64000000,608.92000000,12.86000000
1779545700000,2026-05-23T14:15:00+00:00,608.99000000,609.29000000,608.86000000,609.24000000,11.03000000
1779546600000,2026-05-23T14:30:00+00:00,609.27000000,610.73000000,609.10000000,610.73000000,33.19000000
1779547500000,2026-05-23T14:45:00+00:00,610.74000000,611.23000000,610.73000000,611.21000000,19.16000000
1779548400000,2026-05-23T15:00:00+00:00,611.21000000,612.11000000,611.01000000,611.45000000,56.95000000
1779549300000,2026-05-23T15:15:00+00:00,611.41000000,611.58000000,611.41000000,611.49000000,5.19000000
1779550200000,2026-05-23T15:30:00+00:00,611.47000000,611.47000000,610.81000000,611.20000000,9.68000000
1779551100000,2026-05-23T15:45:00+00:00,611.22000000,611.76000000,611.22000000,611.76000000,2.66000000
1779552000000,2026-05-23T16:00:00+00:00,611.76000000,612.54000000,611.76000000,612.18000000,39.53000000
1779552900000,2026-05-23T16:15:00+00:00,612.15000000,612.35000000,611.10000000,611.27000000,6.66000000
1779553800000,2026-05-23T16:30:00+00:00,611.28000000,612.12000000,611.28000000,611.97000000,4.76000000
1779554700000,2026-05-23T16:45:00+00:00,611.95000000,612.08000000,611.70000000,611.70000000,1.75000000
1779555600000,2026-05-23T17:00:00+00:00,611.65000000,612.34000000,611.65000000,612.30000000,7.55000000
1779556500000,2026-05-23T17:15:00+00:00,612.30000000,612.34000000,612.21000000,612.22000000,1.81000000
1779557400000,2026-05-23T17:30:00+00:00,612.30000000,612.33000000,612.13000000,612.19000000,8.02000000
1779558300000,2026-05-23T17:45:00+00:00,612.23000000,612.26000000,611.79000000,611.91000000,11.19000000
1779559200000,2026-05-23T18:00:00+00:00,611.91000000,612.15000000,611.61000000,611.61000000,19.57000000
1779560100000,2026-05-23T18:15:00+00:00,611.63000000,612.84000000,611.55000000,612.76000000,13.34000000
1779561000000,2026-05-23T18:30:00+00:00,612.76000000,614.81000000,612.76000000,614.36000000,601.21000000
1779561900000,2026-05-23T18:45:00+00:00,614.28000000,614.36000000,612.37000000,612.66000000,79.55000000
1779562800000,2026-05-23T19:00:00+00:00,612.58000000,613.19000000,612.45000000,613.19000000,59.11000000
1779563700000,2026-05-23T19:15:00+00:00,613.19000000,613.32000000,612.67000000,612.76000000,4.17000000
1779564600000,2026-05-23T19:30:00+00:00,612.68000000,613.08000000,612.49000000,612.72000000,20.27000000
1779565500000,2026-05-23T19:45:00+00:00,612.73000000,612.77000000,612.55000000,612.59000000,3.33000000
1779566400000,2026-05-23T20:00:00+00:00,612.57000000,612.77000000,612.40000000,612.61000000,21.57000000
1779567300000,2026-05-23T20:15:00+00:00,612.58000000,612.72000000,612.51000000,612.69000000,1.18000000
1779568200000,2026-05-23T20:30:00+00:00,612.65000000,614.87000000,612.65000000,614.77000000,107.69000000
1779569100000,2026-05-23T20:45:00+00:00,614.88000000,615.29000000,614.15000000,615.25000000,143.32000000
1779570000000,2026-05-23T21:00:00+00:00,615.29000000,616.08000000,615.20000000,615.56000000,189.46000000
1779570900000,2026-05-23T21:15:00+00:00,615.50000000,615.85000000,614.85000000,614.85000000,47.84000000
1779571800000,2026-05-23T21:30:00+00:00,614.84000000,615.97000000,614.54000000,614.91000000,46.93000000
1779572700000,2026-05-23T21:45:00+00:00,614.90000000,615.99000000,614.70000000,615.96000000,24.94000000
1779573600000,2026-05-23T22:00:00+00:00,616.01000000,617.56000000,615.88000000,616.43000000,124.76000000
1779574500000,2026-05-23T22:15:00+00:00,616.43000000,616.49000000,615.48000000,615.48000000,29.25000000
1779575400000,2026-05-23T22:30:00+00:00,615.52000000,616.01000000,615.00000000,615.96000000,54.01000000
1779576300000,2026-05-23T22:45:00+00:00,615.98000000,616.08000000,615.32000000,615.43000000,10.51000000
1779577200000,2026-05-23T23:00:00+00:00,615.42000000,616.62000000,615.30000000,616.62000000,7.17000000
1779578100000,2026-05-23T23:15:00+00:00,616.60000000,617.32000000,616.38000000,616.45000000,38.68000000
1779579000000,2026-05-23T23:30:00+00:00,616.46000000,617.30000000,616.45000000,617.04000000,39.00000000
1779579900000,2026-05-23T23:45:00+00:00,616.98000000,616.98000000,616.41000000,616.75000000,20.42000000
1779580800000,2026-05-24T00:00:00+00:00,616.86000000,617.33000000,616.14000000,616.38000000,40.87000000
1779581700000,2026-05-24T00:15:00+00:00,616.38000000,616.46000000,616.02000000,616.14000000,24.76000000
1779582600000,2026-05-24T00:30:00+00:00,616.26000000,616.76000000,616.23000000,616.76000000,7.23000000
1779583500000,2026-05-24T00:45:00+00:00,616.72000000,617.00000000,616.56000000,616.75000000,31.39000000
1779584400000,2026-05-24T01:00:00+00:00,616.75000000,616.89000000,616.75000000,616.82000000,2.35000000
1779585300000,2026-05-24T01:15:00+00:00,616.82000000,616.87000000,616.68000000,616.74000000,15.07000000
1779586200000,2026-05-24T01:30:00+00:00,616.75000000,617.09000000,616.73000000,616.99000000,9.37000000
1779587100000,2026-05-24T01:45:00+00:00,616.89000000,617.07000000,616.89000000,616.99000000,3.94000000
1779588000000,2026-05-24T02:00:00+00:00,616.99000000,617.37000000,616.82000000,617.28000000,22.35000000
1779588900000,2026-05-24T02:15:00+00:00,617.28000000,617.28000000,617.03000000,617.11000000,13.74000000
1779589800000,2026-05-24T02:30:00+00:00,617.16000000,617.16000000,616.83000000,616.99000000,31.67000000
1779590700000,2026-05-24T02:45:00+00:00,616.99000000,617.27000000,616.95000000,617.21000000,17.31000000
1779591600000,2026-05-24T03:00:00+00:00,617.15000000,617.31000000,617.01000000,617.14000000,18.20000000
1779592500000,2026-05-24T03:15:00+00:00,617.14000000,617.14000000,616.83000000,616.93000000,4.66000000
1779593400000,2026-05-24T03:30:00+00:00,616.93000000,617.18000000,616.90000000,617.14000000,17.29000000
1779594300000,2026-05-24T03:45:00+00:00,617.14000000,617.14000000,616.97000000,616.98000000,5.01000000
1779595200000,2026-05-24T04:00:00+00:00,616.95000000,617.40000000,616.95000000,617.39000000,24.52000000
1779596100000,2026-05-24T04:15:00+00:00,617.38000000,617.38000000,616.56000000,616.94000000,12.85000000
1779597000000,2026-05-24T04:30:00+00:00,616.94000000,616.97000000,616.88000000,616.97000000,0.60000000
1779597900000,2026-05-24T04:45:00+00:00,616.96000000,617.45000000,616.90000000,617.43000000,37.53000000
1779598800000,2026-05-24T05:00:00+00:00,617.45000000,617.84000000,617.43000000,617.60000000,32.87000000
1779599700000,2026-05-24T05:15:00+00:00,617.60000000,617.67000000,617.53000000,617.57000000,1.51000000
1779600600000,2026-05-24T05:30:00+00:00,617.57000000,617.94000000,617.57000000,617.61000000,9.00000000
1779601500000,2026-05-24T05:45:00+00:00,617.61000000,617.82000000,617.59000000,617.82000000,4.85000000
1779602400000,2026-05-24T06:00:00+00:00,617.82000000,617.88000000,617.68000000,617.71000000,6.26000000
1779603300000,2026-05-24T06:15:00+00:00,617.67000000,617.67000000,617.29000000,617.45000000,2.69000000
1779604200000,2026-05-24T06:30:00+00:00,617.46000000,617.55000000,617.46000000,617.54000000,1.70000000
1779605100000,2026-05-24T06:45:00+00:00,617.50000000,618.06000000,617.41000000,617.63000000,34.92000000
1779606000000,2026-05-24T07:00:00+00:00,617.63000000,617.63000000,616.96000000,616.97000000,6.10000000
1779606900000,2026-05-24T07:15:00+00:00,616.97000000,617.00000000,616.40000000,616.70000000,31.42000000
1779607800000,2026-05-24T07:30:00+00:00,616.70000000,617.36000000,616.69000000,617.33000000,5.90000000
1779608700000,2026-05-24T07:45:00+00:00,617.32000000,617.33000000,616.17000000,616.84000000,62.78000000
1779609600000,2026-05-24T08:00:00+00:00,616.84000000,617.21000000,616.56000000,616.74000000,17.63000000
1779610500000,2026-05-24T08:15:00+00:00,616.68000000,616.85000000,616.45000000,616.65000000,8.93000000
1779611400000,2026-05-24T08:30:00+00:00,616.60000000,617.23000000,616.46000000,617.23000000,5.10000000
1779612300000,2026-05-24T08:45:00+00:00,617.20000000,617.62000000,616.69000000,617.22000000,15.57000000
1779613200000,2026-05-24T09:00:00+00:00,617.22000000,617.42000000,616.66000000,617.10000000,38.74000000
1779614100000,2026-05-24T09:15:00+00:00,617.10000000,617.43000000,617.00000000,617.43000000,14.10000000
1779615000000,2026-05-24T09:30:00+00:00,617.32000000,617.32000000,616.83000000,617.17000000,17.86000000
1779615900000,2026-05-24T09:45:00+00:00,617.17000000,618.36000000,617.06000000,618.22000000,71.17000000
1779616800000,2026-05-24T10:00:00+00:00,618.31000000,618.48000000,617.41000000,617.59000000,26.74000000
1779617700000,2026-05-24T10:15:00+00:00,617.59000000,618.02000000,617.22000000,617.72000000,49.40000000
1779618600000,2026-05-24T10:30:00+00:00,617.75000000,618.48000000,617.49000000,618.17000000,24.84000000
1779619500000,2026-05-24T10:45:00+00:00,618.10000000,618.19000000,617.83000000,618.15000000,9.36000000
1779620400000,2026-05-24T11:00:00+00:00,618.17000000,618.53000000,618.16000000,618.52000000,7.11000000
1779621300000,2026-05-24T11:15:00+00:00,618.53000000,618.53000000,618.52000000,618.53000000,1.24000000
1779622200000,2026-05-24T11:30:00+00:00,618.52000000,618.87000000,618.30000000,618.71000000,48.90000000
1779623100000,2026-05-24T11:45:00+00:00,618.66000000,618.71000000,618.59000000,618.69000000,5.91000000
1779624000000,2026-05-24T12:00:00+00:00,618.70000000,619.53000000,618.63000000,619.53000000,27.75000000
1779624900000,2026-05-24T12:15:00+00:00,619.55000000,619.89000000,619.18000000,619.41000000,37.24000000
1779625800000,2026-05-24T12:30:00+00:00,619.37000000,619.73000000,619.36000000,619.53000000,7.20000000
1779626700000,2026-05-24T12:45:00+00:00,619.62000000,619.78000000,619.44000000,619.61000000,11.96000000
1779627600000,2026-05-24T13:00:00+00:00,619.63000000,619.65000000,618.57000000,618.80000000,26.29000000
1779628500000,2026-05-24T13:15:00+00:00,618.59000000,618.71000000,618.04000000,618.08000000,22.71000000
1779629400000,2026-05-24T13:30:00+00:00,618.03000000,618.16000000,617.59000000,617.90000000,16.76000000
1779630300000,2026-05-24T13:45:00+00:00,617.76000000,617.81000000,617.19000000,617.71000000,14.96000000
1779631200000,2026-05-24T14:00:00+00:00,617.68000000,617.88000000,615.90000000,616.36000000,110.51000000
1779632100000,2026-05-24T14:15:00+00:00,616.35000000,616.77000000,615.47000000,615.96000000,92.91000000
1779633000000,2026-05-24T14:30:00+00:00,615.95000000,615.95000000,615.18000000,615.18000000,21.02000000
1779633900000,2026-05-24T14:45:00+00:00,615.20000000,615.69000000,615.15000000,615.17000000,49.57000000
1779634800000,2026-05-24T15:00:00+00:00,615.17000000,615.17000000,614.33000000,614.87000000,52.84000000
1779635700000,2026-05-24T15:15:00+00:00,614.88000000,615.28000000,614.88000000,614.98000000,20.23000000
1779636600000,2026-05-24T15:30:00+00:00,614.99000000,615.12000000,614.68000000,614.71000000,30.87000000
1779637500000,2026-05-24T15:45:00+00:00,614.71000000,615.09000000,614.68000000,614.94000000,18.60000000
1779638400000,2026-05-24T16:00:00+00:00,614.94000000,615.41000000,614.82000000,615.23000000,16.55000000
1779639300000,2026-05-24T16:15:00+00:00,615.34000000,615.50000000,615.10000000,615.38000000,41.70000000
1779640200000,2026-05-24T16:30:00+00:00,615.38000000,615.43000000,615.22000000,615.38000000,21.82000000
1779641100000,2026-05-24T16:45:00+00:00,615.44000000,615.50000000,615.44000000,615.50000000,0.83000000
1779642000000,2026-05-24T17:00:00+00:00,615.50000000,615.69000000,615.23000000,615.69000000,75.31000000
1779642900000,2026-05-24T17:15:00+00:00,615.69000000,615.69000000,615.25000000,615.50000000,33.80000000
1779643800000,2026-05-24T17:30:00+00:00,615.50000000,615.70000000,615.45000000,615.68000000,7.48000000
1779644700000,2026-05-24T17:45:00+00:00,615.72000000,615.91000000,615.72000000,615.91000000,0.78000000
1779645600000,2026-05-24T18:00:00+00:00,615.91000000,615.91000000,615.66000000,615.71000000,20.74000000
1779646500000,2026-05-24T18:15:00+00:00,615.71000000,615.93000000,615.71000000,615.86000000,6.40000000
1779647400000,2026-05-24T18:30:00+00:00,615.77000000,615.85000000,615.77000000,615.81000000,0.85000000
1779648300000,2026-05-24T18:45:00+00:00,615.79000000,615.79000000,615.65000000,615.66000000,1.69000000
1779649200000,2026-05-24T19:00:00+00:00,615.68000000,615.80000000,615.67000000,615.80000000,3.22000000
1779650100000,2026-05-24T19:15:00+00:00,615.80000000,615.85000000,615.65000000,615.65000000,14.73000000
1779651000000,2026-05-24T19:30:00+00:00,615.66000000,615.92000000,615.35000000,615.87000000,28.86000000
1779651900000,2026-05-24T19:45:00+00:00,615.89000000,616.20000000,615.84000000,616.04000000,40.33000000
1779652800000,2026-05-24T20:00:00+00:00,616.01000000,616.01000000,615.72000000,615.75000000,8.62000000
1779653700000,2026-05-24T20:15:00+00:00,615.76000000,615.93000000,615.76000000,615.85000000,3.32000000
1779654600000,2026-05-24T20:30:00+00:00,615.86000000,615.86000000,615.16000000,615.30000000,13.17000000
1779655500000,2026-05-24T20:45:00+00:00,615.37000000,615.53000000,614.87000000,615.16000000,15.04000000
1779656400000,2026-05-24T21:00:00+00:00,615.29000000,615.55000000,614.86000000,615.55000000,13.30000000
1779657300000,2026-05-24T21:15:00+00:00,615.55000000,616.27000000,615.44000000,615.68000000,21.62000000
1779658200000,2026-05-24T21:30:00+00:00,615.65000000,615.65000000,614.30000000,614.72000000,38.54000000
1779659100000,2026-05-24T21:45:00+00:00,614.72000000,614.81000000,614.04000000,614.34000000,28.64000000
1779660000000,2026-05-24T22:00:00+00:00,614.35000000,614.52000000,612.99000000,614.26000000,129.16000000
1779660900000,2026-05-24T22:15:00+00:00,614.26000000,614.44000000,613.52000000,613.83000000,19.76000000
1779661800000,2026-05-24T22:30:00+00:00,613.76000000,614.24000000,613.70000000,614.02000000,12.03000000
1779662700000,2026-05-24T22:45:00+00:00,614.05000000,614.45000000,613.81000000,613.89000000,5.43000000
1779663600000,2026-05-24T23:00:00+00:00,614.08000000,614.74000000,613.96000000,614.69000000,11.32000000
1779664500000,2026-05-24T23:15:00+00:00,614.75000000,614.79000000,614.02000000,614.20000000,9.93000000
1779665400000,2026-05-24T23:30:00+00:00,614.20000000,614.89000000,614.03000000,614.76000000,19.04000000
1779666300000,2026-05-24T23:45:00+00:00,614.73000000,614.85000000,614.47000000,614.50000000,5.77000000
1779667200000,2026-05-25T00:00:00+00:00,614.53000000,614.80000000,614.01000000,614.72000000,162.69000000
1779668100000,2026-05-25T00:15:00+00:00,614.78000000,615.69000000,614.53000000,615.69000000,34.72000000
1779669000000,2026-05-25T00:30:00+00:00,615.51000000,615.65000000,614.96000000,615.41000000,13.65000000
1779669900000,2026-05-25T00:45:00+00:00,615.41000000,615.89000000,615.31000000,615.53000000,7.53000000
1779670800000,2026-05-25T01:00:00+00:00,615.55000000,615.81000000,615.36000000,615.81000000,22.45000000
1779671700000,2026-05-25T01:15:00+00:00,615.79000000,616.20000000,615.61000000,616.12000000,9.77000000
1779672600000,2026-05-25T01:30:00+00:00,616.10000000,616.53000000,616.09000000,616.31000000,20.43000000
1779673500000,2026-05-25T01:45:00+00:00,616.30000000,616.30000000,615.40000000,615.44000000,14.39000000
1779674400000,2026-05-25T02:00:00+00:00,615.47000000,616.02000000,615.16000000,616.00000000,117.26000000
1779675300000,2026-05-25T02:15:00+00:00,615.99000000,615.99000000,615.29000000,615.65000000,32.83000000
1779676200000,2026-05-25T02:30:00+00:00,615.64000000,615.85000000,615.60000000,615.80000000,5.12000000
1779677100000,2026-05-25T02:45:00+00:00,615.89000000,616.26000000,615.86000000,616.26000000,19.27000000
1779678000000,2026-05-25T03:00:00+00:00,616.26000000,616.74000000,616.12000000,616.59000000,33.36000000
1779678900000,2026-05-25T03:15:00+00:00,616.55000000,616.72000000,616.42000000,616.65000000,14.50000000
1779679800000,2026-05-25T03:30:00+00:00,616.65000000,616.94000000,616.51000000,616.90000000,21.08000000
1779680700000,2026-05-25T03:45:00+00:00,616.89000000,617.17000000,616.84000000,617.04000000,10.60000000
1779681600000,2026-05-25T04:00:00+00:00,617.03000000,617.14000000,616.88000000,617.00000000,32.40000000
1779682500000,2026-05-25T04:15:00+00:00,616.95000000,617.60000000,616.91000000,617.45000000,36.30000000
1779683400000,2026-05-25T04:30:00+00:00,617.45000000,617.53000000,617.16000000,617.43000000,14.34000000
1779684300000,2026-05-25T04:45:00+00:00,617.54000000,617.85000000,617.51000000,617.85000000,6.17000000
1779685200000,2026-05-25T05:00:00+00:00,617.86000000,618.17000000,617.86000000,618.15000000,21.48000000
1779686100000,2026-05-25T05:15:00+00:00,618.12000000,618.16000000,617.88000000,617.99000000,14.82000000
1779687000000,2026-05-25T05:30:00+00:00,618.06000000,618.23000000,618.05000000,618.10000000,4.38000000
1779687900000,2026-05-25T05:45:00+00:00,618.06000000,618.12000000,617.80000000,617.87000000,10.52000000
1779688800000,2026-05-25T06:00:00+00:00,617.88000000,617.88000000,617.36000000,617.47000000,18.59000000
1779689700000,2026-05-25T06:15:00+00:00,617.42000000,617.42000000,616.74000000,616.74000000,11.54000000
1779690600000,2026-05-25T06:30:00+00:00,616.74000000,617.20000000,616.61000000,616.87000000,19.81000000
1779691500000,2026-05-25T06:45:00+00:00,616.90000000,617.29000000,616.90000000,617.13000000,10.15000000
1779692400000,2026-05-25T07:00:00+00:00,617.12000000,617.31000000,616.80000000,616.90000000,15.69000000
1779693300000,2026-05-25T07:15:00+00:00,616.96000000,616.99000000,616.01000000,616.64000000,19.78000000
1779694200000,2026-05-25T07:30:00+00:00,616.64000000,617.67000000,616.49000000,617.63000000,52.64000000
1779695100000,2026-05-25T07:45:00+00:00,617.63000000,618.05000000,617.49000000,618.04000000,13.82000000
1779696000000,2026-05-25T08:00:00+00:00,618.03000000,618.03000000,617.01000000,617.03000000,24.63000000
1779696900000,2026-05-25T08:15:00+00:00,617.00000000,617.13000000,616.86000000,616.89000000,5.72000000
1779697800000,2026-05-25T08:30:00+00:00,616.90000000,617.48000000,616.90000000,617.41000000,4.62000000
1779698700000,2026-05-25T08:45:00+00:00,617.44000000,618.40000000,617.40000000,618.34000000,39.44000000
1779699600000,2026-05-25T09:00:00+00:00,618.34000000,618.48000000,618.12000000,618.12000000,14.10000000
1779700500000,2026-05-25T09:15:00+00:00,618.13000000,618.15000000,618.04000000,618.10000000,2.92000000
1779701400000,2026-05-25T09:30:00+00:00,618.11000000,618.48000000,617.98000000,618.00000000,51.99000000
1779702300000,2026-05-25T09:45:00+00:00,617.98000000,618.13000000,617.97000000,618.06000000,9.92000000
1779703200000,2026-05-25T10:00:00+00:00,618.02000000,618.13000000,618.02000000,618.04000000,2.05000000
1779704100000,2026-05-25T10:15:00+00:00,618.06000000,618.14000000,617.76000000,617.76000000,40.53000000
1779705000000,2026-05-25T10:30:00+00:00,617.73000000,617.74000000,617.60000000,617.60000000,5.32000000
1779705900000,2026-05-25T10:45:00+00:00,617.65000000,618.32000000,617.62000000,618.20000000,15.58000000
1779706800000,2026-05-25T11:00:00+00:00,618.20000000,618.26000000,617.69000000,618.15000000,21.42000000
1779707700000,2026-05-25T11:15:00+00:00,618.15000000,618.23000000,617.90000000,618.09000000,18.87000000
1779708600000,2026-05-25T11:30:00+00:00,618.05000000,618.52000000,617.91000000,617.91000000,29.04000000
1779709500000,2026-05-25T11:45:00+00:00,618.00000000,618.16000000,617.93000000,618.10000000,8.94000000
1779710400000,2026-05-25T12:00:00+00:00,618.13000000,618.31000000,617.58000000,617.73000000,50.24000000
1779711300000,2026-05-25T12:15:00+00:00,617.72000000,617.97000000,617.48000000,617.84000000,27.93000000
1779712200000,2026-05-25T12:30:00+00:00,617.87000000,617.89000000,617.53000000,617.55000000,4.26000000
1779713100000,2026-05-25T12:45:00+00:00,617.53000000,617.72000000,617.44000000,617.60000000,24.49000000
1779714000000,2026-05-25T13:00:00+00:00,617.62000000,617.62000000,617.28000000,617.43000000,11.81000000
1779714900000,2026-05-25T13:15:00+00:00,617.44000000,617.44000000,617.13000000,617.13000000,2.42000000
1779715800000,2026-05-25T13:30:00+00:00,617.16000000,617.56000000,617.16000000,617.51000000,3.30000000
1779716700000,2026-05-25T13:45:00+00:00,617.54000000,617.77000000,617.49000000,617.76000000,14.41000000
1779717600000,2026-05-25T14:00:00+00:00,617.77000000,617.96000000,617.60000000,617.64000000,25.48000000
1779718500000,2026-05-25T14:15:00+00:00,617.56000000,617.61000000,617.40000000,617.60000000,6.95000000
1779719400000,2026-05-25T14:30:00+00:00,617.57000000,617.57000000,617.01000000,617.05000000,53.88000000
1779720300000,2026-05-25T14:45:00+00:00,617.05000000,617.70000000,617.05000000,617.53000000,6.24000000
1779721200000,2026-05-25T15:00:00+00:00,617.54000000,618.11000000,617.53000000,617.75000000,95.10000000
1779722100000,2026-05-25T15:15:00+00:00,617.71000000,617.88000000,617.50000000,617.55000000,34.76000000
1779723000000,2026-05-25T15:30:00+00:00,617.51000000,617.51000000,617.05000000,617.10000000,5.40000000
1779723900000,2026-05-25T15:45:00+00:00,617.09000000,617.10000000,616.81000000,616.83000000,42.66000000
1779724800000,2026-05-25T16:00:00+00:00,616.85000000,616.94000000,616.65000000,616.66000000,23.64000000
1779725700000,2026-05-25T16:15:00+00:00,616.66000000,616.74000000,616.51000000,616.74000000,23.93000000
1779726600000,2026-05-25T16:30:00+00:00,616.68000000,616.86000000,616.61000000,616.80000000,9.50000000
1779727500000,2026-05-25T16:45:00+00:00,616.88000000,617.59000000,616.79000000,617.59000000,8.17000000
1779728400000,2026-05-25T17:00:00+00:00,617.59000000,617.80000000,617.59000000,617.80000000,4.77000000
1779729300000,2026-05-25T17:15:00+00:00,617.84000000,617.84000000,617.42000000,617.42000000,31.22000000
1779730200000,2026-05-25T17:30:00+00:00,617.40000000,617.40000000,616.93000000,617.40000000,67.45000000
1779731100000,2026-05-25T17:45:00+00:00,617.39000000,617.39000000,617.21000000,617.22000000,6.24000000
1779732000000,2026-05-25T18:00:00+00:00,617.22000000,617.91000000,617.22000000,617.84000000,6.66000000
1779732900000,2026-05-25T18:15:00+00:00,617.85000000,618.11000000,617.18000000,617.45000000,19.39000000
1779733800000,2026-05-25T18:30:00+00:00,617.44000000,617.69000000,617.44000000,617.61000000,9.22000000
1779734700000,2026-05-25T18:45:00+00:00,617.61000000,617.84000000,617.56000000,617.84000000,2.20000000
1779735600000,2026-05-25T19:00:00+00:00,617.84000000,617.87000000,617.46000000,617.65000000,5.45000000
1779736500000,2026-05-25T19:15:00+00:00,617.74000000,618.11000000,617.74000000,617.82000000,13.78000000
1779737400000,2026-05-25T19:30:00+00:00,617.80000000,620.42000000,617.80000000,619.45000000,269.64000000
1779738300000,2026-05-25T19:45:00+00:00,619.51000000,619.51000000,619.12000000,619.37000000,74.67000000
1779739200000,2026-05-25T20:00:00+00:00,619.41000000,619.80000000,619.25000000,619.25000000,57.38000000
1779740100000,2026-05-25T20:15:00+00:00,619.26000000,619.35000000,619.15000000,619.20000000,4.82000000
1779741000000,2026-05-25T20:30:00+00:00,619.15000000,619.62000000,619.12000000,619.61000000,27.52000000
1779741900000,2026-05-25T20:45:00+00:00,619.61000000,619.94000000,619.30000000,619.56000000,56.82000000
1779742800000,2026-05-25T21:00:00+00:00,619.58000000,620.11000000,619.57000000,619.87000000,32.80000000
1779743700000,2026-05-25T21:15:00+00:00,619.85000000,619.95000000,619.55000000,619.72000000,34.88000000
1779744600000,2026-05-25T21:30:00+00:00,619.90000000,620.10000000,619.65000000,619.70000000,10.02000000
1779745500000,2026-05-25T21:45:00+00:00,619.76000000,619.76000000,619.20000000,619.23000000,32.73000000
1779746400000,2026-05-25T22:00:00+00:00,619.23000000,619.23000000,618.46000000,618.77000000,8.48000000
1779747300000,2026-05-25T22:15:00+00:00,618.89000000,619.00000000,618.66000000,618.97000000,6.21000000
1779748200000,2026-05-25T22:30:00+00:00,618.90000000,618.90000000,617.16000000,617.85000000,103.68000000
1779749100000,2026-05-25T22:45:00+00:00,617.86000000,618.17000000,617.71000000,617.78000000,10.36000000
1779750000000,2026-05-25T23:00:00+00:00,617.73000000,617.73000000,617.17000000,617.29000000,11.48000000
1779750900000,2026-05-25T23:15:00+00:00,617.45000000,617.68000000,614.18000000,614.19000000,180.03000000
1779751800000,2026-05-25T23:30:00+00:00,614.33000000,617.07000000,614.08000000,617.03000000,55.82000000
1779752700000,2026-05-25T23:45:00+00:00,617.07000000,617.55000000,617.03000000,617.14000000,18.42000000
1779753600000,2026-05-26T00:00:00+00:00,617.10000000,617.63000000,613.39000000,614.48000000,996.39000000
1779754500000,2026-05-26T00:15:00+00:00,614.49000000,614.98000000,614.16000000,614.40000000,70.56000000
1779755400000,2026-05-26T00:30:00+00:00,614.40000000,614.58000000,613.19000000,613.72000000,47.66000000
1779756300000,2026-05-26T00:45:00+00:00,613.74000000,614.46000000,613.16000000,614.08000000,157.44000000
1779757200000,2026-05-26T01:00:00+00:00,613.95000000,614.07000000,613.25000000,613.47000000,47.32000000
1779758100000,2026-05-26T01:15:00+00:00,613.65000000,613.85000000,613.54000000,613.85000000,10.29000000
1779759000000,2026-05-26T01:30:00+00:00,613.75000000,613.75000000,612.50000000,612.90000000,124.06000000
1779759900000,2026-05-26T01:45:00+00:00,612.84000000,613.33000000,612.61000000,613.25000000,26.21000000
1779760800000,2026-05-26T02:00:00+00:00,613.32000000,613.59000000,613.16000000,613.54000000,24.19000000
1779761700000,2026-05-26T02:15:00+00:00,613.40000000,613.65000000,613.23000000,613.34000000,20.73000000
1779762600000,2026-05-26T02:30:00+00:00,613.26000000,613.37000000,612.97000000,613.15000000,35.78000000
1779763500000,2026-05-26T02:45:00+00:00,613.24000000,613.58000000,613.14000000,613.40000000,16.32000000
1779764400000,2026-05-26T03:00:00+00:00,613.40000000,613.62000000,613.25000000,613.37000000,7.11000000
1779765300000,2026-05-26T03:15:00+00:00,613.37000000,613.68000000,613.37000000,613.43000000,3.75000000
1779766200000,2026-05-26T03:30:00+00:00,613.48000000,614.15000000,613.48000000,613.78000000,19.91000000
1779767100000,2026-05-26T03:45:00+00:00,613.75000000,614.09000000,613.70000000,613.84000000,7.14000000
1779768000000,2026-05-26T04:00:00+00:00,613.84000000,613.99000000,613.61000000,613.72000000,7.23000000
1779768900000,2026-05-26T04:15:00+00:00,613.73000000,613.99000000,613.73000000,613.78000000,5.35000000
1779769800000,2026-05-26T04:30:00+00:00,613.75000000,614.00000000,613.75000000,614.00000000,4.31000000
1779770700000,2026-05-26T04:45:00+00:00,614.00000000,614.19000000,613.91000000,613.91000000,2.87000000
1779771600000,2026-05-26T05:00:00+00:00,613.91000000,613.91000000,613.55000000,613.67000000,20.29000000
1779772500000,2026-05-26T05:15:00+00:00,613.69000000,613.79000000,613.20000000,613.20000000,8.72000000
1779773400000,2026-05-26T05:30:00+00:00,613.18000000,613.29000000,613.01000000,613.17000000,8.07000000
1779774300000,2026-05-26T05:45:00+00:00,613.11000000,613.11000000,612.63000000,612.87000000,47.45000000
1779775200000,2026-05-26T06:00:00+00:00,612.84000000,613.47000000,612.74000000,613.47000000,5.16000000
1779776100000,2026-05-26T06:15:00+00:00,613.50000000,613.70000000,612.76000000,613.05000000,34.98000000
1779777000000,2026-05-26T06:30:00+00:00,613.10000000,613.48000000,612.90000000,612.90000000,4.01000000
1779777900000,2026-05-26T06:45:00+00:00,613.02000000,613.30000000,612.78000000,613.30000000,12.51000000
1779778800000,2026-05-26T07:00:00+00:00,613.26000000,613.27000000,611.42000000,611.94000000,173.04000000
1779779700000,2026-05-26T07:15:00+00:00,611.94000000,612.00000000,611.24000000,611.36000000,74.23000000
1779780600000,2026-05-26T07:30:00+00:00,611.52000000,611.58000000,610.63000000,611.55000000,199.30000000
1779781500000,2026-05-26T07:45:00+00:00,611.55000000,611.83000000,611.08000000,611.78000000,85.52000000
1779782400000,2026-05-26T08:00:00+00:00,611.78000000,611.95000000,611.47000000,611.56000000,59.56000000
1779783300000,2026-05-26T08:15:00+00:00,611.57000000,611.72000000,611.36000000,611.48000000,71.69000000
1779784200000,2026-05-26T08:30:00+00:00,611.48000000,611.60000000,611.02000000,611.26000000,43.36000000
1779785100000,2026-05-26T08:45:00+00:00,611.24000000,611.24000000,610.88000000,611.18000000,45.51000000
1779786000000,2026-05-26T09:00:00+00:00,611.18000000,611.34000000,610.71000000,610.71000000,25.51000000
1779786900000,2026-05-26T09:15:00+00:00,610.79000000,611.09000000,610.61000000,611.09000000,15.08000000
1779787800000,2026-05-26T09:30:00+00:00,611.10000000,611.10000000,610.57000000,610.68000000,97.41000000
1779788700000,2026-05-26T09:45:00+00:00,610.72000000,610.93000000,610.63000000,610.87000000,8.82000000
1779789600000,2026-05-26T10:00:00+00:00,610.81000000,611.48000000,610.55000000,611.38000000,52.06000000
1779790500000,2026-05-26T10:15:00+00:00,611.38000000,611.99000000,611.27000000,611.44000000,17.34000000
1779791400000,2026-05-26T10:30:00+00:00,611.44000000,612.49000000,611.44000000,612.10000000,58.03000000
1779792300000,2026-05-26T10:45:00+00:00,612.06000000,612.06000000,611.67000000,611.80000000,27.80000000
1779793200000,2026-05-26T11:00:00+00:00,611.75000000,611.80000000,611.21000000,611.49000000,61.18000000
1779794100000,2026-05-26T11:15:00+00:00,611.36000000,611.79000000,611.17000000,611.65000000,26.95000000
1779795000000,2026-05-26T11:30:00+00:00,611.69000000,611.96000000,611.36000000,611.66000000,12.64000000
1779795900000,2026-05-26T11:45:00+00:00,611.65000000,611.98000000,611.49000000,611.89000000,49.49000000
1779796800000,2026-05-26T12:00:00+00:00,611.89000000,612.02000000,611.20000000,611.53000000,70.26000000
1779797700000,2026-05-26T12:15:00+00:00,611.49000000,611.80000000,611.38000000,611.38000000,9.43000000
1779798600000,2026-05-26T12:30:00+00:00,611.38000000,611.95000000,611.35000000,611.80000000,33.28000000
1779799500000,2026-05-26T12:45:00+00:00,611.75000000,611.84000000,610.85000000,611.32000000,65.32000000
1779800400000,2026-05-26T13:00:00+00:00,611.33000000,611.43000000,609.01000000,610.22000000,255.98000000
1779801300000,2026-05-26T13:15:00+00:00,610.11000000,610.95000000,608.45000000,609.33000000,123.45000000
1779802200000,2026-05-26T13:30:00+00:00,609.45000000,614.75000000,607.92000000,608.23000000,749.49000000
1779803100000,2026-05-26T13:45:00+00:00,608.21000000,609.89000000,606.34000000,609.89000000,230.43000000
1779804000000,2026-05-26T14:00:00+00:00,609.90000000,611.29000000,609.70000000,610.62000000,96.13000000
1779804900000,2026-05-26T14:15:00+00:00,610.70000000,611.67000000,608.95000000,609.15000000,233.14000000
1779805800000,2026-05-26T14:30:00+00:00,609.10000000,609.12000000,607.40000000,608.40000000,176.83000000
1779806700000,2026-05-26T14:45:00+00:00,608.37000000,608.84000000,606.88000000,607.07000000,129.49000000
1779807600000,2026-05-26T15:00:00+00:00,606.99000000,607.57000000,605.69000000,607.07000000,297.52000000
1779808500000,2026-05-26T15:15:00+00:00,606.97000000,607.74000000,606.57000000,607.51000000,104.60000000
1779809400000,2026-05-26T15:30:00+00:00,607.55000000,609.93000000,605.61000000,608.55000000,345.92000000
1779810300000,2026-05-26T15:45:00+00:00,608.44000000,609.92000000,607.51000000,607.74000000,555.93000000
1779811200000,2026-05-26T16:00:00+00:00,607.85000000,609.36000000,607.76000000,608.79000000,405.54000000
1779812100000,2026-05-26T16:15:00+00:00,608.85000000,610.32000000,608.80000000,610.30000000,195.02000000
1779813000000,2026-05-26T16:30:00+00:00,610.26000000,611.67000000,609.95000000,610.40000000,239.65000000
1779813900000,2026-05-26T16:45:00+00:00,610.39000000,611.10000000,610.15000000,610.71000000,187.28000000
1779814800000,2026-05-26T17:00:00+00:00,610.75000000,610.98000000,610.26000000,610.68000000,59.20000000
1779815700000,2026-05-26T17:15:00+00:00,610.69000000,610.69000000,609.31000000,609.76000000,192.70000000
1779816600000,2026-05-26T17:30:00+00:00,609.78000000,610.22000000,609.45000000,609.92000000,21.76000000
1779817500000,2026-05-26T17:45:00+00:00,609.91000000,609.91000000,608.80000000,609.29000000,44.10000000
1779818400000,2026-05-26T18:00:00+00:00,609.29000000,610.64000000,609.29000000,610.48000000,34.06000000
1779819300000,2026-05-26T18:15:00+00:00,610.52000000,611.07000000,610.48000000,610.55000000,51.00000000
1779820200000,2026-05-26T18:30:00+00:00,610.50000000,611.35000000,609.55000000,610.10000000,32.64000000
1779821100000,2026-05-26T18:45:00+00:00,610.10000000,611.07000000,609.95000000,609.95000000,22.64000000
1779822000000,2026-05-26T19:00:00+00:00,609.92000000,610.45000000,609.61000000,609.66000000,57.18000000
1779822900000,2026-05-26T19:15:00+00:00,609.73000000,610.19000000,609.42000000,609.67000000,36.12000000
1779823800000,2026-05-26T19:30:00+00:00,609.75000000,610.85000000,609.66000000,610.85000000,40.85000000
1779824700000,2026-05-26T19:45:00+00:00,610.89000000,612.95000000,610.57000000,612.95000000,181.56000000
1779825600000,2026-05-26T20:00:00+00:00,612.94000000,612.96000000,611.28000000,611.74000000,67.61000000
1779826500000,2026-05-26T20:15:00+00:00,611.70000000,611.79000000,611.27000000,611.34000000,38.37000000
1779827400000,2026-05-26T20:30:00+00:00,611.44000000,611.50000000,611.24000000,611.25000000,2.56000000
1779828300000,2026-05-26T20:45:00+00:00,611.25000000,611.55000000,611.25000000,611.39000000,1.98000000
1779829200000,2026-05-26T21:00:00+00:00,611.31000000,611.50000000,611.21000000,611.25000000,9.75000000
1779830100000,2026-05-26T21:15:00+00:00,611.24000000,611.45000000,611.05000000,611.43000000,6.68000000
1779831000000,2026-05-26T21:30:00+00:00,611.31000000,611.43000000,610.91000000,610.95000000,8.15000000
1779831900000,2026-05-26T21:45:00+00:00,611.05000000,611.35000000,610.82000000,610.91000000,26.34000000
1779832800000,2026-05-26T22:00:00+00:00,610.80000000,610.94000000,609.62000000,609.62000000,22.67000000
1779833700000,2026-05-26T22:15:00+00:00,609.70000000,610.19000000,609.45000000,609.90000000,24.97000000
1779834600000,2026-05-26T22:30:00+00:00,610.04000000,610.25000000,609.75000000,609.87000000,31.27000000
1779835500000,2026-05-26T22:45:00+00:00,609.87000000,609.87000000,609.35000000,609.83000000,24.17000000
1779836400000,2026-05-26T23:00:00+00:00,609.84000000,610.18000000,609.84000000,610.10000000,13.06000000
1779837300000,2026-05-26T23:15:00+00:00,610.10000000,610.69000000,610.10000000,610.19000000,12.84000000
1779838200000,2026-05-26T23:30:00+00:00,610.37000000,610.79000000,610.31000000,610.75000000,2.42000000
1779839100000,2026-05-26T23:45:00+00:00,610.70000000,611.45000000,610.66000000,610.69000000,91.73000000
1779840000000,2026-05-27T00:00:00+00:00,610.70000000,611.24000000,610.65000000,610.95000000,71.03000000
1779840900000,2026-05-27T00:15:00+00:00,610.91000000,610.91000000,610.45000000,610.81000000,19.31000000
1779841800000,2026-05-27T00:30:00+00:00,610.81000000,610.86000000,610.53000000,610.71000000,20.41000000
1779842700000,2026-05-27T00:45:00+00:00,610.61000000,610.81000000,610.02000000,610.17000000,31.70000000
1779843600000,2026-05-27T01:00:00+00:00,610.14000000,610.29000000,609.88000000,610.29000000,7.96000000
1779844500000,2026-05-27T01:15:00+00:00,610.25000000,610.45000000,610.19000000,610.26000000,16.08000000
1779845400000,2026-05-27T01:30:00+00:00,610.18000000,610.60000000,610.05000000,610.30000000,9.71000000
1779846300000,2026-05-27T01:45:00+00:00,610.30000000,610.49000000,609.93000000,610.10000000,56.12000000
1779847200000,2026-05-27T02:00:00+00:00,610.10000000,610.28000000,610.08000000,610.27000000,8.37000000
1779848100000,2026-05-27T02:15:00+00:00,610.20000000,610.65000000,610.06000000,610.45000000,6.65000000
1779849000000,2026-05-27T02:30:00+00:00,610.46000000,610.66000000,610.09000000,610.16000000,329.77000000
1779849900000,2026-05-27T02:45:00+00:00,610.19000000,610.55000000,610.10000000,610.23000000,424.57000000
1779850800000,2026-05-27T03:00:00+00:00,610.26000000,610.45000000,609.75000000,609.90000000,902.71000000
1779851700000,2026-05-27T03:15:00+00:00,609.92000000,610.20000000,609.69000000,610.04000000,100.48000000
1779852600000,2026-05-27T03:30:00+00:00,610.04000000,610.20000000,609.47000000,609.84000000,102.43000000
1779853500000,2026-05-27T03:45:00+00:00,609.85000000,609.85000000,609.56000000,609.74000000,22.23000000
1779854400000,2026-05-27T04:00:00+00:00,609.72000000,610.27000000,609.70000000,610.14000000,21.68000000
1779855300000,2026-05-27T04:15:00+00:00,610.07000000,610.20000000,609.61000000,609.62000000,25.54000000
1779856200000,2026-05-27T04:30:00+00:00,609.63000000,610.24000000,609.51000000,610.19000000,158.88000000
1779857100000,2026-05-27T04:45:00+00:00,610.19000000,610.44000000,610.09000000,610.26000000,273.83000000
1779858000000,2026-05-27T05:00:00+00:00,610.26000000,610.54000000,610.08000000,610.47000000,70.70000000
1779858900000,2026-05-27T05:15:00+00:00,610.50000000,610.71000000,610.27000000,610.46000000,50.20000000
1779859800000,2026-05-27T05:30:00+00:00,610.46000000,610.76000000,610.14000000,610.36000000,23.85000000
1779860700000,2026-05-27T05:45:00+00:00,610.36000000,611.27000000,610.34000000,611.00000000,31.15000000
1779861600000,2026-05-27T06:00:00+00:00,610.96000000,611.70000000,610.96000000,611.52000000,10.39000000
1779862500000,2026-05-27T06:15:00+00:00,611.54000000,611.69000000,611.20000000,611.46000000,26.86000000
1779863400000,2026-05-27T06:30:00+00:00,611.50000000,611.62000000,610.95000000,611.29000000,6.49000000
1779864300000,2026-05-27T06:45:00+00:00,611.29000000,611.39000000,611.01000000,611.01000000,5.71000000
1779865200000,2026-05-27T07:00:00+00:00,611.02000000,611.57000000,611.02000000,611.57000000,30.86000000
1779866100000,2026-05-27T07:15:00+00:00,611.49000000,611.66000000,611.27000000,611.56000000,31.41000000
1779867000000,2026-05-27T07:30:00+00:00,611.56000000,611.73000000,611.52000000,611.68000000,13.99000000
1779867900000,2026-05-27T07:45:00+00:00,611.69000000,611.69000000,611.34000000,611.46000000,30.66000000
1779868800000,2026-05-27T08:00:00+00:00,611.46000000,612.38000000,611.45000000,611.76000000,79.00000000
1779869700000,2026-05-27T08:15:00+00:00,611.79000000,612.19000000,611.79000000,612.15000000,12.18000000
1779870600000,2026-05-27T08:30:00+00:00,612.16000000,612.19000000,611.66000000,611.66000000,26.70000000
1779871500000,2026-05-27T08:45:00+00:00,611.66000000,611.66000000,611.31000000,611.49000000,18.05000000
1779872400000,2026-05-27T09:00:00+00:00,611.48000000,611.66000000,611.36000000,611.57000000,11.00000000
1779873300000,2026-05-27T09:15:00+00:00,611.57000000,611.74000000,611.46000000,611.46000000,12.61000000
1779874200000,2026-05-27T09:30:00+00:00,611.45000000,611.45000000,611.14000000,611.24000000,20.20000000
1779875100000,2026-05-27T09:45:00+00:00,611.24000000,611.35000000,611.01000000,611.03000000,24.08000000
1779876000000,2026-05-27T10:00:00+00:00,611.03000000,611.20000000,610.56000000,610.59000000,61.51000000
1779876900000,2026-05-27T10:15:00+00:00,610.59000000,610.59000000,609.30000000,609.36000000,77.02000000
1779877800000,2026-05-27T10:30:00+00:00,609.35000000,609.36000000,609.07000000,609.08000000,7.13000000
1779878700000,2026-05-27T10:45:00+00:00,609.07000000,610.05000000,608.84000000,610.05000000,25.35000000
1779879600000,2026-05-27T11:00:00+00:00,610.06000000,610.47000000,609.38000000,609.54000000,96.13000000
1779880500000,2026-05-27T11:15:00+00:00,609.54000000,609.64000000,608.76000000,608.95000000,35.24000000
1779881400000,2026-05-27T11:30:00+00:00,608.85000000,609.41000000,608.77000000,608.77000000,67.73000000
1779882300000,2026-05-27T11:45:00+00:00,608.78000000,608.84000000,608.23000000,608.35000000,122.02000000
1779883200000,2026-05-27T12:00:00+00:00,608.35000000,608.35000000,607.59000000,608.05000000,59.46000000
1779884100000,2026-05-27T12:15:00+00:00,608.02000000,609.85000000,607.86000000,609.74000000,122.61000000
1779885000000,2026-05-27T12:30:00+00:00,609.64000000,610.01000000,609.48000000,609.69000000,36.17000000
1779885900000,2026-05-27T12:45:00+00:00,609.64000000,610.08000000,609.17000000,609.38000000,254.63000000
1779886800000,2026-05-27T13:00:00+00:00,609.35000000,609.52000000,608.05000000,608.36000000,56.04000000
1779887700000,2026-05-27T13:15:00+00:00,608.40000000,610.44000000,607.93000000,610.43000000,88.35000000
1779888600000,2026-05-27T13:30:00+00:00,610.31000000,613.91000000,609.43000000,611.28000000,831.83000000
1779889500000,2026-05-27T13:45:00+00:00,611.29000000,612.80000000,610.10000000,611.77000000,447.88000000
1779890400000,2026-05-27T14:00:00+00:00,611.79000000,614.29000000,611.22000000,613.75000000,293.17000000
1779891300000,2026-05-27T14:15:00+00:00,613.86000000,616.57000000,613.66000000,615.81000000,343.94000000
1779892200000,2026-05-27T14:30:00+00:00,615.76000000,617.21000000,613.64000000,613.86000000,711.50000000
1779893100000,2026-05-27T14:45:00+00:00,613.77000000,614.03000000,612.58000000,613.04000000,755.65000000
1779894000000,2026-05-27T15:00:00+00:00,613.01000000,614.56000000,612.76000000,614.21000000,247.14000000
1779894900000,2026-05-27T15:15:00+00:00,614.24000000,615.39000000,613.88000000,614.08000000,195.40000000
1779895800000,2026-05-27T15:30:00+00:00,614.12000000,614.97000000,613.12000000,613.23000000,284.06000000
1779896700000,2026-05-27T15:45:00+00:00,613.13000000,614.30000000,612.25000000,612.43000000,183.73000000
1779897600000,2026-05-27T16:00:00+00:00,612.44000000,613.46000000,611.72000000,612.10000000,176.26000000
1779898500000,2026-05-27T16:15:00+00:00,612.10000000,613.00000000,612.04000000,612.95000000,66.29000000
1779899400000,2026-05-27T16:30:00+00:00,613.06000000,614.65000000,612.85000000,614.26000000,220.41000000
1779900300000,2026-05-27T16:45:00+00:00,614.35000000,614.40000000,612.39000000,612.60000000,122.97000000
1779901200000,2026-05-27T17:00:00+00:00,612.65000000,612.81000000,610.90000000,611.25000000,74.95000000
1779902100000,2026-05-27T17:15:00+00:00,611.21000000,611.27000000,609.42000000,610.03000000,260.82000000
1779903000000,2026-05-27T17:30:00+00:00,610.03000000,610.99000000,610.01000000,610.21000000,134.62000000
1779903900000,2026-05-27T17:45:00+00:00,610.22000000,611.79000000,609.81000000,611.16000000,306.74000000
1779904800000,2026-05-27T18:00:00+00:00,611.10000000,621.36000000,610.86000000,618.55000000,3009.44000000
1779905700000,2026-05-27T18:15:00+00:00,618.51000000,630.47000000,618.51000000,628.92000000,2975.13000000
1779906600000,2026-05-27T18:30:00+00:00,628.95000000,633.70000000,628.70000000,629.48000000,1816.86000000
1779907500000,2026-05-27T18:45:00+00:00,629.60000000,633.48000000,627.67000000,632.19000000,914.39000000
1779908400000,2026-05-27T19:00:00+00:00,632.10000000,638.92000000,632.05000000,633.85000000,1673.61000000
1779909300000,2026-05-27T19:15:00+00:00,633.80000000,634.16000000,631.59000000,633.04000000,717.77000000
1779910200000,2026-05-27T19:30:00+00:00,633.07000000,637.43000000,632.64000000,637.43000000,544.14000000
1779911100000,2026-05-27T19:45:00+00:00,637.21000000,637.73000000,634.88000000,635.80000000,351.89000000
1779912000000,2026-05-27T20:00:00+00:00,635.65000000,637.43000000,635.47000000,636.46000000,190.66000000
1779912900000,2026-05-27T20:15:00+00:00,636.45000000,636.80000000,635.59000000,636.49000000,76.12000000
1779913800000,2026-05-27T20:30:00+00:00,636.42000000,638.03000000,636.41000000,637.16000000,132.10000000
1779914700000,2026-05-27T20:45:00+00:00,637.16000000,637.55000000,636.90000000,637.55000000,42.87000000
1779915600000,2026-05-27T21:00:00+00:00,637.60000000,638.13000000,637.07000000,638.03000000,91.28000000
1779916500000,2026-05-27T21:15:00+00:00,638.03000000,638.25000000,635.85000000,636.10000000,159.71000000
1779917400000,2026-05-27T21:30:00+00:00,636.10000000,636.21000000,633.91000000,634.55000000,271.59000000
1779918300000,2026-05-27T21:45:00+00:00,634.53000000,635.24000000,633.86000000,633.99000000,119.68000000
1779919200000,2026-05-27T22:00:00+00:00,633.99000000,635.23000000,633.84000000,634.29000000,67.37000000
1779920100000,2026-05-27T22:15:00+00:00,634.29000000,634.89000000,633.47000000,633.75000000,78.85000000
1779921000000,2026-05-27T22:30:00+00:00,633.74000000,633.82000000,632.54000000,633.53000000,90.87000000
1779921900000,2026-05-27T22:45:00+00:00,633.54000000,633.60000000,632.98000000,632.99000000,16.83000000
1779922800000,2026-05-27T23:00:00+00:00,632.98000000,633.72000000,631.50000000,631.98000000,318.18000000
1779923700000,2026-05-27T23:15:00+00:00,632.07000000,633.05000000,632.01000000,632.70000000,41.75000000
1779924600000,2026-05-27T23:30:00+00:00,632.75000000,632.75000000,631.21000000,631.21000000,30.52000000
1779925500000,2026-05-27T23:45:00+00:00,631.21000000,631.54000000,630.45000000,630.45000000,175.46000000
1779926400000,2026-05-28T00:00:00+00:00,630.57000000,631.95000000,630.48000000,631.54000000,123.95000000
1779927300000,2026-05-28T00:15:00+00:00,631.37000000,632.36000000,631.37000000,631.77000000,26.19000000
1779928200000,2026-05-28T00:30:00+00:00,631.73000000,633.03000000,631.65000000,633.03000000,70.11000000
1779929100000,2026-05-28T00:45:00+00:00,633.04000000,634.91000000,632.88000000,634.90000000,106.75000000
1779930000000,2026-05-28T01:00:00+00:00,634.90000000,635.26000000,634.05000000,634.39000000,69.70000000
1779930900000,2026-05-28T01:15:00+00:00,634.38000000,634.60000000,633.41000000,633.75000000,71.79000000
1779931800000,2026-05-28T01:30:00+00:00,633.55000000,634.08000000,633.27000000,633.54000000,103.74000000
1779932700000,2026-05-28T01:45:00+00:00,633.51000000,634.55000000,633.31000000,634.19000000,34.16000000
1779933600000,2026-05-28T02:00:00+00:00,634.19000000,634.83000000,633.76000000,634.23000000,62.49000000
1779934500000,2026-05-28T02:15:00+00:00,634.23000000,634.34000000,633.10000000,633.69000000,67.03000000
1779935400000,2026-05-28T02:30:00+00:00,633.70000000,633.85000000,632.85000000,633.07000000,66.41000000
1779936300000,2026-05-28T02:45:00+00:00,633.02000000,633.21000000,632.24000000,632.36000000,143.33000000
1779937200000,2026-05-28T03:00:00+00:00,632.36000000,632.82000000,630.67000000,630.73000000,177.68000000
1779938100000,2026-05-28T03:15:00+00:00,630.90000000,631.15000000,629.43000000,629.75000000,103.65000000
1779939000000,2026-05-28T03:30:00+00:00,629.84000000,629.88000000,627.00000000,627.36000000,474.58000000
1779939900000,2026-05-28T03:45:00+00:00,627.31000000,628.04000000,627.00000000,627.62000000,195.99000000
1779940800000,2026-05-28T04:00:00+00:00,627.68000000,628.49000000,626.00000000,627.36000000,261.27000000
1779941700000,2026-05-28T04:15:00+00:00,627.27000000,627.63000000,626.91000000,627.32000000,145.79000000
1779942600000,2026-05-28T04:30:00+00:00,627.28000000,628.52000000,627.28000000,628.52000000,122.75000000
1779943500000,2026-05-28T04:45:00+00:00,628.48000000,628.50000000,627.01000000,627.06000000,83.63000000
1779944400000,2026-05-28T05:00:00+00:00,627.05000000,627.41000000,626.85000000,627.05000000,54.67000000
1779945300000,2026-05-28T05:15:00+00:00,626.98000000,628.29000000,626.91000000,628.24000000,58.28000000
1779946200000,2026-05-28T05:30:00+00:00,628.25000000,629.70000000,628.25000000,629.61000000,102.46000000
1779947100000,2026-05-28T05:45:00+00:00,629.75000000,630.39000000,629.74000000,629.83000000,62.81000000
1779948000000,2026-05-28T06:00:00+00:00,629.86000000,630.64000000,629.46000000,630.48000000,346.18000000
1779948900000,2026-05-28T06:15:00+00:00,630.49000000,630.67000000,629.75000000,630.05000000,219.09000000
1779949800000,2026-05-28T06:30:00+00:00,630.05000000,630.20000000,629.61000000,629.74000000,50.74000000
1779950700000,2026-05-28T06:45:00+00:00,629.72000000,630.73000000,629.71000000,630.62000000,192.44000000
1779951600000,2026-05-28T07:00:00+00:00,630.63000000,632.20000000,630.47000000,631.31000000,656.29000000
1779952500000,2026-05-28T07:15:00+00:00,631.32000000,631.45000000,630.16000000,630.45000000,425.64000000
1779953400000,2026-05-28T07:30:00+00:00,630.46000000,631.29000000,630.33000000,630.87000000,536.34000000
1779954300000,2026-05-28T07:45:00+00:00,630.96000000,630.96000000,629.96000000,630.23000000,45.00000000
1779955200000,2026-05-28T08:00:00+00:00,630.35000000,634.70000000,629.80000000,633.39000000,446.46000000
1779956100000,2026-05-28T08:15:00+00:00,633.45000000,633.45000000,632.50000000,633.01000000,159.36000000
1779957000000,2026-05-28T08:30:00+00:00,633.03000000,634.38000000,633.02000000,633.56000000,82.25000000
1779957900000,2026-05-28T08:45:00+00:00,633.47000000,634.16000000,633.29000000,634.12000000,15.60000000
1779958800000,2026-05-28T09:00:00+00:00,634.25000000,634.25000000,632.54000000,632.66000000,165.29000000
1779959700000,2026-05-28T09:15:00+00:00,632.68000000,633.65000000,632.52000000,633.30000000,23.29000000
1779960600000,2026-05-28T09:30:00+00:00,633.32000000,636.80000000,633.03000000,636.60000000,318.08000000
1779961500000,2026-05-28T09:45:00+00:00,636.61000000,638.07000000,635.09000000,638.07000000,210.12000000
1779962400000,2026-05-28T10:00:00+00:00,638.03000000,639.17000000,635.71000000,636.43000000,435.84000000
1779963300000,2026-05-28T10:15:00+00:00,636.33000000,636.66000000,633.87000000,634.69000000,132.82000000
1779964200000,2026-05-28T10:30:00+00:00,634.61000000,636.19000000,633.80000000,633.82000000,168.42000000
1779965100000,2026-05-28T10:45:00+00:00,633.77000000,634.61000000,632.69000000,633.78000000,293.92000000
1779966000000,2026-05-28T11:00:00+00:00,633.71000000,635.84000000,632.35000000,635.15000000,464.46000000
1779966900000,2026-05-28T11:15:00+00:00,635.10000000,636.44000000,634.61000000,636.44000000,234.62000000
1779967800000,2026-05-28T11:30:00+00:00,636.44000000,637.84000000,635.90000000,637.18000000,972.57000000
1779968700000,2026-05-28T11:45:00+00:00,637.30000000,638.25000000,636.01000000,637.26000000,226.05000000
1779969600000,2026-05-28T12:00:00+00:00,637.42000000,641.93000000,636.46000000,641.10000000,534.47000000
1779970500000,2026-05-28T12:15:00+00:00,641.19000000,642.41000000,639.51000000,639.74000000,726.36000000
1779971400000,2026-05-28T12:30:00+00:00,639.73000000,641.55000000,639.51000000,640.99000000,513.47000000
1779972300000,2026-05-28T12:45:00+00:00,640.70000000,644.65000000,640.68000000,642.80000000,761.86000000
1779973200000,2026-05-28T13:00:00+00:00,642.82000000,643.80000000,640.80000000,642.57000000,963.44000000
1779974100000,2026-05-28T13:15:00+00:00,642.56000000,643.02000000,636.84000000,640.09000000,1571.69000000
1779975000000,2026-05-28T13:30:00+00:00,640.15000000,643.18000000,629.74000000,631.36000000,4880.43000000
1779975900000,2026-05-28T13:45:00+00:00,631.37000000,640.14000000,631.25000000,640.00000000,3224.76000000
1779976800000,2026-05-28T14:00:00+00:00,639.89000000,642.18000000,633.65000000,635.78000000,3657.88000000
1779977700000,2026-05-28T14:15:00+00:00,635.75000000,640.49000000,635.16000000,639.58000000,1723.81000000
1779978600000,2026-05-28T14:30:00+00:00,639.58000000,640.19000000,636.68000000,637.18000000,1322.33000000
1779979500000,2026-05-28T14:45:00+00:00,637.14000000,637.64000000,634.10000000,634.59000000,4024.66000000
1779980400000,2026-05-28T15:00:00+00:00,634.56000000,635.24000000,632.78000000,633.30000000,1268.79000000
1779981300000,2026-05-28T15:15:00+00:00,633.35000000,634.52000000,632.91000000,633.81000000,457.31000000
1779982200000,2026-05-28T15:30:00+00:00,633.79000000,634.09000000,631.60000000,632.72000000,610.25000000
1779983100000,2026-05-28T15:45:00+00:00,632.75000000,633.03000000,631.74000000,632.43000000,294.41000000
1779984000000,2026-05-28T16:00:00+00:00,632.67000000,632.67000000,631.16000000,632.00000000,483.80000000
1779984900000,2026-05-28T16:15:00+00:00,632.05000000,635.47000000,631.54000000,635.10000000,423.85000000
1779985800000,2026-05-28T16:30:00+00:00,635.05000000,635.08000000,630.18000000,630.76000000,768.61000000
1779986700000,2026-05-28T16:45:00+00:00,630.66000000,631.45000000,630.15000000,630.34000000,287.50000000
1779987600000,2026-05-28T17:00:00+00:00,630.34000000,632.04000000,630.34000000,630.76000000,377.69000000
1779988500000,2026-05-28T17:15:00+00:00,630.79000000,632.09000000,630.25000000,631.65000000,229.65000000
1779989400000,2026-05-28T17:30:00+00:00,631.62000000,632.91000000,631.56000000,632.01000000,223.34000000
1779990300000,2026-05-28T17:45:00+00:00,632.06000000,632.95000000,631.06000000,631.50000000,275.58000000
1779991200000,2026-05-28T18:00:00+00:00,631.55000000,633.71000000,631.36000000,633.38000000,220.19000000
1779992100000,2026-05-28T18:15:00+00:00,633.37000000,633.58000000,632.76000000,633.35000000,170.02000000
1779993000000,2026-05-28T18:30:00+00:00,633.30000000,634.44000000,633.21000000,633.85000000,127.06000000
1779993900000,2026-05-28T18:45:00+00:00,633.83000000,634.26000000,632.31000000,632.44000000,212.99000000
1779994800000,2026-05-28T19:00:00+00:00,632.48000000,632.75000000,631.79000000,632.33000000,199.92000000
1779995700000,2026-05-28T19:15:00+00:00,632.32000000,634.23000000,632.19000000,634.13000000,283.26000000
1779996600000,2026-05-28T19:30:00+00:00,634.16000000,635.52000000,634.06000000,634.86000000,240.18000000
1779997500000,2026-05-28T19:45:00+00:00,634.75000000,635.70000000,633.11000000,635.35000000,390.80000000
1779998400000,2026-05-28T20:00:00+00:00,635.30000000,635.58000000,634.38000000,635.51000000,113.89000000
1779999300000,2026-05-28T20:15:00+00:00,635.50000000,635.71000000,634.95000000,635.34000000,55.44000000
1780000200000,2026-05-28T20:30:00+00:00,635.27000000,635.35000000,634.43000000,634.64000000,91.78000000
1780001100000,2026-05-28T20:45:00+00:00,634.64000000,635.00000000,633.95000000,634.00000000,64.64000000
1780002000000,2026-05-28T21:00:00+00:00,633.93000000,633.99000000,633.12000000,633.99000000,50.68000000
1780002900000,2026-05-28T21:15:00+00:00,634.00000000,634.81000000,633.91000000,634.74000000,36.81000000
1780003800000,2026-05-28T21:30:00+00:00,634.57000000,634.60000000,634.06000000,634.20000000,13.42000000
1780004700000,2026-05-28T21:45:00+00:00,634.20000000,634.47000000,633.93000000,634.32000000,56.99000000
1780005600000,2026-05-28T22:00:00+00:00,634.30000000,634.30000000,633.31000000,633.71000000,57.03000000
1780006500000,2026-05-28T22:15:00+00:00,633.84000000,634.02000000,633.50000000,633.53000000,53.47000000
1780007400000,2026-05-28T22:30:00+00:00,633.54000000,633.63000000,632.80000000,633.29000000,16.95000000
1780008300000,2026-05-28T22:45:00+00:00,633.33000000,633.63000000,633.33000000,633.42000000,9.45000000
1780009200000,2026-05-28T23:00:00+00:00,633.42000000,634.00000000,633.33000000,633.43000000,27.90000000
1780010100000,2026-05-28T23:15:00+00:00,633.51000000,633.76000000,633.37000000,633.62000000,27.74000000
1780011000000,2026-05-28T23:30:00+00:00,633.63000000,633.63000000,633.16000000,633.54000000,17.56000000
1780011900000,2026-05-28T23:45:00+00:00,633.54000000,633.58000000,633.05000000,633.22000000,31.05000000
1780012800000,2026-05-29T00:00:00+00:00,633.14000000,633.48000000,632.35000000,632.49000000,102.01000000
1780013700000,2026-05-29T00:15:00+00:00,632.55000000,633.13000000,632.47000000,633.09000000,34.78000000
1780014600000,2026-05-29T00:30:00+00:00,633.05000000,633.19000000,632.66000000,632.92000000,35.31000000
1780015500000,2026-05-29T00:45:00+00:00,633.03000000,633.31000000,632.76000000,632.86000000,42.45000000
1780016400000,2026-05-29T01:00:00+00:00,632.93000000,633.33000000,632.56000000,632.94000000,147.96000000
1780017300000,2026-05-29T01:15:00+00:00,632.95000000,633.15000000,632.32000000,632.98000000,115.52000000
1780018200000,2026-05-29T01:30:00+00:00,633.05000000,633.47000000,632.95000000,633.23000000,72.99000000
1780019100000,2026-05-29T01:45:00+00:00,633.24000000,633.39000000,632.91000000,633.27000000,48.44000000
1780020000000,2026-05-29T02:00:00+00:00,633.27000000,633.71000000,633.12000000,633.41000000,70.48000000
1780020900000,2026-05-29T02:15:00+00:00,633.45000000,633.47000000,632.53000000,632.93000000,60.90000000
1780021800000,2026-05-29T02:30:00+00:00,632.86000000,633.50000000,632.86000000,633.16000000,47.77000000
1780022700000,2026-05-29T02:45:00+00:00,633.15000000,633.34000000,632.81000000,632.94000000,53.66000000
1780023600000,2026-05-29T03:00:00+00:00,633.05000000,633.65000000,633.05000000,633.34000000,32.25000000
1780024500000,2026-05-29T03:15:00+00:00,633.41000000,633.66000000,633.16000000,633.66000000,24.17000000
1780025400000,2026-05-29T03:30:00+00:00,633.58000000,633.86000000,633.30000000,633.86000000,50.94000000
1780026300000,2026-05-29T03:45:00+00:00,633.79000000,633.86000000,633.15000000,633.61000000,194.17000000
1780027200000,2026-05-29T04:00:00+00:00,633.64000000,633.93000000,633.59000000,633.93000000,76.85000000
1780028100000,2026-05-29T04:15:00+00:00,633.93000000,634.06000000,633.85000000,633.91000000,21.95000000
1780029000000,2026-05-29T04:30:00+00:00,633.89000000,633.89000000,633.35000000,633.39000000,42.10000000
1780029900000,2026-05-29T04:45:00+00:00,633.42000000,633.62000000,633.31000000,633.57000000,27.63000000
1780030800000,2026-05-29T05:00:00+00:00,633.64000000,634.10000000,633.51000000,634.10000000,45.10000000
1780031700000,2026-05-29T05:15:00+00:00,634.10000000,634.25000000,633.49000000,633.91000000,79.88000000
1780032600000,2026-05-29T05:30:00+00:00,633.80000000,633.80000000,633.10000000,633.19000000,22.74000000
1780033500000,2026-05-29T05:45:00+00:00,633.21000000,633.71000000,633.08000000,633.71000000,53.75000000
1780034400000,2026-05-29T06:00:00+00:00,633.67000000,634.47000000,633.50000000,634.21000000,43.35000000
1780035300000,2026-05-29T06:15:00+00:00,634.21000000,635.20000000,634.12000000,634.76000000,75.31000000
1780036200000,2026-05-29T06:30:00+00:00,634.86000000,635.40000000,634.70000000,635.28000000,13.50000000
1780037100000,2026-05-29T06:45:00+00:00,635.28000000,635.60000000,635.17000000,635.17000000,49.20000000
1780038000000,2026-05-29T07:00:00+00:00,635.17000000,635.17000000,634.41000000,634.41000000,77.43000000
1780038900000,2026-05-29T07:15:00+00:00,634.50000000,634.70000000,634.13000000,634.33000000,21.38000000
1780039800000,2026-05-29T07:30:00+00:00,634.28000000,634.34000000,633.60000000,633.92000000,157.50000000
1780040700000,2026-05-29T07:45:00+00:00,633.92000000,634.20000000,633.79000000,633.95000000,20.94000000
1780041600000,2026-05-29T08:00:00+00:00,634.04000000,634.24000000,633.06000000,633.55000000,117.61000000
1780042500000,2026-05-29T08:15:00+00:00,633.52000000,633.89000000,632.91000000,633.89000000,132.16000000
1780043400000,2026-05-29T08:30:00+00:00,633.75000000,633.85000000,632.58000000,632.99000000,132.73000000
1780044300000,2026-05-29T08:45:00+00:00,633.07000000,633.27000000,632.60000000,633.08000000,136.64000000
1780045200000,2026-05-29T09:00:00+00:00,633.00000000,633.69000000,632.71000000,633.64000000,45.72000000
1780046100000,2026-05-29T09:15:00+00:00,633.68000000,633.82000000,633.02000000,633.18000000,83.74000000
1780047000000,2026-05-29T09:30:00+00:00,633.19000000,634.18000000,633.19000000,633.52000000,81.28000000
1780047900000,2026-05-29T09:45:00+00:00,633.52000000,633.69000000,632.96000000,633.23000000,48.02000000
1780048800000,2026-05-29T10:00:00+00:00,633.27000000,633.54000000,633.00000000,633.00000000,51.54000000
1780049700000,2026-05-29T10:15:00+00:00,632.96000000,633.67000000,632.80000000,633.62000000,52.89000000
1780050600000,2026-05-29T10:30:00+00:00,633.53000000,633.76000000,632.82000000,632.94000000,133.02000000
1780051500000,2026-05-29T10:45:00+00:00,633.06000000,633.47000000,633.00000000,633.47000000,35.74000000
1780052400000,2026-05-29T11:00:00+00:00,633.42000000,633.42000000,632.76000000,632.85000000,31.44000000
1780053300000,2026-05-29T11:15:00+00:00,632.87000000,633.31000000,632.20000000,632.20000000,100.69000000
1780054200000,2026-05-29T11:30:00+00:00,632.24000000,632.32000000,630.97000000,632.23000000,86.50000000
1780055100000,2026-05-29T11:45:00+00:00,632.22000000,633.03000000,631.69000000,632.84000000,74.82000000
1780056000000,2026-05-29T12:00:00+00:00,632.92000000,633.23000000,632.60000000,632.87000000,18.44000000
1780056900000,2026-05-29T12:15:00+00:00,632.88000000,633.20000000,632.85000000,633.01000000,21.79000000
1780057800000,2026-05-29T12:30:00+00:00,633.01000000,633.10000000,631.44000000,631.80000000,108.78000000
1780058700000,2026-05-29T12:45:00+00:00,631.87000000,632.76000000,631.85000000,632.52000000,47.17000000
1780059600000,2026-05-29T13:00:00+00:00,632.48000000,633.06000000,632.14000000,633.06000000,46.08000000
1780060500000,2026-05-29T13:15:00+00:00,633.03000000,633.89000000,632.61000000,633.81000000,61.89000000
1780061400000,2026-05-29T13:30:00+00:00,633.81000000,635.05000000,627.89000000,629.86000000,3107.85000000
1780062300000,2026-05-29T13:45:00+00:00,629.92000000,630.13000000,627.05000000,628.60000000,1116.23000000
1780063200000,2026-05-29T14:00:00+00:00,628.55000000,629.51000000,626.76000000,626.92000000,892.05000000
1780064100000,2026-05-29T14:15:00+00:00,626.84000000,627.36000000,623.45000000,625.13000000,1279.14000000
1780065000000,2026-05-29T14:30:00+00:00,625.13000000,625.21000000,623.46000000,624.64000000,728.55000000
1780065900000,2026-05-29T14:45:00+00:00,624.60000000,626.17000000,623.81000000,625.52000000,673.69000000
1780066800000,2026-05-29T15:00:00+00:00,625.59000000,628.11000000,625.23000000,627.98000000,366.61000000
1780067700000,2026-05-29T15:15:00+00:00,628.06000000,629.64000000,627.68000000,628.72000000,645.02000000
1780068600000,2026-05-29T15:30:00+00:00,628.69000000,629.26000000,627.14000000,627.46000000,293.09000000
1780069500000,2026-05-29T15:45:00+00:00,627.24000000,628.11000000,627.14000000,627.81000000,316.89000000
1780070400000,2026-05-29T16:00:00+00:00,627.78000000,629.39000000,627.58000000,629.05000000,340.01000000
1780071300000,2026-05-29T16:15:00+00:00,628.97000000,629.18000000,626.07000000,626.26000000,231.13000000
1780072200000,2026-05-29T16:30:00+00:00,626.20000000,627.30000000,624.85000000,625.51000000,290.93000000
1780073100000,2026-05-29T16:45:00+00:00,625.47000000,625.62000000,624.47000000,625.04000000,144.88000000
1780074000000,2026-05-29T17:00:00+00:00,625.08000000,626.43000000,624.91000000,625.67000000,270.56000000
1780074900000,2026-05-29T17:15:00+00:00,625.65000000,625.65000000,624.28000000,624.56000000,265.77000000
1780075800000,2026-05-29T17:30:00+00:00,624.48000000,626.33000000,624.45000000,626.33000000,113.64000000
1780076700000,2026-05-29T17:45:00+00:00,626.30000000,627.59000000,626.17000000,626.19000000,139.66000000
1780077600000,2026-05-29T18:00:00+00:00,626.16000000,626.95000000,625.88000000,626.39000000,251.19000000
1780078500000,2026-05-29T18:15:00+00:00,626.39000000,628.08000000,626.24000000,627.57000000,242.70000000
1780079400000,2026-05-29T18:30:00+00:00,627.58000000,628.36000000,626.48000000,626.87000000,301.89000000
1780080300000,2026-05-29T18:45:00+00:00,626.88000000,626.88000000,625.52000000,626.27000000,243.59000000
1780081200000,2026-05-29T19:00:00+00:00,626.35000000,628.64000000,626.03000000,628.29000000,323.58000000
1780082100000,2026-05-29T19:15:00+00:00,628.26000000,630.28000000,627.78000000,629.64000000,234.34000000
1780083000000,2026-05-29T19:30:00+00:00,629.67000000,630.58000000,629.29000000,630.04000000,197.15000000
1780083900000,2026-05-29T19:45:00+00:00,630.03000000,634.39000000,629.34000000,632.71000000,2031.16000000
1780084800000,2026-05-29T20:00:00+00:00,632.68000000,633.04000000,631.54000000,632.35000000,281.83000000
1780085700000,2026-05-29T20:15:00+00:00,632.24000000,632.70000000,632.23000000,632.56000000,24.15000000
1780086600000,2026-05-29T20:30:00+00:00,632.51000000,632.62000000,632.18000000,632.33000000,41.50000000
1780087500000,2026-05-29T20:45:00+00:00,632.35000000,632.66000000,632.23000000,632.55000000,42.14000000
1780088400000,2026-05-29T21:00:00+00:00,632.55000000,632.55000000,632.24000000,632.36000000,10.06000000
1780089300000,2026-05-29T21:15:00+00:00,632.47000000,632.64000000,632.27000000,632.39000000,34.99000000
1780090200000,2026-05-29T21:30:00+00:00,632.41000000,632.43000000,632.17000000,632.31000000,17.51000000
1780091100000,2026-05-29T21:45:00+00:00,632.30000000,632.42000000,632.15000000,632.39000000,19.42000000
1780092000000,2026-05-29T22:00:00+00:00,632.34000000,632.42000000,631.68000000,631.81000000,48.67000000
1780092900000,2026-05-29T22:15:00+00:00,631.83000000,632.27000000,631.73000000,632.27000000,38.31000000
1780093800000,2026-05-29T22:30:00+00:00,632.27000000,632.42000000,632.16000000,632.16000000,14.56000000
1780094700000,2026-05-29T22:45:00+00:00,632.12000000,632.83000000,631.92000000,632.72000000,113.98000000
1780095600000,2026-05-29T23:00:00+00:00,632.70000000,632.88000000,632.46000000,632.77000000,16.74000000
1780096500000,2026-05-29T23:15:00+00:00,632.76000000,633.00000000,632.71000000,632.94000000,12.25000000
1780097400000,2026-05-29T23:30:00+00:00,632.98000000,633.00000000,632.51000000,632.89000000,51.30000000
1780098300000,2026-05-29T23:45:00+00:00,632.91000000,633.27000000,632.17000000,632.34000000,50.73000000
1780099200000,2026-05-30T00:00:00+00:00,632.32000000,632.59000000,630.73000000,631.94000000,75.75000000
1780100100000,2026-05-30T00:15:00+00:00,631.94000000,632.89000000,631.94000000,632.84000000,15.73000000
1780101000000,2026-05-30T00:30:00+00:00,632.84000000,632.85000000,632.01000000,632.59000000,12.77000000
1780101900000,2026-05-30T00:45:00+00:00,632.60000000,632.80000000,632.59000000,632.73000000,13.15000000
1780102800000,2026-05-30T01:00:00+00:00,632.74000000,632.80000000,632.69000000,632.79000000,4.00000000
1780103700000,2026-05-30T01:15:00+00:00,632.80000000,633.51000000,632.37000000,633.17000000,55.88000000
1780104600000,2026-05-30T01:30:00+00:00,633.12000000,633.80000000,632.37000000,633.66000000,149.53000000
1780105500000,2026-05-30T01:45:00+00:00,633.69000000,633.69000000,632.71000000,633.32000000,22.78000000
1780106400000,2026-05-30T02:00:00+00:00,633.36000000,633.99000000,633.36000000,633.80000000,16.04000000
1780107300000,2026-05-30T02:15:00+00:00,633.80000000,633.91000000,633.80000000,633.89000000,2.27000000
1780108200000,2026-05-30T02:30:00+00:00,633.89000000,633.99000000,633.88000000,633.99000000,2.16000000
1780109100000,2026-05-30T02:45:00+00:00,633.97000000,634.59000000,633.27000000,633.56000000,98.56000000
1780110000000,2026-05-30T03:00:00+00:00,633.60000000,633.96000000,633.24000000,633.96000000,10.96000000
1780110900000,2026-05-30T03:15:00+00:00,634.00000000,634.54000000,633.71000000,633.99000000,54.31000000
1780111800000,2026-05-30T03:30:00+00:00,634.01000000,634.60000000,633.81000000,634.56000000,42.18000000
1780112700000,2026-05-30T03:45:00+00:00,634.53000000,634.67000000,633.81000000,634.62000000,38.96000000
1780113600000,2026-05-30T04:00:00+00:00,634.62000000,634.80000000,633.43000000,633.61000000,38.50000000
1780114500000,2026-05-30T04:15:00+00:00,633.65000000,634.12000000,633.37000000,634.11000000,20.01000000
1780115400000,2026-05-30T04:30:00+00:00,634.12000000,634.53000000,633.37000000,633.49000000,50.51000000
1780116300000,2026-05-30T04:45:00+00:00,633.41000000,633.99000000,633.41000000,633.59000000,37.52000000
1780117200000,2026-05-30T05:00:00+00:00,633.50000000,634.34000000,633.29000000,634.00000000,82.64000000
1780118100000,2026-05-30T05:15:00+00:00,633.93000000,634.60000000,633.61000000,634.58000000,12.91000000
1780119000000,2026-05-30T05:30:00+00:00,634.56000000,634.65000000,633.96000000,634.33000000,21.23000000
1780119900000,2026-05-30T05:45:00+00:00,634.34000000,634.49000000,634.26000000,634.49000000,9.21000000
1780120800000,2026-05-30T06:00:00+00:00,634.42000000,634.80000000,634.21000000,634.39000000,16.67000000
1780121700000,2026-05-30T06:15:00+00:00,634.39000000,634.80000000,633.62000000,634.70000000,39.56000000
1780122600000,2026-05-30T06:30:00+00:00,634.79000000,635.01000000,633.84000000,634.60000000,103.50000000
1780123500000,2026-05-30T06:45:00+00:00,634.62000000,634.70000000,634.34000000,634.50000000,3.47000000
1780124400000,2026-05-30T07:00:00+00:00,634.55000000,635.54000000,634.55000000,634.99000000,65.20000000
1780125300000,2026-05-30T07:15:00+00:00,635.04000000,635.64000000,634.80000000,635.15000000,48.85000000
1780126200000,2026-05-30T07:30:00+00:00,635.20000000,635.39000000,635.20000000,635.38000000,3.57000000
1780127100000,2026-05-30T07:45:00+00:00,635.40000000,635.40000000,635.17000000,635.21000000,1.03000000
1780128000000,2026-05-30T08:00:00+00:00,635.27000000,635.58000000,634.59000000,635.21000000,70.80000000
1780128900000,2026-05-30T08:15:00+00:00,635.25000000,635.53000000,635.24000000,635.34000000,14.53000000
1780129800000,2026-05-30T08:30:00+00:00,635.35000000,635.38000000,634.80000000,635.25000000,22.69000000
1780130700000,2026-05-30T08:45:00+00:00,635.30000000,635.65000000,635.14000000,635.56000000,10.94000000
1780131600000,2026-05-30T09:00:00+00:00,635.45000000,635.67000000,635.00000000,635.67000000,27.03000000
1780132500000,2026-05-30T09:15:00+00:00,635.69000000,635.87000000,635.39000000,635.51000000,15.70000000
1780133400000,2026-05-30T09:30:00+00:00,635.57000000,635.64000000,635.36000000,635.43000000,1.28000000
1780134300000,2026-05-30T09:45:00+00:00,635.55000000,635.72000000,635.32000000,635.64000000,8.03000000
1780135200000,2026-05-30T10:00:00+00:00,635.66000000,635.83000000,633.88000000,634.95000000,139.71000000
1780136100000,2026-05-30T10:15:00+00:00,634.94000000,635.95000000,634.93000000,635.93000000,26.25000000
1780137000000,2026-05-30T10:30:00+00:00,635.94000000,636.42000000,635.59000000,635.65000000,46.60000000
1780137900000,2026-05-30T10:45:00+00:00,635.59000000,635.65000000,635.33000000,635.65000000,1.66000000
1780138800000,2026-05-30T11:00:00+00:00,635.65000000,635.65000000,634.70000000,635.13000000,18.15000000
1780139700000,2026-05-30T11:15:00+00:00,635.12000000,635.49000000,635.02000000,635.16000000,12.66000000
1780140600000,2026-05-30T11:30:00+00:00,635.12000000,635.19000000,634.53000000,635.07000000,40.09000000
1780141500000,2026-05-30T11:45:00+00:00,635.09000000,635.67000000,634.96000000,635.33000000,29.19000000
1780142400000,2026-05-30T12:00:00+00:00,635.33000000,635.52000000,634.73000000,635.33000000,39.35000000
1780143300000,2026-05-30T12:15:00+00:00,635.35000000,635.83000000,635.07000000,635.71000000,38.30000000
1780144200000,2026-05-30T12:30:00+00:00,635.71000000,636.35000000,635.71000000,636.23000000,10.53000000
1780145100000,2026-05-30T12:45:00+00:00,636.23000000,636.58000000,636.03000000,636.38000000,28.49000000
1780146000000,2026-05-30T13:00:00+00:00,636.37000000,636.70000000,636.09000000,636.70000000,12.23000000
1780146900000,2026-05-30T13:15:00+00:00,636.70000000,636.82000000,636.45000000,636.82000000,13.69000000
1780147800000,2026-05-30T13:30:00+00:00,636.72000000,636.82000000,636.04000000,636.06000000,17.88000000
1780148700000,2026-05-30T13:45:00+00:00,636.06000000,636.92000000,636.05000000,636.91000000,35.40000000
1780149600000,2026-05-30T14:00:00+00:00,636.91000000,637.00000000,636.67000000,636.99000000,4.44000000
1780150500000,2026-05-30T14:15:00+00:00,637.00000000,637.00000000,636.50000000,636.87000000,16.72000000
1780151400000,2026-05-30T14:30:00+00:00,636.78000000,637.23000000,636.76000000,637.12000000,9.92000000
1780152300000,2026-05-30T14:45:00+00:00,637.11000000,637.36000000,636.92000000,636.95000000,13.59000000
1780153200000,2026-05-30T15:00:00+00:00,636.96000000,637.12000000,636.64000000,636.64000000,21.41000000
1780154100000,2026-05-30T15:15:00+00:00,636.71000000,636.91000000,636.21000000,636.91000000,38.04000000
1780155000000,2026-05-30T15:30:00+00:00,636.92000000,637.16000000,636.81000000,636.81000000,7.64000000
1780155900000,2026-05-30T15:45:00+00:00,636.80000000,637.20000000,636.69000000,637.20000000,3.75000000
1780156800000,2026-05-30T16:00:00+00:00,637.19000000,637.19000000,635.61000000,635.62000000,52.30000000
1780157700000,2026-05-30T16:15:00+00:00,635.68000000,635.71000000,635.17000000,635.17000000,12.83000000
1780158600000,2026-05-30T16:30:00+00:00,635.16000000,635.16000000,633.67000000,634.11000000,63.39000000
1780159500000,2026-05-30T16:45:00+00:00,634.14000000,634.28000000,633.33000000,633.84000000,50.81000000
1780160400000,2026-05-30T17:00:00+00:00,633.84000000,634.20000000,633.58000000,634.06000000,16.19000000
1780161300000,2026-05-30T17:15:00+00:00,634.02000000,634.21000000,634.02000000,634.21000000,2.79000000
1780162200000,2026-05-30T17:30:00+00:00,634.21000000,634.21000000,634.06000000,634.20000000,1.94000000
1780163100000,2026-05-30T17:45:00+00:00,634.20000000,634.88000000,634.20000000,634.83000000,9.05000000
1780164000000,2026-05-30T18:00:00+00:00,634.82000000,635.59000000,634.77000000,635.57000000,12.41000000
1780164900000,2026-05-30T18:15:00+00:00,635.59000000,635.59000000,635.23000000,635.37000000,6.91000000
1780165800000,2026-05-30T18:30:00+00:00,635.41000000,635.67000000,635.28000000,635.28000000,3.08000000
1780166700000,2026-05-30T18:45:00+00:00,635.37000000,635.58000000,635.36000000,635.43000000,2.28000000
1780167600000,2026-05-30T19:00:00+00:00,635.57000000,635.97000000,635.47000000,635.47000000,9.67000000
1780168500000,2026-05-30T19:15:00+00:00,635.47000000,635.81000000,635.28000000,635.78000000,12.80000000
1780169400000,2026-05-30T19:30:00+00:00,635.82000000,636.03000000,635.75000000,635.87000000,4.76000000
1780170300000,2026-05-30T19:45:00+00:00,635.95000000,636.30000000,635.40000000,635.40000000,25.30000000
1780171200000,2026-05-30T20:00:00+00:00,635.39000000,635.39000000,634.53000000,635.15000000,19.57000000
1780172100000,2026-05-30T20:15:00+00:00,635.25000000,635.30000000,634.42000000,634.42000000,22.62000000
1780173000000,2026-05-30T20:30:00+00:00,634.41000000,634.42000000,634.41000000,634.42000000,0.46000000
1780173900000,2026-05-30T20:45:00+00:00,634.42000000,634.42000000,634.41000000,634.41000000,0.26000000
1780174800000,2026-05-30T21:00:00+00:00,634.42000000,635.15000000,634.42000000,634.70000000,10.98000000
1780175700000,2026-05-30T21:15:00+00:00,634.70000000,635.40000000,634.41000000,635.36000000,16.63000000
1780176600000,2026-05-30T21:30:00+00:00,635.39000000,636.41000000,635.39000000,636.39000000,26.10000000
1780177500000,2026-05-30T21:45:00+00:00,636.39000000,636.43000000,636.07000000,636.41000000,4.84000000
1780178400000,2026-05-30T22:00:00+00:00,636.41000000,636.53000000,634.83000000,635.89000000,13.39000000
1780179300000,2026-05-30T22:15:00+00:00,635.99000000,635.99000000,634.95000000,635.42000000,21.56000000
1780180200000,2026-05-30T22:30:00+00:00,635.44000000,635.87000000,634.97000000,634.97000000,12.28000000
1780181100000,2026-05-30T22:45:00+00:00,634.90000000,635.38000000,634.77000000,635.18000000,15.32000000
1780182000000,2026-05-30T23:00:00+00:00,635.19000000,636.02000000,635.19000000,635.88000000,14.46000000
1780182900000,2026-05-30T23:15:00+00:00,635.95000000,636.14000000,635.61000000,636.07000000,6.69000000
1780183800000,2026-05-30T23:30:00+00:00,636.09000000,636.09000000,635.04000000,635.51000000,35.88000000
1780184700000,2026-05-30T23:45:00+00:00,635.56000000,636.23000000,635.45000000,635.83000000,21.80000000
1780185600000,2026-05-31T00:00:00+00:00,635.94000000,636.21000000,635.60000000,636.06000000,23.15000000
1780186500000,2026-05-31T00:15:00+00:00,636.07000000,636.14000000,635.77000000,636.07000000,6.72000000
1780187400000,2026-05-31T00:30:00+00:00,636.08000000,636.18000000,635.09000000,635.09000000,28.91000000
1780188300000,2026-05-31T00:45:00+00:00,635.08000000,635.36000000,634.96000000,635.35000000,4.55000000
1780189200000,2026-05-31T01:00:00+00:00,635.35000000,635.89000000,634.26000000,635.53000000,70.48000000
1780190100000,2026-05-31T01:15:00+00:00,635.52000000,636.13000000,635.33000000,635.92000000,11.23000000
1780191000000,2026-05-31T01:30:00+00:00,636.05000000,636.12000000,635.26000000,635.80000000,21.80000000
1780191900000,2026-05-31T01:45:00+00:00,635.69000000,635.98000000,635.69000000,635.75000000,3.60000000
1780192800000,2026-05-31T02:00:00+00:00,635.74000000,635.74000000,634.94000000,635.00000000,37.40000000
1780193700000,2026-05-31T02:15:00+00:00,634.96000000,635.80000000,634.00000000,635.41000000,55.21000000
1780194600000,2026-05-31T02:30:00+00:00,635.40000000,635.43000000,634.53000000,634.97000000,12.88000000
1780195500000,2026-05-31T02:45:00+00:00,635.04000000,635.60000000,634.98000000,635.12000000,7.73000000
1780196400000,2026-05-31T03:00:00+00:00,635.11000000,635.34000000,634.61000000,635.34000000,10.60000000
1780197300000,2026-05-31T03:15:00+00:00,635.20000000,636.20000000,635.09000000,636.13000000,8.19000000
1780198200000,2026-05-31T03:30:00+00:00,636.15000000,636.39000000,635.53000000,636.32000000,22.24000000
1780199100000,2026-05-31T03:45:00+00:00,636.39000000,636.50000000,635.59000000,636.18000000,11.47000000
1780200000000,2026-05-31T04:00:00+00:00,636.31000000,636.46000000,635.94000000,635.94000000,3.78000000
1780200900000,2026-05-31T04:15:00+00:00,635.88000000,636.97000000,635.81000000,636.47000000,42.21000000
1780201800000,2026-05-31T04:30:00+00:00,636.53000000,636.85000000,636.30000000,636.67000000,9.18000000
1780202700000,2026-05-31T04:45:00+00:00,636.66000000,637.00000000,636.49000000,636.99000000,4.53000000
1780203600000,2026-05-31T05:00:00+00:00,636.89000000,637.00000000,636.84000000,636.84000000,4.05000000
1780204500000,2026-05-31T05:15:00+00:00,636.84000000,636.84000000,636.50000000,636.55000000,4.42000000
1780205400000,2026-05-31T05:30:00+00:00,636.60000000,637.00000000,636.14000000,636.27000000,7.52000000
1780206300000,2026-05-31T05:45:00+00:00,636.13000000,636.38000000,635.72000000,636.38000000,12.58000000
1780207200000,2026-05-31T06:00:00+00:00,636.39000000,636.57000000,636.00000000,636.46000000,11.67000000
1780208100000,2026-05-31T06:15:00+00:00,636.33000000,636.57000000,636.03000000,636.40000000,13.44000000
1780209000000,2026-05-31T06:30:00+00:00,636.52000000,636.66000000,636.04000000,636.36000000,16.98000000
1780209900000,2026-05-31T06:45:00+00:00,636.34000000,636.46000000,636.13000000,636.32000000,11.46000000
1780210800000,2026-05-31T07:00:00+00:00,636.33000000,636.60000000,635.67000000,636.44000000,35.63000000
1780211700000,2026-05-31T07:15:00+00:00,636.54000000,636.97000000,636.40000000,636.74000000,15.42000000
1780212600000,2026-05-31T07:30:00+00:00,636.74000000,640.04000000,636.73000000,639.36000000,316.60000000
1780213500000,2026-05-31T07:45:00+00:00,639.31000000,639.69000000,639.31000000,639.33000000,7.57000000
1780214400000,2026-05-31T08:00:00+00:00,639.40000000,640.03000000,638.59000000,638.88000000,51.06000000
1780215300000,2026-05-31T08:15:00+00:00,638.89000000,639.06000000,637.99000000,638.79000000,62.92000000
1780216200000,2026-05-31T08:30:00+00:00,638.75000000,639.11000000,638.39000000,638.39000000,24.06000000
1780217100000,2026-05-31T08:45:00+00:00,638.34000000,638.88000000,638.26000000,638.57000000,29.45000000
1780218000000,2026-05-31T09:00:00+00:00,638.58000000,638.90000000,638.27000000,638.80000000,28.66000000
1780218900000,2026-05-31T09:15:00+00:00,638.88000000,638.91000000,637.97000000,638.03000000,37.48000000
1780219800000,2026-05-31T09:30:00+00:00,638.13000000,639.00000000,637.92000000,639.00000000,22.64000000
1780220700000,2026-05-31T09:45:00+00:00,639.00000000,639.42000000,638.57000000,639.26000000,17.57000000
1780221600000,2026-05-31T10:00:00+00:00,639.25000000,639.93000000,638.26000000,639.57000000,86.42000000
1780222500000,2026-05-31T10:15:00+00:00,639.68000000,639.68000000,638.91000000,639.61000000,18.52000000
1780223400000,2026-05-31T10:30:00+00:00,639.61000000,639.61000000,639.37000000,639.53000000,8.06000000
1780224300000,2026-05-31T10:45:00+00:00,639.60000000,640.00000000,639.56000000,639.87000000,19.23000000
1780225200000,2026-05-31T11:00:00+00:00,639.95000000,639.97000000,639.47000000,639.51000000,4.01000000
1780226100000,2026-05-31T11:15:00+00:00,639.51000000,639.51000000,638.76000000,639.01000000,15.36000000
1780227000000,2026-05-31T11:30:00+00:00,638.96000000,639.31000000,638.65000000,638.71000000,16.25000000
1780227900000,2026-05-31T11:45:00+00:00,638.71000000,638.81000000,638.50000000,638.57000000,8.73000000
1780228800000,2026-05-31T12:00:00+00:00,638.56000000,639.07000000,638.54000000,639.07000000,14.05000000
1780229700000,2026-05-31T12:15:00+00:00,639.06000000,639.24000000,638.99000000,638.99000000,8.87000000
1780230600000,2026-05-31T12:30:00+00:00,638.99000000,639.72000000,638.99000000,639.69000000,10.33000000
1780231500000,2026-05-31T12:45:00+00:00,639.71000000,639.71000000,639.14000000,639.40000000,13.83000000
1780232400000,2026-05-31T13:00:00+00:00,639.39000000,639.54000000,638.87000000,639.29000000,19.82000000
1780233300000,2026-05-31T13:15:00+00:00,639.30000000,639.97000000,639.20000000,639.56000000,23.23000000
1780234200000,2026-05-31T13:30:00+00:00,639.53000000,639.92000000,638.26000000,638.49000000,43.91000000
1780235100000,2026-05-31T13:45:00+00:00,638.49000000,639.09000000,637.34000000,637.34000000,66.34000000
1780236000000,2026-05-31T14:00:00+00:00,637.35000000,637.49000000,636.93000000,636.93000000,26.89000000
1780236900000,2026-05-31T14:15:00+00:00,636.91000000,637.34000000,635.82000000,637.13000000,49.95000000
1780237800000,2026-05-31T14:30:00+00:00,637.03000000,637.98000000,636.56000000,637.97000000,24.02000000
1780238700000,2026-05-31T14:45:00+00:00,637.92000000,639.28000000,637.92000000,639.07000000,25.11000000
1780239600000,2026-05-31T15:00:00+00:00,639.04000000,639.73000000,638.34000000,639.32000000,61.10000000
1780240500000,2026-05-31T15:15:00+00:00,639.32000000,639.78000000,639.05000000,639.12000000,22.34000000
1780241400000,2026-05-31T15:30:00+00:00,639.07000000,639.54000000,638.33000000,638.42000000,36.22000000
1780242300000,2026-05-31T15:45:00+00:00,638.42000000,638.42000000,637.54000000,637.57000000,23.67000000
1780243200000,2026-05-31T16:00:00+00:00,637.57000000,638.22000000,637.56000000,637.84000000,46.38000000
1780244100000,2026-05-31T16:15:00+00:00,637.82000000,638.10000000,637.51000000,638.09000000,11.25000000
1780245000000,2026-05-31T16:30:00+00:00,638.10000000,638.70000000,637.96000000,638.70000000,17.71000000
1780245900000,2026-05-31T16:45:00+00:00,638.70000000,638.70000000,638.23000000,638.41000000,5.34000000
1780246800000,2026-05-31T17:00:00+00:00,638.40000000,638.70000000,636.05000000,636.20000000,59.56000000
1780247700000,2026-05-31T17:15:00+00:00,636.32000000,637.79000000,636.13000000,637.59000000,40.04000000
1780248600000,2026-05-31T17:30:00+00:00,637.56000000,637.99000000,637.40000000,637.69000000,21.31000000
1780249500000,2026-05-31T17:45:00+00:00,637.69000000,637.69000000,636.65000000,637.24000000,11.33000000
1780250400000,2026-05-31T18:00:00+00:00,637.23000000,638.27000000,636.56000000,638.25000000,138.94000000
1780251300000,2026-05-31T18:15:00+00:00,638.16000000,638.61000000,637.88000000,638.46000000,8.75000000
1780252200000,2026-05-31T18:30:00+00:00,638.47000000,638.47000000,638.06000000,638.38000000,9.82000000
1780253100000,2026-05-31T18:45:00+00:00,638.39000000,638.45000000,638.34000000,638.45000000,1.91000000
1780254000000,2026-05-31T19:00:00+00:00,638.45000000,638.55000000,637.51000000,638.28000000,14.25000000
1780254900000,2026-05-31T19:15:00+00:00,638.29000000,638.69000000,638.01000000,638.01000000,9.35000000
1780255800000,2026-05-31T19:30:00+00:00,637.96000000,638.46000000,637.62000000,637.62000000,10.17000000
1780256700000,2026-05-31T19:45:00+00:00,637.77000000,638.05000000,637.71000000,637.81000000,5.89000000
1780257600000,2026-05-31T20:00:00+00:00,637.91000000,638.51000000,637.33000000,637.44000000,17.03000000
1780258500000,2026-05-31T20:15:00+00:00,637.44000000,637.86000000,637.17000000,637.17000000,15.38000000
1780259400000,2026-05-31T20:30:00+00:00,637.17000000,637.80000000,637.09000000,637.35000000,16.58000000
1780260300000,2026-05-31T20:45:00+00:00,637.35000000,638.31000000,637.25000000,638.31000000,10.59000000
1780261200000,2026-05-31T21:00:00+00:00,638.24000000,638.36000000,637.17000000,637.93000000,11.15000000
1780262100000,2026-05-31T21:15:00+00:00,637.95000000,638.00000000,637.31000000,637.70000000,7.63000000
1780263000000,2026-05-31T21:30:00+00:00,637.65000000,637.74000000,636.51000000,636.69000000,13.58000000
1780263900000,2026-05-31T21:45:00+00:00,636.89000000,637.25000000,636.66000000,637.15000000,14.97000000
1780264800000,2026-05-31T22:00:00+00:00,637.02000000,637.02000000,635.83000000,636.58000000,21.04000000
1780265700000,2026-05-31T22:15:00+00:00,636.59000000,636.66000000,636.20000000,636.20000000,21.36000000
1780266600000,2026-05-31T22:30:00+00:00,636.17000000,636.47000000,636.04000000,636.19000000,10.17000000
1780267500000,2026-05-31T22:45:00+00:00,636.34000000,636.49000000,636.12000000,636.12000000,9.67000000
1780268400000,2026-05-31T23:00:00+00:00,636.07000000,636.47000000,636.05000000,636.37000000,13.40000000
1780269300000,2026-05-31T23:15:00+00:00,636.32000000,636.39000000,635.73000000,636.28000000,48.12000000
1780270200000,2026-05-31T23:30:00+00:00,636.25000000,636.40000000,635.81000000,635.96000000,16.81000000
1780271100000,2026-05-31T23:45:00+00:00,635.98000000,636.62000000,635.98000000,636.41000000,12.26000000
1780272000000,2026-06-01T00:00:00+00:00,636.41000000,636.41000000,633.20000000,634.01000000,215.46000000
1780272900000,2026-06-01T00:15:00+00:00,634.09000000,635.14000000,633.75000000,635.12000000,19.95000000
1780273800000,2026-06-01T00:30:00+00:00,635.12000000,635.36000000,634.69000000,635.36000000,49.55000000
1780274700000,2026-06-01T00:45:00+00:00,635.30000000,636.05000000,635.21000000,636.03000000,39.85000000
1780275600000,2026-06-01T01:00:00+00:00,636.05000000,637.24000000,636.04000000,636.94000000,328.54000000
1780276500000,2026-06-01T01:15:00+00:00,636.94000000,638.02000000,636.11000000,637.46000000,237.71000000
1780277400000,2026-06-01T01:30:00+00:00,637.45000000,637.64000000,637.29000000,637.43000000,49.46000000
1780278300000,2026-06-01T01:45:00+00:00,637.52000000,638.15000000,637.43000000,637.53000000,27.85000000
1780279200000,2026-06-01T02:00:00+00:00,637.55000000,637.79000000,637.35000000,637.53000000,33.64000000
1780280100000,2026-06-01T02:15:00+00:00,637.57000000,637.58000000,637.26000000,637.40000000,84.09000000
1780281000000,2026-06-01T02:30:00+00:00,637.38000000,637.38000000,636.35000000,636.55000000,43.96000000
1780281900000,2026-06-01T02:45:00+00:00,636.50000000,637.00000000,636.14000000,636.37000000,34.78000000
1780282800000,2026-06-01T03:00:00+00:00,636.50000000,636.84000000,635.96000000,636.30000000,41.71000000
1780283700000,2026-06-01T03:15:00+00:00,636.30000000,636.37000000,635.56000000,636.24000000,22.93000000
1780284600000,2026-06-01T03:30:00+00:00,636.24000000,636.34000000,635.35000000,635.42000000,5.28000000
1780285500000,2026-06-01T03:45:00+00:00,635.34000000,635.70000000,635.28000000,635.56000000,4.17000000
1780286400000,2026-06-01T04:00:00+00:00,635.55000000,635.68000000,635.27000000,635.55000000,18.86000000
1780287300000,2026-06-01T04:15:00+00:00,635.50000000,635.75000000,635.36000000,635.74000000,8.72000000
1780288200000,2026-06-01T04:30:00+00:00,635.78000000,635.94000000,635.44000000,635.83000000,5.89000000
1780289100000,2026-06-01T04:45:00+00:00,635.95000000,636.00000000,635.70000000,635.70000000,11.11000000
1780290000000,2026-06-01T05:00:00+00:00,635.89000000,635.89000000,635.61000000,635.85000000,7.63000000
1780290900000,2026-06-01T05:15:00+00:00,635.84000000,636.00000000,635.59000000,635.59000000,20.19000000
1780291800000,2026-06-01T05:30:00+00:00,635.73000000,635.73000000,635.21000000,635.49000000,20.58000000
1780292700000,2026-06-01T05:45:00+00:00,635.49000000,635.89000000,635.48000000,635.59000000,5.16000000
1780293600000,2026-06-01T06:00:00+00:00,635.58000000,635.86000000,635.36000000,635.63000000,14.15000000
1780294500000,2026-06-01T06:15:00+00:00,635.61000000,635.65000000,635.22000000,635.38000000,6.46000000
1780295400000,2026-06-01T06:30:00+00:00,635.23000000,635.51000000,634.01000000,635.01000000,63.17000000
1780296300000,2026-06-01T06:45:00+00:00,635.01000000,635.28000000,634.91000000,635.16000000,7.98000000
1780297200000,2026-06-01T07:00:00+00:00,635.20000000,635.27000000,634.92000000,635.18000000,5.34000000
1780298100000,2026-06-01T07:15:00+00:00,635.07000000,635.07000000,634.38000000,634.38000000,31.50000000
1780299000000,2026-06-01T07:30:00+00:00,634.58000000,634.67000000,633.82000000,634.46000000,13.60000000
1780299900000,2026-06-01T07:45:00+00:00,634.49000000,634.59000000,633.47000000,633.58000000,145.46000000
1780300800000,2026-06-01T08:00:00+00:00,633.49000000,634.41000000,632.44000000,634.03000000,277.28000000
1780301700000,2026-06-01T08:15:00+00:00,633.95000000,634.05000000,633.22000000,633.53000000,110.21000000
1780302600000,2026-06-01T08:30:00+00:00,633.42000000,634.14000000,632.82000000,633.27000000,121.10000000
1780303500000,2026-06-01T08:45:00+00:00,633.27000000,634.00000000,632.50000000,633.25000000,100.02000000
1780304400000,2026-06-01T09:00:00+00:00,633.17000000,633.49000000,632.49000000,632.51000000,36.61000000
1780305300000,2026-06-01T09:15:00+00:00,632.55000000,632.64000000,631.94000000,632.34000000,61.89000000
1780306200000,2026-06-01T09:30:00+00:00,632.34000000,632.38000000,632.18000000,632.33000000,8.48000000
1780307100000,2026-06-01T09:45:00+00:00,632.34000000,632.58000000,631.91000000,632.51000000,74.31000000
1780308000000,2026-06-01T10:00:00+00:00,632.38000000,632.71000000,632.04000000,632.39000000,18.51000000
1780308900000,2026-06-01T10:15:00+00:00,632.39000000,632.95000000,632.39000000,632.88000000,49.11000000
1780309800000,2026-06-01T10:30:00+00:00,632.82000000,632.92000000,632.44000000,632.48000000,14.50000000
1780310700000,2026-06-01T10:45:00+00:00,632.45000000,632.68000000,632.23000000,632.68000000,4.94000000
1780311600000,2026-06-01T11:00:00+00:00,632.60000000,635.47000000,632.60000000,635.00000000,70.61000000
1780312500000,2026-06-01T11:15:00+00:00,634.96000000,635.27000000,634.52000000,635.21000000,14.19000000
1780313400000,2026-06-01T11:30:00+00:00,635.21000000,638.25000000,635.21000000,637.65000000,380.21000000
1780314300000,2026-06-01T11:45:00+00:00,637.80000000,637.84000000,636.93000000,637.58000000,211.48000000
1780315200000,2026-06-01T12:00:00+00:00,637.36000000,637.87000000,635.89000000,635.98000000,101.77000000
1780316100000,2026-06-01T12:15:00+00:00,636.11000000,636.18000000,634.67000000,635.03000000,144.30000000
1780317000000,2026-06-01T12:30:00+00:00,635.09000000,635.91000000,634.71000000,635.52000000,58.80000000
1780317900000,2026-06-01T12:45:00+00:00,635.60000000,635.86000000,634.78000000,634.89000000,8.83000000
1780318800000,2026-06-01T13:00:00+00:00,635.04000000,635.74000000,632.84000000,633.87000000,140.26000000
1780319700000,2026-06-01T13:15:00+00:00,633.90000000,634.61000000,627.77000000,629.96000000,753.12000000
1780320600000,2026-06-01T13:30:00+00:00,629.97000000,635.79000000,617.56000000,618.85000000,7222.35000000
1780321500000,2026-06-01T13:45:00+00:00,618.86000000,625.30000000,615.15000000,616.64000000,3559.80000000
1780322400000,2026-06-01T14:00:00+00:00,616.68000000,618.39000000,614.02000000,614.54000000,2261.34000000
1780323300000,2026-06-01T14:15:00+00:00,614.51000000,617.03000000,610.35000000,610.42000000,1120.03000000
1780324200000,2026-06-01T14:30:00+00:00,610.49000000,612.70000000,609.43000000,612.36000000,1353.56000000
1780325100000,2026-06-01T14:45:00+00:00,612.42000000,616.55000000,612.16000000,615.62000000,1076.46000000
1780326000000,2026-06-01T15:00:00+00:00,615.59000000,615.70000000,611.69000000,613.60000000,697.52000000
1780326900000,2026-06-01T15:15:00+00:00,613.60000000,614.15000000,612.83000000,613.95000000,333.51000000
1780327800000,2026-06-01T15:30:00+00:00,614.00000000,616.16000000,612.98000000,614.95000000,1743.56000000
1780328700000,2026-06-01T15:45:00+00:00,615.00000000,617.39000000,614.90000000,616.65000000,1391.50000000
1780329600000,2026-06-01T16:00:00+00:00,616.75000000,617.50000000,613.04000000,613.45000000,508.86000000
1780330500000,2026-06-01T16:15:00+00:00,613.40000000,613.44000000,611.21000000,612.73000000,1906.45000000
1780331400000,2026-06-01T16:30:00+00:00,612.71000000,613.08000000,611.61000000,611.92000000,537.00000000
1780332300000,2026-06-01T16:45:00+00:00,611.90000000,612.96000000,611.68000000,612.08000000,235.22000000
1780333200000,2026-06-01T17:00:00+00:00,612.05000000,612.79000000,610.30000000,611.20000000,331.95000000
1780334100000,2026-06-01T17:15:00+00:00,611.20000000,611.20000000,608.28000000,610.90000000,571.85000000
1780335000000,2026-06-01T17:30:00+00:00,610.96000000,612.45000000,606.93000000,610.35000000,1018.71000000
1780335900000,2026-06-01T17:45:00+00:00,610.35000000,611.04000000,607.08000000,608.30000000,613.14000000
1780336800000,2026-06-01T18:00:00+00:00,608.28000000,610.00000000,607.80000000,609.68000000,590.59000000
1780337700000,2026-06-01T18:15:00+00:00,609.60000000,609.68000000,608.14000000,608.36000000,266.44000000
1780338600000,2026-06-01T18:30:00+00:00,608.40000000,608.71000000,606.52000000,606.82000000,307.52000000
1780339500000,2026-06-01T18:45:00+00:00,606.71000000,607.93000000,606.00000000,606.28000000,290.24000000
1780340400000,2026-06-01T19:00:00+00:00,606.24000000,609.18000000,605.91000000,607.31000000,596.68000000
1780341300000,2026-06-01T19:15:00+00:00,607.32000000,607.35000000,605.67000000,606.36000000,229.62000000
1780342200000,2026-06-01T19:30:00+00:00,606.27000000,606.63000000,603.19000000,604.87000000,522.18000000
1780343100000,2026-06-01T19:45:00+00:00,604.82000000,605.67000000,600.23000000,601.14000000,1098.35000000
1780344000000,2026-06-01T20:00:00+00:00,601.05000000,601.90000000,600.34000000,601.74000000,186.03000000
1780344900000,2026-06-01T20:15:00+00:00,601.65000000,601.77000000,601.30000000,601.35000000,37.74000000
1780345800000,2026-06-01T20:30:00+00:00,601.34000000,601.63000000,600.54000000,601.35000000,63.38000000
1780346700000,2026-06-01T20:45:00+00:00,601.30000000,601.47000000,597.46000000,599.44000000,613.49000000
1780347600000,2026-06-01T21:00:00+00:00,599.27000000,599.63000000,598.03000000,599.63000000,175.59000000
1780348500000,2026-06-01T21:15:00+00:00,599.65000000,600.19000000,599.06000000,599.90000000,138.92000000
1780349400000,2026-06-01T21:30:00+00:00,599.75000000,600.87000000,599.38000000,600.61000000,92.79000000
1780350300000,2026-06-01T21:45:00+00:00,600.75000000,601.56000000,600.31000000,600.86000000,66.65000000
1780351200000,2026-06-01T22:00:00+00:00,601.04000000,601.16000000,598.60000000,599.55000000,88.94000000
1780352100000,2026-06-01T22:15:00+00:00,599.60000000,599.60000000,598.63000000,598.76000000,28.61000000
1780353000000,2026-06-01T22:30:00+00:00,598.72000000,599.49000000,598.45000000,599.22000000,52.95000000
1780353900000,2026-06-01T22:45:00+00:00,599.29000000,599.85000000,599.23000000,599.83000000,30.84000000
1780354800000,2026-06-01T23:00:00+00:00,599.80000000,600.54000000,599.79000000,600.32000000,44.35000000
1780355700000,2026-06-01T23:15:00+00:00,600.35000000,600.81000000,600.35000000,600.76000000,9.15000000
1780356600000,2026-06-01T23:30:00+00:00,600.72000000,601.60000000,600.48000000,601.24000000,84.43000000
1780357500000,2026-06-01T23:45:00+00:00,601.28000000,601.63000000,600.89000000,601.49000000,45.68000000
1780358400000,2026-06-02T00:00:00+00:00,601.61000000,601.63000000,600.40000000,600.48000000,85.58000000
1780359300000,2026-06-02T00:15:00+00:00,600.59000000,600.88000000,600.20000000,600.83000000,33.01000000
1780360200000,2026-06-02T00:30:00+00:00,600.82000000,601.57000000,600.82000000,601.02000000,36.07000000
1780361100000,2026-06-02T00:45:00+00:00,600.96000000,601.13000000,600.46000000,600.65000000,36.62000000
1780362000000,2026-06-02T01:00:00+00:00,600.65000000,602.24000000,600.65000000,602.02000000,69.76000000
1780362900000,2026-06-02T01:15:00+00:00,602.11000000,602.19000000,601.32000000,601.63000000,68.69000000
1780363800000,2026-06-02T01:30:00+00:00,601.75000000,602.20000000,601.62000000,601.92000000,25.51000000
1780364700000,2026-06-02T01:45:00+00:00,601.93000000,601.93000000,600.84000000,601.07000000,46.63000000
1780365600000,2026-06-02T02:00:00+00:00,601.19000000,601.40000000,600.29000000,600.84000000,135.31000000
1780366500000,2026-06-02T02:15:00+00:00,600.83000000,602.25000000,600.73000000,601.89000000,35.89000000
1780367400000,2026-06-02T02:30:00+00:00,601.81000000,602.10000000,601.53000000,601.74000000,47.53000000
1780368300000,2026-06-02T02:45:00+00:00,601.79000000,601.90000000,601.47000000,601.87000000,24.72000000
1780369200000,2026-06-02T03:00:00+00:00,601.78000000,602.12000000,601.51000000,601.63000000,28.76000000
1780370100000,2026-06-02T03:15:00+00:00,601.71000000,601.86000000,601.33000000,601.73000000,17.28000000
1780371000000,2026-06-02T03:30:00+00:00,601.67000000,602.33000000,601.43000000,602.28000000,58.23000000
1780371900000,2026-06-02T03:45:00+00:00,602.33000000,602.90000000,602.23000000,602.77000000,51.62000000
1780372800000,2026-06-02T04:00:00+00:00,602.77000000,603.11000000,602.56000000,602.72000000,28.74000000
1780373700000,2026-06-02T04:15:00+00:00,602.69000000,602.87000000,601.99000000,602.40000000,94.34000000
1780374600000,2026-06-02T04:30:00+00:00,602.43000000,602.43000000,601.76000000,602.40000000,254.57000000
1780375500000,2026-06-02T04:45:00+00:00,602.39000000,602.83000000,601.88000000,602.60000000,734.81000000
1780376400000,2026-06-02T05:00:00+00:00,602.62000000,602.73000000,601.90000000,602.39000000,162.53000000
1780377300000,2026-06-02T05:15:00+00:00,602.40000000,602.82000000,602.07000000,602.34000000,63.58000000
1780378200000,2026-06-02T05:30:00+00:00,602.35000000,602.82000000,602.31000000,602.35000000,24.98000000
1780379100000,2026-06-02T05:45:00+00:00,602.35000000,602.39000000,601.77000000,602.39000000,32.84000000
1780380000000,2026-06-02T06:00:00+00:00,602.39000000,602.70000000,601.93000000,602.24000000,103.88000000
1780380900000,2026-06-02T06:15:00+00:00,602.27000000,602.47000000,601.94000000,602.21000000,58.74000000
1780381800000,2026-06-02T06:30:00+00:00,602.25000000,602.63000000,601.70000000,602.02000000,73.16000000
1780382700000,2026-06-02T06:45:00+00:00,601.98000000,603.00000000,601.94000000,602.89000000,56.51000000
1780383600000,2026-06-02T07:00:00+00:00,602.90000000,603.86000000,602.89000000,603.85000000,72.06000000
1780384500000,2026-06-02T07:15:00+00:00,603.85000000,605.19000000,603.76000000,604.82000000,198.32000000
1780385400000,2026-06-02T07:30:00+00:00,604.83000000,604.85000000,603.50000000,604.70000000,145.38000000
1780386300000,2026-06-02T07:45:00+00:00,604.75000000,605.30000000,604.55000000,604.73000000,50.55000000
1780387200000,2026-06-02T08:00:00+00:00,604.74000000,606.29000000,604.39000000,605.16000000,392.12000000
1780388100000,2026-06-02T08:15:00+00:00,605.18000000,605.53000000,604.30000000,604.41000000,125.79000000
1780389000000,2026-06-02T08:30:00+00:00,604.51000000,608.34000000,604.25000000,605.88000000,390.08000000
1780389900000,2026-06-02T08:45:00+00:00,605.85000000,607.19000000,604.73000000,606.77000000,162.33000000
1780390800000,2026-06-02T09:00:00+00:00,606.85000000,607.06000000,605.99000000,606.70000000,218.01000000
1780391700000,2026-06-02T09:15:00+00:00,606.70000000,607.96000000,606.62000000,607.34000000,141.37000000
1780392600000,2026-06-02T09:30:00+00:00,607.36000000,608.28000000,606.29000000,608.27000000,137.56000000
1780393500000,2026-06-02T09:45:00+00:00,608.25000000,608.25000000,606.70000000,606.70000000,82.67000000
1780394400000,2026-06-02T10:00:00+00:00,606.66000000,607.35000000,606.25000000,606.90000000,97.73000000
1780395300000,2026-06-02T10:15:00+00:00,606.90000000,607.03000000,605.76000000,605.78000000,91.21000000
1780396200000,2026-06-02T10:30:00+00:00,605.93000000,606.41000000,604.98000000,605.86000000,58.84000000
1780397100000,2026-06-02T10:45:00+00:00,605.93000000,606.84000000,605.44000000,605.60000000,96.10000000
1780398000000,2026-06-02T11:00:00+00:00,605.56000000,607.30000000,602.82000000,604.20000000,536.19000000
1780398900000,2026-06-02T11:15:00+00:00,604.17000000,604.59000000,603.45000000,604.42000000,96.02000000
1780399800000,2026-06-02T11:30:00+00:00,604.42000000,605.21000000,604.30000000,604.77000000,58.45000000
1780400700000,2026-06-02T11:45:00+00:00,604.85000000,605.57000000,604.49000000,604.74000000,111.28000000
1780401600000,2026-06-02T12:00:00+00:00,604.70000000,605.98000000,604.70000000,604.98000000,107.34000000
1780402500000,2026-06-02T12:15:00+00:00,604.95000000,605.34000000,604.35000000,604.94000000,93.01000000
1780403400000,2026-06-02T12:30:00+00:00,604.95000000,605.12000000,604.21000000,604.44000000,119.31000000
1780404300000,2026-06-02T12:45:00+00:00,604.50000000,604.78000000,602.10000000,602.30000000,209.47000000
1780405200000,2026-06-02T13:00:00+00:00,602.35000000,602.43000000,601.05000000,601.98000000,107.76000000
1780406100000,2026-06-02T13:15:00+00:00,602.09000000,605.41000000,601.97000000,603.71000000,756.12000000
1780407000000,2026-06-02T13:30:00+00:00,603.56000000,604.70000000,597.05000000,599.65000000,5566.49000000
1780407900000,2026-06-02T13:45:00+00:00,599.70000000,606.29000000,599.17000000,605.57000000,2259.29000000
1780408800000,2026-06-02T14:00:00+00:00,605.60000000,606.16000000,601.09000000,601.21000000,1505.41000000
1780409700000,2026-06-02T14:15:00+00:00,601.14000000,604.93000000,600.90000000,603.66000000,834.43000000
1780410600000,2026-06-02T14:30:00+00:00,603.68000000,605.35000000,603.35000000,604.17000000,406.08000000
1780411500000,2026-06-02T14:45:00+00:00,604.11000000,607.74000000,603.95000000,606.85000000,719.27000000
1780412400000,2026-06-02T15:00:00+00:00,606.79000000,609.44000000,606.40000000,608.05000000,702.62000000
1780413300000,2026-06-02T15:15:00+00:00,608.01000000,609.29000000,607.31000000,607.94000000,717.49000000
1780414200000,2026-06-02T15:30:00+00:00,607.90000000,608.80000000,607.04000000,607.90000000,380.63000000
1780415100000,2026-06-02T15:45:00+00:00,607.98000000,608.33000000,607.35000000,607.66000000,205.20000000
1780416000000,2026-06-02T16:00:00+00:00,607.70000000,608.45000000,606.06000000,608.17000000,374.16000000
1780416900000,2026-06-02T16:15:00+00:00,608.09000000,608.48000000,607.25000000,608.01000000,309.62000000
1780417800000,2026-06-02T16:30:00+00:00,608.05000000,609.03000000,607.89000000,608.04000000,137.46000000
1780418700000,2026-06-02T16:45:00+00:00,608.03000000,608.60000000,607.68000000,607.86000000,163.99000000
1780419600000,2026-06-02T17:00:00+00:00,607.85000000,607.85000000,606.31000000,607.12000000,207.09000000
1780420500000,2026-06-02T17:15:00+00:00,607.09000000,608.47000000,606.46000000,606.83000000,436.81000000
1780421400000,2026-06-02T17:30:00+00:00,606.77000000,606.77000000,605.08000000,605.88000000,183.99000000
1780422300000,2026-06-02T17:45:00+00:00,605.91000000,606.83000000,605.91000000,606.18000000,304.75000000
1780423200000,2026-06-02T18:00:00+00:00,606.16000000,606.44000000,605.50000000,605.83000000,196.86000000
1780424100000,2026-06-02T18:15:00+00:00,605.84000000,606.50000000,605.40000000,605.40000000,270.57000000
1780425000000,2026-06-02T18:30:00+00:00,605.39000000,605.51000000,603.21000000,603.65000000,517.15000000
1780425900000,2026-06-02T18:45:00+00:00,603.54000000,603.80000000,601.92000000,602.37000000,206.14000000
1780426800000,2026-06-02T19:00:00+00:00,602.41000000,602.50000000,601.07000000,601.09000000,73.89000000
1780427700000,2026-06-02T19:15:00+00:00,601.09000000,601.47000000,600.67000000,601.05000000,160.88000000
1780428600000,2026-06-02T19:30:00+00:00,601.04000000,601.08000000,600.26000000,600.59000000,136.81000000
1780429500000,2026-06-02T19:45:00+00:00,600.59000000,600.98000000,597.58000000,598.17000000,611.95000000
1780430400000,2026-06-02T20:00:00+00:00,598.20000000,602.56000000,598.08000000,600.92000000,883.29000000
1780431300000,2026-06-02T20:15:00+00:00,600.84000000,601.98000000,600.61000000,601.59000000,438.32000000
1780432200000,2026-06-02T20:30:00+00:00,601.51000000,602.32000000,601.35000000,601.95000000,49.51000000
1780433100000,2026-06-02T20:45:00+00:00,601.84000000,602.08000000,601.44000000,601.96000000,46.99000000
1780434000000,2026-06-02T21:00:00+00:00,601.97000000,602.16000000,601.44000000,601.44000000,22.03000000
1780434900000,2026-06-02T21:15:00+00:00,601.55000000,601.60000000,601.07000000,601.24000000,108.26000000
1780435800000,2026-06-02T21:30:00+00:00,601.55000000,601.84000000,601.17000000,601.60000000,16.98000000
1780436700000,2026-06-02T21:45:00+00:00,601.45000000,601.90000000,601.39000000,601.64000000,17.42000000
1780437600000,2026-06-02T22:00:00+00:00,601.56000000,601.68000000,601.14000000,601.33000000,92.25000000
1780438500000,2026-06-02T22:15:00+00:00,601.31000000,601.92000000,601.21000000,601.78000000,80.77000000
1780439400000,2026-06-02T22:30:00+00:00,601.68000000,601.84000000,601.37000000,601.46000000,53.29000000
1780440300000,2026-06-02T22:45:00+00:00,601.45000000,601.79000000,601.01000000,601.13000000,110.61000000
1780441200000,2026-06-02T23:00:00+00:00,601.19000000,601.41000000,599.88000000,599.88000000,113.33000000
1780442100000,2026-06-02T23:15:00+00:00,599.86000000,599.90000000,598.35000000,598.68000000,146.25000000
1780443000000,2026-06-02T23:30:00+00:00,598.76000000,600.71000000,598.67000000,600.71000000,120.92000000
1780443900000,2026-06-02T23:45:00+00:00,600.71000000,600.74000000,600.16000000,600.30000000,60.83000000
1780444800000,2026-06-03T00:00:00+00:00,600.38000000,600.70000000,599.39000000,600.05000000,202.45000000
1780445700000,2026-06-03T00:15:00+00:00,599.99000000,600.78000000,599.99000000,600.60000000,57.00000000
1780446600000,2026-06-03T00:30:00+00:00,600.65000000,601.16000000,600.65000000,600.91000000,54.55000000
1780447500000,2026-06-03T00:45:00+00:00,600.92000000,601.41000000,600.82000000,601.33000000,25.55000000
1780448400000,2026-06-03T01:00:00+00:00,601.28000000,601.42000000,600.40000000,600.60000000,58.24000000
1780449300000,2026-06-03T01:15:00+00:00,600.41000000,600.58000000,600.17000000,600.39000000,20.12000000
1780450200000,2026-06-03T01:30:00+00:00,600.33000000,600.90000000,600.30000000,600.62000000,59.58000000
1780451100000,2026-06-03T01:45:00+00:00,600.63000000,600.94000000,600.57000000,600.73000000,16.28000000
1780452000000,2026-06-03T02:00:00+00:00,600.73000000,601.52000000,600.64000000,600.95000000,68.96000000
1780452900000,2026-06-03T02:15:00+00:00,601.05000000,601.70000000,600.96000000,601.25000000,96.14000000
1780453800000,2026-06-03T02:30:00+00:00,601.24000000,601.66000000,601.00000000,601.17000000,34.53000000
1780454700000,2026-06-03T02:45:00+00:00,601.16000000,601.70000000,600.58000000,601.67000000,73.85000000
1780455600000,2026-06-03T03:00:00+00:00,601.62000000,601.67000000,601.07000000,601.49000000,48.36000000
1780456500000,2026-06-03T03:15:00+00:00,601.50000000,602.61000000,601.50000000,602.01000000,33.08000000
1780457400000,2026-06-03T03:30:00+00:00,601.92000000,602.43000000,601.48000000,601.61000000,43.07000000
1780458300000,2026-06-03T03:45:00+00:00,601.61000000,601.92000000,601.10000000,601.88000000,62.16000000
1780459200000,2026-06-03T04:00:00+00:00,601.81000000,602.18000000,601.66000000,602.10000000,37.23000000
1780460100000,2026-06-03T04:15:00+00:00,602.08000000,602.42000000,601.83000000,602.26000000,105.93000000
1780461000000,2026-06-03T04:30:00+00:00,602.26000000,602.44000000,602.09000000,602.23000000,14.52000000
1780461900000,2026-06-03T04:45:00+00:00,602.12000000,602.22000000,600.89000000,601.11000000,101.16000000
1780462800000,2026-06-03T05:00:00+00:00,601.20000000,601.69000000,600.69000000,601.48000000,129.41000000
1780463700000,2026-06-03T05:15:00+00:00,601.48000000,601.74000000,601.21000000,601.74000000,51.11000000
1780464600000,2026-06-03T05:30:00+00:00,601.75000000,601.75000000,601.27000000,601.52000000,7.78000000
1780465500000,2026-06-03T05:45:00+00:00,601.37000000,601.37000000,600.45000000,601.02000000,23.72000000
1780466400000,2026-06-03T06:00:00+00:00,601.05000000,601.34000000,599.04000000,599.56000000,360.83000000
1780467300000,2026-06-03T06:15:00+00:00,599.37000000,600.67000000,598.21000000,600.61000000,261.44000000
1780468200000,2026-06-03T06:30:00+00:00,600.58000000,601.25000000,599.78000000,599.98000000,158.23000000
1780469100000,2026-06-03T06:45:00+00:00,600.10000000,600.29000000,599.76000000,600.17000000,56.69000000
1780470000000,2026-06-03T07:00:00+00:00,600.29000000,601.22000000,600.14000000,601.19000000,27.73000000
1780470900000,2026-06-03T07:15:00+00:00,601.19000000,601.25000000,600.31000000,600.31000000,21.56000000
1780471800000,2026-06-03T07:30:00+00:00,600.25000000,600.54000000,600.17000000,600.27000000,42.53000000
1780472700000,2026-06-03T07:45:00+00:00,600.35000000,601.11000000,600.27000000,600.84000000,44.14000000
1780473600000,2026-06-03T08:00:00+00:00,601.03000000,601.44000000,600.37000000,601.30000000,122.79000000
1780474500000,2026-06-03T08:15:00+00:00,601.14000000,601.69000000,600.53000000,601.04000000,47.64000000
1780475400000,2026-06-03T08:30:00+00:00,600.97000000,601.06000000,600.31000000,600.97000000,76.85000000
1780476300000,2026-06-03T08:45:00+00:00,601.02000000,601.26000000,600.87000000,600.99000000,24.86000000
1780477200000,2026-06-03T09:00:00+00:00,600.96000000,601.61000000,600.78000000,601.28000000,36.33000000
1780478100000,2026-06-03T09:15:00+00:00,601.51000000,601.75000000,601.08000000,601.38000000,33.02000000
1780479000000,2026-06-03T09:30:00+00:00,601.31000000,601.31000000,598.98000000,599.12000000,229.82000000
1780479900000,2026-06-03T09:45:00+00:00,599.10000000,599.82000000,598.43000000,598.44000000,155.08000000
1780480800000,2026-06-03T10:00:00+00:00,598.42000000,600.18000000,597.84000000,599.70000000,313.93000000
1780481700000,2026-06-03T10:15:00+00:00,599.67000000,600.07000000,599.41000000,599.95000000,28.46000000
1780482600000,2026-06-03T10:30:00+00:00,599.86000000,601.56000000,599.83000000,600.25000000,132.19000000
1780483500000,2026-06-03T10:45:00+00:00,600.30000000,600.39000000,599.95000000,600.15000000,18.04000000
1780484400000,2026-06-03T11:00:00+00:00,600.20000000,601.05000000,600.20000000,600.38000000,176.52000000
1780485300000,2026-06-03T11:15:00+00:00,600.54000000,601.64000000,600.39000000,601.52000000,38.58000000
1780486200000,2026-06-03T11:30:00+00:00,601.61000000,603.55000000,601.52000000,602.90000000,268.70000000
1780487100000,2026-06-03T11:45:00+00:00,602.87000000,604.05000000,602.50000000,603.10000000,140.41000000
1780488000000,2026-06-03T12:00:00+00:00,602.85000000,603.30000000,602.48000000,602.70000000,262.29000000
1780488900000,2026-06-03T12:15:00+00:00,602.69000000,603.12000000,601.80000000,602.40000000,178.29000000
1780489800000,2026-06-03T12:30:00+00:00,602.35000000,602.35000000,600.62000000,601.46000000,138.51000000
1780490700000,2026-06-03T12:45:00+00:00,601.55000000,602.51000000,601.49000000,602.18000000,219.38000000
1780491600000,2026-06-03T13:00:00+00:00,602.09000000,603.49000000,601.81000000,603.41000000,113.11000000
1780492500000,2026-06-03T13:15:00+00:00,603.45000000,604.18000000,602.95000000,603.64000000,174.99000000
1780493400000,2026-06-03T13:30:00+00:00,603.70000000,614.72000000,601.27000000,610.12000000,6915.17000000
1780494300000,2026-06-03T13:45:00+00:00,609.82000000,613.54000000,607.35000000,612.30000000,3736.37000000
1780495200000,2026-06-03T14:00:00+00:00,612.36000000,619.81000000,610.13000000,617.05000000,4704.50000000
1780496100000,2026-06-03T14:15:00+00:00,617.11000000,619.45000000,615.68000000,617.08000000,3216.38000000
1780497000000,2026-06-03T14:30:00+00:00,617.14000000,620.08000000,614.55000000,619.27000000,2229.64000000
1780497900000,2026-06-03T14:45:00+00:00,619.50000000,620.22000000,615.52000000,617.70000000,1542.47000000
1780498800000,2026-06-03T15:00:00+00:00,617.78000000,619.47000000,615.46000000,619.00000000,1186.03000000
1780499700000,2026-06-03T15:15:00+00:00,618.85000000,619.10000000,615.80000000,616.76000000,1127.10000000
1780500600000,2026-06-03T15:30:00+00:00,616.76000000,617.07000000,613.71000000,615.10000000,836.96000000
1780501500000,2026-06-03T15:45:00+00:00,615.09000000,616.01000000,613.52000000,613.76000000,877.51000000
1780502400000,2026-06-03T16:00:00+00:00,613.72000000,614.71000000,612.74000000,613.90000000,703.25000000
1780503300000,2026-06-03T16:15:00+00:00,613.90000000,613.90000000,611.82000000,613.56000000,941.65000000
1780504200000,2026-06-03T16:30:00+00:00,613.61000000,615.02000000,612.77000000,615.02000000,677.16000000
1780505100000,2026-06-03T16:45:00+00:00,615.04000000,620.04000000,615.04000000,619.77000000,498.81000000
1780506000000,2026-06-03T17:00:00+00:00,619.90000000,620.60000000,617.50000000,617.72000000,469.55000000
1780506900000,2026-06-03T17:15:00+00:00,617.68000000,618.60000000,615.65000000,618.07000000,617.38000000
1780507800000,2026-06-03T17:30:00+00:00,617.92000000,619.20000000,617.56000000,618.84000000,226.52000000
1780508700000,2026-06-03T17:45:00+00:00,618.96000000,623.34000000,618.96000000,623.01000000,376.19000000
1780509600000,2026-06-03T18:00:00+00:00,623.07000000,623.84000000,620.93000000,622.20000000,807.78000000
1780510500000,2026-06-03T18:15:00+00:00,622.21000000,624.38000000,621.68000000,622.65000000,725.17000000
1780511400000,2026-06-03T18:30:00+00:00,622.60000000,624.18000000,622.14000000,623.28000000,629.57000000
1780512300000,2026-06-03T18:45:00+00:00,623.29000000,623.44000000,621.98000000,623.04000000,428.84000000
1780513200000,2026-06-03T19:00:00+00:00,623.01000000,623.01000000,620.64000000,621.86000000,329.73000000
1780514100000,2026-06-03T19:15:00+00:00,621.92000000,623.27000000,620.92000000,621.21000000,564.60000000
1780515000000,2026-06-03T19:30:00+00:00,621.29000000,623.01000000,620.52000000,623.01000000,234.54000000
1780515900000,2026-06-03T19:45:00+00:00,622.88000000,624.30000000,622.00000000,623.53000000,864.73000000
1780516800000,2026-06-03T20:00:00+00:00,623.64000000,623.70000000,621.58000000,622.40000000,324.81000000
1780517700000,2026-06-03T20:15:00+00:00,622.39000000,622.52000000,621.32000000,621.76000000,236.91000000
1780518600000,2026-06-03T20:30:00+00:00,621.74000000,621.74000000,619.92000000,619.92000000,156.11000000
1780519500000,2026-06-03T20:45:00+00:00,619.88000000,620.26000000,619.02000000,619.98000000,347.30000000
1780520400000,2026-06-03T21:00:00+00:00,619.95000000,621.26000000,619.39000000,621.26000000,147.76000000
1780521300000,2026-06-03T21:15:00+00:00,621.05000000,621.33000000,619.80000000,620.05000000,88.14000000
1780522200000,2026-06-03T21:30:00+00:00,620.00000000,620.44000000,617.47000000,619.31000000,199.17000000
1780523100000,2026-06-03T21:45:00+00:00,619.37000000,620.11000000,618.79000000,619.77000000,77.70000000
1780524000000,2026-06-03T22:00:00+00:00,619.78000000,620.70000000,619.31000000,619.62000000,70.12000000
1780524900000,2026-06-03T22:15:00+00:00,619.56000000,619.86000000,618.55000000,619.86000000,20.63000000
1780525800000,2026-06-03T22:30:00+00:00,619.92000000,620.86000000,619.33000000,619.98000000,30.97000000
1780526700000,2026-06-03T22:45:00+00:00,620.04000000,620.28000000,618.44000000,619.33000000,62.64000000
1780527600000,2026-06-03T23:00:00+00:00,619.43000000,619.44000000,618.31000000,618.67000000,93.34000000
1780528500000,2026-06-03T23:15:00+00:00,618.68000000,619.32000000,618.63000000,618.76000000,33.77000000
1780529400000,2026-06-03T23:30:00+00:00,618.72000000,619.25000000,618.30000000,618.90000000,56.84000000
1780530300000,2026-06-03T23:45:00+00:00,618.88000000,619.73000000,618.48000000,619.48000000,120.68000000
1780531200000,2026-06-04T00:00:00+00:00,619.47000000,621.12000000,618.78000000,621.10000000,225.62000000
1780532100000,2026-06-04T00:15:00+00:00,620.92000000,621.05000000,619.92000000,620.06000000,85.04000000
1780533000000,2026-06-04T00:30:00+00:00,620.04000000,621.53000000,619.27000000,620.80000000,224.26000000
1780533900000,2026-06-04T00:45:00+00:00,620.81000000,621.42000000,620.28000000,621.12000000,46.14000000
1780534800000,2026-06-04T01:00:00+00:00,621.24000000,621.34000000,620.45000000,620.99000000,61.13000000
1780535700000,2026-06-04T01:15:00+00:00,621.01000000,621.01000000,620.02000000,620.57000000,70.05000000
1780536600000,2026-06-04T01:30:00+00:00,620.59000000,621.49000000,620.46000000,620.83000000,65.61000000
1780537500000,2026-06-04T01:45:00+00:00,620.89000000,621.26000000,620.06000000,620.33000000,39.36000000
1780538400000,2026-06-04T02:00:00+00:00,620.40000000,620.54000000,618.66000000,619.20000000,315.18000000
1780539300000,2026-06-04T02:15:00+00:00,619.11000000,619.80000000,617.46000000,619.15000000,217.48000000
1780540200000,2026-06-04T02:30:00+00:00,619.25000000,620.19000000,618.85000000,619.98000000,43.25000000
1780541100000,2026-06-04T02:45:00+00:00,619.98000000,620.27000000,616.61000000,617.54000000,164.05000000
1780542000000,2026-06-04T03:00:00+00:00,617.66000000,618.82000000,617.54000000,618.29000000,110.60000000
1780542900000,2026-06-04T03:15:00+00:00,618.27000000,618.78000000,618.04000000,618.78000000,126.59000000
1780543800000,2026-06-04T03:30:00+00:00,618.84000000,619.05000000,617.94000000,618.00000000,78.38000000
1780544700000,2026-06-04T03:45:00+00:00,617.95000000,618.55000000,617.81000000,617.93000000,79.52000000
1780545600000,2026-06-04T04:00:00+00:00,617.93000000,618.69000000,617.84000000,618.41000000,94.04000000
1780546500000,2026-06-04T04:15:00+00:00,618.41000000,619.23000000,618.25000000,618.41000000,61.19000000
1780547400000,2026-06-04T04:30:00+00:00,618.50000000,618.87000000,617.88000000,618.59000000,89.52000000
1780548300000,2026-06-04T04:45:00+00:00,618.62000000,618.77000000,618.32000000,618.46000000,15.92000000
1780549200000,2026-06-04T05:00:00+00:00,618.34000000,618.34000000,616.57000000,617.13000000,94.53000000
1780550100000,2026-06-04T05:15:00+00:00,617.16000000,617.28000000,616.25000000,616.70000000,66.86000000
1780551000000,2026-06-04T05:30:00+00:00,616.87000000,617.50000000,616.28000000,617.30000000,63.91000000
1780551900000,2026-06-04T05:45:00+00:00,617.34000000,617.45000000,616.57000000,617.10000000,40.65000000
1780552800000,2026-06-04T06:00:00+00:00,617.13000000,618.37000000,617.12000000,618.29000000,22.44000000
1780553700000,2026-06-04T06:15:00+00:00,618.30000000,619.01000000,618.03000000,618.92000000,15.15000000
1780554600000,2026-06-04T06:30:00+00:00,618.92000000,620.20000000,618.52000000,620.16000000,50.80000000
1780555500000,2026-06-04T06:45:00+00:00,620.20000000,620.62000000,619.70000000,620.55000000,48.09000000
1780556400000,2026-06-04T07:00:00+00:00,620.50000000,620.70000000,619.32000000,619.47000000,95.08000000
1780557300000,2026-06-04T07:15:00+00:00,619.36000000,620.48000000,619.18000000,620.35000000,96.09000000
1780558200000,2026-06-04T07:30:00+00:00,620.38000000,621.31000000,620.31000000,620.90000000,90.31000000
1780559100000,2026-06-04T07:45:00+00:00,620.90000000,621.17000000,620.56000000,621.03000000,71.50000000
1780560000000,2026-06-04T08:00:00+00:00,620.98000000,620.98000000,619.00000000,619.13000000,300.15000000
1780560900000,2026-06-04T08:15:00+00:00,619.01000000,619.33000000,617.67000000,618.15000000,157.32000000
1780561800000,2026-06-04T08:30:00+00:00,618.19000000,619.03000000,617.67000000,617.85000000,76.97000000
1780562700000,2026-06-04T08:45:00+00:00,617.84000000,618.31000000,617.40000000,617.80000000,60.93000000
1780563600000,2026-06-04T09:00:00+00:00,617.80000000,619.58000000,617.58000000,618.41000000,144.94000000
1780564500000,2026-06-04T09:15:00+00:00,618.40000000,618.55000000,615.50000000,616.80000000,359.69000000
1780565400000,2026-06-04T09:30:00+00:00,616.94000000,618.03000000,616.70000000,617.70000000,82.60000000
1780566300000,2026-06-04T09:45:00+00:00,617.61000000,619.41000000,617.15000000,619.41000000,85.10000000
1780567200000,2026-06-04T10:00:00+00:00,619.45000000,619.88000000,618.67000000,619.17000000,109.47000000
1780568100000,2026-06-04T10:15:00+00:00,619.20000000,619.24000000,616.25000000,617.38000000,117.01000000
1780569000000,2026-06-04T10:30:00+00:00,617.15000000,617.54000000,616.40000000,616.40000000,35.28000000
1780569900000,2026-06-04T10:45:00+00:00,616.47000000,617.50000000,616.19000000,617.48000000,151.34000000
1780570800000,2026-06-04T11:00:00+00:00,617.53000000,618.48000000,617.51000000,618.17000000,117.54000000
1780571700000,2026-06-04T11:15:00+00:00,618.19000000,618.99000000,618.07000000,618.32000000,46.53000000
1780572600000,2026-06-04T11:30:00+00:00,618.40000000,618.65000000,616.71000000,617.04000000,110.58000000
1780573500000,2026-06-04T11:45:00+00:00,617.09000000,618.04000000,616.63000000,617.62000000,57.04000000
1780574400000,2026-06-04T12:00:00+00:00,617.75000000,618.36000000,617.48000000,617.79000000,183.79000000
1780575300000,2026-06-04T12:15:00+00:00,617.71000000,619.28000000,617.69000000,618.72000000,109.69000000
1780576200000,2026-06-04T12:30:00+00:00,618.65000000,619.71000000,617.91000000,619.42000000,151.30000000
1780577100000,2026-06-04T12:45:00+00:00,619.40000000,620.58000000,619.04000000,620.16000000,214.05000000
1780578000000,2026-06-04T13:00:00+00:00,620.19000000,621.24000000,619.56000000,620.67000000,540.64000000
1780578900000,2026-06-04T13:15:00+00:00,620.60000000,623.80000000,618.41000000,623.30000000,432.89000000
1780579800000,2026-06-04T13:30:00+00:00,623.35000000,637.87000000,622.38000000,631.24000000,6641.02000000
1780580700000,2026-06-04T13:45:00+00:00,631.26000000,639.27000000,629.88000000,638.76000000,3597.21000000
1780581600000,2026-06-04T14:00:00+00:00,638.77000000,639.81000000,636.13000000,637.39000000,3390.17000000
1780582500000,2026-06-04T14:15:00+00:00,637.45000000,640.74000000,636.54000000,637.96000000,2515.38000000
1780583400000,2026-06-04T14:30:00+00:00,638.32000000,639.72000000,634.53000000,638.45000000,1516.44000000
1780584300000,2026-06-04T14:45:00+00:00,638.40000000,640.25000000,637.38000000,640.15000000,774.19000000
1780585200000,2026-06-04T15:00:00+00:00,640.19000000,640.68000000,638.29000000,638.68000000,1323.44000000
1780586100000,2026-06-04T15:15:00+00:00,638.70000000,640.08000000,638.39000000,638.80000000,416.44000000
1780587000000,2026-06-04T15:30:00+00:00,638.85000000,640.15000000,635.86000000,637.74000000,705.83000000
1780587900000,2026-06-04T15:45:00+00:00,637.68000000,638.75000000,636.40000000,637.69000000,462.83000000
1780588800000,2026-06-04T16:00:00+00:00,637.67000000,642.55000000,637.50000000,638.72000000,2254.02000000
1780589700000,2026-06-04T16:15:00+00:00,638.61000000,638.71000000,633.20000000,633.90000000,753.61000000
1780590600000,2026-06-04T16:30:00+00:00,633.75000000,633.77000000,630.06000000,630.96000000,508.65000000
1780591500000,2026-06-04T16:45:00+00:00,631.18000000,631.65000000,628.14000000,628.56000000,345.04000000
1780592400000,2026-06-04T17:00:00+00:00,628.45000000,630.64000000,627.85000000,629.51000000,1004.79000000
1780593300000,2026-06-04T17:15:00+00:00,629.65000000,630.84000000,629.51000000,630.59000000,242.39000000
1780594200000,2026-06-04T17:30:00+00:00,630.50000000,630.60000000,629.21000000,629.94000000,222.50000000
1780595100000,2026-06-04T17:45:00+00:00,629.95000000,630.48000000,629.25000000,629.55000000,222.24000000
1780596000000,2026-06-04T18:00:00+00:00,629.68000000,629.68000000,626.30000000,626.60000000,261.72000000
1780596900000,2026-06-04T18:15:00+00:00,626.65000000,627.45000000,626.31000000,626.80000000,136.60000000
1780597800000,2026-06-04T18:30:00+00:00,626.76000000,627.50000000,626.21000000,627.30000000,247.84000000
1780598700000,2026-06-04T18:45:00+00:00,627.26000000,627.26000000,625.97000000,626.31000000,130.14000000
1780599600000,2026-06-04T19:00:00+00:00,626.31000000,626.31000000,624.78000000,626.29000000,225.50000000
1780600500000,2026-06-04T19:15:00+00:00,626.28000000,627.23000000,624.71000000,624.98000000,206.24000000
1780601400000,2026-06-04T19:30:00+00:00,624.79000000,624.79000000,623.39000000,624.37000000,100.60000000
1780602300000,2026-06-04T19:45:00+00:00,624.40000000,627.90000000,624.15000000,627.65000000,175.65000000
1780603200000,2026-06-04T20:00:00+00:00,627.72000000,627.72000000,625.63000000,626.11000000,116.19000000
1780604100000,2026-06-04T20:15:00+00:00,626.14000000,626.61000000,625.60000000,625.60000000,95.19000000
1780605000000,2026-06-04T20:30:00+00:00,625.58000000,626.14000000,625.58000000,626.02000000,27.82000000
1780605900000,2026-06-04T20:45:00+00:00,626.13000000,626.31000000,625.67000000,626.17000000,39.30000000
1780606800000,2026-06-04T21:00:00+00:00,626.15000000,626.61000000,626.06000000,626.59000000,128.42000000
1780607700000,2026-06-04T21:15:00+00:00,626.56000000,626.65000000,626.46000000,626.49000000,63.48000000
1780608600000,2026-06-04T21:30:00+00:00,626.49000000,626.61000000,625.78000000,626.41000000,100.06000000
1780609500000,2026-06-04T21:45:00+00:00,626.48000000,626.77000000,626.43000000,626.54000000,12.12000000
1780610400000,2026-06-04T22:00:00+00:00,626.59000000,626.71000000,625.46000000,625.58000000,158.25000000
1780611300000,2026-06-04T22:15:00+00:00,625.58000000,625.94000000,625.11000000,625.12000000,111.33000000
1780612200000,2026-06-04T22:30:00+00:00,625.12000000,625.30000000,624.36000000,625.10000000,33.20000000
1780613100000,2026-06-04T22:45:00+00:00,625.05000000,625.31000000,625.03000000,625.07000000,12.44000000
1780614000000,2026-06-04T23:00:00+00:00,625.12000000,625.20000000,624.31000000,624.32000000,28.47000000
1780614900000,2026-06-04T23:15:00+00:00,624.41000000,624.63000000,624.41000000,624.62000000,22.24000000
1780615800000,2026-06-04T23:30:00+00:00,624.65000000,625.18000000,624.40000000,624.50000000,69.38000000
1780616700000,2026-06-04T23:45:00+00:00,624.50000000,624.89000000,624.44000000,624.45000000,22.83000000
1780617600000,2026-06-05T00:00:00+00:00,624.49000000,625.82000000,622.37000000,622.75000000,287.46000000
1780618500000,2026-06-05T00:15:00+00:00,622.94000000,623.70000000,622.30000000,622.71000000,127.08000000
1780619400000,2026-06-05T00:30:00+00:00,622.72000000,623.43000000,622.62000000,623.26000000,77.18000000
1780620300000,2026-06-05T00:45:00+00:00,623.16000000,623.37000000,620.69000000,620.95000000,181.32000000
1780621200000,2026-06-05T01:00:00+00:00,620.99000000,620.99000000,619.00000000,619.16000000,125.46000000
1780622100000,2026-06-05T01:15:00+00:00,619.19000000,619.24000000,617.70000000,619.06000000,69.02000000
1780623000000,2026-06-05T01:30:00+00:00,619.13000000,621.10000000,619.13000000,620.64000000,106.38000000
1780623900000,2026-06-05T01:45:00+00:00,620.57000000,622.75000000,620.51000000,622.19000000,149.51000000
1780624800000,2026-06-05T02:00:00+00:00,622.19000000,623.65000000,622.05000000,622.83000000,174.58000000
1780625700000,2026-06-05T02:15:00+00:00,622.80000000,623.47000000,622.15000000,622.82000000,131.30000000
1780626600000,2026-06-05T02:30:00+00:00,622.87000000,623.42000000,622.61000000,622.93000000,78.03000000
1780627500000,2026-06-05T02:45:00+00:00,622.82000000,623.24000000,622.57000000,623.23000000,87.49000000
1780628400000,2026-06-05T03:00:00+00:00,623.18000000,623.24000000,622.55000000,622.71000000,58.22000000
1780629300000,2026-06-05T03:15:00+00:00,622.73000000,623.52000000,622.66000000,622.77000000,107.33000000
1780630200000,2026-06-05T03:30:00+00:00,622.85000000,623.20000000,621.20000000,621.20000000,314.14000000
1780631100000,2026-06-05T03:45:00+00:00,621.20000000,621.43000000,620.50000000,621.16000000,277.58000000
1780632000000,2026-06-05T04:00:00+00:00,621.19000000,622.49000000,621.00000000,622.02000000,89.41000000
1780632900000,2026-06-05T04:15:00+00:00,622.04000000,622.79000000,621.85000000,622.53000000,30.47000000
1780633800000,2026-06-05T04:30:00+00:00,622.52000000,622.70000000,622.00000000,622.40000000,126.27000000
1780634700000,2026-06-05T04:45:00+00:00,622.43000000,623.01000000,622.01000000,622.84000000,21.77000000
1780635600000,2026-06-05T05:00:00+00:00,622.84000000,622.84000000,622.26000000,622.50000000,12.04000000
1780636500000,2026-06-05T05:15:00+00:00,622.49000000,622.99000000,622.33000000,622.76000000,21.23000000
1780637400000,2026-06-05T05:30:00+00:00,622.69000000,623.58000000,622.56000000,622.86000000,73.20000000
1780638300000,2026-06-05T05:45:00+00:00,622.87000000,622.99000000,622.19000000,622.31000000,61.17000000
1780639200000,2026-06-05T06:00:00+00:00,622.36000000,623.11000000,622.30000000,622.31000000,74.28000000
1780640100000,2026-06-05T06:15:00+00:00,622.33000000,622.61000000,621.96000000,622.45000000,144.57000000
1780641000000,2026-06-05T06:30:00+00:00,622.50000000,623.00000000,622.46000000,622.91000000,38.48000000
1780641900000,2026-06-05T06:45:00+00:00,622.95000000,623.47000000,622.79000000,622.88000000,58.00000000
1780642800000,2026-06-05T07:00:00+00:00,622.80000000,623.14000000,622.50000000,622.77000000,130.87000000
1780643700000,2026-06-05T07:15:00+00:00,622.73000000,624.14000000,622.70000000,624.14000000,49.24000000
1780644600000,2026-06-05T07:30:00+00:00,624.14000000,624.43000000,623.77000000,624.06000000,101.36000000
1780645500000,2026-06-05T07:45:00+00:00,624.12000000,624.89000000,623.97000000,624.25000000,56.19000000
1780646400000,2026-06-05T08:00:00+00:00,624.30000000,625.19000000,623.88000000,624.54000000,94.15000000
1780647300000,2026-06-05T08:15:00+00:00,624.58000000,626.00000000,624.58000000,626.00000000,125.94000000
1780648200000,2026-06-05T08:30:00+00:00,626.05000000,626.10000000,624.67000000,624.70000000,158.44000000
1780649100000,2026-06-05T08:45:00+00:00,624.77000000,625.56000000,624.51000000,625.15000000,46.52000000
1780650000000,2026-06-05T09:00:00+00:00,625.15000000,626.79000000,624.97000000,626.16000000,140.37000000
1780650900000,2026-06-05T09:15:00+00:00,626.24000000,626.40000000,624.76000000,624.76000000,122.01000000
1780651800000,2026-06-05T09:30:00+00:00,624.94000000,625.29000000,624.47000000,625.16000000,29.12000000
1780652700000,2026-06-05T09:45:00+00:00,625.24000000,625.88000000,625.08000000,625.88000000,70.53000000
1780653600000,2026-06-05T10:00:00+00:00,625.88000000,626.16000000,625.32000000,626.16000000,45.94000000
1780654500000,2026-06-05T10:15:00+00:00,626.17000000,626.32000000,625.93000000,626.30000000,51.91000000
1780655400000,2026-06-05T10:30:00+00:00,626.29000000,626.31000000,625.05000000,625.54000000,79.76000000
1780656300000,2026-06-05T10:45:00+00:00,625.53000000,626.00000000,624.70000000,624.77000000,41.88000000
1780657200000,2026-06-05T11:00:00+00:00,624.78000000,625.24000000,624.39000000,625.07000000,42.49000000
1780658100000,2026-06-05T11:15:00+00:00,624.92000000,625.10000000,624.30000000,625.00000000,37.67000000
1780659000000,2026-06-05T11:30:00+00:00,625.03000000,626.21000000,624.96000000,625.87000000,108.16000000
1780659900000,2026-06-05T11:45:00+00:00,625.76000000,625.88000000,624.80000000,624.97000000,165.87000000
1780660800000,2026-06-05T12:00:00+00:00,624.95000000,625.06000000,624.18000000,624.27000000,77.11000000
1780661700000,2026-06-05T12:15:00+00:00,624.33000000,625.40000000,624.28000000,624.46000000,99.79000000
1780662600000,2026-06-05T12:30:00+00:00,624.52000000,625.40000000,622.80000000,624.03000000,234.04000000
1780663500000,2026-06-05T12:45:00+00:00,623.92000000,624.33000000,622.41000000,622.45000000,181.66000000
1780664400000,2026-06-05T13:00:00+00:00,622.43000000,623.32000000,621.85000000,622.15000000,172.03000000
1780665300000,2026-06-05T13:15:00+00:00,622.30000000,623.83000000,621.53000000,623.21000000,375.18000000
1780666200000,2026-06-05T13:30:00+00:00,623.33000000,629.32000000,622.00000000,624.66000000,5316.89000000
1780667100000,2026-06-05T13:45:00+00:00,624.71000000,625.34000000,619.62000000,619.86000000,1999.38000000
1780668000000,2026-06-05T14:00:00+00:00,620.05000000,620.49000000,614.77000000,618.37000000,1632.09000000
1780668900000,2026-06-05T14:15:00+00:00,618.30000000,619.60000000,617.22000000,618.60000000,1661.57000000
1780669800000,2026-06-05T14:30:00+00:00,618.64000000,618.97000000,614.92000000,615.26000000,768.18000000
1780670700000,2026-06-05T14:45:00+00:00,615.26000000,616.21000000,614.62000000,615.61000000,1018.97000000
1780671600000,2026-06-05T15:00:00+00:00,615.74000000,616.71000000,613.70000000,613.75000000,594.48000000
1780672500000,2026-06-05T15:15:00+00:00,613.70000000,614.47000000,613.00000000,613.80000000,382.56000000
1780673400000,2026-06-05T15:30:00+00:00,613.81000000,614.40000000,611.69000000,611.69000000,453.88000000
1780674300000,2026-06-05T15:45:00+00:00,611.77000000,614.00000000,611.40000000,613.34000000,914.27000000
1780675200000,2026-06-05T16:00:00+00:00,613.33000000,613.33000000,610.57000000,610.72000000,570.67000000
1780676100000,2026-06-05T16:15:00+00:00,610.71000000,611.29000000,610.15000000,610.23000000,306.90000000
1780677000000,2026-06-05T16:30:00+00:00,610.20000000,610.52000000,608.75000000,609.35000000,419.60000000
1780677900000,2026-06-05T16:45:00+00:00,609.26000000,610.37000000,608.54000000,610.27000000,287.99000000
1780678800000,2026-06-05T17:00:00+00:00,610.29000000,610.86000000,609.10000000,609.15000000,212.44000000
1780679700000,2026-06-05T17:15:00+00:00,609.35000000,609.44000000,607.85000000,609.02000000,212.70000000
1780680600000,2026-06-05T17:30:00+00:00,609.04000000,609.39000000,608.36000000,608.60000000,196.11000000
1780681500000,2026-06-05T17:45:00+00:00,608.52000000,609.49000000,608.30000000,609.20000000,324.99000000
1780682400000,2026-06-05T18:00:00+00:00,609.24000000,611.28000000,592.85000000,594.97000000,8169.94000000
1780683300000,2026-06-05T18:15:00+00:00,594.94000000,597.25000000,583.01000000,586.72000000,20982.87000000
1780684200000,2026-06-05T18:30:00+00:00,586.83000000,594.00000000,584.58000000,592.22000000,7121.75000000
1780685100000,2026-06-05T18:45:00+00:00,592.24000000,595.73000000,591.95000000,595.19000000,3159.78000000
1780686000000,2026-06-05T19:00:00+00:00,595.00000000,596.75000000,589.89000000,591.44000000,6056.16000000
1780686900000,2026-06-05T19:15:00+00:00,591.40000000,592.59000000,589.05000000,592.59000000,1133.26000000
1780687800000,2026-06-05T19:30:00+00:00,592.51000000,592.60000000,589.63000000,591.28000000,957.03000000
1780688700000,2026-06-05T19:45:00+00:00,591.27000000,594.84000000,590.79000000,593.13000000,1125.30000000
1780689600000,2026-06-05T20:00:00+00:00,593.05000000,593.13000000,588.77000000,589.70000000,1230.52000000
1780690500000,2026-06-05T20:15:00+00:00,589.76000000,591.35000000,588.85000000,590.91000000,467.35000000
1780691400000,2026-06-05T20:30:00+00:00,590.91000000,590.96000000,589.61000000,590.47000000,183.86000000
1780692300000,2026-06-05T20:45:00+00:00,590.50000000,591.90000000,589.70000000,591.09000000,331.45000000
1780693200000,2026-06-05T21:00:00+00:00,591.10000000,591.60000000,590.89000000,591.32000000,62.58000000
1780694100000,2026-06-05T21:15:00+00:00,591.35000000,592.96000000,591.35000000,592.29000000,214.76000000
1780695000000,2026-06-05T21:30:00+00:00,592.50000000,592.62000000,591.34000000,591.77000000,150.02000000
1780695900000,2026-06-05T21:45:00+00:00,591.81000000,592.44000000,591.31000000,591.55000000,45.78000000
1780696800000,2026-06-05T22:00:00+00:00,591.54000000,591.80000000,590.87000000,591.01000000,64.48000000
1780697700000,2026-06-05T22:15:00+00:00,590.94000000,591.62000000,590.13000000,590.44000000,144.46000000
1780698600000,2026-06-05T22:30:00+00:00,590.38000000,590.50000000,589.73000000,589.75000000,55.86000000
1780699500000,2026-06-05T22:45:00+00:00,589.76000000,590.09000000,588.97000000,589.96000000,83.24000000
1780700400000,2026-06-05T23:00:00+00:00,590.01000000,590.31000000,589.71000000,590.31000000,69.04000000
1780701300000,2026-06-05T23:15:00+00:00,590.31000000,590.32000000,589.44000000,589.93000000,86.61000000
1780702200000,2026-06-05T23:30:00+00:00,589.95000000,589.95000000,589.15000000,589.23000000,61.77000000
1780703100000,2026-06-05T23:45:00+00:00,589.23000000,589.45000000,588.63000000,589.45000000,66.57000000
1780704000000,2026-06-06T00:00:00+00:00,589.45000000,591.85000000,589.35000000,591.70000000,109.50000000
1780704900000,2026-06-06T00:15:00+00:00,591.73000000,592.40000000,591.73000000,591.86000000,121.47000000
1780705800000,2026-06-06T00:30:00+00:00,591.85000000,592.05000000,591.74000000,591.94000000,30.13000000
1780706700000,2026-06-06T00:45:00+00:00,592.00000000,592.07000000,591.22000000,591.70000000,64.22000000
1780707600000,2026-06-06T01:00:00+00:00,591.75000000,591.84000000,590.90000000,591.20000000,45.59000000
1780708500000,2026-06-06T01:15:00+00:00,591.20000000,591.21000000,589.96000000,590.02000000,67.85000000
1780709400000,2026-06-06T01:30:00+00:00,590.03000000,590.11000000,588.66000000,588.66000000,35.86000000
1780710300000,2026-06-06T01:45:00+00:00,588.65000000,588.65000000,587.06000000,587.18000000,110.79000000
1780711200000,2026-06-06T02:00:00+00:00,587.18000000,587.59000000,587.00000000,587.35000000,85.30000000
1780712100000,2026-06-06T02:15:00+00:00,587.36000000,587.45000000,585.91000000,586.52000000,144.84000000
1780713000000,2026-06-06T02:30:00+00:00,586.51000000,586.51000000,585.36000000,585.36000000,176.99000000
1780713900000,2026-06-06T02:45:00+00:00,585.36000000,587.14000000,583.80000000,585.91000000,266.91000000
1780714800000,2026-06-06T03:00:00+00:00,585.93000000,586.30000000,585.73000000,586.12000000,41.77000000
1780715700000,2026-06-06T03:15:00+00:00,586.08000000,587.24000000,585.72000000,586.74000000,60.00000000
1780716600000,2026-06-06T03:30:00+00:00,586.74000000,587.81000000,586.63000000,587.60000000,142.97000000
1780717500000,2026-06-06T03:45:00+00:00,587.63000000,588.09000000,587.48000000,587.92000000,113.57000000
1780718400000,2026-06-06T04:00:00+00:00,587.90000000,588.27000000,587.46000000,587.46000000,92.38000000
1780719300000,2026-06-06T04:15:00+00:00,587.47000000,588.11000000,585.49000000,585.83000000,159.34000000
1780720200000,2026-06-06T04:30:00+00:00,585.85000000,585.94000000,584.36000000,584.99000000,139.14000000
1780721100000,2026-06-06T04:45:00+00:00,584.99000000,585.12000000,584.31000000,584.77000000,66.69000000
1780722000000,2026-06-06T05:00:00+00:00,584.78000000,586.25000000,584.14000000,585.67000000,174.33000000
1780722900000,2026-06-06T05:15:00+00:00,585.63000000,587.94000000,585.49000000,586.89000000,118.10000000
1780723800000,2026-06-06T05:30:00+00:00,586.96000000,587.84000000,585.93000000,587.44000000,47.37000000
1780724700000,2026-06-06T05:45:00+00:00,587.52000000,588.75000000,587.34000000,588.68000000,141.04000000
1780725600000,2026-06-06T06:00:00+00:00,588.72000000,590.36000000,588.70000000,590.26000000,134.89000000
1780726500000,2026-06-06T06:15:00+00:00,590.29000000,590.55000000,589.42000000,590.24000000,162.38000000
1780727400000,2026-06-06T06:30:00+00:00,590.19000000,590.51000000,588.58000000,588.88000000,74.79000000
1780728300000,2026-06-06T06:45:00+00:00,588.72000000,588.83000000,587.88000000,587.88000000,16.30000000
1780729200000,2026-06-06T07:00:00+00:00,587.82000000,588.11000000,586.89000000,587.61000000,53.59000000
1780730100000,2026-06-06T07:15:00+00:00,587.64000000,587.81000000,587.11000000,587.46000000,56.93000000
1780731000000,2026-06-06T07:30:00+00:00,587.46000000,588.07000000,585.10000000,585.85000000,490.58000000
1780731900000,2026-06-06T07:45:00+00:00,585.78000000,585.94000000,585.39000000,585.57000000,13.27000000
1780732800000,2026-06-06T08:00:00+00:00,585.55000000,586.09000000,585.00000000,585.99000000,23.15000000
1780733700000,2026-06-06T08:15:00+00:00,585.99000000,587.58000000,585.88000000,587.20000000,43.98000000
1780734600000,2026-06-06T08:30:00+00:00,587.18000000,587.46000000,586.08000000,586.67000000,44.35000000
1780735500000,2026-06-06T08:45:00+00:00,586.67000000,588.36000000,586.60000000,588.24000000,38.43000000
1780736400000,2026-06-06T09:00:00+00:00,588.26000000,588.47000000,587.53000000,588.06000000,67.72000000
1780737300000,2026-06-06T09:15:00+00:00,588.00000000,588.53000000,587.64000000,588.52000000,72.20000000
1780738200000,2026-06-06T09:30:00+00:00,588.53000000,588.68000000,587.57000000,587.81000000,26.18000000
1780739100000,2026-06-06T09:45:00+00:00,587.74000000,587.74000000,587.17000000,587.58000000,51.22000000
1780740000000,2026-06-06T10:00:00+00:00,587.63000000,587.63000000,586.42000000,586.64000000,49.47000000
1780740900000,2026-06-06T10:15:00+00:00,586.54000000,586.79000000,585.99000000,586.53000000,113.30000000
1780741800000,2026-06-06T10:30:00+00:00,586.52000000,587.04000000,585.99000000,586.74000000,73.13000000
1780742700000,2026-06-06T10:45:00+00:00,586.74000000,587.31000000,586.47000000,587.25000000,36.12000000
1780743600000,2026-06-06T11:00:00+00:00,587.26000000,588.55000000,587.25000000,588.52000000,49.85000000
1780744500000,2026-06-06T11:15:00+00:00,588.50000000,588.51000000,587.94000000,588.39000000,33.32000000
1780745400000,2026-06-06T11:30:00+00:00,588.39000000,588.96000000,588.28000000,588.48000000,26.90000000
1780746300000,2026-06-06T11:45:00+00:00,588.48000000,588.49000000,587.82000000,587.89000000,18.61000000
1780747200000,2026-06-06T12:00:00+00:00,587.83000000,590.52000000,587.83000000,590.52000000,109.27000000
1780748100000,2026-06-06T12:15:00+00:00,590.54000000,590.64000000,589.92000000,590.31000000,49.64000000
1780749000000,2026-06-06T12:30:00+00:00,590.29000000,590.75000000,589.98000000,590.49000000,22.02000000
1780749900000,2026-06-06T12:45:00+00:00,590.52000000,591.33000000,590.52000000,591.07000000,89.41000000
1780750800000,2026-06-06T13:00:00+00:00,591.07000000,591.43000000,590.95000000,591.16000000,44.16000000
1780751700000,2026-06-06T13:15:00+00:00,591.17000000,591.41000000,590.83000000,591.02000000,21.82000000
1780752600000,2026-06-06T13:30:00+00:00,591.15000000,591.24000000,590.89000000,591.14000000,26.99000000
1780753500000,2026-06-06T13:45:00+00:00,591.23000000,591.35000000,590.78000000,590.84000000,21.72000000
1780754400000,2026-06-06T14:00:00+00:00,590.83000000,591.73000000,590.04000000,590.98000000,144.55000000
1780755300000,2026-06-06T14:15:00+00:00,591.00000000,591.59000000,591.00000000,591.35000000,41.71000000
1780756200000,2026-06-06T14:30:00+00:00,591.31000000,591.31000000,590.92000000,591.29000000,10.83000000
1780757100000,2026-06-06T14:45:00+00:00,591.30000000,591.35000000,590.87000000,590.94000000,30.94000000
1780758000000,2026-06-06T15:00:00+00:00,590.89000000,591.11000000,590.50000000,590.61000000,15.80000000
1780758900000,2026-06-06T15:15:00+00:00,590.55000000,590.57000000,590.12000000,590.40000000,17.28000000
1780759800000,2026-06-06T15:30:00+00:00,590.40000000,590.60000000,590.08000000,590.49000000,10.94000000
1780760700000,2026-06-06T15:45:00+00:00,590.48000000,591.29000000,590.43000000,591.25000000,25.35000000
1780761600000,2026-06-06T16:00:00+00:00,591.19000000,591.24000000,590.55000000,591.16000000,27.50000000
1780762500000,2026-06-06T16:15:00+00:00,591.20000000,591.60000000,591.20000000,591.49000000,24.15000000
1780763400000,2026-06-06T16:30:00+00:00,591.48000000,591.59000000,591.31000000,591.53000000,15.38000000
1780764300000,2026-06-06T16:45:00+00:00,591.53000000,592.20000000,591.53000000,591.99000000,52.36000000
1780765200000,2026-06-06T17:00:00+00:00,592.00000000,592.13000000,591.66000000,591.95000000,8.43000000
1780766100000,2026-06-06T17:15:00+00:00,591.95000000,591.97000000,591.51000000,591.52000000,14.03000000
1780767000000,2026-06-06T17:30:00+00:00,591.51000000,591.53000000,590.67000000,590.81000000,16.82000000
1780767900000,2026-06-06T17:45:00+00:00,590.81000000,590.81000000,590.63000000,590.73000000,6.62000000
1780768800000,2026-06-06T18:00:00+00:00,590.73000000,590.82000000,590.44000000,590.53000000,37.45000000
1780769700000,2026-06-06T18:15:00+00:00,590.54000000,591.13000000,590.46000000,591.12000000,26.39000000
1780770600000,2026-06-06T18:30:00+00:00,591.15000000,591.28000000,591.10000000,591.20000000,9.99000000
1780771500000,2026-06-06T18:45:00+00:00,591.27000000,591.45000000,591.05000000,591.35000000,12.97000000
1780772400000,2026-06-06T19:00:00+00:00,591.34000000,592.10000000,591.29000000,592.05000000,3.00000000
1780773300000,2026-06-06T19:15:00+00:00,592.10000000,592.12000000,592.02000000,592.06000000,6.28000000
1780774200000,2026-06-06T19:30:00+00:00,592.06000000,592.06000000,592.02000000,592.03000000,1.49000000
1780775100000,2026-06-06T19:45:00+00:00,592.05000000,592.46000000,592.02000000,592.45000000,16.07000000
1780776000000,2026-06-06T20:00:00+00:00,592.46000000,592.78000000,592.46000000,592.78000000,9.40000000
1780776900000,2026-06-06T20:15:00+00:00,592.78000000,593.00000000,592.65000000,593.00000000,14.86000000
1780777800000,2026-06-06T20:30:00+00:00,593.01000000,593.20000000,592.89000000,593.01000000,7.71000000
1780778700000,2026-06-06T20:45:00+00:00,593.02000000,593.38000000,592.41000000,592.41000000,54.01000000
1780779600000,2026-06-06T21:00:00+00:00,592.38000000,592.57000000,592.16000000,592.40000000,21.05000000
1780780500000,2026-06-06T21:15:00+00:00,592.40000000,592.45000000,591.66000000,592.13000000,13.85000000
1780781400000,2026-06-06T21:30:00+00:00,592.13000000,592.20000000,591.77000000,592.13000000,5.02000000
1780782300000,2026-06-06T21:45:00+00:00,592.13000000,592.32000000,591.93000000,591.93000000,4.00000000
1780783200000,2026-06-06T22:00:00+00:00,591.92000000,592.08000000,591.60000000,591.71000000,23.75000000
1780784100000,2026-06-06T22:15:00+00:00,591.71000000,592.09000000,591.45000000,591.50000000,7.40000000
1780785000000,2026-06-06T22:30:00+00:00,591.49000000,591.85000000,591.45000000,591.81000000,5.45000000
1780785900000,2026-06-06T22:45:00+00:00,591.81000000,592.74000000,591.81000000,592.47000000,36.12000000
1780786800000,2026-06-06T23:00:00+00:00,592.46000000,592.86000000,592.37000000,592.81000000,4.59000000
1780787700000,2026-06-06T23:15:00+00:00,592.81000000,593.03000000,592.81000000,593.02000000,2.75000000
1780788600000,2026-06-06T23:30:00+00:00,593.02000000,593.15000000,592.69000000,593.15000000,17.50000000
1780789500000,2026-06-06T23:45:00+00:00,593.14000000,593.53000000,593.14000000,593.42000000,5.46000000
1780790400000,2026-06-07T00:00:00+00:00,593.43000000,593.73000000,592.84000000,593.07000000,41.49000000
1780791300000,2026-06-07T00:15:00+00:00,593.09000000,593.25000000,592.61000000,592.61000000,9.48000000
1780792200000,2026-06-07T00:30:00+00:00,592.60000000,592.93000000,592.55000000,592.70000000,3.06000000
1780793100000,2026-06-07T00:45:00+00:00,592.69000000,592.76000000,592.59000000,592.61000000,6.44000000
1780794000000,2026-06-07T01:00:00+00:00,592.66000000,593.02000000,592.65000000,592.93000000,16.27000000
1780794900000,2026-06-07T01:15:00+00:00,592.95000000,593.75000000,592.88000000,593.75000000,35.97000000
1780795800000,2026-06-07T01:30:00+00:00,593.74000000,593.85000000,593.59000000,593.65000000,21.42000000
1780796700000,2026-06-07T01:45:00+00:00,593.65000000,594.00000000,593.53000000,593.85000000,25.39000000
1780797600000,2026-06-07T02:00:00+00:00,593.89000000,594.11000000,593.80000000,594.01000000,8.64000000
1780798500000,2026-06-07T02:15:00+00:00,593.96000000,594.02000000,593.72000000,593.79000000,8.32000000
1780799400000,2026-06-07T02:30:00+00:00,593.78000000,593.83000000,593.71000000,593.81000000,19.90000000
1780800300000,2026-06-07T02:45:00+00:00,593.82000000,593.99000000,593.79000000,593.98000000,9.24000000
1780801200000,2026-06-07T03:00:00+00:00,593.98000000,594.14000000,593.92000000,594.10000000,4.00000000
1780802100000,2026-06-07T03:15:00+00:00,594.05000000,594.48000000,593.98000000,594.12000000,51.51000000
1780803000000,2026-06-07T03:30:00+00:00,594.12000000,594.52000000,593.95000000,594.52000000,7.07000000
1780803900000,2026-06-07T03:45:00+00:00,594.53000000,594.70000000,594.41000000,594.63000000,12.27000000
1780804800000,2026-06-07T04:00:00+00:00,594.63000000,594.69000000,594.18000000,594.18000000,4.49000000
1780805700000,2026-06-07T04:15:00+00:00,594.18000000,594.18000000,594.18000000,594.18000000,0.76000000
1780806600000,2026-06-07T04:30:00+00:00,594.17000000,596.43000000,594.17000000,596.30000000,388.88000000
1780807500000,2026-06-07T04:45:00+00:00,596.30000000,596.49000000,596.29000000,596.47000000,14.73000000
1780808400000,2026-06-07T05:00:00+00:00,596.50000000,596.90000000,596.42000000,596.46000000,32.10000000
1780809300000,2026-06-07T05:15:00+00:00,596.45000000,596.96000000,596.00000000,596.00000000,59.00000000
1780810200000,2026-06-07T05:30:00+00:00,595.95000000,596.54000000,595.91000000,596.45000000,16.01000000
1780811100000,2026-06-07T05:45:00+00:00,596.50000000,596.84000000,596.50000000,596.73000000,18.49000000
1780812000000,2026-06-07T06:00:00+00:00,596.74000000,596.80000000,596.51000000,596.69000000,6.71000000
1780812900000,2026-06-07T06:15:00+00:00,596.69000000,597.06000000,596.50000000,596.69000000,35.40000000
1780813800000,2026-06-07T06:30:00+00:00,596.66000000,597.23000000,596.66000000,597.10000000,34.89000000
1780814700000,2026-06-07T06:45:00+00:00,597.10000000,597.15000000,596.77000000,596.99000000,18.41000000
1780815600000,2026-06-07T07:00:00+00:00,596.96000000,597.08000000,596.62000000,596.76000000,28.78000000
1780816500000,2026-06-07T07:15:00+00:00,596.76000000,596.78000000,596.36000000,596.60000000,18.21000000
1780817400000,2026-06-07T07:30:00+00:00,596.61000000,596.87000000,596.56000000,596.61000000,55.05000000
1780818300000,2026-06-07T07:45:00+00:00,596.61000000,596.61000000,596.51000000,596.53000000,3.04000000
1780819200000,2026-06-07T08:00:00+00:00,596.53000000,596.53000000,596.10000000,596.14000000,8.56000000
1780820100000,2026-06-07T08:15:00+00:00,596.14000000,596.14000000,594.97000000,595.37000000,39.12000000
1780821000000,2026-06-07T08:30:00+00:00,595.40000000,595.66000000,595.26000000,595.44000000,23.90000000
1780821900000,2026-06-07T08:45:00+00:00,595.41000000,595.92000000,595.40000000,595.79000000,13.29000000
1780822800000,2026-06-07T09:00:00+00:00,595.79000000,596.14000000,595.75000000,596.06000000,15.69000000
1780823700000,2026-06-07T09:15:00+00:00,596.06000000,596.64000000,596.06000000,596.64000000,11.01000000
1780824600000,2026-06-07T09:30:00+00:00,596.64000000,596.69000000,595.08000000,595.42000000,55.81000000
1780825500000,2026-06-07T09:45:00+00:00,595.32000000,595.36000000,594.44000000,594.61000000,40.55000000
1780826400000,2026-06-07T10:00:00+00:00,594.59000000,594.60000000,592.06000000,592.13000000,199.39000000
1780827300000,2026-06-07T10:15:00+00:00,592.07000000,592.94000000,592.05000000,592.83000000,26.09000000
1780828200000,2026-06-07T10:30:00+00:00,592.84000000,593.48000000,592.76000000,593.00000000,26.79000000
1780829100000,2026-06-07T10:45:00+00:00,593.00000000,593.24000000,592.73000000,592.98000000,7.05000000
1780830000000,2026-06-07T11:00:00+00:00,592.98000000,593.63000000,592.98000000,593.55000000,6.58000000
1780830900000,2026-06-07T11:15:00+00:00,593.60000000,593.73000000,593.33000000,593.35000000,19.25000000
1780831800000,2026-06-07T11:30:00+00:00,593.36000000,593.94000000,593.30000000,593.66000000,10.17000000
1780832700000,2026-06-07T11:45:00+00:00,593.66000000,593.73000000,593.07000000,593.44000000,48.85000000
1780833600000,2026-06-07T12:00:00+00:00,593.45000000,593.54000000,592.02000000,592.16000000,71.59000000
1780834500000,2026-06-07T12:15:00+00:00,592.20000000,592.50000000,591.36000000,591.63000000,35.96000000
1780835400000,2026-06-07T12:30:00+00:00,591.56000000,591.64000000,590.80000000,591.45000000,40.62000000
1780836300000,2026-06-07T12:45:00+00:00,591.44000000,592.40000000,591.32000000,592.40000000,29.61000000
1780837200000,2026-06-07T13:00:00+00:00,592.32000000,592.42000000,591.09000000,591.12000000,12.64000000
1780838100000,2026-06-07T13:15:00+00:00,591.11000000,592.05000000,591.06000000,592.00000000,28.72000000
1780839000000,2026-06-07T13:30:00+00:00,592.00000000,592.01000000,591.30000000,591.95000000,11.55000000
1780839900000,2026-06-07T13:45:00+00:00,591.95000000,592.89000000,591.95000000,592.73000000,23.32000000
1780840800000,2026-06-07T14:00:00+00:00,592.70000000,593.49000000,592.56000000,593.16000000,25.75000000
1780841700000,2026-06-07T14:15:00+00:00,593.23000000,594.61000000,593.21000000,593.95000000,77.42000000
1780842600000,2026-06-07T14:30:00+00:00,593.95000000,594.42000000,593.66000000,593.76000000,38.24000000
1780843500000,2026-06-07T14:45:00+00:00,593.75000000,593.75000000,593.03000000,593.28000000,43.42000000
1780844400000,2026-06-07T15:00:00+00:00,593.23000000,594.23000000,593.17000000,594.18000000,83.18000000
1780845300000,2026-06-07T15:15:00+00:00,594.23000000,594.52000000,593.77000000,594.41000000,50.81000000
1780846200000,2026-06-07T15:30:00+00:00,594.45000000,594.87000000,594.42000000,594.77000000,54.45000000
1780847100000,2026-06-07T15:45:00+00:00,594.78000000,594.78000000,594.48000000,594.58000000,13.30000000
1780848000000,2026-06-07T16:00:00+00:00,594.71000000,594.71000000,594.27000000,594.48000000,81.96000000
1780848900000,2026-06-07T16:15:00+00:00,594.49000000,594.75000000,594.43000000,594.73000000,19.53000000
1780849800000,2026-06-07T16:30:00+00:00,594.65000000,594.84000000,594.42000000,594.54000000,10.61000000
1780850700000,2026-06-07T16:45:00+00:00,594.52000000,594.52000000,594.16000000,594.20000000,11.36000000
1780851600000,2026-06-07T17:00:00+00:00,594.15000000,594.74000000,594.05000000,594.74000000,2.12000000
1780852500000,2026-06-07T17:15:00+00:00,594.74000000,594.85000000,594.67000000,594.67000000,2.52000000
1780853400000,2026-06-07T17:30:00+00:00,594.66000000,595.00000000,594.61000000,594.69000000,19.49000000
1780854300000,2026-06-07T17:45:00+00:00,594.69000000,594.90000000,594.00000000,594.31000000,52.37000000
1780855200000,2026-06-07T18:00:00+00:00,594.31000000,594.31000000,592.41000000,592.77000000,26.62000000
1780856100000,2026-06-07T18:15:00+00:00,592.77000000,592.97000000,592.53000000,592.86000000,17.94000000
1780857000000,2026-06-07T18:30:00+00:00,592.86000000,593.47000000,591.66000000,592.30000000,205.35000000
1780857900000,2026-06-07T18:45:00+00:00,592.31000000,593.16000000,592.01000000,592.01000000,41.54000000
1780858800000,2026-06-07T19:00:00+00:00,591.96000000,592.66000000,591.35000000,592.08000000,226.09000000
1780859700000,2026-06-07T19:15:00+00:00,592.02000000,592.02000000,591.28000000,591.98000000,45.45000000
1780860600000,2026-06-07T19:30:00+00:00,591.87000000,591.98000000,590.77000000,590.77000000,37.49000000
1780861500000,2026-06-07T19:45:00+00:00,590.77000000,590.93000000,588.85000000,590.79000000,276.67000000
1780862400000,2026-06-07T20:00:00+00:00,590.78000000,592.19000000,590.52000000,591.85000000,94.10000000
1780863300000,2026-06-07T20:15:00+00:00,591.85000000,592.19000000,591.28000000,591.99000000,101.82000000
1780864200000,2026-06-07T20:30:00+00:00,592.02000000,592.15000000,591.61000000,591.73000000,10.95000000
1780865100000,2026-06-07T20:45:00+00:00,591.74000000,592.46000000,591.73000000,592.00000000,15.12000000
1780866000000,2026-06-07T21:00:00+00:00,591.99000000,592.06000000,591.61000000,591.96000000,7.88000000
1780866900000,2026-06-07T21:15:00+00:00,591.96000000,592.39000000,591.87000000,592.19000000,13.55000000
1780867800000,2026-06-07T21:30:00+00:00,592.06000000,592.80000000,591.44000000,591.91000000,43.90000000
1780868700000,2026-06-07T21:45:00+00:00,591.55000000,591.87000000,589.63000000,590.05000000,72.50000000
1780869600000,2026-06-07T22:00:00+00:00,589.95000000,593.60000000,588.74000000,593.41000000,345.24000000
1780870500000,2026-06-07T22:15:00+00:00,593.42000000,593.60000000,591.44000000,591.64000000,164.72000000
1780871400000,2026-06-07T22:30:00+00:00,591.70000000,593.21000000,591.19000000,592.07000000,118.00000000
1780872300000,2026-06-07T22:45:00+00:00,592.07000000,592.41000000,589.89000000,591.17000000,227.47000000
1780873200000,2026-06-07T23:00:00+00:00,591.06000000,592.42000000,591.06000000,592.19000000,88.69000000
1780874100000,2026-06-07T23:15:00+00:00,592.26000000,592.91000000,591.07000000,592.45000000,97.62000000
1780875000000,2026-06-07T23:30:00+00:00,592.45000000,592.73000000,592.11000000,592.38000000,29.10000000
1780875900000,2026-06-07T23:45:00+00:00,592.44000000,593.21000000,592.33000000,592.56000000,118.83000000
1780876800000,2026-06-08T00:00:00+00:00,592.56000000,594.95000000,591.08000000,593.11000000,339.65000000
1780877700000,2026-06-08T00:15:00+00:00,593.13000000,597.56000000,593.10000000,597.36000000,202.17000000
1780878600000,2026-06-08T00:30:00+00:00,597.36000000,600.98000000,597.36000000,598.49000000,247.34000000
1780879500000,2026-06-08T00:45:00+00:00,598.44000000,598.79000000,596.75000000,598.24000000,198.49000000
1780880400000,2026-06-08T01:00:00+00:00,598.25000000,598.76000000,597.25000000,597.25000000,106.88000000
1780881300000,2026-06-08T01:15:00+00:00,597.23000000,597.54000000,593.80000000,594.04000000,310.91000000
1780882200000,2026-06-08T01:30:00+00:00,593.96000000,597.10000000,593.25000000,596.45000000,340.35000000
1780883100000,2026-06-08T01:45:00+00:00,596.50000000,597.14000000,595.42000000,595.77000000,150.82000000
1780884000000,2026-06-08T02:00:00+00:00,595.80000000,596.35000000,595.05000000,595.85000000,114.49000000
1780884900000,2026-06-08T02:15:00+00:00,595.90000000,596.07000000,594.99000000,595.75000000,102.50000000
1780885800000,2026-06-08T02:30:00+00:00,595.75000000,596.89000000,594.75000000,596.89000000,212.09000000
1780886700000,2026-06-08T02:45:00+00:00,596.90000000,597.44000000,595.92000000,596.01000000,115.85000000
1780887600000,2026-06-08T03:00:00+00:00,596.00000000,596.03000000,595.59000000,595.85000000,30.87000000
1780888500000,2026-06-08T03:15:00+00:00,595.90000000,596.25000000,595.45000000,595.97000000,22.12000000
1780889400000,2026-06-08T03:30:00+00:00,596.10000000,596.64000000,596.10000000,596.40000000,4.12000000
1780890300000,2026-06-08T03:45:00+00:00,596.38000000,596.70000000,595.83000000,596.53000000,86.16000000
1780891200000,2026-06-08T04:00:00+00:00,596.62000000,596.69000000,595.26000000,595.54000000,65.43000000
1780892100000,2026-06-08T04:15:00+00:00,595.55000000,595.98000000,595.02000000,595.54000000,105.73000000
1780893000000,2026-06-08T04:30:00+00:00,595.44000000,595.54000000,593.85000000,594.14000000,67.31000000
1780893900000,2026-06-08T04:45:00+00:00,594.14000000,594.74000000,593.96000000,594.00000000,11.05000000
1780894800000,2026-06-08T05:00:00+00:00,594.01000000,594.64000000,593.32000000,593.38000000,44.02000000
1780895700000,2026-06-08T05:15:00+00:00,593.44000000,594.19000000,593.24000000,593.49000000,39.40000000
1780896600000,2026-06-08T05:30:00+00:00,593.52000000,593.84000000,591.07000000,591.39000000,204.94000000
1780897500000,2026-06-08T05:45:00+00:00,591.34000000,592.57000000,591.17000000,591.95000000,121.23000000
1780898400000,2026-06-08T06:00:00+00:00,592.00000000,593.44000000,592.00000000,592.51000000,128.66000000
1780899300000,2026-06-08T06:15:00+00:00,592.51000000,594.85000000,591.82000000,594.56000000,154.37000000
1780900200000,2026-06-08T06:30:00+00:00,594.54000000,594.90000000,593.65000000,594.41000000,71.84000000
1780901100000,2026-06-08T06:45:00+00:00,594.55000000,594.65000000,593.08000000,593.92000000,59.60000000
1780902000000,2026-06-08T07:00:00+00:00,593.95000000,595.56000000,593.44000000,595.15000000,48.62000000
1780902900000,2026-06-08T07:15:00+00:00,595.07000000,596.54000000,594.45000000,596.35000000,87.35000000
1780903800000,2026-06-08T07:30:00+00:00,596.31000000,596.68000000,595.61000000,596.46000000,132.91000000
1780904700000,2026-06-08T07:45:00+00:00,596.46000000,596.71000000,596.01000000,596.09000000,114.73000000
1780905600000,2026-06-08T08:00:00+00:00,596.06000000,596.20000000,594.36000000,594.69000000,372.87000000
1780906500000,2026-06-08T08:15:00+00:00,594.76000000,595.19000000,594.13000000,594.95000000,212.01000000
1780907400000,2026-06-08T08:30:00+00:00,595.09000000,595.09000000,593.27000000,594.14000000,169.99000000
1780908300000,2026-06-08T08:45:00+00:00,594.13000000,594.86000000,593.34000000,593.90000000,167.43000000
1780909200000,2026-06-08T09:00:00+00:00,594.01000000,594.61000000,593.62000000,594.10000000,103.05000000
1780910100000,2026-06-08T09:15:00+00:00,594.10000000,594.89000000,593.88000000,594.19000000,56.94000000
1780911000000,2026-06-08T09:30:00+00:00,594.12000000,595.31000000,593.37000000,595.08000000,156.03000000
1780911900000,2026-06-08T09:45:00+00:00,595.08000000,595.95000000,594.47000000,594.99000000,279.28000000
1780912800000,2026-06-08T10:00:00+00:00,595.00000000,595.00000000,593.95000000,594.50000000,138.43000000
1780913700000,2026-06-08T10:15:00+00:00,594.62000000,594.62000000,593.61000000,594.00000000,32.38000000
1780914600000,2026-06-08T10:30:00+00:00,594.05000000,595.51000000,593.78000000,594.21000000,187.08000000
1780915500000,2026-06-08T10:45:00+00:00,594.33000000,594.37000000,593.05000000,593.52000000,132.07000000
1780916400000,2026-06-08T11:00:00+00:00,593.50000000,594.85000000,591.97000000,594.83000000,139.99000000
1780917300000,2026-06-08T11:15:00+00:00,594.95000000,597.22000000,594.70000000,597.00000000,140.74000000
1780918200000,2026-06-08T11:30:00+00:00,596.98000000,597.99000000,596.57000000,596.67000000,158.48000000
1780919100000,2026-06-08T11:45:00+00:00,596.73000000,597.60000000,595.62000000,597.30000000,195.86000000
1780920000000,2026-06-08T12:00:00+00:00,597.20000000,597.20000000,596.25000000,596.80000000,151.69000000
1780920900000,2026-06-08T12:15:00+00:00,596.75000000,597.91000000,596.55000000,597.84000000,44.08000000
1780921800000,2026-06-08T12:30:00+00:00,597.73000000,600.05000000,597.72000000,599.51000000,179.91000000
1780922700000,2026-06-08T12:45:00+00:00,599.56000000,599.65000000,597.41000000,597.86000000,101.01000000
1780923600000,2026-06-08T13:00:00+00:00,597.86000000,598.70000000,596.98000000,598.40000000,184.61000000
1780924500000,2026-06-08T13:15:00+00:00,598.35000000,599.78000000,592.10000000,592.32000000,1191.59000000
1780925400000,2026-06-08T13:30:00+00:00,592.30000000,592.40000000,579.53000000,587.83000000,6803.75000000
1780926300000,2026-06-08T13:45:00+00:00,587.81000000,590.01000000,586.80000000,589.19000000,1755.64000000
1780927200000,2026-06-08T14:00:00+00:00,589.25000000,591.75000000,588.15000000,591.04000000,915.33000000
1780928100000,2026-06-08T14:15:00+00:00,591.05000000,591.15000000,588.51000000,588.81000000,864.87000000
1780929000000,2026-06-08T14:30:00+00:00,588.81000000,589.15000000,587.19000000,588.30000000,925.69000000
1780929900000,2026-06-08T14:45:00+00:00,588.35000000,591.00000000,588.29000000,590.79000000,804.08000000
1780930800000,2026-06-08T15:00:00+00:00,590.80000000,591.99000000,590.44000000,590.64000000,336.72000000
1780931700000,2026-06-08T15:15:00+00:00,590.67000000,591.25000000,588.09000000,588.33000000,800.15000000
1780932600000,2026-06-08T15:30:00+00:00,588.31000000,589.24000000,587.25000000,589.24000000,467.92000000
1780933500000,2026-06-08T15:45:00+00:00,589.14000000,589.71000000,587.83000000,588.15000000,231.53000000
1780934400000,2026-06-08T16:00:00+00:00,588.19000000,588.99000000,587.51000000,587.83000000,345.28000000
1780935300000,2026-06-08T16:15:00+00:00,587.88000000,589.47000000,587.88000000,588.37000000,140.74000000
1780936200000,2026-06-08T16:30:00+00:00,588.37000000,589.11000000,587.14000000,588.31000000,308.84000000
1780937100000,2026-06-08T16:45:00+00:00,588.36000000,588.80000000,587.08000000,587.15000000,352.89000000
1780938000000,2026-06-08T17:00:00+00:00,587.10000000,587.28000000,585.33000000,586.40000000,356.59000000
1780938900000,2026-06-08T17:15:00+00:00,586.38000000,588.57000000,586.38000000,588.48000000,443.08000000
1780939800000,2026-06-08T17:30:00+00:00,588.43000000,589.11000000,586.41000000,586.41000000,387.33000000
1780940700000,2026-06-08T17:45:00+00:00,586.47000000,588.05000000,586.47000000,587.28000000,143.43000000
1780941600000,2026-06-08T18:00:00+00:00,587.23000000,588.60000000,587.19000000,588.02000000,97.45000000
1780942500000,2026-06-08T18:15:00+00:00,588.01000000,589.01000000,588.01000000,588.81000000,68.62000000
1780943400000,2026-06-08T18:30:00+00:00,588.89000000,589.25000000,587.74000000,587.90000000,95.58000000
1780944300000,2026-06-08T18:45:00+00:00,587.98000000,588.52000000,587.90000000,587.90000000,32.33000000
1780945200000,2026-06-08T19:00:00+00:00,588.04000000,588.04000000,585.66000000,585.66000000,254.98000000
1780946100000,2026-06-08T19:15:00+00:00,585.66000000,588.10000000,585.61000000,588.04000000,163.87000000
1780947000000,2026-06-08T19:30:00+00:00,587.95000000,588.51000000,587.42000000,588.40000000,27.98000000
1780947900000,2026-06-08T19:45:00+00:00,588.31000000,590.16000000,585.21000000,585.65000000,338.31000000
1780948800000,2026-06-08T20:00:00+00:00,585.58000000,586.18000000,584.06000000,585.75000000,235.10000000
1780949700000,2026-06-08T20:15:00+00:00,585.74000000,585.74000000,585.20000000,585.54000000,77.13000000
1780950600000,2026-06-08T20:30:00+00:00,585.55000000,585.94000000,585.49000000,585.64000000,28.18000000
1780951500000,2026-06-08T20:45:00+00:00,585.64000000,586.69000000,585.58000000,586.37000000,73.53000000
1780952400000,2026-06-08T21:00:00+00:00,586.37000000,586.74000000,585.92000000,586.10000000,46.91000000
1780953300000,2026-06-08T21:15:00+00:00,586.10000000,586.49000000,585.48000000,585.88000000,74.20000000
1780954200000,2026-06-08T21:30:00+00:00,585.92000000,586.78000000,585.84000000,586.69000000,54.74000000
1780955100000,2026-06-08T21:45:00+00:00,586.41000000,586.64000000,586.40000000,586.40000000,1.59000000
1780956000000,2026-06-08T22:00:00+00:00,586.41000000,586.53000000,585.40000000,585.40000000,74.33000000
1780956900000,2026-06-08T22:15:00+00:00,585.40000000,586.23000000,585.21000000,585.95000000,14.76000000
1780957800000,2026-06-08T22:30:00+00:00,585.91000000,586.47000000,585.90000000,586.25000000,8.77000000
1780958700000,2026-06-08T22:45:00+00:00,586.24000000,586.90000000,586.17000000,586.74000000,23.98000000
1780959600000,2026-06-08T23:00:00+00:00,586.65000000,587.25000000,586.62000000,586.97000000,25.86000000
1780960500000,2026-06-08T23:15:00+00:00,587.03000000,587.11000000,586.57000000,586.73000000,33.66000000
1780961400000,2026-06-08T23:30:00+00:00,586.65000000,587.29000000,586.46000000,586.97000000,13.26000000
1780962300000,2026-06-08T23:45:00+00:00,586.95000000,586.95000000,585.95000000,586.36000000,60.29000000
1780963200000,2026-06-09T00:00:00+00:00,586.45000000,586.96000000,585.57000000,585.90000000,29.18000000
1780964100000,2026-06-09T00:15:00+00:00,585.84000000,586.35000000,585.57000000,586.22000000,28.78000000
1780965000000,2026-06-09T00:30:00+00:00,586.24000000,586.24000000,584.73000000,585.56000000,65.60000000
1780965900000,2026-06-09T00:45:00+00:00,585.66000000,585.74000000,585.45000000,585.69000000,27.87000000
1780966800000,2026-06-09T01:00:00+00:00,585.69000000,586.26000000,585.69000000,586.25000000,23.52000000
1780967700000,2026-06-09T01:15:00+00:00,586.08000000,588.10000000,586.08000000,587.29000000,192.67000000
1780968600000,2026-06-09T01:30:00+00:00,587.15000000,587.78000000,587.08000000,587.59000000,41.28000000
1780969500000,2026-06-09T01:45:00+00:00,587.59000000,587.84000000,587.47000000,587.50000000,8.89000000
1780970400000,2026-06-09T02:00:00+00:00,587.50000000,587.76000000,587.43000000,587.65000000,3.83000000
1780971300000,2026-06-09T02:15:00+00:00,587.68000000,587.68000000,586.97000000,587.33000000,46.70000000
1780972200000,2026-06-09T02:30:00+00:00,587.40000000,587.71000000,587.15000000,587.60000000,26.96000000
1780973100000,2026-06-09T02:45:00+00:00,587.47000000,588.05000000,587.40000000,588.01000000,9.31000000
1780974000000,2026-06-09T03:00:00+00:00,588.07000000,588.53000000,587.93000000,588.37000000,24.91000000
1780974900000,2026-06-09T03:15:00+00:00,588.41000000,588.62000000,587.85000000,588.44000000,29.25000000
1780975800000,2026-06-09T03:30:00+00:00,588.41000000,589.03000000,588.01000000,588.94000000,93.00000000
1780976700000,2026-06-09T03:45:00+00:00,588.95000000,589.04000000,588.51000000,588.90000000,15.07000000
1780977600000,2026-06-09T04:00:00+00:00,588.88000000,588.88000000,588.30000000,588.46000000,49.33000000
1780978500000,2026-06-09T04:15:00+00:00,588.42000000,588.70000000,588.14000000,588.30000000,11.32000000
1780979400000,2026-06-09T04:30:00+00:00,588.30000000,588.78000000,588.17000000,588.52000000,24.35000000
1780980300000,2026-06-09T04:45:00+00:00,588.52000000,588.60000000,587.89000000,588.01000000,8.94000000
1780981200000,2026-06-09T05:00:00+00:00,588.15000000,588.42000000,587.81000000,588.13000000,20.98000000
1780982100000,2026-06-09T05:15:00+00:00,587.98000000,588.05000000,587.70000000,587.83000000,2.19000000
1780983000000,2026-06-09T05:30:00+00:00,587.89000000,588.30000000,587.72000000,588.00000000,15.70000000
1780983900000,2026-06-09T05:45:00+00:00,588.11000000,588.22000000,587.90000000,587.96000000,2.42000000
1780984800000,2026-06-09T06:00:00+00:00,587.96000000,588.46000000,587.75000000,588.46000000,11.34000000
1780985700000,2026-06-09T06:15:00+00:00,588.45000000,588.99000000,588.45000000,588.55000000,45.05000000
1780986600000,2026-06-09T06:30:00+00:00,588.47000000,588.60000000,588.27000000,588.39000000,5.81000000
1780987500000,2026-06-09T06:45:00+00:00,588.55000000,588.55000000,588.03000000,588.33000000,32.62000000
1780988400000,2026-06-09T07:00:00+00:00,588.29000000,588.66000000,588.18000000,588.25000000,68.90000000
1780989300000,2026-06-09T07:15:00+00:00,588.25000000,588.48000000,587.71000000,587.80000000,20.00000000
1780990200000,2026-06-09T07:30:00+00:00,587.72000000,587.91000000,587.46000000,587.91000000,15.81000000
1780991100000,2026-06-09T07:45:00+00:00,587.91000000,588.12000000,587.46000000,587.70000000,44.02000000
1780992000000,2026-06-09T08:00:00+00:00,587.64000000,588.83000000,586.68000000,588.66000000,131.52000000
1780992900000,2026-06-09T08:15:00+00:00,588.64000000,588.90000000,587.85000000,588.67000000,56.04000000
1780993800000,2026-06-09T08:30:00+00:00,588.50000000,590.24000000,588.27000000,589.88000000,200.23000000
1780994700000,2026-06-09T08:45:00+00:00,589.84000000,589.94000000,588.79000000,589.05000000,113.23000000
1780995600000,2026-06-09T09:00:00+00:00,589.02000000,589.55000000,588.98000000,589.46000000,20.34000000
1780996500000,2026-06-09T09:15:00+00:00,589.46000000,590.04000000,589.45000000,589.91000000,12.18000000
1780997400000,2026-06-09T09:30:00+00:00,589.87000000,590.01000000,589.41000000,589.87000000,30.36000000
1780998300000,2026-06-09T09:45:00+00:00,589.78000000,591.36000000,589.78000000,590.73000000,57.54000000
1780999200000,2026-06-09T10:00:00+00:00,590.73000000,590.97000000,588.69000000,590.23000000,163.84000000
1781000100000,2026-06-09T10:15:00+00:00,590.30000000,590.40000000,589.19000000,589.65000000,34.97000000
1781001000000,2026-06-09T10:30:00+00:00,589.65000000,596.47000000,589.65000000,593.61000000,1158.24000000
1781001900000,2026-06-09T10:45:00+00:00,593.61000000,594.62000000,592.47000000,593.15000000,309.22000000
1781002800000,2026-06-09T11:00:00+00:00,593.15000000,593.54000000,592.35000000,592.57000000,101.83000000
1781003700000,2026-06-09T11:15:00+00:00,592.57000000,593.41000000,591.83000000,592.48000000,123.23000000
1781004600000,2026-06-09T11:30:00+00:00,592.28000000,594.00000000,592.15000000,593.91000000,105.17000000
1781005500000,2026-06-09T11:45:00+00:00,593.80000000,594.42000000,592.95000000,593.17000000,57.50000000
1781006400000,2026-06-09T12:00:00+00:00,593.25000000,593.28000000,591.75000000,591.81000000,68.83000000
1781007300000,2026-06-09T12:15:00+00:00,591.81000000,592.61000000,591.47000000,591.88000000,89.92000000
1781008200000,2026-06-09T12:30:00+00:00,591.95000000,593.06000000,591.95000000,592.40000000,84.79000000
1781009100000,2026-06-09T12:45:00+00:00,592.38000000,592.38000000,591.07000000,592.03000000,73.70000000
1781010000000,2026-06-09T13:00:00+00:00,592.05000000,592.11000000,590.34000000,590.59000000,88.50000000
1781010900000,2026-06-09T13:15:00+00:00,590.80000000,592.29000000,590.03000000,591.92000000,337.38000000
1781011800000,2026-06-09T13:30:00+00:00,591.94000000,596.31000000,588.16000000,596.07000000,5071.10000000
1781012700000,2026-06-09T13:45:00+00:00,596.00000000,597.95000000,593.65000000,596.25000000,1508.93000000
1781013600000,2026-06-09T14:00:00+00:00,596.36000000,597.52000000,594.68000000,594.68000000,397.16000000
1781014500000,2026-06-09T14:15:00+00:00,594.70000000,596.74000000,592.71000000,594.99000000,464.94000000
1781015400000,2026-06-09T14:30:00+00:00,594.69000000,597.19000000,594.30000000,594.69000000,334.73000000
1781016300000,2026-06-09T14:45:00+00:00,594.70000000,594.96000000,590.56000000,593.80000000,370.31000000
1781017200000,2026-06-09T15:00:00+00:00,593.85000000,595.42000000,593.11000000,593.69000000,305.48000000
1781018100000,2026-06-09T15:15:00+00:00,593.69000000,593.87000000,588.22000000,588.69000000,431.95000000
1781019000000,2026-06-09T15:30:00+00:00,588.71000000,590.28000000,587.73000000,589.38000000,1380.67000000
1781019900000,2026-06-09T15:45:00+00:00,589.43000000,590.99000000,587.53000000,587.60000000,450.82000000
1781020800000,2026-06-09T16:00:00+00:00,587.63000000,589.05000000,585.92000000,587.60000000,1037.46000000
1781021700000,2026-06-09T16:15:00+00:00,587.64000000,587.64000000,584.00000000,586.52000000,497.40000000
1781022600000,2026-06-09T16:30:00+00:00,586.45000000,587.80000000,581.35000000,583.15000000,805.08000000
1781023500000,2026-06-09T16:45:00+00:00,583.11000000,584.45000000,581.66000000,583.88000000,731.12000000
1781024400000,2026-06-09T17:00:00+00:00,584.15000000,585.86000000,583.56000000,585.30000000,314.30000000
1781025300000,2026-06-09T17:15:00+00:00,585.32000000,587.54000000,584.93000000,586.96000000,131.74000000
1781026200000,2026-06-09T17:30:00+00:00,587.10000000,590.25000000,587.06000000,589.87000000,211.87000000
1781027100000,2026-06-09T17:45:00+00:00,589.80000000,590.10000000,588.16000000,589.15000000,124.72000000
1781028000000,2026-06-09T18:00:00+00:00,589.11000000,591.03000000,588.40000000,589.00000000,86.53000000
1781028900000,2026-06-09T18:15:00+00:00,589.13000000,590.25000000,588.30000000,589.97000000,93.56000000
1781029800000,2026-06-09T18:30:00+00:00,589.98000000,590.89000000,589.45000000,589.45000000,89.96000000
1781030700000,2026-06-09T18:45:00+00:00,589.45000000,591.65000000,589.45000000,591.50000000,61.38000000
1781031600000,2026-06-09T19:00:00+00:00,591.41000000,591.88000000,590.05000000,590.25000000,79.35000000
1781032500000,2026-06-09T19:15:00+00:00,590.34000000,590.39000000,588.55000000,588.91000000,148.87000000
1781033400000,2026-06-09T19:30:00+00:00,588.91000000,588.95000000,586.61000000,586.63000000,111.28000000
1781034300000,2026-06-09T19:45:00+00:00,586.90000000,588.00000000,585.09000000,585.09000000,425.87000000
1781035200000,2026-06-09T20:00:00+00:00,585.44000000,586.80000000,585.16000000,585.78000000,112.32000000
1781036100000,2026-06-09T20:15:00+00:00,585.84000000,586.43000000,585.64000000,586.43000000,12.94000000
1781037000000,2026-06-09T20:30:00+00:00,586.43000000,587.97000000,585.43000000,587.85000000,118.13000000
1781037900000,2026-06-09T20:45:00+00:00,587.75000000,589.65000000,587.16000000,589.65000000,166.92000000
1781038800000,2026-06-09T21:00:00+00:00,589.55000000,589.92000000,587.56000000,587.98000000,136.31000000
1781039700000,2026-06-09T21:15:00+00:00,587.98000000,588.06000000,585.96000000,586.25000000,154.29000000
1781040600000,2026-06-09T21:30:00+00:00,586.21000000,586.92000000,585.91000000,586.81000000,69.77000000
1781041500000,2026-06-09T21:45:00+00:00,586.81000000,587.25000000,586.55000000,586.85000000,24.47000000
1781042400000,2026-06-09T22:00:00+00:00,586.93000000,587.30000000,586.59000000,586.74000000,21.78000000
1781043300000,2026-06-09T22:15:00+00:00,586.85000000,587.28000000,586.65000000,586.76000000,29.41000000
1781044200000,2026-06-09T22:30:00+00:00,586.70000000,586.95000000,586.26000000,586.75000000,96.53000000
1781045100000,2026-06-09T22:45:00+00:00,586.74000000,587.97000000,586.39000000,587.65000000,98.73000000
1781046000000,2026-06-09T23:00:00+00:00,587.56000000,588.11000000,586.55000000,586.95000000,158.27000000
1781046900000,2026-06-09T23:15:00+00:00,586.90000000,587.25000000,586.25000000,586.61000000,60.27000000
1781047800000,2026-06-09T23:30:00+00:00,586.60000000,586.87000000,586.24000000,586.70000000,41.04000000
1781048700000,2026-06-09T23:45:00+00:00,586.62000000,588.62000000,586.49000000,587.77000000,237.49000000
1781049600000,2026-06-10T00:00:00+00:00,587.78000000,589.59000000,587.18000000,588.20000000,112.27000000
1781050500000,2026-06-10T00:15:00+00:00,588.25000000,588.45000000,587.55000000,587.73000000,24.21000000
1781051400000,2026-06-10T00:30:00+00:00,587.73000000,588.05000000,585.76000000,585.95000000,127.36000000
1781052300000,2026-06-10T00:45:00+00:00,585.96000000,588.10000000,585.96000000,588.06000000,73.16000000
1781053200000,2026-06-10T01:00:00+00:00,587.85000000,588.28000000,587.28000000,587.84000000,78.46000000
1781054100000,2026-06-10T01:15:00+00:00,587.70000000,588.27000000,587.39000000,587.70000000,27.44000000
1781055000000,2026-06-10T01:30:00+00:00,587.75000000,588.17000000,586.75000000,586.93000000,105.13000000
1781055900000,2026-06-10T01:45:00+00:00,586.95000000,587.50000000,586.45000000,587.19000000,92.40000000
1781056800000,2026-06-10T02:00:00+00:00,587.05000000,587.09000000,586.20000000,586.45000000,17.24000000
1781057700000,2026-06-10T02:15:00+00:00,586.54000000,586.72000000,585.88000000,586.54000000,14.75000000
1781058600000,2026-06-10T02:30:00+00:00,586.60000000,587.03000000,585.97000000,586.60000000,23.97000000
1781059500000,2026-06-10T02:45:00+00:00,586.60000000,587.29000000,585.75000000,586.15000000,83.70000000
1781060400000,2026-06-10T03:00:00+00:00,586.11000000,587.33000000,586.02000000,586.74000000,44.44000000
1781061300000,2026-06-10T03:15:00+00:00,586.68000000,586.99000000,586.21000000,586.99000000,20.84000000
1781062200000,2026-06-10T03:30:00+00:00,586.94000000,587.10000000,586.06000000,586.16000000,44.10000000
1781063100000,2026-06-10T03:45:00+00:00,586.13000000,586.43000000,585.75000000,586.02000000,51.70000000
1781064000000,2026-06-10T04:00:00+00:00,586.02000000,586.24000000,584.42000000,584.79000000,117.79000000
1781064900000,2026-06-10T04:15:00+00:00,584.87000000,586.27000000,584.70000000,586.10000000,71.01000000
1781065800000,2026-06-10T04:30:00+00:00,586.08000000,586.08000000,584.75000000,584.82000000,65.47000000
1781066700000,2026-06-10T04:45:00+00:00,584.75000000,586.25000000,584.27000000,585.92000000,92.00000000
1781067600000,2026-06-10T05:00:00+00:00,585.95000000,585.95000000,584.78000000,584.92000000,70.17000000
1781068500000,2026-06-10T05:15:00+00:00,584.90000000,585.55000000,583.89000000,585.55000000,120.90000000
1781069400000,2026-06-10T05:30:00+00:00,585.60000000,586.00000000,584.50000000,585.20000000,47.52000000
1781070300000,2026-06-10T05:45:00+00:00,585.14000000,586.28000000,584.82000000,585.76000000,33.17000000
1781071200000,2026-06-10T06:00:00+00:00,585.84000000,586.59000000,585.61000000,585.91000000,75.46000000
1781072100000,2026-06-10T06:15:00+00:00,585.91000000,586.10000000,585.11000000,585.59000000,61.10000000
1781073000000,2026-06-10T06:30:00+00:00,585.60000000,586.04000000,585.25000000,585.81000000,21.60000000
1781073900000,2026-06-10T06:45:00+00:00,585.72000000,585.92000000,585.15000000,585.43000000,45.42000000
1781074800000,2026-06-10T07:00:00+00:00,585.41000000,587.38000000,584.82000000,585.76000000,479.44000000
1781075700000,2026-06-10T07:15:00+00:00,585.82000000,586.20000000,585.65000000,585.73000000,14.35000000
1781076600000,2026-06-10T07:30:00+00:00,585.83000000,586.15000000,585.16000000,585.41000000,53.43000000
1781077500000,2026-06-10T07:45:00+00:00,585.40000000,586.05000000,585.24000000,585.95000000,43.42000000
1781078400000,2026-06-10T08:00:00+00:00,585.95000000,586.12000000,584.39000000,584.71000000,374.97000000
1781079300000,2026-06-10T08:15:00+00:00,584.81000000,585.35000000,582.75000000,583.20000000,314.61000000
1781080200000,2026-06-10T08:30:00+00:00,583.25000000,583.92000000,582.05000000,582.05000000,166.48000000
1781081100000,2026-06-10T08:45:00+00:00,582.13000000,583.44000000,581.77000000,581.90000000,195.28000000
1781082000000,2026-06-10T09:00:00+00:00,581.95000000,583.35000000,581.45000000,581.45000000,154.14000000
1781082900000,2026-06-10T09:15:00+00:00,581.43000000,583.26000000,580.92000000,583.26000000,116.82000000
1781083800000,2026-06-10T09:30:00+00:00,583.24000000,583.45000000,581.81000000,582.06000000,137.48000000
1781084700000,2026-06-10T09:45:00+00:00,582.18000000,582.55000000,581.61000000,581.91000000,80.29000000
1781085600000,2026-06-10T10:00:00+00:00,582.00000000,582.55000000,581.73000000,582.30000000,39.95000000
1781086500000,2026-06-10T10:15:00+00:00,582.37000000,582.89000000,581.37000000,582.79000000,101.37000000
1781087400000,2026-06-10T10:30:00+00:00,582.70000000,583.30000000,582.50000000,583.30000000,50.91000000
1781088300000,2026-06-10T10:45:00+00:00,583.32000000,583.38000000,582.30000000,582.90000000,148.94000000
1781089200000,2026-06-10T11:00:00+00:00,582.92000000,583.50000000,580.21000000,582.17000000,402.47000000
1781090100000,2026-06-10T11:15:00+00:00,582.01000000,583.11000000,578.92000000,579.41000000,3719.89000000
1781091000000,2026-06-10T11:30:00+00:00,579.41000000,579.59000000,577.75000000,578.76000000,1246.80000000
1781091900000,2026-06-10T11:45:00+00:00,578.69000000,580.80000000,578.42000000,579.66000000,206.49000000
1781092800000,2026-06-10T12:00:00+00:00,579.68000000,581.19000000,579.36000000,580.27000000,162.90000000
1781093700000,2026-06-10T12:15:00+00:00,580.29000000,582.07000000,579.80000000,582.04000000,256.18000000
1781094600000,2026-06-10T12:30:00+00:00,582.04000000,584.35000000,580.50000000,583.39000000,612.29000000
1781095500000,2026-06-10T12:45:00+00:00,583.39000000,584.12000000,582.14000000,582.26000000,148.02000000
1781096400000,2026-06-10T13:00:00+00:00,582.25000000,582.74000000,581.19000000,581.54000000,227.30000000
1781097300000,2026-06-10T13:15:00+00:00,581.55000000,583.46000000,580.01000000,581.19000000,1078.92000000
1781098200000,2026-06-10T13:30:00+00:00,581.01000000,591.17000000,579.90000000,591.17000000,3513.82000000
1781099100000,2026-06-10T13:45:00+00:00,591.03000000,591.29000000,587.56000000,588.05000000,1582.52000000
1781100000000,2026-06-10T14:00:00+00:00,588.10000000,590.35000000,584.86000000,585.67000000,1228.06000000
1781100900000,2026-06-10T14:15:00+00:00,585.61000000,586.64000000,583.43000000,583.95000000,488.21000000
1781101800000,2026-06-10T14:30:00+00:00,583.97000000,584.15000000,582.18000000,582.36000000,341.45000000
1781102700000,2026-06-10T14:45:00+00:00,582.34000000,582.60000000,578.81000000,579.55000000,627.48000000
1781103600000,2026-06-10T15:00:00+00:00,579.41000000,581.29000000,575.50000000,576.81000000,694.33000000
1781104500000,2026-06-10T15:15:00+00:00,576.70000000,579.19000000,575.67000000,578.25000000,599.08000000
1781105400000,2026-06-10T15:30:00+00:00,578.20000000,580.35000000,577.14000000,579.90000000,498.99000000
1781106300000,2026-06-10T15:45:00+00:00,579.85000000,580.60000000,576.49000000,579.95000000,1642.36000000
1781107200000,2026-06-10T16:00:00+00:00,580.01000000,580.19000000,578.08000000,578.10000000,764.53000000
1781108100000,2026-06-10T16:15:00+00:00,578.19000000,578.56000000,576.89000000,577.44000000,467.84000000
1781109000000,2026-06-10T16:30:00+00:00,577.30000000,578.48000000,576.55000000,577.45000000,125.20000000
1781109900000,2026-06-10T16:45:00+00:00,577.26000000,578.40000000,576.45000000,577.78000000,270.34000000
1781110800000,2026-06-10T17:00:00+00:00,577.62000000,578.48000000,575.56000000,575.86000000,276.70000000
1781111700000,2026-06-10T17:15:00+00:00,575.89000000,576.73000000,575.32000000,576.28000000,265.99000000
1781112600000,2026-06-10T17:30:00+00:00,576.21000000,576.21000000,574.31000000,574.54000000,276.81000000
1781113500000,2026-06-10T17:45:00+00:00,574.59000000,576.29000000,574.16000000,575.64000000,401.91000000
1781114400000,2026-06-10T18:00:00+00:00,575.71000000,577.38000000,575.71000000,576.29000000,78.42000000
1781115300000,2026-06-10T18:15:00+00:00,576.29000000,576.64000000,575.50000000,575.95000000,66.69000000
1781116200000,2026-06-10T18:30:00+00:00,575.61000000,575.62000000,573.51000000,573.81000000,252.79000000
1781117100000,2026-06-10T18:45:00+00:00,573.85000000,573.99000000,572.82000000,572.82000000,691.61000000
1781118000000,2026-06-10T19:00:00+00:00,572.85000000,573.53000000,571.87000000,572.39000000,710.81000000
1781118900000,2026-06-10T19:15:00+00:00,572.39000000,573.12000000,570.73000000,571.15000000,180.81000000
1781119800000,2026-06-10T19:30:00+00:00,571.15000000,573.78000000,570.81000000,573.40000000,124.52000000
1781120700000,2026-06-10T19:45:00+00:00,573.35000000,573.50000000,571.05000000,571.15000000,383.23000000
1781121600000,2026-06-10T20:00:00+00:00,571.14000000,571.70000000,570.00000000,570.80000000,149.42000000
1781122500000,2026-06-10T20:15:00+00:00,570.75000000,571.20000000,570.20000000,571.08000000,36.04000000
1781123400000,2026-06-10T20:30:00+00:00,571.10000000,572.42000000,570.53000000,571.27000000,278.12000000
1781124300000,2026-06-10T20:45:00+00:00,571.25000000,572.20000000,570.70000000,572.03000000,60.80000000
1781125200000,2026-06-10T21:00:00+00:00,571.93000000,572.18000000,570.47000000,570.55000000,81.76000000
1781126100000,2026-06-10T21:15:00+00:00,570.52000000,571.13000000,570.40000000,570.90000000,41.08000000
1781127000000,2026-06-10T21:30:00+00:00,570.91000000,571.02000000,570.50000000,570.61000000,51.01000000
1781127900000,2026-06-10T21:45:00+00:00,570.56000000,570.82000000,570.35000000,570.65000000,20.20000000
1781128800000,2026-06-10T22:00:00+00:00,570.45000000,570.72000000,568.35000000,569.24000000,132.79000000
1781129700000,2026-06-10T22:15:00+00:00,569.30000000,569.50000000,568.61000000,569.10000000,57.22000000
1781130600000,2026-06-10T22:30:00+00:00,569.30000000,569.54000000,568.46000000,568.95000000,94.03000000
1781131500000,2026-06-10T22:45:00+00:00,568.85000000,569.35000000,567.95000000,567.95000000,91.27000000
1781132400000,2026-06-10T23:00:00+00:00,567.91000000,568.52000000,567.26000000,567.34000000,133.47000000
1781133300000,2026-06-10T23:15:00+00:00,567.25000000,568.97000000,567.14000000,568.97000000,195.92000000
1781134200000,2026-06-10T23:30:00+00:00,568.80000000,569.54000000,568.18000000,569.50000000,72.95000000
1781135100000,2026-06-10T23:45:00+00:00,569.35000000,569.35000000,568.35000000,568.45000000,156.14000000
1781136000000,2026-06-11T00:00:00+00:00,568.55000000,569.95000000,568.55000000,569.89000000,163.60000000
1781136900000,2026-06-11T00:15:00+00:00,569.86000000,571.68000000,569.78000000,570.93000000,68.60000000
1781137800000,2026-06-11T00:30:00+00:00,570.81000000,571.23000000,570.04000000,570.61000000,106.86000000
1781138700000,2026-06-11T00:45:00+00:00,570.61000000,572.70000000,570.61000000,572.33000000,98.33000000
1781139600000,2026-06-11T01:00:00+00:00,572.46000000,574.38000000,572.46000000,573.85000000,209.34000000
1781140500000,2026-06-11T01:15:00+00:00,573.90000000,574.41000000,573.51000000,574.34000000,50.83000000
1781141400000,2026-06-11T01:30:00+00:00,574.31000000,574.44000000,573.07000000,573.66000000,67.95000000
1781142300000,2026-06-11T01:45:00+00:00,573.61000000,574.59000000,572.97000000,573.44000000,364.03000000
1781143200000,2026-06-11T02:00:00+00:00,573.37000000,574.15000000,572.67000000,572.88000000,79.18000000
1781144100000,2026-06-11T02:15:00+00:00,572.80000000,573.15000000,571.98000000,572.79000000,81.29000000
1781145000000,2026-06-11T02:30:00+00:00,572.90000000,573.15000000,571.96000000,572.08000000,82.01000000
1781145900000,2026-06-11T02:45:00+00:00,572.10000000,573.19000000,571.61000000,572.96000000,117.28000000
1781146800000,2026-06-11T03:00:00+00:00,572.96000000,573.35000000,572.31000000,572.57000000,109.86000000
1781147700000,2026-06-11T03:15:00+00:00,572.63000000,572.97000000,571.43000000,572.77000000,127.90000000
1781148600000,2026-06-11T03:30:00+00:00,572.91000000,573.97000000,572.91000000,573.65000000,108.43000000
1781149500000,2026-06-11T03:45:00+00:00,573.65000000,575.19000000,573.42000000,574.85000000,123.36000000
1781150400000,2026-06-11T04:00:00+00:00,574.89000000,575.35000000,574.63000000,574.78000000,73.32000000
1781151300000,2026-06-11T04:15:00+00:00,574.65000000,575.04000000,574.20000000,574.45000000,126.18000000
1781152200000,2026-06-11T04:30:00+00:00,574.49000000,574.92000000,574.23000000,574.92000000,35.77000000
1781153100000,2026-06-11T04:45:00+00:00,574.83000000,575.02000000,573.99000000,574.60000000,71.13000000
1781154000000,2026-06-11T05:00:00+00:00,574.55000000,574.55000000,573.68000000,573.91000000,77.69000000
1781154900000,2026-06-11T05:15:00+00:00,573.91000000,574.10000000,573.51000000,573.75000000,58.18000000
1781155800000,2026-06-11T05:30:00+00:00,573.81000000,574.32000000,573.65000000,574.22000000,15.58000000
1781156700000,2026-06-11T05:45:00+00:00,574.15000000,574.60000000,573.89000000,574.33000000,45.58000000
1781157600000,2026-06-11T06:00:00+00:00,574.27000000,574.50000000,572.76000000,573.37000000,102.91000000
1781158500000,2026-06-11T06:15:00+00:00,573.38000000,573.95000000,572.85000000,573.76000000,100.06000000
1781159400000,2026-06-11T06:30:00+00:00,573.70000000,574.50000000,573.50000000,574.19000000,19.85000000
1781160300000,2026-06-11T06:45:00+00:00,574.16000000,574.82000000,573.87000000,574.64000000,61.26000000
1781161200000,2026-06-11T07:00:00+00:00,574.75000000,575.03000000,574.33000000,574.58000000,32.17000000
1781162100000,2026-06-11T07:15:00+00:00,574.63000000,575.67000000,574.63000000,575.24000000,61.59000000
1781163000000,2026-06-11T07:30:00+00:00,575.25000000,575.65000000,575.19000000,575.48000000,25.61000000
1781163900000,2026-06-11T07:45:00+00:00,575.56000000,575.68000000,574.21000000,574.80000000,176.42000000
1781164800000,2026-06-11T08:00:00+00:00,574.70000000,576.95000000,573.94000000,575.99000000,304.82000000
1781165700000,2026-06-11T08:15:00+00:00,576.03000000,576.70000000,575.22000000,576.36000000,227.38000000
1781166600000,2026-06-11T08:30:00+00:00,576.25000000,576.87000000,575.70000000,575.99000000,121.05000000
1781167500000,2026-06-11T08:45:00+00:00,576.00000000,576.16000000,575.57000000,576.05000000,47.64000000
1781168400000,2026-06-11T09:00:00+00:00,576.05000000,576.43000000,575.85000000,576.21000000,61.58000000
1781169300000,2026-06-11T09:15:00+00:00,576.25000000,576.56000000,575.75000000,575.78000000,15.64000000
1781170200000,2026-06-11T09:30:00+00:00,575.85000000,576.26000000,575.07000000,575.90000000,79.19000000
1781171100000,2026-06-11T09:45:00+00:00,575.90000000,576.32000000,575.49000000,575.52000000,47.80000000
1781172000000,2026-06-11T10:00:00+00:00,575.65000000,575.89000000,574.40000000,574.47000000,55.57000000
1781172900000,2026-06-11T10:15:00+00:00,574.59000000,575.47000000,569.98000000,572.04000000,714.97000000
1781173800000,2026-06-11T10:30:00+00:00,571.96000000,574.40000000,571.96000000,573.56000000,379.10000000
1781174700000,2026-06-11T10:45:00+00:00,573.60000000,573.76000000,572.49000000,573.24000000,116.10000000
1781175600000,2026-06-11T11:00:00+00:00,573.20000000,573.60000000,571.85000000,572.37000000,202.45000000
1781176500000,2026-06-11T11:15:00+00:00,572.33000000,573.48000000,572.04000000,573.10000000,242.49000000
1781177400000,2026-06-11T11:30:00+00:00,573.05000000,573.49000000,572.37000000,573.09000000,80.59000000
1781178300000,2026-06-11T11:45:00+00:00,572.96000000,572.99000000,572.35000000,572.73000000,20.31000000
1781179200000,2026-06-11T12:00:00+00:00,572.69000000,572.79000000,572.29000000,572.51000000,86.76000000
1781180100000,2026-06-11T12:15:00+00:00,572.51000000,572.63000000,570.26000000,571.22000000,891.59000000
1781181000000,2026-06-11T12:30:00+00:00,571.25000000,571.84000000,568.99000000,570.32000000,351.76000000
1781181900000,2026-06-11T12:45:00+00:00,570.47000000,571.60000000,570.11000000,571.23000000,124.26000000
1781182800000,2026-06-11T13:00:00+00:00,571.19000000,571.54000000,569.99000000,570.25000000,137.34000000
1781183700000,2026-06-11T13:15:00+00:00,570.31000000,570.84000000,566.09000000,566.09000000,512.40000000
1781184600000,2026-06-11T13:30:00+00:00,566.05000000,568.00000000,561.47000000,562.78000000,4942.04000000
1781185500000,2026-06-11T13:45:00+00:00,562.57000000,566.55000000,562.27000000,564.07000000,2332.56000000
1781186400000,2026-06-11T14:00:00+00:00,564.01000000,565.77000000,560.10000000,560.40000000,1123.95000000
1781187300000,2026-06-11T14:15:00+00:00,560.40000000,562.58000000,557.74000000,561.11000000,2070.95000000
1781188200000,2026-06-11T14:30:00+00:00,561.22000000,564.30000000,559.60000000,561.16000000,599.01000000
1781189100000,2026-06-11T14:45:00+00:00,561.19000000,561.93000000,558.33000000,558.84000000,1082.75000000
1781190000000,2026-06-11T15:00:00+00:00,558.75000000,561.85000000,557.37000000,561.05000000,875.09000000
1781190900000,2026-06-11T15:15:00+00:00,561.01000000,563.09000000,560.95000000,561.34000000,390.24000000
1781191800000,2026-06-11T15:30:00+00:00,561.20000000,562.99000000,560.73000000,561.16000000,541.23000000
1781192700000,2026-06-11T15:45:00+00:00,561.20000000,561.92000000,560.03000000,561.37000000,236.96000000
1781193600000,2026-06-11T16:00:00+00:00,561.25000000,564.53000000,561.01000000,564.25000000,334.45000000
1781194500000,2026-06-11T16:15:00+00:00,564.29000000,564.99000000,563.67000000,564.10000000,311.17000000
1781195400000,2026-06-11T16:30:00+00:00,564.06000000,565.69000000,563.25000000,563.84000000,307.36000000
1781196300000,2026-06-11T16:45:00+00:00,563.85000000,564.00000000,560.85000000,560.96000000,150.91000000
1781197200000,2026-06-11T17:00:00+00:00,561.04000000,561.50000000,558.48000000,560.78000000,891.26000000
1781198100000,2026-06-11T17:15:00+00:00,560.60000000,566.09000000,559.40000000,566.09000000,1226.62000000
1781199000000,2026-06-11T17:30:00+00:00,566.20000000,569.57000000,565.76000000,568.77000000,4923.78000000
1781199900000,2026-06-11T17:45:00+00:00,568.77000000,569.26000000,567.00000000,568.94000000,803.83000000
1781200800000,2026-06-11T18:00:00+00:00,568.89000000,569.25000000,565.80000000,566.84000000,757.93000000
1781201700000,2026-06-11T18:15:00+00:00,566.85000000,568.80000000,566.73000000,567.62000000,635.18000000
1781202600000,2026-06-11T18:30:00+00:00,567.54000000,568.05000000,566.71000000,567.77000000,153.76000000
1781203500000,2026-06-11T18:45:00+00:00,567.71000000,568.67000000,567.54000000,567.71000000,362.13000000
1781204400000,2026-06-11T19:00:00+00:00,567.72000000,569.55000000,567.71000000,568.50000000,283.49000000
1781205300000,2026-06-11T19:15:00+00:00,568.56000000,570.23000000,568.51000000,569.89000000,96.89000000
1781206200000,2026-06-11T19:30:00+00:00,570.00000000,572.35000000,570.00000000,570.91000000,298.06000000
1781207100000,2026-06-11T19:45:00+00:00,570.88000000,570.91000000,567.63000000,568.76000000,667.84000000
1781208000000,2026-06-11T20:00:00+00:00,568.75000000,570.41000000,568.40000000,570.20000000,277.63000000
1781208900000,2026-06-11T20:15:00+00:00,570.15000000,570.49000000,569.77000000,569.98000000,47.75000000
1781209800000,2026-06-11T20:30:00+00:00,569.88000000,570.40000000,569.55000000,569.85000000,57.78000000
1781210700000,2026-06-11T20:45:00+00:00,569.90000000,571.87000000,569.90000000,571.82000000,141.08000000
1781211600000,2026-06-11T21:00:00+00:00,571.76000000,572.39000000,571.67000000,572.21000000,85.61000000
1781212500000,2026-06-11T21:15:00+00:00,572.22000000,572.75000000,571.65000000,572.15000000,89.65000000
1781213400000,2026-06-11T21:30:00+00:00,572.22000000,572.64000000,571.43000000,571.58000000,102.71000000
1781214300000,2026-06-11T21:45:00+00:00,571.93000000,572.33000000,571.65000000,572.00000000,15.32000000
1781215200000,2026-06-11T22:00:00+00:00,571.96000000,573.09000000,571.95000000,572.83000000,50.01000000
1781216100000,2026-06-11T22:15:00+00:00,572.88000000,573.14000000,572.00000000,572.72000000,421.16000000
1781217000000,2026-06-11T22:30:00+00:00,572.71000000,573.31000000,572.64000000,573.20000000,64.96000000
1781217900000,2026-06-11T22:45:00+00:00,573.21000000,573.49000000,572.95000000,573.20000000,45.76000000
1781218800000,2026-06-11T23:00:00+00:00,573.20000000,573.33000000,572.95000000,573.33000000,68.71000000
1781219700000,2026-06-11T23:15:00+00:00,573.33000000,573.54000000,572.28000000,572.75000000,209.01000000
1781220600000,2026-06-11T23:30:00+00:00,572.70000000,573.59000000,572.70000000,573.22000000,70.14000000
1781221500000,2026-06-11T23:45:00+00:00,573.24000000,573.49000000,573.13000000,573.23000000,15.91000000
1781222400000,2026-06-12T00:00:00+00:00,573.24000000,574.18000000,572.52000000,573.47000000,186.61000000
1781223300000,2026-06-12T00:15:00+00:00,573.42000000,574.09000000,573.22000000,574.01000000,53.11000000
1781224200000,2026-06-12T00:30:00+00:00,573.90000000,574.60000000,573.34000000,573.53000000,96.81000000
1781225100000,2026-06-12T00:45:00+00:00,573.55000000,573.99000000,572.90000000,573.35000000,72.39000000
1781226000000,2026-06-12T01:00:00+00:00,573.40000000,573.48000000,572.46000000,572.85000000,35.28000000
1781226900000,2026-06-12T01:15:00+00:00,572.84000000,573.05000000,571.61000000,571.84000000,186.56000000
1781227800000,2026-06-12T01:30:00+00:00,571.75000000,572.44000000,571.39000000,571.60000000,100.77000000
1781228700000,2026-06-12T01:45:00+00:00,571.60000000,573.22000000,571.60000000,573.07000000,264.47000000
1781229600000,2026-06-12T02:00:00+00:00,573.21000000,573.54000000,572.77000000,573.09000000,64.85000000
1781230500000,2026-06-12T02:15:00+00:00,573.11000000,573.19000000,572.39000000,572.52000000,31.24000000
1781231400000,2026-06-12T02:30:00+00:00,572.51000000,573.50000000,571.98000000,573.48000000,158.83000000
1781232300000,2026-06-12T02:45:00+00:00,573.49000000,573.57000000,573.11000000,573.26000000,13.87000000
1781233200000,2026-06-12T03:00:00+00:00,573.25000000,573.25000000,572.36000000,572.91000000,57.16000000
1781234100000,2026-06-12T03:15:00+00:00,572.89000000,573.04000000,572.15000000,572.67000000,39.93000000
1781235000000,2026-06-12T03:30:00+00:00,572.76000000,573.02000000,572.61000000,572.83000000,65.08000000
1781235900000,2026-06-12T03:45:00+00:00,572.79000000,572.84000000,572.25000000,572.65000000,82.25000000
1781236800000,2026-06-12T04:00:00+00:00,572.61000000,572.61000000,572.09000000,572.24000000,27.20000000
1781237700000,2026-06-12T04:15:00+00:00,572.16000000,573.00000000,572.02000000,573.00000000,29.52000000
1781238600000,2026-06-12T04:30:00+00:00,573.05000000,573.09000000,572.67000000,572.84000000,7.26000000
