open_time_ms,open_time_iso,open,high,low,close,volume
1770645600000,2026-02-09T14:00:00+00:00,129.99000000,130.98000000,125.18000000,130.01000000,44340.43000000
1770649200000,2026-02-09T15:00:00+00:00,130.01000000,132.88000000,127.15000000,132.23000000,31554.89000000
1770652800000,2026-02-09T16:00:00+00:00,132.23000000,136.70000000,131.89000000,136.45000000,27743.88000000
1770656400000,2026-02-09T17:00:00+00:00,136.49000000,139.67000000,136.06000000,138.80000000,31117.25000000
1770660000000,2026-02-09T18:00:00+00:00,138.75000000,140.88000000,136.37000000,137.50000000,44010.26000000
1770663600000,2026-02-09T19:00:00+00:00,137.59000000,138.34000000,136.37000000,137.01000000,21879.31000000
1770667200000,2026-02-09T20:00:00+00:00,137.00000000,139.40000000,136.16000000,138.92000000,14893.79000000
1770670800000,2026-02-09T21:00:00+00:00,138.84000000,138.99000000,136.79000000,137.79000000,6526.39000000
1770674400000,2026-02-09T22:00:00+00:00,137.74000000,138.49000000,137.13000000,137.61000000,2863.07000000
1770678000000,2026-02-09T23:00:00+00:00,137.52000000,138.15000000,136.79000000,136.86000000,4049.02000000
1770681600000,2026-02-10T00:00:00+00:00,136.87000000,137.70000000,136.30000000,136.56000000,3193.43000000
1770685200000,2026-02-10T01:00:00+00:00,136.53000000,137.86000000,136.17000000,137.79000000,1588.44000000
1770688800000,2026-02-10T02:00:00+00:00,137.75000000,137.83000000,136.00000000,136.33000000,2477.42000000
1770692400000,2026-02-10T03:00:00+00:00,136.42000000,136.47000000,134.31000000,135.17000000,3018.49000000
1770696000000,2026-02-10T04:00:00+00:00,135.10000000,136.28000000,135.00000000,136.04000000,1641.31000000
1770699600000,2026-02-10T05:00:00+00:00,136.10000000,136.12000000,134.31000000,134.42000000,1713.20000000
1770703200000,2026-02-10T06:00:00+00:00,134.47000000,134.92000000,133.51000000,133.55000000,3396.26000000
1770706800000,2026-02-10T07:00:00+00:00,133.55000000,134.72000000,133.54000000,133.89000000,4186.23000000
1770710400000,2026-02-10T08:00:00+00:00,133.89000000,134.70000000,133.75000000,134.64000000,2517.89000000
1770714000000,2026-02-10T09:00:00+00:00,134.53000000,136.34000000,134.29000000,135.48000000,3998.43000000
1770717600000,2026-02-10T10:00:00+00:00,135.43000000,135.56000000,134.59000000,134.62000000,2198.10000000
1770721200000,2026-02-10T11:00:00+00:00,134.62000000,134.63000000,133.30000000,133.46000000,2879.17000000
1770724800000,2026-02-10T12:00:00+00:00,133.47000000,134.33000000,133.21000000,133.23000000,2804.82000000
1770728400000,2026-02-10T13:00:00+00:00,133.20000000,134.33000000,131.51000000,134.16000000,5295.70000000
1770732000000,2026-02-10T14:00:00+00:00,134.09000000,137.79000000,133.75000000,135.74000000,26164.50000000
1770735600000,2026-02-10T15:00:00+00:00,135.72000000,139.14000000,135.15000000,138.48000000,27127.75000000
1770739200000,2026-02-10T16:00:00+00:00,138.48000000,138.92000000,136.92000000,137.47000000,22192.34000000
1770742800000,2026-02-10T17:00:00+00:00,137.48000000,138.44000000,136.80000000,137.73000000,18641.53000000
1770746400000,2026-02-10T18:00:00+00:00,137.82000000,137.85000000,133.90000000,134.80000000,6033.93000000
1770750000000,2026-02-10T19:00:00+00:00,134.79000000,136.09000000,134.15000000,134.44000000,2693.43000000
1770753600000,2026-02-10T20:00:00+00:00,134.49000000,134.62000000,133.03000000,133.37000000,2026.89000000
1770757200000,2026-02-10T21:00:00+00:00,133.34000000,133.73000000,131.96000000,132.83000000,1999.23000000
1770760800000,2026-02-10T22:00:00+00:00,132.83000000,133.35000000,132.42000000,133.33000000,879.65000000
1770764400000,2026-02-10T23:00:00+00:00,133.26000000,133.60000000,132.43000000,132.79000000,5328.26000000
1770768000000,2026-02-11T00:00:00+00:00,132.78000000,134.15000000,132.73000000,133.78000000,2605.45000000
1770771600000,2026-02-11T01:00:00+00:00,133.79000000,134.58000000,132.83000000,132.89000000,2202.29000000
1770775200000,2026-02-11T02:00:00+00:00,132.88000000,133.95000000,132.55000000,132.90000000,2095.90000000
1770778800000,2026-02-11T03:00:00+00:00,132.90000000,133.26000000,131.47000000,132.39000000,2444.02000000
1770782400000,2026-02-11T04:00:00+00:00,132.50000000,132.70000000,130.52000000,130.83000000,3171.52000000
1770786000000,2026-02-11T05:00:00+00:00,130.81000000,131.79000000,130.70000000,130.75000000,1635.44000000
1770789600000,2026-02-11T06:00:00+00:00,130.63000000,130.96000000,128.56000000,129.32000000,3399.80000000
1770793200000,2026-02-11T07:00:00+00:00,129.22000000,130.56000000,129.02000000,130.09000000,1366.25000000
1770796800000,2026-02-11T08:00:00+00:00,130.00000000,130.60000000,129.50000000,129.68000000,1018.80000000
1770800400000,2026-02-11T09:00:00+00:00,129.68000000,130.02000000,128.92000000,129.24000000,2444.82000000
1770804000000,2026-02-11T10:00:00+00:00,129.25000000,129.38000000,128.56000000,129.03000000,2418.37000000
1770807600000,2026-02-11T11:00:00+00:00,129.02000000,130.66000000,129.02000000,130.49000000,2228.27000000
1770811200000,2026-02-11T12:00:00+00:00,130.56000000,132.10000000,130.04000000,130.94000000,2235.59000000
1770814800000,2026-02-11T13:00:00+00:00,130.97000000,133.52000000,130.28000000,133.46000000,10014.59000000
1770818400000,2026-02-11T14:00:00+00:00,133.46000000,135.42000000,128.11000000,128.53000000,31518.42000000
1770822000000,2026-02-11T15:00:00+00:00,128.56000000,130.16000000,125.65000000,129.15000000,29248.57000000
1770825600000,2026-02-11T16:00:00+00:00,129.21000000,130.55000000,126.09000000,126.36000000,20204.43000000
1770829200000,2026-02-11T17:00:00+00:00,126.32000000,127.62000000,125.77000000,125.81000000,15211.68000000
1770832800000,2026-02-11T18:00:00+00:00,125.86000000,126.25000000,124.47000000,126.12000000,10476.48000000
1770836400000,2026-02-11T19:00:00+00:00,126.19000000,127.47000000,125.61000000,126.90000000,10903.61000000
1770840000000,2026-02-11T20:00:00+00:00,126.84000000,127.52000000,124.02000000,126.27000000,5635.55000000
1770843600000,2026-02-11T21:00:00+00:00,126.28000000,128.13000000,126.06000000,126.97000000,6674.46000000
1770847200000,2026-02-11T22:00:00+00:00,126.90000000,127.10000000,126.18000000,126.61000000,2512.40000000
1770850800000,2026-02-11T23:00:00+00:00,126.63000000,127.05000000,125.10000000,125.90000000,6587.30000000
1770854400000,2026-02-12T00:00:00+00:00,125.89000000,126.78000000,125.77000000,126.19000000,3784.87000000
1770858000000,2026-02-12T01:00:00+00:00,126.15000000,128.36000000,126.05000000,127.35000000,2327.25000000
1770861600000,2026-02-12T02:00:00+00:00,127.15000000,127.21000000,126.17000000,126.41000000,1490.30000000
1770865200000,2026-02-12T03:00:00+00:00,126.38000000,126.97000000,126.15000000,126.97000000,1009.37000000
1770868800000,2026-02-12T04:00:00+00:00,126.97000000,126.99000000,125.36000000,125.49000000,1374.41000000
1770872400000,2026-02-12T05:00:00+00:00,125.52000000,126.17000000,124.98000000,126.11000000,2080.86000000
1770876000000,2026-02-12T06:00:00+00:00,126.11000000,126.72000000,125.64000000,126.10000000,1632.48000000
1770879600000,2026-02-12T07:00:00+00:00,126.22000000,126.82000000,125.86000000,126.39000000,1485.52000000
1770883200000,2026-02-12T08:00:00+00:00,126.42000000,126.85000000,125.78000000,126.55000000,888.68000000
1770886800000,2026-02-12T09:00:00+00:00,126.49000000,128.33000000,126.49000000,128.15000000,3266.84000000
1770890400000,2026-02-12T10:00:00+00:00,128.11000000,132.00000000,127.58000000,129.09000000,5302.01000000
1770894000000,2026-02-12T11:00:00+00:00,129.06000000,129.21000000,128.47000000,128.53000000,4860.28000000
1770897600000,2026-02-12T12:00:00+00:00,128.50000000,128.59000000,127.21000000,127.58000000,3261.05000000
1770901200000,2026-02-12T13:00:00+00:00,127.69000000,128.72000000,127.06000000,128.69000000,6457.12000000
1770904800000,2026-02-12T14:00:00+00:00,128.71000000,128.73000000,126.24000000,126.61000000,24967.97000000
1770908400000,2026-02-12T15:00:00+00:00,126.61000000,127.37000000,124.01000000,124.20000000,19680.11000000
1770912000000,2026-02-12T16:00:00+00:00,124.25000000,125.04000000,120.88000000,121.85000000,21724.22000000
1770915600000,2026-02-12T17:00:00+00:00,121.85000000,124.20000000,121.06000000,122.10000000,14191.19000000
1770919200000,2026-02-12T18:00:00+00:00,122.14000000,123.50000000,121.41000000,121.58000000,16614.40000000
1770922800000,2026-02-12T19:00:00+00:00,121.62000000,124.84000000,121.20000000,123.33000000,15205.18000000
1770926400000,2026-02-12T20:00:00+00:00,123.37000000,124.46000000,122.77000000,123.18000000,8438.79000000
1770930000000,2026-02-12T21:00:00+00:00,123.14000000,124.20000000,122.55000000,124.01000000,2737.85000000
1770933600000,2026-02-12T22:00:00+00:00,124.01000000,124.67000000,123.29000000,124.26000000,1051.61000000
1770937200000,2026-02-12T23:00:00+00:00,124.32000000,124.89000000,123.69000000,124.32000000,1901.46000000
1770940800000,2026-02-13T00:00:00+00:00,124.33000000,124.67000000,122.79000000,122.99000000,2207.14000000
1770944400000,2026-02-13T01:00:00+00:00,122.83000000,124.93000000,122.83000000,124.38000000,1603.95000000
1770948000000,2026-02-13T02:00:00+00:00,124.38000000,124.90000000,124.11000000,124.76000000,1155.78000000
1770951600000,2026-02-13T03:00:00+00:00,124.73000000,125.04000000,124.14000000,124.46000000,1119.83000000
1770955200000,2026-02-13T04:00:00+00:00,124.34000000,124.64000000,123.69000000,123.76000000,627.52000000
1770958800000,2026-02-13T05:00:00+00:00,123.72000000,123.93000000,123.38000000,123.46000000,835.54000000
1770962400000,2026-02-13T06:00:00+00:00,123.49000000,123.75000000,122.74000000,123.66000000,826.27000000
1770966000000,2026-02-13T07:00:00+00:00,123.69000000,124.13000000,123.01000000,123.45000000,1430.84000000
1770969600000,2026-02-13T08:00:00+00:00,123.51000000,124.56000000,123.24000000,124.22000000,1228.74000000
1770973200000,2026-02-13T09:00:00+00:00,124.23000000,125.80000000,123.85000000,125.38000000,2213.30000000
1770976800000,2026-02-13T10:00:00+00:00,125.38000000,125.48000000,124.67000000,124.99000000,779.95000000
1770980400000,2026-02-13T11:00:00+00:00,125.07000000,125.25000000,124.08000000,124.91000000,1196.24000000
1770984000000,2026-02-13T12:00:00+00:00,124.91000000,125.72000000,124.40000000,125.16000000,1095.99000000
1770987600000,2026-02-13T13:00:00+00:00,125.28000000,127.90000000,124.81000000,127.52000000,7410.33000000
1770991200000,2026-02-13T14:00:00+00:00,127.54000000,131.71000000,125.95000000,129.44000000,23122.53000000
1770994800000,2026-02-13T15:00:00+00:00,129.45000000,134.49000000,129.36000000,132.45000000,23227.34000000
1770998400000,2026-02-13T16:00:00+00:00,132.46000000,133.78000000,131.78000000,132.58000000,5984.37000000
1771002000000,2026-02-13T17:00:00+00:00,132.59000000,133.96000000,131.80000000,133.26000000,4223.67000000
1771005600000,2026-02-13T18:00:00+00:00,133.20000000,135.19000000,132.38000000,134.87000000,7185.94000000
1771009200000,2026-02-13T19:00:00+00:00,134.87000000,135.66000000,133.97000000,134.37000000,5143.16000000
1771012800000,2026-02-13T20:00:00+00:00,134.41000000,135.45000000,133.86000000,134.17000000,7159.71000000
1771016400000,2026-02-13T21:00:00+00:00,134.28000000,134.49000000,133.81000000,134.25000000,1112.72000000
1771020000000,2026-02-13T22:00:00+00:00,134.17000000,134.49000000,133.84000000,134.13000000,659.43000000
1771023600000,2026-02-13T23:00:00+00:00,134.12000000,134.32000000,133.82000000,133.87000000,618.84000000
1771027200000,2026-02-14T00:00:00+00:00,133.86000000,134.85000000,133.86000000,134.79000000,257.26000000
1771030800000,2026-02-14T01:00:00+00:00,134.71000000,134.95000000,134.31000000,134.70000000,637.34000000
1771034400000,2026-02-14T02:00:00+00:00,134.66000000,134.86000000,134.05000000,134.16000000,494.71000000
1771038000000,2026-02-14T03:00:00+00:00,134.30000000,134.39000000,133.94000000,134.19000000,480.29000000
1771041600000,2026-02-14T04:00:00+00:00,134.29000000,134.38000000,133.72000000,133.73000000,580.72000000
1771045200000,2026-02-14T05:00:00+00:00,133.84000000,134.28000000,133.64000000,134.12000000,524.87000000
1771048800000,2026-02-14T06:00:00+00:00,134.10000000,134.84000000,134.01000000,134.61000000,569.16000000
1771052400000,2026-02-14T07:00:00+00:00,134.57000000,135.36000000,134.46000000,135.07000000,1632.71000000
1771056000000,2026-02-14T08:00:00+00:00,135.06000000,137.32000000,135.06000000,136.35000000,2621.51000000
1771059600000,2026-02-14T09:00:00+00:00,136.31000000,137.09000000,135.90000000,136.04000000,972.52000000
1771063200000,2026-02-14T10:00:00+00:00,136.13000000,136.20000000,135.42000000,135.55000000,1524.06000000
1771066800000,2026-02-14T11:00:00+00:00,135.59000000,135.85000000,135.11000000,135.15000000,3168.60000000
1771070400000,2026-02-14T12:00:00+00:00,135.19000000,135.34000000,134.60000000,134.60000000,3131.35000000
1771074000000,2026-02-14T13:00:00+00:00,134.60000000,134.77000000,133.81000000,134.58000000,3510.95000000
1771077600000,2026-02-14T14:00:00+00:00,134.56000000,134.90000000,134.47000000,134.85000000,613.56000000
1771081200000,2026-02-14T15:00:00+00:00,134.80000000,134.99000000,134.64000000,134.79000000,625.47000000
1771084800000,2026-02-14T16:00:00+00:00,134.79000000,134.90000000,134.50000000,134.87000000,1307.79000000
1771088400000,2026-02-14T17:00:00+00:00,134.80000000,134.98000000,134.35000000,134.42000000,1340.76000000
1771092000000,2026-02-14T18:00:00+00:00,134.41000000,134.88000000,134.41000000,134.88000000,252.47000000
1771095600000,2026-02-14T19:00:00+00:00,134.88000000,134.90000000,134.59000000,134.75000000,288.83000000
1771099200000,2026-02-14T20:00:00+00:00,134.73000000,135.62000000,134.63000000,135.37000000,894.63000000
1771102800000,2026-02-14T21:00:00+00:00,135.39000000,135.70000000,134.60000000,135.07000000,726.17000000
1771106400000,2026-02-14T22:00:00+00:00,135.08000000,135.45000000,134.64000000,135.24000000,419.41000000
1771110000000,2026-02-14T23:00:00+00:00,135.25000000,135.44000000,134.89000000,134.94000000,532.89000000
1771113600000,2026-02-15T00:00:00+00:00,134.94000000,135.42000000,134.92000000,135.19000000,429.95000000
1771117200000,2026-02-15T01:00:00+00:00,135.19000000,136.50000000,134.60000000,135.55000000,3016.02000000
1771120800000,2026-02-15T02:00:00+00:00,135.58000000,135.60000000,134.84000000,135.15000000,1023.02000000
1771124400000,2026-02-15T03:00:00+00:00,135.16000000,135.50000000,134.75000000,135.10000000,1662.68000000
1771128000000,2026-02-15T04:00:00+00:00,135.08000000,135.56000000,134.97000000,135.46000000,1339.67000000
1771131600000,2026-02-15T05:00:00+00:00,135.49000000,135.95000000,135.42000000,135.68000000,908.78000000
1771135200000,2026-02-15T06:00:00+00:00,135.73000000,135.76000000,135.08000000,135.15000000,590.74000000
1771138800000,2026-02-15T07:00:00+00:00,135.19000000,135.34000000,134.75000000,135.23000000,1992.42000000
1771142400000,2026-02-15T08:00:00+00:00,135.23000000,135.80000000,134.94000000,135.21000000,2927.14000000
1771146000000,2026-02-15T09:00:00+00:00,135.23000000,135.50000000,135.03000000,135.12000000,465.46000000
1771149600000,2026-02-15T10:00:00+00:00,135.21000000,135.37000000,134.98000000,135.13000000,463.62000000
1771153200000,2026-02-15T11:00:00+00:00,135.09000000,135.39000000,135.03000000,135.28000000,260.25000000
1771156800000,2026-02-15T12:00:00+00:00,135.17000000,135.40000000,134.00000000,134.34000000,4082.53000000
1771160400000,2026-02-15T13:00:00+00:00,134.41000000,134.56000000,134.20000000,134.41000000,2847.84000000
1771164000000,2026-02-15T14:00:00+00:00,134.37000000,134.59000000,134.30000000,134.49000000,845.73000000
1771167600000,2026-02-15T15:00:00+00:00,134.48000000,134.95000000,134.41000000,134.61000000,826.32000000
1771171200000,2026-02-15T16:00:00+00:00,134.73000000,134.94000000,134.54000000,134.79000000,693.45000000
1771174800000,2026-02-15T17:00:00+00:00,134.75000000,134.89000000,134.47000000,134.54000000,1125.09000000
1771178400000,2026-02-15T18:00:00+00:00,134.55000000,134.63000000,134.23000000,134.35000000,2355.12000000
1771182000000,2026-02-15T19:00:00+00:00,134.36000000,134.56000000,134.21000000,134.35000000,1666.38000000
1771185600000,2026-02-15T20:00:00+00:00,134.33000000,134.49000000,134.26000000,134.37000000,618.26000000
1771189200000,2026-02-15T21:00:00+00:00,134.37000000,134.64000000,134.33000000,134.34000000,496.24000000
1771192800000,2026-02-15T22:00:00+00:00,134.33000000,134.58000000,134.13000000,134.48000000,768.07000000
1771196400000,2026-02-15T23:00:00+00:00,134.48000000,134.54000000,133.89000000,134.24000000,2091.06000000
1771200000000,2026-02-16T00:00:00+00:00,134.29000000,134.50000000,134.15000000,134.41000000,1622.81000000
1771203600000,2026-02-16T01:00:00+00:00,134.41000000,134.50000000,134.03000000,134.48000000,1296.76000000
1771207200000,2026-02-16T02:00:00+00:00,134.48000000,134.50000000,134.05000000,134.28000000,654.57000000
1771210800000,2026-02-16T03:00:00+00:00,134.25000000,134.43000000,134.15000000,134.34000000,556.38000000
1771214400000,2026-02-16T04:00:00+00:00,134.32000000,134.40000000,134.15000000,134.35000000,420.10000000
1771218000000,2026-02-16T05:00:00+00:00,134.39000000,134.40000000,134.01000000,134.35000000,506.21000000
1771221600000,2026-02-16T06:00:00+00:00,134.29000000,134.48000000,134.07000000,134.43000000,678.39000000
1771225200000,2026-02-16T07:00:00+00:00,134.42000000,134.46000000,134.11000000,134.37000000,2163.38000000
1771228800000,2026-02-16T08:00:00+00:00,134.37000000,134.43000000,134.19000000,134.43000000,469.40000000
1771232400000,2026-02-16T09:00:00+00:00,134.39000000,134.48000000,134.27000000,134.40000000,2018.55000000
1771236000000,2026-02-16T10:00:00+00:00,134.37000000,134.40000000,134.28000000,134.40000000,677.60000000
1771239600000,2026-02-16T11:00:00+00:00,134.38000000,134.40000000,134.07000000,134.37000000,1174.19000000
1771243200000,2026-02-16T12:00:00+00:00,134.39000000,136.10000000,134.27000000,136.10000000,4683.33000000
1771246800000,2026-02-16T13:00:00+00:00,136.06000000,137.11000000,134.53000000,134.60000000,4618.50000000
1771250400000,2026-02-16T14:00:00+00:00,134.60000000,134.87000000,134.53000000,134.62000000,1842.88000000
1771254000000,2026-02-16T15:00:00+00:00,134.63000000,134.75000000,131.34000000,131.90000000,15453.77000000
1771257600000,2026-02-16T16:00:00+00:00,131.90000000,133.56000000,131.69000000,132.69000000,8507.79000000
1771261200000,2026-02-16T17:00:00+00:00,132.69000000,133.84000000,132.60000000,133.70000000,3958.22000000
1771264800000,2026-02-16T18:00:00+00:00,133.70000000,134.09000000,133.23000000,133.67000000,4432.56000000
1771268400000,2026-02-16T19:00:00+00:00,133.68000000,134.06000000,133.58000000,133.98000000,1628.92000000
1771272000000,2026-02-16T20:00:00+00:00,133.95000000,134.27000000,133.71000000,134.27000000,2420.41000000
1771275600000,2026-02-16T21:00:00+00:00,134.28000000,134.95000000,133.98000000,134.95000000,4206.54000000
1771279200000,2026-02-16T22:00:00+00:00,134.85000000,134.87000000,134.38000000,134.42000000,1407.40000000
1771282800000,2026-02-16T23:00:00+00:00,134.50000000,135.05000000,134.33000000,134.99000000,863.95000000
1771286400000,2026-02-17T00:00:00+00:00,134.90000000,135.07000000,134.53000000,134.67000000,976.47000000
1771290000000,2026-02-17T01:00:00+00:00,134.65000000,134.79000000,132.88000000,132.89000000,2023.67000000
1771293600000,2026-02-17T02:00:00+00:00,132.87000000,134.39000000,132.54000000,133.77000000,1837.15000000
1771297200000,2026-02-17T03:00:00+00:00,133.71000000,133.75000000,132.43000000,132.50000000,2114.17000000
1771300800000,2026-02-17T04:00:00+00:00,132.53000000,132.95000000,132.28000000,132.38000000,333.01000000
1771304400000,2026-02-17T05:00:00+00:00,132.40000000,132.53000000,131.13000000,131.73000000,567.05000000
1771308000000,2026-02-17T06:00:00+00:00,131.73000000,132.20000000,131.42000000,132.03000000,391.45000000
1771311600000,2026-02-17T07:00:00+00:00,132.03000000,132.36000000,131.52000000,132.07000000,549.79000000
1771315200000,2026-02-17T08:00:00+00:00,132.07000000,132.36000000,131.69000000,131.97000000,978.86000000
1771318800000,2026-02-17T09:00:00+00:00,131.88000000,132.41000000,131.63000000,132.18000000,2288.33000000
1771322400000,2026-02-17T10:00:00+00:00,132.17000000,132.21000000,129.64000000,129.77000000,1896.32000000
1771326000000,2026-02-17T11:00:00+00:00,129.77000000,130.57000000,129.56000000,130.51000000,574.30000000
1771329600000,2026-02-17T12:00:00+00:00,130.60000000,131.03000000,129.95000000,129.96000000,364.28000000
1771333200000,2026-02-17T13:00:00+00:00,130.03000000,130.90000000,128.98000000,130.04000000,1680.38000000
1771336800000,2026-02-17T14:00:00+00:00,130.01000000,131.69000000,126.82000000,126.82000000,18286.43000000
1771340400000,2026-02-17T15:00:00+00:00,126.81000000,128.92000000,126.00000000,128.92000000,31518.56000000
1771344000000,2026-02-17T16:00:00+00:00,128.91000000,131.95000000,128.80000000,130.46000000,4684.17000000
1771347600000,2026-02-17T17:00:00+00:00,130.49000000,131.06000000,127.93000000,129.68000000,4436.24000000
1771351200000,2026-02-17T18:00:00+00:00,129.64000000,132.00000000,128.93000000,131.45000000,4214.88000000
1771354800000,2026-02-17T19:00:00+00:00,131.45000000,131.60000000,129.68000000,130.12000000,2868.73000000
1771358400000,2026-02-17T20:00:00+00:00,130.02000000,130.38000000,128.56000000,128.89000000,1541.43000000
1771362000000,2026-02-17T21:00:00+00:00,128.83000000,129.02000000,127.96000000,128.28000000,576.18000000
1771365600000,2026-02-17T22:00:00+00:00,128.27000000,128.74000000,128.15000000,128.58000000,349.58000000
1771369200000,2026-02-17T23:00:00+00:00,128.52000000,128.52000000,128.06000000,128.18000000,113.81000000
1771372800000,2026-02-18T00:00:00+00:00,128.19000000,128.62000000,127.84000000,128.03000000,383.26000000
1771376400000,2026-02-18T01:00:00+00:00,128.10000000,128.22000000,127.39000000,128.10000000,1622.61000000
1771380000000,2026-02-18T02:00:00+00:00,128.10000000,128.50000000,128.02000000,128.32000000,607.15000000
1771383600000,2026-02-18T03:00:00+00:00,128.32000000,129.09000000,128.27000000,128.99000000,539.54000000
1771387200000,2026-02-18T04:00:00+00:00,128.97000000,129.24000000,128.65000000,129.22000000,482.21000000
1771390800000,2026-02-18T05:00:00+00:00,129.18000000,129.28000000,128.91000000,129.04000000,455.46000000
1771394400000,2026-02-18T06:00:00+00:00,129.01000000,129.44000000,128.86000000,129.13000000,640.95000000
1771398000000,2026-02-18T07:00:00+00:00,129.16000000,129.87000000,128.88000000,129.65000000,313.02000000
1771401600000,2026-02-18T08:00:00+00:00,129.71000000,130.73000000,129.70000000,130.37000000,739.04000000
1771405200000,2026-02-18T09:00:00+00:00,130.33000000,130.87000000,129.88000000,130.71000000,705.21000000
1771408800000,2026-02-18T10:00:00+00:00,130.55000000,130.66000000,129.68000000,129.89000000,658.73000000
1771412400000,2026-02-18T11:00:00+00:00,129.75000000,129.91000000,128.60000000,129.26000000,427.84000000
1771416000000,2026-02-18T12:00:00+00:00,129.15000000,129.86000000,128.74000000,129.23000000,214.25000000
1771419600000,2026-02-18T13:00:00+00:00,129.36000000,129.68000000,128.05000000,128.46000000,896.50000000
1771423200000,2026-02-18T14:00:00+00:00,128.51000000,128.90000000,126.30000000,128.82000000,9913.87000000
1771426800000,2026-02-18T15:00:00+00:00,128.73000000,132.22000000,128.70000000,130.82000000,5027.52000000
1771430400000,2026-02-18T16:00:00+00:00,130.82000000,130.99000000,129.00000000,129.28000000,3346.16000000
1771434000000,2026-02-18T17:00:00+00:00,129.27000000,130.39000000,127.94000000,128.20000000,2215.73000000
1771437600000,2026-02-18T18:00:00+00:00,128.18000000,128.55000000,126.33000000,126.95000000,2510.71000000
1771441200000,2026-02-18T19:00:00+00:00,126.95000000,127.40000000,124.13000000,124.53000000,3379.25000000
1771444800000,2026-02-18T20:00:00+00:00,124.53000000,126.06000000,123.80000000,125.40000000,1970.30000000
1771448400000,2026-02-18T21:00:00+00:00,125.44000000,125.61000000,124.51000000,125.10000000,1069.56000000
1771452000000,2026-02-18T22:00:00+00:00,125.16000000,125.23000000,124.83000000,125.15000000,344.20000000
1771455600000,2026-02-18T23:00:00+00:00,125.12000000,125.52000000,124.93000000,125.34000000,1110.51000000
1771459200000,2026-02-19T00:00:00+00:00,125.30000000,125.52000000,125.03000000,125.34000000,387.35000000
1771462800000,2026-02-19T01:00:00+00:00,125.29000000,126.67000000,125.14000000,126.61000000,1810.56000000
1771466400000,2026-02-19T02:00:00+00:00,126.55000000,126.79000000,126.23000000,126.58000000,681.80000000
1771470000000,2026-02-19T03:00:00+00:00,126.59000000,126.72000000,126.37000000,126.61000000,401.74000000
1771473600000,2026-02-19T04:00:00+00:00,126.60000000,126.73000000,126.22000000,126.32000000,200.66000000
1771477200000,2026-02-19T05:00:00+00:00,126.37000000,126.39000000,125.72000000,126.05000000,757.28000000
1771480800000,2026-02-19T06:00:00+00:00,126.04000000,126.75000000,126.04000000,126.43000000,656.28000000
1771484400000,2026-02-19T07:00:00+00:00,126.47000000,127.09000000,126.18000000,127.06000000,476.06000000
1771488000000,2026-02-19T08:00:00+00:00,127.06000000,127.06000000,126.32000000,126.47000000,533.54000000
1771491600000,2026-02-19T09:00:00+00:00,126.50000000,126.53000000,125.14000000,125.54000000,363.15000000
1771495200000,2026-02-19T10:00:00+00:00,125.41000000,125.64000000,125.06000000,125.49000000,362.53000000
1771498800000,2026-02-19T11:00:00+00:00,125.51000000,125.77000000,125.06000000,125.25000000,240.87000000
1771502400000,2026-02-19T12:00:00+00:00,125.33000000,125.33000000,124.52000000,124.90000000,347.84000000
1771506000000,2026-02-19T13:00:00+00:00,124.87000000,125.07000000,123.47000000,123.60000000,1658.95000000
1771509600000,2026-02-19T14:00:00+00:00,123.61000000,126.22000000,122.10000000,125.45000000,16024.35000000
1771513200000,2026-02-19T15:00:00+00:00,125.44000000,126.35000000,123.48000000,124.86000000,8488.51000000
1771516800000,2026-02-19T16:00:00+00:00,124.87000000,125.37000000,123.88000000,125.31000000,3656.87000000
1771520400000,2026-02-19T17:00:00+00:00,125.24000000,127.24000000,125.05000000,125.78000000,13965.45000000
1771524000000,2026-02-19T18:00:00+00:00,125.74000000,127.87000000,125.27000000,127.78000000,2764.22000000
1771527600000,2026-02-19T19:00:00+00:00,127.78000000,127.90000000,126.01000000,127.31000000,4921.38000000
1771531200000,2026-02-19T20:00:00+00:00,127.32000000,129.96000000,126.68000000,129.46000000,3911.62000000
1771534800000,2026-02-19T21:00:00+00:00,129.45000000,129.46000000,128.53000000,128.57000000,620.12000000
1771538400000,2026-02-19T22:00:00+00:00,128.52000000,128.74000000,128.17000000,128.63000000,429.33000000
1771542000000,2026-02-19T23:00:00+00:00,128.62000000,128.97000000,128.54000000,128.84000000,401.41000000
1771545600000,2026-02-20T00:00:00+00:00,128.78000000,129.70000000,128.57000000,129.18000000,582.58000000
1771549200000,2026-02-20T01:00:00+00:00,129.15000000,129.83000000,129.10000000,129.72000000,841.23000000
1771552800000,2026-02-20T02:00:00+00:00,129.73000000,129.91000000,129.36000000,129.48000000,449.27000000
1771556400000,2026-02-20T03:00:00+00:00,129.52000000,129.93000000,129.46000000,129.80000000,435.33000000
1771560000000,2026-02-20T04:00:00+00:00,129.74000000,129.77000000,129.20000000,129.35000000,368.75000000
1771563600000,2026-02-20T05:00:00+00:00,129.35000000,131.27000000,129.29000000,130.87000000,1293.82000000
1771567200000,2026-02-20T06:00:00+00:00,130.86000000,131.19000000,130.71000000,131.13000000,875.82000000
1771570800000,2026-02-20T07:00:00+00:00,131.12000000,131.46000000,130.87000000,130.87000000,657.53000000
1771574400000,2026-02-20T08:00:00+00:00,130.94000000,131.07000000,130.69000000,130.89000000,378.87000000
1771578000000,2026-02-20T09:00:00+00:00,130.92000000,132.59000000,130.76000000,132.57000000,844.60000000
1771581600000,2026-02-20T10:00:00+00:00,132.59000000,133.56000000,131.98000000,132.05000000,777.61000000
1771585200000,2026-02-20T11:00:00+00:00,132.06000000,132.08000000,130.35000000,130.52000000,549.99000000
1771588800000,2026-02-20T12:00:00+00:00,130.34000000,130.95000000,130.02000000,130.86000000,512.59000000
1771592400000,2026-02-20T13:00:00+00:00,130.85000000,130.93000000,127.90000000,128.78000000,1643.90000000
1771596000000,2026-02-20T14:00:00+00:00,128.81000000,133.24000000,127.92000000,132.37000000,18737.41000000
1771599600000,2026-02-20T15:00:00+00:00,132.39000000,136.04000000,130.66000000,133.84000000,21479.04000000
1771603200000,2026-02-20T16:00:00+00:00,133.80000000,134.47000000,132.19000000,133.25000000,7549.18000000
1771606800000,2026-02-20T17:00:00+00:00,133.26000000,133.46000000,130.33000000,133.21000000,7521.55000000
1771610400000,2026-02-20T18:00:00+00:00,133.21000000,134.03000000,131.39000000,133.46000000,8265.26000000
1771614000000,2026-02-20T19:00:00+00:00,133.52000000,133.96000000,130.75000000,130.80000000,2938.00000000
1771617600000,2026-02-20T20:00:00+00:00,130.76000000,131.95000000,130.59000000,131.15000000,2195.31000000
1771621200000,2026-02-20T21:00:00+00:00,131.23000000,131.51000000,130.74000000,131.08000000,789.81000000
1771624800000,2026-02-20T22:00:00+00:00,131.01000000,131.53000000,130.83000000,131.44000000,419.43000000
1771628400000,2026-02-20T23:00:00+00:00,131.43000000,131.66000000,131.25000000,131.56000000,260.37000000
1771632000000,2026-02-21T00:00:00+00:00,131.61000000,131.71000000,131.12000000,131.18000000,321.35000000
1771635600000,2026-02-21T01:00:00+00:00,131.22000000,131.44000000,131.02000000,131.41000000,90.39000000
1771639200000,2026-02-21T02:00:00+00:00,131.38000000,131.60000000,131.30000000,131.48000000,128.25000000
1771642800000,2026-02-21T03:00:00+00:00,131.49000000,131.53000000,130.74000000,131.11000000,596.19000000
1771646400000,2026-02-21T04:00:00+00:00,131.09000000,131.30000000,131.06000000,131.30000000,237.12000000
1771650000000,2026-02-21T05:00:00+00:00,131.29000000,131.36000000,131.07000000,131.07000000,62.37000000
1771653600000,2026-02-21T06:00:00+00:00,131.18000000,131.41000000,130.96000000,131.28000000,77.42000000
1771657200000,2026-02-21T07:00:00+00:00,131.20000000,131.40000000,131.15000000,131.40000000,85.23000000
1771660800000,2026-02-21T08:00:00+00:00,131.41000000,131.51000000,131.10000000,131.44000000,174.96000000
1771664400000,2026-02-21T09:00:00+00:00,131.46000000,131.85000000,131.27000000,131.61000000,600.49000000
1771668000000,2026-02-21T10:00:00+00:00,131.65000000,131.79000000,131.35000000,131.57000000,239.98000000
1771671600000,2026-02-21T11:00:00+00:00,131.69000000,131.88000000,131.40000000,131.43000000,270.59000000
1771675200000,2026-02-21T12:00:00+00:00,131.52000000,131.69000000,131.32000000,131.62000000,306.81000000
1771678800000,2026-02-21T13:00:00+00:00,131.62000000,131.63000000,131.40000000,131.62000000,380.41000000
1771682400000,2026-02-21T14:00:00+00:00,131.62000000,132.25000000,131.43000000,131.67000000,1834.87000000
1771686000000,2026-02-21T15:00:00+00:00,131.67000000,132.09000000,131.50000000,131.72000000,1496.64000000
1771689600000,2026-02-21T16:00:00+00:00,131.78000000,132.09000000,131.18000000,131.54000000,2247.87000000
1771693200000,2026-02-21T17:00:00+00:00,131.50000000,131.80000000,131.30000000,131.67000000,357.28000000
1771696800000,2026-02-21T18:00:00+00:00,131.67000000,131.96000000,131.54000000,131.75000000,343.51000000
1771700400000,2026-02-21T19:00:00+00:00,131.73000000,131.97000000,131.50000000,131.50000000,260.81000000
1771704000000,2026-02-21T20:00:00+00:00,131.48000000,131.70000000,131.18000000,131.18000000,301.17000000
1771707600000,2026-02-21T21:00:00+00:00,131.18000000,131.59000000,131.11000000,131.48000000,217.44000000
1771711200000,2026-02-21T22:00:00+00:00,131.48000000,131.80000000,131.16000000,131.25000000,231.63000000
1771714800000,2026-02-21T23:00:00+00:00,131.20000000,131.42000000,131.18000000,131.26000000,122.53000000
1771718400000,2026-02-22T00:00:00+00:00,131.36000000,131.59000000,131.16000000,131.45000000,414.74000000
1771722000000,2026-02-22T01:00:00+00:00,131.45000000,131.63000000,131.33000000,131.52000000,111.82000000
1771725600000,2026-02-22T02:00:00+00:00,131.54000000,131.60000000,131.24000000,131.30000000,121.06000000
1771729200000,2026-02-22T03:00:00+00:00,131.25000000,131.47000000,131.16000000,131.47000000,107.08000000
1771732800000,2026-02-22T04:00:00+00:00,131.48000000,131.53000000,131.30000000,131.36000000,33.95000000
1771736400000,2026-02-22T05:00:00+00:00,131.39000000,131.44000000,131.25000000,131.36000000,128.53000000
1771740000000,2026-02-22T06:00:00+00:00,131.36000000,131.62000000,131.34000000,131.57000000,139.20000000
1771743600000,2026-02-22T07:00:00+00:00,131.49000000,131.64000000,131.34000000,131.58000000,112.39000000
1771747200000,2026-02-22T08:00:00+00:00,131.59000000,131.65000000,131.40000000,131.42000000,46.64000000
1771750800000,2026-02-22T09:00:00+00:00,131.42000000,131.73000000,131.37000000,131.52000000,66.75000000
1771754400000,2026-02-22T10:00:00+00:00,131.56000000,131.64000000,131.47000000,131.49000000,154.75000000
1771758000000,2026-02-22T11:00:00+00:00,131.52000000,131.57000000,131.36000000,131.42000000,185.28000000
1771761600000,2026-02-22T12:00:00+00:00,131.48000000,131.53000000,131.34000000,131.37000000,126.79000000
1771765200000,2026-02-22T13:00:00+00:00,131.38000000,131.48000000,130.80000000,130.84000000,917.20000000
1771768800000,2026-02-22T14:00:00+00:00,130.84000000,130.98000000,130.39000000,130.53000000,1118.89000000
1771772400000,2026-02-22T15:00:00+00:00,130.64000000,130.94000000,130.22000000,130.82000000,685.88000000
1771776000000,2026-02-22T16:00:00+00:00,130.78000000,130.88000000,130.67000000,130.84000000,197.33000000
1771779600000,2026-02-22T17:00:00+00:00,130.87000000,131.08000000,130.16000000,130.70000000,476.29000000
1771783200000,2026-02-22T18:00:00+00:00,130.70000000,130.82000000,130.48000000,130.78000000,123.06000000
1771786800000,2026-02-22T19:00:00+00:00,130.76000000,130.82000000,129.90000000,130.62000000,281.80000000
1771790400000,2026-02-22T20:00:00+00:00,130.62000000,131.00000000,130.57000000,130.90000000,177.54000000
1771794000000,2026-02-22T21:00:00+00:00,130.82000000,131.18000000,130.78000000,130.89000000,183.53000000
1771797600000,2026-02-22T22:00:00+00:00,130.88000000,131.19000000,130.70000000,131.16000000,230.49000000
1771801200000,2026-02-22T23:00:00+00:00,131.15000000,131.15000000,130.40000000,130.75000000,448.81000000
1771804800000,2026-02-23T00:00:00+00:00,130.74000000,130.75000000,128.89000000,129.06000000,1488.46000000
1771808400000,2026-02-23T01:00:00+00:00,128.96000000,129.18000000,125.66000000,126.00000000,2999.05000000
1771812000000,2026-02-23T02:00:00+00:00,126.00000000,127.01000000,125.38000000,126.13000000,1204.16000000
1771815600000,2026-02-23T03:00:00+00:00,126.19000000,126.70000000,126.01000000,126.57000000,246.24000000
1771819200000,2026-02-23T04:00:00+00:00,126.56000000,126.78000000,126.04000000,126.33000000,409.33000000
1771822800000,2026-02-23T05:00:00+00:00,126.35000000,127.04000000,126.35000000,126.62000000,292.29000000
1771826400000,2026-02-23T06:00:00+00:00,126.67000000,127.95000000,126.58000000,127.88000000,564.61000000
1771830000000,2026-02-23T07:00:00+00:00,127.88000000,128.36000000,127.79000000,128.08000000,591.03000000
1771833600000,2026-02-23T08:00:00+00:00,128.12000000,128.22000000,127.10000000,127.33000000,833.12000000
1771837200000,2026-02-23T09:00:00+00:00,127.33000000,129.30000000,127.33000000,129.11000000,1066.67000000
1771840800000,2026-02-23T10:00:00+00:00,129.18000000,129.46000000,128.21000000,128.39000000,421.16000000
1771844400000,2026-02-23T11:00:00+00:00,128.38000000,128.72000000,127.88000000,127.93000000,295.11000000
1771848000000,2026-02-23T12:00:00+00:00,128.09000000,128.52000000,127.31000000,127.97000000,712.23000000
1771851600000,2026-02-23T13:00:00+00:00,127.97000000,128.38000000,127.60000000,127.85000000,582.29000000
1771855200000,2026-02-23T14:00:00+00:00,127.68000000,129.77000000,126.33000000,129.26000000,13002.48000000
1771858800000,2026-02-23T15:00:00+00:00,129.22000000,130.34000000,126.64000000,126.72000000,9306.93000000
1771862400000,2026-02-23T16:00:00+00:00,126.78000000,126.87000000,125.04000000,125.80000000,6582.73000000
1771866000000,2026-02-23T17:00:00+00:00,125.97000000,126.48000000,123.00000000,124.45000000,7318.46000000
1771869600000,2026-02-23T18:00:00+00:00,124.41000000,125.92000000,124.04000000,125.19000000,3773.52000000
1771873200000,2026-02-23T19:00:00+00:00,125.22000000,125.92000000,123.89000000,125.05000000,2650.79000000
1771876800000,2026-02-23T20:00:00+00:00,124.98000000,125.26000000,123.58000000,123.96000000,3113.54000000
1771880400000,2026-02-23T21:00:00+00:00,123.98000000,124.36000000,123.85000000,124.06000000,1165.47000000
1771884000000,2026-02-23T22:00:00+00:00,124.06000000,124.57000000,124.06000000,124.26000000,326.13000000
1771887600000,2026-02-23T23:00:00+00:00,124.23000000,124.49000000,124.18000000,124.22000000,461.57000000
1771891200000,2026-02-24T00:00:00+00:00,124.20000000,124.56000000,124.15000000,124.32000000,220.10000000
1771894800000,2026-02-24T01:00:00+00:00,124.39000000,124.47000000,122.38000000,123.66000000,4453.83000000
1771898400000,2026-02-24T02:00:00+00:00,123.64000000,124.18000000,123.22000000,123.54000000,1454.04000000
1771902000000,2026-02-24T03:00:00+00:00,123.53000000,123.53000000,122.55000000,122.69000000,1224.81000000
1771905600000,2026-02-24T04:00:00+00:00,122.69000000,122.89000000,121.77000000,122.78000000,1505.16000000
1771909200000,2026-02-24T05:00:00+00:00,122.76000000,123.21000000,121.85000000,122.37000000,1112.38000000
1771912800000,2026-02-24T06:00:00+00:00,122.36000000,122.59000000,121.97000000,122.05000000,441.50000000
1771916400000,2026-02-24T07:00:00+00:00,122.05000000,122.70000000,121.83000000,122.22000000,693.74000000
1771920000000,2026-02-24T08:00:00+00:00,122.21000000,122.73000000,121.92000000,122.63000000,526.69000000
1771923600000,2026-02-24T09:00:00+00:00,122.61000000,122.77000000,121.48000000,122.54000000,673.75000000
1771927200000,2026-02-24T10:00:00+00:00,122.49000000,122.67000000,122.15000000,122.61000000,373.28000000
1771930800000,2026-02-24T11:00:00+00:00,122.59000000,122.59000000,121.99000000,122.23000000,481.45000000
1771934400000,2026-02-24T12:00:00+00:00,122.15000000,122.49000000,121.51000000,121.51000000,541.83000000
1771938000000,2026-02-24T13:00:00+00:00,121.54000000,121.77000000,120.64000000,121.40000000,2901.01000000
1771941600000,2026-02-24T14:00:00+00:00,121.27000000,124.35000000,118.60000000,122.36000000,18651.92000000
1771945200000,2026-02-24T15:00:00+00:00,122.41000000,125.00000000,121.82000000,123.43000000,12656.57000000
1771948800000,2026-02-24T16:00:00+00:00,123.36000000,124.66000000,121.66000000,123.62000000,7385.44000000
1771952400000,2026-02-24T17:00:00+00:00,123.58000000,124.06000000,122.78000000,123.85000000,4101.07000000
1771956000000,2026-02-24T18:00:00+00:00,123.83000000,125.96000000,123.07000000,125.47000000,4248.29000000
1771959600000,2026-02-24T19:00:00+00:00,125.47000000,126.66000000,123.93000000,124.43000000,4785.57000000
1771963200000,2026-02-24T20:00:00+00:00,124.41000000,125.53000000,124.18000000,124.76000000,2687.89000000
1771966800000,2026-02-24T21:00:00+00:00,124.79000000,124.92000000,124.07000000,124.48000000,2466.36000000
1771970400000,2026-02-24T22:00:00+00:00,124.49000000,124.85000000,124.41000000,124.50000000,730.15000000
1771974000000,2026-02-24T23:00:00+00:00,124.50000000,124.55000000,123.95000000,124.31000000,803.30000000
1771977600000,2026-02-25T00:00:00+00:00,124.34000000,124.88000000,124.14000000,124.58000000,401.21000000
1771981200000,2026-02-25T01:00:00+00:00,124.61000000,128.84000000,124.60000000,127.66000000,4042.39000000
1771984800000,2026-02-25T02:00:00+00:00,127.64000000,128.82000000,127.62000000,127.87000000,1967.87000000
1771988400000,2026-02-25T03:00:00+00:00,127.87000000,128.03000000,126.40000000,126.80000000,1201.98000000
1771992000000,2026-02-25T04:00:00+00:00,126.80000000,127.40000000,126.11000000,126.96000000,1100.04000000
1771995600000,2026-02-25T05:00:00+00:00,127.02000000,127.05000000,125.78000000,125.97000000,633.63000000
1771999200000,2026-02-25T06:00:00+00:00,125.97000000,126.56000000,125.96000000,126.22000000,492.55000000
1772002800000,2026-02-25T07:00:00+00:00,126.23000000,126.64000000,125.98000000,126.61000000,604.27000000
1772006400000,2026-02-25T08:00:00+00:00,126.66000000,127.91000000,126.39000000,127.68000000,811.28000000
1772010000000,2026-02-25T09:00:00+00:00,127.71000000,128.21000000,127.25000000,127.81000000,1461.28000000
1772013600000,2026-02-25T10:00:00+00:00,127.74000000,128.13000000,127.27000000,127.42000000,511.46000000
1772017200000,2026-02-25T11:00:00+00:00,127.44000000,128.50000000,127.04000000,127.80000000,1774.49000000
1772020800000,2026-02-25T12:00:00+00:00,127.77000000,129.87000000,127.26000000,129.43000000,2894.62000000
1772024400000,2026-02-25T13:00:00+00:00,129.50000000,130.91000000,129.14000000,129.80000000,3749.07000000
1772028000000,2026-02-25T14:00:00+00:00,129.84000000,133.11000000,129.08000000,132.22000000,23725.77000000
1772031600000,2026-02-25T15:00:00+00:00,132.21000000,133.30000000,130.48000000,132.42000000,20064.36000000
1772035200000,2026-02-25T16:00:00+00:00,132.42000000,135.04000000,132.11000000,134.95000000,10510.83000000
1772038800000,2026-02-25T17:00:00+00:00,134.88000000,136.29000000,134.09000000,135.80000000,8216.77000000
1772042400000,2026-02-25T18:00:00+00:00,135.82000000,137.96000000,135.13000000,137.40000000,6915.59000000
1772046000000,2026-02-25T19:00:00+00:00,137.38000000,137.58000000,135.51000000,136.54000000,7372.88000000
1772049600000,2026-02-25T20:00:00+00:00,136.60000000,136.64000000,135.24000000,135.68000000,4974.08000000
1772053200000,2026-02-25T21:00:00+00:00,135.67000000,137.13000000,134.81000000,135.80000000,7455.79000000
1772056800000,2026-02-25T22:00:00+00:00,135.80000000,136.17000000,134.15000000,134.44000000,3858.86000000
1772060400000,2026-02-25T23:00:00+00:00,134.44000000,134.97000000,133.01000000,133.34000000,4698.69000000
1772064000000,2026-02-26T00:00:00+00:00,133.33000000,135.10000000,133.21000000,135.10000000,2818.84000000
1772067600000,2026-02-26T01:00:00+00:00,135.07000000,135.29000000,134.25000000,134.51000000,1634.04000000
1772071200000,2026-02-26T02:00:00+00:00,134.54000000,134.54000000,133.44000000,134.20000000,1402.38000000
1772074800000,2026-02-26T03:00:00+00:00,134.24000000,134.54000000,133.81000000,134.28000000,795.34000000
1772078400000,2026-02-26T04:00:00+00:00,134.27000000,135.75000000,134.21000000,135.38000000,1696.19000000
1772082000000,2026-02-26T05:00:00+00:00,135.35000000,135.45000000,134.61000000,135.36000000,862.66000000
1772085600000,2026-02-26T06:00:00+00:00,135.38000000,135.55000000,134.90000000,135.19000000,860.03000000
1772089200000,2026-02-26T07:00:00+00:00,135.11000000,135.26000000,133.32000000,133.46000000,1341.89000000
1772092800000,2026-02-26T08:00:00+00:00,133.44000000,134.14000000,133.29000000,133.78000000,1006.99000000
1772096400000,2026-02-26T09:00:00+00:00,133.81000000,135.42000000,133.81000000,135.33000000,3089.74000000
1772100000000,2026-02-26T10:00:00+00:00,135.33000000,136.15000000,134.53000000,134.59000000,1925.26000000
1772103600000,2026-02-26T11:00:00+00:00,134.62000000,134.86000000,133.81000000,134.15000000,807.84000000
1772107200000,2026-02-26T12:00:00+00:00,134.20000000,134.97000000,134.18000000,134.85000000,989.35000000
1772110800000,2026-02-26T13:00:00+00:00,134.80000000,135.26000000,133.69000000,133.86000000,2545.05000000
1772114400000,2026-02-26T14:00:00+00:00,133.86000000,135.67000000,132.91000000,134.99000000,28396.34000000
1772118000000,2026-02-26T15:00:00+00:00,135.03000000,135.32000000,131.29000000,133.60000000,24051.00000000
1772121600000,2026-02-26T16:00:00+00:00,133.65000000,134.06000000,129.89000000,129.99000000,14024.65000000
1772125200000,2026-02-26T17:00:00+00:00,129.98000000,131.01000000,128.91000000,129.01000000,7345.73000000
1772128800000,2026-02-26T18:00:00+00:00,128.97000000,131.15000000,128.65000000,130.56000000,6485.79000000
1772132400000,2026-02-26T19:00:00+00:00,130.49000000,133.74000000,130.40000000,132.65000000,8434.09000000
1772136000000,2026-02-26T20:00:00+00:00,132.59000000,134.26000000,132.53000000,133.38000000,7147.32000000
1772139600000,2026-02-26T21:00:00+00:00,133.36000000,133.71000000,132.82000000,132.82000000,1803.83000000
1772143200000,2026-02-26T22:00:00+00:00,132.85000000,133.08000000,132.70000000,132.78000000,1294.58000000
1772146800000,2026-02-26T23:00:00+00:00,132.77000000,133.06000000,132.71000000,132.98000000,985.62000000
1772150400000,2026-02-27T00:00:00+00:00,133.02000000,133.06000000,132.50000000,132.59000000,1272.36000000
1772154000000,2026-02-27T01:00:00+00:00,132.57000000,133.20000000,132.30000000,133.20000000,2701.00000000
1772157600000,2026-02-27T02:00:00+00:00,133.24000000,133.77000000,133.15000000,133.23000000,950.30000000
1772161200000,2026-02-27T03:00:00+00:00,133.23000000,133.89000000,132.74000000,133.64000000,1194.50000000
1772164800000,2026-02-27T04:00:00+00:00,133.60000000,135.13000000,133.56000000,134.63000000,3596.25000000
1772168400000,2026-02-27T05:00:00+00:00,134.64000000,135.06000000,134.59000000,134.67000000,1000.86000000
1772172000000,2026-02-27T06:00:00+00:00,134.65000000,134.73000000,134.31000000,134.47000000,596.18000000
1772175600000,2026-02-27T07:00:00+00:00,134.48000000,135.02000000,134.46000000,134.88000000,881.17000000
1772179200000,2026-02-27T08:00:00+00:00,134.89000000,135.54000000,134.75000000,135.35000000,2150.01000000
1772182800000,2026-02-27T09:00:00+00:00,135.32000000,135.55000000,134.06000000,134.19000000,2222.46000000
1772186400000,2026-02-27T10:00:00+00:00,134.19000000,134.27000000,131.99000000,132.13000000,5408.57000000
1772190000000,2026-02-27T11:00:00+00:00,132.14000000,132.54000000,130.47000000,130.78000000,6552.06000000
1772193600000,2026-02-27T12:00:00+00:00,130.78000000,130.90000000,129.51000000,129.91000000,4095.97000000
1772197200000,2026-02-27T13:00:00+00:00,129.96000000,130.82000000,128.98000000,130.34000000,9047.60000000
1772200800000,2026-02-27T14:00:00+00:00,130.40000000,131.02000000,128.39000000,128.90000000,32842.35000000
1772204400000,2026-02-27T15:00:00+00:00,128.86000000,130.70000000,128.36000000,129.86000000,18664.22000000
1772208000000,2026-02-27T16:00:00+00:00,129.86000000,130.61000000,128.50000000,129.08000000,12338.40000000
1772211600000,2026-02-27T17:00:00+00:00,129.15000000,130.00000000,128.32000000,129.68000000,11233.26000000
1772215200000,2026-02-27T18:00:00+00:00,129.72000000,129.78000000,128.01000000,128.45000000,7284.55000000
1772218800000,2026-02-27T19:00:00+00:00,128.44000000,129.04000000,127.84000000,128.24000000,4623.67000000
1772222400000,2026-02-27T20:00:00+00:00,128.24000000,130.08000000,128.18000000,129.64000000,7336.84000000
1772226000000,2026-02-27T21:00:00+00:00,129.66000000,130.16000000,129.49000000,129.69000000,7312.90000000
1772229600000,2026-02-27T22:00:00+00:00,129.70000000,129.74000000,129.35000000,129.64000000,1950.22000000
1772233200000,2026-02-27T23:00:00+00:00,129.67000000,129.97000000,129.45000000,129.90000000,2239.76000000
1772236800000,2026-02-28T00:00:00+00:00,129.94000000,130.09000000,129.69000000,129.72000000,686.58000000
1772240400000,2026-02-28T01:00:00+00:00,129.69000000,129.86000000,129.38000000,129.53000000,726.14000000
1772244000000,2026-02-28T02:00:00+00:00,129.50000000,129.87000000,129.48000000,129.74000000,267.79000000
1772247600000,2026-02-28T03:00:00+00:00,129.75000000,129.94000000,129.37000000,129.48000000,288.39000000
1772251200000,2026-02-28T04:00:00+00:00,129.46000000,129.73000000,128.66000000,129.21000000,1415.64000000
1772254800000,2026-02-28T05:00:00+00:00,129.21000000,129.31000000,128.61000000,128.81000000,815.03000000
1772258400000,2026-02-28T06:00:00+00:00,128.95000000,128.98000000,123.24000000,124.10000000,20798.64000000
1772262000000,2026-02-28T07:00:00+00:00,124.06000000,129.09000000,123.50000000,126.79000000,30263.81000000
1772265600000,2026-02-28T08:00:00+00:00,126.79000000,127.49000000,125.46000000,126.80000000,13300.82000000
1772269200000,2026-02-28T09:00:00+00:00,126.81000000,129.34000000,126.52000000,128.12000000,14718.83000000
1772272800000,2026-02-28T10:00:00+00:00,128.12000000,129.00000000,127.95000000,128.71000000,6086.50000000
1772276400000,2026-02-28T11:00:00+00:00,128.68000000,129.15000000,128.14000000,128.69000000,3139.75000000
1772280000000,2026-02-28T12:00:00+00:00,128.73000000,129.28000000,128.52000000,129.23000000,8599.84000000
1772283600000,2026-02-28T13:00:00+00:00,129.23000000,130.48000000,129.18000000,129.67000000,11530.74000000
1772287200000,2026-02-28T14:00:00+00:00,129.72000000,130.60000000,128.01000000,129.38000000,9123.34000000
1772290800000,2026-02-28T15:00:00+00:00,129.34000000,130.15000000,128.99000000,129.60000000,3502.55000000
1772294400000,2026-02-28T16:00:00+00:00,129.50000000,129.66000000,128.63000000,128.92000000,3112.82000000
1772298000000,2026-02-28T17:00:00+00:00,128.90000000,130.09000000,128.67000000,129.95000000,2442.22000000
1772301600000,2026-02-28T18:00:00+00:00,129.89000000,130.52000000,129.30000000,130.05000000,2579.37000000
1772305200000,2026-02-28T19:00:00+00:00,130.07000000,130.59000000,129.62000000,130.18000000,5396.46000000
1772308800000,2026-02-28T20:00:00+00:00,130.15000000,131.89000000,130.12000000,131.30000000,5722.85000000
1772312400000,2026-02-28T21:00:00+00:00,131.32000000,131.34000000,130.40000000,130.74000000,1966.94000000
1772316000000,2026-02-28T22:00:00+00:00,130.73000000,131.37000000,129.50000000,129.62000000,6108.87000000
1772319600000,2026-02-28T23:00:00+00:00,129.63000000,129.98000000,129.39000000,129.39000000,2188.49000000
1772323200000,2026-03-01T00:00:00+00:00,129.41000000,130.28000000,129.26000000,129.99000000,2333.75000000
1772326800000,2026-03-01T01:00:00+00:00,129.92000000,130.77000000,129.38000000,130.53000000,3522.50000000
1772330400000,2026-03-01T02:00:00+00:00,130.54000000,131.60000000,130.46000000,130.46000000,6568.82000000
1772334000000,2026-03-01T03:00:00+00:00,130.46000000,130.68000000,130.26000000,130.63000000,1171.43000000
1772337600000,2026-03-01T04:00:00+00:00,130.63000000,130.81000000,129.93000000,130.43000000,1128.04000000
1772341200000,2026-03-01T05:00:00+00:00,130.54000000,130.65000000,130.07000000,130.22000000,1805.33000000
1772344800000,2026-03-01T06:00:00+00:00,130.28000000,130.32000000,129.61000000,129.72000000,2460.72000000
1772348400000,2026-03-01T07:00:00+00:00,129.75000000,130.01000000,129.49000000,129.74000000,2355.94000000
1772352000000,2026-03-01T08:00:00+00:00,129.83000000,130.70000000,129.82000000,130.07000000,3504.35000000
1772355600000,2026-03-01T09:00:00+00:00,130.08000000,130.27000000,129.61000000,129.87000000,5998.43000000
1772359200000,2026-03-01T10:00:00+00:00,129.95000000,130.48000000,129.76000000,130.16000000,3359.44000000
1772362800000,2026-03-01T11:00:00+00:00,130.19000000,130.37000000,129.89000000,129.90000000,411.49000000
1772366400000,2026-03-01T12:00:00+00:00,129.91000000,130.12000000,129.69000000,129.72000000,362.69000000
1772370000000,2026-03-01T13:00:00+00:00,129.71000000,131.20000000,129.62000000,130.86000000,2668.22000000
1772373600000,2026-03-01T14:00:00+00:00,130.83000000,131.21000000,130.30000000,130.55000000,3532.30000000
1772377200000,2026-03-01T15:00:00+00:00,130.47000000,131.04000000,130.23000000,130.47000000,2795.41000000
1772380800000,2026-03-01T16:00:00+00:00,130.51000000,131.35000000,129.49000000,129.84000000,8325.31000000
1772384400000,2026-03-01T17:00:00+00:00,129.86000000,130.11000000,129.10000000,129.77000000,4440.16000000
1772388000000,2026-03-01T18:00:00+00:00,129.83000000,130.73000000,129.83000000,130.33000000,1428.45000000
1772391600000,2026-03-01T19:00:00+00:00,130.30000000,130.32000000,129.34000000,129.61000000,718.58000000
1772395200000,2026-03-01T20:00:00+00:00,129.55000000,129.60000000,127.61000000,128.23000000,4775.13000000
1772398800000,2026-03-01T21:00:00+00:00,128.28000000,129.08000000,128.08000000,128.92000000,791.61000000
1772402400000,2026-03-01T22:00:00+00:00,128.90000000,130.31000000,128.05000000,128.29000000,2846.58000000
1772406000000,2026-03-01T23:00:00+00:00,128.38000000,130.04000000,128.22000000,129.74000000,2700.85000000
1772409600000,2026-03-02T00:00:00+00:00,129.70000000,131.93000000,129.60000000,131.41000000,6025.75000000
1772413200000,2026-03-02T01:00:00+00:00,131.38000000,133.10000000,130.42000000,131.33000000,6991.79000000
1772416800000,2026-03-02T02:00:00+00:00,131.34000000,131.48000000,129.84000000,130.76000000,4915.83000000
1772420400000,2026-03-02T03:00:00+00:00,130.73000000,131.91000000,130.35000000,131.44000000,3688.85000000
1772424000000,2026-03-02T04:00:00+00:00,131.42000000,131.82000000,131.00000000,131.28000000,2189.23000000
1772427600000,2026-03-02T05:00:00+00:00,131.29000000,131.53000000,130.64000000,130.76000000,1693.20000000
1772431200000,2026-03-02T06:00:00+00:00,130.80000000,130.87000000,129.22000000,129.58000000,2088.48000000
1772434800000,2026-03-02T07:00:00+00:00,129.52000000,129.56000000,127.96000000,128.94000000,2646.43000000
1772438400000,2026-03-02T08:00:00+00:00,128.90000000,129.18000000,127.70000000,129.17000000,3343.61000000
1772442000000,2026-03-02T09:00:00+00:00,129.16000000,130.92000000,128.78000000,129.06000000,2498.43000000
1772445600000,2026-03-02T10:00:00+00:00,128.99000000,129.87000000,128.85000000,129.59000000,2360.69000000
1772449200000,2026-03-02T11:00:00+00:00,129.58000000,130.18000000,128.95000000,129.87000000,3233.69000000
1772452800000,2026-03-02T12:00:00+00:00,129.84000000,130.07000000,129.01000000,129.26000000,2543.75000000
1772456400000,2026-03-02T13:00:00+00:00,129.20000000,129.97000000,128.02000000,128.16000000,3965.80000000
1772460000000,2026-03-02T14:00:00+00:00,128.14000000,134.75000000,127.80000000,133.84000000,36157.76000000
1772463600000,2026-03-02T15:00:00+00:00,133.83000000,139.90000000,133.30000000,138.60000000,31429.23000000
1772467200000,2026-03-02T16:00:00+00:00,138.54000000,140.19000000,137.28000000,137.93000000,15643.41000000
1772470800000,2026-03-02T17:00:00+00:00,137.94000000,138.42000000,136.43000000,136.81000000,9354.81000000
1772474400000,2026-03-02T18:00:00+00:00,136.84000000,137.83000000,136.13000000,137.53000000,10490.14000000
1772478000000,2026-03-02T19:00:00+00:00,137.56000000,138.23000000,136.23000000,137.67000000,8014.92000000
1772481600000,2026-03-02T20:00:00+00:00,137.59000000,138.68000000,136.13000000,137.58000000,8160.95000000
1772485200000,2026-03-02T21:00:00+00:00,137.60000000,138.56000000,137.36000000,138.18000000,2666.99000000
1772488800000,2026-03-02T22:00:00+00:00,138.17000000,138.28000000,137.76000000,138.04000000,1541.54000000
1772492400000,2026-03-02T23:00:00+00:00,138.05000000,138.25000000,136.86000000,137.28000000,2852.79000000
1772496000000,2026-03-03T00:00:00+00:00,137.31000000,137.62000000,136.74000000,137.36000000,3075.54000000
1772499600000,2026-03-03T01:00:00+00:00,137.37000000,137.43000000,136.56000000,136.64000000,3456.51000000
1772503200000,2026-03-03T02:00:00+00:00,136.67000000,136.67000000,135.27000000,136.26000000,3186.99000000
1772506800000,2026-03-03T03:00:00+00:00,136.24000000,136.45000000,135.70000000,135.98000000,2486.92000000
1772510400000,2026-03-03T04:00:00+00:00,135.97000000,136.36000000,135.06000000,135.23000000,2111.17000000
1772514000000,2026-03-03T05:00:00+00:00,135.20000000,136.17000000,134.41000000,134.82000000,2729.76000000
1772517600000,2026-03-03T06:00:00+00:00,134.80000000,135.37000000,134.51000000,135.14000000,2361.34000000
1772521200000,2026-03-03T07:00:00+00:00,135.07000000,135.38000000,134.66000000,135.01000000,1707.38000000
1772524800000,2026-03-03T08:00:00+00:00,135.02000000,135.14000000,132.07000000,132.13000000,6148.65000000
1772528400000,2026-03-03T09:00:00+00:00,132.11000000,133.22000000,131.22000000,131.81000000,8007.41000000
1772532000000,2026-03-03T10:00:00+00:00,131.80000000,132.37000000,130.70000000,132.12000000,6129.30000000
1772535600000,2026-03-03T11:00:00+00:00,132.12000000,133.19000000,131.58000000,132.81000000,3987.77000000
1772539200000,2026-03-03T12:00:00+00:00,132.84000000,134.93000000,132.80000000,133.45000000,4886.05000000
1772542800000,2026-03-03T13:00:00+00:00,133.54000000,133.55000000,132.00000000,132.33000000,6286.82000000
1772546400000,2026-03-03T14:00:00+00:00,132.31000000,133.88000000,129.31000000,129.64000000,32977.06000000
1772550000000,2026-03-03T15:00:00+00:00,129.61000000,133.33000000,128.04000000,133.32000000,28562.12000000
1772553600000,2026-03-03T16:00:00+00:00,133.32000000,136.23000000,133.24000000,134.75000000,25300.96000000
1772557200000,2026-03-03T17:00:00+00:00,134.75000000,135.26000000,132.81000000,134.34000000,15221.48000000
1772560800000,2026-03-03T18:00:00+00:00,134.37000000,136.57000000,133.60000000,135.85000000,8485.51000000
1772564400000,2026-03-03T19:00:00+00:00,135.85000000,136.06000000,134.50000000,134.70000000,10871.38000000
1772568000000,2026-03-03T20:00:00+00:00,134.79000000,135.44000000,132.74000000,132.92000000,11880.26000000
1772571600000,2026-03-03T21:00:00+00:00,132.89000000,133.08000000,132.03000000,132.64000000,3907.12000000
1772575200000,2026-03-03T22:00:00+00:00,132.65000000,133.53000000,132.63000000,132.91000000,2889.14000000
1772578800000,2026-03-03T23:00:00+00:00,132.91000000,134.00000000,132.77000000,133.13000000,3429.06000000
1772582400000,2026-03-04T00:00:00+00:00,133.13000000,133.47000000,132.43000000,132.88000000,4709.10000000
1772586000000,2026-03-04T01:00:00+00:00,132.87000000,134.69000000,132.38000000,133.86000000,4897.24000000
1772589600000,2026-03-04T02:00:00+00:00,133.90000000,133.96000000,132.52000000,133.02000000,3380.16000000
1772593200000,2026-03-04T03:00:00+00:00,132.93000000,132.99000000,131.10000000,131.76000000,4364.55000000
1772596800000,2026-03-04T04:00:00+00:00,131.80000000,132.38000000,131.49000000,131.99000000,3290.11000000
1772600400000,2026-03-04T05:00:00+00:00,131.97000000,132.91000000,131.51000000,132.62000000,4797.66000000
1772604000000,2026-03-04T06:00:00+00:00,132.63000000,133.62000000,132.23000000,133.34000000,5513.62000000
1772607600000,2026-03-04T07:00:00+00:00,133.34000000,135.43000000,132.86000000,135.26000000,8952.94000000
1772611200000,2026-03-04T08:00:00+00:00,135.23000000,138.82000000,135.10000000,138.76000000,10788.36000000
1772614800000,2026-03-04T09:00:00+00:00,138.75000000,144.35000000,138.39000000,142.96000000,23682.02000000
1772618400000,2026-03-04T10:00:00+00:00,143.04000000,144.07000000,141.96000000,142.36000000,9031.88000000
1772622000000,2026-03-04T11:00:00+00:00,142.34000000,143.32000000,141.35000000,141.49000000,5613.09000000
1772625600000,2026-03-04T12:00:00+00:00,141.48000000,142.52000000,140.27000000,142.51000000,5633.16000000
1772629200000,2026-03-04T13:00:00+00:00,142.51000000,143.45000000,141.61000000,143.14000000,9421.98000000
1772632800000,2026-03-04T14:00:00+00:00,143.15000000,145.77000000,142.15000000,144.32000000,52460.29000000
1772636400000,2026-03-04T15:00:00+00:00,144.33000000,149.52000000,143.90000000,149.03000000,32132.83000000
1772640000000,2026-03-04T16:00:00+00:00,149.03000000,149.26000000,146.23000000,148.63000000,23482.10000000
1772643600000,2026-03-04T17:00:00+00:00,148.66000000,149.32000000,146.76000000,147.00000000,19739.59000000
1772647200000,2026-03-04T18:00:00+00:00,146.95000000,148.06000000,146.26000000,147.00000000,10224.96000000
1772650800000,2026-03-04T19:00:00+00:00,146.95000000,148.60000000,146.78000000,147.66000000,12428.22000000
1772654400000,2026-03-04T20:00:00+00:00,147.65000000,148.40000000,146.24000000,146.35000000,16625.94000000
1772658000000,2026-03-04T21:00:00+00:00,146.40000000,146.43000000,144.94000000,145.92000000,7706.34000000
1772661600000,2026-03-04T22:00:00+00:00,145.93000000,146.46000000,145.36000000,145.55000000,3436.95000000
1772665200000,2026-03-04T23:00:00+00:00,145.57000000,146.06000000,145.03000000,145.91000000,2412.02000000
1772668800000,2026-03-05T00:00:00+00:00,145.91000000,146.60000000,145.71000000,145.94000000,4454.84000000
1772672400000,2026-03-05T01:00:00+00:00,146.00000000,147.93000000,145.31000000,145.60000000,8015.51000000
1772676000000,2026-03-05T02:00:00+00:00,145.65000000,146.37000000,145.08000000,145.70000000,4216.71000000
1772679600000,2026-03-05T03:00:00+00:00,145.79000000,146.31000000,145.37000000,145.80000000,2066.45000000
1772683200000,2026-03-05T04:00:00+00:00,145.81000000,146.91000000,145.72000000,146.40000000,2878.68000000
1772686800000,2026-03-05T05:00:00+00:00,146.36000000,146.64000000,145.40000000,145.71000000,2228.20000000
1772690400000,2026-03-05T06:00:00+00:00,145.70000000,145.94000000,144.75000000,145.87000000,3156.30000000
1772694000000,2026-03-05T07:00:00+00:00,145.89000000,146.49000000,144.77000000,145.33000000,2413.22000000
1772697600000,2026-03-05T08:00:00+00:00,145.40000000,145.40000000,144.08000000,145.16000000,2978.29000000
1772701200000,2026-03-05T09:00:00+00:00,145.18000000,146.93000000,145.12000000,146.15000000,4212.53000000
1772704800000,2026-03-05T10:00:00+00:00,146.16000000,149.30000000,145.59000000,148.71000000,4235.18000000
1772708400000,2026-03-05T11:00:00+00:00,148.72000000,148.79000000,147.64000000,147.71000000,3182.24000000
1772712000000,2026-03-05T12:00:00+00:00,147.73000000,147.78000000,146.76000000,147.28000000,5248.25000000
1772715600000,2026-03-05T13:00:00+00:00,147.30000000,147.34000000,145.26000000,145.88000000,5602.13000000
1772719200000,2026-03-05T14:00:00+00:00,145.85000000,146.31000000,143.27000000,145.39000000,31653.57000000
1772722800000,2026-03-05T15:00:00+00:00,145.40000000,146.29000000,141.02000000,142.02000000,22475.03000000
1772726400000,2026-03-05T16:00:00+00:00,142.02000000,142.18000000,139.02000000,141.07000000,15536.83000000
1772730000000,2026-03-05T17:00:00+00:00,141.09000000,142.38000000,137.87000000,138.59000000,17923.33000000
1772733600000,2026-03-05T18:00:00+00:00,138.58000000,140.10000000,138.33000000,139.92000000,16874.10000000
1772737200000,2026-03-05T19:00:00+00:00,139.92000000,141.26000000,139.08000000,139.33000000,11156.14000000
1772740800000,2026-03-05T20:00:00+00:00,139.32000000,141.82000000,139.20000000,139.88000000,12380.11000000
1772744400000,2026-03-05T21:00:00+00:00,139.85000000,140.51000000,139.73000000,140.18000000,5327.88000000
1772748000000,2026-03-05T22:00:00+00:00,140.21000000,140.24000000,139.88000000,139.95000000,1560.00000000
1772751600000,2026-03-05T23:00:00+00:00,139.93000000,139.99000000,139.50000000,139.73000000,1648.44000000
1772755200000,2026-03-06T00:00:00+00:00,139.74000000,140.01000000,139.58000000,139.88000000,1358.19000000
1772758800000,2026-03-06T01:00:00+00:00,139.90000000,140.83000000,138.64000000,140.71000000,7547.43000000
1772762400000,2026-03-06T02:00:00+00:00,140.71000000,141.44000000,140.59000000,141.03000000,3509.61000000
1772766000000,2026-03-06T03:00:00+00:00,141.03000000,141.11000000,140.32000000,140.52000000,1368.73000000
1772769600000,2026-03-06T04:00:00+00:00,140.50000000,140.64000000,138.99000000,139.69000000,2765.81000000
1772773200000,2026-03-06T05:00:00+00:00,139.70000000,140.07000000,138.77000000,139.47000000,2377.36000000
1772776800000,2026-03-06T06:00:00+00:00,139.44000000,140.38000000,139.29000000,140.10000000,4992.10000000
1772780400000,2026-03-06T07:00:00+00:00,140.10000000,141.58000000,139.81000000,141.46000000,2355.84000000
1772784000000,2026-03-06T08:00:00+00:00,141.47000000,141.51000000,140.51000000,140.64000000,1549.71000000
1772787600000,2026-03-06T09:00:00+00:00,140.66000000,140.73000000,138.79000000,139.71000000,4866.04000000
1772791200000,2026-03-06T10:00:00+00:00,139.71000000,140.13000000,139.36000000,139.56000000,1798.17000000
1772794800000,2026-03-06T11:00:00+00:00,139.54000000,139.74000000,138.39000000,138.49000000,4272.56000000
1772798400000,2026-03-06T12:00:00+00:00,138.49000000,138.50000000,136.65000000,137.33000000,8122.00000000
1772802000000,2026-03-06T13:00:00+00:00,137.28000000,137.78000000,134.88000000,134.96000000,11848.34000000
1772805600000,2026-03-06T14:00:00+00:00,134.95000000,136.36000000,133.44000000,133.93000000,40411.71000000
1772809200000,2026-03-06T15:00:00+00:00,133.89000000,136.14000000,132.80000000,134.03000000,27967.86000000
1772812800000,2026-03-06T16:00:00+00:00,134.01000000,135.51000000,133.54000000,135.19000000,13876.29000000
1772816400000,2026-03-06T17:00:00+00:00,135.18000000,135.54000000,133.37000000,133.98000000,10547.87000000
1772820000000,2026-03-06T18:00:00+00:00,133.98000000,135.31000000,133.80000000,133.80000000,11109.50000000
1772823600000,2026-03-06T19:00:00+00:00,133.83000000,134.68000000,132.73000000,133.00000000,6758.76000000
1772827200000,2026-03-06T20:00:00+00:00,133.00000000,134.11000000,131.92000000,133.57000000,9472.18000000
1772830800000,2026-03-06T21:00:00+00:00,133.61000000,133.86000000,133.07000000,133.62000000,3963.73000000
1772834400000,2026-03-06T22:00:00+00:00,133.62000000,133.82000000,133.45000000,133.57000000,1016.57000000
1772838000000,2026-03-06T23:00:00+00:00,133.58000000,133.70000000,133.29000000,133.31000000,507.27000000
1772841600000,2026-03-07T00:00:00+00:00,133.30000000,133.51000000,133.14000000,133.14000000,1084.45000000
1772845200000,2026-03-07T01:00:00+00:00,133.12000000,133.32000000,132.58000000,133.16000000,1707.46000000
1772848800000,2026-03-07T02:00:00+00:00,133.16000000,133.18000000,132.69000000,133.09000000,1192.67000000
1772852400000,2026-03-07T03:00:00+00:00,133.12000000,133.38000000,132.60000000,132.82000000,1637.65000000
1772856000000,2026-03-07T04:00:00+00:00,132.82000000,132.85000000,132.22000000,132.76000000,3256.39000000
1772859600000,2026-03-07T05:00:00+00:00,132.74000000,133.00000000,132.62000000,132.86000000,399.93000000
1772863200000,2026-03-07T06:00:00+00:00,132.86000000,132.93000000,132.32000000,132.60000000,3811.75000000
1772866800000,2026-03-07T07:00:00+00:00,132.60000000,132.78000000,132.24000000,132.72000000,2446.93000000
1772870400000,2026-03-07T08:00:00+00:00,132.73000000,133.16000000,132.68000000,132.97000000,4112.49000000
1772874000000,2026-03-07T09:00:00+00:00,132.97000000,133.13000000,132.91000000,132.99000000,1060.71000000
1772877600000,2026-03-07T10:00:00+00:00,132.98000000,133.08000000,132.85000000,132.90000000,482.83000000
1772881200000,2026-03-07T11:00:00+00:00,132.88000000,133.19000000,132.84000000,133.06000000,2319.29000000
1772884800000,2026-03-07T12:00:00+00:00,133.03000000,133.06000000,132.91000000,132.96000000,840.93000000
1772888400000,2026-03-07T13:00:00+00:00,132.96000000,133.07000000,132.84000000,132.97000000,1415.73000000
1772892000000,2026-03-07T14:00:00+00:00,132.97000000,133.10000000,132.47000000,132.96000000,3445.38000000
1772895600000,2026-03-07T15:00:00+00:00,132.95000000,132.96000000,132.52000000,132.76000000,799.98000000
1772899200000,2026-03-07T16:00:00+00:00,132.75000000,132.84000000,132.42000000,132.82000000,929.12000000
1772902800000,2026-03-07T17:00:00+00:00,132.78000000,132.97000000,132.70000000,132.74000000,246.31000000
1772906400000,2026-03-07T18:00:00+00:00,132.70000000,132.75000000,132.17000000,132.57000000,1890.91000000
1772910000000,2026-03-07T19:00:00+00:00,132.57000000,132.60000000,132.01000000,132.14000000,5443.45000000
1772913600000,2026-03-07T20:00:00+00:00,132.15000000,132.71000000,132.13000000,132.63000000,2839.98000000
1772917200000,2026-03-07T21:00:00+00:00,132.64000000,132.71000000,132.46000000,132.66000000,1040.41000000
1772920800000,2026-03-07T22:00:00+00:00,132.66000000,132.70000000,132.33000000,132.58000000,858.34000000
1772924400000,2026-03-07T23:00:00+00:00,132.57000000,132.67000000,132.49000000,132.59000000,486.89000000
1772928000000,2026-03-08T00:00:00+00:00,132.56000000,132.85000000,132.16000000,132.34000000,2223.68000000
1772931600000,2026-03-08T01:00:00+00:00,132.36000000,132.58000000,132.15000000,132.48000000,1029.68000000
1772935200000,2026-03-08T02:00:00+00:00,132.52000000,132.69000000,131.72000000,131.84000000,1555.08000000
1772938800000,2026-03-08T03:00:00+00:00,131.84000000,132.46000000,131.80000000,132.37000000,721.54000000
1772942400000,2026-03-08T04:00:00+00:00,132.36000000,132.64000000,131.62000000,131.83000000,2747.73000000
1772946000000,2026-03-08T05:00:00+00:00,131.86000000,132.57000000,131.84000000,132.45000000,2282.03000000
1772949600000,2026-03-08T06:00:00+00:00,132.43000000,132.59000000,132.22000000,132.41000000,1751.90000000
1772953200000,2026-03-08T07:00:00+00:00,132.40000000,132.82000000,132.39000000,132.81000000,3288.90000000
1772956800000,2026-03-08T08:00:00+00:00,132.78000000,132.80000000,132.30000000,132.64000000,3802.49000000
1772960400000,2026-03-08T09:00:00+00:00,132.68000000,132.97000000,132.59000000,132.73000000,3192.39000000
1772964000000,2026-03-08T10:00:00+00:00,132.75000000,133.34000000,132.67000000,132.72000000,4855.59000000
1772967600000,2026-03-08T11:00:00+00:00,132.67000000,132.67000000,131.58000000,132.02000000,3012.76000000
1772971200000,2026-03-08T12:00:00+00:00,132.01000000,132.39000000,131.55000000,132.20000000,2709.31000000
1772974800000,2026-03-08T13:00:00+00:00,132.21000000,132.31000000,131.54000000,132.26000000,2056.59000000
1772978400000,2026-03-08T14:00:00+00:00,132.25000000,132.39000000,131.70000000,132.03000000,1977.56000000
1772982000000,2026-03-08T15:00:00+00:00,132.04000000,132.41000000,131.88000000,132.40000000,2108.05000000
1772985600000,2026-03-08T16:00:00+00:00,132.32000000,132.32000000,131.02000000,131.25000000,3420.43000000
1772989200000,2026-03-08T17:00:00+00:00,131.21000000,131.75000000,131.14000000,131.70000000,1020.63000000
1772992800000,2026-03-08T18:00:00+00:00,131.60000000,131.65000000,131.10000000,131.32000000,677.02000000
1772996400000,2026-03-08T19:00:00+00:00,131.35000000,132.50000000,131.33000000,132.32000000,1832.70000000
1773000000000,2026-03-08T20:00:00+00:00,132.34000000,132.58000000,131.88000000,132.15000000,548.16000000
1773003600000,2026-03-08T21:00:00+00:00,132.15000000,132.26000000,131.35000000,131.70000000,724.28000000
1773007200000,2026-03-08T22:00:00+00:00,131.64000000,131.64000000,129.18000000,130.30000000,8972.99000000
1773010800000,2026-03-08T23:00:00+00:00,130.30000000,131.36000000,129.49000000,129.72000000,8122.60000000
1773014400000,2026-03-09T00:00:00+00:00,129.72000000,132.06000000,128.49000000,130.34000000,19507.60000000
1773018000000,2026-03-09T01:00:00+00:00,130.31000000,130.61000000,129.19000000,129.35000000,6181.11000000
1773021600000,2026-03-09T02:00:00+00:00,129.34000000,130.46000000,128.55000000,130.13000000,10133.95000000
1773025200000,2026-03-09T03:00:00+00:00,130.15000000,132.21000000,130.13000000,131.02000000,3393.43000000
1773028800000,2026-03-09T04:00:00+00:00,130.95000000,132.02000000,130.56000000,130.84000000,3288.33000000
1773032400000,2026-03-09T05:00:00+00:00,130.86000000,133.22000000,130.77000000,132.81000000,7279.54000000
1773036000000,2026-03-09T06:00:00+00:00,132.81000000,132.91000000,131.13000000,131.28000000,4356.41000000
1773039600000,2026-03-09T07:00:00+00:00,131.28000000,131.80000000,130.56000000,131.64000000,2525.65000000
1773043200000,2026-03-09T08:00:00+00:00,131.69000000,133.05000000,131.46000000,132.68000000,2824.03000000
1773046800000,2026-03-09T09:00:00+00:00,132.74000000,135.09000000,132.16000000,134.11000000,4324.05000000
1773050400000,2026-03-09T10:00:00+00:00,134.09000000,134.42000000,132.45000000,132.63000000,2326.67000000
1773054000000,2026-03-09T11:00:00+00:00,132.61000000,133.43000000,131.97000000,133.09000000,1616.72000000
1773057600000,2026-03-09T12:00:00+00:00,133.11000000,134.83000000,133.08000000,134.09000000,2276.50000000
1773061200000,2026-03-09T13:00:00+00:00,134.11000000,139.44000000,134.05000000,136.95000000,17337.83000000
1773064800000,2026-03-09T14:00:00+00:00,136.93000000,139.35000000,135.63000000,138.61000000,12480.55000000
1773068400000,2026-03-09T15:00:00+00:00,138.61000000,139.59000000,137.06000000,137.35000000,8508.39000000
1773072000000,2026-03-09T16:00:00+00:00,137.42000000,139.03000000,136.99000000,138.82000000,4491.85000000
1773075600000,2026-03-09T17:00:00+00:00,138.84000000,139.00000000,136.02000000,136.63000000,5613.11000000
1773079200000,2026-03-09T18:00:00+00:00,136.60000000,137.13000000,135.66000000,135.80000000,4290.47000000
1773082800000,2026-03-09T19:00:00+00:00,135.82000000,140.08000000,135.81000000,138.93000000,12576.29000000
1773086400000,2026-03-09T20:00:00+00:00,138.90000000,139.25000000,138.49000000,138.92000000,1609.17000000
1773090000000,2026-03-09T21:00:00+00:00,138.94000000,139.14000000,138.61000000,138.80000000,500.14000000
1773093600000,2026-03-09T22:00:00+00:00,138.80000000,138.99000000,138.15000000,138.33000000,1638.40000000
1773097200000,2026-03-09T23:00:00+00:00,138.33000000,138.44000000,137.34000000,137.62000000,988.51000000
1773100800000,2026-03-10T00:00:00+00:00,137.60000000,139.66000000,136.26000000,139.42000000,6364.51000000
1773104400000,2026-03-10T01:00:00+00:00,139.41000000,139.77000000,138.66000000,139.45000000,2353.62000000
1773108000000,2026-03-10T02:00:00+00:00,139.44000000,141.98000000,139.06000000,141.19000000,4711.60000000
1773111600000,2026-03-10T03:00:00+00:00,141.20000000,141.75000000,139.57000000,139.71000000,2870.24000000
1773115200000,2026-03-10T04:00:00+00:00,139.71000000,141.31000000,139.67000000,141.04000000,1790.00000000
1773118800000,2026-03-10T05:00:00+00:00,141.06000000,141.54000000,140.69000000,140.95000000,889.19000000
1773122400000,2026-03-10T06:00:00+00:00,141.00000000,141.48000000,140.47000000,141.05000000,4709.60000000
1773126000000,2026-03-10T07:00:00+00:00,141.06000000,142.00000000,140.70000000,141.58000000,25172.26000000
1773129600000,2026-03-10T08:00:00+00:00,141.59000000,143.14000000,140.39000000,141.87000000,31868.08000000
1773133200000,2026-03-10T09:00:00+00:00,141.86000000,143.30000000,141.78000000,142.80000000,2457.64000000
1773136800000,2026-03-10T10:00:00+00:00,142.77000000,142.84000000,141.99000000,142.58000000,1839.01000000
1773140400000,2026-03-10T11:00:00+00:00,142.58000000,142.86000000,141.68000000,142.02000000,2000.40000000
1773144000000,2026-03-10T12:00:00+00:00,142.02000000,142.07000000,141.00000000,141.76000000,4305.11000000
1773147600000,2026-03-10T13:00:00+00:00,141.80000000,142.11000000,137.30000000,138.53000000,19865.01000000
1773151200000,2026-03-10T14:00:00+00:00,138.55000000,141.03000000,136.23000000,140.27000000,21234.99000000
1773154800000,2026-03-10T15:00:00+00:00,140.24000000,141.18000000,139.38000000,140.77000000,16479.20000000
1773158400000,2026-03-10T16:00:00+00:00,140.76000000,142.18000000,139.86000000,141.61000000,10109.05000000
1773162000000,2026-03-10T17:00:00+00:00,141.58000000,141.89000000,138.87000000,139.88000000,7579.10000000
1773165600000,2026-03-10T18:00:00+00:00,139.89000000,140.23000000,138.18000000,138.58000000,8878.75000000
1773169200000,2026-03-10T19:00:00+00:00,138.56000000,139.80000000,138.08000000,138.30000000,9117.21000000
1773172800000,2026-03-10T20:00:00+00:00,138.26000000,139.21000000,138.15000000,139.08000000,2587.97000000
1773176400000,2026-03-10T21:00:00+00:00,139.09000000,139.32000000,137.87000000,138.17000000,1111.41000000
1773180000000,2026-03-10T22:00:00+00:00,138.15000000,138.41000000,137.69000000,138.09000000,1124.79000000
1773183600000,2026-03-10T23:00:00+00:00,138.09000000,138.57000000,137.95000000,138.23000000,1100.06000000
1773187200000,2026-03-11T00:00:00+00:00,138.20000000,139.62000000,138.02000000,139.30000000,2775.38000000
1773190800000,2026-03-11T01:00:00+00:00,139.31000000,139.55000000,138.80000000,139.30000000,1022.78000000
1773194400000,2026-03-11T02:00:00+00:00,139.30000000,139.43000000,138.36000000,138.97000000,1281.07000000
1773198000000,2026-03-11T03:00:00+00:00,138.98000000,139.16000000,138.34000000,138.42000000,975.33000000
1773201600000,2026-03-11T04:00:00+00:00,138.40000000,139.74000000,138.31000000,139.60000000,1023.56000000
1773205200000,2026-03-11T05:00:00+00:00,139.59000000,139.66000000,138.16000000,138.30000000,1183.22000000
1773208800000,2026-03-11T06:00:00+00:00,138.34000000,139.13000000,138.29000000,138.83000000,936.82000000
1773212400000,2026-03-11T07:00:00+00:00,138.84000000,138.98000000,137.70000000,138.29000000,3372.95000000
1773216000000,2026-03-11T08:00:00+00:00,138.28000000,138.39000000,137.58000000,137.95000000,1388.56000000
1773219600000,2026-03-11T09:00:00+00:00,137.94000000,137.94000000,136.67000000,137.07000000,1074.27000000
1773223200000,2026-03-11T10:00:00+00:00,137.06000000,138.22000000,136.93000000,138.05000000,1679.55000000
1773226800000,2026-03-11T11:00:00+00:00,138.05000000,138.13000000,136.83000000,137.02000000,1766.39000000
1773230400000,2026-03-11T12:00:00+00:00,137.00000000,138.22000000,136.70000000,137.18000000,2768.59000000
1773234000000,2026-03-11T13:00:00+00:00,137.20000000,142.46000000,137.17000000,139.47000000,16488.38000000
1773237600000,2026-03-11T14:00:00+00:00,139.40000000,140.87000000,137.74000000,138.56000000,21255.71000000
1773241200000,2026-03-11T15:00:00+00:00,138.58000000,139.06000000,135.50000000,136.77000000,14060.91000000
1773244800000,2026-03-11T16:00:00+00:00,136.77000000,138.94000000,136.59000000,138.25000000,16072.01000000
1773248400000,2026-03-11T17:00:00+00:00,138.26000000,139.72000000,137.21000000,138.03000000,23822.46000000
1773252000000,2026-03-11T18:00:00+00:00,138.00000000,139.20000000,137.84000000,138.69000000,15447.73000000
1773255600000,2026-03-11T19:00:00+00:00,138.69000000,138.75000000,137.12000000,138.38000000,7507.90000000
1773259200000,2026-03-11T20:00:00+00:00,138.38000000,138.75000000,138.21000000,138.61000000,2391.98000000
1773262800000,2026-03-11T21:00:00+00:00,138.66000000,138.78000000,138.33000000,138.55000000,984.06000000
1773266400000,2026-03-11T22:00:00+00:00,138.56000000,138.57000000,136.91000000,137.57000000,3409.00000000
1773270000000,2026-03-11T23:00:00+00:00,137.57000000,137.91000000,136.69000000,136.73000000,1511.28000000
1773273600000,2026-03-12T00:00:00+00:00,136.70000000,137.49000000,136.67000000,137.26000000,2293.92000000
1773277200000,2026-03-12T01:00:00+00:00,137.24000000,137.26000000,136.42000000,136.70000000,1952.10000000
1773280800000,2026-03-12T02:00:00+00:00,136.71000000,136.83000000,135.53000000,135.65000000,2320.34000000
1773284400000,2026-03-12T03:00:00+00:00,135.64000000,136.43000000,135.55000000,135.90000000,2218.69000000
1773288000000,2026-03-12T04:00:00+00:00,135.94000000,136.44000000,135.62000000,135.79000000,1110.81000000
1773291600000,2026-03-12T05:00:00+00:00,135.76000000,136.43000000,135.68000000,136.24000000,853.37000000
1773295200000,2026-03-12T06:00:00+00:00,136.26000000,136.53000000,136.06000000,136.27000000,1414.10000000
1773298800000,2026-03-12T07:00:00+00:00,136.30000000,137.23000000,136.24000000,137.11000000,1479.67000000
1773302400000,2026-03-12T08:00:00+00:00,137.12000000,137.84000000,136.81000000,137.28000000,1269.12000000
1773306000000,2026-03-12T09:00:00+00:00,137.28000000,138.00000000,136.42000000,137.42000000,2685.90000000
1773309600000,2026-03-12T10:00:00+00:00,137.40000000,138.25000000,137.18000000,138.09000000,2276.15000000
1773313200000,2026-03-12T11:00:00+00:00,138.08000000,138.30000000,137.43000000,137.53000000,2652.71000000
1773316800000,2026-03-12T12:00:00+00:00,137.56000000,137.89000000,137.11000000,137.59000000,2442.08000000
1773320400000,2026-03-12T13:00:00+00:00,137.60000000,138.54000000,134.74000000,135.45000000,20459.78000000
1773324000000,2026-03-12T14:00:00+00:00,135.48000000,136.82000000,133.32000000,133.71000000,28675.20000000
1773327600000,2026-03-12T15:00:00+00:00,133.72000000,137.34000000,133.61000000,136.51000000,25680.85000000
1773331200000,2026-03-12T16:00:00+00:00,136.50000000,136.83000000,134.66000000,136.31000000,17636.90000000
1773334800000,2026-03-12T17:00:00+00:00,136.32000000,136.97000000,135.08000000,135.47000000,10100.35000000
1773338400000,2026-03-12T18:00:00+00:00,135.47000000,136.06000000,134.60000000,134.66000000,6584.52000000
1773342000000,2026-03-12T19:00:00+00:00,134.67000000,137.47000000,134.65000000,137.27000000,7186.52000000
1773345600000,2026-03-12T20:00:00+00:00,137.23000000,137.69000000,136.76000000,137.05000000,3167.96000000
1773349200000,2026-03-12T21:00:00+00:00,137.09000000,137.38000000,136.91000000,137.07000000,701.55000000
1773352800000,2026-03-12T22:00:00+00:00,137.07000000,137.14000000,136.60000000,136.93000000,1279.04000000
1773356400000,2026-03-12T23:00:00+00:00,136.94000000,137.61000000,136.93000000,137.43000000,2254.63000000
1773360000000,2026-03-13T00:00:00+00:00,137.40000000,140.52000000,137.02000000,139.75000000,15274.39000000
1773363600000,2026-03-13T01:00:00+00:00,139.71000000,140.18000000,139.30000000,139.77000000,5819.60000000
1773367200000,2026-03-13T02:00:00+00:00,139.76000000,139.81000000,138.62000000,138.82000000,3529.92000000
1773370800000,2026-03-13T03:00:00+00:00,138.80000000,139.62000000,138.47000000,139.42000000,2285.88000000
1773374400000,2026-03-13T04:00:00+00:00,139.42000000,139.62000000,139.01000000,139.30000000,1409.95000000
1773378000000,2026-03-13T05:00:00+00:00,139.29000000,139.96000000,139.09000000,139.56000000,1437.93000000
1773381600000,2026-03-13T06:00:00+00:00,139.56000000,139.59000000,138.31000000,138.66000000,4702.47000000
1773385200000,2026-03-13T07:00:00+00:00,138.65000000,139.25000000,138.45000000,139.00000000,3123.01000000
1773388800000,2026-03-13T08:00:00+00:00,139.00000000,140.03000000,138.14000000,139.98000000,5594.02000000
1773392400000,2026-03-13T09:00:00+00:00,139.98000000,140.78000000,139.65000000,140.50000000,7082.53000000
1773396000000,2026-03-13T10:00:00+00:00,140.52000000,142.58000000,140.49000000,142.03000000,13222.08000000
1773399600000,2026-03-13T11:00:00+00:00,141.99000000,142.74000000,141.76000000,142.20000000,5210.52000000
1773403200000,2026-03-13T12:00:00+00:00,142.20000000,143.57000000,141.80000000,142.68000000,7629.79000000
1773406800000,2026-03-13T13:00:00+00:00,142.69000000,146.10000000,142.41000000,144.68000000,54289.72000000
1773410400000,2026-03-13T14:00:00+00:00,144.69000000,147.18000000,142.82000000,142.96000000,66480.62000000
1773414000000,2026-03-13T15:00:00+00:00,142.97000000,145.04000000,141.62000000,141.95000000,41118.19000000
1773417600000,2026-03-13T16:00:00+00:00,141.99000000,142.51000000,139.47000000,141.35000000,45465.96000000
1773421200000,2026-03-13T17:00:00+00:00,141.33000000,141.83000000,138.73000000,139.28000000,25393.68000000
1773424800000,2026-03-13T18:00:00+00:00,139.30000000,140.09000000,138.66000000,138.85000000,15974.84000000
1773428400000,2026-03-13T19:00:00+00:00,138.86000000,140.55000000,138.47000000,139.67000000,12593.51000000
1773432000000,2026-03-13T20:00:00+00:00,139.69000000,139.89000000,139.02000000,139.44000000,6146.21000000
1773435600000,2026-03-13T21:00:00+00:00,139.46000000,139.68000000,139.13000000,139.17000000,1370.98000000
1773439200000,2026-03-13T22:00:00+00:00,139.18000000,139.30000000,138.38000000,138.38000000,2682.83000000
1773442800000,2026-03-13T23:00:00+00:00,138.38000000,139.19000000,138.25000000,138.63000000,1243.04000000
1773446400000,2026-03-14T00:00:00+00:00,138.63000000,138.73000000,138.21000000,138.37000000,1757.20000000
1773450000000,2026-03-14T01:00:00+00:00,138.36000000,138.77000000,138.24000000,138.70000000,961.71000000
1773453600000,2026-03-14T02:00:00+00:00,138.68000000,138.84000000,138.33000000,138.74000000,848.90000000
1773457200000,2026-03-14T03:00:00+00:00,138.76000000,139.08000000,138.68000000,138.90000000,1193.29000000
1773460800000,2026-03-14T04:00:00+00:00,138.91000000,139.08000000,138.55000000,138.63000000,2509.43000000
1773464400000,2026-03-14T05:00:00+00:00,138.59000000,138.68000000,138.16000000,138.45000000,3140.62000000
1773468000000,2026-03-14T06:00:00+00:00,138.48000000,138.56000000,137.69000000,138.46000000,5794.02000000
1773471600000,2026-03-14T07:00:00+00:00,138.45000000,138.67000000,137.99000000,138.11000000,3754.66000000
1773475200000,2026-03-14T08:00:00+00:00,138.12000000,138.35000000,137.99000000,138.30000000,829.59000000
1773478800000,2026-03-14T09:00:00+00:00,138.32000000,138.52000000,137.97000000,138.15000000,1562.69000000
1773482400000,2026-03-14T10:00:00+00:00,138.13000000,138.40000000,138.00000000,138.34000000,615.79000000
1773486000000,2026-03-14T11:00:00+00:00,138.33000000,138.48000000,138.23000000,138.46000000,792.76000000
1773489600000,2026-03-14T12:00:00+00:00,138.46000000,138.55000000,138.18000000,138.50000000,989.44000000
1773493200000,2026-03-14T13:00:00+00:00,138.52000000,138.64000000,138.34000000,138.46000000,1527.35000000
1773496800000,2026-03-14T14:00:00+00:00,138.47000000,138.63000000,138.18000000,138.23000000,408.50000000
1773500400000,2026-03-14T15:00:00+00:00,138.28000000,138.47000000,138.11000000,138.46000000,546.61000000
1773504000000,2026-03-14T16:00:00+00:00,138.45000000,138.49000000,138.14000000,138.41000000,326.00000000
1773507600000,2026-03-14T17:00:00+00:00,138.41000000,138.54000000,138.41000000,138.42000000,126.67000000
1773511200000,2026-03-14T18:00:00+00:00,138.43000000,138.48000000,138.29000000,138.39000000,159.13000000
1773514800000,2026-03-14T19:00:00+00:00,138.38000000,138.57000000,138.35000000,138.49000000,128.63000000
1773518400000,2026-03-14T20:00:00+00:00,138.50000000,138.78000000,138.46000000,138.57000000,500.52000000
1773522000000,2026-03-14T21:00:00+00:00,138.57000000,138.80000000,138.31000000,138.74000000,384.59000000
1773525600000,2026-03-14T22:00:00+00:00,138.74000000,138.76000000,138.51000000,138.65000000,399.10000000
1773529200000,2026-03-14T23:00:00+00:00,138.65000000,139.09000000,138.58000000,138.99000000,3994.91000000
1773532800000,2026-03-15T00:00:00+00:00,138.99000000,139.07000000,138.72000000,138.76000000,881.77000000
1773536400000,2026-03-15T01:00:00+00:00,138.79000000,138.87000000,138.60000000,138.77000000,463.10000000
1773540000000,2026-03-15T02:00:00+00:00,138.77000000,139.42000000,138.77000000,139.22000000,5049.51000000
1773543600000,2026-03-15T03:00:00+00:00,139.21000000,139.29000000,138.63000000,138.82000000,1432.61000000
1773547200000,2026-03-15T04:00:00+00:00,138.83000000,139.33000000,138.61000000,139.06000000,5085.13000000
1773550800000,2026-03-15T05:00:00+00:00,139.06000000,139.34000000,138.72000000,138.79000000,1587.06000000
1773554400000,2026-03-15T06:00:00+00:00,138.78000000,138.95000000,138.60000000,138.78000000,1147.43000000
1773558000000,2026-03-15T07:00:00+00:00,138.77000000,139.05000000,138.66000000,138.69000000,1417.47000000
1773561600000,2026-03-15T08:00:00+00:00,138.69000000,139.43000000,138.69000000,139.38000000,1079.18000000
1773565200000,2026-03-15T09:00:00+00:00,139.40000000,139.66000000,139.27000000,139.42000000,1785.75000000
1773568800000,2026-03-15T10:00:00+00:00,139.36000000,139.60000000,139.16000000,139.56000000,1300.89000000
1773572400000,2026-03-15T11:00:00+00:00,139.51000000,139.58000000,139.05000000,139.42000000,1615.25000000
1773576000000,2026-03-15T12:00:00+00:00,139.42000000,139.43000000,139.03000000,139.13000000,2440.44000000
1773579600000,2026-03-15T13:00:00+00:00,139.12000000,139.43000000,138.69000000,139.17000000,6281.47000000
1773583200000,2026-03-15T14:00:00+00:00,139.18000000,139.30000000,138.66000000,138.97000000,3465.25000000
1773586800000,2026-03-15T15:00:00+00:00,138.95000000,139.12000000,138.64000000,138.79000000,5931.02000000
1773590400000,2026-03-15T16:00:00+00:00,138.84000000,139.34000000,138.84000000,139.12000000,1915.57000000
1773594000000,2026-03-15T17:00:00+00:00,139.14000000,139.98000000,139.11000000,139.70000000,1738.11000000
1773597600000,2026-03-15T18:00:00+00:00,139.69000000,139.74000000,138.83000000,138.95000000,1593.15000000
1773601200000,2026-03-15T19:00:00+00:00,138.96000000,139.23000000,138.92000000,139.19000000,520.72000000
1773604800000,2026-03-15T20:00:00+00:00,139.18000000,139.78000000,139.03000000,139.55000000,2245.55000000
1773608400000,2026-03-15T21:00:00+00:00,139.53000000,140.47000000,139.35000000,140.09000000,2350.44000000
1773612000000,2026-03-15T22:00:00+00:00,140.08000000,141.96000000,139.74000000,141.49000000,6663.33000000
1773615600000,2026-03-15T23:00:00+00:00,141.50000000,142.30000000,140.19000000,141.12000000,13010.18000000
1773619200000,2026-03-16T00:00:00+00:00,141.09000000,143.12000000,140.90000000,142.32000000,19572.27000000
1773622800000,2026-03-16T01:00:00+00:00,142.30000000,142.73000000,141.61000000,142.64000000,3560.80000000
1773626400000,2026-03-16T02:00:00+00:00,142.66000000,142.72000000,141.80000000,142.04000000,3201.20000000
1773630000000,2026-03-16T03:00:00+00:00,142.05000000,144.77000000,141.94000000,143.93000000,7765.99000000
1773633600000,2026-03-16T04:00:00+00:00,143.93000000,145.20000000,143.80000000,144.44000000,5958.58000000
1773637200000,2026-03-16T05:00:00+00:00,144.46000000,145.30000000,144.32000000,145.19000000,3392.89000000
1773640800000,2026-03-16T06:00:00+00:00,145.16000000,145.25000000,144.11000000,144.61000000,3118.87000000
1773644400000,2026-03-16T07:00:00+00:00,144.58000000,145.08000000,144.03000000,144.21000000,3086.78000000
1773648000000,2026-03-16T08:00:00+00:00,144.16000000,144.84000000,142.85000000,143.56000000,3513.65000000
1773651600000,2026-03-16T09:00:00+00:00,143.58000000,144.35000000,143.47000000,143.91000000,2089.76000000
1773655200000,2026-03-16T10:00:00+00:00,143.93000000,145.63000000,143.90000000,145.29000000,7838.72000000
1773658800000,2026-03-16T11:00:00+00:00,145.28000000,145.85000000,144.67000000,145.33000000,3218.80000000
1773662400000,2026-03-16T12:00:00+00:00,145.33000000,146.25000000,145.28000000,145.93000000,4939.06000000
1773666000000,2026-03-16T13:00:00+00:00,145.91000000,147.47000000,144.27000000,146.50000000,22076.18000000
1773669600000,2026-03-16T14:00:00+00:00,146.50000000,148.08000000,143.98000000,145.72000000,21227.40000000
1773673200000,2026-03-16T15:00:00+00:00,145.76000000,146.54000000,143.35000000,143.81000000,9998.96000000
1773676800000,2026-03-16T16:00:00+00:00,143.80000000,145.91000000,143.42000000,145.66000000,13797.39000000
1773680400000,2026-03-16T17:00:00+00:00,145.67000000,146.33000000,145.33000000,146.26000000,5378.00000000
1773684000000,2026-03-16T18:00:00+00:00,146.25000000,148.12000000,146.17000000,146.41000000,15014.27000000
1773687600000,2026-03-16T19:00:00+00:00,146.42000000,148.06000000,145.96000000,147.48000000,12491.01000000
1773691200000,2026-03-16T20:00:00+00:00,147.46000000,148.03000000,147.16000000,147.86000000,2071.69000000
1773694800000,2026-03-16T21:00:00+00:00,147.87000000,148.55000000,147.81000000,148.26000000,2270.45000000
1773698400000,2026-03-16T22:00:00+00:00,148.24000000,148.75000000,148.22000000,148.51000000,2684.97000000
1773702000000,2026-03-16T23:00:00+00:00,148.50000000,148.50000000,147.73000000,148.28000000,3836.14000000
1773705600000,2026-03-17T00:00:00+00:00,148.27000000,150.47000000,147.70000000,149.77000000,10250.70000000
1773709200000,2026-03-17T01:00:00+00:00,149.82000000,150.81000000,149.40000000,149.97000000,7870.39000000
1773712800000,2026-03-17T02:00:00+00:00,149.95000000,150.09000000,149.02000000,149.13000000,2871.77000000
1773716400000,2026-03-17T03:00:00+00:00,149.14000000,149.50000000,147.46000000,148.05000000,5578.38000000
1773720000000,2026-03-17T04:00:00+00:00,148.07000000,148.66000000,147.34000000,148.00000000,4274.42000000
1773723600000,2026-03-17T05:00:00+00:00,147.99000000,148.45000000,147.23000000,147.62000000,5524.01000000
1773727200000,2026-03-17T06:00:00+00:00,147.63000000,147.89000000,147.07000000,147.61000000,4089.64000000
1773730800000,2026-03-17T07:00:00+00:00,147.61000000,148.49000000,147.49000000,147.91000000,3402.67000000
1773734400000,2026-03-17T08:00:00+00:00,147.93000000,148.55000000,147.46000000,147.61000000,2853.88000000
1773738000000,2026-03-17T09:00:00+00:00,147.62000000,148.19000000,147.14000000,147.28000000,2912.26000000
1773741600000,2026-03-17T10:00:00+00:00,147.33000000,147.46000000,146.15000000,146.64000000,4476.79000000
1773745200000,2026-03-17T11:00:00+00:00,146.66000000,147.80000000,146.63000000,147.35000000,4308.58000000
1773748800000,2026-03-17T12:00:00+00:00,147.35000000,147.91000000,146.34000000,146.63000000,6368.74000000
1773752400000,2026-03-17T13:00:00+00:00,146.60000000,148.83000000,145.42000000,147.90000000,24292.11000000
1773756000000,2026-03-17T14:00:00+00:00,147.92000000,150.57000000,147.32000000,150.49000000,20495.40000000
1773759600000,2026-03-17T15:00:00+00:00,150.49000000,151.64000000,147.42000000,148.24000000,14233.52000000
1773763200000,2026-03-17T16:00:00+00:00,148.23000000,150.24000000,148.16000000,149.94000000,7121.50000000
1773766800000,2026-03-17T17:00:00+00:00,149.94000000,152.24000000,149.41000000,151.61000000,11693.89000000
1773770400000,2026-03-17T18:00:00+00:00,151.61000000,151.61000000,150.14000000,151.00000000,7275.80000000
1773774000000,2026-03-17T19:00:00+00:00,151.01000000,151.30000000,149.60000000,150.35000000,6024.58000000
1773777600000,2026-03-17T20:00:00+00:00,150.34000000,151.06000000,150.14000000,150.57000000,2709.73000000
1773781200000,2026-03-17T21:00:00+00:00,150.56000000,151.16000000,150.55000000,151.09000000,1584.18000000
1773784800000,2026-03-17T22:00:00+00:00,151.06000000,151.20000000,149.87000000,150.50000000,3226.57000000
1773788400000,2026-03-17T23:00:00+00:00,150.49000000,150.63000000,149.64000000,149.75000000,2293.96000000
1773792000000,2026-03-18T00:00:00+00:00,149.71000000,149.98000000,148.88000000,149.78000000,8783.42000000
1773795600000,2026-03-18T01:00:00+00:00,149.80000000,150.45000000,149.61000000,150.14000000,3568.69000000
1773799200000,2026-03-18T02:00:00+00:00,150.12000000,150.87000000,150.06000000,150.66000000,3801.55000000
1773802800000,2026-03-18T03:00:00+00:00,150.65000000,151.40000000,150.30000000,150.98000000,6064.74000000
1773806400000,2026-03-18T04:00:00+00:00,151.01000000,151.11000000,150.37000000,150.56000000,2323.94000000
1773810000000,2026-03-18T05:00:00+00:00,150.50000000,150.91000000,150.12000000,150.44000000,3773.31000000
1773813600000,2026-03-18T06:00:00+00:00,150.44000000,150.68000000,149.83000000,149.87000000,4183.15000000
1773817200000,2026-03-18T07:00:00+00:00,149.88000000,149.95000000,149.16000000,149.55000000,2544.57000000
1773820800000,2026-03-18T08:00:00+00:00,149.56000000,150.48000000,149.52000000,149.69000000,2874.84000000
1773824400000,2026-03-18T09:00:00+00:00,149.70000000,151.40000000,149.65000000,150.80000000,1971.69000000
1773828000000,2026-03-18T10:00:00+00:00,150.79000000,151.16000000,149.62000000,149.96000000,2689.14000000
1773831600000,2026-03-18T11:00:00+00:00,149.95000000,150.57000000,147.54000000,147.80000000,8944.89000000
1773835200000,2026-03-18T12:00:00+00:00,147.78000000,147.80000000,144.87000000,145.10000000,17825.26000000
1773838800000,2026-03-18T13:00:00+00:00,145.16000000,146.69000000,144.23000000,145.47000000,41261.99000000
1773842400000,2026-03-18T14:00:00+00:00,145.47000000,145.66000000,141.77000000,142.16000000,29696.27000000
1773846000000,2026-03-18T15:00:00+00:00,142.16000000,143.33000000,141.45000000,142.14000000,19164.53000000
1773849600000,2026-03-18T16:00:00+00:00,142.13000000,142.31000000,140.48000000,141.19000000,19288.43000000
1773853200000,2026-03-18T17:00:00+00:00,141.20000000,143.01000000,140.79000000,142.40000000,22800.83000000
1773856800000,2026-03-18T18:00:00+00:00,142.40000000,143.49000000,140.64000000,140.96000000,20249.62000000
1773860400000,2026-03-18T19:00:00+00:00,140.93000000,142.43000000,140.47000000,140.63000000,18260.00000000
1773864000000,2026-03-18T20:00:00+00:00,140.64000000,140.80000000,139.16000000,140.33000000,15896.95000000
1773867600000,2026-03-18T21:00:00+00:00,140.33000000,140.98000000,140.23000000,140.83000000,2800.56000000
1773871200000,2026-03-18T22:00:00+00:00,140.82000000,140.84000000,140.10000000,140.39000000,2012.29000000
1773874800000,2026-03-18T23:00:00+00:00,140.39000000,140.90000000,140.25000000,140.48000000,2308.65000000
1773878400000,2026-03-19T00:00:00+00:00,140.48000000,141.15000000,140.07000000,140.15000000,5190.37000000
1773882000000,2026-03-19T01:00:00+00:00,140.18000000,140.61000000,139.85000000,140.31000000,5379.79000000
1773885600000,2026-03-19T02:00:00+00:00,140.30000000,140.96000000,139.87000000,140.48000000,4247.17000000
1773889200000,2026-03-19T03:00:00+00:00,140.49000000,141.58000000,140.49000000,140.94000000,5361.35000000
1773892800000,2026-03-19T04:00:00+00:00,140.94000000,140.94000000,139.64000000,139.95000000,6105.98000000
1773896400000,2026-03-19T05:00:00+00:00,139.95000000,140.24000000,139.68000000,139.98000000,2587.83000000
1773900000000,2026-03-19T06:00:00+00:00,139.98000000,140.30000000,139.35000000,139.48000000,3146.20000000
1773903600000,2026-03-19T07:00:00+00:00,139.48000000,139.53000000,136.96000000,137.93000000,17634.94000000
1773907200000,2026-03-19T08:00:00+00:00,137.95000000,138.97000000,137.56000000,137.74000000,12324.26000000
1773910800000,2026-03-19T09:00:00+00:00,137.75000000,139.64000000,137.75000000,139.46000000,8554.89000000
1773914400000,2026-03-19T10:00:00+00:00,139.44000000,139.47000000,138.12000000,138.19000000,5543.69000000
1773918000000,2026-03-19T11:00:00+00:00,138.15000000,138.63000000,137.49000000,137.74000000,5033.47000000
1773921600000,2026-03-19T12:00:00+00:00,137.73000000,137.73000000,135.60000000,135.78000000,11795.77000000
1773925200000,2026-03-19T13:00:00+00:00,135.81000000,138.14000000,133.28000000,137.80000000,51814.49000000
1773928800000,2026-03-19T14:00:00+00:00,137.81000000,138.42000000,134.81000000,136.56000000,41201.55000000
1773932400000,2026-03-19T15:00:00+00:00,136.58000000,138.48000000,135.16000000,136.34000000,36962.85000000
1773936000000,2026-03-19T16:00:00+00:00,136.36000000,136.92000000,134.91000000,135.35000000,23465.21000000
1773939600000,2026-03-19T17:00:00+00:00,135.36000000,136.91000000,134.20000000,136.51000000,20310.08000000
1773943200000,2026-03-19T18:00:00+00:00,136.46000000,137.27000000,136.03000000,136.86000000,12562.19000000
1773946800000,2026-03-19T19:00:00+00:00,136.81000000,139.72000000,136.81000000,138.24000000,32005.14000000
1773950400000,2026-03-19T20:00:00+00:00,138.23000000,139.08000000,137.83000000,138.89000000,3312.65000000
1773954000000,2026-03-19T21:00:00+00:00,138.87000000,138.97000000,138.56000000,138.68000000,1241.39000000
1773957600000,2026-03-19T22:00:00+00:00,138.67000000,138.83000000,138.00000000,138.63000000,3024.98000000
1773961200000,2026-03-19T23:00:00+00:00,138.64000000,138.89000000,137.94000000,138.34000000,2609.16000000
1773964800000,2026-03-20T00:00:00+00:00,138.33000000,138.82000000,138.12000000,138.61000000,5579.55000000
1773968400000,2026-03-20T01:00:00+00:00,138.61000000,139.87000000,138.59000000,139.34000000,4690.00000000
1773972000000,2026-03-20T02:00:00+00:00,139.33000000,139.55000000,138.62000000,139.45000000,4061.56000000
1773975600000,2026-03-20T03:00:00+00:00,139.43000000,140.00000000,139.21000000,139.66000000,5686.49000000
1773979200000,2026-03-20T04:00:00+00:00,139.68000000,140.05000000,139.11000000,139.68000000,4229.63000000
1773982800000,2026-03-20T05:00:00+00:00,139.67000000,139.70000000,138.96000000,139.07000000,3182.31000000
1773986400000,2026-03-20T06:00:00+00:00,139.06000000,139.18000000,138.52000000,138.69000000,2530.68000000
1773990000000,2026-03-20T07:00:00+00:00,138.70000000,139.62000000,138.08000000,139.54000000,6501.40000000
1773993600000,2026-03-20T08:00:00+00:00,139.53000000,141.31000000,139.28000000,140.51000000,8895.73000000
1773997200000,2026-03-20T09:00:00+00:00,140.50000000,140.50000000,138.61000000,138.99000000,4578.35000000
1774000800000,2026-03-20T10:00:00+00:00,138.99000000,139.03000000,137.57000000,138.57000000,6913.29000000
1774004400000,2026-03-20T11:00:00+00:00,138.57000000,139.14000000,138.08000000,138.72000000,4474.46000000
1774008000000,2026-03-20T12:00:00+00:00,138.74000000,139.36000000,138.12000000,138.58000000,3229.63000000
1774011600000,2026-03-20T13:00:00+00:00,138.55000000,139.71000000,135.24000000,135.58000000,41387.45000000
1774015200000,2026-03-20T14:00:00+00:00,135.59000000,138.07000000,134.72000000,137.12000000,39312.38000000
1774018800000,2026-03-20T15:00:00+00:00,137.08000000,137.79000000,135.95000000,137.60000000,29008.70000000
1774022400000,2026-03-20T16:00:00+00:00,137.63000000,138.27000000,136.09000000,137.00000000,26467.55000000
1774026000000,2026-03-20T17:00:00+00:00,137.03000000,137.21000000,135.07000000,136.17000000,22078.67000000
1774029600000,2026-03-20T18:00:00+00:00,136.16000000,136.79000000,134.30000000,134.46000000,23469.71000000
1774033200000,2026-03-20T19:00:00+00:00,134.50000000,136.12000000,134.24000000,135.79000000,26398.98000000
1774036800000,2026-03-20T20:00:00+00:00,135.80000000,135.95000000,135.41000000,135.85000000,6647.00000000
1774040400000,2026-03-20T21:00:00+00:00,135.82000000,136.77000000,135.57000000,136.68000000,7012.93000000
1774044000000,2026-03-20T22:00:00+00:00,136.68000000,137.24000000,136.63000000,136.96000000,2950.16000000
1774047600000,2026-03-20T23:00:00+00:00,136.95000000,137.06000000,136.48000000,136.63000000,1951.55000000
1774051200000,2026-03-21T00:00:00+00:00,136.64000000,137.31000000,136.55000000,136.82000000,3022.99000000
1774054800000,2026-03-21T01:00:00+00:00,136.80000000,136.90000000,136.40000000,136.51000000,1617.81000000
1774058400000,2026-03-21T02:00:00+00:00,136.48000000,136.91000000,136.41000000,136.81000000,922.39000000
1774062000000,2026-03-21T03:00:00+00:00,136.82000000,136.87000000,136.53000000,136.58000000,523.74000000
1774065600000,2026-03-21T04:00:00+00:00,136.61000000,136.86000000,136.11000000,136.31000000,6231.04000000
1774069200000,2026-03-21T05:00:00+00:00,136.32000000,136.79000000,136.32000000,136.60000000,1387.23000000
1774072800000,2026-03-21T06:00:00+00:00,136.57000000,136.73000000,136.54000000,136.59000000,427.27000000
1774076400000,2026-03-21T07:00:00+00:00,136.60000000,136.78000000,136.28000000,136.43000000,2789.04000000
1774080000000,2026-03-21T08:00:00+00:00,136.48000000,136.63000000,136.26000000,136.54000000,590.96000000
1774083600000,2026-03-21T09:00:00+00:00,136.53000000,136.73000000,136.43000000,136.58000000,442.25000000
1774087200000,2026-03-21T10:00:00+00:00,136.60000000,136.63000000,136.37000000,136.44000000,234.66000000
1774090800000,2026-03-21T11:00:00+00:00,136.46000000,136.69000000,136.44000000,136.60000000,125.13000000
1774094400000,2026-03-21T12:00:00+00:00,136.61000000,136.83000000,136.50000000,136.69000000,1152.11000000
1774098000000,2026-03-21T13:00:00+00:00,136.68000000,136.75000000,136.55000000,136.65000000,669.68000000
1774101600000,2026-03-21T14:00:00+00:00,136.64000000,136.96000000,136.40000000,136.44000000,2908.14000000
1774105200000,2026-03-21T15:00:00+00:00,136.44000000,136.70000000,136.16000000,136.54000000,1038.91000000
1774108800000,2026-03-21T16:00:00+00:00,136.55000000,136.55000000,135.95000000,136.01000000,1535.48000000
1774112400000,2026-03-21T17:00:00+00:00,136.00000000,136.26000000,135.94000000,136.16000000,891.79000000
1774116000000,2026-03-21T18:00:00+00:00,136.14000000,136.35000000,136.06000000,136.20000000,485.38000000
1774119600000,2026-03-21T19:00:00+00:00,136.20000000,136.50000000,136.16000000,136.44000000,1711.81000000
1774123200000,2026-03-21T20:00:00+00:00,136.44000000,136.65000000,136.38000000,136.56000000,574.44000000
1774126800000,2026-03-21T21:00:00+00:00,136.57000000,136.62000000,136.21000000,136.32000000,359.65000000
1774130400000,2026-03-21T22:00:00+00:00,136.32000000,136.41000000,136.15000000,136.23000000,212.41000000
1774134000000,2026-03-21T23:00:00+00:00,136.24000000,136.25000000,134.82000000,135.06000000,26779.80000000
1774137600000,2026-03-22T00:00:00+00:00,135.04000000,135.84000000,134.48000000,135.70000000,13902.01000000
1774141200000,2026-03-22T01:00:00+00:00,135.72000000,136.00000000,135.57000000,135.82000000,2038.77000000
1774144800000,2026-03-22T02:00:00+00:00,135.78000000,136.38000000,135.73000000,136.16000000,3631.65000000
1774148400000,2026-03-22T03:00:00+00:00,136.17000000,136.40000000,135.85000000,135.99000000,2659.72000000
1774152000000,2026-03-22T04:00:00+00:00,136.00000000,136.38000000,135.83000000,136.36000000,1441.97000000
1774155600000,2026-03-22T05:00:00+00:00,136.36000000,136.36000000,136.00000000,136.21000000,1439.57000000
1774159200000,2026-03-22T06:00:00+00:00,136.21000000,136.28000000,134.88000000,135.26000000,7390.13000000
1774162800000,2026-03-22T07:00:00+00:00,135.26000000,136.20000000,135.04000000,135.43000000,10618.62000000
1774166400000,2026-03-22T08:00:00+00:00,135.46000000,135.74000000,134.62000000,135.53000000,7440.40000000
1774170000000,2026-03-22T09:00:00+00:00,135.52000000,135.77000000,134.53000000,134.98000000,5168.88000000
1774173600000,2026-03-22T10:00:00+00:00,134.99000000,135.03000000,134.62000000,134.94000000,3929.81000000
1774177200000,2026-03-22T11:00:00+00:00,134.93000000,135.08000000,134.52000000,134.75000000,2729.13000000
1774180800000,2026-03-22T12:00:00+00:00,134.72000000,135.75000000,134.69000000,135.52000000,3161.96000000
1774184400000,2026-03-22T13:00:00+00:00,135.55000000,135.67000000,135.16000000,135.27000000,2069.45000000
1774188000000,2026-03-22T14:00:00+00:00,135.28000000,135.68000000,135.05000000,135.41000000,5381.75000000
1774191600000,2026-03-22T15:00:00+00:00,135.43000000,135.80000000,135.40000000,135.67000000,5011.22000000
1774195200000,2026-03-22T16:00:00+00:00,135.67000000,135.90000000,134.46000000,134.66000000,7664.12000000
1774198800000,2026-03-22T17:00:00+00:00,134.64000000,134.77000000,134.36000000,134.50000000,2297.38000000
1774202400000,2026-03-22T18:00:00+00:00,134.46000000,134.60000000,134.03000000,134.41000000,1976.36000000
1774206000000,2026-03-22T19:00:00+00:00,134.41000000,134.43000000,133.77000000,133.89000000,3765.57000000
1774209600000,2026-03-22T20:00:00+00:00,133.89000000,134.31000000,133.76000000,133.91000000,4488.91000000
1774213200000,2026-03-22T21:00:00+00:00,133.91000000,133.95000000,132.09000000,133.71000000,10351.04000000
1774216800000,2026-03-22T22:00:00+00:00,133.73000000,134.86000000,132.97000000,134.73000000,14826.34000000
1774220400000,2026-03-22T23:00:00+00:00,134.74000000,135.26000000,133.67000000,133.84000000,21594.23000000
1774224000000,2026-03-23T00:00:00+00:00,133.84000000,134.07000000,130.74000000,130.80000000,48190.29000000
1774227600000,2026-03-23T01:00:00+00:00,130.77000000,132.30000000,130.61000000,131.76000000,9233.83000000
1774231200000,2026-03-23T02:00:00+00:00,131.76000000,132.62000000,131.60000000,132.50000000,6634.23000000
1774234800000,2026-03-23T03:00:00+00:00,132.48000000,133.03000000,131.37000000,131.51000000,6274.10000000
1774238400000,2026-03-23T04:00:00+00:00,131.51000000,132.42000000,131.42000000,132.37000000,6211.49000000
1774242000000,2026-03-23T05:00:00+00:00,132.37000000,132.96000000,132.10000000,132.77000000,8012.57000000
1774245600000,2026-03-23T06:00:00+00:00,132.79000000,132.79000000,130.42000000,130.88000000,9331.01000000
1774249200000,2026-03-23T07:00:00+00:00,130.88000000,131.96000000,130.10000000,131.55000000,8073.42000000
1774252800000,2026-03-23T08:00:00+00:00,131.58000000,133.30000000,131.54000000,132.61000000,9311.52000000
1774256400000,2026-03-23T09:00:00+00:00,132.61000000,132.86000000,131.38000000,132.15000000,3566.16000000
1774260000000,2026-03-23T10:00:00+00:00,132.14000000,132.78000000,131.64000000,132.60000000,4227.61000000
1774263600000,2026-03-23T11:00:00+00:00,132.64000000,140.35000000,132.39000000,136.54000000,57292.94000000
1774267200000,2026-03-23T12:00:00+00:00,136.56000000,139.63000000,135.50000000,138.90000000,29613.61000000
1774270800000,2026-03-23T13:00:00+00:00,138.90000000,139.92000000,137.19000000,139.83000000,35902.69000000
1774274400000,2026-03-23T14:00:00+00:00,139.85000000,139.90000000,137.44000000,138.51000000,33275.27000000
1774278000000,2026-03-23T15:00:00+00:00,138.53000000,139.69000000,134.81000000,134.93000000,43955.60000000
1774281600000,2026-03-23T16:00:00+00:00,134.94000000,136.86000000,134.72000000,135.12000000,32881.34000000
1774285200000,2026-03-23T17:00:00+00:00,135.14000000,137.56000000,134.09000000,137.43000000,26121.39000000
1774288800000,2026-03-23T18:00:00+00:00,137.42000000,138.33000000,136.19000000,137.93000000,26183.33000000
1774292400000,2026-03-23T19:00:00+00:00,137.93000000,138.66000000,137.62000000,138.15000000,24970.74000000
1774296000000,2026-03-23T20:00:00+00:00,138.16000000,138.43000000,137.54000000,138.18000000,7867.46000000
1774299600000,2026-03-23T21:00:00+00:00,138.18000000,138.30000000,138.02000000,138.02000000,1129.68000000
1774303200000,2026-03-23T22:00:00+00:00,138.06000000,138.28000000,137.67000000,138.24000000,2133.81000000
1774306800000,2026-03-23T23:00:00+00:00,138.22000000,138.46000000,137.65000000,138.46000000,4710.38000000
1774310400000,2026-03-24T00:00:00+00:00,138.41000000,138.88000000,137.42000000,137.65000000,8933.05000000
1774314000000,2026-03-24T01:00:00+00:00,137.65000000,137.73000000,136.65000000,136.82000000,6308.83000000
1774317600000,2026-03-24T02:00:00+00:00,136.84000000,137.42000000,136.70000000,136.87000000,5041.68000000
1774321200000,2026-03-24T03:00:00+00:00,136.88000000,137.24000000,136.81000000,137.21000000,1914.61000000
1774324800000,2026-03-24T04:00:00+00:00,137.24000000,137.64000000,136.71000000,136.92000000,2568.21000000
1774328400000,2026-03-24T05:00:00+00:00,136.92000000,137.10000000,136.54000000,136.85000000,2340.67000000
1774332000000,2026-03-24T06:00:00+00:00,136.85000000,137.74000000,136.84000000,137.74000000,4997.92000000
1774335600000,2026-03-24T07:00:00+00:00,137.73000000,138.94000000,137.61000000,138.81000000,10068.07000000
1774339200000,2026-03-24T08:00:00+00:00,138.81000000,139.12000000,138.08000000,138.31000000,4973.12000000
1774342800000,2026-03-24T09:00:00+00:00,138.30000000,139.06000000,137.83000000,138.94000000,3417.25000000
1774346400000,2026-03-24T10:00:00+00:00,138.96000000,139.10000000,138.54000000,138.87000000,2441.51000000
1774350000000,2026-03-24T11:00:00+00:00,138.85000000,139.17000000,138.04000000,138.61000000,3391.25000000
1774353600000,2026-03-24T12:00:00+00:00,138.63000000,138.68000000,137.64000000,137.87000000,4557.29000000
1774357200000,2026-03-24T13:00:00+00:00,137.87000000,139.95000000,136.29000000,137.28000000,45854.49000000
1774360800000,2026-03-24T14:00:00+00:00,137.28000000,139.30000000,135.49000000,136.86000000,48333.22000000
1774364400000,2026-03-24T15:00:00+00:00,136.88000000,137.67000000,134.94000000,136.05000000,30113.70000000
1774368000000,2026-03-24T16:00:00+00:00,136.03000000,137.37000000,135.90000000,136.24000000,23664.00000000
1774371600000,2026-03-24T17:00:00+00:00,136.25000000,136.88000000,134.31000000,135.75000000,28324.37000000
1774375200000,2026-03-24T18:00:00+00:00,135.75000000,138.14000000,135.57000000,136.70000000,33118.55000000
1774378800000,2026-03-24T19:00:00+00:00,136.70000000,137.73000000,135.87000000,136.28000000,20741.75000000
1774382400000,2026-03-24T20:00:00+00:00,136.29000000,137.78000000,135.93000000,137.33000000,19006.72000000
1774386000000,2026-03-24T21:00:00+00:00,137.37000000,137.54000000,137.00000000,137.54000000,2857.12000000
1774389600000,2026-03-24T22:00:00+00:00,137.51000000,137.94000000,137.33000000,137.63000000,3323.77000000
1774393200000,2026-03-24T23:00:00+00:00,137.64000000,138.58000000,137.45000000,138.38000000,3587.65000000
1774396800000,2026-03-25T00:00:00+00:00,138.39000000,139.54000000,138.26000000,138.97000000,11320.41000000
1774400400000,2026-03-25T01:00:00+00:00,138.97000000,139.57000000,138.66000000,139.12000000,7913.16000000
1774404000000,2026-03-25T02:00:00+00:00,139.10000000,139.15000000,138.53000000,138.60000000,5967.76000000
1774407600000,2026-03-25T03:00:00+00:00,138.64000000,139.05000000,138.27000000,138.91000000,3725.00000000
1774411200000,2026-03-25T04:00:00+00:00,138.91000000,139.33000000,138.74000000,139.13000000,4763.11000000
1774414800000,2026-03-25T05:00:00+00:00,139.16000000,139.56000000,139.03000000,139.24000000,6702.27000000
1774418400000,2026-03-25T06:00:00+00:00,139.26000000,139.42000000,138.94000000,138.97000000,4049.75000000
1774422000000,2026-03-25T07:00:00+00:00,138.96000000,139.49000000,138.91000000,139.24000000,4406.49000000
1774425600000,2026-03-25T08:00:00+00:00,139.24000000,140.79000000,138.86000000,140.04000000,8793.56000000
1774429200000,2026-03-25T09:00:00+00:00,140.05000000,140.39000000,139.34000000,140.09000000,3789.50000000
1774432800000,2026-03-25T10:00:00+00:00,140.10000000,140.75000000,140.10000000,140.44000000,3637.16000000
1774436400000,2026-03-25T11:00:00+00:00,140.42000000,141.52000000,140.21000000,140.98000000,9290.97000000
1774440000000,2026-03-25T12:00:00+00:00,140.97000000,141.44000000,139.56000000,140.77000000,15892.26000000
1774443600000,2026-03-25T13:00:00+00:00,140.75000000,143.68000000,140.25000000,142.54000000,68027.50000000
1774447200000,2026-03-25T14:00:00+00:00,142.52000000,143.74000000,141.24000000,141.36000000,27635.49000000
1774450800000,2026-03-25T15:00:00+00:00,141.36000000,141.76000000,138.64000000,138.73000000,53994.97000000
1774454400000,2026-03-25T16:00:00+00:00,138.75000000,140.52000000,138.41000000,140.05000000,24168.58000000
1774458000000,2026-03-25T17:00:00+00:00,140.11000000,140.37000000,138.50000000,138.63000000,20408.83000000
1774461600000,2026-03-25T18:00:00+00:00,138.65000000,138.74000000,136.94000000,137.36000000,21832.42000000
1774465200000,2026-03-25T19:00:00+00:00,137.34000000,139.66000000,137.08000000,139.17000000,21806.73000000
1774468800000,2026-03-25T20:00:00+00:00,139.20000000,139.29000000,138.59000000,139.10000000,5339.45000000
1774472400000,2026-03-25T21:00:00+00:00,139.10000000,139.26000000,138.70000000,138.92000000,1196.87000000
1774476000000,2026-03-25T22:00:00+00:00,138.94000000,140.23000000,138.71000000,140.02000000,3418.43000000
1774479600000,2026-03-25T23:00:00+00:00,139.98000000,140.08000000,139.05000000,139.45000000,1256.43000000
1774483200000,2026-03-26T00:00:00+00:00,139.45000000,140.41000000,139.24000000,140.16000000,5547.38000000
1774486800000,2026-03-26T01:00:00+00:00,140.15000000,140.26000000,139.76000000,140.00000000,3161.20000000
1774490400000,2026-03-26T02:00:00+00:00,139.98000000,140.10000000,138.46000000,138.90000000,5024.59000000
1774494000000,2026-03-26T03:00:00+00:00,138.89000000,139.13000000,138.60000000,138.96000000,3605.27000000
1774497600000,2026-03-26T04:00:00+00:00,138.97000000,138.98000000,138.62000000,138.67000000,1672.21000000
1774501200000,2026-03-26T05:00:00+00:00,138.69000000,138.75000000,136.99000000,137.03000000,4957.02000000
1774504800000,2026-03-26T06:00:00+00:00,137.02000000,137.63000000,136.83000000,137.55000000,5942.51000000
1774508400000,2026-03-26T07:00:00+00:00,137.50000000,137.61000000,137.03000000,137.24000000,2444.03000000
1774512000000,2026-03-26T08:00:00+00:00,137.30000000,137.52000000,136.50000000,137.02000000,4366.29000000
1774515600000,2026-03-26T09:00:00+00:00,137.01000000,137.21000000,136.00000000,136.35000000,5379.42000000
1774519200000,2026-03-26T10:00:00+00:00,136.35000000,137.17000000,136.05000000,136.65000000,4172.63000000
1774522800000,2026-03-26T11:00:00+00:00,136.67000000,137.00000000,135.99000000,135.99000000,5728.97000000
1774526400000,2026-03-26T12:00:00+00:00,136.04000000,136.96000000,135.92000000,136.59000000,7088.22000000
1774530000000,2026-03-26T13:00:00+00:00,136.58000000,139.00000000,135.59000000,138.80000000,44672.32000000
1774533600000,2026-03-26T14:00:00+00:00,138.82000000,138.98000000,136.42000000,137.53000000,25747.40000000
1774537200000,2026-03-26T15:00:00+00:00,137.55000000,137.90000000,134.86000000,135.42000000,26709.78000000
1774540800000,2026-03-26T16:00:00+00:00,135.40000000,135.49000000,133.78000000,134.17000000,27457.32000000
1774544400000,2026-03-26T17:00:00+00:00,134.17000000,135.66000000,133.97000000,134.09000000,23551.41000000
1774548000000,2026-03-26T18:00:00+00:00,134.09000000,134.54000000,133.12000000,133.94000000,13810.51000000
1774551600000,2026-03-26T19:00:00+00:00,133.91000000,134.51000000,132.88000000,133.03000000,23938.43000000
1774555200000,2026-03-26T20:00:00+00:00,133.05000000,134.54000000,132.82000000,133.88000000,15788.64000000
1774558800000,2026-03-26T21:00:00+00:00,133.87000000,134.24000000,133.71000000,133.92000000,2688.51000000
1774562400000,2026-03-26T22:00:00+00:00,133.92000000,134.11000000,133.43000000,133.83000000,4597.75000000
1774566000000,2026-03-26T23:00:00+00:00,133.86000000,134.04000000,133.35000000,133.43000000,2948.01000000
1774569600000,2026-03-27T00:00:00+00:00,133.44000000,134.36000000,133.40000000,134.24000000,6089.23000000
1774573200000,2026-03-27T01:00:00+00:00,134.26000000,134.80000000,134.16000000,134.80000000,6763.49000000
1774576800000,2026-03-27T02:00:00+00:00,134.78000000,135.00000000,134.34000000,134.40000000,1781.77000000
1774580400000,2026-03-27T03:00:00+00:00,134.39000000,134.48000000,133.86000000,134.40000000,2041.58000000
1774584000000,2026-03-27T04:00:00+00:00,134.40000000,134.44000000,133.49000000,134.24000000,5256.18000000
1774587600000,2026-03-27T05:00:00+00:00,134.25000000,134.98000000,134.18000000,134.57000000,7521.94000000
1774591200000,2026-03-27T06:00:00+00:00,134.56000000,134.99000000,134.39000000,134.63000000,4313.42000000
1774594800000,2026-03-27T07:00:00+00:00,134.64000000,134.89000000,134.14000000,134.21000000,2638.73000000
1774598400000,2026-03-27T08:00:00+00:00,134.24000000,134.56000000,132.11000000,132.64000000,8983.06000000
1774602000000,2026-03-27T09:00:00+00:00,132.66000000,132.73000000,131.49000000,131.88000000,5513.39000000
1774605600000,2026-03-27T10:00:00+00:00,131.84000000,132.06000000,129.75000000,130.18000000,11477.93000000
1774609200000,2026-03-27T11:00:00+00:00,130.19000000,130.52000000,129.09000000,129.73000000,11898.79000000
1774612800000,2026-03-27T12:00:00+00:00,129.74000000,129.86000000,129.11000000,129.34000000,9927.08000000
1774616400000,2026-03-27T13:00:00+00:00,129.35000000,130.64000000,124.76000000,125.14000000,77938.74000000
1774620000000,2026-03-27T14:00:00+00:00,125.13000000,126.72000000,124.49000000,125.89000000,58665.88000000
1774623600000,2026-03-27T15:00:00+00:00,125.94000000,128.05000000,125.57000000,127.16000000,43571.14000000
1774627200000,2026-03-27T16:00:00+00:00,127.18000000,127.33000000,125.52000000,125.71000000,37565.27000000
1774630800000,2026-03-27T17:00:00+00:00,125.72000000,126.91000000,125.05000000,125.28000000,32983.18000000
1774634400000,2026-03-27T18:00:00+00:00,125.27000000,127.47000000,125.24000000,126.78000000,41892.24000000
1774638000000,2026-03-27T19:00:00+00:00,126.80000000,127.29000000,126.03000000,126.21000000,30359.44000000
1774641600000,2026-03-27T20:00:00+00:00,126.24000000,126.32000000,125.95000000,126.14000000,7479.58000000
1774645200000,2026-03-27T21:00:00+00:00,126.14000000,126.38000000,126.11000000,126.20000000,1732.98000000
1774648800000,2026-03-27T22:00:00+00:00,126.19000000,126.20000000,125.81000000,125.85000000,872.23000000
1774652400000,2026-03-27T23:00:00+00:00,125.85000000,126.00000000,125.68000000,125.99000000,2946.59000000
1774656000000,2026-03-28T00:00:00+00:00,125.95000000,126.19000000,125.89000000,126.05000000,2491.82000000
1774659600000,2026-03-28T01:00:00+00:00,126.03000000,126.11000000,125.72000000,126.02000000,3634.39000000
1774663200000,2026-03-28T02:00:00+00:00,126.03000000,126.13000000,125.76000000,126.00000000,3001.80000000
1774666800000,2026-03-28T03:00:00+00:00,125.99000000,126.24000000,125.99000000,126.11000000,1098.63000000
1774670400000,2026-03-28T04:00:00+00:00,126.10000000,126.18000000,125.96000000,126.07000000,1130.71000000
1774674000000,2026-03-28T05:00:00+00:00,126.07000000,126.29000000,126.01000000,126.07000000,1365.70000000
1774677600000,2026-03-28T06:00:00+00:00,126.07000000,126.24000000,126.02000000,126.04000000,1589.86000000
1774681200000,2026-03-28T07:00:00+00:00,126.03000000,126.20000000,126.01000000,126.15000000,1474.03000000
1774684800000,2026-03-28T08:00:00+00:00,126.14000000,126.24000000,125.95000000,125.98000000,1279.37000000
1774688400000,2026-03-28T09:00:00+00:00,125.98000000,126.08000000,125.92000000,126.01000000,1016.82000000
1774692000000,2026-03-28T10:00:00+00:00,126.02000000,126.16000000,125.87000000,125.94000000,1101.02000000
1774695600000,2026-03-28T11:00:00+00:00,125.95000000,126.03000000,125.90000000,125.91000000,430.72000000
1774699200000,2026-03-28T12:00:00+00:00,125.92000000,126.17000000,125.84000000,126.02000000,1593.80000000
1774702800000,2026-03-28T13:00:00+00:00,126.02000000,126.72000000,125.94000000,126.47000000,11350.53000000
1774706400000,2026-03-28T14:00:00+00:00,126.46000000,126.53000000,126.16000000,126.34000000,2521.65000000
1774710000000,2026-03-28T15:00:00+00:00,126.31000000,126.71000000,126.27000000,126.46000000,7097.41000000
1774713600000,2026-03-28T16:00:00+00:00,126.47000000,126.50000000,126.23000000,126.31000000,1538.51000000
1774717200000,2026-03-28T17:00:00+00:00,126.31000000,126.37000000,126.14000000,126.28000000,830.64000000
1774720800000,2026-03-28T18:00:00+00:00,126.27000000,126.42000000,126.27000000,126.32000000,297.99000000
1774724400000,2026-03-28T19:00:00+00:00,126.32000000,126.40000000,126.19000000,126.35000000,399.00000000
1774728000000,2026-03-28T20:00:00+00:00,126.36000000,126.44000000,126.25000000,126.29000000,409.46000000
1774731600000,2026-03-28T21:00:00+00:00,126.29000000,126.49000000,126.00000000,126.15000000,1892.16000000
1774735200000,2026-03-28T22:00:00+00:00,126.12000000,126.26000000,126.00000000,126.15000000,1409.29000000
1774738800000,2026-03-28T23:00:00+00:00,126.15000000,126.15000000,125.73000000,125.78000000,5422.60000000
1774742400000,2026-03-29T00:00:00+00:00,125.80000000,126.13000000,125.71000000,126.08000000,2273.17000000
1774746000000,2026-03-29T01:00:00+00:00,126.06000000,126.42000000,126.03000000,126.18000000,2496.47000000
1774749600000,2026-03-29T02:00:00+00:00,126.17000000,126.38000000,126.15000000,126.36000000,910.44000000
1774753200000,2026-03-29T03:00:00+00:00,126.35000000,126.63000000,126.27000000,126.49000000,3096.32000000
1774756800000,2026-03-29T04:00:00+00:00,126.50000000,126.51000000,126.29000000,126.31000000,540.80000000
1774760400000,2026-03-29T05:00:00+00:00,126.31000000,126.44000000,126.18000000,126.34000000,1277.05000000
1774764000000,2026-03-29T06:00:00+00:00,126.34000000,126.42000000,126.13000000,126.18000000,940.36000000
1774767600000,2026-03-29T07:00:00+00:00,126.19000000,126.22000000,126.03000000,126.05000000,1540.52000000
1774771200000,2026-03-29T08:00:00+00:00,126.08000000,126.38000000,126.08000000,126.27000000,1357.55000000
1774774800000,2026-03-29T09:00:00+00:00,126.27000000,126.28000000,126.06000000,126.20000000,1222.90000000
1774778400000,2026-03-29T10:00:00+00:00,126.21000000,126.21000000,126.02000000,126.13000000,734.59000000
1774782000000,2026-03-29T11:00:00+00:00,126.13000000,126.48000000,126.13000000,126.28000000,1952.70000000
1774785600000,2026-03-29T12:00:00+00:00,126.28000000,126.43000000,126.21000000,126.39000000,578.93000000
1774789200000,2026-03-29T13:00:00+00:00,126.39000000,126.43000000,126.07000000,126.16000000,1155.26000000
1774792800000,2026-03-29T14:00:00+00:00,126.18000000,126.39000000,125.99000000,126.23000000,1109.76000000
1774796400000,2026-03-29T15:00:00+00:00,126.22000000,126.33000000,125.80000000,125.95000000,1752.25000000
1774800000000,2026-03-29T16:00:00+00:00,125.96000000,126.25000000,125.94000000,126.09000000,1026.69000000
1774803600000,2026-03-29T17:00:00+00:00,126.09000000,126.16000000,125.63000000,125.92000000,1016.24000000
1774807200000,2026-03-29T18:00:00+00:00,125.92000000,126.26000000,125.86000000,126.06000000,936.40000000
1774810800000,2026-03-29T19:00:00+00:00,126.06000000,126.10000000,125.86000000,125.93000000,608.08000000
1774814400000,2026-03-29T20:00:00+00:00,125.95000000,126.55000000,125.94000000,126.19000000,1216.38000000
1774818000000,2026-03-29T21:00:00+00:00,126.19000000,126.39000000,125.84000000,126.37000000,2009.39000000
1774821600000,2026-03-29T22:00:00+00:00,126.32000000,126.32000000,122.88000000,124.76000000,17926.93000000
1774825200000,2026-03-29T23:00:00+00:00,124.76000000,126.02000000,124.74000000,125.42000000,13395.53000000
1774828800000,2026-03-30T00:00:00+00:00,125.43000000,127.14000000,124.93000000,125.63000000,17963.96000000
1774832400000,2026-03-30T01:00:00+00:00,125.63000000,127.27000000,125.63000000,126.88000000,6004.18000000
1774836000000,2026-03-30T02:00:00+00:00,126.89000000,128.20000000,126.46000000,127.73000000,6376.62000000
1774839600000,2026-03-30T03:00:00+00:00,127.72000000,128.38000000,127.47000000,128.19000000,3749.56000000
1774843200000,2026-03-30T04:00:00+00:00,128.18000000,129.21000000,128.16000000,129.06000000,3689.13000000
1774846800000,2026-03-30T05:00:00+00:00,129.06000000,129.43000000,128.28000000,128.44000000,5843.90000000
1774850400000,2026-03-30T06:00:00+00:00,128.43000000,128.67000000,128.02000000,128.02000000,5570.30000000
1774854000000,2026-03-30T07:00:00+00:00,128.02000000,129.03000000,127.81000000,128.82000000,4602.23000000
1774857600000,2026-03-30T08:00:00+00:00,128.80000000,129.63000000,128.18000000,129.06000000,9346.45000000
1774861200000,2026-03-30T09:00:00+00:00,129.04000000,129.08000000,128.45000000,128.52000000,3212.34000000
1774864800000,2026-03-30T10:00:00+00:00,128.52000000,128.60000000,127.95000000,128.16000000,4090.15000000
1774868400000,2026-03-30T11:00:00+00:00,128.17000000,129.46000000,127.92000000,128.53000000,12770.37000000
1774872000000,2026-03-30T12:00:00+00:00,128.54000000,129.64000000,128.36000000,129.55000000,7091.29000000
1774875600000,2026-03-30T13:00:00+00:00,129.56000000,130.32000000,127.04000000,127.48000000,39532.97000000
1774879200000,2026-03-30T14:00:00+00:00,127.47000000,128.23000000,125.76000000,128.15000000,35225.92000000
1774882800000,2026-03-30T15:00:00+00:00,128.14000000,128.91000000,126.83000000,128.01000000,17362.84000000
1774886400000,2026-03-30T16:00:00+00:00,128.00000000,128.11000000,125.67000000,126.00000000,17154.15000000
1774890000000,2026-03-30T17:00:00+00:00,126.03000000,126.26000000,123.69000000,124.31000000,16780.55000000
1774893600000,2026-03-30T18:00:00+00:00,124.30000000,124.86000000,122.88000000,122.99000000,12001.61000000
1774897200000,2026-03-30T19:00:00+00:00,122.99000000,123.14000000,120.94000000,121.58000000,13111.97000000
1774900800000,2026-03-30T20:00:00+00:00,121.57000000,122.33000000,121.47000000,121.99000000,5877.80000000
1774904400000,2026-03-30T21:00:00+00:00,122.00000000,122.40000000,121.88000000,122.01000000,1764.28000000
1774908000000,2026-03-30T22:00:00+00:00,122.01000000,122.23000000,121.92000000,122.00000000,1342.78000000
1774911600000,2026-03-30T23:00:00+00:00,122.00000000,122.00000000,121.46000000,121.84000000,3429.28000000
1774915200000,2026-03-31T00:00:00+00:00,121.84000000,123.78000000,121.72000000,123.60000000,10445.10000000
1774918800000,2026-03-31T01:00:00+00:00,123.58000000,125.85000000,123.19000000,125.24000000,19546.62000000
1774922400000,2026-03-31T02:00:00+00:00,125.23000000,125.38000000,124.89000000,124.99000000,7080.55000000
1774926000000,2026-03-31T03:00:00+00:00,124.99000000,125.22000000,124.53000000,124.55000000,4651.26000000
1774929600000,2026-03-31T04:00:00+00:00,124.56000000,124.80000000,124.09000000,124.22000000,4555.97000000
1774933200000,2026-03-31T05:00:00+00:00,124.19000000,124.64000000,123.70000000,124.37000000,4056.94000000
1774936800000,2026-03-31T06:00:00+00:00,124.38000000,124.41000000,123.60000000,123.94000000,4134.14000000
1774940400000,2026-03-31T07:00:00+00:00,123.97000000,124.38000000,123.28000000,124.19000000,6292.80000000
1774944000000,2026-03-31T08:00:00+00:00,124.18000000,124.65000000,122.71000000,123.66000000,13219.01000000
1774947600000,2026-03-31T09:00:00+00:00,123.66000000,123.97000000,122.04000000,122.16000000,16520.24000000
1774951200000,2026-03-31T10:00:00+00:00,122.20000000,122.89000000,121.87000000,122.46000000,11275.93000000
1774954800000,2026-03-31T11:00:00+00:00,122.45000000,123.50000000,121.87000000,123.17000000,18016.37000000
1774958400000,2026-03-31T12:00:00+00:00,123.20000000,123.90000000,122.43000000,123.14000000,15321.82000000
1774962000000,2026-03-31T13:00:00+00:00,123.15000000,123.85000000,121.53000000,122.64000000,25291.44000000
1774965600000,2026-03-31T14:00:00+00:00,122.59000000,123.03000000,117.79000000,118.18000000,43548.69000000
1774969200000,2026-03-31T15:00:00+00:00,118.20000000,120.47000000,118.16000000,119.56000000,31495.54000000
1774972800000,2026-03-31T16:00:00+00:00,119.55000000,123.08000000,118.85000000,122.13000000,22034.92000000
1774976400000,2026-03-31T17:00:00+00:00,122.11000000,124.29000000,121.48000000,121.68000000,45039.82000000
1774980000000,2026-03-31T18:00:00+00:00,121.68000000,124.06000000,121.66000000,123.59000000,17734.12000000
1774983600000,2026-03-31T19:00:00+00:00,123.58000000,125.28000000,123.53000000,124.95000000,12447.42000000
1774987200000,2026-03-31T20:00:00+00:00,124.96000000,125.39000000,124.45000000,125.18000000,4694.39000000
1774990800000,2026-03-31T21:00:00+00:00,125.17000000,125.18000000,124.68000000,125.01000000,1174.57000000
1774994400000,2026-03-31T22:00:00+00:00,125.04000000,125.29000000,125.00000000,125.20000000,1665.99000000
1774998000000,2026-03-31T23:00:00+00:00,125.20000000,125.69000000,125.10000000,125.69000000,1665.27000000
1775001600000,2026-04-01T00:00:00+00:00,125.68000000,126.06000000,125.16000000,126.05000000,3241.54000000
1775005200000,2026-04-01T01:00:00+00:00,126.06000000,126.12000000,124.82000000,124.82000000,2790.65000000
1775008800000,2026-04-01T02:00:00+00:00,124.86000000,125.05000000,124.46000000,124.79000000,3750.99000000
1775012400000,2026-04-01T03:00:00+00:00,124.79000000,125.73000000,124.79000000,125.55000000,1694.32000000
1775016000000,2026-04-01T04:00:00+00:00,125.55000000,126.57000000,125.28000000,126.39000000,1982.56000000
1775019600000,2026-04-01T05:00:00+00:00,126.39000000,127.36000000,126.10000000,127.03000000,3386.70000000
1775023200000,2026-04-01T06:00:00+00:00,127.06000000,128.56000000,126.94000000,128.42000000,5523.64000000
1775026800000,2026-04-01T07:00:00+00:00,128.42000000,128.64000000,127.40000000,127.53000000,3476.47000000
1775030400000,2026-04-01T08:00:00+00:00,127.52000000,127.90000000,126.72000000,127.37000000,6359.89000000
1775034000000,2026-04-01T09:00:00+00:00,127.37000000,127.48000000,125.90000000,126.64000000,4383.33000000
1775037600000,2026-04-01T10:00:00+00:00,126.64000000,127.03000000,126.43000000,126.97000000,1627.48000000
1775041200000,2026-04-01T11:00:00+00:00,126.96000000,127.18000000,126.81000000,126.92000000,1240.30000000
1775044800000,2026-04-01T12:00:00+00:00,126.92000000,127.32000000,125.98000000,126.26000000,7758.00000000
1775048400000,2026-04-01T13:00:00+00:00,126.29000000,126.46000000,122.17000000,123.19000000,59159.29000000
1775052000000,2026-04-01T14:00:00+00:00,123.18000000,124.65000000,122.64000000,123.68000000,46161.32000000
1775055600000,2026-04-01T15:00:00+00:00,123.68000000,124.41000000,122.71000000,124.32000000,37870.27000000
1775059200000,2026-04-01T16:00:00+00:00,124.31000000,124.91000000,123.04000000,124.82000000,24333.90000000
1775062800000,2026-04-01T17:00:00+00:00,124.82000000,125.87000000,123.01000000,123.10000000,27298.82000000
1775066400000,2026-04-01T18:00:00+00:00,123.10000000,123.23000000,121.54000000,122.11000000,25453.88000000
1775070000000,2026-04-01T19:00:00+00:00,122.09000000,123.32000000,121.91000000,122.85000000,18849.66000000
1775073600000,2026-04-01T20:00:00+00:00,122.85000000,123.03000000,122.45000000,122.98000000,4505.45000000
1775077200000,2026-04-01T21:00:00+00:00,122.98000000,123.31000000,122.98000000,122.99000000,1823.69000000
1775080800000,2026-04-01T22:00:00+00:00,122.98000000,123.05000000,122.56000000,122.61000000,2147.57000000
1775084400000,2026-04-01T23:00:00+00:00,122.58000000,122.85000000,122.56000000,122.79000000,1696.31000000
1775088000000,2026-04-02T00:00:00+00:00,122.79000000,124.04000000,122.46000000,123.91000000,6687.24000000
1775091600000,2026-04-02T01:00:00+00:00,123.92000000,123.92000000,119.95000000,120.71000000,15830.58000000
1775095200000,2026-04-02T02:00:00+00:00,120.67000000,120.71000000,119.61000000,120.35000000,14711.96000000
1775098800000,2026-04-02T03:00:00+00:00,120.35000000,120.44000000,119.34000000,119.77000000,8732.29000000
1775102400000,2026-04-02T04:00:00+00:00,119.75000000,119.95000000,119.07000000,119.17000000,8043.14000000
1775106000000,2026-04-02T05:00:00+00:00,119.18000000,119.70000000,119.18000000,119.50000000,4401.06000000
1775109600000,2026-04-02T06:00:00+00:00,119.50000000,120.23000000,119.48000000,120.17000000,3669.10000000
1775113200000,2026-04-02T07:00:00+00:00,120.17000000,120.56000000,119.90000000,120.52000000,2622.41000000
1775116800000,2026-04-02T08:00:00+00:00,120.54000000,120.56000000,119.66000000,119.72000000,4332.07000000
1775120400000,2026-04-02T09:00:00+00:00,119.74000000,120.20000000,119.52000000,120.15000000,4263.77000000
1775124000000,2026-04-02T10:00:00+00:00,120.16000000,120.16000000,119.37000000,119.70000000,3984.01000000
1775127600000,2026-04-02T11:00:00+00:00,119.71000000,119.74000000,118.56000000,118.62000000,6851.53000000
1775131200000,2026-04-02T12:00:00+00:00,118.63000000,119.08000000,118.41000000,118.73000000,7943.58000000
1775134800000,2026-04-02T13:00:00+00:00,118.74000000,119.99000000,116.47000000,118.34000000,51079.59000000
1775138400000,2026-04-02T14:00:00+00:00,118.34000000,122.67000000,117.18000000,121.53000000,72537.64000000
1775142000000,2026-04-02T15:00:00+00:00,121.49000000,122.11000000,120.28000000,121.22000000,39834.39000000
1775145600000,2026-04-02T16:00:00+00:00,121.24000000,121.59000000,119.78000000,120.91000000,32189.83000000
1775149200000,2026-04-02T17:00:00+00:00,120.91000000,121.16000000,118.88000000,118.97000000,26844.73000000
1775152800000,2026-04-02T18:00:00+00:00,118.97000000,120.00000000,118.72000000,119.70000000,25258.64000000
1775156400000,2026-04-02T19:00:00+00:00,119.69000000,120.41000000,119.19000000,119.94000000,32198.24000000
1775160000000,2026-04-02T20:00:00+00:00,119.95000000,120.63000000,119.72000000,120.33000000,9718.21000000
1775163600000,2026-04-02T21:00:00+00:00,120.34000000,120.41000000,119.98000000,120.09000000,1347.47000000
1775167200000,2026-04-02T22:00:00+00:00,120.09000000,120.17000000,119.86000000,120.11000000,609.99000000
1775170800000,2026-04-02T23:00:00+00:00,120.11000000,120.19000000,120.06000000,120.16000000,172.69000000
1775174400000,2026-04-03T00:00:00+00:00,120.17000000,120.41000000,120.10000000,120.22000000,1504.17000000
1775178000000,2026-04-03T01:00:00+00:00,120.23000000,120.46000000,120.07000000,120.20000000,2084.58000000
1775181600000,2026-04-03T02:00:00+00:00,120.18000000,120.54000000,119.97000000,120.48000000,6189.99000000
1775185200000,2026-04-03T03:00:00+00:00,120.48000000,120.54000000,120.26000000,120.42000000,2024.99000000
1775188800000,2026-04-03T04:00:00+00:00,120.40000000,120.51000000,120.23000000,120.24000000,1463.88000000
1775192400000,2026-04-03T05:00:00+00:00,120.26000000,120.55000000,120.10000000,120.37000000,2095.77000000
1775196000000,2026-04-03T06:00:00+00:00,120.37000000,120.50000000,120.27000000,120.37000000,1812.34000000
1775199600000,2026-04-03T07:00:00+00:00,120.38000000,120.74000000,120.23000000,120.51000000,3383.22000000
1775203200000,2026-04-03T08:00:00+00:00,120.52000000,120.59000000,120.27000000,120.36000000,3179.24000000
1775206800000,2026-04-03T09:00:00+00:00,120.36000000,120.47000000,120.27000000,120.41000000,704.20000000
1775210400000,2026-04-03T10:00:00+00:00,120.42000000,120.46000000,120.28000000,120.40000000,1067.74000000
1775214000000,2026-04-03T11:00:00+00:00,120.40000000,120.50000000,120.28000000,120.39000000,835.88000000
1775217600000,2026-04-03T12:00:00+00:00,120.40000000,120.82000000,120.06000000,120.15000000,7957.60000000
1775221200000,2026-04-03T13:00:00+00:00,120.16000000,120.22000000,119.83000000,119.90000000,3628.61000000
1775224800000,2026-04-03T14:00:00+00:00,119.90000000,120.34000000,119.80000000,120.28000000,2222.50000000
1775228400000,2026-04-03T15:00:00+00:00,120.28000000,120.36000000,120.18000000,120.24000000,788.88000000
1775232000000,2026-04-03T16:00:00+00:00,120.23000000,120.47000000,120.21000000,120.39000000,457.96000000
1775235600000,2026-04-03T17:00:00+00:00,120.39000000,120.47000000,120.15000000,120.36000000,705.58000000
1775239200000,2026-04-03T18:00:00+00:00,120.35000000,120.44000000,120.26000000,120.36000000,184.09000000
1775242800000,2026-04-03T19:00:00+00:00,120.36000000,120.43000000,120.28000000,120.39000000,170.20000000
1775246400000,2026-04-03T20:00:00+00:00,120.39000000,120.39000000,120.30000000,120.31000000,143.90000000
1775250000000,2026-04-03T21:00:00+00:00,120.31000000,120.42000000,120.19000000,120.31000000,464.23000000
1775253600000,2026-04-03T22:00:00+00:00,120.32000000,120.34000000,120.18000000,120.24000000,262.29000000
1775257200000,2026-04-03T23:00:00+00:00,120.24000000,120.34000000,120.18000000,120.34000000,220.35000000
1775260800000,2026-04-04T00:00:00+00:00,120.35000000,120.44000000,120.28000000,120.33000000,98.31000000
1775264400000,2026-04-04T01:00:00+00:00,120.35000000,120.37000000,120.24000000,120.29000000,212.98000000
1775268000000,2026-04-04T02:00:00+00:00,120.30000000,120.35000000,120.25000000,120.29000000,141.07000000
1775271600000,2026-04-04T03:00:00+00:00,120.30000000,120.34000000,120.22000000,120.27000000,184.15000000
1775275200000,2026-04-04T04:00:00+00:00,120.27000000,120.32000000,120.25000000,120.29000000,79.03000000
1775278800000,2026-04-04T05:00:00+00:00,120.32000000,120.36000000,120.21000000,120.27000000,542.78000000
1775282400000,2026-04-04T06:00:00+00:00,120.30000000,120.36000000,120.22000000,120.36000000,681.59000000
1775286000000,2026-04-04T07:00:00+00:00,120.37000000,120.43000000,120.27000000,120.40000000,860.47000000
1775289600000,2026-04-04T08:00:00+00:00,120.39000000,120.41000000,120.31000000,120.33000000,790.74000000
1775293200000,2026-04-04T09:00:00+00:00,120.33000000,120.40000000,120.30000000,120.32000000,339.96000000
1775296800000,2026-04-04T10:00:00+00:00,120.33000000,120.46000000,120.28000000,120.39000000,1205.46000000
1775300400000,2026-04-04T11:00:00+00:00,120.41000000,120.47000000,120.36000000,120.43000000,930.77000000
1775304000000,2026-04-04T12:00:00+00:00,120.43000000,120.46000000,120.35000000,120.38000000,504.07000000
1775307600000,2026-04-04T13:00:00+00:00,120.37000000,120.47000000,120.35000000,120.41000000,1299.73000000
1775311200000,2026-04-04T14:00:00+00:00,120.42000000,120.43000000,120.30000000,120.40000000,561.49000000
1775314800000,2026-04-04T15:00:00+00:00,120.41000000,120.55000000,120.36000000,120.41000000,3498.73000000
1775318400000,2026-04-04T16:00:00+00:00,120.41000000,120.65000000,120.39000000,120.54000000,1952.41000000
1775322000000,2026-04-04T17:00:00+00:00,120.49000000,120.54000000,120.43000000,120.51000000,435.00000000
1775325600000,2026-04-04T18:00:00+00:00,120.50000000,120.56000000,120.44000000,120.47000000,870.53000000
1775329200000,2026-04-04T19:00:00+00:00,120.46000000,120.64000000,120.42000000,120.47000000,1274.94000000
1775332800000,2026-04-04T20:00:00+00:00,120.46000000,120.50000000,120.39000000,120.44000000,651.73000000
1775336400000,2026-04-04T21:00:00+00:00,120.43000000,120.64000000,120.31000000,120.54000000,1684.31000000
1775340000000,2026-04-04T22:00:00+00:00,120.52000000,120.61000000,120.38000000,120.49000000,1534.02000000
1775343600000,2026-04-04T23:00:00+00:00,120.48000000,120.51000000,120.36000000,120.42000000,1545.26000000
1775347200000,2026-04-05T00:00:00+00:00,120.42000000,120.49000000,120.38000000,120.41000000,838.02000000
1775350800000,2026-04-05T01:00:00+00:00,120.43000000,120.43000000,120.31000000,120.36000000,974.22000000
1775354400000,2026-04-05T02:00:00+00:00,120.37000000,120.39000000,120.25000000,120.38000000,1803.44000000
1775358000000,2026-04-05T03:00:00+00:00,120.38000000,120.40000000,120.31000000,120.36000000,608.25000000
1775361600000,2026-04-05T04:00:00+00:00,120.37000000,120.39000000,120.31000000,120.32000000,198.79000000
1775365200000,2026-04-05T05:00:00+00:00,120.32000000,120.36000000,120.14000000,120.24000000,829.83000000
1775368800000,2026-04-05T06:00:00+00:00,120.23000000,120.24000000,119.90000000,120.11000000,4911.57000000
1775372400000,2026-04-05T07:00:00+00:00,120.11000000,120.24000000,120.04000000,120.21000000,2340.71000000
1775376000000,2026-04-05T08:00:00+00:00,120.21000000,120.30000000,120.20000000,120.30000000,266.98000000
1775379600000,2026-04-05T09:00:00+00:00,120.30000000,120.37000000,120.26000000,120.35000000,337.32000000
1775383200000,2026-04-05T10:00:00+00:00,120.36000000,120.48000000,120.31000000,120.42000000,958.16000000
1775386800000,2026-04-05T11:00:00+00:00,120.42000000,120.46000000,120.28000000,120.32000000,756.30000000
1775390400000,2026-04-05T12:00:00+00:00,120.32000000,120.32000000,120.11000000,120.23000000,1870.95000000
1775394000000,2026-04-05T13:00:00+00:00,120.23000000,120.29000000,120.14000000,120.28000000,1406.39000000
1775397600000,2026-04-05T14:00:00+00:00,120.28000000,120.34000000,120.18000000,120.27000000,1060.79000000
1775401200000,2026-04-05T15:00:00+00:00,120.27000000,121.33000000,120.21000000,120.67000000,12291.59000000
1775404800000,2026-04-05T16:00:00+00:00,120.67000000,120.79000000,120.49000000,120.54000000,1573.71000000
1775408400000,2026-04-05T17:00:00+00:00,120.54000000,120.73000000,120.48000000,120.70000000,952.09000000
1775412000000,2026-04-05T18:00:00+00:00,120.69000000,120.82000000,120.55000000,120.81000000,1319.23000000
1775415600000,2026-04-05T19:00:00+00:00,120.82000000,120.97000000,120.68000000,120.72000000,938.58000000
1775419200000,2026-04-05T20:00:00+00:00,120.72000000,121.35000000,120.66000000,121.02000000,2165.87000000
1775422800000,2026-04-05T21:00:00+00:00,121.02000000,121.09000000,120.69000000,120.99000000,2316.04000000
1775426400000,2026-04-05T22:00:00+00:00,120.98000000,122.32000000,120.55000000,122.22000000,11637.00000000
1775430000000,2026-04-05T23:00:00+00:00,122.22000000,123.68000000,122.08000000,122.99000000,23465.51000000
1775433600000,2026-04-06T00:00:00+00:00,122.98000000,124.93000000,122.83000000,123.52000000,45031.47000000
1775437200000,2026-04-06T01:00:00+00:00,123.55000000,123.62000000,122.67000000,122.78000000,7234.06000000
1775440800000,2026-04-06T02:00:00+00:00,122.76000000,124.00000000,122.73000000,123.39000000,10117.96000000
1775444400000,2026-04-06T03:00:00+00:00,123.40000000,123.72000000,123.33000000,123.53000000,2937.80000000
1775448000000,2026-04-06T04:00:00+00:00,123.54000000,123.66000000,123.15000000,123.46000000,4090.58000000
1775451600000,2026-04-06T05:00:00+00:00,123.49000000,123.82000000,123.46000000,123.53000000,2513.98000000
1775455200000,2026-04-06T06:00:00+00:00,123.53000000,123.88000000,123.15000000,123.40000000,4765.34000000
1775458800000,2026-04-06T07:00:00+00:00,123.42000000,123.71000000,123.03000000,123.65000000,3616.19000000
1775462400000,2026-04-06T08:00:00+00:00,123.65000000,124.75000000,123.63000000,124.13000000,9316.72000000
1775466000000,2026-04-06T09:00:00+00:00,124.14000000,125.84000000,124.14000000,124.79000000,11313.81000000
1775469600000,2026-04-06T10:00:00+00:00,124.80000000,125.33000000,124.70000000,125.21000000,23709.39000000
1775473200000,2026-04-06T11:00:00+00:00,125.20000000,125.20000000,124.49000000,124.79000000,14322.17000000
1775476800000,2026-04-06T12:00:00+00:00,124.79000000,124.83000000,124.32000000,124.40000000,6131.96000000
1775480400000,2026-04-06T13:00:00+00:00,124.42000000,125.87000000,123.40000000,124.94000000,62572.72000000
1775484000000,2026-04-06T14:00:00+00:00,124.94000000,128.18000000,123.93000000,127.91000000,86431.09000000
1775487600000,2026-04-06T15:00:00+00:00,127.90000000,128.40000000,126.13000000,126.78000000,38691.78000000
1775491200000,2026-04-06T16:00:00+00:00,126.80000000,128.02000000,126.57000000,126.60000000,23845.29000000
1775494800000,2026-04-06T17:00:00+00:00,126.59000000,126.59000000,124.51000000,124.95000000,28158.56000000
1775498400000,2026-04-06T18:00:00+00:00,124.96000000,127.30000000,124.54000000,127.07000000,22808.35000000
1775502000000,2026-04-06T19:00:00+00:00,127.07000000,127.80000000,126.78000000,127.72000000,21421.53000000
1775505600000,2026-04-06T20:00:00+00:00,127.70000000,127.79000000,127.37000000,127.60000000,3004.10000000
1775509200000,2026-04-06T21:00:00+00:00,127.60000000,127.61000000,126.94000000,127.23000000,1973.07000000
1775512800000,2026-04-06T22:00:00+00:00,127.22000000,127.30000000,126.25000000,126.26000000,2019.47000000
1775516400000,2026-04-06T23:00:00+00:00,126.25000000,126.47000000,125.56000000,126.35000000,4970.95000000
1775520000000,2026-04-07T00:00:00+00:00,126.35000000,126.90000000,125.78000000,126.06000000,6891.41000000
1775523600000,2026-04-07T01:00:00+00:00,126.06000000,126.20000000,125.17000000,125.21000000,4802.00000000
1775527200000,2026-04-07T02:00:00+00:00,125.22000000,125.70000000,124.98000000,125.59000000,2338.04000000
1775530800000,2026-04-07T03:00:00+00:00,125.59000000,125.77000000,125.45000000,125.71000000,2185.09000000
1775534400000,2026-04-07T04:00:00+00:00,125.72000000,126.14000000,125.46000000,125.85000000,1436.79000000
1775538000000,2026-04-07T05:00:00+00:00,125.86000000,125.86000000,125.17000000,125.29000000,2004.79000000
1775541600000,2026-04-07T06:00:00+00:00,125.28000000,125.30000000,124.71000000,124.86000000,3304.76000000
1775545200000,2026-04-07T07:00:00+00:00,124.90000000,125.17000000,124.66000000,125.15000000,1956.34000000
1775548800000,2026-04-07T08:00:00+00:00,125.14000000,126.23000000,125.09000000,126.17000000,8780.04000000
1775552400000,2026-04-07T09:00:00+00:00,126.19000000,127.00000000,126.13000000,126.74000000,5483.47000000
1775556000000,2026-04-07T10:00:00+00:00,126.75000000,126.94000000,124.59000000,124.68000000,9187.92000000
1775559600000,2026-04-07T11:00:00+00:00,124.71000000,125.27000000,124.41000000,124.94000000,5313.63000000
1775563200000,2026-04-07T12:00:00+00:00,124.94000000,125.38000000,124.39000000,124.90000000,8472.14000000
1775566800000,2026-04-07T13:00:00+00:00,124.90000000,126.57000000,124.58000000,124.60000000,42265.94000000
1775570400000,2026-04-07T14:00:00+00:00,124.60000000,124.70000000,121.91000000,122.00000000,36589.84000000
1775574000000,2026-04-07T15:00:00+00:00,122.02000000,123.18000000,121.22000000,123.00000000,27426.96000000
1775577600000,2026-04-07T16:00:00+00:00,122.99000000,124.57000000,122.81000000,123.40000000,31413.18000000
1775581200000,2026-04-07T17:00:00+00:00,123.40000000,124.41000000,122.80000000,124.02000000,13325.89000000
1775584800000,2026-04-07T18:00:00+00:00,124.01000000,124.57000000,121.61000000,122.08000000,30837.27000000
1775588400000,2026-04-07T19:00:00+00:00,122.07000000,123.90000000,121.60000000,123.83000000,33419.35000000
1775592000000,2026-04-07T20:00:00+00:00,123.82000000,124.95000000,123.71000000,124.89000000,18931.14000000
1775595600000,2026-04-07T21:00:00+00:00,124.89000000,126.08000000,124.89000000,125.80000000,8107.66000000
1775599200000,2026-04-07T22:00:00+00:00,125.81000000,129.98000000,125.81000000,129.97000000,27660.82000000
1775602800000,2026-04-07T23:00:00+00:00,129.97000000,134.88000000,129.25000000,131.04000000,43199.14000000
1775606400000,2026-04-08T00:00:00+00:00,131.02000000,131.23000000,130.24000000,130.35000000,12227.20000000
1775610000000,2026-04-08T01:00:00+00:00,130.35000000,130.60000000,130.07000000,130.44000000,5033.23000000
1775613600000,2026-04-08T02:00:00+00:00,130.45000000,131.01000000,130.14000000,130.44000000,5434.27000000
1775617200000,2026-04-08T03:00:00+00:00,130.46000000,130.59000000,130.19000000,130.30000000,1575.35000000
1775620800000,2026-04-08T04:00:00+00:00,130.30000000,131.06000000,130.29000000,130.79000000,4394.84000000
1775624400000,2026-04-08T05:00:00+00:00,130.79000000,131.69000000,130.74000000,131.42000000,4492.63000000
1775628000000,2026-04-08T06:00:00+00:00,131.42000000,131.95000000,131.05000000,131.13000000,7554.36000000
1775631600000,2026-04-08T07:00:00+00:00,131.12000000,131.65000000,130.96000000,131.43000000,5537.92000000
1775635200000,2026-04-08T08:00:00+00:00,131.43000000,132.68000000,131.39000000,132.63000000,14796.15000000
1775638800000,2026-04-08T09:00:00+00:00,132.64000000,133.00000000,132.49000000,132.84000000,7041.28000000
1775642400000,2026-04-08T10:00:00+00:00,132.85000000,133.29000000,132.20000000,132.20000000,11198.75000000
1775646000000,2026-04-08T11:00:00+00:00,132.20000000,132.58000000,128.32000000,131.96000000,20466.21000000
1775649600000,2026-04-08T12:00:00+00:00,131.97000000,132.93000000,131.75000000,132.81000000,9244.24000000
1775653200000,2026-04-08T13:00:00+00:00,132.82000000,134.45000000,129.11000000,129.41000000,82473.63000000
1775656800000,2026-04-08T14:00:00+00:00,129.41000000,130.19000000,126.77000000,127.27000000,53093.12000000
1775660400000,2026-04-08T15:00:00+00:00,127.28000000,129.46000000,127.06000000,129.27000000,37364.33000000
1775664000000,2026-04-08T16:00:00+00:00,129.26000000,129.97000000,128.60000000,129.37000000,28597.00000000
1775667600000,2026-04-08T17:00:00+00:00,129.37000000,129.64000000,128.22000000,129.10000000,32560.01000000
1775671200000,2026-04-08T18:00:00+00:00,129.11000000,129.62000000,126.23000000,126.42000000,27707.35000000
1775674800000,2026-04-08T19:00:00+00:00,126.42000000,128.55000000,126.29000000,128.34000000,19609.17000000
1775678400000,2026-04-08T20:00:00+00:00,128.38000000,128.51000000,127.93000000,127.94000000,6747.20000000
1775682000000,2026-04-08T21:00:00+00:00,127.94000000,128.54000000,127.94000000,128.21000000,1553.90000000
1775685600000,2026-04-08T22:00:00+00:00,128.22000000,128.30000000,127.86000000,127.92000000,2076.06000000
1775689200000,2026-04-08T23:00:00+00:00,127.90000000,127.92000000,127.36000000,127.38000000,4152.44000000
1775692800000,2026-04-09T00:00:00+00:00,127.37000000,127.58000000,126.93000000,127.32000000,7982.38000000
1775696400000,2026-04-09T01:00:00+00:00,127.32000000,127.51000000,126.29000000,127.26000000,7687.72000000
1775700000000,2026-04-09T02:00:00+00:00,127.25000000,127.76000000,127.08000000,127.53000000,5050.59000000
1775703600000,2026-04-09T03:00:00+00:00,127.53000000,127.63000000,127.28000000,127.60000000,1945.14000000
1775707200000,2026-04-09T04:00:00+00:00,127.58000000,127.60000000,127.27000000,127.30000000,2029.28000000
1775710800000,2026-04-09T05:00:00+00:00,127.30000000,127.85000000,127.20000000,127.60000000,2345.13000000
1775714400000,2026-04-09T06:00:00+00:00,127.61000000,127.85000000,127.33000000,127.72000000,3271.74000000
1775718000000,2026-04-09T07:00:00+00:00,127.73000000,127.90000000,127.39000000,127.53000000,2276.44000000
1775721600000,2026-04-09T08:00:00+00:00,127.54000000,128.15000000,127.27000000,127.85000000,2976.40000000
1775725200000,2026-04-09T09:00:00+00:00,127.85000000,128.82000000,127.69000000,128.77000000,2786.98000000
1775728800000,2026-04-09T10:00:00+00:00,128.78000000,128.91000000,128.25000000,128.26000000,2462.35000000
1775732400000,2026-04-09T11:00:00+00:00,128.25000000,128.41000000,127.71000000,128.31000000,3764.39000000
1775736000000,2026-04-09T12:00:00+00:00,128.33000000,128.48000000,127.86000000,128.13000000,5643.93000000
1775739600000,2026-04-09T13:00:00+00:00,128.14000000,130.36000000,126.24000000,127.14000000,69820.06000000
1775743200000,2026-04-09T14:00:00+00:00,127.14000000,129.34000000,125.89000000,129.02000000,54590.06000000
1775746800000,2026-04-09T15:00:00+00:00,129.01000000,131.83000000,128.35000000,131.45000000,52540.74000000
1775750400000,2026-04-09T16:00:00+00:00,131.45000000,132.18000000,129.70000000,130.25000000,23799.15000000
1775754000000,2026-04-09T17:00:00+00:00,130.25000000,131.69000000,130.18000000,131.09000000,19043.45000000
1775757600000,2026-04-09T18:00:00+00:00,131.09000000,131.12000000,128.40000000,128.79000000,22981.10000000
1775761200000,2026-04-09T19:00:00+00:00,128.79000000,129.59000000,127.99000000,129.04000000,34888.14000000
1775764800000,2026-04-09T20:00:00+00:00,129.03000000,129.95000000,128.72000000,129.81000000,3728.09000000
1775768400000,2026-04-09T21:00:00+00:00,129.82000000,130.36000000,129.41000000,129.60000000,1289.69000000
1775772000000,2026-04-09T22:00:00+00:00,129.60000000,130.76000000,129.48000000,129.51000000,2564.77000000
1775775600000,2026-04-09T23:00:00+00:00,129.47000000,129.52000000,128.74000000,128.88000000,2001.24000000
1775779200000,2026-04-10T00:00:00+00:00,128.88000000,129.79000000,128.72000000,129.73000000,4386.43000000
1775782800000,2026-04-10T01:00:00+00:00,129.71000000,130.44000000,129.25000000,129.93000000,4714.89000000
1775786400000,2026-04-10T02:00:00+00:00,129.93000000,130.19000000,129.65000000,129.70000000,2885.32000000
1775790000000,2026-04-10T03:00:00+00:00,129.68000000,129.79000000,129.43000000,129.63000000,2049.86000000
1775793600000,2026-04-10T04:00:00+00:00,129.62000000,130.03000000,129.49000000,129.88000000,3164.21000000
1775797200000,2026-04-10T05:00:00+00:00,129.89000000,130.10000000,129.81000000,129.85000000,1975.41000000
1775800800000,2026-04-10T06:00:00+00:00,129.86000000,129.89000000,128.99000000,129.06000000,3238.02000000
1775804400000,2026-04-10T07:00:00+00:00,129.08000000,129.15000000,128.41000000,128.60000000,2115.80000000
1775808000000,2026-04-10T08:00:00+00:00,128.61000000,129.20000000,128.42000000,128.64000000,3313.12000000
1775811600000,2026-04-10T09:00:00+00:00,128.65000000,129.30000000,128.63000000,129.12000000,2454.15000000
1775815200000,2026-04-10T10:00:00+00:00,129.11000000,129.38000000,128.92000000,129.25000000,1346.90000000
1775818800000,2026-04-10T11:00:00+00:00,129.24000000,130.21000000,129.22000000,129.80000000,3002.98000000
1775822400000,2026-04-10T12:00:00+00:00,129.81000000,130.39000000,129.56000000,130.16000000,8846.07000000
1775826000000,2026-04-10T13:00:00+00:00,130.13000000,132.09000000,128.50000000,129.92000000,60704.43000000
1775829600000,2026-04-10T14:00:00+00:00,129.91000000,131.21000000,128.93000000,130.64000000,50340.68000000
1775833200000,2026-04-10T15:00:00+00:00,130.63000000,131.58000000,127.50000000,127.74000000,29102.48000000
1775836800000,2026-04-10T16:00:00+00:00,127.75000000,129.23000000,127.56000000,129.16000000,24777.74000000
1775840400000,2026-04-10T17:00:00+00:00,129.17000000,129.46000000,128.46000000,129.08000000,12786.54000000
1775844000000,2026-04-10T18:00:00+00:00,129.06000000,129.21000000,127.84000000,128.34000000,11509.10000000
1775847600000,2026-04-10T19:00:00+00:00,128.35000000,129.24000000,128.35000000,128.75000000,6974.54000000
1775851200000,2026-04-10T20:00:00+00:00,128.76000000,129.32000000,128.47000000,129.16000000,3377.05000000
1775854800000,2026-04-10T21:00:00+00:00,129.16000000,129.16000000,128.70000000,128.87000000,1018.69000000
1775858400000,2026-04-10T22:00:00+00:00,128.86000000,128.90000000,128.61000000,128.69000000,1390.89000000
1775862000000,2026-04-10T23:00:00+00:00,128.69000000,128.92000000,128.65000000,128.86000000,1236.82000000
1775865600000,2026-04-11T00:00:00+00:00,128.88000000,128.89000000,128.33000000,128.37000000,946.32000000
1775869200000,2026-04-11T01:00:00+00:00,128.37000000,128.54000000,128.06000000,128.45000000,1556.83000000
1775872800000,2026-04-11T02:00:00+00:00,128.46000000,128.67000000,128.39000000,128.59000000,1265.27000000
1775876400000,2026-04-11T03:00:00+00:00,128.60000000,128.62000000,128.41000000,128.47000000,752.22000000
1775880000000,2026-04-11T04:00:00+00:00,128.46000000,128.56000000,128.36000000,128.53000000,495.33000000
1775883600000,2026-04-11T05:00:00+00:00,128.54000000,128.56000000,128.46000000,128.50000000,362.40000000
1775887200000,2026-04-11T06:00:00+00:00,128.51000000,128.56000000,128.42000000,128.54000000,738.77000000
1775890800000,2026-04-11T07:00:00+00:00,128.54000000,128.67000000,128.53000000,128.59000000,476.91000000
1775894400000,2026-04-11T08:00:00+00:00,128.60000000,128.63000000,128.52000000,128.54000000,256.60000000
1775898000000,2026-04-11T09:00:00+00:00,128.55000000,128.72000000,128.53000000,128.63000000,602.58000000
1775901600000,2026-04-11T10:00:00+00:00,128.63000000,128.66000000,128.60000000,128.61000000,147.98000000
1775905200000,2026-04-11T11:00:00+00:00,128.61000000,128.72000000,128.61000000,128.71000000,442.03000000
1775908800000,2026-04-11T12:00:00+00:00,128.71000000,128.74000000,128.63000000,128.68000000,792.89000000
1775912400000,2026-04-11T13:00:00+00:00,128.68000000,128.68000000,128.36000000,128.43000000,2271.73000000
1775916000000,2026-04-11T14:00:00+00:00,128.44000000,128.58000000,128.42000000,128.51000000,745.10000000
1775919600000,2026-04-11T15:00:00+00:00,128.49000000,128.62000000,128.47000000,128.59000000,286.10000000
1775923200000,2026-04-11T16:00:00+00:00,128.60000000,129.00000000,128.57000000,128.82000000,2316.58000000
1775926800000,2026-04-11T17:00:00+00:00,128.82000000,128.92000000,128.70000000,128.89000000,693.79000000
1775930400000,2026-04-11T18:00:00+00:00,128.88000000,129.23000000,128.77000000,129.00000000,7115.65000000
1775934000000,2026-04-11T19:00:00+00:00,128.99000000,129.29000000,128.93000000,129.03000000,4733.41000000
1775937600000,2026-04-11T20:00:00+00:00,129.03000000,129.04000000,128.73000000,128.81000000,1540.19000000
1775941200000,2026-04-11T21:00:00+00:00,128.81000000,129.02000000,128.73000000,128.93000000,1050.32000000
1775944800000,2026-04-11T22:00:00+00:00,128.93000000,128.97000000,128.58000000,128.77000000,2568.85000000
1775948400000,2026-04-11T23:00:00+00:00,128.76000000,128.76000000,128.22000000,128.39000000,2171.54000000
1775952000000,2026-04-12T00:00:00+00:00,128.38000000,128.72000000,128.35000000,128.72000000,1834.86000000
1775955600000,2026-04-12T01:00:00+00:00,128.72000000,128.76000000,127.50000000,127.68000000,41679.76000000
1775959200000,2026-04-12T02:00:00+00:00,127.68000000,127.95000000,127.57000000,127.87000000,5817.08000000
1775962800000,2026-04-12T03:00:00+00:00,127.88000000,127.93000000,127.65000000,127.69000000,3868.18000000
1775966400000,2026-04-12T04:00:00+00:00,127.70000000,127.89000000,127.60000000,127.76000000,2295.60000000
1775970000000,2026-04-12T05:00:00+00:00,127.76000000,128.19000000,127.68000000,128.16000000,2364.22000000
1775973600000,2026-04-12T06:00:00+00:00,128.17000000,128.23000000,128.10000000,128.15000000,1828.55000000
1775977200000,2026-04-12T07:00:00+00:00,128.14000000,128.28000000,128.10000000,128.11000000,2008.87000000
1775980800000,2026-04-12T08:00:00+00:00,128.12000000,128.14000000,127.49000000,127.76000000,2117.25000000
1775984400000,2026-04-12T09:00:00+00:00,127.75000000,127.78000000,127.48000000,127.60000000,657.49000000
1775988000000,2026-04-12T10:00:00+00:00,127.61000000,127.80000000,127.36000000,127.41000000,1214.74000000
1775991600000,2026-04-12T11:00:00+00:00,127.43000000,127.78000000,127.38000000,127.65000000,1163.28000000
1775995200000,2026-04-12T12:00:00+00:00,127.64000000,127.71000000,127.27000000,127.34000000,2072.34000000
1775998800000,2026-04-12T13:00:00+00:00,127.32000000,127.54000000,127.19000000,127.22000000,2651.73000000
1776002400000,2026-04-12T14:00:00+00:00,127.26000000,127.69000000,127.11000000,127.17000000,2808.39000000
1776006000000,2026-04-12T15:00:00+00:00,127.17000000,127.71000000,127.01000000,127.22000000,4903.08000000
1776009600000,2026-04-12T16:00:00+00:00,127.23000000,127.35000000,126.05000000,126.89000000,5450.64000000
1776013200000,2026-04-12T17:00:00+00:00,126.89000000,127.33000000,126.80000000,127.18000000,6330.86000000
1776016800000,2026-04-12T18:00:00+00:00,127.18000000,127.39000000,127.01000000,127.20000000,4781.13000000
1776020400000,2026-04-12T19:00:00+00:00,127.19000000,127.35000000,127.11000000,127.14000000,1815.83000000
1776024000000,2026-04-12T20:00:00+00:00,127.13000000,127.56000000,126.85000000,127.48000000,4018.97000000
1776027600000,2026-04-12T21:00:00+00:00,127.47000000,127.60000000,127.17000000,127.41000000,2666.79000000
1776031200000,2026-04-12T22:00:00+00:00,127.40000000,127.49000000,125.93000000,126.79000000,14956.39000000
1776034800000,2026-04-12T23:00:00+00:00,126.80000000,126.90000000,125.93000000,126.82000000,16405.43000000
1776038400000,2026-04-13T00:00:00+00:00,126.82000000,126.82000000,124.30000000,125.43000000,35490.52000000
1776042000000,2026-04-13T01:00:00+00:00,125.43000000,125.61000000,125.12000000,125.59000000,5621.80000000
1776045600000,2026-04-13T02:00:00+00:00,125.61000000,125.70000000,125.27000000,125.49000000,3291.12000000
1776049200000,2026-04-13T03:00:00+00:00,125.50000000,125.56000000,125.17000000,125.27000000,4549.19000000
1776052800000,2026-04-13T04:00:00+00:00,125.26000000,125.51000000,125.07000000,125.22000000,4042.45000000
1776056400000,2026-04-13T05:00:00+00:00,125.24000000,125.29000000,124.71000000,124.93000000,4304.23000000
1776060000000,2026-04-13T06:00:00+00:00,124.93000000,125.50000000,124.91000000,125.45000000,4051.95000000
1776063600000,2026-04-13T07:00:00+00:00,125.47000000,125.56000000,124.90000000,125.17000000,3445.99000000
1776067200000,2026-04-13T08:00:00+00:00,125.15000000,125.27000000,124.49000000,124.76000000,3735.30000000
1776070800000,2026-04-13T09:00:00+00:00,124.77000000,125.30000000,124.77000000,125.18000000,2736.65000000
1776074400000,2026-04-13T10:00:00+00:00,125.19000000,125.32000000,125.01000000,125.31000000,1554.81000000
1776078000000,2026-04-13T11:00:00+00:00,125.32000000,125.68000000,125.32000000,125.49000000,3164.39000000
1776081600000,2026-04-13T12:00:00+00:00,125.49000000,126.36000000,125.31000000,125.91000000,8029.89000000
1776085200000,2026-04-13T13:00:00+00:00,125.92000000,129.60000000,125.16000000,129.52000000,70849.66000000
1776088800000,2026-04-13T14:00:00+00:00,129.51000000,131.57000000,128.32000000,131.30000000,81687.85000000
1776092400000,2026-04-13T15:00:00+00:00,131.30000000,131.48000000,128.88000000,129.78000000,21660.54000000
1776096000000,2026-04-13T16:00:00+00:00,129.77000000,130.89000000,129.53000000,130.42000000,21883.18000000
1776099600000,2026-04-13T17:00:00+00:00,130.44000000,131.23000000,129.56000000,129.75000000,10766.74000000
1776103200000,2026-04-13T18:00:00+00:00,129.75000000,130.93000000,129.74000000,130.84000000,6450.27000000
1776106800000,2026-04-13T19:00:00+00:00,130.82000000,132.45000000,130.50000000,132.32000000,11226.03000000
1776110400000,2026-04-13T20:00:00+00:00,132.35000000,132.67000000,131.91000000,132.54000000,6441.22000000
1776114000000,2026-04-13T21:00:00+00:00,132.53000000,132.80000000,132.47000000,132.62000000,1040.35000000
1776117600000,2026-04-13T22:00:00+00:00,132.61000000,136.06000000,132.60000000,135.73000000,10116.00000000
1776121200000,2026-04-13T23:00:00+00:00,135.74000000,136.28000000,134.79000000,134.82000000,6848.74000000
1776124800000,2026-04-14T00:00:00+00:00,134.83000000,134.94000000,133.81000000,133.96000000,8532.28000000
1776128400000,2026-04-14T01:00:00+00:00,133.96000000,134.58000000,133.79000000,134.47000000,4309.73000000
1776132000000,2026-04-14T02:00:00+00:00,134.46000000,134.73000000,134.33000000,134.57000000,6290.99000000
1776135600000,2026-04-14T03:00:00+00:00,134.56000000,134.79000000,134.45000000,134.76000000,1580.33000000
1776139200000,2026-04-14T04:00:00+00:00,134.75000000,135.06000000,134.64000000,134.79000000,3300.73000000
1776142800000,2026-04-14T05:00:00+00:00,134.78000000,134.95000000,134.24000000,134.35000000,6890.27000000
1776146400000,2026-04-14T06:00:00+00:00,134.34000000,135.15000000,134.34000000,135.12000000,3384.54000000
1776150000000,2026-04-14T07:00:00+00:00,135.13000000,136.06000000,134.95000000,135.80000000,5762.41000000
1776153600000,2026-04-14T08:00:00+00:00,135.81000000,137.35000000,135.53000000,137.32000000,7367.63000000
1776157200000,2026-04-14T09:00:00+00:00,137.35000000,137.59000000,136.49000000,136.68000000,10230.98000000
1776160800000,2026-04-14T10:00:00+00:00,136.67000000,136.89000000,135.79000000,135.90000000,3279.15000000
1776164400000,2026-04-14T11:00:00+00:00,135.91000000,136.72000000,135.86000000,136.38000000,5355.32000000
1776168000000,2026-04-14T12:00:00+00:00,136.38000000,136.85000000,136.08000000,136.66000000,26564.12000000
1776171600000,2026-04-14T13:00:00+00:00,136.67000000,142.54000000,136.51000000,142.54000000,94487.83000000
1776175200000,2026-04-14T14:00:00+00:00,142.54000000,143.65000000,140.62000000,140.72000000,34973.62000000
1776178800000,2026-04-14T15:00:00+00:00,140.73000000,140.88000000,139.21000000,140.36000000,28677.74000000
1776182400000,2026-04-14T16:00:00+00:00,140.34000000,141.08000000,138.73000000,138.89000000,14442.08000000
1776186000000,2026-04-14T17:00:00+00:00,138.88000000,139.39000000,137.96000000,138.01000000,9013.58000000
1776189600000,2026-04-14T18:00:00+00:00,138.03000000,138.08000000,136.36000000,137.22000000,19528.00000000
1776193200000,2026-04-14T19:00:00+00:00,137.21000000,138.12000000,136.59000000,137.48000000,11876.62000000
1776196800000,2026-04-14T20:00:00+00:00,137.48000000,138.58000000,137.40000000,138.31000000,5385.43000000
1776200400000,2026-04-14T21:00:00+00:00,138.31000000,138.48000000,137.72000000,137.91000000,1510.37000000
1776204000000,2026-04-14T22:00:00+00:00,137.91000000,138.24000000,137.69000000,137.86000000,2908.83000000
1776207600000,2026-04-14T23:00:00+00:00,137.85000000,138.59000000,137.85000000,138.48000000,1165.06000000
1776211200000,2026-04-15T00:00:00+00:00,138.48000000,139.50000000,138.42000000,139.06000000,6302.01000000
1776214800000,2026-04-15T01:00:00+00:00,139.04000000,139.47000000,138.96000000,139.07000000,2621.60000000
1776218400000,2026-04-15T02:00:00+00:00,139.06000000,139.15000000,138.17000000,138.43000000,2591.24000000
1776222000000,2026-04-15T03:00:00+00:00,138.44000000,138.70000000,138.25000000,138.67000000,1729.23000000
1776225600000,2026-04-15T04:00:00+00:00,138.67000000,138.87000000,138.33000000,138.44000000,1893.90000000
1776229200000,2026-04-15T05:00:00+00:00,138.44000000,138.70000000,137.03000000,137.55000000,5658.63000000
1776232800000,2026-04-15T06:00:00+00:00,137.52000000,137.59000000,137.09000000,137.15000000,2676.70000000
1776236400000,2026-04-15T07:00:00+00:00,137.16000000,137.42000000,136.33000000,137.00000000,4514.07000000
1776240000000,2026-04-15T08:00:00+00:00,137.01000000,138.65000000,136.95000000,138.33000000,4858.06000000
1776243600000,2026-04-15T09:00:00+00:00,138.33000000,138.41000000,137.28000000,137.48000000,2810.65000000
1776247200000,2026-04-15T10:00:00+00:00,137.49000000,137.91000000,136.85000000,137.43000000,4918.35000000
1776250800000,2026-04-15T11:00:00+00:00,137.44000000,138.82000000,137.44000000,138.76000000,4936.47000000
1776254400000,2026-04-15T12:00:00+00:00,138.72000000,139.26000000,138.39000000,139.12000000,4729.53000000
1776258000000,2026-04-15T13:00:00+00:00,139.09000000,140.10000000,137.08000000,139.06000000,50405.63000000
1776261600000,2026-04-15T14:00:00+00:00,139.05000000,140.16000000,137.65000000,139.43000000,25942.71000000
1776265200000,2026-04-15T15:00:00+00:00,139.43000000,139.90000000,138.04000000,138.40000000,12840.18000000
1776268800000,2026-04-15T16:00:00+00:00,138.38000000,139.72000000,137.27000000,137.81000000,15265.83000000
1776272400000,2026-04-15T17:00:00+00:00,137.82000000,138.63000000,137.45000000,138.14000000,12399.39000000
1776276000000,2026-04-15T18:00:00+00:00,138.12000000,140.15000000,137.92000000,140.10000000,12290.52000000
1776279600000,2026-04-15T19:00:00+00:00,140.10000000,143.56000000,139.98000000,143.52000000,24353.43000000
1776283200000,2026-04-15T20:00:00+00:00,143.49000000,143.94000000,142.39000000,142.70000000,28611.54000000
1776286800000,2026-04-15T21:00:00+00:00,142.70000000,142.75000000,142.25000000,142.74000000,3365.44000000
1776290400000,2026-04-15T22:00:00+00:00,142.75000000,144.46000000,142.72000000,143.92000000,5273.48000000
1776294000000,2026-04-15T23:00:00+00:00,143.91000000,143.92000000,143.14000000,143.29000000,3600.96000000
1776297600000,2026-04-16T00:00:00+00:00,143.28000000,143.62000000,142.69000000,143.53000000,15634.53000000
1776301200000,2026-04-16T01:00:00+00:00,143.50000000,143.50000000,142.75000000,143.19000000,6647.12000000
1776304800000,2026-04-16T02:00:00+00:00,143.19000000,144.70000000,143.05000000,144.10000000,4711.71000000
1776308400000,2026-04-16T03:00:00+00:00,144.09000000,144.77000000,144.07000000,144.26000000,3870.68000000
1776312000000,2026-04-16T04:00:00+00:00,144.25000000,144.78000000,143.99000000,144.43000000,4380.56000000
1776315600000,2026-04-16T05:00:00+00:00,144.43000000,144.49000000,144.16000000,144.23000000,1942.56000000
1776319200000,2026-04-16T06:00:00+00:00,144.23000000,144.36000000,143.85000000,144.35000000,3905.55000000
1776322800000,2026-04-16T07:00:00+00:00,144.33000000,144.47000000,143.57000000,143.80000000,6247.82000000
1776326400000,2026-04-16T08:00:00+00:00,143.79000000,143.81000000,142.44000000,143.01000000,6247.80000000
1776330000000,2026-04-16T09:00:00+00:00,143.02000000,143.81000000,142.92000000,143.18000000,4702.15000000
1776333600000,2026-04-16T10:00:00+00:00,143.17000000,143.49000000,141.40000000,141.96000000,9187.88000000
1776337200000,2026-04-16T11:00:00+00:00,141.97000000,143.29000000,141.86000000,143.28000000,6943.04000000
1776340800000,2026-04-16T12:00:00+00:00,143.28000000,143.95000000,142.51000000,142.73000000,6281.61000000
1776344400000,2026-04-16T13:00:00+00:00,142.74000000,143.45000000,139.30000000,140.59000000,71234.71000000
1776348000000,2026-04-16T14:00:00+00:00,140.60000000,141.99000000,139.46000000,141.35000000,43310.40000000
1776351600000,2026-04-16T15:00:00+00:00,141.36000000,144.81000000,141.24000000,144.69000000,35592.34000000
1776355200000,2026-04-16T16:00:00+00:00,144.70000000,145.91000000,143.22000000,143.51000000,37899.03000000
1776358800000,2026-04-16T17:00:00+00:00,143.52000000,145.11000000,142.91000000,144.64000000,18153.54000000
1776362400000,2026-04-16T18:00:00+00:00,144.66000000,146.52000000,143.59000000,146.33000000,21456.59000000
1776366000000,2026-04-16T19:00:00+00:00,146.33000000,149.13000000,145.58000000,149.07000000,30673.43000000
1776369600000,2026-04-16T20:00:00+00:00,149.06000000,149.42000000,148.24000000,148.56000000,8138.17000000
1776373200000,2026-04-16T21:00:00+00:00,148.56000000,148.60000000,147.75000000,147.75000000,2184.45000000
1776376800000,2026-04-16T22:00:00+00:00,147.76000000,148.31000000,147.71000000,147.81000000,1480.57000000
1776380400000,2026-04-16T23:00:00+00:00,147.80000000,148.39000000,147.79000000,148.28000000,1086.10000000
1776384000000,2026-04-17T00:00:00+00:00,148.26000000,148.28000000,147.64000000,147.86000000,3866.90000000
1776387600000,2026-04-17T01:00:00+00:00,147.87000000,148.07000000,146.62000000,147.07000000,6307.58000000
1776391200000,2026-04-17T02:00:00+00:00,147.06000000,147.26000000,146.76000000,147.21000000,2965.03000000
1776394800000,2026-04-17T03:00:00+00:00,147.22000000,147.23000000,146.69000000,146.70000000,2287.30000000
1776398400000,2026-04-17T04:00:00+00:00,146.74000000,147.48000000,146.64000000,147.25000000,2238.28000000
1776402000000,2026-04-17T05:00:00+00:00,147.27000000,147.29000000,146.83000000,146.91000000,1236.14000000
1776405600000,2026-04-17T06:00:00+00:00,146.91000000,147.49000000,146.88000000,147.45000000,1640.50000000
1776409200000,2026-04-17T07:00:00+00:00,147.47000000,148.60000000,147.47000000,148.30000000,5182.50000000
1776412800000,2026-04-17T08:00:00+00:00,148.31000000,151.03000000,147.90000000,150.86000000,10767.74000000
1776416400000,2026-04-17T09:00:00+00:00,150.87000000,152.13000000,150.41000000,151.19000000,15887.99000000
1776420000000,2026-04-17T10:00:00+00:00,151.19000000,151.50000000,150.04000000,150.48000000,7797.98000000
1776423600000,2026-04-17T11:00:00+00:00,150.48000000,151.58000000,150.31000000,150.90000000,7502.43000000
1776427200000,2026-04-17T12:00:00+00:00,150.92000000,152.61000000,150.81000000,152.53000000,12856.16000000
1776430800000,2026-04-17T13:00:00+00:00,152.55000000,165.43000000,152.12000000,165.34000000,131992.32000000
1776434400000,2026-04-17T14:00:00+00:00,165.38000000,173.13000000,164.29000000,171.38000000,119839.76000000
1776438000000,2026-04-17T15:00:00+00:00,171.41000000,171.90000000,166.34000000,169.04000000,78157.44000000
1776441600000,2026-04-17T16:00:00+00:00,169.07000000,171.42000000,167.29000000,167.72000000,44237.16000000
1776445200000,2026-04-17T17:00:00+00:00,167.70000000,168.26000000,163.50000000,165.56000000,48054.53000000
1776448800000,2026-04-17T18:00:00+00:00,165.57000000,166.14000000,163.24000000,164.69000000,35041.56000000
1776452400000,2026-04-17T19:00:00+00:00,164.70000000,167.27000000,164.10000000,166.68000000,32456.67000000
1776456000000,2026-04-17T20:00:00+00:00,166.66000000,167.97000000,166.17000000,166.59000000,8124.26000000
1776459600000,2026-04-17T21:00:00+00:00,166.59000000,166.72000000,166.23000000,166.52000000,2836.28000000
1776463200000,2026-04-17T22:00:00+00:00,166.50000000,167.17000000,166.42000000,166.93000000,2096.06000000
1776466800000,2026-04-17T23:00:00+00:00,166.90000000,166.97000000,166.09000000,166.35000000,2748.06000000
1776470400000,2026-04-18T00:00:00+00:00,166.36000000,166.66000000,166.05000000,166.38000000,3509.95000000
1776474000000,2026-04-18T01:00:00+00:00,166.40000000,166.60000000,166.28000000,166.39000000,1398.68000000
1776477600000,2026-04-18T02:00:00+00:00,166.39000000,166.59000000,166.30000000,166.47000000,1392.17000000
1776481200000,2026-04-18T03:00:00+00:00,166.46000000,166.54000000,166.12000000,166.16000000,1996.98000000
1776484800000,2026-04-18T04:00:00+00:00,166.17000000,166.39000000,166.10000000,166.33000000,1286.63000000
1776488400000,2026-04-18T05:00:00+00:00,166.32000000,166.44000000,166.17000000,166.23000000,1767.96000000
1776492000000,2026-04-18T06:00:00+00:00,166.23000000,166.31000000,166.16000000,166.21000000,235.58000000
1776495600000,2026-04-18T07:00:00+00:00,166.21000000,166.22000000,165.99000000,166.06000000,1008.42000000
1776499200000,2026-04-18T08:00:00+00:00,166.07000000,166.09000000,165.60000000,165.87000000,9431.40000000
1776502800000,2026-04-18T09:00:00+00:00,165.88000000,165.93000000,165.51000000,165.88000000,3394.81000000
1776506400000,2026-04-18T10:00:00+00:00,165.89000000,166.00000000,165.44000000,165.68000000,6024.32000000
1776510000000,2026-04-18T11:00:00+00:00,165.68000000,165.89000000,165.29000000,165.59000000,5213.09000000
1776513600000,2026-04-18T12:00:00+00:00,165.60000000,165.84000000,165.53000000,165.74000000,2405.17000000
1776517200000,2026-04-18T13:00:00+00:00,165.74000000,165.99000000,165.66000000,165.95000000,1204.61000000
1776520800000,2026-04-18T14:00:00+00:00,165.96000000,166.09000000,165.82000000,166.02000000,2740.06000000
1776524400000,2026-04-18T15:00:00+00:00,166.02000000,166.08000000,165.83000000,165.96000000,1947.02000000
1776528000000,2026-04-18T16:00:00+00:00,165.94000000,165.94000000,165.60000000,165.67000000,1485.81000000
1776531600000,2026-04-18T17:00:00+00:00,165.67000000,165.89000000,165.57000000,165.72000000,844.67000000
1776535200000,2026-04-18T18:00:00+00:00,165.72000000,165.74000000,165.22000000,165.35000000,3423.31000000
1776538800000,2026-04-18T19:00:00+00:00,165.36000000,165.61000000,165.32000000,165.43000000,836.71000000
1776542400000,2026-04-18T20:00:00+00:00,165.44000000,165.74000000,165.31000000,165.74000000,2543.01000000
1776546000000,2026-04-18T21:00:00+00:00,165.73000000,165.92000000,165.46000000,165.85000000,796.20000000
1776549600000,2026-04-18T22:00:00+00:00,165.84000000,165.95000000,165.39000000,165.82000000,1133.48000000
1776553200000,2026-04-18T23:00:00+00:00,165.81000000,166.04000000,165.63000000,165.87000000,1412.67000000
1776556800000,2026-04-19T00:00:00+00:00,165.83000000,165.83000000,165.02000000,165.52000000,2069.33000000
1776560400000,2026-04-19T01:00:00+00:00,165.51000000,165.61000000,165.13000000,165.32000000,743.78000000
1776564000000,2026-04-19T02:00:00+00:00,165.31000000,165.48000000,165.08000000,165.10000000,1158.94000000
1776567600000,2026-04-19T03:00:00+00:00,165.11000000,165.59000000,164.95000000,165.48000000,2195.21000000
1776571200000,2026-04-19T04:00:00+00:00,165.49000000,165.69000000,165.11000000,165.20000000,1872.81000000
1776574800000,2026-04-19T05:00:00+00:00,165.22000000,165.45000000,165.02000000,165.29000000,876.43000000
1776578400000,2026-04-19T06:00:00+00:00,165.29000000,165.56000000,165.07000000,165.30000000,1517.58000000
1776582000000,2026-04-19T07:00:00+00:00,165.29000000,165.64000000,164.78000000,165.58000000,6609.52000000
1776585600000,2026-04-19T08:00:00+00:00,165.56000000,165.56000000,163.37000000,164.67000000,6288.41000000
1776589200000,2026-04-19T09:00:00+00:00,164.68000000,164.70000000,164.20000000,164.24000000,1371.41000000
1776592800000,2026-04-19T10:00:00+00:00,164.24000000,165.01000000,164.21000000,164.77000000,2000.58000000
1776596400000,2026-04-19T11:00:00+00:00,164.76000000,165.15000000,164.71000000,165.15000000,2564.00000000
1776600000000,2026-04-19T12:00:00+00:00,165.15000000,165.17000000,164.88000000,165.01000000,1009.63000000
1776603600000,2026-04-19T13:00:00+00:00,165.01000000,166.24000000,165.00000000,165.60000000,6969.08000000
1776607200000,2026-04-19T14:00:00+00:00,165.60000000,165.95000000,165.23000000,165.63000000,1964.90000000
1776610800000,2026-04-19T15:00:00+00:00,165.62000000,165.94000000,164.91000000,165.62000000,5750.66000000
1776614400000,2026-04-19T16:00:00+00:00,165.62000000,165.62000000,163.44000000,163.53000000,7563.26000000
1776618000000,2026-04-19T17:00:00+00:00,163.53000000,163.66000000,162.49000000,162.49000000,5712.05000000
1776621600000,2026-04-19T18:00:00+00:00,162.52000000,163.39000000,162.08000000,163.07000000,8569.13000000
1776625200000,2026-04-19T19:00:00+00:00,163.08000000,163.50000000,163.08000000,163.43000000,1525.91000000
1776628800000,2026-04-19T20:00:00+00:00,163.41000000,163.41000000,162.33000000,162.97000000,4551.39000000
1776632400000,2026-04-19T21:00:00+00:00,162.97000000,163.46000000,161.95000000,162.19000000,4301.82000000
1776636000000,2026-04-19T22:00:00+00:00,162.19000000,162.29000000,157.00000000,161.33000000,27491.11000000
1776639600000,2026-04-19T23:00:00+00:00,161.33000000,162.87000000,160.54000000,162.83000000,19021.56000000
1776643200000,2026-04-20T00:00:00+00:00,162.85000000,163.00000000,155.69000000,160.03000000,63414.49000000
1776646800000,2026-04-20T01:00:00+00:00,160.03000000,162.10000000,160.01000000,161.40000000,10535.67000000
1776650400000,2026-04-20T02:00:00+00:00,161.37000000,161.41000000,160.21000000,160.46000000,7660.74000000
1776654000000,2026-04-20T03:00:00+00:00,160.47000000,160.52000000,159.73000000,160.49000000,3237.75000000
1776657600000,2026-04-20T04:00:00+00:00,160.47000000,160.47000000,159.53000000,159.90000000,2873.16000000
1776661200000,2026-04-20T05:00:00+00:00,159.91000000,159.93000000,154.34000000,158.00000000,12823.46000000
1776664800000,2026-04-20T06:00:00+00:00,158.02000000,160.33000000,157.92000000,160.22000000,9666.06000000
1776668400000,2026-04-20T07:00:00+00:00,160.22000000,162.14000000,159.79000000,160.86000000,13574.04000000
1776672000000,2026-04-20T08:00:00+00:00,160.90000000,161.08000000,158.91000000,160.27000000,11826.61000000
1776675600000,2026-04-20T09:00:00+00:00,160.27000000,162.76000000,160.23000000,162.24000000,7060.41000000
1776679200000,2026-04-20T10:00:00+00:00,162.24000000,163.68000000,161.91000000,161.97000000,7047.66000000
1776682800000,2026-04-20T11:00:00+00:00,162.00000000,163.20000000,161.85000000,162.44000000,7936.79000000
1776686400000,2026-04-20T12:00:00+00:00,162.43000000,164.00000000,161.52000000,163.17000000,16008.55000000
1776690000000,2026-04-20T13:00:00+00:00,163.17000000,166.77000000,160.57000000,164.63000000,67353.01000000
1776693600000,2026-04-20T14:00:00+00:00,164.63000000,167.18000000,161.63000000,162.18000000,73609.72000000
1776697200000,2026-04-20T15:00:00+00:00,162.20000000,165.91000000,160.80000000,165.49000000,47665.48000000
1776700800000,2026-04-20T16:00:00+00:00,165.47000000,165.79000000,164.76000000,165.04000000,20807.27000000
1776704400000,2026-04-20T17:00:00+00:00,165.04000000,168.42000000,164.95000000,168.14000000,28437.33000000
1776708000000,2026-04-20T18:00:00+00:00,168.14000000,170.23000000,168.13000000,168.64000000,52441.11000000
1776711600000,2026-04-20T19:00:00+00:00,168.66000000,171.11000000,168.56000000,170.96000000,31043.86000000
1776715200000,2026-04-20T20:00:00+00:00,170.93000000,171.78000000,170.51000000,171.32000000,8248.31000000
1776718800000,2026-04-20T21:00:00+00:00,171.30000000,171.41000000,170.39000000,170.95000000,9756.44000000
1776722400000,2026-04-20T22:00:00+00:00,170.94000000,171.54000000,170.81000000,171.00000000,1731.94000000
1776726000000,2026-04-20T23:00:00+00:00,170.99000000,171.00000000,169.83000000,170.61000000,2170.84000000
1776729600000,2026-04-21T00:00:00+00:00,170.60000000,171.23000000,169.93000000,171.23000000,6504.42000000
1776733200000,2026-04-21T01:00:00+00:00,171.21000000,172.18000000,170.92000000,171.73000000,7774.92000000
1776736800000,2026-04-21T02:00:00+00:00,171.71000000,171.96000000,170.67000000,170.67000000,3541.14000000
1776740400000,2026-04-21T03:00:00+00:00,170.66000000,171.13000000,170.36000000,171.10000000,3738.87000000
1776744000000,2026-04-21T04:00:00+00:00,171.10000000,171.71000000,170.67000000,171.69000000,10538.18000000
1776747600000,2026-04-21T05:00:00+00:00,171.68000000,172.31000000,171.62000000,171.82000000,2512.11000000
1776751200000,2026-04-21T06:00:00+00:00,171.83000000,172.39000000,171.35000000,172.31000000,3754.75000000
1776754800000,2026-04-21T07:00:00+00:00,172.32000000,173.27000000,171.92000000,172.66000000,12073.27000000
1776758400000,2026-04-21T08:00:00+00:00,172.66000000,174.73000000,172.33000000,174.29000000,7097.26000000
1776762000000,2026-04-21T09:00:00+00:00,174.28000000,174.38000000,173.00000000,174.11000000,20525.90000000
1776765600000,2026-04-21T10:00:00+00:00,174.16000000,175.11000000,173.82000000,174.46000000,5490.45000000
1776769200000,2026-04-21T11:00:00+00:00,174.47000000,175.09000000,173.61000000,173.62000000,9670.18000000
1776772800000,2026-04-21T12:00:00+00:00,173.65000000,173.80000000,170.32000000,170.68000000,34487.81000000
1776776400000,2026-04-21T13:00:00+00:00,170.70000000,171.38000000,167.49000000,170.74000000,53125.37000000
1776780000000,2026-04-21T14:00:00+00:00,170.77000000,172.98000000,168.02000000,168.34000000,51133.48000000
1776783600000,2026-04-21T15:00:00+00:00,168.34000000,170.35000000,166.49000000,168.05000000,42462.76000000
1776787200000,2026-04-21T16:00:00+00:00,168.07000000,169.06000000,166.84000000,167.34000000,20933.02000000
1776790800000,2026-04-21T17:00:00+00:00,167.33000000,168.25000000,164.00000000,166.98000000,37914.54000000
1776794400000,2026-04-21T18:00:00+00:00,166.99000000,168.41000000,166.16000000,168.01000000,21674.22000000
1776798000000,2026-04-21T19:00:00+00:00,168.02000000,169.58000000,163.89000000,164.08000000,34656.68000000
1776801600000,2026-04-21T20:00:00+00:00,164.05000000,167.74000000,163.18000000,166.82000000,32293.51000000
1776805200000,2026-04-21T21:00:00+00:00,166.82000000,166.93000000,166.31000000,166.59000000,3287.91000000
1776808800000,2026-04-21T22:00:00+00:00,166.59000000,166.89000000,166.24000000,166.82000000,1899.60000000
1776812400000,2026-04-21T23:00:00+00:00,166.80000000,168.60000000,166.78000000,168.22000000,5149.88000000
1776816000000,2026-04-22T00:00:00+00:00,168.22000000,169.91000000,168.04000000,169.69000000,11108.05000000
1776819600000,2026-04-22T01:00:00+00:00,169.69000000,169.79000000,168.52000000,168.90000000,4794.24000000
1776823200000,2026-04-22T02:00:00+00:00,168.92000000,172.85000000,168.74000000,172.80000000,14178.52000000
1776826800000,2026-04-22T03:00:00+00:00,172.81000000,173.06000000,171.51000000,171.84000000,10569.30000000
1776830400000,2026-04-22T04:00:00+00:00,171.82000000,172.04000000,170.80000000,171.16000000,7231.43000000
1776834000000,2026-04-22T05:00:00+00:00,171.20000000,173.78000000,170.99000000,173.10000000,23601.95000000
1776837600000,2026-04-22T06:00:00+00:00,173.10000000,173.56000000,172.83000000,173.53000000,4584.65000000
1776841200000,2026-04-22T07:00:00+00:00,173.53000000,174.18000000,173.31000000,174.03000000,6489.18000000
1776844800000,2026-04-22T08:00:00+00:00,174.03000000,174.82000000,173.05000000,173.77000000,10231.13000000
1776848400000,2026-04-22T09:00:00+00:00,173.75000000,174.67000000,173.54000000,173.94000000,6185.33000000
1776852000000,2026-04-22T10:00:00+00:00,173.97000000,174.16000000,173.07000000,173.26000000,6640.23000000
1776855600000,2026-04-22T11:00:00+00:00,173.26000000,174.79000000,172.71000000,174.63000000,10644.77000000
1776859200000,2026-04-22T12:00:00+00:00,174.64000000,175.78000000,173.90000000,174.37000000,19410.98000000
1776862800000,2026-04-22T13:00:00+00:00,174.35000000,181.88000000,173.97000000,181.79000000,99607.08000000
1776866400000,2026-04-22T14:00:00+00:00,181.84000000,183.30000000,177.74000000,179.66000000,64562.48000000
1776870000000,2026-04-22T15:00:00+00:00,179.65000000,180.63000000,178.11000000,179.72000000,31888.93000000
1776873600000,2026-04-22T16:00:00+00:00,179.73000000,181.11000000,176.82000000,177.52000000,30659.73000000
1776877200000,2026-04-22T17:00:00+00:00,177.56000000,178.72000000,176.77000000,177.52000000,23778.08000000
1776880800000,2026-04-22T18:00:00+00:00,177.51000000,179.97000000,176.77000000,179.30000000,14056.31000000
1776884400000,2026-04-22T19:00:00+00:00,179.33000000,179.79000000,178.38000000,179.32000000,25700.92000000
1776888000000,2026-04-22T20:00:00+00:00,179.34000000,179.38000000,177.82000000,178.01000000,7285.10000000
1776891600000,2026-04-22T21:00:00+00:00,178.00000000,178.99000000,177.97000000,178.73000000,2616.69000000
1776895200000,2026-04-22T22:00:00+00:00,178.72000000,179.25000000,178.22000000,178.89000000,2223.77000000
1776898800000,2026-04-22T23:00:00+00:00,178.86000000,178.91000000,177.66000000,177.81000000,1832.45000000
1776902400000,2026-04-23T00:00:00+00:00,177.82000000,178.73000000,175.41000000,178.22000000,18991.64000000
1776906000000,2026-04-23T01:00:00+00:00,178.24000000,178.29000000,176.73000000,177.49000000,7296.65000000
1776909600000,2026-04-23T02:00:00+00:00,177.50000000,177.51000000,174.66000000,175.57000000,9684.20000000
1776913200000,2026-04-23T03:00:00+00:00,175.57000000,176.09000000,173.75000000,175.29000000,10120.95000000
1776916800000,2026-04-23T04:00:00+00:00,175.27000000,177.16000000,174.97000000,176.86000000,6547.20000000
1776920400000,2026-04-23T05:00:00+00:00,176.86000000,177.44000000,176.60000000,177.16000000,5089.24000000
1776924000000,2026-04-23T06:00:00+00:00,177.18000000,178.50000000,177.18000000,178.10000000,4473.42000000
1776927600000,2026-04-23T07:00:00+00:00,178.16000000,178.35000000,177.09000000,177.23000000,4568.50000000
1776931200000,2026-04-23T08:00:00+00:00,177.23000000,177.49000000,175.60000000,176.05000000,13947.89000000
1776934800000,2026-04-23T09:00:00+00:00,176.03000000,176.32000000,174.58000000,175.68000000,7886.26000000
1776938400000,2026-04-23T10:00:00+00:00,175.67000000,175.99000000,174.37000000,175.77000000,10573.82000000
1776942000000,2026-04-23T11:00:00+00:00,175.78000000,178.06000000,175.16000000,177.71000000,23366.48000000
1776945600000,2026-04-23T12:00:00+00:00,177.70000000,178.94000000,176.91000000,177.90000000,19079.63000000
1776949200000,2026-04-23T13:00:00+00:00,177.91000000,178.40000000,174.58000000,174.81000000,74061.64000000
1776952800000,2026-04-23T14:00:00+00:00,174.80000000,179.75000000,173.74000000,179.65000000,30977.65000000
1776956400000,2026-04-23T15:00:00+00:00,179.65000000,180.92000000,178.40000000,179.55000000,21186.40000000
1776960000000,2026-04-23T16:00:00+00:00,179.56000000,180.56000000,178.22000000,178.64000000,13988.73000000
1776963600000,2026-04-23T17:00:00+00:00,178.66000000,178.98000000,171.63000000,174.80000000,54667.25000000
1776967200000,2026-04-23T18:00:00+00:00,174.82000000,176.04000000,172.82000000,173.09000000,26650.70000000
1776970800000,2026-04-23T19:00:00+00:00,173.09000000,174.23000000,172.13000000,172.63000000,7380.56000000
1776974400000,2026-04-23T20:00:00+00:00,172.60000000,174.18000000,172.48000000,173.93000000,4941.17000000
1776978000000,2026-04-23T21:00:00+00:00,173.92000000,175.31000000,173.82000000,174.80000000,3034.43000000
1776981600000,2026-04-23T22:00:00+00:00,174.78000000,176.27000000,174.64000000,175.79000000,5688.19000000
1776985200000,2026-04-23T23:00:00+00:00,175.75000000,175.97000000,175.20000000,175.79000000,2379.96000000
1776988800000,2026-04-24T00:00:00+00:00,175.80000000,177.51000000,175.45000000,177.16000000,8189.03000000
1776992400000,2026-04-24T01:00:00+00:00,177.19000000,177.20000000,175.36000000,176.76000000,6089.95000000
1776996000000,2026-04-24T02:00:00+00:00,176.74000000,176.91000000,175.93000000,176.18000000,5177.34000000
1776999600000,2026-04-24T03:00:00+00:00,176.16000000,176.20000000,173.90000000,174.50000000,7761.21000000
1777003200000,2026-04-24T04:00:00+00:00,174.48000000,174.69000000,173.95000000,174.65000000,4460.80000000
1777006800000,2026-04-24T05:00:00+00:00,174.63000000,175.93000000,173.97000000,175.80000000,5000.32000000
1777010400000,2026-04-24T06:00:00+00:00,175.82000000,176.00000000,175.07000000,175.51000000,3097.85000000
1777014000000,2026-04-24T07:00:00+00:00,175.51000000,175.77000000,174.71000000,175.04000000,2953.66000000
1777017600000,2026-04-24T08:00:00+00:00,175.03000000,176.39000000,174.89000000,175.07000000,7742.11000000
1777021200000,2026-04-24T09:00:00+00:00,175.08000000,175.25000000,173.96000000,174.55000000,6173.86000000
1777024800000,2026-04-24T10:00:00+00:00,174.54000000,175.45000000,174.26000000,174.95000000,3314.82000000
1777028400000,2026-04-24T11:00:00+00:00,174.95000000,178.25000000,174.94000000,177.44000000,12960.89000000
1777032000000,2026-04-24T12:00:00+00:00,177.46000000,177.99000000,176.22000000,176.91000000,7643.36000000
1777035600000,2026-04-24T13:00:00+00:00,176.92000000,177.53000000,172.56000000,173.66000000,42391.99000000
1777039200000,2026-04-24T14:00:00+00:00,173.64000000,173.64000000,169.18000000,171.43000000,30168.42000000
1777042800000,2026-04-24T15:00:00+00:00,171.43000000,172.87000000,169.90000000,171.68000000,15727.69000000
1777046400000,2026-04-24T16:00:00+00:00,171.67000000,171.73000000,169.43000000,170.90000000,10111.92000000
1777050000000,2026-04-24T17:00:00+00:00,170.90000000,172.22000000,170.61000000,171.50000000,8856.11000000
1777053600000,2026-04-24T18:00:00+00:00,171.54000000,171.70000000,170.18000000,171.57000000,4558.52000000
1777057200000,2026-04-24T19:00:00+00:00,171.62000000,172.77000000,170.52000000,171.06000000,14597.35000000
1777060800000,2026-04-24T20:00:00+00:00,171.10000000,171.67000000,170.93000000,171.59000000,4446.30000000
1777064400000,2026-04-24T21:00:00+00:00,171.59000000,171.68000000,171.07000000,171.08000000,1597.19000000
1777068000000,2026-04-24T22:00:00+00:00,171.10000000,171.18000000,170.75000000,170.79000000,1200.41000000
1777071600000,2026-04-24T23:00:00+00:00,170.80000000,171.02000000,170.75000000,171.01000000,465.21000000
1777075200000,2026-04-25T00:00:00+00:00,171.04000000,171.35000000,170.96000000,171.08000000,1508.82000000
1777078800000,2026-04-25T01:00:00+00:00,171.11000000,171.23000000,171.04000000,171.12000000,1016.47000000
1777082400000,2026-04-25T02:00:00+00:00,171.12000000,171.26000000,171.04000000,171.23000000,1681.35000000
1777086000000,2026-04-25T03:00:00+00:00,171.22000000,171.32000000,171.10000000,171.25000000,1617.98000000
1777089600000,2026-04-25T04:00:00+00:00,171.25000000,171.29000000,171.17000000,171.24000000,374.53000000
1777093200000,2026-04-25T05:00:00+00:00,171.24000000,171.24000000,170.98000000,171.14000000,1666.15000000
1777096800000,2026-04-25T06:00:00+00:00,171.14000000,171.22000000,170.96000000,171.07000000,1688.92000000
1777100400000,2026-04-25T07:00:00+00:00,171.06000000,171.15000000,171.02000000,171.03000000,624.98000000
1777104000000,2026-04-25T08:00:00+00:00,171.02000000,171.25000000,171.02000000,171.22000000,631.21000000
1777107600000,2026-04-25T09:00:00+00:00,171.23000000,171.39000000,171.12000000,171.29000000,698.70000000
1777111200000,2026-04-25T10:00:00+00:00,171.29000000,171.41000000,171.25000000,171.31000000,709.31000000
1777114800000,2026-04-25T11:00:00+00:00,171.30000000,171.35000000,171.10000000,171.24000000,761.39000000
1777118400000,2026-04-25T12:00:00+00:00,171.22000000,171.30000000,171.06000000,171.16000000,365.47000000
1777122000000,2026-04-25T13:00:00+00:00,171.20000000,171.46000000,171.18000000,171.32000000,1032.71000000
1777125600000,2026-04-25T14:00:00+00:00,171.31000000,171.41000000,171.21000000,171.33000000,373.39000000
1777129200000,2026-04-25T15:00:00+00:00,171.30000000,171.42000000,170.75000000,170.95000000,2623.63000000
1777132800000,2026-04-25T16:00:00+00:00,170.94000000,171.10000000,170.73000000,171.01000000,2732.18000000
1777136400000,2026-04-25T17:00:00+00:00,171.01000000,171.10000000,170.95000000,171.01000000,1770.98000000
1777140000000,2026-04-25T18:00:00+00:00,171.00000000,171.26000000,170.97000000,171.03000000,933.32000000
1777143600000,2026-04-25T19:00:00+00:00,171.03000000,171.08000000,170.93000000,171.04000000,329.15000000
1777147200000,2026-04-25T20:00:00+00:00,171.05000000,171.20000000,171.04000000,171.18000000,471.54000000
1777150800000,2026-04-25T21:00:00+00:00,171.18000000,171.21000000,170.82000000,171.12000000,529.37000000
1777154400000,2026-04-25T22:00:00+00:00,171.13000000,171.20000000,171.03000000,171.07000000,451.56000000
1777158000000,2026-04-25T23:00:00+00:00,171.07000000,171.19000000,171.00000000,171.13000000,263.38000000
1777161600000,2026-04-26T00:00:00+00:00,171.14000000,171.18000000,170.96000000,171.06000000,270.92000000
1777165200000,2026-04-26T01:00:00+00:00,171.04000000,171.18000000,171.03000000,171.03000000,206.77000000
1777168800000,2026-04-26T02:00:00+00:00,171.03000000,171.23000000,171.03000000,171.10000000,246.22000000
1777172400000,2026-04-26T03:00:00+00:00,171.09000000,171.14000000,170.84000000,171.02000000,326.79000000
1777176000000,2026-04-26T04:00:00+00:00,171.04000000,171.50000000,171.03000000,171.39000000,1089.09000000
1777179600000,2026-04-26T05:00:00+00:00,171.37000000,171.97000000,171.22000000,171.78000000,4482.36000000
1777183200000,2026-04-26T06:00:00+00:00,171.77000000,171.83000000,171.39000000,171.52000000,1249.87000000
1777186800000,2026-04-26T07:00:00+00:00,171.52000000,171.75000000,171.52000000,171.72000000,663.98000000
1777190400000,2026-04-26T08:00:00+00:00,171.73000000,171.99000000,171.72000000,171.76000000,875.05000000
1777194000000,2026-04-26T09:00:00+00:00,171.77000000,171.83000000,171.53000000,171.59000000,819.88000000
1777197600000,2026-04-26T10:00:00+00:00,171.60000000,171.78000000,171.48000000,171.78000000,577.25000000
1777201200000,2026-04-26T11:00:00+00:00,171.78000000,171.99000000,171.74000000,171.92000000,1922.72000000
1777204800000,2026-04-26T12:00:00+00:00,171.90000000,171.92000000,171.39000000,171.51000000,750.53000000
1777208400000,2026-04-26T13:00:00+00:00,171.54000000,171.65000000,171.31000000,171.47000000,898.72000000
1777212000000,2026-04-26T14:00:00+00:00,171.49000000,171.88000000,171.41000000,171.67000000,749.71000000
1777215600000,2026-04-26T15:00:00+00:00,171.66000000,171.75000000,171.38000000,171.43000000,1737.49000000
1777219200000,2026-04-26T16:00:00+00:00,171.43000000,171.98000000,171.43000000,171.65000000,1552.79000000
1777222800000,2026-04-26T17:00:00+00:00,171.63000000,171.91000000,171.52000000,171.88000000,365.93000000
1777226400000,2026-04-26T18:00:00+00:00,171.87000000,172.57000000,171.80000000,172.48000000,2764.11000000
1777230000000,2026-04-26T19:00:00+00:00,172.52000000,173.00000000,171.80000000,172.01000000,3113.15000000
1777233600000,2026-04-26T20:00:00+00:00,172.01000000,172.38000000,171.82000000,172.11000000,1092.68000000
1777237200000,2026-04-26T21:00:00+00:00,172.12000000,173.47000000,171.44000000,172.58000000,3114.15000000
1777240800000,2026-04-26T22:00:00+00:00,172.55000000,173.36000000,169.42000000,171.89000000,12380.05000000
1777244400000,2026-04-26T23:00:00+00:00,171.89000000,173.32000000,171.26000000,172.67000000,11105.58000000
1777248000000,2026-04-27T00:00:00+00:00,172.67000000,176.85000000,172.55000000,176.82000000,30562.88000000
1777251600000,2026-04-27T01:00:00+00:00,176.86000000,177.50000000,175.38000000,176.72000000,13336.36000000
1777255200000,2026-04-27T02:00:00+00:00,176.73000000,177.05000000,176.14000000,176.62000000,8010.29000000
1777258800000,2026-04-27T03:00:00+00:00,176.60000000,177.22000000,176.32000000,176.70000000,3078.66000000
1777262400000,2026-04-27T04:00:00+00:00,176.70000000,176.84000000,175.68000000,175.91000000,2347.77000000
1777266000000,2026-04-27T05:00:00+00:00,175.92000000,175.98000000,171.89000000,172.51000000,15248.82000000
1777269600000,2026-04-27T06:00:00+00:00,172.50000000,172.58000000,170.88000000,171.49000000,10161.62000000
1777273200000,2026-04-27T07:00:00+00:00,171.47000000,171.72000000,170.77000000,171.48000000,5414.60000000
1777276800000,2026-04-27T08:00:00+00:00,171.47000000,172.73000000,171.42000000,172.68000000,6325.77000000
1777280400000,2026-04-27T09:00:00+00:00,172.69000000,173.56000000,172.49000000,173.28000000,4041.02000000
1777284000000,2026-04-27T10:00:00+00:00,173.28000000,173.37000000,172.56000000,172.60000000,2029.07000000
1777287600000,2026-04-27T11:00:00+00:00,172.57000000,172.62000000,171.89000000,172.27000000,3623.50000000
1777291200000,2026-04-27T12:00:00+00:00,172.27000000,172.30000000,171.01000000,171.19000000,4446.01000000
1777294800000,2026-04-27T13:00:00+00:00,171.16000000,172.44000000,168.83000000,170.46000000,53552.14000000
1777298400000,2026-04-27T14:00:00+00:00,170.47000000,175.72000000,169.49000000,172.10000000,32129.16000000
1777302000000,2026-04-27T15:00:00+00:00,172.12000000,172.21000000,167.70000000,169.09000000,25122.53000000
1777305600000,2026-04-27T16:00:00+00:00,169.12000000,169.67000000,167.83000000,168.74000000,8648.39000000
1777309200000,2026-04-27T17:00:00+00:00,168.77000000,171.76000000,168.77000000,170.01000000,10137.96000000
1777312800000,2026-04-27T18:00:00+00:00,169.99000000,170.71000000,169.59000000,170.14000000,11540.23000000
1777316400000,2026-04-27T19:00:00+00:00,170.13000000,171.31000000,168.71000000,169.21000000,13990.98000000
1777320000000,2026-04-27T20:00:00+00:00,169.21000000,169.77000000,168.97000000,169.39000000,1958.23000000
1777323600000,2026-04-27T21:00:00+00:00,169.38000000,169.43000000,169.06000000,169.11000000,804.53000000
1777327200000,2026-04-27T22:00:00+00:00,169.09000000,169.68000000,168.96000000,169.08000000,1263.40000000
1777330800000,2026-04-27T23:00:00+00:00,169.07000000,170.09000000,169.06000000,170.01000000,1704.09000000
1777334400000,2026-04-28T00:00:00+00:00,170.01000000,171.27000000,169.40000000,170.73000000,14461.41000000
1777338000000,2026-04-28T01:00:00+00:00,170.71000000,170.79000000,169.55000000,169.55000000,3389.80000000
1777341600000,2026-04-28T02:00:00+00:00,169.60000000,170.00000000,168.04000000,168.55000000,5376.75000000
1777345200000,2026-04-28T03:00:00+00:00,168.54000000,168.60000000,167.95000000,168.44000000,3091.07000000
1777348800000,2026-04-28T04:00:00+00:00,168.44000000,169.11000000,168.26000000,168.84000000,1239.06000000
1777352400000,2026-04-28T05:00:00+00:00,168.84000000,169.35000000,168.37000000,168.55000000,2865.84000000
1777356000000,2026-04-28T06:00:00+00:00,168.54000000,169.04000000,167.71000000,167.81000000,3118.36000000
1777359600000,2026-04-28T07:00:00+00:00,167.81000000,168.24000000,166.89000000,168.11000000,3285.94000000
1777363200000,2026-04-28T08:00:00+00:00,168.10000000,168.67000000,167.59000000,168.14000000,3703.54000000
1777366800000,2026-04-28T09:00:00+00:00,168.14000000,168.17000000,165.87000000,166.52000000,8058.95000000
1777370400000,2026-04-28T10:00:00+00:00,166.51000000,167.00000000,166.03000000,166.53000000,4676.79000000
1777374000000,2026-04-28T11:00:00+00:00,166.56000000,166.61000000,163.76000000,164.18000000,11148.40000000
1777377600000,2026-04-28T12:00:00+00:00,164.19000000,166.10000000,163.54000000,165.48000000,10883.19000000
1777381200000,2026-04-28T13:00:00+00:00,165.47000000,166.45000000,161.88000000,164.33000000,55090.87000000
1777384800000,2026-04-28T14:00:00+00:00,164.32000000,164.85000000,159.83000000,162.02000000,24189.26000000
1777388400000,2026-04-28T15:00:00+00:00,162.00000000,163.62000000,161.39000000,163.62000000,9906.16000000
1777392000000,2026-04-28T16:00:00+00:00,163.63000000,165.09000000,162.91000000,164.87000000,5794.01000000
1777395600000,2026-04-28T17:00:00+00:00,164.86000000,166.41000000,164.24000000,166.19000000,4515.25000000
1777399200000,2026-04-28T18:00:00+00:00,166.19000000,166.77000000,164.97000000,166.53000000,9578.50000000
1777402800000,2026-04-28T19:00:00+00:00,166.50000000,166.50000000,165.13000000,165.72000000,13810.69000000
1777406400000,2026-04-28T20:00:00+00:00,165.70000000,165.71000000,164.77000000,165.25000000,5687.86000000
1777410000000,2026-04-28T21:00:00+00:00,165.26000000,165.67000000,164.79000000,165.03000000,1615.60000000
1777413600000,2026-04-28T22:00:00+00:00,165.04000000,165.79000000,164.75000000,164.87000000,955.21000000
1777417200000,2026-04-28T23:00:00+00:00,164.85000000,165.09000000,164.28000000,165.01000000,2028.60000000
1777420800000,2026-04-29T00:00:00+00:00,165.04000000,165.95000000,164.54000000,165.85000000,2691.50000000
1777424400000,2026-04-29T01:00:00+00:00,165.82000000,166.19000000,165.05000000,166.13000000,3909.33000000
1777428000000,2026-04-29T02:00:00+00:00,166.14000000,166.45000000,165.90000000,166.39000000,2617.11000000
1777431600000,2026-04-29T03:00:00+00:00,166.41000000,168.41000000,166.38000000,168.15000000,4900.36000000
1777435200000,2026-04-29T04:00:00+00:00,168.15000000,169.35000000,167.78000000,168.60000000,3735.25000000
1777438800000,2026-04-29T05:00:00+00:00,168.58000000,168.93000000,168.28000000,168.75000000,1515.94000000
1777442400000,2026-04-29T06:00:00+00:00,168.75000000,169.01000000,167.47000000,167.71000000,3519.74000000
1777446000000,2026-04-29T07:00:00+00:00,167.73000000,168.22000000,167.41000000,167.54000000,2284.18000000
1777449600000,2026-04-29T08:00:00+00:00,167.59000000,167.74000000,166.36000000,166.84000000,7822.71000000
1777453200000,2026-04-29T09:00:00+00:00,166.82000000,169.34000000,166.60000000,168.79000000,6558.45000000
1777456800000,2026-04-29T10:00:00+00:00,168.80000000,169.82000000,168.63000000,168.78000000,12629.66000000
1777460400000,2026-04-29T11:00:00+00:00,168.76000000,168.96000000,167.87000000,168.02000000,5157.64000000
1777464000000,2026-04-29T12:00:00+00:00,168.00000000,168.06000000,166.33000000,167.07000000,5695.98000000
1777467600000,2026-04-29T13:00:00+00:00,167.07000000,167.31000000,161.18000000,162.40000000,52439.94000000
1777471200000,2026-04-29T14:00:00+00:00,162.39000000,162.40000000,159.65000000,159.69000000,20832.12000000
1777474800000,2026-04-29T15:00:00+00:00,159.71000000,160.62000000,158.22000000,158.86000000,19005.90000000
1777478400000,2026-04-29T16:00:00+00:00,158.83000000,159.82000000,158.30000000,158.94000000,6901.61000000
1777482000000,2026-04-29T17:00:00+00:00,158.96000000,160.62000000,158.84000000,159.78000000,8521.15000000
1777485600000,2026-04-29T18:00:00+00:00,159.79000000,159.93000000,156.53000000,158.44000000,17885.65000000
1777489200000,2026-04-29T19:00:00+00:00,158.43000000,159.02000000,157.20000000,158.28000000,7751.83000000
1777492800000,2026-04-29T20:00:00+00:00,158.30000000,159.64000000,157.96000000,158.53000000,9147.01000000
1777496400000,2026-04-29T21:00:00+00:00,158.52000000,159.08000000,158.33000000,158.87000000,2762.70000000
1777500000000,2026-04-29T22:00:00+00:00,158.84000000,160.08000000,158.66000000,159.77000000,1774.26000000
1777503600000,2026-04-29T23:00:00+00:00,159.76000000,159.89000000,158.84000000,159.55000000,2444.83000000
1777507200000,2026-04-30T00:00:00+00:00,159.56000000,160.92000000,158.55000000,160.53000000,9122.94000000
1777510800000,2026-04-30T01:00:00+00:00,160.52000000,160.84000000,160.20000000,160.40000000,3395.56000000
1777514400000,2026-04-30T02:00:00+00:00,160.39000000,160.69000000,158.31000000,159.01000000,7156.78000000
1777518000000,2026-04-30T03:00:00+00:00,159.02000000,159.47000000,158.80000000,159.16000000,2747.10000000
1777521600000,2026-04-30T04:00:00+00:00,159.17000000,159.19000000,156.38000000,156.56000000,5221.35000000
1777525200000,2026-04-30T05:00:00+00:00,156.57000000,157.42000000,156.08000000,156.49000000,5621.93000000
1777528800000,2026-04-30T06:00:00+00:00,156.48000000,157.62000000,156.38000000,157.43000000,2873.64000000
1777532400000,2026-04-30T07:00:00+00:00,157.43000000,158.67000000,157.37000000,158.64000000,6528.33000000
1777536000000,2026-04-30T08:00:00+00:00,158.64000000,159.08000000,158.33000000,158.57000000,5528.57000000
1777539600000,2026-04-30T09:00:00+00:00,158.59000000,159.09000000,157.72000000,158.39000000,4988.35000000
1777543200000,2026-04-30T10:00:00+00:00,158.41000000,159.03000000,158.35000000,158.69000000,3275.84000000
1777546800000,2026-04-30T11:00:00+00:00,158.73000000,160.28000000,158.66000000,159.59000000,6825.19000000
1777550400000,2026-04-30T12:00:00+00:00,159.60000000,162.32000000,159.56000000,162.05000000,9069.32000000
1777554000000,2026-04-30T13:00:00+00:00,162.04000000,164.22000000,159.05000000,162.32000000,50538.69000000
1777557600000,2026-04-30T14:00:00+00:00,162.29000000,165.34000000,160.80000000,164.11000000,38778.38000000
1777561200000,2026-04-30T15:00:00+00:00,164.13000000,166.68000000,163.49000000,165.94000000,24934.69000000
1777564800000,2026-04-30T16:00:00+00:00,165.94000000,166.15000000,163.41000000,163.49000000,6301.33000000
1777568400000,2026-04-30T17:00:00+00:00,163.48000000,166.22000000,163.20000000,165.94000000,4318.63000000
1777572000000,2026-04-30T18:00:00+00:00,165.97000000,166.79000000,165.45000000,165.85000000,3567.12000000
1777575600000,2026-04-30T19:00:00+00:00,165.84000000,166.55000000,165.22000000,165.33000000,13508.17000000
1777579200000,2026-04-30T20:00:00+00:00,165.35000000,166.38000000,165.03000000,165.94000000,4143.63000000
1777582800000,2026-04-30T21:00:00+00:00,165.92000000,166.03000000,165.45000000,165.56000000,1095.48000000
1777586400000,2026-04-30T22:00:00+00:00,165.59000000,166.11000000,165.57000000,165.72000000,1221.49000000
1777590000000,2026-04-30T23:00:00+00:00,165.73000000,165.75000000,165.14000000,165.53000000,1540.32000000
1777593600000,2026-05-01T00:00:00+00:00,165.54000000,165.94000000,165.08000000,165.52000000,3024.71000000
1777597200000,2026-05-01T01:00:00+00:00,165.52000000,166.63000000,165.46000000,166.39000000,1665.00000000
1777600800000,2026-05-01T02:00:00+00:00,166.43000000,166.62000000,166.05000000,166.24000000,1175.88000000
1777604400000,2026-05-01T03:00:00+00:00,166.22000000,168.57000000,166.11000000,168.04000000,6354.53000000
1777608000000,2026-05-01T04:00:00+00:00,168.06000000,168.22000000,167.40000000,167.66000000,1942.14000000
1777611600000,2026-05-01T05:00:00+00:00,167.65000000,168.35000000,167.60000000,168.16000000,2667.07000000
1777615200000,2026-05-01T06:00:00+00:00,168.17000000,168.27000000,166.92000000,167.21000000,1773.68000000
1777618800000,2026-05-01T07:00:00+00:00,167.22000000,167.52000000,166.88000000,167.28000000,1594.14000000
1777622400000,2026-05-01T08:00:00+00:00,167.28000000,169.18000000,166.90000000,168.71000000,10845.38000000
1777626000000,2026-05-01T09:00:00+00:00,168.71000000,169.09000000,168.30000000,168.71000000,2697.31000000
1777629600000,2026-05-01T10:00:00+00:00,168.71000000,168.94000000,168.25000000,168.62000000,1198.76000000
1777633200000,2026-05-01T11:00:00+00:00,168.61000000,169.62000000,168.55000000,169.12000000,2543.73000000
1777636800000,2026-05-01T12:00:00+00:00,169.15000000,171.18000000,168.89000000,169.75000000,7797.51000000
1777640400000,2026-05-01T13:00:00+00:00,169.80000000,175.36000000,169.18000000,174.46000000,86234.31000000
1777644000000,2026-05-01T14:00:00+00:00,174.47000000,177.73000000,173.56000000,177.19000000,39579.97000000
1777647600000,2026-05-01T15:00:00+00:00,177.18000000,178.10000000,175.43000000,176.20000000,20730.97000000
1777651200000,2026-05-01T16:00:00+00:00,176.18000000,177.47000000,174.83000000,176.98000000,39481.73000000
1777654800000,2026-05-01T17:00:00+00:00,176.94000000,180.17000000,176.51000000,179.90000000,36220.89000000
1777658400000,2026-05-01T18:00:00+00:00,179.93000000,181.19000000,177.99000000,178.36000000,29796.70000000
1777662000000,2026-05-01T19:00:00+00:00,178.37000000,178.98000000,176.48000000,177.34000000,14445.46000000
1777665600000,2026-05-01T20:00:00+00:00,177.35000000,177.43000000,175.83000000,176.22000000,4855.27000000
1777669200000,2026-05-01T21:00:00+00:00,176.22000000,177.35000000,176.17000000,176.82000000,2517.92000000
1777672800000,2026-05-01T22:00:00+00:00,176.84000000,177.10000000,175.94000000,176.40000000,2885.14000000
1777676400000,2026-05-01T23:00:00+00:00,176.39000000,176.87000000,176.12000000,176.86000000,569.20000000
1777680000000,2026-05-02T00:00:00+00:00,176.85000000,177.20000000,176.84000000,177.10000000,694.00000000
1777683600000,2026-05-02T01:00:00+00:00,177.10000000,177.32000000,176.96000000,177.22000000,660.25000000
1777687200000,2026-05-02T02:00:00+00:00,177.22000000,177.47000000,177.15000000,177.40000000,1196.53000000
1777690800000,2026-05-02T03:00:00+00:00,177.39000000,177.59000000,177.13000000,177.29000000,1751.89000000
1777694400000,2026-05-02T04:00:00+00:00,177.26000000,177.29000000,176.84000000,176.97000000,1578.89000000
1777698000000,2026-05-02T05:00:00+00:00,176.96000000,177.12000000,176.84000000,177.00000000,677.77000000
1777701600000,2026-05-02T06:00:00+00:00,177.00000000,177.26000000,176.98000000,177.19000000,314.08000000
1777705200000,2026-05-02T07:00:00+00:00,177.20000000,177.22000000,176.89000000,177.00000000,278.33000000
1777708800000,2026-05-02T08:00:00+00:00,176.99000000,177.29000000,176.93000000,177.10000000,348.56000000
1777712400000,2026-05-02T09:00:00+00:00,177.09000000,177.19000000,176.98000000,177.10000000,140.74000000
1777716000000,2026-05-02T10:00:00+00:00,177.09000000,177.27000000,177.01000000,177.18000000,230.81000000
1777719600000,2026-05-02T11:00:00+00:00,177.17000000,177.17000000,176.86000000,176.91000000,238.74000000
1777723200000,2026-05-02T12:00:00+00:00,176.91000000,177.10000000,176.90000000,176.94000000,260.70000000
1777726800000,2026-05-02T13:00:00+00:00,176.93000000,177.34000000,176.91000000,177.17000000,788.75000000
1777730400000,2026-05-02T14:00:00+00:00,177.17000000,177.26000000,177.07000000,177.15000000,468.90000000
1777734000000,2026-05-02T15:00:00+00:00,177.14000000,177.28000000,177.06000000,177.20000000,447.93000000
1777737600000,2026-05-02T16:00:00+00:00,177.19000000,177.39000000,177.11000000,177.26000000,1214.83000000
1777741200000,2026-05-02T17:00:00+00:00,177.27000000,177.43000000,177.25000000,177.27000000,404.88000000
1777744800000,2026-05-02T18:00:00+00:00,177.27000000,177.34000000,177.11000000,177.20000000,686.81000000
1777748400000,2026-05-02T19:00:00+00:00,177.16000000,177.45000000,177.14000000,177.42000000,825.20000000
1777752000000,2026-05-02T20:00:00+00:00,177.44000000,177.46000000,177.31000000,177.45000000,368.60000000
1777755600000,2026-05-02T21:00:00+00:00,177.45000000,177.80000000,177.42000000,177.52000000,1269.65000000
1777759200000,2026-05-02T22:00:00+00:00,177.53000000,177.53000000,177.12000000,177.36000000,1937.62000000
1777762800000,2026-05-02T23:00:00+00:00,177.34000000,177.36000000,177.15000000,177.27000000,1809.37000000
1777766400000,2026-05-03T00:00:00+00:00,177.28000000,177.46000000,177.15000000,177.41000000,2387.87000000
1777770000000,2026-05-03T01:00:00+00:00,177.43000000,177.43000000,177.17000000,177.21000000,2086.41000000
1777773600000,2026-05-03T02:00:00+00:00,177.21000000,177.31000000,177.09000000,177.13000000,764.00000000
1777777200000,2026-05-03T03:00:00+00:00,177.14000000,177.16000000,176.93000000,177.04000000,1584.00000000
1777780800000,2026-05-03T04:00:00+00:00,177.04000000,177.11000000,176.96000000,177.10000000,302.10000000
1777784400000,2026-05-03T05:00:00+00:00,177.10000000,177.25000000,177.08000000,177.23000000,780.32000000
1777788000000,2026-05-03T06:00:00+00:00,177.24000000,177.41000000,177.07000000,177.33000000,922.63000000
1777791600000,2026-05-03T07:00:00+00:00,177.34000000,177.51000000,177.30000000,177.31000000,437.13000000
1777795200000,2026-05-03T08:00:00+00:00,177.32000000,177.47000000,177.32000000,177.37000000,394.02000000
1777798800000,2026-05-03T09:00:00+00:00,177.37000000,177.58000000,177.33000000,177.57000000,295.43000000
1777802400000,2026-05-03T10:00:00+00:00,177.56000000,177.57000000,177.46000000,177.50000000,117.08000000
1777806000000,2026-05-03T11:00:00+00:00,177.47000000,177.99000000,177.46000000,177.85000000,1607.58000000
1777809600000,2026-05-03T12:00:00+00:00,177.85000000,177.92000000,177.57000000,177.62000000,466.62000000
1777813200000,2026-05-03T13:00:00+00:00,177.62000000,177.65000000,177.40000000,177.49000000,647.51000000
1777816800000,2026-05-03T14:00:00+00:00,177.48000000,177.67000000,177.44000000,177.66000000,303.65000000
1777820400000,2026-05-03T15:00:00+00:00,177.66000000,177.79000000,177.06000000,177.07000000,1718.81000000
1777824000000,2026-05-03T16:00:00+00:00,177.08000000,177.94000000,177.08000000,177.73000000,1348.85000000
1777827600000,2026-05-03T17:00:00+00:00,177.73000000,177.96000000,177.54000000,177.83000000,692.68000000
1777831200000,2026-05-03T18:00:00+00:00,177.82000000,177.91000000,177.66000000,177.83000000,246.42000000
1777834800000,2026-05-03T19:00:00+00:00,177.83000000,177.99000000,177.10000000,177.56000000,6559.15000000
1777838400000,2026-05-03T20:00:00+00:00,177.57000000,178.72000000,177.27000000,177.77000000,2051.35000000
1777842000000,2026-05-03T21:00:00+00:00,177.77000000,178.58000000,177.24000000,177.62000000,1574.70000000
1777845600000,2026-05-03T22:00:00+00:00,177.64000000,179.45000000,177.48000000,178.28000000,3726.04000000
1777849200000,2026-05-03T23:00:00+00:00,178.27000000,178.59000000,176.46000000,176.46000000,2845.13000000
1777852800000,2026-05-04T00:00:00+00:00,176.49000000,178.47000000,176.27000000,178.34000000,8850.35000000
1777856400000,2026-05-04T01:00:00+00:00,178.34000000,181.35000000,177.84000000,181.34000000,6995.82000000
1777860000000,2026-05-04T02:00:00+00:00,181.36000000,186.35000000,181.24000000,185.39000000,16477.19000000
1777863600000,2026-05-04T03:00:00+00:00,185.44000000,186.15000000,183.62000000,185.91000000,10407.73000000
1777867200000,2026-05-04T04:00:00+00:00,185.88000000,187.04000000,184.58000000,185.11000000,10295.00000000
1777870800000,2026-05-04T05:00:00+00:00,185.13000000,185.46000000,183.88000000,183.97000000,4549.19000000
1777874400000,2026-05-04T06:00:00+00:00,184.00000000,184.10000000,181.44000000,183.45000000,7574.41000000
1777878000000,2026-05-04T07:00:00+00:00,183.44000000,183.85000000,182.15000000,182.30000000,3786.11000000
1777881600000,2026-05-04T08:00:00+00:00,182.34000000,183.82000000,182.22000000,182.82000000,8303.06000000
1777885200000,2026-05-04T09:00:00+00:00,182.86000000,184.46000000,182.65000000,183.85000000,5684.97000000
1777888800000,2026-05-04T10:00:00+00:00,183.88000000,184.00000000,177.12000000,180.61000000,59484.59000000
1777892400000,2026-05-04T11:00:00+00:00,180.63000000,182.60000000,180.54000000,181.19000000,14531.38000000
1777896000000,2026-05-04T12:00:00+00:00,181.20000000,182.34000000,180.61000000,181.22000000,9438.39000000
1777899600000,2026-05-04T13:00:00+00:00,181.20000000,182.78000000,178.64000000,179.31000000,57095.14000000
1777903200000,2026-05-04T14:00:00+00:00,179.31000000,185.30000000,178.52000000,183.20000000,39848.58000000
1777906800000,2026-05-04T15:00:00+00:00,183.19000000,184.76000000,181.14000000,183.68000000,33466.23000000
1777910400000,2026-05-04T16:00:00+00:00,183.68000000,184.75000000,181.20000000,183.58000000,23689.59000000
1777914000000,2026-05-04T17:00:00+00:00,183.58000000,185.98000000,183.30000000,184.83000000,15549.58000000
1777917600000,2026-05-04T18:00:00+00:00,184.88000000,185.43000000,183.24000000,183.57000000,10250.89000000
1777921200000,2026-05-04T19:00:00+00:00,183.59000000,184.26000000,182.20000000,183.95000000,11898.38000000
1777924800000,2026-05-04T20:00:00+00:00,183.93000000,184.20000000,183.08000000,183.77000000,4519.48000000
1777928400000,2026-05-04T21:00:00+00:00,183.76000000,185.24000000,183.70000000,184.84000000,2734.14000000
1777932000000,2026-05-04T22:00:00+00:00,184.80000000,185.29000000,184.32000000,184.40000000,1660.75000000
1777935600000,2026-05-04T23:00:00+00:00,184.39000000,184.56000000,183.66000000,184.01000000,1183.29000000
1777939200000,2026-05-05T00:00:00+00:00,184.04000000,185.28000000,183.61000000,185.28000000,3859.10000000
1777942800000,2026-05-05T01:00:00+00:00,185.26000000,186.43000000,184.92000000,185.90000000,4320.02000000
1777946400000,2026-05-05T02:00:00+00:00,185.88000000,187.26000000,185.61000000,186.32000000,4562.39000000
1777950000000,2026-05-05T03:00:00+00:00,186.33000000,187.98000000,186.01000000,187.75000000,3935.79000000
1777953600000,2026-05-05T04:00:00+00:00,187.75000000,188.09000000,187.44000000,187.86000000,3031.11000000
1777957200000,2026-05-05T05:00:00+00:00,187.82000000,189.30000000,187.59000000,188.54000000,6393.17000000
1777960800000,2026-05-05T06:00:00+00:00,188.53000000,188.93000000,187.60000000,188.20000000,4033.40000000
1777964400000,2026-05-05T07:00:00+00:00,188.21000000,188.67000000,187.86000000,188.20000000,3884.91000000
1777968000000,2026-05-05T08:00:00+00:00,188.19000000,188.60000000,187.14000000,187.27000000,7721.61000000
1777971600000,2026-05-05T09:00:00+00:00,187.26000000,187.70000000,186.43000000,186.98000000,4150.21000000
1777975200000,2026-05-05T10:00:00+00:00,186.98000000,188.51000000,186.57000000,187.88000000,8814.05000000
1777978800000,2026-05-05T11:00:00+00:00,187.84000000,189.50000000,187.45000000,189.18000000,5366.84000000
1777982400000,2026-05-05T12:00:00+00:00,189.16000000,190.59000000,188.84000000,189.67000000,8431.36000000
1777986000000,2026-05-05T13:00:00+00:00,189.67000000,191.48000000,186.67000000,186.99000000,57294.01000000
1777989600000,2026-05-05T14:00:00+00:00,186.98000000,187.80000000,185.12000000,186.82000000,28007.72000000
1777993200000,2026-05-05T15:00:00+00:00,186.81000000,188.17000000,185.92000000,186.80000000,11192.73000000
1777996800000,2026-05-05T16:00:00+00:00,186.82000000,187.15000000,183.91000000,185.17000000,14365.08000000
1778000400000,2026-05-05T17:00:00+00:00,185.19000000,185.80000000,184.24000000,184.26000000,6953.37000000
1778004000000,2026-05-05T18:00:00+00:00,184.28000000,187.45000000,184.27000000,187.02000000,7353.54000000
1778007600000,2026-05-05T19:00:00+00:00,187.03000000,187.93000000,186.10000000,186.90000000,7026.10000000
1778011200000,2026-05-05T20:00:00+00:00,186.93000000,187.49000000,183.59000000,184.63000000,26357.42000000
1778014800000,2026-05-05T21:00:00+00:00,184.64000000,185.45000000,184.21000000,184.25000000,7871.96000000
1778018400000,2026-05-05T22:00:00+00:00,184.26000000,184.42000000,177.42000000,181.20000000,20415.82000000
1778022000000,2026-05-05T23:00:00+00:00,181.21000000,182.59000000,178.68000000,178.87000000,13369.08000000
1778025600000,2026-05-06T00:00:00+00:00,178.87000000,182.77000000,178.26000000,181.85000000,16118.53000000
1778029200000,2026-05-06T01:00:00+00:00,181.84000000,183.72000000,181.67000000,183.56000000,10319.17000000
1778032800000,2026-05-06T02:00:00+00:00,183.58000000,183.67000000,180.99000000,182.10000000,9861.20000000
1778036400000,2026-05-06T03:00:00+00:00,182.11000000,184.16000000,182.11000000,183.55000000,4696.95000000
1778040000000,2026-05-06T04:00:00+00:00,183.56000000,183.94000000,181.64000000,181.65000000,4219.44000000
1778043600000,2026-05-06T05:00:00+00:00,181.64000000,181.70000000,179.32000000,180.42000000,6943.45000000
1778047200000,2026-05-06T06:00:00+00:00,180.42000000,181.53000000,180.15000000,181.40000000,8195.03000000
1778050800000,2026-05-06T07:00:00+00:00,181.40000000,184.10000000,181.28000000,183.85000000,6253.56000000
1778054400000,2026-05-06T08:00:00+00:00,183.84000000,187.79000000,183.49000000,187.53000000,14462.05000000
1778058000000,2026-05-06T09:00:00+00:00,187.50000000,188.57000000,184.91000000,187.86000000,16468.72000000
1778061600000,2026-05-06T10:00:00+00:00,187.87000000,189.12000000,187.22000000,187.60000000,7521.05000000
1778065200000,2026-05-06T11:00:00+00:00,187.58000000,192.60000000,187.29000000,191.02000000,14157.67000000
1778068800000,2026-05-06T12:00:00+00:00,191.02000000,191.07000000,187.08000000,187.15000000,20347.16000000
1778072400000,2026-05-06T13:00:00+00:00,187.16000000,188.29000000,182.59000000,184.47000000,88136.64000000
1778076000000,2026-05-06T14:00:00+00:00,184.48000000,185.61000000,181.85000000,184.38000000,49841.16000000
1778079600000,2026-05-06T15:00:00+00:00,184.38000000,184.72000000,181.89000000,183.54000000,19415.10000000
1778083200000,2026-05-06T16:00:00+00:00,183.53000000,185.49000000,182.99000000,184.94000000,14800.30000000
1778086800000,2026-05-06T17:00:00+00:00,184.93000000,185.80000000,183.76000000,183.94000000,9461.94000000
1778090400000,2026-05-06T18:00:00+00:00,183.94000000,185.84000000,183.35000000,183.41000000,10915.10000000
1778094000000,2026-05-06T19:00:00+00:00,183.40000000,187.42000000,182.89000000,186.76000000,10760.15000000
1778097600000,2026-05-06T20:00:00+00:00,186.77000000,187.87000000,185.51000000,186.06000000,7452.85000000
1778101200000,2026-05-06T21:00:00+00:00,186.07000000,187.01000000,185.73000000,185.83000000,12087.60000000
1778104800000,2026-05-06T22:00:00+00:00,185.84000000,186.08000000,184.89000000,185.08000000,2273.50000000
1778108400000,2026-05-06T23:00:00+00:00,185.10000000,186.33000000,184.64000000,186.23000000,3172.15000000
1778112000000,2026-05-07T00:00:00+00:00,186.22000000,186.37000000,184.11000000,184.70000000,5924.02000000
1778115600000,2026-05-07T01:00:00+00:00,184.69000000,185.98000000,183.89000000,185.39000000,4606.17000000
1778119200000,2026-05-07T02:00:00+00:00,185.39000000,185.54000000,184.08000000,184.47000000,9743.58000000
1778122800000,2026-05-07T03:00:00+00:00,184.46000000,184.46000000,183.78000000,184.04000000,3193.00000000
1778126400000,2026-05-07T04:00:00+00:00,184.04000000,184.91000000,183.92000000,184.85000000,1410.63000000
1778130000000,2026-05-07T05:00:00+00:00,184.82000000,185.51000000,184.66000000,185.30000000,1347.26000000
1778133600000,2026-05-07T06:00:00+00:00,185.29000000,186.54000000,184.67000000,186.54000000,3926.98000000
1778137200000,2026-05-07T07:00:00+00:00,186.52000000,188.67000000,186.42000000,187.68000000,5127.98000000
1778140800000,2026-05-07T08:00:00+00:00,187.68000000,187.97000000,185.43000000,186.06000000,6594.86000000
1778144400000,2026-05-07T09:00:00+00:00,186.04000000,186.10000000,184.47000000,184.70000000,4947.40000000
1778148000000,2026-05-07T10:00:00+00:00,184.67000000,184.91000000,183.32000000,184.48000000,3934.62000000
1778151600000,2026-05-07T11:00:00+00:00,184.52000000,185.06000000,184.28000000,184.77000000,3808.56000000
1778155200000,2026-05-07T12:00:00+00:00,184.74000000,185.80000000,184.68000000,185.68000000,7559.64000000
1778158800000,2026-05-07T13:00:00+00:00,185.70000000,185.73000000,182.15000000,183.36000000,48820.43000000
1778162400000,2026-05-07T14:00:00+00:00,183.40000000,184.13000000,180.95000000,181.59000000,25870.96000000
1778166000000,2026-05-07T15:00:00+00:00,181.59000000,182.49000000,178.68000000,178.82000000,15196.44000000
1778169600000,2026-05-07T16:00:00+00:00,178.84000000,179.23000000,176.37000000,178.13000000,18235.63000000
1778173200000,2026-05-07T17:00:00+00:00,178.13000000,178.53000000,175.79000000,178.18000000,11181.41000000
1778176800000,2026-05-07T18:00:00+00:00,178.20000000,179.94000000,177.87000000,179.28000000,15003.53000000
1778180400000,2026-05-07T19:00:00+00:00,179.29000000,180.31000000,177.73000000,179.91000000,12639.12000000
1778184000000,2026-05-07T20:00:00+00:00,179.92000000,181.48000000,178.92000000,179.31000000,10433.06000000
1778187600000,2026-05-07T21:00:00+00:00,179.30000000,179.43000000,177.71000000,177.90000000,3987.36000000
1778191200000,2026-05-07T22:00:00+00:00,177.91000000,178.87000000,177.75000000,178.65000000,3295.11000000
1778194800000,2026-05-07T23:00:00+00:00,178.63000000,178.79000000,178.27000000,178.59000000,1170.51000000
1778198400000,2026-05-08T00:00:00+00:00,178.61000000,180.05000000,178.29000000,179.05000000,5939.32000000
1778202000000,2026-05-08T01:00:00+00:00,179.06000000,179.69000000,178.82000000,179.43000000,1972.20000000
1778205600000,2026-05-08T02:00:00+00:00,179.48000000,179.56000000,177.83000000,178.12000000,5025.57000000
1778209200000,2026-05-08T03:00:00+00:00,178.12000000,179.01000000,177.27000000,178.31000000,3868.07000000
1778212800000,2026-05-08T04:00:00+00:00,178.31000000,179.13000000,178.27000000,178.64000000,2022.74000000
1778216400000,2026-05-08T05:00:00+00:00,178.65000000,179.88000000,178.38000000,179.08000000,1966.49000000
1778220000000,2026-05-08T06:00:00+00:00,179.08000000,179.53000000,178.57000000,178.77000000,2488.91000000
1778223600000,2026-05-08T07:00:00+00:00,178.72000000,179.15000000,177.78000000,179.04000000,2533.42000000
1778227200000,2026-05-08T08:00:00+00:00,179.02000000,180.95000000,178.32000000,180.80000000,7479.98000000
1778230800000,2026-05-08T09:00:00+00:00,180.80000000,182.28000000,180.49000000,180.88000000,5830.82000000
1778234400000,2026-05-08T10:00:00+00:00,180.86000000,182.05000000,180.50000000,181.50000000,5161.17000000
1778238000000,2026-05-08T11:00:00+00:00,181.52000000,182.03000000,181.14000000,181.70000000,4116.80000000
1778241600000,2026-05-08T12:00:00+00:00,181.70000000,182.25000000,180.68000000,180.76000000,4160.10000000
1778245200000,2026-05-08T13:00:00+00:00,180.78000000,180.87000000,177.72000000,178.16000000,38088.67000000
1778248800000,2026-05-08T14:00:00+00:00,178.14000000,185.22000000,178.09000000,183.20000000,55540.09000000
1778252400000,2026-05-08T15:00:00+00:00,183.21000000,183.80000000,179.47000000,181.31000000,35836.32000000
1778256000000,2026-05-08T16:00:00+00:00,181.33000000,181.79000000,179.91000000,180.62000000,9103.12000000
1778259600000,2026-05-08T17:00:00+00:00,180.60000000,186.42000000,180.43000000,184.15000000,22621.52000000
1778263200000,2026-05-08T18:00:00+00:00,184.16000000,187.68000000,183.87000000,186.43000000,10709.20000000
1778266800000,2026-05-08T19:00:00+00:00,186.42000000,187.55000000,185.13000000,187.48000000,9403.75000000
1778270400000,2026-05-08T20:00:00+00:00,187.49000000,189.28000000,185.91000000,188.38000000,11875.17000000
1778274000000,2026-05-08T21:00:00+00:00,188.37000000,189.30000000,188.13000000,188.68000000,3423.81000000
1778277600000,2026-05-08T22:00:00+00:00,188.66000000,188.87000000,188.19000000,188.54000000,1469.69000000
1778281200000,2026-05-08T23:00:00+00:00,188.56000000,188.76000000,188.26000000,188.52000000,582.70000000
1778284800000,2026-05-09T00:00:00+00:00,188.53000000,188.75000000,188.45000000,188.74000000,1254.19000000
1778288400000,2026-05-09T01:00:00+00:00,188.74000000,188.92000000,188.47000000,188.69000000,2373.42000000
1778292000000,2026-05-09T02:00:00+00:00,188.68000000,188.99000000,188.66000000,188.76000000,1239.53000000
1778295600000,2026-05-09T03:00:00+00:00,188.78000000,188.98000000,188.44000000,188.81000000,1391.55000000
1778299200000,2026-05-09T04:00:00+00:00,188.81000000,189.03000000,188.61000000,188.67000000,2245.59000000
1778302800000,2026-05-09T05:00:00+00:00,188.66000000,188.96000000,188.65000000,188.76000000,363.16000000
1778306400000,2026-05-09T06:00:00+00:00,188.75000000,188.87000000,188.34000000,188.54000000,657.14000000
1778310000000,2026-05-09T07:00:00+00:00,188.56000000,188.70000000,188.34000000,188.57000000,822.66000000
1778313600000,2026-05-09T08:00:00+00:00,188.58000000,188.99000000,188.57000000,188.90000000,588.09000000
1778317200000,2026-05-09T09:00:00+00:00,188.90000000,188.91000000,188.47000000,188.57000000,797.36000000
1778320800000,2026-05-09T10:00:00+00:00,188.58000000,188.65000000,188.39000000,188.44000000,669.33000000
1778324400000,2026-05-09T11:00:00+00:00,188.45000000,188.80000000,188.43000000,188.68000000,645.65000000
1778328000000,2026-05-09T12:00:00+00:00,188.69000000,188.93000000,188.63000000,188.77000000,499.22000000
1778331600000,2026-05-09T13:00:00+00:00,188.76000000,188.83000000,188.50000000,188.74000000,354.35000000
1778335200000,2026-05-09T14:00:00+00:00,188.75000000,188.77000000,188.35000000,188.55000000,460.20000000
1778338800000,2026-05-09T15:00:00+00:00,188.54000000,189.11000000,188.32000000,189.07000000,1477.64000000
1778342400000,2026-05-09T16:00:00+00:00,189.07000000,189.30000000,188.95000000,188.99000000,2457.11000000
1778346000000,2026-05-09T17:00:00+00:00,188.98000000,189.24000000,188.80000000,189.13000000,3051.10000000
1778349600000,2026-05-09T18:00:00+00:00,189.14000000,189.36000000,189.03000000,189.07000000,2151.38000000
1778353200000,2026-05-09T19:00:00+00:00,189.08000000,189.24000000,188.94000000,189.18000000,862.70000000
1778356800000,2026-05-09T20:00:00+00:00,189.17000000,189.19000000,188.94000000,189.05000000,330.47000000
1778360400000,2026-05-09T21:00:00+00:00,189.04000000,189.17000000,188.83000000,188.93000000,1073.20000000
1778364000000,2026-05-09T22:00:00+00:00,188.94000000,189.02000000,188.83000000,188.93000000,318.98000000
1778367600000,2026-05-09T23:00:00+00:00,188.92000000,189.01000000,188.77000000,188.80000000,865.12000000
1778371200000,2026-05-10T00:00:00+00:00,188.81000000,189.02000000,188.79000000,188.87000000,525.57000000
1778374800000,2026-05-10T01:00:00+00:00,188.88000000,188.91000000,188.58000000,188.81000000,951.44000000
1778378400000,2026-05-10T02:00:00+00:00,188.80000000,189.22000000,188.71000000,189.02000000,1222.68000000
1778382000000,2026-05-10T03:00:00+00:00,189.03000000,189.30000000,188.97000000,189.21000000,674.28000000
1778385600000,2026-05-10T04:00:00+00:00,189.22000000,189.30000000,189.18000000,189.21000000,219.22000000
1778389200000,2026-05-10T05:00:00+00:00,189.21000000,189.23000000,189.00000000,189.03000000,452.79000000
1778392800000,2026-05-10T06:00:00+00:00,189.06000000,189.15000000,188.93000000,188.99000000,370.61000000
1778396400000,2026-05-10T07:00:00+00:00,189.00000000,189.67000000,188.81000000,188.95000000,1883.32000000
1778400000000,2026-05-10T08:00:00+00:00,188.96000000,189.73000000,188.96000000,189.41000000,753.55000000
1778403600000,2026-05-10T09:00:00+00:00,189.41000000,189.55000000,189.24000000,189.31000000,259.99000000
1778407200000,2026-05-10T10:00:00+00:00,189.31000000,189.44000000,189.05000000,189.35000000,467.44000000
1778410800000,2026-05-10T11:00:00+00:00,189.36000000,189.53000000,189.11000000,189.28000000,278.25000000
1778414400000,2026-05-10T12:00:00+00:00,189.27000000,189.67000000,189.06000000,189.51000000,2030.94000000
1778418000000,2026-05-10T13:00:00+00:00,189.51000000,190.20000000,189.45000000,189.83000000,6640.06000000
1778421600000,2026-05-10T14:00:00+00:00,189.82000000,189.84000000,189.31000000,189.63000000,989.08000000
1778425200000,2026-05-10T15:00:00+00:00,189.62000000,190.48000000,189.31000000,189.83000000,3727.70000000
1778428800000,2026-05-10T16:00:00+00:00,189.96000000,191.00000000,189.96000000,190.66000000,6476.72000000
1778432400000,2026-05-10T17:00:00+00:00,190.66000000,190.99000000,189.99000000,190.86000000,5543.92000000
1778436000000,2026-05-10T18:00:00+00:00,190.86000000,190.86000000,189.77000000,189.88000000,1872.13000000
1778439600000,2026-05-10T19:00:00+00:00,189.88000000,190.39000000,189.51000000,190.26000000,1811.86000000
1778443200000,2026-05-10T20:00:00+00:00,190.28000000,190.32000000,187.86000000,188.98000000,9496.49000000
1778446800000,2026-05-10T21:00:00+00:00,188.97000000,189.74000000,188.80000000,189.23000000,3257.68000000
1778450400000,2026-05-10T22:00:00+00:00,189.21000000,193.15000000,188.95000000,192.97000000,19025.43000000
1778454000000,2026-05-10T23:00:00+00:00,192.97000000,193.58000000,191.00000000,191.30000000,18594.84000000
1778457600000,2026-05-11T00:00:00+00:00,191.16000000,195.49000000,190.46000000,191.21000000,35186.75000000
1778461200000,2026-05-11T01:00:00+00:00,191.23000000,192.06000000,190.07000000,191.50000000,7113.19000000
1778464800000,2026-05-11T02:00:00+00:00,191.49000000,191.71000000,190.14000000,190.58000000,4811.30000000
1778468400000,2026-05-11T03:00:00+00:00,190.59000000,190.63000000,188.87000000,189.36000000,5214.31000000
1778472000000,2026-05-11T04:00:00+00:00,189.33000000,189.99000000,188.82000000,189.89000000,2025.42000000
1778475600000,2026-05-11T05:00:00+00:00,189.90000000,190.40000000,188.68000000,189.03000000,11677.61000000
1778479200000,2026-05-11T06:00:00+00:00,189.04000000,189.71000000,188.78000000,188.99000000,12160.35000000
1778482800000,2026-05-11T07:00:00+00:00,189.02000000,189.03000000,188.43000000,188.68000000,2943.34000000
1778486400000,2026-05-11T08:00:00+00:00,188.70000000,189.50000000,187.78000000,188.81000000,9888.25000000
1778490000000,2026-05-11T09:00:00+00:00,188.82000000,189.58000000,188.81000000,189.10000000,2317.93000000
1778493600000,2026-05-11T10:00:00+00:00,189.10000000,189.78000000,188.72000000,188.78000000,8034.62000000
1778497200000,2026-05-11T11:00:00+00:00,188.79000000,190.49000000,188.69000000,189.85000000,4260.35000000
1778500800000,2026-05-11T12:00:00+00:00,189.86000000,190.26000000,188.73000000,188.90000000,6110.81000000
1778504400000,2026-05-11T13:00:00+00:00,188.92000000,189.76000000,182.50000000,187.31000000,54359.94000000
1778508000000,2026-05-11T14:00:00+00:00,187.33000000,189.56000000,185.58000000,187.09000000,33701.54000000
1778511600000,2026-05-11T15:00:00+00:00,187.10000000,190.72000000,186.53000000,190.70000000,18415.44000000
1778515200000,2026-05-11T16:00:00+00:00,190.66000000,193.71000000,190.55000000,191.94000000,23886.51000000
1778518800000,2026-05-11T17:00:00+00:00,191.94000000,195.18000000,191.18000000,194.21000000,20941.59000000
1778522400000,2026-05-11T18:00:00+00:00,194.18000000,196.12000000,193.93000000,194.25000000,9447.09000000
1778526000000,2026-05-11T19:00:00+00:00,194.28000000,196.90000000,194.18000000,195.82000000,8687.34000000
1778529600000,2026-05-11T20:00:00+00:00,195.84000000,196.59000000,194.89000000,194.96000000,4887.95000000
1778533200000,2026-05-11T21:00:00+00:00,194.96000000,194.98000000,193.85000000,194.69000000,2562.50000000
1778536800000,2026-05-11T22:00:00+00:00,194.70000000,195.66000000,194.55000000,194.60000000,1735.00000000
1778540400000,2026-05-11T23:00:00+00:00,194.60000000,195.33000000,194.34000000,195.27000000,2242.82000000
1778544000000,2026-05-12T00:00:00+00:00,195.28000000,195.67000000,192.92000000,194.21000000,8591.18000000
1778547600000,2026-05-12T01:00:00+00:00,194.20000000,194.43000000,189.61000000,191.25000000,9743.38000000
1778551200000,2026-05-12T02:00:00+00:00,191.24000000,192.39000000,191.10000000,192.30000000,6934.69000000
1778554800000,2026-05-12T03:00:00+00:00,192.27000000,192.59000000,191.41000000,191.77000000,4347.85000000
1778558400000,2026-05-12T04:00:00+00:00,191.74000000,192.78000000,191.64000000,192.05000000,2698.70000000
1778562000000,2026-05-12T05:00:00+00:00,192.04000000,192.98000000,191.95000000,192.66000000,1834.94000000
1778565600000,2026-05-12T06:00:00+00:00,192.65000000,192.86000000,191.25000000,191.28000000,2582.91000000
1778569200000,2026-05-12T07:00:00+00:00,191.27000000,191.89000000,190.32000000,191.40000000,6830.56000000
1778572800000,2026-05-12T08:00:00+00:00,191.41000000,191.72000000,189.94000000,191.24000000,7043.93000000
1778576400000,2026-05-12T09:00:00+00:00,191.22000000,191.90000000,190.73000000,191.41000000,3956.49000000
1778580000000,2026-05-12T10:00:00+00:00,191.40000000,191.78000000,189.89000000,190.42000000,6715.42000000
1778583600000,2026-05-12T11:00:00+00:00,190.44000000,190.88000000,189.79000000,190.77000000,7986.01000000
1778587200000,2026-05-12T12:00:00+00:00,190.75000000,192.69000000,189.75000000,192.02000000,9366.40000000
1778590800000,2026-05-12T13:00:00+00:00,192.02000000,192.51000000,187.94000000,188.36000000,48938.07000000
1778594400000,2026-05-12T14:00:00+00:00,188.40000000,189.87000000,186.44000000,186.76000000,36530.45000000
1778598000000,2026-05-12T15:00:00+00:00,186.77000000,187.58000000,182.56000000,182.58000000,27219.75000000
1778601600000,2026-05-12T16:00:00+00:00,182.62000000,184.66000000,180.03000000,180.23000000,33738.66000000
1778605200000,2026-05-12T17:00:00+00:00,180.23000000,184.29000000,180.23000000,182.83000000,23489.41000000
1778608800000,2026-05-12T18:00:00+00:00,182.86000000,184.90000000,182.32000000,183.03000000,11554.59000000
1778612400000,2026-05-12T19:00:00+00:00,183.04000000,185.38000000,183.04000000,184.54000000,22479.53000000
1778616000000,2026-05-12T20:00:00+00:00,184.54000000,184.85000000,183.58000000,184.55000000,4807.27000000
1778619600000,2026-05-12T21:00:00+00:00,184.52000000,184.79000000,183.88000000,184.36000000,1822.30000000
1778623200000,2026-05-12T22:00:00+00:00,184.36000000,184.93000000,184.35000000,184.48000000,1429.23000000
1778626800000,2026-05-12T23:00:00+00:00,184.47000000,184.61000000,183.25000000,183.44000000,2484.93000000
1778630400000,2026-05-13T00:00:00+00:00,183.45000000,184.85000000,182.82000000,184.70000000,6619.09000000
1778634000000,2026-05-13T01:00:00+00:00,184.71000000,187.00000000,184.69000000,186.31000000,4422.19000000
1778637600000,2026-05-13T02:00:00+00:00,186.31000000,186.96000000,186.07000000,186.66000000,1694.16000000
1778641200000,2026-05-13T03:00:00+00:00,186.62000000,187.09000000,186.36000000,186.96000000,1998.64000000
1778644800000,2026-05-13T04:00:00+00:00,186.96000000,187.50000000,186.60000000,187.34000000,1841.61000000
1778648400000,2026-05-13T05:00:00+00:00,187.33000000,187.49000000,186.33000000,186.65000000,2858.57000000
1778652000000,2026-05-13T06:00:00+00:00,186.66000000,187.27000000,186.41000000,186.51000000,2159.88000000
1778655600000,2026-05-13T07:00:00+00:00,186.46000000,186.96000000,186.27000000,186.63000000,2821.51000000
1778659200000,2026-05-13T08:00:00+00:00,186.67000000,187.48000000,186.51000000,187.40000000,9137.65000000
1778662800000,2026-05-13T09:00:00+00:00,187.41000000,187.55000000,186.97000000,187.38000000,3898.68000000
1778666400000,2026-05-13T10:00:00+00:00,187.37000000,187.44000000,185.42000000,185.70000000,6739.28000000
1778670000000,2026-05-13T11:00:00+00:00,185.69000000,185.87000000,184.05000000,184.91000000,4892.17000000
1778673600000,2026-05-13T12:00:00+00:00,184.92000000,185.20000000,181.55000000,182.37000000,13648.93000000
1778677200000,2026-05-13T13:00:00+00:00,182.42000000,183.49000000,175.74000000,178.01000000,49839.49000000
1778680800000,2026-05-13T14:00:00+00:00,178.04000000,180.99000000,177.69000000,180.00000000,34482.34000000
1778684400000,2026-05-13T15:00:00+00:00,180.02000000,180.73000000,176.09000000,176.34000000,27698.33000000
1778688000000,2026-05-13T16:00:00+00:00,176.33000000,179.92000000,176.29000000,178.68000000,21532.55000000
1778691600000,2026-05-13T17:00:00+00:00,178.68000000,180.42000000,178.68000000,179.29000000,10778.20000000
1778695200000,2026-05-13T18:00:00+00:00,179.38000000,181.73000000,179.34000000,179.83000000,13172.96000000
1778698800000,2026-05-13T19:00:00+00:00,179.82000000,180.19000000,178.11000000,178.26000000,13593.95000000
1778702400000,2026-05-13T20:00:00+00:00,178.28000000,179.57000000,177.56000000,178.67000000,12005.40000000
1778706000000,2026-05-13T21:00:00+00:00,178.68000000,178.72000000,178.14000000,178.23000000,1707.74000000
1778709600000,2026-05-13T22:00:00+00:00,178.23000000,178.54000000,177.93000000,178.50000000,1855.89000000
1778713200000,2026-05-13T23:00:00+00:00,178.50000000,178.71000000,177.95000000,178.24000000,1276.23000000
1778716800000,2026-05-14T00:00:00+00:00,178.24000000,179.58000000,178.03000000,179.50000000,2892.77000000
1778720400000,2026-05-14T01:00:00+00:00,179.49000000,179.63000000,178.97000000,179.09000000,1842.42000000
1778724000000,2026-05-14T02:00:00+00:00,179.08000000,179.42000000,177.93000000,178.39000000,4124.89000000
1778727600000,2026-05-14T03:00:00+00:00,178.38000000,178.67000000,176.32000000,176.51000000,7758.21000000
1778731200000,2026-05-14T04:00:00+00:00,176.53000000,178.70000000,176.23000000,178.60000000,3639.24000000
1778734800000,2026-05-14T05:00:00+00:00,178.58000000,179.98000000,178.17000000,179.49000000,3030.85000000
1778738400000,2026-05-14T06:00:00+00:00,179.49000000,179.90000000,179.17000000,179.46000000,2488.21000000
1778742000000,2026-05-14T07:00:00+00:00,179.45000000,179.79000000,179.06000000,179.23000000,3325.27000000
1778745600000,2026-05-14T08:00:00+00:00,179.24000000,179.73000000,178.62000000,179.04000000,6641.41000000
1778749200000,2026-05-14T09:00:00+00:00,179.04000000,179.28000000,177.78000000,178.24000000,3598.41000000
1778752800000,2026-05-14T10:00:00+00:00,178.23000000,178.89000000,177.69000000,178.54000000,3984.24000000
1778756400000,2026-05-14T11:00:00+00:00,178.53000000,178.72000000,177.65000000,177.69000000,3165.40000000
1778760000000,2026-05-14T12:00:00+00:00,177.72000000,179.29000000,177.65000000,178.99000000,12244.51000000
1778763600000,2026-05-14T13:00:00+00:00,179.00000000,179.52000000,175.09000000,175.19000000,56053.34000000
1778767200000,2026-05-14T14:00:00+00:00,175.18000000,184.76000000,175.04000000,183.73000000,74557.90000000
1778770800000,2026-05-14T15:00:00+00:00,183.74000000,187.78000000,182.17000000,187.10000000,76302.19000000
1778774400000,2026-05-14T16:00:00+00:00,187.11000000,191.85000000,187.07000000,191.72000000,59642.93000000
1778778000000,2026-05-14T17:00:00+00:00,191.68000000,192.68000000,188.70000000,190.51000000,41787.91000000
1778781600000,2026-05-14T18:00:00+00:00,190.50000000,192.08000000,188.81000000,188.98000000,28911.07000000
1778785200000,2026-05-14T19:00:00+00:00,189.01000000,190.22000000,186.45000000,187.08000000,28888.63000000
1778788800000,2026-05-14T20:00:00+00:00,187.10000000,187.20000000,185.82000000,186.39000000,8115.60000000
1778792400000,2026-05-14T21:00:00+00:00,186.39000000,187.20000000,186.05000000,186.77000000,2334.44000000
1778796000000,2026-05-14T22:00:00+00:00,186.77000000,187.28000000,186.66000000,187.04000000,1660.41000000
1778799600000,2026-05-14T23:00:00+00:00,187.03000000,187.03000000,186.05000000,186.33000000,4095.28000000
1778803200000,2026-05-15T00:00:00+00:00,186.30000000,188.44000000,185.98000000,188.11000000,8448.22000000
1778806800000,2026-05-15T01:00:00+00:00,188.06000000,189.14000000,185.85000000,185.85000000,7449.17000000
1778810400000,2026-05-15T02:00:00+00:00,185.85000000,186.23000000,182.77000000,185.29000000,22499.91000000
1778814000000,2026-05-15T03:00:00+00:00,185.27000000,185.65000000,184.27000000,184.67000000,3378.31000000
1778817600000,2026-05-15T04:00:00+00:00,184.64000000,184.69000000,181.87000000,181.98000000,6036.16000000
1778821200000,2026-05-15T05:00:00+00:00,182.00000000,183.33000000,180.75000000,180.83000000,14840.91000000
1778824800000,2026-05-15T06:00:00+00:00,180.82000000,183.35000000,180.80000000,182.83000000,8001.58000000
1778828400000,2026-05-15T07:00:00+00:00,182.82000000,184.63000000,182.65000000,183.61000000,8778.89000000
1778832000000,2026-05-15T08:00:00+00:00,183.61000000,184.07000000,181.53000000,182.74000000,11656.78000000
1778835600000,2026-05-15T09:00:00+00:00,182.78000000,182.96000000,181.49000000,182.22000000,5295.86000000
1778839200000,2026-05-15T10:00:00+00:00,182.21000000,183.57000000,181.94000000,183.28000000,5019.69000000
1778842800000,2026-05-15T11:00:00+00:00,183.30000000,183.59000000,182.57000000,182.85000000,3318.35000000
1778846400000,2026-05-15T12:00:00+00:00,182.84000000,182.97000000,181.58000000,182.43000000,16651.58000000
1778850000000,2026-05-15T13:00:00+00:00,182.42000000,182.42000000,174.89000000,175.60000000,69111.00000000
1778853600000,2026-05-15T14:00:00+00:00,175.55000000,177.80000000,174.36000000,174.99000000,53095.73000000
1778857200000,2026-05-15T15:00:00+00:00,175.02000000,176.26000000,174.43000000,175.03000000,18059.23000000
1778860800000,2026-05-15T16:00:00+00:00,175.04000000,175.74000000,173.78000000,174.92000000,16737.18000000
1778864400000,2026-05-15T17:00:00+00:00,174.90000000,178.51000000,174.66000000,178.46000000,14738.51000000
1778868000000,2026-05-15T18:00:00+00:00,178.44000000,180.29000000,177.45000000,178.03000000,31568.22000000
1778871600000,2026-05-15T19:00:00+00:00,178.05000000,179.71000000,177.10000000,177.47000000,23762.94000000
1778875200000,2026-05-15T20:00:00+00:00,177.47000000,177.84000000,175.89000000,176.84000000,8313.03000000
1778878800000,2026-05-15T21:00:00+00:00,176.83000000,177.24000000,176.19000000,176.25000000,3271.42000000
1778882400000,2026-05-15T22:00:00+00:00,176.29000000,176.81000000,176.16000000,176.59000000,1577.29000000
1778886000000,2026-05-15T23:00:00+00:00,176.60000000,176.61000000,176.05000000,176.14000000,1181.09000000
1778889600000,2026-05-16T00:00:00+00:00,176.16000000,176.50000000,175.89000000,175.94000000,1409.96000000
1778893200000,2026-05-16T01:00:00+00:00,175.94000000,176.22000000,175.75000000,176.13000000,922.06000000
1778896800000,2026-05-16T02:00:00+00:00,176.14000000,176.31000000,176.01000000,176.20000000,810.49000000
1778900400000,2026-05-16T03:00:00+00:00,176.21000000,176.38000000,175.80000000,176.01000000,1390.76000000
1778904000000,2026-05-16T04:00:00+00:00,176.00000000,176.07000000,175.31000000,175.78000000,1485.10000000
1778907600000,2026-05-16T05:00:00+00:00,175.80000000,175.95000000,175.53000000,175.74000000,753.89000000
1778911200000,2026-05-16T06:00:00+00:00,175.76000000,175.86000000,174.26000000,174.63000000,2606.95000000
1778914800000,2026-05-16T07:00:00+00:00,174.63000000,174.70000000,173.03000000,174.02000000,6958.28000000
1778918400000,2026-05-16T08:00:00+00:00,173.99000000,174.20000000,173.83000000,173.94000000,1601.81000000
1778922000000,2026-05-16T09:00:00+00:00,173.92000000,174.00000000,172.59000000,172.98000000,4780.33000000
1778925600000,2026-05-16T10:00:00+00:00,172.94000000,173.03000000,171.81000000,172.64000000,3935.67000000
1778929200000,2026-05-16T11:00:00+00:00,172.64000000,173.20000000,172.63000000,172.76000000,1483.47000000
1778932800000,2026-05-16T12:00:00+00:00,172.76000000,172.86000000,172.27000000,172.46000000,1450.62000000
1778936400000,2026-05-16T13:00:00+00:00,172.45000000,172.54000000,172.06000000,172.48000000,1122.78000000
1778940000000,2026-05-16T14:00:00+00:00,172.50000000,173.42000000,172.11000000,172.92000000,2234.61000000
1778943600000,2026-05-16T15:00:00+00:00,172.92000000,173.33000000,172.70000000,173.08000000,1593.23000000
1778947200000,2026-05-16T16:00:00+00:00,173.07000000,173.52000000,172.92000000,173.10000000,900.58000000
1778950800000,2026-05-16T17:00:00+00:00,173.12000000,173.54000000,173.09000000,173.27000000,640.72000000
1778954400000,2026-05-16T18:00:00+00:00,173.27000000,173.56000000,173.13000000,173.44000000,624.78000000
1778958000000,2026-05-16T19:00:00+00:00,173.42000000,173.51000000,173.30000000,173.40000000,382.21000000
1778961600000,2026-05-16T20:00:00+00:00,173.40000000,173.78000000,173.34000000,173.71000000,621.67000000
1778965200000,2026-05-16T21:00:00+00:00,173.70000000,174.70000000,173.48000000,173.91000000,2734.20000000
1778968800000,2026-05-16T22:00:00+00:00,173.90000000,174.07000000,173.65000000,173.80000000,571.08000000
1778972400000,2026-05-16T23:00:00+00:00,173.80000000,174.03000000,173.69000000,173.72000000,1292.10000000
1778976000000,2026-05-17T00:00:00+00:00,173.73000000,173.98000000,172.72000000,173.04000000,1797.66000000
1778979600000,2026-05-17T01:00:00+00:00,173.04000000,173.35000000,171.95000000,172.10000000,3532.67000000
1778983200000,2026-05-17T02:00:00+00:00,172.11000000,173.06000000,172.06000000,172.62000000,1954.46000000
1778986800000,2026-05-17T03:00:00+00:00,172.61000000,173.40000000,172.59000000,173.29000000,1245.44000000
1778990400000,2026-05-17T04:00:00+00:00,173.28000000,173.75000000,173.24000000,173.61000000,857.18000000
1778994000000,2026-05-17T05:00:00+00:00,173.59000000,174.05000000,173.57000000,173.69000000,1032.59000000
1778997600000,2026-05-17T06:00:00+00:00,173.69000000,173.94000000,173.44000000,173.72000000,543.15000000
1779001200000,2026-05-17T07:00:00+00:00,173.71000000,173.93000000,173.51000000,173.83000000,656.74000000
1779004800000,2026-05-17T08:00:00+00:00,173.83000000,173.92000000,173.60000000,173.72000000,578.24000000
1779008400000,2026-05-17T09:00:00+00:00,173.72000000,174.19000000,173.67000000,174.09000000,1918.67000000
1779012000000,2026-05-17T10:00:00+00:00,174.10000000,174.13000000,173.77000000,173.83000000,1546.72000000
1779015600000,2026-05-17T11:00:00+00:00,173.87000000,173.87000000,173.45000000,173.67000000,795.92000000
1779019200000,2026-05-17T12:00:00+00:00,173.69000000,174.80000000,173.53000000,174.37000000,2274.60000000
1779022800000,2026-05-17T13:00:00+00:00,174.36000000,174.36000000,173.76000000,174.00000000,1156.41000000
1779026400000,2026-05-17T14:00:00+00:00,173.99000000,173.99000000,172.94000000,173.59000000,1945.79000000
1779030000000,2026-05-17T15:00:00+00:00,173.58000000,173.87000000,173.22000000,173.65000000,794.00000000
1779033600000,2026-05-17T16:00:00+00:00,173.66000000,173.76000000,173.21000000,173.25000000,451.83000000
1779037200000,2026-05-17T17:00:00+00:00,173.25000000,173.35000000,172.49000000,173.25000000,1676.78000000
1779040800000,2026-05-17T18:00:00+00:00,173.24000000,173.93000000,172.85000000,173.93000000,1326.59000000
1779044400000,2026-05-17T19:00:00+00:00,173.94000000,174.53000000,173.82000000,174.38000000,1121.82000000
1779048000000,2026-05-17T20:00:00+00:00,174.37000000,174.45000000,173.88000000,174.04000000,457.37000000
1779051600000,2026-05-17T21:00:00+00:00,174.02000000,174.77000000,173.97000000,174.62000000,753.69000000
1779055200000,2026-05-17T22:00:00+00:00,174.60000000,174.60000000,172.78000000,173.21000000,3925.32000000
1779058800000,2026-05-17T23:00:00+00:00,173.21000000,173.21000000,169.52000000,171.37000000,14058.11000000
1779062400000,2026-05-18T00:00:00+00:00,171.35000000,171.76000000,168.28000000,169.80000000,19858.76000000
1779066000000,2026-05-18T01:00:00+00:00,169.81000000,170.74000000,168.93000000,170.53000000,9536.70000000
1779069600000,2026-05-18T02:00:00+00:00,170.52000000,170.87000000,169.65000000,169.99000000,4657.99000000
1779073200000,2026-05-18T03:00:00+00:00,170.01000000,170.75000000,169.78000000,170.25000000,3657.69000000
1779076800000,2026-05-18T04:00:00+00:00,170.23000000,170.99000000,170.01000000,170.90000000,3184.58000000
1779080400000,2026-05-18T05:00:00+00:00,170.94000000,171.10000000,170.29000000,170.40000000,2890.91000000
1779084000000,2026-05-18T06:00:00+00:00,170.36000000,170.84000000,169.71000000,170.76000000,7592.62000000
1779087600000,2026-05-18T07:00:00+00:00,170.77000000,171.22000000,169.99000000,171.05000000,4911.16000000
1779091200000,2026-05-18T08:00:00+00:00,171.05000000,172.24000000,170.80000000,171.62000000,8611.78000000
1779094800000,2026-05-18T09:00:00+00:00,171.62000000,171.76000000,170.37000000,170.89000000,5087.59000000
1779098400000,2026-05-18T10:00:00+00:00,170.88000000,171.17000000,169.50000000,169.81000000,16364.63000000
1779102000000,2026-05-18T11:00:00+00:00,169.82000000,172.56000000,169.40000000,171.66000000,11366.80000000
1779105600000,2026-05-18T12:00:00+00:00,171.68000000,175.00000000,170.71000000,172.34000000,49092.09000000
1779109200000,2026-05-18T13:00:00+00:00,172.36000000,172.40000000,164.06000000,167.45000000,82162.58000000
1779112800000,2026-05-18T14:00:00+00:00,167.48000000,168.61000000,162.98000000,164.21000000,102470.30000000
1779116400000,2026-05-18T15:00:00+00:00,164.26000000,165.22000000,162.13000000,164.84000000,47550.17000000
1779120000000,2026-05-18T16:00:00+00:00,164.85000000,165.82000000,162.50000000,164.09000000,32912.46000000
1779123600000,2026-05-18T17:00:00+00:00,164.09000000,165.91000000,163.64000000,164.62000000,24674.50000000
1779127200000,2026-05-18T18:00:00+00:00,164.63000000,164.92000000,162.62000000,163.30000000,27819.71000000
1779130800000,2026-05-18T19:00:00+00:00,163.32000000,166.90000000,163.24000000,166.86000000,43647.81000000
1779134400000,2026-05-18T20:00:00+00:00,166.88000000,167.67000000,166.57000000,167.02000000,10055.74000000
1779138000000,2026-05-18T21:00:00+00:00,167.01000000,167.20000000,166.78000000,167.02000000,2658.28000000
1779141600000,2026-05-18T22:00:00+00:00,167.02000000,167.66000000,166.86000000,167.29000000,2211.57000000
1779145200000,2026-05-18T23:00:00+00:00,167.26000000,167.57000000,167.05000000,167.40000000,1842.45000000
1779148800000,2026-05-19T00:00:00+00:00,167.40000000,168.35000000,167.03000000,167.82000000,3461.87000000
1779152400000,2026-05-19T01:00:00+00:00,167.81000000,167.81000000,165.82000000,165.83000000,4950.47000000
1779156000000,2026-05-19T02:00:00+00:00,165.82000000,166.42000000,165.22000000,165.68000000,3843.00000000
1779159600000,2026-05-19T03:00:00+00:00,165.64000000,166.76000000,165.59000000,166.42000000,1836.08000000
1779163200000,2026-05-19T04:00:00+00:00,166.41000000,166.85000000,165.94000000,166.82000000,2214.36000000
1779166800000,2026-05-19T05:00:00+00:00,166.77000000,166.94000000,165.68000000,166.69000000,2706.69000000
1779170400000,2026-05-19T06:00:00+00:00,166.69000000,167.37000000,166.55000000,167.18000000,1526.22000000
1779174000000,2026-05-19T07:00:00+00:00,167.14000000,168.05000000,166.97000000,167.78000000,1843.25000000
1779177600000,2026-05-19T08:00:00+00:00,167.82000000,167.85000000,166.52000000,167.10000000,5206.25000000
1779181200000,2026-05-19T09:00:00+00:00,167.10000000,167.16000000,165.44000000,165.98000000,4468.70000000
1779184800000,2026-05-19T10:00:00+00:00,165.98000000,166.48000000,165.38000000,166.26000000,5771.65000000
1779188400000,2026-05-19T11:00:00+00:00,166.28000000,166.77000000,164.45000000,164.55000000,6180.87000000
1779192000000,2026-05-19T12:00:00+00:00,164.56000000,165.32000000,164.31000000,164.83000000,5687.71000000
1779195600000,2026-05-19T13:00:00+00:00,164.88000000,168.29000000,163.12000000,166.80000000,57756.28000000
1779199200000,2026-05-19T14:00:00+00:00,166.78000000,168.16000000,163.98000000,165.04000000,42573.36000000
1779202800000,2026-05-19T15:00:00+00:00,165.01000000,166.38000000,164.42000000,165.03000000,20666.37000000
1779206400000,2026-05-19T16:00:00+00:00,165.08000000,167.08000000,164.22000000,166.74000000,16449.82000000
1779210000000,2026-05-19T17:00:00+00:00,166.78000000,168.06000000,165.90000000,166.35000000,17728.13000000
1779213600000,2026-05-19T18:00:00+00:00,166.38000000,167.09000000,165.09000000,165.35000000,16040.74000000
1779217200000,2026-05-19T19:00:00+00:00,165.33000000,166.87000000,164.64000000,164.87000000,9597.08000000
1779220800000,2026-05-19T20:00:00+00:00,164.85000000,165.22000000,164.32000000,165.04000000,4478.99000000
1779224400000,2026-05-19T21:00:00+00:00,165.02000000,165.25000000,164.95000000,165.10000000,580.60000000
1779228000000,2026-05-19T22:00:00+00:00,165.08000000,165.08000000,164.10000000,164.17000000,2123.70000000
1779231600000,2026-05-19T23:00:00+00:00,164.17000000,165.35000000,164.10000000,164.46000000,1221.07000000
1779235200000,2026-05-20T00:00:00+00:00,164.43000000,165.17000000,163.78000000,165.04000000,8949.23000000
1779238800000,2026-05-20T01:00:00+00:00,165.00000000,165.90000000,164.01000000,165.35000000,4460.55000000
1779242400000,2026-05-20T02:00:00+00:00,165.37000000,165.73000000,164.35000000,164.78000000,2533.27000000
1779246000000,2026-05-20T03:00:00+00:00,164.74000000,165.34000000,164.43000000,165.09000000,3006.60000000
1779249600000,2026-05-20T04:00:00+00:00,165.10000000,165.65000000,165.05000000,165.12000000,1975.11000000
1779253200000,2026-05-20T05:00:00+00:00,165.12000000,166.84000000,165.12000000,166.55000000,3327.02000000
1779256800000,2026-05-20T06:00:00+00:00,166.56000000,167.54000000,166.36000000,167.54000000,2859.55000000
1779260400000,2026-05-20T07:00:00+00:00,167.55000000,167.74000000,166.89000000,167.08000000,2895.44000000
1779264000000,2026-05-20T08:00:00+00:00,167.09000000,168.33000000,166.95000000,167.93000000,7662.94000000
1779267600000,2026-05-20T09:00:00+00:00,167.93000000,168.31000000,167.45000000,168.11000000,2216.49000000
1779271200000,2026-05-20T10:00:00+00:00,168.07000000,168.61000000,167.50000000,167.54000000,5910.32000000
1779274800000,2026-05-20T11:00:00+00:00,167.55000000,167.78000000,167.04000000,167.27000000,2165.53000000
1779278400000,2026-05-20T12:00:00+00:00,167.26000000,168.27000000,167.14000000,167.80000000,3254.40000000
1779282000000,2026-05-20T13:00:00+00:00,167.80000000,167.94000000,164.39000000,164.87000000,42137.49000000
1779285600000,2026-05-20T14:00:00+00:00,164.90000000,167.83000000,163.41000000,166.80000000,38697.28000000
1779289200000,2026-05-20T15:00:00+00:00,166.78000000,168.39000000,166.09000000,167.13000000,28404.95000000
1779292800000,2026-05-20T16:00:00+00:00,167.14000000,167.88000000,166.50000000,167.37000000,32166.59000000
1779296400000,2026-05-20T17:00:00+00:00,167.39000000,169.12000000,166.99000000,168.35000000,18406.25000000
1779300000000,2026-05-20T18:00:00+00:00,168.35000000,169.14000000,166.15000000,166.26000000,16141.65000000
1779303600000,2026-05-20T19:00:00+00:00,166.27000000,167.32000000,165.69000000,165.95000000,18523.40000000
1779307200000,2026-05-20T20:00:00+00:00,165.96000000,166.13000000,165.09000000,166.06000000,8154.64000000
1779310800000,2026-05-20T21:00:00+00:00,166.04000000,166.36000000,165.83000000,165.83000000,2954.10000000
1779314400000,2026-05-20T22:00:00+00:00,165.83000000,165.84000000,164.66000000,165.58000000,3189.99000000
1779318000000,2026-05-20T23:00:00+00:00,165.59000000,165.60000000,165.19000000,165.43000000,1433.48000000
1779321600000,2026-05-21T00:00:00+00:00,165.42000000,167.84000000,165.25000000,167.50000000,4994.63000000
1779325200000,2026-05-21T01:00:00+00:00,167.54000000,168.26000000,167.04000000,167.65000000,4356.99000000
1779328800000,2026-05-21T02:00:00+00:00,167.67000000,168.47000000,167.41000000,167.46000000,2274.82000000
1779332400000,2026-05-21T03:00:00+00:00,167.43000000,168.37000000,167.35000000,167.97000000,1723.40000000
1779336000000,2026-05-21T04:00:00+00:00,167.97000000,168.26000000,167.72000000,168.09000000,1377.56000000
1779339600000,2026-05-21T05:00:00+00:00,168.06000000,168.31000000,166.64000000,166.91000000,2904.19000000
1779343200000,2026-05-21T06:00:00+00:00,166.91000000,167.23000000,166.25000000,166.51000000,2000.44000000
1779346800000,2026-05-21T07:00:00+00:00,166.51000000,167.02000000,166.03000000,166.93000000,2123.29000000
1779350400000,2026-05-21T08:00:00+00:00,166.92000000,168.70000000,166.53000000,167.85000000,5188.52000000
1779354000000,2026-05-21T09:00:00+00:00,167.82000000,168.02000000,166.88000000,167.18000000,1847.10000000
1779357600000,2026-05-21T10:00:00+00:00,167.18000000,167.42000000,164.70000000,165.26000000,7325.31000000
1779361200000,2026-05-21T11:00:00+00:00,165.24000000,166.01000000,164.94000000,165.09000000,3178.74000000
1779364800000,2026-05-21T12:00:00+00:00,165.11000000,165.36000000,164.58000000,165.01000000,6507.36000000
1779368400000,2026-05-21T13:00:00+00:00,164.99000000,166.41000000,163.34000000,165.09000000,51563.49000000
1779372000000,2026-05-21T14:00:00+00:00,165.12000000,165.99000000,162.58000000,163.70000000,47057.81000000
1779375600000,2026-05-21T15:00:00+00:00,163.74000000,165.60000000,163.12000000,165.23000000,33086.28000000
1779379200000,2026-05-21T16:00:00+00:00,165.25000000,165.88000000,164.61000000,165.30000000,16445.91000000
1779382800000,2026-05-21T17:00:00+00:00,165.31000000,168.55000000,165.31000000,167.22000000,46289.79000000
1779386400000,2026-05-21T18:00:00+00:00,167.20000000,167.65000000,164.37000000,165.22000000,18152.81000000
1779390000000,2026-05-21T19:00:00+00:00,165.22000000,165.80000000,164.22000000,165.03000000,28843.12000000
1779393600000,2026-05-21T20:00:00+00:00,165.04000000,166.02000000,164.71000000,165.73000000,2889.80000000
1779397200000,2026-05-21T21:00:00+00:00,165.72000000,165.99000000,165.27000000,165.55000000,1926.56000000
1779400800000,2026-05-21T22:00:00+00:00,165.57000000,165.70000000,165.15000000,165.52000000,1514.23000000
1779404400000,2026-05-21T23:00:00+00:00,165.49000000,165.80000000,165.34000000,165.61000000,1002.60000000
1779408000000,2026-05-22T00:00:00+00:00,165.62000000,165.79000000,164.78000000,165.25000000,3232.32000000
1779411600000,2026-05-22T01:00:00+00:00,165.23000000,165.88000000,164.91000000,165.69000000,2381.87000000
1779415200000,2026-05-22T02:00:00+00:00,165.70000000,166.18000000,165.68000000,166.10000000,2512.31000000
1779418800000,2026-05-22T03:00:00+00:00,166.10000000,166.36000000,165.96000000,166.24000000,1088.14000000
1779422400000,2026-05-22T04:00:00+00:00,166.27000000,166.52000000,165.77000000,165.90000000,1750.55000000
1779426000000,2026-05-22T05:00:00+00:00,165.91000000,166.18000000,165.34000000,165.40000000,2107.40000000
1779429600000,2026-05-22T06:00:00+00:00,165.44000000,165.59000000,165.06000000,165.19000000,1914.86000000
1779433200000,2026-05-22T07:00:00+00:00,165.19000000,165.59000000,164.86000000,165.43000000,2227.81000000
1779436800000,2026-05-22T08:00:00+00:00,165.45000000,165.99000000,164.94000000,165.17000000,6353.06000000
1779440400000,2026-05-22T09:00:00+00:00,165.15000000,165.27000000,164.70000000,164.96000000,5877.02000000
1779444000000,2026-05-22T10:00:00+00:00,164.95000000,165.10000000,164.14000000,164.58000000,12928.42000000
1779447600000,2026-05-22T11:00:00+00:00,164.59000000,165.08000000,164.37000000,164.97000000,6971.76000000
1779451200000,2026-05-22T12:00:00+00:00,164.97000000,166.06000000,164.72000000,165.91000000,8845.21000000
1779454800000,2026-05-22T13:00:00+00:00,165.92000000,165.93000000,163.53000000,164.86000000,42306.11000000
1779458400000,2026-05-22T14:00:00+00:00,164.83000000,164.83000000,159.79000000,160.60000000,53938.91000000
1779462000000,2026-05-22T15:00:00+00:00,160.59000000,162.61000000,160.26000000,162.44000000,18669.72000000
1779465600000,2026-05-22T16:00:00+00:00,162.45000000,163.57000000,162.20000000,162.70000000,31626.02000000
1779469200000,2026-05-22T17:00:00+00:00,162.72000000,164.06000000,161.89000000,161.91000000,12995.52000000
1779472800000,2026-05-22T18:00:00+00:00,161.95000000,162.70000000,160.10000000,161.36000000,16818.73000000
1779476400000,2026-05-22T19:00:00+00:00,161.40000000,161.52000000,159.37000000,159.95000000,28646.31000000
1779480000000,2026-05-22T20:00:00+00:00,159.93000000,160.40000000,159.69000000,159.85000000,9097.74000000
1779483600000,2026-05-22T21:00:00+00:00,159.83000000,160.10000000,159.61000000,159.81000000,2516.75000000
1779487200000,2026-05-22T22:00:00+00:00,159.81000000,159.81000000,158.71000000,159.17000000,2335.70000000
1779490800000,2026-05-22T23:00:00+00:00,159.18000000,159.33000000,158.51000000,158.68000000,1803.75000000
1779494400000,2026-05-23T00:00:00+00:00,158.68000000,158.99000000,158.18000000,158.34000000,2053.86000000
1779498000000,2026-05-23T01:00:00+00:00,158.34000000,158.64000000,158.12000000,158.43000000,3224.13000000
1779501600000,2026-05-23T02:00:00+00:00,158.43000000,158.76000000,158.27000000,158.74000000,2214.69000000
1779505200000,2026-05-23T03:00:00+00:00,158.74000000,158.89000000,158.70000000,158.81000000,876.19000000
1779508800000,2026-05-23T04:00:00+00:00,158.81000000,158.95000000,157.98000000,158.36000000,6047.60000000
1779512400000,2026-05-23T05:00:00+00:00,158.36000000,158.45000000,157.69000000,157.79000000,4769.66000000
1779516000000,2026-05-23T06:00:00+00:00,157.79000000,157.84000000,157.44000000,157.58000000,2486.38000000
1779519600000,2026-05-23T07:00:00+00:00,157.57000000,157.66000000,154.82000000,155.61000000,16181.11000000
1779523200000,2026-05-23T08:00:00+00:00,155.59000000,156.02000000,154.55000000,155.33000000,9906.09000000
1779526800000,2026-05-23T09:00:00+00:00,155.33000000,155.55000000,155.01000000,155.31000000,3055.40000000
1779530400000,2026-05-23T10:00:00+00:00,155.31000000,155.74000000,155.29000000,155.68000000,1284.33000000
1779534000000,2026-05-23T11:00:00+00:00,155.69000000,155.86000000,155.52000000,155.52000000,1012.44000000
1779537600000,2026-05-23T12:00:00+00:00,155.52000000,155.59000000,155.27000000,155.58000000,803.27000000
1779541200000,2026-05-23T13:00:00+00:00,155.58000000,156.93000000,155.57000000,156.82000000,4941.34000000
1779544800000,2026-05-23T14:00:00+00:00,156.81000000,158.21000000,156.55000000,157.82000000,9403.16000000
1779548400000,2026-05-23T15:00:00+00:00,157.82000000,158.60000000,157.55000000,157.69000000,6972.25000000
1779552000000,2026-05-23T16:00:00+00:00,157.72000000,158.45000000,157.69000000,158.12000000,2368.13000000
1779555600000,2026-05-23T17:00:00+00:00,158.12000000,158.31000000,157.78000000,158.01000000,1605.19000000
1779559200000,2026-05-23T18:00:00+00:00,158.02000000,159.68000000,157.90000000,159.28000000,5305.34000000
1779562800000,2026-05-23T19:00:00+00:00,159.28000000,159.92000000,159.07000000,159.77000000,1618.07000000
1779566400000,2026-05-23T20:00:00+00:00,159.82000000,163.48000000,159.54000000,163.48000000,10541.30000000
1779570000000,2026-05-23T21:00:00+00:00,163.47000000,164.68000000,161.82000000,162.41000000,11929.95000000
1779573600000,2026-05-23T22:00:00+00:00,162.42000000,162.75000000,161.33000000,161.87000000,3600.92000000
1779577200000,2026-05-23T23:00:00+00:00,161.85000000,162.25000000,161.72000000,161.99000000,1367.96000000
1779580800000,2026-05-24T00:00:00+00:00,162.00000000,162.40000000,161.75000000,162.32000000,3172.02000000
1779584400000,2026-05-24T01:00:00+00:00,162.31000000,162.78000000,162.23000000,162.62000000,1963.62000000
1779588000000,2026-05-24T02:00:00+00:00,162.63000000,162.76000000,162.12000000,162.50000000,682.82000000
1779591600000,2026-05-24T03:00:00+00:00,162.51000000,163.20000000,162.39000000,162.52000000,2102.42000000
1779595200000,2026-05-24T04:00:00+00:00,162.53000000,163.01000000,162.44000000,162.66000000,758.11000000
1779598800000,2026-05-24T05:00:00+00:00,162.65000000,162.71000000,162.20000000,162.67000000,1031.37000000
1779602400000,2026-05-24T06:00:00+00:00,162.67000000,163.39000000,162.42000000,163.31000000,946.70000000
1779606000000,2026-05-24T07:00:00+00:00,163.30000000,163.39000000,162.60000000,162.66000000,2221.87000000
1779609600000,2026-05-24T08:00:00+00:00,162.69000000,162.74000000,162.40000000,162.63000000,1803.05000000
1779613200000,2026-05-24T09:00:00+00:00,162.65000000,163.19000000,162.54000000,163.09000000,867.57000000
1779616800000,2026-05-24T10:00:00+00:00,163.09000000,163.92000000,162.81000000,163.75000000,3910.19000000
1779620400000,2026-05-24T11:00:00+00:00,163.75000000,164.44000000,163.75000000,164.37000000,1930.66000000
1779624000000,2026-05-24T12:00:00+00:00,164.37000000,164.40000000,163.41000000,163.64000000,1534.23000000
1779627600000,2026-05-24T13:00:00+00:00,163.65000000,163.70000000,162.14000000,162.59000000,2662.32000000
1779631200000,2026-05-24T14:00:00+00:00,162.58000000,162.64000000,160.95000000,161.73000000,7846.46000000
1779634800000,2026-05-24T15:00:00+00:00,161.74000000,161.81000000,161.44000000,161.55000000,1633.94000000
1779638400000,2026-05-24T16:00:00+00:00,161.52000000,162.13000000,161.17000000,162.05000000,2728.86000000
1779642000000,2026-05-24T17:00:00+00:00,162.05000000,162.21000000,161.83000000,161.86000000,1326.07000000
1779645600000,2026-05-24T18:00:00+00:00,161.88000000,161.96000000,161.59000000,161.86000000,961.56000000
1779649200000,2026-05-24T19:00:00+00:00,161.84000000,162.20000000,161.69000000,162.16000000,347.14000000
1779652800000,2026-05-24T20:00:00+00:00,162.20000000,162.26000000,161.62000000,161.72000000,620.55000000
1779656400000,2026-05-24T21:00:00+00:00,161.74000000,162.19000000,160.01000000,160.08000000,3270.87000000
1779660000000,2026-05-24T22:00:00+00:00,160.08000000,162.91000000,160.02000000,162.27000000,4719.51000000
1779663600000,2026-05-24T23:00:00+00:00,162.28000000,163.42000000,162.17000000,163.04000000,2737.84000000
1779667200000,2026-05-25T00:00:00+00:00,163.06000000,163.89000000,162.95000000,163.26000000,1837.56000000
1779670800000,2026-05-25T01:00:00+00:00,163.27000000,163.67000000,162.81000000,162.98000000,2028.74000000
1779674400000,2026-05-25T02:00:00+00:00,162.98000000,164.37000000,162.98000000,163.62000000,2805.49000000
1779678000000,2026-05-25T03:00:00+00:00,163.62000000,163.83000000,163.34000000,163.41000000,900.37000000
1779681600000,2026-05-25T04:00:00+00:00,163.40000000,164.89000000,163.20000000,164.72000000,3951.14000000
1779685200000,2026-05-25T05:00:00+00:00,164.72000000,165.17000000,164.56000000,164.95000000,4554.85000000
1779688800000,2026-05-25T06:00:00+00:00,164.93000000,165.53000000,164.52000000,165.19000000,8688.04000000
1779692400000,2026-05-25T07:00:00+00:00,165.20000000,165.74000000,164.34000000,164.96000000,4850.66000000
1779696000000,2026-05-25T08:00:00+00:00,164.94000000,165.22000000,164.52000000,165.21000000,806.52000000
1779699600000,2026-05-25T09:00:00+00:00,165.17000000,165.81000000,165.11000000,165.62000000,1154.49000000
1779703200000,2026-05-25T10:00:00+00:00,165.61000000,165.86000000,165.51000000,165.70000000,1094.99000000
1779706800000,2026-05-25T11:00:00+00:00,165.70000000,165.71000000,164.62000000,164.77000000,2213.81000000
1779710400000,2026-05-25T12:00:00+00:00,164.78000000,165.06000000,164.50000000,164.64000000,2133.87000000
1779714000000,2026-05-25T13:00:00+00:00,164.60000000,164.80000000,164.31000000,164.44000000,1736.05000000
1779717600000,2026-05-25T14:00:00+00:00,164.43000000,165.53000000,164.31000000,165.47000000,4357.75000000
1779721200000,2026-05-25T15:00:00+00:00,165.47000000,166.15000000,165.12000000,165.22000000,2518.67000000
1779724800000,2026-05-25T16:00:00+00:00,165.21000000,165.88000000,164.94000000,165.82000000,5322.74000000
1779728400000,2026-05-25T17:00:00+00:00,165.83000000,166.59000000,165.71000000,165.82000000,6354.17000000
1779732000000,2026-05-25T18:00:00+00:00,165.78000000,166.04000000,165.74000000,165.74000000,430.46000000
1779735600000,2026-05-25T19:00:00+00:00,165.74000000,165.76000000,165.08000000,165.41000000,1062.59000000
1779739200000,2026-05-25T20:00:00+00:00,165.36000000,165.46000000,164.48000000,164.68000000,1723.06000000
1779742800000,2026-05-25T21:00:00+00:00,164.67000000,165.00000000,164.59000000,164.88000000,812.41000000
1779746400000,2026-05-25T22:00:00+00:00,164.88000000,165.29000000,163.99000000,164.14000000,2252.51000000
1779750000000,2026-05-25T23:00:00+00:00,164.10000000,164.82000000,163.99000000,164.66000000,881.71000000
1779753600000,2026-05-26T00:00:00+00:00,164.65000000,164.93000000,161.41000000,162.17000000,10750.65000000
1779757200000,2026-05-26T01:00:00+00:00,162.14000000,162.47000000,161.20000000,161.77000000,4308.78000000
1779760800000,2026-05-26T02:00:00+00:00,161.79000000,161.98000000,161.35000000,161.98000000,2429.74000000
1779764400000,2026-05-26T03:00:00+00:00,161.98000000,162.11000000,161.43000000,161.78000000,2185.13000000
1779768000000,2026-05-26T04:00:00+00:00,161.78000000,162.29000000,161.55000000,162.07000000,3255.28000000
1779771600000,2026-05-26T05:00:00+00:00,162.07000000,162.93000000,161.85000000,162.76000000,2500.39000000
1779775200000,2026-05-26T06:00:00+00:00,162.74000000,163.02000000,162.11000000,162.64000000,2102.52000000
1779778800000,2026-05-26T07:00:00+00:00,162.66000000,162.76000000,161.71000000,161.88000000,2369.82000000
1779782400000,2026-05-26T08:00:00+00:00,161.87000000,162.70000000,161.85000000,162.23000000,2631.11000000
1779786000000,2026-05-26T09:00:00+00:00,162.24000000,162.27000000,161.83000000,162.05000000,1693.56000000
1779789600000,2026-05-26T10:00:00+00:00,162.05000000,164.41000000,161.72000000,163.68000000,10837.42000000
1779793200000,2026-05-26T11:00:00+00:00,163.70000000,163.80000000,163.09000000,163.35000000,6041.37000000
1779796800000,2026-05-26T12:00:00+00:00,163.39000000,164.03000000,162.29000000,162.58000000,19061.69000000
1779800400000,2026-05-26T13:00:00+00:00,162.57000000,165.12000000,160.92000000,163.76000000,53242.20000000
1779804000000,2026-05-26T14:00:00+00:00,163.80000000,166.89000000,163.76000000,164.81000000,75142.08000000
1779807600000,2026-05-26T15:00:00+00:00,164.83000000,165.42000000,162.81000000,163.45000000,24555.42000000
1779811200000,2026-05-26T16:00:00+00:00,163.46000000,164.01000000,162.16000000,162.50000000,14864.14000000
1779814800000,2026-05-26T17:00:00+00:00,162.52000000,163.08000000,160.79000000,160.85000000,17836.96000000
1779818400000,2026-05-26T18:00:00+00:00,160.89000000,161.26000000,159.45000000,159.59000000,23634.24000000
1779822000000,2026-05-26T19:00:00+00:00,159.62000000,160.48000000,159.39000000,160.03000000,9528.59000000
1779825600000,2026-05-26T20:00:00+00:00,160.03000000,160.25000000,159.72000000,160.19000000,2416.84000000
1779829200000,2026-05-26T21:00:00+00:00,160.17000000,160.20000000,159.83000000,159.89000000,1358.13000000
1779832800000,2026-05-26T22:00:00+00:00,159.89000000,160.08000000,159.56000000,159.69000000,2844.68000000
1779836400000,2026-05-26T23:00:00+00:00,159.70000000,160.09000000,159.60000000,159.97000000,1479.79000000
1779840000000,2026-05-27T00:00:00+00:00,159.98000000,160.42000000,159.85000000,160.40000000,5376.58000000
1779843600000,2026-05-27T01:00:00+00:00,160.39000000,160.41000000,159.51000000,159.58000000,4247.82000000
1779847200000,2026-05-27T02:00:00+00:00,159.58000000,159.89000000,159.04000000,159.89000000,2761.94000000
1779850800000,2026-05-27T03:00:00+00:00,159.88000000,160.16000000,159.19000000,159.26000000,1725.99000000
1779854400000,2026-05-27T04:00:00+00:00,159.24000000,159.33000000,157.85000000,158.54000000,7854.50000000
1779858000000,2026-05-27T05:00:00+00:00,158.52000000,159.04000000,158.46000000,158.98000000,2274.78000000
1779861600000,2026-05-27T06:00:00+00:00,158.97000000,159.38000000,158.82000000,159.31000000,2460.80000000
1779865200000,2026-05-27T07:00:00+00:00,159.31000000,160.00000000,159.31000000,159.93000000,4035.40000000
1779868800000,2026-05-27T08:00:00+00:00,159.92000000,160.65000000,159.64000000,159.83000000,6410.90000000
1779872400000,2026-05-27T09:00:00+00:00,159.83000000,160.22000000,159.55000000,159.94000000,2332.22000000
1779876000000,2026-05-27T10:00:00+00:00,159.95000000,160.45000000,159.80000000,159.91000000,1551.10000000
1779879600000,2026-05-27T11:00:00+00:00,159.94000000,160.47000000,158.90000000,158.96000000,13091.43000000
1779883200000,2026-05-27T12:00:00+00:00,158.96000000,159.85000000,157.98000000,158.40000000,13322.88000000
1779886800000,2026-05-27T13:00:00+00:00,158.38000000,158.65000000,155.03000000,156.46000000,57107.07000000
1779890400000,2026-05-27T14:00:00+00:00,156.48000000,157.65000000,154.63000000,155.78000000,42043.98000000
1779894000000,2026-05-27T15:00:00+00:00,155.79000000,156.98000000,154.91000000,155.37000000,29916.73000000
1779897600000,2026-05-27T16:00:00+00:00,155.38000000,156.22000000,154.43000000,156.18000000,16083.98000000
1779901200000,2026-05-27T17:00:00+00:00,156.19000000,156.43000000,154.18000000,154.49000000,13597.51000000
1779904800000,2026-05-27T18:00:00+00:00,154.46000000,155.69000000,154.33000000,155.32000000,23809.09000000
1779908400000,2026-05-27T19:00:00+00:00,155.32000000,155.47000000,154.05000000,154.34000000,22005.39000000
1779912000000,2026-05-27T20:00:00+00:00,154.34000000,155.10000000,154.31000000,154.72000000,7319.69000000
1779915600000,2026-05-27T21:00:00+00:00,154.70000000,154.70000000,153.41000000,153.65000000,16331.05000000
1779919200000,2026-05-27T22:00:00+00:00,153.65000000,154.00000000,152.95000000,153.04000000,10949.85000000
1779922800000,2026-05-27T23:00:00+00:00,153.03000000,153.30000000,152.02000000,152.15000000,7477.91000000
1779926400000,2026-05-28T00:00:00+00:00,152.13000000,153.34000000,152.06000000,153.33000000,7373.79000000
1779930000000,2026-05-28T01:00:00+00:00,153.33000000,153.37000000,152.08000000,152.41000000,4970.28000000
1779933600000,2026-05-28T02:00:00+00:00,152.46000000,152.60000000,151.78000000,151.96000000,5008.26000000
1779937200000,2026-05-28T03:00:00+00:00,151.96000000,151.99000000,148.08000000,148.26000000,25679.16000000
1779940800000,2026-05-28T04:00:00+00:00,148.27000000,149.22000000,147.34000000,149.11000000,18815.41000000
1779944400000,2026-05-28T05:00:00+00:00,149.09000000,149.42000000,148.34000000,149.03000000,8910.28000000
1779948000000,2026-05-28T06:00:00+00:00,149.01000000,149.50000000,148.32000000,149.46000000,5138.35000000
1779951600000,2026-05-28T07:00:00+00:00,149.47000000,150.69000000,149.39000000,150.67000000,4292.78000000
1779955200000,2026-05-28T08:00:00+00:00,150.68000000,151.12000000,150.28000000,150.50000000,19890.95000000
1779958800000,2026-05-28T09:00:00+00:00,150.50000000,151.01000000,150.03000000,150.97000000,6889.96000000
1779962400000,2026-05-28T10:00:00+00:00,150.96000000,151.15000000,149.73000000,149.75000000,7080.45000000
1779966000000,2026-05-28T11:00:00+00:00,149.77000000,149.91000000,148.60000000,149.06000000,12630.49000000
1779969600000,2026-05-28T12:00:00+00:00,149.05000000,150.62000000,148.57000000,150.57000000,11241.12000000
1779973200000,2026-05-28T13:00:00+00:00,150.58000000,151.01000000,144.57000000,146.31000000,64818.08000000
1779976800000,2026-05-28T14:00:00+00:00,146.31000000,148.27000000,144.43000000,147.36000000,63887.53000000
1779980400000,2026-05-28T15:00:00+00:00,147.36000000,148.28000000,145.94000000,147.59000000,20555.42000000
1779984000000,2026-05-28T16:00:00+00:00,147.59000000,149.46000000,146.89000000,149.44000000,14528.07000000
1779987600000,2026-05-28T17:00:00+00:00,149.44000000,153.35000000,149.25000000,152.67000000,47096.31000000
1779991200000,2026-05-28T18:00:00+00:00,152.68000000,153.62000000,151.83000000,152.30000000,20304.59000000
1779994800000,2026-05-28T19:00:00+00:00,152.27000000,152.53000000,150.79000000,151.61000000,29049.74000000
1779998400000,2026-05-28T20:00:00+00:00,151.58000000,151.97000000,150.72000000,151.54000000,14213.02000000
1780002000000,2026-05-28T21:00:00+00:00,151.56000000,152.59000000,151.42000000,152.41000000,7653.99000000
1780005600000,2026-05-28T22:00:00+00:00,152.40000000,152.55000000,151.76000000,151.89000000,4211.43000000
1780009200000,2026-05-28T23:00:00+00:00,151.90000000,152.19000000,151.89000000,151.93000000,1641.60000000
1780012800000,2026-05-29T00:00:00+00:00,151.92000000,153.14000000,151.78000000,152.86000000,5564.95000000
1780016400000,2026-05-29T01:00:00+00:00,152.86000000,153.49000000,151.92000000,152.30000000,9772.35000000
1780020000000,2026-05-29T02:00:00+00:00,152.28000000,152.60000000,150.85000000,150.94000000,12550.18000000
1780023600000,2026-05-29T03:00:00+00:00,150.95000000,151.77000000,150.93000000,151.19000000,5263.48000000
1780027200000,2026-05-29T04:00:00+00:00,151.20000000,152.19000000,150.99000000,152.16000000,8753.11000000
1780030800000,2026-05-29T05:00:00+00:00,152.15000000,153.03000000,152.12000000,152.98000000,8025.89000000
1780034400000,2026-05-29T06:00:00+00:00,152.96000000,153.51000000,152.59000000,152.91000000,7314.71000000
1780038000000,2026-05-29T07:00:00+00:00,152.89000000,152.94000000,151.39000000,151.96000000,11016.33000000
1780041600000,2026-05-29T08:00:00+00:00,151.99000000,152.84000000,151.69000000,151.76000000,11077.21000000
1780045200000,2026-05-29T09:00:00+00:00,151.77000000,153.10000000,151.75000000,152.66000000,8553.38000000
1780048800000,2026-05-29T10:00:00+00:00,152.66000000,152.67000000,151.97000000,152.28000000,4662.76000000
1780052400000,2026-05-29T11:00:00+00:00,152.22000000,152.30000000,151.22000000,151.85000000,6952.76000000
1780056000000,2026-05-29T12:00:00+00:00,151.82000000,151.82000000,150.07000000,150.77000000,11428.35000000
1780059600000,2026-05-29T13:00:00+00:00,150.77000000,152.52000000,148.39000000,151.07000000,89897.85000000
1780063200000,2026-05-29T14:00:00+00:00,151.07000000,154.52000000,148.92000000,154.50000000,71529.99000000
1780066800000,2026-05-29T15:00:00+00:00,154.50000000,161.27000000,154.07000000,160.93000000,103647.24000000
1780070400000,2026-05-29T16:00:00+00:00,160.94000000,161.62000000,158.49000000,159.98000000,40720.37000000
1780074000000,2026-05-29T17:00:00+00:00,159.97000000,161.98000000,159.22000000,159.68000000,28994.18000000
1780077600000,2026-05-29T18:00:00+00:00,159.68000000,160.51000000,158.13000000,158.43000000,21668.90000000
1780081200000,2026-05-29T19:00:00+00:00,158.43000000,159.77000000,157.75000000,159.14000000,25057.32000000
1780084800000,2026-05-29T20:00:00+00:00,159.15000000,159.17000000,157.98000000,158.74000000,9062.64000000
1780088400000,2026-05-29T21:00:00+00:00,158.75000000,158.96000000,158.33000000,158.36000000,2735.02000000
1780092000000,2026-05-29T22:00:00+00:00,158.39000000,158.87000000,158.37000000,158.81000000,1921.86000000
1780095600000,2026-05-29T23:00:00+00:00,158.80000000,159.00000000,158.61000000,158.85000000,1529.40000000
1780099200000,2026-05-30T00:00:00+00:00,158.84000000,159.31000000,158.56000000,159.19000000,1881.39000000
1780102800000,2026-05-30T01:00:00+00:00,159.16000000,159.70000000,159.03000000,159.66000000,2226.90000000
1780106400000,2026-05-30T02:00:00+00:00,159.65000000,159.90000000,159.54000000,159.89000000,1869.65000000
1780110000000,2026-05-30T03:00:00+00:00,159.89000000,159.91000000,159.26000000,159.27000000,1349.06000000
1780113600000,2026-05-30T04:00:00+00:00,159.28000000,159.45000000,158.03000000,158.77000000,3830.57000000
1780117200000,2026-05-30T05:00:00+00:00,158.74000000,159.46000000,158.66000000,159.37000000,2232.37000000
1780120800000,2026-05-30T06:00:00+00:00,159.38000000,159.61000000,158.95000000,159.06000000,856.30000000
1780124400000,2026-05-30T07:00:00+00:00,159.08000000,159.42000000,158.82000000,159.16000000,1014.50000000
1780128000000,2026-05-30T08:00:00+00:00,159.16000000,159.19000000,158.97000000,159.03000000,255.62000000
1780131600000,2026-05-30T09:00:00+00:00,159.02000000,159.08000000,158.76000000,159.04000000,969.51000000
1780135200000,2026-05-30T10:00:00+00:00,159.05000000,159.30000000,159.00000000,159.15000000,786.42000000
1780138800000,2026-05-30T11:00:00+00:00,159.15000000,159.42000000,159.10000000,159.38000000,408.40000000
1780142400000,2026-05-30T12:00:00+00:00,159.38000000,159.77000000,159.35000000,159.77000000,711.08000000
1780146000000,2026-05-30T13:00:00+00:00,159.76000000,159.97000000,159.36000000,159.93000000,1096.19000000
1780149600000,2026-05-30T14:00:00+00:00,159.95000000,160.81000000,159.85000000,160.38000000,3481.82000000
1780153200000,2026-05-30T15:00:00+00:00,160.38000000,160.57000000,159.70000000,160.00000000,1108.97000000
1780156800000,2026-05-30T16:00:00+00:00,160.01000000,160.33000000,159.77000000,160.00000000,826.11000000
1780160400000,2026-05-30T17:00:00+00:00,159.99000000,160.42000000,159.58000000,160.39000000,749.24000000
1780164000000,2026-05-30T18:00:00+00:00,160.39000000,160.47000000,159.91000000,160.28000000,637.30000000
1780167600000,2026-05-30T19:00:00+00:00,160.28000000,160.39000000,160.00000000,160.12000000,252.59000000
1780171200000,2026-05-30T20:00:00+00:00,160.13000000,160.23000000,160.00000000,160.19000000,268.34000000
1780174800000,2026-05-30T21:00:00+00:00,160.20000000,160.26000000,159.92000000,159.99000000,351.24000000
1780178400000,2026-05-30T22:00:00+00:00,160.01000000,160.01000000,159.45000000,159.74000000,592.28000000
1780182000000,2026-05-30T23:00:00+00:00,159.74000000,159.96000000,159.45000000,159.91000000,762.03000000
1780185600000,2026-05-31T00:00:00+00:00,159.92000000,160.21000000,159.65000000,159.97000000,664.31000000
1780189200000,2026-05-31T01:00:00+00:00,159.95000000,160.64000000,159.90000000,160.40000000,995.24000000
1780192800000,2026-05-31T02:00:00+00:00,160.39000000,160.84000000,159.77000000,160.35000000,1500.83000000
1780196400000,2026-05-31T03:00:00+00:00,160.36000000,160.72000000,160.36000000,160.56000000,281.79000000
1780200000000,2026-05-31T04:00:00+00:00,160.56000000,160.86000000,160.27000000,160.61000000,889.05000000
1780203600000,2026-05-31T05:00:00+00:00,160.59000000,160.62000000,160.35000000,160.37000000,209.09000000
1780207200000,2026-05-31T06:00:00+00:00,160.37000000,160.50000000,160.18000000,160.37000000,304.01000000
1780210800000,2026-05-31T07:00:00+00:00,160.35000000,160.40000000,159.98000000,160.20000000,445.47000000
1780214400000,2026-05-31T08:00:00+00:00,160.20000000,160.36000000,159.85000000,160.02000000,1536.59000000
1780218000000,2026-05-31T09:00:00+00:00,160.01000000,160.44000000,159.79000000,159.88000000,544.22000000
1780221600000,2026-05-31T10:00:00+00:00,159.89000000,159.98000000,159.66000000,159.96000000,829.25000000
1780225200000,2026-05-31T11:00:00+00:00,159.97000000,160.47000000,159.94000000,160.35000000,1196.17000000
1780228800000,2026-05-31T12:00:00+00:00,160.34000000,160.41000000,160.09000000,160.16000000,450.82000000
1780232400000,2026-05-31T13:00:00+00:00,160.16000000,160.56000000,159.95000000,160.11000000,679.38000000
1780236000000,2026-05-31T14:00:00+00:00,160.10000000,160.10000000,159.03000000,159.35000000,3318.34000000
1780239600000,2026-05-31T15:00:00+00:00,159.35000000,159.88000000,159.20000000,159.31000000,682.23000000
1780243200000,2026-05-31T16:00:00+00:00,159.28000000,159.52000000,158.56000000,158.77000000,2850.32000000
1780246800000,2026-05-31T17:00:00+00:00,158.78000000,159.40000000,158.59000000,159.34000000,1003.51000000
1780250400000,2026-05-31T18:00:00+00:00,159.34000000,159.34000000,158.94000000,159.00000000,413.31000000
1780254000000,2026-05-31T19:00:00+00:00,158.99000000,159.15000000,158.66000000,159.13000000,455.90000000
1780257600000,2026-05-31T20:00:00+00:00,159.14000000,159.51000000,159.14000000,159.33000000,736.51000000
1780261200000,2026-05-31T21:00:00+00:00,159.34000000,159.62000000,159.13000000,159.62000000,415.14000000
1780264800000,2026-05-31T22:00:00+00:00,159.62000000,160.58000000,159.21000000,160.30000000,1857.52000000
1780268400000,2026-05-31T23:00:00+00:00,160.32000000,160.98000000,159.09000000,159.60000000,2870.08000000
1780272000000,2026-06-01T00:00:00+00:00,159.61000000,161.30000000,159.07000000,161.15000000,5220.78000000
1780275600000,2026-06-01T01:00:00+00:00,161.12000000,161.18000000,158.97000000,159.01000000,6280.20000000
1780279200000,2026-06-01T02:00:00+00:00,158.98000000,160.75000000,158.75000000,160.48000000,3627.48000000
1780282800000,2026-06-01T03:00:00+00:00,160.44000000,160.94000000,159.78000000,159.90000000,3532.51000000
1780286400000,2026-06-01T04:00:00+00:00,159.94000000,160.18000000,159.11000000,159.56000000,2741.23000000
1780290000000,2026-06-01T05:00:00+00:00,159.56000000,159.66000000,158.99000000,159.17000000,1436.20000000
1780293600000,2026-06-01T06:00:00+00:00,159.20000000,159.22000000,157.89000000,158.27000000,3935.78000000
1780297200000,2026-06-01T07:00:00+00:00,158.22000000,158.25000000,155.92000000,156.61000000,7594.19000000
1780300800000,2026-06-01T08:00:00+00:00,156.61000000,157.15000000,154.80000000,156.17000000,12224.29000000
1780304400000,2026-06-01T09:00:00+00:00,156.20000000,156.75000000,156.02000000,156.26000000,2525.43000000
1780308000000,2026-06-01T10:00:00+00:00,156.27000000,156.33000000,154.98000000,155.43000000,3042.80000000
1780311600000,2026-06-01T11:00:00+00:00,155.43000000,155.84000000,153.37000000,153.66000000,6870.37000000
1780315200000,2026-06-01T12:00:00+00:00,153.72000000,153.90000000,149.50000000,151.65000000,72401.84000000
1780318800000,2026-06-01T13:00:00+00:00,151.64000000,151.74000000,144.77000000,148.97000000,122843.95000000
1780322400000,2026-06-01T14:00:00+00:00,148.95000000,150.65000000,148.02000000,150.57000000,49389.22000000
1780326000000,2026-06-01T15:00:00+00:00,150.58000000,152.44000000,150.09000000,150.43000000,41287.39000000
1780329600000,2026-06-01T16:00:00+00:00,150.40000000,152.64000000,148.68000000,152.34000000,24215.05000000
1780333200000,2026-06-01T17:00:00+00:00,152.37000000,153.81000000,151.91000000,152.84000000,23665.36000000
1780336800000,2026-06-01T18:00:00+00:00,152.82000000,153.21000000,151.59000000,151.65000000,10992.46000000
1780340400000,2026-06-01T19:00:00+00:00,151.66000000,151.74000000,149.48000000,149.77000000,17394.10000000
1780344000000,2026-06-01T20:00:00+00:00,149.79000000,150.30000000,149.32000000,149.51000000,6580.00000000
1780347600000,2026-06-01T21:00:00+00:00,149.52000000,149.59000000,149.02000000,149.18000000,3607.03000000
1780351200000,2026-06-01T22:00:00+00:00,149.16000000,149.63000000,148.57000000,149.44000000,4743.08000000
1780354800000,2026-06-01T23:00:00+00:00,149.43000000,149.64000000,148.92000000,149.11000000,6310.68000000
1780358400000,2026-06-02T00:00:00+00:00,149.10000000,149.65000000,148.27000000,148.69000000,5652.33000000
1780362000000,2026-06-02T01:00:00+00:00,148.70000000,149.03000000,146.93000000,147.05000000,5970.35000000
1780365600000,2026-06-02T02:00:00+00:00,147.03000000,148.45000000,145.80000000,148.36000000,14487.94000000
1780369200000,2026-06-02T03:00:00+00:00,148.37000000,148.48000000,147.87000000,148.44000000,3598.81000000
1780372800000,2026-06-02T04:00:00+00:00,148.45000000,148.78000000,147.65000000,147.84000000,4737.59000000
1780376400000,2026-06-02T05:00:00+00:00,147.86000000,148.08000000,146.82000000,146.92000000,6427.32000000
1780380000000,2026-06-02T06:00:00+00:00,146.90000000,147.54000000,146.62000000,146.96000000,6533.27000000
1780383600000,2026-06-02T07:00:00+00:00,146.98000000,147.10000000,145.96000000,146.81000000,11011.16000000
1780387200000,2026-06-02T08:00:00+00:00,146.80000000,147.21000000,145.86000000,146.12000000,14941.37000000
1780390800000,2026-06-02T09:00:00+00:00,146.13000000,146.18000000,144.94000000,145.21000000,11535.42000000
1780394400000,2026-06-02T10:00:00+00:00,145.20000000,145.58000000,144.81000000,145.50000000,8849.64000000
1780398000000,2026-06-02T11:00:00+00:00,145.48000000,145.52000000,144.26000000,144.56000000,6774.31000000
1780401600000,2026-06-02T12:00:00+00:00,144.56000000,145.27000000,143.71000000,143.76000000,9664.45000000
1780405200000,2026-06-02T13:00:00+00:00,143.75000000,143.96000000,137.76000000,138.32000000,124618.53000000
1780408800000,2026-06-02T14:00:00+00:00,138.32000000,138.77000000,134.11000000,137.95000000,97808.14000000
1780412400000,2026-06-02T15:00:00+00:00,137.94000000,138.16000000,135.03000000,136.27000000,54178.08000000
1780416000000,2026-06-02T16:00:00+00:00,136.28000000,139.00000000,136.04000000,137.10000000,34840.80000000
1780419600000,2026-06-02T17:00:00+00:00,137.10000000,138.02000000,136.66000000,136.78000000,15251.70000000
1780423200000,2026-06-02T18:00:00+00:00,136.78000000,137.08000000,135.21000000,136.10000000,23191.69000000
1780426800000,2026-06-02T19:00:00+00:00,136.09000000,137.03000000,134.13000000,136.14000000,38363.27000000
1780430400000,2026-06-02T20:00:00+00:00,136.14000000,136.97000000,135.51000000,136.93000000,29702.89000000
1780434000000,2026-06-02T21:00:00+00:00,136.94000000,137.21000000,136.48000000,136.92000000,5253.87000000
1780437600000,2026-06-02T22:00:00+00:00,136.89000000,136.92000000,134.97000000,135.26000000,14310.08000000
1780441200000,2026-06-02T23:00:00+00:00,135.27000000,135.50000000,133.91000000,135.04000000,20482.48000000
1780444800000,2026-06-03T00:00:00+00:00,135.04000000,136.18000000,134.77000000,135.64000000,13582.39000000
1780448400000,2026-06-03T01:00:00+00:00,135.68000000,136.06000000,134.55000000,135.58000000,11085.53000000
1780452000000,2026-06-03T02:00:00+00:00,135.56000000,135.67000000,134.90000000,135.02000000,5139.39000000
1780455600000,2026-06-03T03:00:00+00:00,135.01000000,135.21000000,132.02000000,133.60000000,15801.70000000
1780459200000,2026-06-03T04:00:00+00:00,133.60000000,135.48000000,133.55000000,134.88000000,14619.77000000
1780462800000,2026-06-03T05:00:00+00:00,134.89000000,137.88000000,134.85000000,137.65000000,16046.37000000
1780466400000,2026-06-03T06:00:00+00:00,137.68000000,137.96000000,136.72000000,136.80000000,11372.82000000
1780470000000,2026-06-03T07:00:00+00:00,136.82000000,137.55000000,136.53000000,137.22000000,7643.01000000
1780473600000,2026-06-03T08:00:00+00:00,137.20000000,137.38000000,135.31000000,135.39000000,11117.42000000
1780477200000,2026-06-03T09:00:00+00:00,135.39000000,136.12000000,134.42000000,135.36000000,14439.02000000
1780480800000,2026-06-03T10:00:00+00:00,135.36000000,136.81000000,135.21000000,136.56000000,10900.84000000
1780484400000,2026-06-03T11:00:00+00:00,136.57000000,137.20000000,136.13000000,136.17000000,9603.84000000
1780488000000,2026-06-03T12:00:00+00:00,136.17000000,136.52000000,134.97000000,135.45000000,10717.61000000
1780491600000,2026-06-03T13:00:00+00:00,135.47000000,138.20000000,133.75000000,136.49000000,62343.86000000
1780495200000,2026-06-03T14:00:00+00:00,136.48000000,136.49000000,134.36000000,134.79000000,45525.54000000
1780498800000,2026-06-03T15:00:00+00:00,134.80000000,134.94000000,130.58000000,130.66000000,57498.09000000
1780502400000,2026-06-03T16:00:00+00:00,130.67000000,132.42000000,129.93000000,131.37000000,41698.17000000
1780506000000,2026-06-03T17:00:00+00:00,131.38000000,132.10000000,130.21000000,131.61000000,16873.19000000
1780509600000,2026-06-03T18:00:00+00:00,131.62000000,132.04000000,130.93000000,131.28000000,12453.83000000
1780513200000,2026-06-03T19:00:00+00:00,131.30000000,131.31000000,126.48000000,126.62000000,35884.30000000
1780516800000,2026-06-03T20:00:00+00:00,126.63000000,127.11000000,124.43000000,125.72000000,58858.40000000
1780520400000,2026-06-03T21:00:00+00:00,125.71000000,128.11000000,125.57000000,128.09000000,22394.55000000
1780524000000,2026-06-03T22:00:00+00:00,128.09000000,128.22000000,125.84000000,126.49000000,13390.78000000
1780527600000,2026-06-03T23:00:00+00:00,126.50000000,126.51000000,123.77000000,124.07000000,27162.24000000
1780531200000,2026-06-04T00:00:00+00:00,124.08000000,125.11000000,122.06000000,123.05000000,37207.19000000
1780534800000,2026-06-04T01:00:00+00:00,123.10000000,123.68000000,121.08000000,121.15000000,43751.60000000
1780538400000,2026-06-04T02:00:00+00:00,121.16000000,126.05000000,119.91000000,125.01000000,89984.05000000
1780542000000,2026-06-04T03:00:00+00:00,125.02000000,130.60000000,124.91000000,128.51000000,53163.66000000
1780545600000,2026-06-04T04:00:00+00:00,128.54000000,129.98000000,127.52000000,128.25000000,16923.84000000
1780549200000,2026-06-04T05:00:00+00:00,128.22000000,128.58000000,126.12000000,127.21000000,18023.40000000
1780552800000,2026-06-04T06:00:00+00:00,127.21000000,128.90000000,127.02000000,127.74000000,8055.70000000
1780556400000,2026-06-04T07:00:00+00:00,127.78000000,127.91000000,126.65000000,126.84000000,12328.44000000
1780560000000,2026-06-04T08:00:00+00:00,126.84000000,127.59000000,125.23000000,125.62000000,28919.84000000
1780563600000,2026-06-04T09:00:00+00:00,125.64000000,125.94000000,124.35000000,125.87000000,42285.09000000
1780567200000,2026-06-04T10:00:00+00:00,125.91000000,126.11000000,123.21000000,123.60000000,42837.72000000
1780570800000,2026-06-04T11:00:00+00:00,123.60000000,124.92000000,122.73000000,124.53000000,29039.24000000
1780574400000,2026-06-04T12:00:00+00:00,124.55000000,129.06000000,124.23000000,128.25000000,49752.26000000
1780578000000,2026-06-04T13:00:00+00:00,128.25000000,129.51000000,125.66000000,129.16000000,109661.95000000
1780581600000,2026-06-04T14:00:00+00:00,129.19000000,131.45000000,127.71000000,128.08000000,89594.98000000
1780585200000,2026-06-04T15:00:00+00:00,128.07000000,129.59000000,127.61000000,128.79000000,47464.06000000
1780588800000,2026-06-04T16:00:00+00:00,128.81000000,128.91000000,127.13000000,127.50000000,51954.08000000
1780592400000,2026-06-04T17:00:00+00:00,127.50000000,128.73000000,126.35000000,128.49000000,39269.89000000
1780596000000,2026-06-04T18:00:00+00:00,128.48000000,130.87000000,127.72000000,129.94000000,38387.80000000
1780599600000,2026-06-04T19:00:00+00:00,129.97000000,131.32000000,129.17000000,129.37000000,27891.27000000
1780603200000,2026-06-04T20:00:00+00:00,129.37000000,129.50000000,128.14000000,128.94000000,33466.67000000
1780606800000,2026-06-04T21:00:00+00:00,128.93000000,129.45000000,128.50000000,128.64000000,9738.05000000
1780610400000,2026-06-04T22:00:00+00:00,128.63000000,129.26000000,128.50000000,129.19000000,7489.02000000
1780614000000,2026-06-04T23:00:00+00:00,129.18000000,129.36000000,128.50000000,129.25000000,7555.65000000
1780617600000,2026-06-05T00:00:00+00:00,129.24000000,129.31000000,128.00000000,128.10000000,12257.78000000
1780621200000,2026-06-05T01:00:00+00:00,128.09000000,128.40000000,127.03000000,128.13000000,17178.10000000
1780624800000,2026-06-05T02:00:00+00:00,128.14000000,128.29000000,126.46000000,126.76000000,15032.36000000
1780628400000,2026-06-05T03:00:00+00:00,126.77000000,128.05000000,126.48000000,127.36000000,16904.16000000
1780632000000,2026-06-05T04:00:00+00:00,127.37000000,129.38000000,127.07000000,129.22000000,10670.19000000
1780635600000,2026-06-05T05:00:00+00:00,129.20000000,129.29000000,126.12000000,126.26000000,12513.29000000
1780639200000,2026-06-05T06:00:00+00:00,126.27000000,127.34000000,125.10000000,126.14000000,39270.90000000
1780642800000,2026-06-05T07:00:00+00:00,126.11000000,128.18000000,124.98000000,127.97000000,34923.28000000
1780646400000,2026-06-05T08:00:00+00:00,127.97000000,128.58000000,127.27000000,127.85000000,17112.92000000
1780650000000,2026-06-05T09:00:00+00:00,127.85000000,129.71000000,127.80000000,128.45000000,26028.83000000
1780653600000,2026-06-05T10:00:00+00:00,128.47000000,128.60000000,127.02000000,127.42000000,10477.10000000
1780657200000,2026-06-05T11:00:00+00:00,127.40000000,127.45000000,125.97000000,125.99000000,13406.97000000
1780660800000,2026-06-05T12:00:00+00:00,126.00000000,126.73000000,124.92000000,125.22000000,28502.77000000
1780664400000,2026-06-05T13:00:00+00:00,125.22000000,125.39000000,120.40000000,120.40000000,113929.06000000
1780668000000,2026-06-05T14:00:00+00:00,120.41000000,120.61000000,117.60000000,119.88000000,136988.48000000
1780671600000,2026-06-05T15:00:00+00:00,119.89000000,120.04000000,115.97000000,117.06000000,94838.43000000
1780675200000,2026-06-05T16:00:00+00:00,117.06000000,119.44000000,115.89000000,119.27000000,75337.24000000
1780678800000,2026-06-05T17:00:00+00:00,119.26000000,119.49000000,116.30000000,116.51000000,37209.17000000
1780682400000,2026-06-05T18:00:00+00:00,116.53000000,116.75000000,114.39000000,115.95000000,56251.32000000
1780686000000,2026-06-05T19:00:00+00:00,115.93000000,121.15000000,114.50000000,120.64000000,102576.13000000
1780689600000,2026-06-05T20:00:00+00:00,120.63000000,122.52000000,119.34000000,121.62000000,56598.94000000
1780693200000,2026-06-05T21:00:00+00:00,121.61000000,122.11000000,121.24000000,121.45000000,18916.12000000
1780696800000,2026-06-05T22:00:00+00:00,121.45000000,122.07000000,120.83000000,121.26000000,17514.56000000
1780700400000,2026-06-05T23:00:00+00:00,121.27000000,121.52000000,119.64000000,120.23000000,10601.91000000
1780704000000,2026-06-06T00:00:00+00:00,120.24000000,122.04000000,120.24000000,121.62000000,9587.71000000
1780707600000,2026-06-06T01:00:00+00:00,121.63000000,121.89000000,119.12000000,119.16000000,15105.59000000
1780711200000,2026-06-06T02:00:00+00:00,119.15000000,119.79000000,118.20000000,119.27000000,10686.68000000
1780714800000,2026-06-06T03:00:00+00:00,119.26000000,119.26000000,117.99000000,118.20000000,6765.68000000
1780718400000,2026-06-06T04:00:00+00:00,118.21000000,118.72000000,115.18000000,116.50000000,17953.51000000
1780722000000,2026-06-06T05:00:00+00:00,116.52000000,119.31000000,115.50000000,119.02000000,18990.75000000
1780725600000,2026-06-06T06:00:00+00:00,119.02000000,119.74000000,117.72000000,117.84000000,10672.55000000
1780729200000,2026-06-06T07:00:00+00:00,117.87000000,118.75000000,117.65000000,118.36000000,5158.82000000
1780732800000,2026-06-06T08:00:00+00:00,118.36000000,119.42000000,117.96000000,118.92000000,11758.39000000
1780736400000,2026-06-06T09:00:00+00:00,118.92000000,119.08000000,117.92000000,118.19000000,3691.64000000
1780740000000,2026-06-06T10:00:00+00:00,118.21000000,118.22000000,116.38000000,117.37000000,11167.24000000
1780743600000,2026-06-06T11:00:00+00:00,117.37000000,118.20000000,117.33000000,117.99000000,4402.34000000
1780747200000,2026-06-06T12:00:00+00:00,118.00000000,119.11000000,117.64000000,118.76000000,6392.76000000
1780750800000,2026-06-06T13:00:00+00:00,118.78000000,118.81000000,117.83000000,117.99000000,4310.11000000
1780754400000,2026-06-06T14:00:00+00:00,118.01000000,120.19000000,117.91000000,118.33000000,18187.75000000
1780758000000,2026-06-06T15:00:00+00:00,118.34000000,118.68000000,117.41000000,118.63000000,6894.45000000
1780761600000,2026-06-06T16:00:00+00:00,118.63000000,119.08000000,117.72000000,118.72000000,4315.01000000
1780765200000,2026-06-06T17:00:00+00:00,118.71000000,118.83000000,117.75000000,117.89000000,2681.00000000
1780768800000,2026-06-06T18:00:00+00:00,117.88000000,118.26000000,117.58000000,117.97000000,1464.10000000
1780772400000,2026-06-06T19:00:00+00:00,117.96000000,118.34000000,117.76000000,117.81000000,964.44000000
1780776000000,2026-06-06T20:00:00+00:00,117.79000000,118.22000000,117.67000000,118.14000000,1581.35000000
1780779600000,2026-06-06T21:00:00+00:00,118.13000000,118.84000000,118.08000000,118.25000000,1587.01000000
1780783200000,2026-06-06T22:00:00+00:00,118.24000000,118.36000000,117.24000000,117.53000000,3010.58000000
1780786800000,2026-06-06T23:00:00+00:00,117.53000000,118.71000000,117.50000000,118.53000000,4533.25000000
1780790400000,2026-06-07T00:00:00+00:00,118.55000000,118.78000000,118.21000000,118.25000000,1200.23000000
1780794000000,2026-06-07T01:00:00+00:00,118.23000000,120.57000000,118.11000000,120.20000000,13558.96000000
1780797600000,2026-06-07T02:00:00+00:00,120.20000000,120.50000000,119.42000000,120.29000000,4047.83000000
1780801200000,2026-06-07T03:00:00+00:00,120.28000000,120.61000000,119.81000000,120.20000000,5490.23000000
1780804800000,2026-06-07T04:00:00+00:00,120.18000000,121.03000000,119.68000000,120.82000000,4764.84000000
1780808400000,2026-06-07T05:00:00+00:00,120.83000000,121.30000000,120.40000000,120.72000000,7861.41000000
1780812000000,2026-06-07T06:00:00+00:00,120.72000000,122.11000000,120.39000000,121.89000000,5502.45000000
1780815600000,2026-06-07T07:00:00+00:00,121.87000000,122.98000000,121.67000000,122.79000000,12579.61000000
1780819200000,2026-06-07T08:00:00+00:00,122.79000000,124.67000000,122.45000000,124.44000000,19126.78000000
1780822800000,2026-06-07T09:00:00+00:00,124.43000000,124.45000000,123.76000000,124.08000000,9024.39000000
1780826400000,2026-06-07T10:00:00+00:00,124.08000000,124.58000000,123.78000000,124.05000000,6776.72000000
1780830000000,2026-06-07T11:00:00+00:00,124.05000000,125.05000000,124.05000000,124.85000000,3672.40000000
1780833600000,2026-06-07T12:00:00+00:00,124.85000000,124.99000000,122.18000000,123.09000000,18183.09000000
1780837200000,2026-06-07T13:00:00+00:00,123.08000000,123.24000000,122.40000000,122.60000000,6254.10000000
1780840800000,2026-06-07T14:00:00+00:00,122.59000000,124.32000000,122.58000000,123.25000000,7216.32000000
1780844400000,2026-06-07T15:00:00+00:00,123.25000000,123.89000000,122.74000000,123.69000000,5218.92000000
1780848000000,2026-06-07T16:00:00+00:00,123.69000000,123.80000000,121.77000000,121.93000000,21848.51000000
1780851600000,2026-06-07T17:00:00+00:00,121.92000000,122.84000000,121.73000000,122.07000000,6995.81000000
1780855200000,2026-06-07T18:00:00+00:00,122.06000000,122.60000000,121.85000000,121.93000000,2360.31000000
1780858800000,2026-06-07T19:00:00+00:00,121.94000000,121.97000000,119.56000000,119.68000000,10675.90000000
1780862400000,2026-06-07T20:00:00+00:00,119.66000000,121.03000000,119.45000000,120.82000000,4202.22000000
1780866000000,2026-06-07T21:00:00+00:00,120.81000000,121.26000000,120.49000000,121.00000000,2620.74000000
1780869600000,2026-06-07T22:00:00+00:00,121.01000000,125.61000000,120.65000000,122.89000000,38122.48000000
1780873200000,2026-06-07T23:00:00+00:00,122.90000000,125.16000000,122.74000000,124.83000000,10808.79000000
1780876800000,2026-06-08T00:00:00+00:00,124.81000000,127.66000000,124.45000000,126.38000000,49448.45000000
1780880400000,2026-06-08T01:00:00+00:00,126.38000000,126.52000000,122.78000000,124.09000000,37484.65000000
1780884000000,2026-06-08T02:00:00+00:00,124.10000000,124.28000000,123.05000000,124.19000000,12194.45000000
1780887600000,2026-06-08T03:00:00+00:00,124.21000000,124.78000000,123.80000000,124.08000000,3607.81000000
1780891200000,2026-06-08T04:00:00+00:00,124.11000000,124.15000000,121.90000000,121.93000000,18265.32000000
1780894800000,2026-06-08T05:00:00+00:00,121.95000000,122.28000000,121.07000000,121.88000000,21283.12000000
1780898400000,2026-06-08T06:00:00+00:00,121.89000000,123.44000000,121.80000000,123.14000000,19514.00000000
1780902000000,2026-06-08T07:00:00+00:00,123.18000000,124.60000000,122.77000000,124.27000000,14507.53000000
1780905600000,2026-06-08T08:00:00+00:00,124.25000000,124.40000000,123.02000000,123.42000000,15541.85000000
1780909200000,2026-06-08T09:00:00+00:00,123.44000000,125.40000000,123.44000000,125.14000000,16479.33000000
1780912800000,2026-06-08T10:00:00+00:00,125.14000000,125.51000000,124.35000000,124.41000000,9576.07000000
1780916400000,2026-06-08T11:00:00+00:00,124.40000000,126.75000000,124.00000000,125.74000000,24662.17000000
1780920000000,2026-06-08T12:00:00+00:00,125.72000000,128.07000000,124.51000000,127.97000000,73759.25000000
1780923600000,2026-06-08T13:00:00+00:00,127.96000000,128.20000000,123.38000000,125.09000000,113290.14000000
1780927200000,2026-06-08T14:00:00+00:00,125.11000000,127.63000000,124.57000000,127.28000000,46089.49000000
1780930800000,2026-06-08T15:00:00+00:00,127.29000000,129.05000000,126.93000000,127.10000000,52985.50000000
1780934400000,2026-06-08T16:00:00+00:00,127.11000000,128.43000000,126.59000000,126.66000000,21947.51000000
1780938000000,2026-06-08T17:00:00+00:00,126.68000000,127.80000000,126.02000000,127.74000000,13943.64000000
1780941600000,2026-06-08T18:00:00+00:00,127.76000000,128.64000000,126.89000000,127.17000000,12041.80000000
1780945200000,2026-06-08T19:00:00+00:00,127.20000000,127.96000000,126.68000000,127.25000000,12700.33000000
1780948800000,2026-06-08T20:00:00+00:00,127.26000000,127.32000000,125.97000000,126.68000000,10331.22000000
1780952400000,2026-06-08T21:00:00+00:00,126.68000000,127.63000000,126.63000000,127.14000000,6154.53000000
1780956000000,2026-06-08T22:00:00+00:00,127.14000000,127.14000000,126.32000000,127.03000000,5106.03000000
1780959600000,2026-06-08T23:00:00+00:00,127.04000000,127.19000000,125.88000000,126.27000000,5299.88000000
1780963200000,2026-06-09T00:00:00+00:00,126.27000000,126.43000000,124.83000000,125.18000000,12839.63000000
1780966800000,2026-06-09T01:00:00+00:00,125.15000000,125.89000000,124.89000000,125.43000000,7452.72000000
1780970400000,2026-06-09T02:00:00+00:00,125.43000000,126.28000000,125.08000000,126.22000000,3973.35000000
1780974000000,2026-06-09T03:00:00+00:00,126.23000000,126.48000000,125.87000000,126.34000000,7089.38000000
1780977600000,2026-06-09T04:00:00+00:00,126.31000000,127.83000000,126.03000000,127.24000000,8351.92000000
1780981200000,2026-06-09T05:00:00+00:00,127.23000000,127.94000000,126.96000000,127.62000000,2735.27000000
1780984800000,2026-06-09T06:00:00+00:00,127.63000000,127.96000000,127.28000000,127.54000000,7246.43000000
1780988400000,2026-06-09T07:00:00+00:00,127.54000000,127.85000000,126.77000000,127.08000000,4216.41000000
1780992000000,2026-06-09T08:00:00+00:00,127.12000000,127.25000000,125.54000000,125.64000000,35654.94000000
1780995600000,2026-06-09T09:00:00+00:00,125.65000000,126.22000000,124.97000000,125.05000000,20412.42000000
1780999200000,2026-06-09T10:00:00+00:00,125.06000000,125.82000000,124.58000000,125.59000000,11181.88000000
1781002800000,2026-06-09T11:00:00+00:00,125.59000000,125.81000000,124.64000000,125.34000000,14053.01000000
1781006400000,2026-06-09T12:00:00+00:00,125.28000000,125.87000000,124.57000000,125.01000000,15741.18000000
1781010000000,2026-06-09T13:00:00+00:00,125.00000000,125.59000000,122.70000000,124.64000000,74114.67000000
1781013600000,2026-06-09T14:00:00+00:00,124.58000000,125.12000000,119.50000000,121.02000000,115540.73000000
1781017200000,2026-06-09T15:00:00+00:00,121.03000000,121.42000000,116.04000000,116.08000000,145475.31000000
1781020800000,2026-06-09T16:00:00+00:00,116.07000000,116.81000000,114.36000000,116.58000000,112579.56000000
1781024400000,2026-06-09T17:00:00+00:00,116.58000000,118.66000000,116.48000000,117.94000000,48835.46000000
1781028000000,2026-06-09T18:00:00+00:00,117.95000000,118.18000000,116.85000000,117.46000000,16394.00000000
1781031600000,2026-06-09T19:00:00+00:00,117.45000000,117.64000000,115.73000000,117.12000000,29701.86000000
1781035200000,2026-06-09T20:00:00+00:00,117.11000000,118.53000000,117.06000000,118.36000000,28590.55000000
1781038800000,2026-06-09T21:00:00+00:00,118.36000000,118.47000000,117.23000000,117.41000000,10005.37000000
1781042400000,2026-06-09T22:00:00+00:00,117.41000000,118.02000000,116.93000000,117.00000000,10293.99000000
1781046000000,2026-06-09T23:00:00+00:00,117.01000000,117.25000000,116.19000000,116.58000000,11255.18000000
1781049600000,2026-06-10T00:00:00+00:00,116.59000000,117.72000000,116.17000000,117.41000000,17018.30000000
1781053200000,2026-06-10T01:00:00+00:00,117.41000000,117.52000000,116.79000000,117.15000000,5349.81000000
1781056800000,2026-06-10T02:00:00+00:00,117.17000000,117.35000000,114.45000000,115.06000000,23010.90000000
1781060400000,2026-06-10T03:00:00+00:00,115.06000000,115.84000000,115.01000000,115.78000000,9599.47000000
1781064000000,2026-06-10T04:00:00+00:00,115.79000000,115.84000000,114.39000000,114.93000000,20119.80000000
1781067600000,2026-06-10T05:00:00+00:00,114.93000000,115.82000000,114.53000000,115.59000000,6642.42000000
1781071200000,2026-06-10T06:00:00+00:00,115.60000000,116.07000000,115.29000000,115.97000000,4629.86000000
1781074800000,2026-06-10T07:00:00+00:00,115.96000000,116.71000000,115.90000000,116.27000000,20865.86000000
1781078400000,2026-06-10T08:00:00+00:00,116.26000000,116.53000000,115.04000000,115.26000000,38883.87000000
1781082000000,2026-06-10T09:00:00+00:00,115.28000000,115.76000000,113.52000000,115.70000000,38453.88000000
1781085600000,2026-06-10T10:00:00+00:00,115.71000000,115.97000000,114.94000000,115.35000000,26441.80000000
1781089200000,2026-06-10T11:00:00+00:00,115.37000000,115.51000000,113.68000000,114.29000000,31615.57000000
1781092800000,2026-06-10T12:00:00+00:00,114.28000000,118.69000000,114.02000000,115.66000000,80145.26000000
1781096400000,2026-06-10T13:00:00+00:00,115.65000000,120.79000000,114.17000000,119.62000000,129100.43000000
1781100000000,2026-06-10T14:00:00+00:00,119.62000000,120.32000000,117.60000000,118.45000000,44736.82000000
1781103600000,2026-06-10T15:00:00+00:00,118.47000000,119.76000000,116.87000000,119.29000000,54012.46000000
1781107200000,2026-06-10T16:00:00+00:00,119.31000000,119.34000000,117.41000000,118.08000000,22926.94000000
1781110800000,2026-06-10T17:00:00+00:00,118.07000000,118.58000000,116.63000000,117.45000000,23096.14000000
1781114400000,2026-06-10T18:00:00+00:00,117.47000000,117.75000000,116.32000000,116.79000000,14776.66000000
1781118000000,2026-06-10T19:00:00+00:00,116.79000000,116.91000000,115.39000000,115.44000000,28420.72000000
1781121600000,2026-06-10T20:00:00+00:00,115.42000000,115.57000000,114.36000000,114.72000000,45462.26000000
1781125200000,2026-06-10T21:00:00+00:00,114.72000000,114.72000000,113.97000000,114.22000000,10665.08000000
1781128800000,2026-06-10T22:00:00+00:00,114.23000000,114.37000000,113.60000000,113.74000000,19885.51000000
1781132400000,2026-06-10T23:00:00+00:00,113.75000000,114.48000000,113.08000000,113.99000000,28265.04000000
1781136000000,2026-06-11T00:00:00+00:00,113.98000000,115.82000000,113.80000000,115.68000000,20414.23000000
1781139600000,2026-06-11T01:00:00+00:00,115.69000000,118.10000000,115.69000000,117.51000000,25080.33000000
1781143200000,2026-06-11T02:00:00+00:00,117.52000000,117.84000000,116.27000000,117.14000000,11791.09000000
1781146800000,2026-06-11T03:00:00+00:00,117.15000000,118.13000000,116.69000000,117.99000000,11670.26000000
1781150400000,2026-06-11T04:00:00+00:00,118.00000000,118.41000000,117.63000000,118.28000000,7614.17000000
1781154000000,2026-06-11T05:00:00+00:00,118.29000000,118.32000000,117.48000000,117.87000000,8558.36000000
1781157600000,2026-06-11T06:00:00+00:00,117.88000000,119.22000000,117.46000000,118.68000000,12545.58000000
1781161200000,2026-06-11T07:00:00+00:00,118.68000000,118.77000000,117.81000000,118.15000000,7059.91000000
1781164800000,2026-06-11T08:00:00+00:00,118.16000000,119.71000000,117.82000000,119.45000000,34679.72000000
1781168400000,2026-06-11T09:00:00+00:00,119.45000000,119.67000000,118.75000000,119.19000000,21814.62000000
1781172000000,2026-06-11T10:00:00+00:00,119.18000000,119.62000000,118.86000000,119.36000000,18744.10000000
1781175600000,2026-06-11T11:00:00+00:00,119.36000000,120.08000000,118.94000000,119.40000000,34001.08000000
1781179200000,2026-06-11T12:00:00+00:00,119.41000000,119.43000000,117.06000000,118.37000000,55053.16000000
1781182800000,2026-06-11T13:00:00+00:00,118.33000000,118.86000000,115.74000000,118.18000000,105163.37000000
1781186400000,2026-06-11T14:00:00+00:00,118.18000000,118.65000000,115.21000000,115.40000000,44167.10000000
1781190000000,2026-06-11T15:00:00+00:00,115.38000000,116.24000000,114.64000000,115.23000000,43566.53000000
1781193600000,2026-06-11T16:00:00+00:00,115.20000000,115.84000000,114.22000000,114.23000000,22721.71000000
1781197200000,2026-06-11T17:00:00+00:00,114.23000000,118.81000000,113.43000000,118.81000000,76090.42000000
1781200800000,2026-06-11T18:00:00+00:00,118.78000000,119.62000000,117.71000000,118.63000000,68943.89000000
1781204400000,2026-06-11T19:00:00+00:00,118.61000000,121.16000000,118.33000000,120.17000000,63373.15000000
1781208000000,2026-06-11T20:00:00+00:00,120.13000000,120.26000000,118.70000000,119.34000000,45753.60000000
1781211600000,2026-06-11T21:00:00+00:00,119.34000000,120.25000000,119.32000000,120.14000000,13012.61000000
1781215200000,2026-06-11T22:00:00+00:00,120.13000000,120.41000000,119.88000000,119.99000000,4988.80000000
1781218800000,2026-06-11T23:00:00+00:00,119.98000000,120.55000000,119.65000000,120.36000000,11857.05000000
1781222400000,2026-06-12T00:00:00+00:00,120.35000000,121.95000000,119.70000000,121.34000000,29526.99000000
1781226000000,2026-06-12T01:00:00+00:00,121.36000000,121.41000000,119.19000000,119.40000000,29349.14000000
1781229600000,2026-06-12T02:00:00+00:00,119.42000000,120.21000000,119.39000000,120.12000000,7431.74000000
1781233200000,2026-06-12T03:00:00+00:00,120.14000000,120.15000000,119.41000000,119.94000000,3428.97000000
1781236800000,2026-06-12T04:00:00+00:00,119.96000000,120.82000000,119.67000000,120.45000000,4245.54000000
