open_time_ms,open_time_iso,open,high,low,close,volume
1775566800000,2026-04-07T13:00:00+00:00,375.69000000,379.14000000,368.33000000,368.44000000,2356.34000000
1775570400000,2026-04-07T14:00:00+00:00,368.69000000,372.17000000,360.00000000,366.53000000,2160.63000000
1775574000000,2026-04-07T15:00:00+00:00,366.45000000,373.36000000,364.48000000,372.83000000,929.37000000
1775577600000,2026-04-07T16:00:00+00:00,372.69000000,377.03000000,372.32000000,374.76000000,582.47000000
1775581200000,2026-04-07T17:00:00+00:00,374.70000000,378.55000000,374.37000000,375.80000000,223.70000000
1775584800000,2026-04-07T18:00:00+00:00,375.95000000,376.58000000,370.38000000,371.32000000,144.90000000
1775588400000,2026-04-07T19:00:00+00:00,370.95000000,377.50000000,369.01000000,377.50000000,386.97000000
1775592000000,2026-04-07T20:00:00+00:00,377.55000000,379.40000000,376.90000000,379.34000000,121.66000000
1775595600000,2026-04-07T21:00:00+00:00,379.25000000,381.20000000,378.44000000,380.72000000,157.30000000
1775599200000,2026-04-07T22:00:00+00:00,380.85000000,397.92000000,379.92000000,397.90000000,735.40000000
1775602800000,2026-04-07T23:00:00+00:00,397.64000000,408.43000000,395.21000000,402.21000000,655.62000000
1775606400000,2026-04-08T00:00:00+00:00,402.30000000,405.31000000,400.52000000,403.32000000,240.86000000
1775610000000,2026-04-08T01:00:00+00:00,403.31000000,405.13000000,402.78000000,404.16000000,151.95000000
1775613600000,2026-04-08T02:00:00+00:00,404.15000000,405.75000000,403.95000000,405.46000000,108.00000000
1775617200000,2026-04-08T03:00:00+00:00,405.79000000,408.12000000,405.37000000,407.33000000,144.92000000
1775620800000,2026-04-08T04:00:00+00:00,407.20000000,410.40000000,407.18000000,408.87000000,866.42000000
1775624400000,2026-04-08T05:00:00+00:00,409.16000000,413.89000000,408.80000000,412.28000000,485.18000000
1775628000000,2026-04-08T06:00:00+00:00,412.26000000,413.14000000,410.20000000,411.16000000,244.64000000
1775631600000,2026-04-08T07:00:00+00:00,411.10000000,411.10000000,407.00000000,409.74000000,295.39000000
1775635200000,2026-04-08T08:00:00+00:00,409.74000000,418.80000000,408.83000000,418.67000000,712.57000000
1775638800000,2026-04-08T09:00:00+00:00,418.67000000,421.44000000,416.70000000,417.51000000,837.29000000
1775642400000,2026-04-08T10:00:00+00:00,417.51000000,418.38000000,413.34000000,413.34000000,401.89000000
1775646000000,2026-04-08T11:00:00+00:00,413.44000000,415.13000000,410.04000000,412.98000000,418.85000000
1775649600000,2026-04-08T12:00:00+00:00,413.22000000,414.83000000,409.36000000,412.10000000,408.16000000
1775653200000,2026-04-08T13:00:00+00:00,412.10000000,417.00000000,404.80000000,406.44000000,3395.54000000
1775656800000,2026-04-08T14:00:00+00:00,406.58000000,410.48000000,399.30000000,402.24000000,2371.25000000
1775660400000,2026-04-08T15:00:00+00:00,402.48000000,407.69000000,401.58000000,406.48000000,1062.23000000
1775664000000,2026-04-08T16:00:00+00:00,406.50000000,409.65000000,405.29000000,409.00000000,283.32000000
1775667600000,2026-04-08T17:00:00+00:00,408.95000000,409.30000000,405.92000000,406.45000000,177.38000000
1775671200000,2026-04-08T18:00:00+00:00,406.40000000,408.07000000,402.07000000,402.23000000,248.12000000
1775674800000,2026-04-08T19:00:00+00:00,402.36000000,407.00000000,402.25000000,407.00000000,262.65000000
1775678400000,2026-04-08T20:00:00+00:00,406.85000000,407.89000000,404.49000000,405.18000000,84.11000000
1775682000000,2026-04-08T21:00:00+00:00,405.17000000,405.90000000,404.91000000,405.50000000,50.39000000
1775685600000,2026-04-08T22:00:00+00:00,405.70000000,405.89000000,402.66000000,402.66000000,33.94000000
1775689200000,2026-04-08T23:00:00+00:00,402.65000000,403.04000000,401.53000000,402.26000000,85.59000000
1775692800000,2026-04-09T00:00:00+00:00,402.29000000,402.62000000,398.02000000,399.60000000,402.00000000
1775696400000,2026-04-09T01:00:00+00:00,399.58000000,399.80000000,385.00000000,397.61000000,954.66000000
1775700000000,2026-04-09T02:00:00+00:00,397.63000000,403.20000000,397.63000000,400.56000000,249.93000000
1775703600000,2026-04-09T03:00:00+00:00,400.57000000,400.85000000,398.10000000,398.79000000,111.60000000
1775707200000,2026-04-09T04:00:00+00:00,398.82000000,399.67000000,397.15000000,398.95000000,168.48000000
1775710800000,2026-04-09T05:00:00+00:00,398.80000000,402.65000000,397.79000000,401.00000000,198.27000000
1775714400000,2026-04-09T06:00:00+00:00,400.80000000,401.85000000,399.55000000,400.61000000,147.00000000
1775718000000,2026-04-09T07:00:00+00:00,400.70000000,401.74000000,397.82000000,398.49000000,174.45000000
1775721600000,2026-04-09T08:00:00+00:00,398.49000000,400.36000000,395.89000000,396.95000000,301.20000000
1775725200000,2026-04-09T09:00:00+00:00,396.96000000,403.31000000,396.69000000,402.60000000,267.91000000
1775728800000,2026-04-09T10:00:00+00:00,402.80000000,406.17000000,400.96000000,401.52000000,516.15000000
1775732400000,2026-04-09T11:00:00+00:00,401.51000000,406.22000000,401.50000000,405.50000000,269.38000000
1775736000000,2026-04-09T12:00:00+00:00,405.51000000,408.70000000,405.29000000,407.39000000,853.37000000
1775739600000,2026-04-09T13:00:00+00:00,407.36000000,419.71000000,406.83000000,409.85000000,2034.80000000
1775743200000,2026-04-09T14:00:00+00:00,409.84000000,410.00000000,398.95000000,404.76000000,1880.27000000
1775746800000,2026-04-09T15:00:00+00:00,404.63000000,408.87000000,401.82000000,407.62000000,584.32000000
1775750400000,2026-04-09T16:00:00+00:00,407.65000000,409.83000000,406.40000000,407.59000000,723.48000000
1775754000000,2026-04-09T17:00:00+00:00,407.80000000,414.40000000,407.34000000,412.68000000,501.62000000
1775757600000,2026-04-09T18:00:00+00:00,412.68000000,417.32000000,410.60000000,416.12000000,561.40000000
1775761200000,2026-04-09T19:00:00+00:00,416.28000000,423.93000000,416.28000000,421.95000000,404.90000000
1775764800000,2026-04-09T20:00:00+00:00,422.10000000,422.10000000,419.75000000,421.24000000,204.30000000
1775768400000,2026-04-09T21:00:00+00:00,421.25000000,422.71000000,419.80000000,420.79000000,72.89000000
1775772000000,2026-04-09T22:00:00+00:00,420.69000000,421.13000000,418.99000000,419.13000000,161.61000000
1775775600000,2026-04-09T23:00:00+00:00,419.03000000,419.26000000,417.13000000,418.53000000,147.43000000
1775779200000,2026-04-10T00:00:00+00:00,418.48000000,421.14000000,417.98000000,421.14000000,251.06000000
1775782800000,2026-04-10T01:00:00+00:00,421.13000000,424.09000000,421.04000000,422.72000000,424.31000000
1775786400000,2026-04-10T02:00:00+00:00,422.71000000,423.30000000,420.85000000,422.65000000,173.26000000
1775790000000,2026-04-10T03:00:00+00:00,422.55000000,423.00000000,421.16000000,421.83000000,115.36000000
1775793600000,2026-04-10T04:00:00+00:00,421.90000000,421.92000000,419.25000000,421.26000000,281.73000000
1775797200000,2026-04-10T05:00:00+00:00,421.29000000,422.19000000,420.18000000,420.34000000,154.58000000
1775800800000,2026-04-10T06:00:00+00:00,420.44000000,421.13000000,418.26000000,418.53000000,222.46000000
1775804400000,2026-04-10T07:00:00+00:00,418.78000000,419.22000000,417.25000000,418.40000000,107.34000000
1775808000000,2026-04-10T08:00:00+00:00,418.51000000,419.16000000,417.10000000,418.08000000,112.41000000
1775811600000,2026-04-10T09:00:00+00:00,418.24000000,421.44000000,418.11000000,421.44000000,142.02000000
1775815200000,2026-04-10T10:00:00+00:00,421.48000000,423.56000000,421.00000000,421.10000000,407.00000000
1775818800000,2026-04-10T11:00:00+00:00,421.12000000,424.02000000,421.12000000,422.63000000,157.60000000
1775822400000,2026-04-10T12:00:00+00:00,422.59000000,423.29000000,419.91000000,422.28000000,366.34000000
1775826000000,2026-04-10T13:00:00+00:00,422.25000000,425.69000000,410.35000000,420.75000000,2721.56000000
1775829600000,2026-04-10T14:00:00+00:00,420.71000000,423.18000000,417.57000000,423.10000000,1322.87000000
1775833200000,2026-04-10T15:00:00+00:00,423.06000000,424.23000000,414.48000000,415.47000000,846.35000000
1775836800000,2026-04-10T16:00:00+00:00,415.45000000,418.78000000,414.57000000,418.52000000,475.52000000
1775840400000,2026-04-10T17:00:00+00:00,418.60000000,424.00000000,417.52000000,423.24000000,291.95000000
1775844000000,2026-04-10T18:00:00+00:00,423.04000000,423.60000000,420.64000000,421.08000000,186.75000000
1775847600000,2026-04-10T19:00:00+00:00,421.08000000,423.17000000,420.18000000,420.81000000,177.28000000
1775851200000,2026-04-10T20:00:00+00:00,420.81000000,421.44000000,420.12000000,420.71000000,65.88000000
1775854800000,2026-04-10T21:00:00+00:00,420.72000000,420.75000000,419.89000000,420.19000000,30.86000000
1775858400000,2026-04-10T22:00:00+00:00,420.20000000,420.95000000,419.05000000,419.29000000,77.08000000
1775862000000,2026-04-10T23:00:00+00:00,419.27000000,419.97000000,418.97000000,419.42000000,132.55000000
1775865600000,2026-04-11T00:00:00+00:00,419.47000000,420.39000000,415.37000000,416.80000000,679.09000000
1775869200000,2026-04-11T01:00:00+00:00,416.82000000,417.73000000,416.81000000,417.50000000,91.66000000
1775872800000,2026-04-11T02:00:00+00:00,417.69000000,418.58000000,417.37000000,417.98000000,103.28000000
1775876400000,2026-04-11T03:00:00+00:00,418.02000000,418.47000000,417.31000000,417.43000000,68.73000000
1775880000000,2026-04-11T04:00:00+00:00,417.44000000,419.69000000,417.44000000,419.37000000,443.40000000
1775883600000,2026-04-11T05:00:00+00:00,419.38000000,419.65000000,419.10000000,419.48000000,154.04000000
1775887200000,2026-04-11T06:00:00+00:00,419.48000000,420.31000000,419.16000000,419.37000000,70.21000000
1775890800000,2026-04-11T07:00:00+00:00,419.51000000,420.01000000,418.50000000,419.52000000,77.39000000
1775894400000,2026-04-11T08:00:00+00:00,419.65000000,419.96000000,419.16000000,419.50000000,52.00000000
1775898000000,2026-04-11T09:00:00+00:00,419.51000000,419.91000000,419.07000000,419.17000000,38.19000000
1775901600000,2026-04-11T10:00:00+00:00,419.32000000,420.31000000,419.23000000,420.05000000,54.79000000
1775905200000,2026-04-11T11:00:00+00:00,420.22000000,420.43000000,419.16000000,419.29000000,12.46000000
1775908800000,2026-04-11T12:00:00+00:00,419.29000000,421.48000000,419.07000000,419.27000000,425.79000000
1775912400000,2026-04-11T13:00:00+00:00,419.22000000,421.12000000,418.87000000,419.26000000,376.75000000
1775916000000,2026-04-11T14:00:00+00:00,419.26000000,419.53000000,419.14000000,419.33000000,29.68000000
1775919600000,2026-04-11T15:00:00+00:00,419.44000000,419.55000000,418.65000000,419.12000000,120.65000000
1775923200000,2026-04-11T16:00:00+00:00,419.13000000,420.98000000,419.13000000,420.65000000,145.41000000
1775926800000,2026-04-11T17:00:00+00:00,420.68000000,421.00000000,419.88000000,420.78000000,229.36000000
1775930400000,2026-04-11T18:00:00+00:00,420.79000000,421.82000000,419.48000000,420.90000000,518.91000000
1775934000000,2026-04-11T19:00:00+00:00,420.81000000,421.06000000,420.48000000,420.48000000,123.35000000
1775937600000,2026-04-11T20:00:00+00:00,420.56000000,420.83000000,419.79000000,419.79000000,38.78000000
1775941200000,2026-04-11T21:00:00+00:00,419.92000000,420.75000000,419.76000000,420.03000000,60.19000000
1775944800000,2026-04-11T22:00:00+00:00,420.02000000,420.02000000,419.27000000,419.44000000,37.94000000
1775948400000,2026-04-11T23:00:00+00:00,419.37000000,419.62000000,419.17000000,419.31000000,78.65000000
1775952000000,2026-04-12T00:00:00+00:00,419.34000000,421.11000000,419.27000000,420.12000000,136.29000000
1775955600000,2026-04-12T01:00:00+00:00,420.12000000,420.18000000,417.83000000,418.79000000,1142.25000000
1775959200000,2026-04-12T02:00:00+00:00,418.79000000,418.88000000,417.32000000,417.41000000,2402.44000000
1775962800000,2026-04-12T03:00:00+00:00,417.41000000,417.58000000,417.31000000,417.56000000,181.72000000
1775966400000,2026-04-12T04:00:00+00:00,417.54000000,417.60000000,417.30000000,417.56000000,163.09000000
1775970000000,2026-04-12T05:00:00+00:00,417.60000000,417.64000000,417.44000000,417.63000000,350.07000000
1775973600000,2026-04-12T06:00:00+00:00,417.64000000,417.67000000,417.51000000,417.65000000,279.47000000
1775977200000,2026-04-12T07:00:00+00:00,417.65000000,418.74000000,417.65000000,418.58000000,368.20000000
1775980800000,2026-04-12T08:00:00+00:00,418.74000000,418.75000000,417.48000000,418.02000000,134.22000000
1775984400000,2026-04-12T09:00:00+00:00,417.94000000,418.24000000,417.79000000,418.10000000,120.59000000
1775988000000,2026-04-12T10:00:00+00:00,418.10000000,418.16000000,417.79000000,417.96000000,151.84000000
1775991600000,2026-04-12T11:00:00+00:00,417.96000000,418.29000000,417.79000000,417.94000000,185.77000000
1775995200000,2026-04-12T12:00:00+00:00,418.07000000,418.42000000,417.79000000,417.89000000,223.09000000
1775998800000,2026-04-12T13:00:00+00:00,417.84000000,418.06000000,417.01000000,417.04000000,900.91000000
1776002400000,2026-04-12T14:00:00+00:00,417.04000000,417.20000000,415.85000000,415.86000000,926.95000000
1776006000000,2026-04-12T15:00:00+00:00,415.86000000,416.52000000,415.86000000,416.48000000,372.54000000
1776009600000,2026-04-12T16:00:00+00:00,416.33000000,416.34000000,412.61000000,414.51000000,692.50000000
1776013200000,2026-04-12T17:00:00+00:00,414.66000000,416.47000000,414.37000000,415.78000000,586.59000000
1776016800000,2026-04-12T18:00:00+00:00,415.83000000,416.76000000,415.05000000,416.11000000,243.58000000
1776020400000,2026-04-12T19:00:00+00:00,416.12000000,416.12000000,414.39000000,414.77000000,116.52000000
1776024000000,2026-04-12T20:00:00+00:00,414.78000000,416.35000000,414.27000000,415.10000000,117.07000000
1776027600000,2026-04-12T21:00:00+00:00,415.11000000,416.07000000,413.84000000,416.05000000,325.16000000
1776031200000,2026-04-12T22:00:00+00:00,415.97000000,420.39000000,415.83000000,416.62000000,331.43000000
1776034800000,2026-04-12T23:00:00+00:00,416.65000000,417.82000000,414.10000000,417.82000000,425.92000000
1776038400000,2026-04-13T00:00:00+00:00,417.00000000,417.00000000,405.11000000,414.99000000,2646.85000000
1776042000000,2026-04-13T01:00:00+00:00,415.04000000,415.44000000,412.96000000,414.03000000,244.27000000
1776045600000,2026-04-13T02:00:00+00:00,414.03000000,414.03000000,411.57000000,413.35000000,120.64000000
1776049200000,2026-04-13T03:00:00+00:00,413.56000000,414.19000000,412.00000000,413.40000000,110.36000000
1776052800000,2026-04-13T04:00:00+00:00,413.46000000,413.86000000,412.56000000,413.52000000,59.55000000
1776056400000,2026-04-13T05:00:00+00:00,413.50000000,413.50000000,412.29000000,413.01000000,102.73000000
1776060000000,2026-04-13T06:00:00+00:00,413.08000000,416.17000000,413.05000000,415.04000000,1234.69000000
1776063600000,2026-04-13T07:00:00+00:00,415.04000000,415.50000000,412.67000000,413.51000000,359.78000000
1776067200000,2026-04-13T08:00:00+00:00,413.54000000,414.89000000,410.44000000,411.19000000,237.06000000
1776070800000,2026-04-13T09:00:00+00:00,411.05000000,414.84000000,410.99000000,413.61000000,248.72000000
1776074400000,2026-04-13T10:00:00+00:00,413.60000000,414.61000000,412.51000000,414.44000000,111.98000000
1776078000000,2026-04-13T11:00:00+00:00,414.55000000,416.39000000,413.04000000,413.04000000,160.93000000
1776081600000,2026-04-13T12:00:00+00:00,413.22000000,415.82000000,412.63000000,414.66000000,106.02000000
1776085200000,2026-04-13T13:00:00+00:00,414.85000000,419.15000000,409.20000000,416.74000000,1104.15000000
1776088800000,2026-04-13T14:00:00+00:00,416.71000000,418.29000000,411.55000000,416.60000000,1305.36000000
1776092400000,2026-04-13T15:00:00+00:00,416.55000000,421.39000000,413.75000000,414.55000000,966.20000000
1776096000000,2026-04-13T16:00:00+00:00,414.55000000,416.75000000,411.04000000,416.30000000,944.53000000
1776099600000,2026-04-13T17:00:00+00:00,416.25000000,418.33000000,415.00000000,417.01000000,204.33000000
1776103200000,2026-04-13T18:00:00+00:00,417.00000000,421.16000000,414.98000000,420.30000000,360.11000000
1776106800000,2026-04-13T19:00:00+00:00,420.24000000,427.10000000,420.24000000,427.10000000,307.41000000
1776110400000,2026-04-13T20:00:00+00:00,427.14000000,430.84000000,427.04000000,430.78000000,252.89000000
1776114000000,2026-04-13T21:00:00+00:00,430.80000000,431.19000000,427.35000000,428.71000000,295.90000000
1776117600000,2026-04-13T22:00:00+00:00,428.70000000,430.72000000,428.40000000,430.34000000,204.26000000
1776121200000,2026-04-13T23:00:00+00:00,430.33000000,430.94000000,429.11000000,430.85000000,697.70000000
1776124800000,2026-04-14T00:00:00+00:00,430.75000000,435.95000000,430.30000000,435.51000000,571.80000000
1776128400000,2026-04-14T01:00:00+00:00,435.40000000,435.40000000,432.19000000,432.45000000,133.75000000
1776132000000,2026-04-14T02:00:00+00:00,432.40000000,433.65000000,430.60000000,433.40000000,111.29000000
1776135600000,2026-04-14T03:00:00+00:00,433.50000000,433.50000000,431.54000000,433.33000000,209.91000000
1776139200000,2026-04-14T04:00:00+00:00,433.38000000,435.80000000,433.17000000,435.63000000,125.90000000
1776142800000,2026-04-14T05:00:00+00:00,435.70000000,437.26000000,434.80000000,434.87000000,189.80000000
1776146400000,2026-04-14T06:00:00+00:00,434.85000000,435.19000000,432.95000000,434.88000000,180.84000000
1776150000000,2026-04-14T07:00:00+00:00,435.02000000,436.61000000,434.70000000,435.37000000,207.64000000
1776153600000,2026-04-14T08:00:00+00:00,435.34000000,440.95000000,435.07000000,440.19000000,690.08000000
1776157200000,2026-04-14T09:00:00+00:00,440.03000000,440.38000000,436.63000000,436.90000000,235.16000000
1776160800000,2026-04-14T10:00:00+00:00,436.95000000,438.59000000,432.20000000,434.21000000,641.24000000
1776164400000,2026-04-14T11:00:00+00:00,434.15000000,437.70000000,433.95000000,436.60000000,219.61000000
1776168000000,2026-04-14T12:00:00+00:00,436.65000000,437.15000000,432.00000000,433.69000000,350.73000000
1776171600000,2026-04-14T13:00:00+00:00,433.72000000,438.40000000,425.35000000,431.65000000,2940.68000000
1776175200000,2026-04-14T14:00:00+00:00,431.66000000,441.33000000,429.76000000,436.15000000,1071.03000000
1776178800000,2026-04-14T15:00:00+00:00,436.10000000,442.30000000,431.70000000,439.61000000,764.95000000
1776182400000,2026-04-14T16:00:00+00:00,439.80000000,445.81000000,439.70000000,444.50000000,911.60000000
1776186000000,2026-04-14T17:00:00+00:00,444.67000000,457.00000000,444.60000000,456.97000000,1207.69000000
1776189600000,2026-04-14T18:00:00+00:00,456.78000000,458.84000000,452.40000000,453.66000000,578.47000000
1776193200000,2026-04-14T19:00:00+00:00,453.63000000,466.17000000,453.61000000,466.17000000,381.58000000
1776196800000,2026-04-14T20:00:00+00:00,466.20000000,468.73000000,462.17000000,462.18000000,403.01000000
1776200400000,2026-04-14T21:00:00+00:00,462.15000000,463.00000000,458.94000000,460.62000000,193.37000000
1776204000000,2026-04-14T22:00:00+00:00,460.48000000,462.24000000,457.59000000,458.75000000,916.16000000
1776207600000,2026-04-14T23:00:00+00:00,458.61000000,463.61000000,458.50000000,461.65000000,219.97000000
1776211200000,2026-04-15T00:00:00+00:00,461.73000000,462.72000000,459.30000000,461.53000000,463.31000000
1776214800000,2026-04-15T01:00:00+00:00,461.53000000,462.30000000,460.10000000,460.81000000,164.80000000
1776218400000,2026-04-15T02:00:00+00:00,460.58000000,460.58000000,457.45000000,458.02000000,273.17000000
1776222000000,2026-04-15T03:00:00+00:00,458.03000000,460.78000000,458.03000000,460.35000000,215.48000000
1776225600000,2026-04-15T04:00:00+00:00,460.30000000,460.79000000,458.80000000,459.42000000,231.88000000
1776229200000,2026-04-15T05:00:00+00:00,459.34000000,460.55000000,451.74000000,455.85000000,905.33000000
1776232800000,2026-04-15T06:00:00+00:00,456.10000000,456.60000000,453.79000000,454.39000000,146.29000000
1776236400000,2026-04-15T07:00:00+00:00,454.40000000,457.52000000,454.07000000,457.25000000,175.76000000
1776240000000,2026-04-15T08:00:00+00:00,457.20000000,458.85000000,456.12000000,458.40000000,281.57000000
1776243600000,2026-04-15T09:00:00+00:00,458.40000000,458.60000000,453.52000000,454.90000000,229.81000000
1776247200000,2026-04-15T10:00:00+00:00,454.74000000,456.19000000,451.29000000,454.53000000,262.53000000
1776250800000,2026-04-15T11:00:00+00:00,454.54000000,457.26000000,453.35000000,456.69000000,134.71000000
1776254400000,2026-04-15T12:00:00+00:00,456.68000000,456.92000000,454.15000000,455.60000000,124.46000000
1776258000000,2026-04-15T13:00:00+00:00,455.55000000,463.50000000,452.43000000,452.83000000,2997.17000000
1776261600000,2026-04-15T14:00:00+00:00,452.94000000,454.92000000,444.79000000,451.23000000,1503.24000000
1776265200000,2026-04-15T15:00:00+00:00,451.26000000,453.75000000,446.65000000,446.95000000,475.66000000
1776268800000,2026-04-15T16:00:00+00:00,446.95000000,448.72000000,439.59000000,443.08000000,454.60000000
1776272400000,2026-04-15T17:00:00+00:00,442.85000000,448.75000000,442.48000000,448.15000000,212.32000000
1776276000000,2026-04-15T18:00:00+00:00,447.95000000,451.15000000,447.40000000,450.85000000,192.85000000
1776279600000,2026-04-15T19:00:00+00:00,451.00000000,456.63000000,450.62000000,456.50000000,257.60000000
1776283200000,2026-04-15T20:00:00+00:00,456.40000000,456.78000000,452.83000000,455.14000000,226.91000000
1776286800000,2026-04-15T21:00:00+00:00,455.07000000,455.14000000,453.88000000,454.39000000,37.76000000
1776290400000,2026-04-15T22:00:00+00:00,454.21000000,455.35000000,453.81000000,455.00000000,93.89000000
1776294000000,2026-04-15T23:00:00+00:00,455.01000000,455.39000000,453.55000000,453.55000000,63.74000000
1776297600000,2026-04-16T00:00:00+00:00,453.63000000,454.96000000,451.59000000,454.25000000,304.09000000
1776301200000,2026-04-16T01:00:00+00:00,454.30000000,455.10000000,453.22000000,454.17000000,199.55000000
1776304800000,2026-04-16T02:00:00+00:00,454.17000000,459.60000000,453.91000000,457.16000000,145.50000000
1776308400000,2026-04-16T03:00:00+00:00,456.95000000,458.09000000,456.22000000,456.68000000,155.49000000
1776312000000,2026-04-16T04:00:00+00:00,456.65000000,456.84000000,454.28000000,455.59000000,80.62000000
1776315600000,2026-04-16T05:00:00+00:00,455.40000000,458.47000000,454.60000000,457.53000000,186.05000000
1776319200000,2026-04-16T06:00:00+00:00,457.50000000,459.70000000,456.75000000,459.54000000,154.93000000
1776322800000,2026-04-16T07:00:00+00:00,459.42000000,459.60000000,457.90000000,458.82000000,160.39000000
1776326400000,2026-04-16T08:00:00+00:00,458.85000000,459.70000000,456.11000000,456.65000000,212.93000000
1776330000000,2026-04-16T09:00:00+00:00,456.75000000,458.34000000,456.61000000,456.65000000,217.44000000
1776333600000,2026-04-16T10:00:00+00:00,456.61000000,456.94000000,441.28000000,447.24000000,682.87000000
1776337200000,2026-04-16T11:00:00+00:00,447.30000000,450.00000000,446.36000000,448.90000000,252.00000000
1776340800000,2026-04-16T12:00:00+00:00,449.06000000,451.65000000,446.13000000,447.22000000,476.86000000
1776344400000,2026-04-16T13:00:00+00:00,447.15000000,455.25000000,444.80000000,455.09000000,3329.34000000
1776348000000,2026-04-16T14:00:00+00:00,455.23000000,462.60000000,453.64000000,458.75000000,2312.07000000
1776351600000,2026-04-16T15:00:00+00:00,458.70000000,461.45000000,455.02000000,460.62000000,1212.79000000
1776355200000,2026-04-16T16:00:00+00:00,460.65000000,461.93000000,454.20000000,458.49000000,1039.73000000
1776358800000,2026-04-16T17:00:00+00:00,458.60000000,460.74000000,455.00000000,455.67000000,604.19000000
1776362400000,2026-04-16T18:00:00+00:00,455.66000000,455.90000000,452.05000000,454.52000000,549.00000000
1776366000000,2026-04-16T19:00:00+00:00,454.59000000,458.16000000,454.59000000,457.26000000,577.19000000
1776369600000,2026-04-16T20:00:00+00:00,457.31000000,457.31000000,454.77000000,454.97000000,108.40000000
1776373200000,2026-04-16T21:00:00+00:00,454.95000000,455.39000000,453.44000000,454.79000000,87.00000000
1776376800000,2026-04-16T22:00:00+00:00,454.59000000,455.52000000,454.56000000,454.58000000,66.51000000
1776380400000,2026-04-16T23:00:00+00:00,454.55000000,455.85000000,454.40000000,455.20000000,18.23000000
1776384000000,2026-04-17T00:00:00+00:00,455.25000000,455.89000000,453.70000000,454.53000000,62.23000000
1776387600000,2026-04-17T01:00:00+00:00,454.62000000,455.09000000,454.15000000,454.72000000,68.36000000
1776391200000,2026-04-17T02:00:00+00:00,454.72000000,454.72000000,451.79000000,451.79000000,89.03000000
1776394800000,2026-04-17T03:00:00+00:00,451.81000000,451.96000000,450.05000000,451.55000000,73.83000000
1776398400000,2026-04-17T04:00:00+00:00,451.70000000,452.89000000,450.52000000,450.75000000,47.95000000
1776402000000,2026-04-17T05:00:00+00:00,450.73000000,452.49000000,449.36000000,451.80000000,55.53000000
1776405600000,2026-04-17T06:00:00+00:00,451.80000000,452.60000000,451.12000000,451.19000000,69.63000000
1776409200000,2026-04-17T07:00:00+00:00,451.35000000,452.95000000,451.11000000,452.40000000,112.57000000
1776412800000,2026-04-17T08:00:00+00:00,452.67000000,454.07000000,451.75000000,454.00000000,78.72000000
1776416400000,2026-04-17T09:00:00+00:00,454.05000000,457.70000000,453.73000000,457.22000000,191.76000000
1776420000000,2026-04-17T10:00:00+00:00,457.31000000,458.61000000,455.55000000,456.12000000,232.28000000
1776423600000,2026-04-17T11:00:00+00:00,456.16000000,461.50000000,456.16000000,460.35000000,219.88000000
1776427200000,2026-04-17T12:00:00+00:00,460.56000000,472.00000000,460.56000000,471.03000000,741.18000000
1776430800000,2026-04-17T13:00:00+00:00,471.26000000,473.35000000,454.98000000,458.80000000,4024.39000000
1776434400000,2026-04-17T14:00:00+00:00,458.84000000,462.98000000,456.13000000,459.09000000,3042.23000000
1776438000000,2026-04-17T15:00:00+00:00,459.01000000,461.15000000,453.12000000,453.12000000,1123.69000000
1776441600000,2026-04-17T16:00:00+00:00,453.29000000,459.95000000,452.67000000,458.85000000,1089.70000000
1776445200000,2026-04-17T17:00:00+00:00,458.85000000,460.34000000,456.32000000,458.85000000,715.92000000
1776448800000,2026-04-17T18:00:00+00:00,458.90000000,460.45000000,457.34000000,459.25000000,307.65000000
1776452400000,2026-04-17T19:00:00+00:00,459.44000000,459.78000000,455.10000000,456.00000000,313.94000000
1776456000000,2026-04-17T20:00:00+00:00,455.95000000,456.34000000,454.40000000,455.15000000,100.81000000
1776459600000,2026-04-17T21:00:00+00:00,455.15000000,455.33000000,454.50000000,454.79000000,40.81000000
1776463200000,2026-04-17T22:00:00+00:00,454.60000000,455.27000000,453.51000000,453.73000000,27.77000000
1776466800000,2026-04-17T23:00:00+00:00,453.72000000,454.30000000,452.70000000,452.93000000,25.58000000
1776470400000,2026-04-18T00:00:00+00:00,452.80000000,453.34000000,451.55000000,452.49000000,539.38000000
1776474000000,2026-04-18T01:00:00+00:00,452.56000000,453.34000000,451.53000000,452.60000000,407.04000000
1776477600000,2026-04-18T02:00:00+00:00,452.58000000,453.84000000,452.52000000,453.48000000,61.39000000
1776481200000,2026-04-18T03:00:00+00:00,453.48000000,454.07000000,452.48000000,452.79000000,123.95000000
1776484800000,2026-04-18T04:00:00+00:00,452.82000000,453.74000000,452.49000000,452.88000000,193.86000000
1776488400000,2026-04-18T05:00:00+00:00,452.90000000,453.23000000,452.28000000,453.08000000,39.60000000
1776492000000,2026-04-18T06:00:00+00:00,453.24000000,453.34000000,452.79000000,453.22000000,53.49000000
1776495600000,2026-04-18T07:00:00+00:00,453.25000000,453.30000000,452.50000000,452.56000000,69.61000000
1776499200000,2026-04-18T08:00:00+00:00,452.64000000,453.30000000,452.41000000,452.65000000,106.35000000
1776502800000,2026-04-18T09:00:00+00:00,452.65000000,453.92000000,450.70000000,452.65000000,433.75000000
1776506400000,2026-04-18T10:00:00+00:00,452.55000000,452.88000000,451.70000000,452.51000000,63.04000000
1776510000000,2026-04-18T11:00:00+00:00,452.43000000,452.70000000,450.40000000,452.35000000,561.28000000
1776513600000,2026-04-18T12:00:00+00:00,452.40000000,452.76000000,452.16000000,452.52000000,76.88000000
1776517200000,2026-04-18T13:00:00+00:00,452.68000000,453.05000000,452.03000000,452.47000000,151.44000000
1776520800000,2026-04-18T14:00:00+00:00,452.54000000,452.76000000,452.24000000,452.67000000,19.08000000
1776524400000,2026-04-18T15:00:00+00:00,452.67000000,452.67000000,451.65000000,452.42000000,58.86000000
1776528000000,2026-04-18T16:00:00+00:00,452.42000000,452.97000000,451.80000000,452.54000000,104.44000000
1776531600000,2026-04-18T17:00:00+00:00,452.53000000,453.32000000,452.22000000,452.54000000,123.63000000
1776535200000,2026-04-18T18:00:00+00:00,452.39000000,452.97000000,451.89000000,452.19000000,158.32000000
1776538800000,2026-04-18T19:00:00+00:00,452.28000000,452.50000000,452.06000000,452.27000000,59.47000000
1776542400000,2026-04-18T20:00:00+00:00,452.12000000,452.44000000,451.90000000,452.35000000,38.89000000
1776546000000,2026-04-18T21:00:00+00:00,452.17000000,452.94000000,451.61000000,452.30000000,67.61000000
1776549600000,2026-04-18T22:00:00+00:00,452.29000000,452.88000000,451.95000000,452.88000000,41.80000000
1776553200000,2026-04-18T23:00:00+00:00,452.77000000,453.34000000,452.03000000,452.04000000,39.15000000
1776556800000,2026-04-19T00:00:00+00:00,452.03000000,452.31000000,451.53000000,452.28000000,35.29000000
1776560400000,2026-04-19T01:00:00+00:00,452.12000000,452.34000000,451.53000000,452.02000000,18.80000000
1776564000000,2026-04-19T02:00:00+00:00,452.16000000,452.88000000,451.78000000,452.19000000,64.02000000
1776567600000,2026-04-19T03:00:00+00:00,452.06000000,452.62000000,451.71000000,451.84000000,219.50000000
1776571200000,2026-04-19T04:00:00+00:00,451.85000000,452.35000000,451.62000000,452.21000000,35.42000000
1776574800000,2026-04-19T05:00:00+00:00,452.33000000,452.38000000,451.77000000,451.87000000,8.98000000
1776578400000,2026-04-19T06:00:00+00:00,451.79000000,452.08000000,451.53000000,451.66000000,55.44000000
1776582000000,2026-04-19T07:00:00+00:00,451.62000000,452.45000000,451.53000000,452.05000000,110.58000000
1776585600000,2026-04-19T08:00:00+00:00,452.05000000,452.10000000,451.25000000,451.62000000,103.44000000
1776589200000,2026-04-19T09:00:00+00:00,451.62000000,451.85000000,451.52000000,451.65000000,8.68000000
1776592800000,2026-04-19T10:00:00+00:00,451.71000000,451.90000000,451.55000000,451.65000000,9.63000000
1776596400000,2026-04-19T11:00:00+00:00,451.74000000,451.94000000,451.45000000,451.87000000,73.98000000
1776600000000,2026-04-19T12:00:00+00:00,451.87000000,452.30000000,451.42000000,451.93000000,28.03000000
1776603600000,2026-04-19T13:00:00+00:00,451.90000000,453.50000000,451.67000000,453.50000000,147.63000000
1776607200000,2026-04-19T14:00:00+00:00,453.50000000,453.90000000,453.21000000,453.38000000,75.27000000
1776610800000,2026-04-19T15:00:00+00:00,453.40000000,453.90000000,453.01000000,453.25000000,125.33000000
1776614400000,2026-04-19T16:00:00+00:00,453.10000000,453.49000000,452.46000000,452.55000000,40.06000000
1776618000000,2026-04-19T17:00:00+00:00,452.46000000,452.70000000,450.18000000,450.35000000,121.38000000
1776621600000,2026-04-19T18:00:00+00:00,450.36000000,451.37000000,450.05000000,450.18000000,113.37000000
1776625200000,2026-04-19T19:00:00+00:00,450.45000000,450.55000000,450.02000000,450.25000000,40.07000000
1776628800000,2026-04-19T20:00:00+00:00,450.24000000,450.35000000,449.47000000,449.72000000,70.53000000
1776632400000,2026-04-19T21:00:00+00:00,449.86000000,452.07000000,449.51000000,451.39000000,181.41000000
1776636000000,2026-04-19T22:00:00+00:00,451.45000000,453.32000000,450.50000000,452.00000000,124.64000000
1776639600000,2026-04-19T23:00:00+00:00,451.97000000,452.00000000,450.25000000,451.45000000,177.39000000
1776643200000,2026-04-20T00:00:00+00:00,451.36000000,452.94000000,445.32000000,451.83000000,933.20000000
1776646800000,2026-04-20T01:00:00+00:00,452.00000000,454.29000000,451.15000000,453.36000000,366.87000000
1776650400000,2026-04-20T02:00:00+00:00,453.48000000,453.55000000,451.20000000,451.90000000,68.43000000
1776654000000,2026-04-20T03:00:00+00:00,451.81000000,452.43000000,450.00000000,450.00000000,243.07000000
1776657600000,2026-04-20T04:00:00+00:00,450.00000000,450.20000000,448.22000000,449.92000000,158.69000000
1776661200000,2026-04-20T05:00:00+00:00,449.92000000,450.24000000,447.36000000,448.46000000,129.37000000
1776664800000,2026-04-20T06:00:00+00:00,448.60000000,450.75000000,448.18000000,450.75000000,401.22000000
1776668400000,2026-04-20T07:00:00+00:00,450.70000000,452.49000000,449.64000000,450.12000000,473.64000000
1776672000000,2026-04-20T08:00:00+00:00,450.15000000,452.22000000,448.74000000,451.99000000,255.51000000
1776675600000,2026-04-20T09:00:00+00:00,452.00000000,452.36000000,450.07000000,450.40000000,130.09000000
1776679200000,2026-04-20T10:00:00+00:00,450.45000000,452.41000000,450.45000000,451.47000000,64.05000000
1776682800000,2026-04-20T11:00:00+00:00,451.52000000,456.46000000,450.88000000,455.00000000,278.03000000
1776686400000,2026-04-20T12:00:00+00:00,455.05000000,457.10000000,453.50000000,455.92000000,368.72000000
1776690000000,2026-04-20T13:00:00+00:00,455.86000000,464.65000000,450.68000000,451.55000000,3319.01000000
1776693600000,2026-04-20T14:00:00+00:00,451.65000000,451.85000000,440.90000000,442.10000000,2860.28000000
1776697200000,2026-04-20T15:00:00+00:00,442.09000000,444.24000000,436.21000000,438.61000000,4089.24000000
1776700800000,2026-04-20T16:00:00+00:00,438.50000000,446.40000000,437.15000000,446.00000000,1110.60000000
1776704400000,2026-04-20T17:00:00+00:00,446.12000000,448.76000000,445.11000000,448.21000000,317.16000000
1776708000000,2026-04-20T18:00:00+00:00,448.22000000,449.65000000,446.79000000,449.27000000,324.24000000
1776711600000,2026-04-20T19:00:00+00:00,449.30000000,449.85000000,447.20000000,448.77000000,296.19000000
1776715200000,2026-04-20T20:00:00+00:00,448.80000000,449.15000000,446.83000000,447.79000000,113.57000000
1776718800000,2026-04-20T21:00:00+00:00,447.75000000,448.12000000,446.76000000,447.25000000,36.43000000
1776722400000,2026-04-20T22:00:00+00:00,447.28000000,447.96000000,446.48000000,447.51000000,100.63000000
1776726000000,2026-04-20T23:00:00+00:00,447.39000000,448.15000000,446.84000000,447.80000000,29.72000000
1776729600000,2026-04-21T00:00:00+00:00,447.75000000,452.32000000,447.31000000,451.26000000,310.60000000
1776733200000,2026-04-21T01:00:00+00:00,451.20000000,451.90000000,449.84000000,449.95000000,106.75000000
1776736800000,2026-04-21T02:00:00+00:00,450.04000000,451.45000000,449.65000000,451.02000000,64.41000000
1776740400000,2026-04-21T03:00:00+00:00,451.00000000,453.37000000,450.89000000,452.65000000,115.77000000
1776744000000,2026-04-21T04:00:00+00:00,452.61000000,453.00000000,451.00000000,451.86000000,109.44000000
1776747600000,2026-04-21T05:00:00+00:00,451.76000000,452.77000000,451.63000000,451.87000000,22.41000000
1776751200000,2026-04-21T06:00:00+00:00,451.91000000,453.05000000,451.89000000,452.93000000,72.23000000
1776754800000,2026-04-21T07:00:00+00:00,452.91000000,453.05000000,452.00000000,452.48000000,81.83000000
1776758400000,2026-04-21T08:00:00+00:00,452.55000000,454.31000000,451.64000000,453.47000000,56.87000000
1776762000000,2026-04-21T09:00:00+00:00,453.43000000,454.55000000,452.42000000,453.80000000,168.26000000
1776765600000,2026-04-21T10:00:00+00:00,453.86000000,455.79000000,453.80000000,454.65000000,114.61000000
1776769200000,2026-04-21T11:00:00+00:00,454.64000000,454.90000000,453.09000000,453.80000000,162.69000000
1776772800000,2026-04-21T12:00:00+00:00,453.90000000,454.35000000,450.30000000,451.29000000,412.94000000
1776776400000,2026-04-21T13:00:00+00:00,451.22000000,458.11000000,450.00000000,451.49000000,2456.34000000
1776780000000,2026-04-21T14:00:00+00:00,451.63000000,452.40000000,443.25000000,444.06000000,1793.55000000
1776783600000,2026-04-21T15:00:00+00:00,444.15000000,447.00000000,441.59000000,446.94000000,933.03000000
1776787200000,2026-04-21T16:00:00+00:00,446.96000000,450.27000000,445.79000000,447.70000000,864.12000000
1776790800000,2026-04-21T17:00:00+00:00,447.67000000,452.90000000,446.60000000,451.80000000,744.91000000
1776794400000,2026-04-21T18:00:00+00:00,451.77000000,453.26000000,449.60000000,451.12000000,396.47000000
1776798000000,2026-04-21T19:00:00+00:00,451.25000000,455.85000000,447.54000000,449.75000000,346.64000000
1776801600000,2026-04-21T20:00:00+00:00,449.68000000,454.50000000,447.95000000,452.43000000,909.38000000
1776805200000,2026-04-21T21:00:00+00:00,452.43000000,453.55000000,451.98000000,452.97000000,98.89000000
1776808800000,2026-04-21T22:00:00+00:00,452.82000000,453.04000000,451.72000000,452.75000000,86.68000000
1776812400000,2026-04-21T23:00:00+00:00,452.79000000,454.35000000,452.79000000,453.78000000,252.21000000
1776816000000,2026-04-22T00:00:00+00:00,453.75000000,455.40000000,453.41000000,454.41000000,348.80000000
1776819600000,2026-04-22T01:00:00+00:00,454.58000000,454.89000000,453.06000000,454.02000000,148.22000000
1776823200000,2026-04-22T02:00:00+00:00,454.02000000,454.41000000,453.59000000,454.06000000,149.79000000
1776826800000,2026-04-22T03:00:00+00:00,454.06000000,454.25000000,453.24000000,453.28000000,58.72000000
1776830400000,2026-04-22T04:00:00+00:00,453.45000000,453.88000000,453.00000000,453.21000000,89.98000000
1776834000000,2026-04-22T05:00:00+00:00,453.23000000,456.48000000,453.01000000,455.75000000,193.93000000
1776837600000,2026-04-22T06:00:00+00:00,455.75000000,456.23000000,455.15000000,456.16000000,73.80000000
1776841200000,2026-04-22T07:00:00+00:00,456.23000000,457.50000000,455.61000000,457.21000000,144.57000000
1776844800000,2026-04-22T08:00:00+00:00,457.27000000,457.75000000,456.00000000,457.29000000,171.28000000
1776848400000,2026-04-22T09:00:00+00:00,457.43000000,459.53000000,457.29000000,457.80000000,247.27000000
1776852000000,2026-04-22T10:00:00+00:00,457.78000000,457.98000000,455.58000000,455.85000000,164.59000000
1776855600000,2026-04-22T11:00:00+00:00,455.85000000,458.00000000,455.85000000,457.62000000,106.90000000
1776859200000,2026-04-22T12:00:00+00:00,457.60000000,458.72000000,456.81000000,457.82000000,209.13000000
1776862800000,2026-04-22T13:00:00+00:00,457.81000000,469.19000000,457.59000000,462.30000000,3068.67000000
1776866400000,2026-04-22T14:00:00+00:00,462.08000000,479.85000000,460.66000000,475.46000000,3313.82000000
1776870000000,2026-04-22T15:00:00+00:00,475.47000000,479.28000000,473.12000000,477.70000000,2286.78000000
1776873600000,2026-04-22T16:00:00+00:00,477.74000000,485.94000000,476.85000000,484.46000000,1725.97000000
1776877200000,2026-04-22T17:00:00+00:00,484.46000000,487.61000000,483.64000000,486.00000000,1130.45000000
1776880800000,2026-04-22T18:00:00+00:00,485.90000000,490.32000000,481.31000000,489.87000000,1138.93000000
1776884400000,2026-04-22T19:00:00+00:00,490.00000000,492.30000000,486.55000000,488.09000000,862.00000000
1776888000000,2026-04-22T20:00:00+00:00,487.93000000,490.84000000,487.32000000,489.76000000,284.84000000
1776891600000,2026-04-22T21:00:00+00:00,489.76000000,490.85000000,485.69000000,486.30000000,188.76000000
1776895200000,2026-04-22T22:00:00+00:00,486.00000000,488.00000000,482.97000000,484.01000000,350.24000000
1776898800000,2026-04-22T23:00:00+00:00,484.00000000,487.20000000,483.09000000,486.80000000,235.15000000
1776902400000,2026-04-23T00:00:00+00:00,486.75000000,489.48000000,479.21000000,488.60000000,1254.38000000
1776906000000,2026-04-23T01:00:00+00:00,488.40000000,488.65000000,483.20000000,483.45000000,294.32000000
1776909600000,2026-04-23T02:00:00+00:00,483.49000000,483.60000000,476.75000000,477.52000000,762.53000000
1776913200000,2026-04-23T03:00:00+00:00,477.55000000,480.05000000,473.03000000,477.30000000,595.69000000
1776916800000,2026-04-23T04:00:00+00:00,477.26000000,481.30000000,476.20000000,481.00000000,287.72000000
1776920400000,2026-04-23T05:00:00+00:00,480.92000000,481.70000000,478.33000000,481.28000000,259.61000000
1776924000000,2026-04-23T06:00:00+00:00,481.19000000,483.75000000,481.04000000,482.75000000,192.80000000
1776927600000,2026-04-23T07:00:00+00:00,482.69000000,483.44000000,481.51000000,482.80000000,131.60000000
1776931200000,2026-04-23T08:00:00+00:00,482.85000000,482.94000000,479.69000000,480.10000000,234.19000000
1776934800000,2026-04-23T09:00:00+00:00,480.07000000,480.89000000,477.66000000,479.88000000,248.27000000
1776938400000,2026-04-23T10:00:00+00:00,480.07000000,483.10000000,478.61000000,481.77000000,469.02000000
1776942000000,2026-04-23T11:00:00+00:00,481.86000000,484.68000000,481.75000000,483.33000000,325.16000000
1776945600000,2026-04-23T12:00:00+00:00,483.24000000,484.27000000,480.48000000,481.62000000,352.63000000
1776949200000,2026-04-23T13:00:00+00:00,481.60000000,484.00000000,475.15000000,479.79000000,1713.72000000
1776952800000,2026-04-23T14:00:00+00:00,479.63000000,483.31000000,472.39000000,482.22000000,1035.57000000
1776956400000,2026-04-23T15:00:00+00:00,482.15000000,490.81000000,481.20000000,489.73000000,758.08000000
1776960000000,2026-04-23T16:00:00+00:00,489.75000000,495.55000000,485.48000000,491.10000000,1774.26000000
1776963600000,2026-04-23T17:00:00+00:00,491.10000000,492.32000000,474.18000000,479.96000000,1230.11000000
1776967200000,2026-04-23T18:00:00+00:00,479.94000000,482.44000000,475.20000000,475.50000000,389.52000000
1776970800000,2026-04-23T19:00:00+00:00,475.42000000,482.56000000,472.17000000,482.42000000,730.72000000
1776974400000,2026-04-23T20:00:00+00:00,482.16000000,486.65000000,480.62000000,482.91000000,512.42000000
1776978000000,2026-04-23T21:00:00+00:00,482.90000000,484.07000000,481.35000000,482.95000000,216.51000000
1776981600000,2026-04-23T22:00:00+00:00,482.91000000,484.93000000,481.96000000,483.95000000,238.27000000
1776985200000,2026-04-23T23:00:00+00:00,484.00000000,485.81000000,483.62000000,485.57000000,64.64000000
1776988800000,2026-04-24T00:00:00+00:00,485.40000000,488.89000000,485.34000000,487.80000000,355.37000000
1776992400000,2026-04-24T01:00:00+00:00,487.74000000,487.74000000,484.50000000,486.38000000,1497.85000000
1776996000000,2026-04-24T02:00:00+00:00,486.36000000,486.55000000,484.50000000,485.65000000,413.11000000
1776999600000,2026-04-24T03:00:00+00:00,485.75000000,485.95000000,475.61000000,478.75000000,923.17000000
1777003200000,2026-04-24T04:00:00+00:00,478.63000000,480.35000000,475.75000000,480.35000000,373.13000000
1777006800000,2026-04-24T05:00:00+00:00,480.29000000,483.18000000,478.50000000,483.05000000,240.76000000
1777010400000,2026-04-24T06:00:00+00:00,483.00000000,484.65000000,481.10000000,481.52000000,267.16000000
1777014000000,2026-04-24T07:00:00+00:00,481.35000000,485.76000000,481.20000000,485.70000000,346.40000000
1777017600000,2026-04-24T08:00:00+00:00,485.80000000,489.78000000,484.24000000,487.70000000,613.79000000
1777021200000,2026-04-24T09:00:00+00:00,487.80000000,488.66000000,474.87000000,484.50000000,1476.28000000
1777024800000,2026-04-24T10:00:00+00:00,484.52000000,490.85000000,483.93000000,489.44000000,1235.02000000
1777028400000,2026-04-24T11:00:00+00:00,489.25000000,497.14000000,489.23000000,495.35000000,664.77000000
1777032000000,2026-04-24T12:00:00+00:00,495.24000000,499.80000000,494.74000000,495.70000000,648.89000000
1777035600000,2026-04-24T13:00:00+00:00,495.65000000,507.42000000,490.04000000,494.52000000,4699.25000000
1777039200000,2026-04-24T14:00:00+00:00,494.49000000,507.28000000,493.73000000,505.38000000,2219.94000000
1777042800000,2026-04-24T15:00:00+00:00,505.43000000,505.68000000,496.25000000,498.72000000,1757.24000000
1777046400000,2026-04-24T16:00:00+00:00,498.90000000,500.45000000,497.00000000,498.98000000,956.94000000
1777050000000,2026-04-24T17:00:00+00:00,499.02000000,499.44000000,495.48000000,498.60000000,362.23000000
1777053600000,2026-04-24T18:00:00+00:00,498.64000000,498.96000000,493.79000000,497.52000000,246.24000000
1777057200000,2026-04-24T19:00:00+00:00,497.58000000,499.56000000,495.81000000,497.14000000,413.92000000
1777060800000,2026-04-24T20:00:00+00:00,497.13000000,497.21000000,494.71000000,496.08000000,91.21000000
1777064400000,2026-04-24T21:00:00+00:00,495.99000000,496.44000000,494.51000000,495.83000000,96.97000000
1777068000000,2026-04-24T22:00:00+00:00,495.89000000,496.05000000,494.50000000,494.91000000,69.29000000
1777071600000,2026-04-24T23:00:00+00:00,494.90000000,496.10000000,494.60000000,495.18000000,82.59000000
1777075200000,2026-04-25T00:00:00+00:00,495.02000000,495.28000000,493.92000000,494.73000000,164.63000000
1777078800000,2026-04-25T01:00:00+00:00,494.99000000,495.36000000,494.32000000,494.99000000,94.98000000
1777082400000,2026-04-25T02:00:00+00:00,494.99000000,495.03000000,494.35000000,494.92000000,80.00000000
1777086000000,2026-04-25T03:00:00+00:00,494.93000000,494.96000000,494.40000000,494.63000000,158.17000000
1777089600000,2026-04-25T04:00:00+00:00,494.70000000,494.97000000,494.50000000,494.97000000,64.03000000
1777093200000,2026-04-25T05:00:00+00:00,495.00000000,495.07000000,494.63000000,494.66000000,42.82000000
1777096800000,2026-04-25T06:00:00+00:00,494.80000000,495.68000000,494.70000000,494.77000000,29.51000000
1777100400000,2026-04-25T07:00:00+00:00,494.76000000,495.72000000,494.66000000,495.53000000,67.38000000
1777104000000,2026-04-25T08:00:00+00:00,495.55000000,495.79000000,494.96000000,495.11000000,16.30000000
1777107600000,2026-04-25T09:00:00+00:00,495.11000000,495.23000000,494.71000000,494.98000000,35.53000000
1777111200000,2026-04-25T10:00:00+00:00,494.86000000,495.00000000,494.67000000,494.77000000,51.91000000
1777114800000,2026-04-25T11:00:00+00:00,494.73000000,495.17000000,494.61000000,495.17000000,45.65000000
1777118400000,2026-04-25T12:00:00+00:00,495.17000000,495.45000000,494.57000000,495.45000000,35.05000000
1777122000000,2026-04-25T13:00:00+00:00,495.35000000,495.69000000,495.10000000,495.51000000,55.75000000
1777125600000,2026-04-25T14:00:00+00:00,495.50000000,495.79000000,495.16000000,495.70000000,24.40000000
1777129200000,2026-04-25T15:00:00+00:00,495.70000000,495.76000000,494.70000000,494.81000000,99.69000000
1777132800000,2026-04-25T16:00:00+00:00,494.75000000,494.96000000,494.24000000,494.66000000,91.10000000
1777136400000,2026-04-25T17:00:00+00:00,494.72000000,494.80000000,494.31000000,494.80000000,8.08000000
1777140000000,2026-04-25T18:00:00+00:00,494.75000000,494.75000000,494.45000000,494.47000000,24.96000000
1777143600000,2026-04-25T19:00:00+00:00,494.51000000,494.70000000,494.35000000,494.37000000,16.49000000
1777147200000,2026-04-25T20:00:00+00:00,494.36000000,494.57000000,494.24000000,494.28000000,9.72000000
1777150800000,2026-04-25T21:00:00+00:00,494.27000000,494.75000000,494.27000000,494.75000000,8.98000000
1777154400000,2026-04-25T22:00:00+00:00,494.70000000,495.10000000,494.38000000,495.09000000,26.32000000
1777158000000,2026-04-25T23:00:00+00:00,495.02000000,495.20000000,494.75000000,494.98000000,20.21000000
1777161600000,2026-04-26T00:00:00+00:00,495.03000000,495.69000000,494.75000000,495.57000000,34.06000000
1777165200000,2026-04-26T01:00:00+00:00,495.54000000,495.54000000,494.95000000,495.30000000,43.33000000
1777168800000,2026-04-26T02:00:00+00:00,495.03000000,496.00000000,494.95000000,495.31000000,47.43000000
1777172400000,2026-04-26T03:00:00+00:00,495.12000000,495.84000000,494.95000000,494.95000000,16.45000000
1777176000000,2026-04-26T04:00:00+00:00,494.95000000,495.74000000,494.91000000,495.74000000,10.43000000
1777179600000,2026-04-26T05:00:00+00:00,495.74000000,495.74000000,495.00000000,495.36000000,18.64000000
1777183200000,2026-04-26T06:00:00+00:00,495.54000000,495.74000000,495.33000000,495.58000000,19.37000000
1777186800000,2026-04-26T07:00:00+00:00,495.73000000,496.40000000,495.31000000,495.59000000,36.12000000
1777190400000,2026-04-26T08:00:00+00:00,495.60000000,496.40000000,495.03000000,496.31000000,13.64000000
1777194000000,2026-04-26T09:00:00+00:00,496.37000000,496.39000000,495.93000000,496.05000000,3.84000000
1777197600000,2026-04-26T10:00:00+00:00,496.20000000,496.20000000,495.65000000,495.65000000,5.30000000
1777201200000,2026-04-26T11:00:00+00:00,495.97000000,496.88000000,495.08000000,496.88000000,66.25000000
1777204800000,2026-04-26T12:00:00+00:00,496.79000000,497.03000000,495.65000000,495.76000000,9.24000000
1777208400000,2026-04-26T13:00:00+00:00,495.75000000,496.00000000,494.99000000,495.77000000,83.86000000
1777212000000,2026-04-26T14:00:00+00:00,495.78000000,496.04000000,495.09000000,495.78000000,18.13000000
1777215600000,2026-04-26T15:00:00+00:00,495.78000000,495.78000000,493.83000000,495.29000000,393.22000000
1777219200000,2026-04-26T16:00:00+00:00,495.29000000,497.76000000,495.29000000,497.63000000,40.30000000
1777222800000,2026-04-26T17:00:00+00:00,497.28000000,498.20000000,497.10000000,497.34000000,36.97000000
1777226400000,2026-04-26T18:00:00+00:00,497.36000000,497.82000000,497.11000000,497.30000000,26.38000000
1777230000000,2026-04-26T19:00:00+00:00,497.11000000,498.51000000,496.13000000,497.45000000,119.90000000
1777233600000,2026-04-26T20:00:00+00:00,497.20000000,498.56000000,495.42000000,496.93000000,79.03000000
1777237200000,2026-04-26T21:00:00+00:00,496.90000000,498.50000000,495.90000000,497.67000000,105.53000000
1777240800000,2026-04-26T22:00:00+00:00,497.67000000,497.67000000,493.89000000,494.70000000,113.40000000
1777244400000,2026-04-26T23:00:00+00:00,494.65000000,495.55000000,493.45000000,494.59000000,128.54000000
1777248000000,2026-04-27T00:00:00+00:00,494.72000000,504.07000000,494.72000000,502.30000000,761.21000000
1777251600000,2026-04-27T01:00:00+00:00,502.46000000,503.75000000,501.75000000,503.05000000,535.84000000
1777255200000,2026-04-27T02:00:00+00:00,503.35000000,507.48000000,503.05000000,506.82000000,415.63000000
1777258800000,2026-04-27T03:00:00+00:00,506.82000000,510.00000000,504.68000000,509.32000000,257.90000000
1777262400000,2026-04-27T04:00:00+00:00,509.37000000,509.80000000,507.18000000,507.80000000,255.44000000
1777266000000,2026-04-27T05:00:00+00:00,507.85000000,507.95000000,503.60000000,504.97000000,352.08000000
1777269600000,2026-04-27T06:00:00+00:00,504.67000000,505.60000000,503.12000000,503.96000000,269.37000000
1777273200000,2026-04-27T07:00:00+00:00,503.91000000,505.14000000,501.80000000,502.42000000,107.80000000
1777276800000,2026-04-27T08:00:00+00:00,502.52000000,506.90000000,501.00000000,506.15000000,249.91000000
1777280400000,2026-04-27T09:00:00+00:00,506.11000000,508.06000000,506.10000000,507.52000000,247.35000000
1777284000000,2026-04-27T10:00:00+00:00,507.68000000,509.96000000,505.96000000,509.22000000,247.49000000
1777287600000,2026-04-27T11:00:00+00:00,509.08000000,517.37000000,508.55000000,515.03000000,680.22000000
1777291200000,2026-04-27T12:00:00+00:00,515.04000000,515.15000000,510.16000000,512.96000000,514.99000000
1777294800000,2026-04-27T13:00:00+00:00,512.91000000,530.04000000,510.39000000,528.00000000,4005.26000000
1777298400000,2026-04-27T14:00:00+00:00,527.83000000,528.34000000,513.89000000,520.32000000,2885.59000000
1777302000000,2026-04-27T15:00:00+00:00,520.38000000,532.00000000,519.00000000,529.42000000,2185.08000000
1777305600000,2026-04-27T16:00:00+00:00,529.49000000,530.05000000,520.00000000,520.54000000,960.91000000
1777309200000,2026-04-27T17:00:00+00:00,520.52000000,523.26000000,518.71000000,519.67000000,674.98000000
1777312800000,2026-04-27T18:00:00+00:00,519.54000000,521.04000000,516.78000000,519.59000000,300.58000000
1777316400000,2026-04-27T19:00:00+00:00,519.54000000,525.68000000,519.07000000,525.37000000,288.27000000
1777320000000,2026-04-27T20:00:00+00:00,525.35000000,525.44000000,522.28000000,523.60000000,90.78000000
1777323600000,2026-04-27T21:00:00+00:00,523.48000000,524.51000000,523.25000000,523.74000000,112.23000000
1777327200000,2026-04-27T22:00:00+00:00,523.75000000,526.54000000,523.35000000,526.01000000,111.87000000
1777330800000,2026-04-27T23:00:00+00:00,526.16000000,527.72000000,525.54000000,526.96000000,75.68000000
1777334400000,2026-04-28T00:00:00+00:00,527.27000000,527.57000000,524.36000000,526.75000000,147.65000000
1777338000000,2026-04-28T01:00:00+00:00,526.81000000,527.04000000,524.04000000,524.28000000,138.34000000
1777341600000,2026-04-28T02:00:00+00:00,524.29000000,524.75000000,521.99000000,522.30000000,287.79000000
1777345200000,2026-04-28T03:00:00+00:00,522.28000000,524.24000000,520.76000000,522.96000000,104.30000000
1777348800000,2026-04-28T04:00:00+00:00,523.04000000,525.62000000,522.99000000,523.23000000,162.09000000
1777352400000,2026-04-28T05:00:00+00:00,523.25000000,523.86000000,519.47000000,520.70000000,169.19000000
1777356000000,2026-04-28T06:00:00+00:00,520.57000000,521.93000000,515.99000000,518.99000000,465.85000000
1777359600000,2026-04-28T07:00:00+00:00,518.80000000,519.60000000,516.86000000,519.10000000,215.11000000
1777363200000,2026-04-28T08:00:00+00:00,518.94000000,519.50000000,515.10000000,517.69000000,409.63000000
1777366800000,2026-04-28T09:00:00+00:00,517.71000000,518.08000000,507.75000000,510.01000000,641.12000000
1777370400000,2026-04-28T10:00:00+00:00,510.01000000,514.69000000,509.59000000,513.14000000,289.92000000
1777374000000,2026-04-28T11:00:00+00:00,513.20000000,513.33000000,502.17000000,503.10000000,650.09000000
1777377600000,2026-04-28T12:00:00+00:00,503.03000000,508.26000000,502.29000000,507.45000000,1043.05000000
1777381200000,2026-04-28T13:00:00+00:00,507.42000000,519.20000000,497.70000000,513.58000000,2270.34000000
1777384800000,2026-04-28T14:00:00+00:00,513.54000000,513.68000000,488.55000000,495.18000000,2135.62000000
1777388400000,2026-04-28T15:00:00+00:00,495.24000000,499.72000000,491.28000000,495.00000000,1183.83000000
1777392000000,2026-04-28T16:00:00+00:00,495.24000000,497.81000000,490.98000000,497.34000000,528.77000000
1777395600000,2026-04-28T17:00:00+00:00,497.29000000,506.73000000,496.14000000,506.51000000,553.39000000
1777399200000,2026-04-28T18:00:00+00:00,506.64000000,509.83000000,505.01000000,508.62000000,667.60000000
1777402800000,2026-04-28T19:00:00+00:00,508.62000000,511.62000000,502.95000000,504.86000000,461.10000000
1777406400000,2026-04-28T20:00:00+00:00,504.93000000,515.76000000,503.91000000,513.81000000,1021.82000000
1777410000000,2026-04-28T21:00:00+00:00,513.65000000,525.30000000,513.36000000,517.86000000,1026.45000000
1777413600000,2026-04-28T22:00:00+00:00,517.95000000,520.44000000,517.63000000,518.22000000,219.21000000
1777417200000,2026-04-28T23:00:00+00:00,518.14000000,521.40000000,516.84000000,519.78000000,205.16000000
1777420800000,2026-04-29T00:00:00+00:00,519.99000000,521.85000000,519.10000000,519.32000000,222.73000000
1777424400000,2026-04-29T01:00:00+00:00,519.49000000,519.49000000,514.74000000,517.85000000,253.59000000
1777428000000,2026-04-29T02:00:00+00:00,517.69000000,519.72000000,517.62000000,517.97000000,95.20000000
1777431600000,2026-04-29T03:00:00+00:00,518.04000000,519.39000000,517.90000000,519.07000000,75.74000000
1777435200000,2026-04-29T04:00:00+00:00,519.10000000,521.70000000,518.99000000,520.33000000,188.95000000
1777438800000,2026-04-29T05:00:00+00:00,520.43000000,520.43000000,518.00000000,520.11000000,383.79000000
1777442400000,2026-04-29T06:00:00+00:00,520.17000000,520.80000000,519.15000000,519.15000000,223.70000000
1777446000000,2026-04-29T07:00:00+00:00,519.24000000,519.90000000,517.00000000,517.52000000,249.18000000
1777449600000,2026-04-29T08:00:00+00:00,517.55000000,523.99000000,517.52000000,523.55000000,477.25000000
1777453200000,2026-04-29T09:00:00+00:00,523.64000000,527.28000000,522.41000000,522.48000000,605.93000000
1777456800000,2026-04-29T10:00:00+00:00,522.77000000,526.16000000,521.80000000,524.52000000,287.13000000
1777460400000,2026-04-29T11:00:00+00:00,524.63000000,531.21000000,524.58000000,528.33000000,638.67000000
1777464000000,2026-04-29T12:00:00+00:00,528.24000000,530.06000000,525.49000000,525.82000000,549.16000000
1777467600000,2026-04-29T13:00:00+00:00,526.05000000,531.94000000,519.20000000,523.25000000,4709.93000000
1777471200000,2026-04-29T14:00:00+00:00,523.27000000,527.17000000,517.05000000,524.36000000,2082.73000000
1777474800000,2026-04-29T15:00:00+00:00,524.20000000,524.56000000,518.07000000,519.82000000,1499.74000000
1777478400000,2026-04-29T16:00:00+00:00,519.70000000,522.31000000,510.79000000,512.14000000,1376.47000000
1777482000000,2026-04-29T17:00:00+00:00,512.25000000,514.59000000,509.52000000,513.37000000,1344.02000000
1777485600000,2026-04-29T18:00:00+00:00,513.50000000,519.42000000,511.04000000,518.76000000,1676.75000000
1777489200000,2026-04-29T19:00:00+00:00,518.68000000,520.26000000,510.52000000,518.85000000,1748.16000000
1777492800000,2026-04-29T20:00:00+00:00,518.79000000,520.85000000,509.85000000,514.85000000,1258.64000000
1777496400000,2026-04-29T21:00:00+00:00,514.89000000,520.77000000,514.50000000,520.19000000,284.16000000
1777500000000,2026-04-29T22:00:00+00:00,519.90000000,525.98000000,519.00000000,523.99000000,254.55000000
1777503600000,2026-04-29T23:00:00+00:00,523.87000000,524.70000000,522.75000000,523.85000000,211.49000000
1777507200000,2026-04-30T00:00:00+00:00,523.89000000,528.69000000,522.73000000,526.70000000,738.28000000
1777510800000,2026-04-30T01:00:00+00:00,526.65000000,527.29000000,525.01000000,526.26000000,288.71000000
1777514400000,2026-04-30T02:00:00+00:00,526.19000000,526.62000000,518.98000000,521.38000000,444.65000000
1777518000000,2026-04-30T03:00:00+00:00,521.47000000,523.14000000,520.85000000,521.36000000,415.52000000
1777521600000,2026-04-30T04:00:00+00:00,521.31000000,521.31000000,515.80000000,516.78000000,427.91000000
1777525200000,2026-04-30T05:00:00+00:00,516.92000000,519.70000000,515.50000000,515.50000000,281.45000000
1777528800000,2026-04-30T06:00:00+00:00,515.47000000,518.25000000,513.12000000,517.80000000,324.82000000
1777532400000,2026-04-30T07:00:00+00:00,517.78000000,522.54000000,517.08000000,520.55000000,202.89000000
1777536000000,2026-04-30T08:00:00+00:00,520.75000000,525.23000000,518.25000000,522.05000000,572.68000000
1777539600000,2026-04-30T09:00:00+00:00,522.07000000,524.08000000,520.41000000,521.25000000,221.22000000
1777543200000,2026-04-30T10:00:00+00:00,521.21000000,522.99000000,519.90000000,520.20000000,172.04000000
1777546800000,2026-04-30T11:00:00+00:00,520.25000000,523.84000000,520.05000000,523.30000000,386.64000000
1777550400000,2026-04-30T12:00:00+00:00,523.35000000,530.90000000,522.70000000,528.70000000,655.67000000
1777554000000,2026-04-30T13:00:00+00:00,528.67000000,535.24000000,519.66000000,520.14000000,4511.07000000
1777557600000,2026-04-30T14:00:00+00:00,520.18000000,521.07000000,504.40000000,510.07000000,3502.79000000
1777561200000,2026-04-30T15:00:00+00:00,510.26000000,513.87000000,502.80000000,509.46000000,2885.29000000
1777564800000,2026-04-30T16:00:00+00:00,509.46000000,513.39000000,508.34000000,510.05000000,1373.75000000
1777568400000,2026-04-30T17:00:00+00:00,510.03000000,513.71000000,509.22000000,513.37000000,1240.28000000
1777572000000,2026-04-30T18:00:00+00:00,513.40000000,517.01000000,511.21000000,514.34000000,1323.74000000
1777575600000,2026-04-30T19:00:00+00:00,514.25000000,518.68000000,512.18000000,517.45000000,1064.09000000
1777579200000,2026-04-30T20:00:00+00:00,517.52000000,519.65000000,501.90000000,506.34000000,2990.85000000
1777582800000,2026-04-30T21:00:00+00:00,506.46000000,508.20000000,503.71000000,507.15000000,495.45000000
1777586400000,2026-04-30T22:00:00+00:00,507.16000000,507.32000000,500.40000000,502.01000000,405.73000000
1777590000000,2026-04-30T23:00:00+00:00,502.05000000,507.95000000,501.95000000,505.90000000,333.97000000
1777593600000,2026-05-01T00:00:00+00:00,505.95000000,510.05000000,505.69000000,509.70000000,430.42000000
1777597200000,2026-05-01T01:00:00+00:00,509.66000000,512.25000000,507.62000000,511.65000000,339.68000000
1777600800000,2026-05-01T02:00:00+00:00,511.55000000,513.00000000,509.74000000,510.36000000,180.45000000
1777604400000,2026-05-01T03:00:00+00:00,510.52000000,514.09000000,509.98000000,512.15000000,219.17000000
1777608000000,2026-05-01T04:00:00+00:00,512.20000000,512.20000000,509.49000000,510.38000000,109.38000000
1777611600000,2026-05-01T05:00:00+00:00,510.30000000,510.79000000,509.67000000,510.52000000,37.52000000
1777615200000,2026-05-01T06:00:00+00:00,510.52000000,510.69000000,508.32000000,508.41000000,119.24000000
1777618800000,2026-05-01T07:00:00+00:00,508.50000000,510.74000000,507.99000000,508.75000000,153.50000000
1777622400000,2026-05-01T08:00:00+00:00,508.78000000,510.54000000,506.16000000,506.83000000,303.13000000
1777626000000,2026-05-01T09:00:00+00:00,506.76000000,508.15000000,505.66000000,508.15000000,133.06000000
1777629600000,2026-05-01T10:00:00+00:00,508.20000000,510.39000000,507.26000000,509.10000000,345.26000000
1777633200000,2026-05-01T11:00:00+00:00,509.23000000,509.25000000,505.85000000,508.64000000,310.01000000
1777636800000,2026-05-01T12:00:00+00:00,508.69000000,512.15000000,508.34000000,509.10000000,402.37000000
1777640400000,2026-05-01T13:00:00+00:00,509.14000000,542.00000000,509.14000000,542.00000000,4969.59000000
1777644000000,2026-05-01T14:00:00+00:00,542.05000000,545.95000000,528.01000000,528.60000000,5313.72000000
1777647600000,2026-05-01T15:00:00+00:00,528.60000000,534.40000000,525.99000000,532.39000000,4994.87000000
1777651200000,2026-05-01T16:00:00+00:00,532.40000000,535.54000000,530.05000000,532.20000000,671.41000000
1777654800000,2026-05-01T17:00:00+00:00,532.15000000,536.97000000,529.33000000,536.32000000,675.80000000
1777658400000,2026-05-01T18:00:00+00:00,536.23000000,543.75000000,534.64000000,540.71000000,1206.71000000
1777662000000,2026-05-01T19:00:00+00:00,540.67000000,543.80000000,538.65000000,542.55000000,1026.15000000
1777665600000,2026-05-01T20:00:00+00:00,542.60000000,543.65000000,540.22000000,540.56000000,443.05000000
1777669200000,2026-05-01T21:00:00+00:00,540.54000000,541.34000000,540.13000000,540.89000000,136.55000000
1777672800000,2026-05-01T22:00:00+00:00,540.80000000,541.04000000,540.23000000,540.59000000,67.74000000
1777676400000,2026-05-01T23:00:00+00:00,540.56000000,540.79000000,539.74000000,539.94000000,82.70000000
1777680000000,2026-05-02T00:00:00+00:00,539.94000000,541.12000000,538.32000000,540.38000000,520.65000000
1777683600000,2026-05-02T01:00:00+00:00,540.37000000,541.60000000,540.03000000,541.53000000,248.84000000
1777687200000,2026-05-02T02:00:00+00:00,541.53000000,541.75000000,540.35000000,540.41000000,209.92000000
1777690800000,2026-05-02T03:00:00+00:00,540.51000000,540.99000000,540.18000000,540.47000000,107.23000000
1777694400000,2026-05-02T04:00:00+00:00,540.35000000,540.96000000,539.91000000,540.20000000,133.70000000
1777698000000,2026-05-02T05:00:00+00:00,540.19000000,540.23000000,539.94000000,539.99000000,129.10000000
1777701600000,2026-05-02T06:00:00+00:00,539.96000000,540.98000000,539.80000000,540.11000000,96.51000000
1777705200000,2026-05-02T07:00:00+00:00,540.05000000,540.40000000,539.82000000,540.22000000,56.51000000
1777708800000,2026-05-02T08:00:00+00:00,540.27000000,540.96000000,539.56000000,540.12000000,302.58000000
1777712400000,2026-05-02T09:00:00+00:00,540.06000000,540.38000000,539.75000000,540.00000000,138.88000000
1777716000000,2026-05-02T10:00:00+00:00,540.00000000,541.16000000,539.98000000,540.60000000,203.76000000
1777719600000,2026-05-02T11:00:00+00:00,540.60000000,541.80000000,540.37000000,541.60000000,236.77000000
1777723200000,2026-05-02T12:00:00+00:00,541.58000000,541.90000000,540.35000000,541.70000000,161.80000000
1777726800000,2026-05-02T13:00:00+00:00,541.69000000,541.95000000,541.21000000,541.64000000,264.99000000
1777730400000,2026-05-02T14:00:00+00:00,541.63000000,541.63000000,540.65000000,540.65000000,72.42000000
1777734000000,2026-05-02T15:00:00+00:00,540.65000000,540.88000000,540.24000000,540.31000000,149.11000000
1777737600000,2026-05-02T16:00:00+00:00,540.31000000,541.70000000,540.12000000,540.48000000,614.71000000
1777741200000,2026-05-02T17:00:00+00:00,540.44000000,540.99000000,540.27000000,540.71000000,84.30000000
1777744800000,2026-05-02T18:00:00+00:00,540.71000000,541.14000000,540.42000000,541.14000000,101.30000000
1777748400000,2026-05-02T19:00:00+00:00,541.20000000,542.28000000,541.20000000,541.98000000,105.79000000
1777752000000,2026-05-02T20:00:00+00:00,541.99000000,542.15000000,541.64000000,542.09000000,103.73000000
1777755600000,2026-05-02T21:00:00+00:00,542.08000000,542.21000000,541.58000000,541.61000000,324.75000000
1777759200000,2026-05-02T22:00:00+00:00,541.61000000,541.85000000,540.42000000,540.78000000,255.94000000
1777762800000,2026-05-02T23:00:00+00:00,540.78000000,541.08000000,540.35000000,540.88000000,146.89000000
1777766400000,2026-05-03T00:00:00+00:00,540.90000000,541.75000000,540.63000000,541.15000000,122.90000000
1777770000000,2026-05-03T01:00:00+00:00,541.17000000,541.75000000,540.93000000,541.56000000,107.08000000
1777773600000,2026-05-03T02:00:00+00:00,541.56000000,541.72000000,540.62000000,541.58000000,83.45000000
1777777200000,2026-05-03T03:00:00+00:00,541.36000000,541.75000000,540.60000000,540.84000000,58.11000000
1777780800000,2026-05-03T04:00:00+00:00,540.94000000,541.37000000,540.61000000,541.13000000,64.36000000
1777784400000,2026-05-03T05:00:00+00:00,541.26000000,542.50000000,541.15000000,541.87000000,118.91000000
1777788000000,2026-05-03T06:00:00+00:00,541.80000000,541.89000000,540.00000000,540.50000000,265.44000000
1777791600000,2026-05-03T07:00:00+00:00,540.43000000,541.21000000,540.43000000,541.08000000,76.24000000
1777795200000,2026-05-03T08:00:00+00:00,541.15000000,542.35000000,540.80000000,541.91000000,155.78000000
1777798800000,2026-05-03T09:00:00+00:00,541.92000000,542.13000000,541.53000000,541.67000000,26.73000000
1777802400000,2026-05-03T10:00:00+00:00,541.63000000,542.14000000,541.22000000,541.39000000,142.16000000
1777806000000,2026-05-03T11:00:00+00:00,541.20000000,543.75000000,541.08000000,543.38000000,180.63000000
1777809600000,2026-05-03T12:00:00+00:00,543.54000000,543.55000000,542.21000000,542.67000000,147.37000000
1777813200000,2026-05-03T13:00:00+00:00,542.68000000,543.23000000,541.38000000,542.21000000,116.54000000
1777816800000,2026-05-03T14:00:00+00:00,542.19000000,542.42000000,540.96000000,541.25000000,197.82000000
1777820400000,2026-05-03T15:00:00+00:00,541.16000000,542.48000000,538.60000000,538.60000000,422.79000000
1777824000000,2026-05-03T16:00:00+00:00,538.99000000,544.90000000,538.93000000,544.11000000,222.88000000
1777827600000,2026-05-03T17:00:00+00:00,544.11000000,546.36000000,543.16000000,544.54000000,295.13000000
1777831200000,2026-05-03T18:00:00+00:00,544.63000000,545.16000000,543.78000000,544.64000000,87.82000000
1777834800000,2026-05-03T19:00:00+00:00,544.61000000,544.65000000,542.97000000,544.00000000,531.90000000
1777838400000,2026-05-03T20:00:00+00:00,544.03000000,545.34000000,543.45000000,544.97000000,176.54000000
1777842000000,2026-05-03T21:00:00+00:00,544.94000000,547.60000000,543.92000000,547.03000000,207.72000000
1777845600000,2026-05-03T22:00:00+00:00,547.01000000,547.79000000,543.83000000,543.97000000,282.01000000
1777849200000,2026-05-03T23:00:00+00:00,543.97000000,544.74000000,539.48000000,539.60000000,945.86000000
1777852800000,2026-05-04T00:00:00+00:00,539.83000000,556.76000000,539.75000000,553.12000000,2988.37000000
1777856400000,2026-05-04T01:00:00+00:00,553.22000000,555.80000000,550.25000000,555.72000000,757.48000000
1777860000000,2026-05-04T02:00:00+00:00,555.70000000,568.24000000,555.28000000,564.13000000,1106.66000000
1777863600000,2026-05-04T03:00:00+00:00,564.40000000,568.13000000,562.49000000,563.61000000,1220.12000000
1777867200000,2026-05-04T04:00:00+00:00,563.58000000,565.13000000,562.61000000,563.94000000,723.12000000
1777870800000,2026-05-04T05:00:00+00:00,563.78000000,564.29000000,562.39000000,563.26000000,295.72000000
1777874400000,2026-05-04T06:00:00+00:00,563.21000000,563.60000000,558.15000000,560.80000000,700.86000000
1777878000000,2026-05-04T07:00:00+00:00,560.83000000,563.70000000,559.92000000,560.66000000,598.54000000
1777881600000,2026-05-04T08:00:00+00:00,560.75000000,561.75000000,553.90000000,555.82000000,960.44000000
1777885200000,2026-05-04T09:00:00+00:00,555.78000000,562.19000000,554.85000000,559.79000000,458.18000000
1777888800000,2026-05-04T10:00:00+00:00,559.95000000,560.00000000,545.40000000,555.95000000,2736.90000000
1777892400000,2026-05-04T11:00:00+00:00,556.00000000,560.13000000,555.90000000,559.80000000,715.42000000
1777896000000,2026-05-04T12:00:00+00:00,560.02000000,562.09000000,555.77000000,556.35000000,641.92000000
1777899600000,2026-05-04T13:00:00+00:00,556.32000000,589.65000000,553.80000000,589.10000000,6453.03000000
1777903200000,2026-05-04T14:00:00+00:00,589.15000000,593.35000000,579.76000000,585.09000000,4576.31000000
1777906800000,2026-05-04T15:00:00+00:00,585.07000000,586.83000000,576.53000000,581.64000000,3137.30000000
1777910400000,2026-05-04T16:00:00+00:00,581.55000000,582.08000000,574.05000000,579.70000000,2400.47000000
1777914000000,2026-05-04T17:00:00+00:00,579.80000000,583.00000000,576.11000000,579.07000000,745.54000000
1777917600000,2026-05-04T18:00:00+00:00,579.09000000,579.58000000,572.58000000,577.90000000,781.92000000
1777921200000,2026-05-04T19:00:00+00:00,577.90000000,581.30000000,577.08000000,577.59000000,777.19000000
1777924800000,2026-05-04T20:00:00+00:00,577.67000000,580.20000000,575.35000000,579.49000000,254.97000000
1777928400000,2026-05-04T21:00:00+00:00,579.50000000,580.28000000,578.55000000,579.25000000,90.58000000
1777932000000,2026-05-04T22:00:00+00:00,579.39000000,580.15000000,577.19000000,577.97000000,125.01000000
1777935600000,2026-05-04T23:00:00+00:00,577.89000000,579.16000000,577.43000000,578.40000000,100.27000000
1777939200000,2026-05-05T00:00:00+00:00,578.42000000,584.74000000,578.33000000,582.63000000,365.00000000
1777942800000,2026-05-05T01:00:00+00:00,582.75000000,585.22000000,582.10000000,582.97000000,399.14000000
1777946400000,2026-05-05T02:00:00+00:00,582.94000000,583.67000000,581.03000000,582.81000000,189.83000000
1777950000000,2026-05-05T03:00:00+00:00,582.81000000,585.33000000,581.75000000,583.46000000,383.45000000
1777953600000,2026-05-05T04:00:00+00:00,583.45000000,584.36000000,582.70000000,582.88000000,171.39000000
1777957200000,2026-05-05T05:00:00+00:00,582.91000000,584.30000000,582.65000000,584.20000000,223.95000000
1777960800000,2026-05-05T06:00:00+00:00,584.24000000,587.05000000,582.99000000,586.88000000,303.08000000
1777964400000,2026-05-05T07:00:00+00:00,586.89000000,590.55000000,586.48000000,589.35000000,706.27000000
1777968000000,2026-05-05T08:00:00+00:00,589.34000000,599.10000000,588.57000000,596.90000000,1413.93000000
1777971600000,2026-05-05T09:00:00+00:00,596.85000000,598.80000000,595.08000000,595.71000000,686.70000000
1777975200000,2026-05-05T10:00:00+00:00,595.75000000,600.53000000,595.12000000,598.61000000,942.75000000
1777978800000,2026-05-05T11:00:00+00:00,598.58000000,607.92000000,598.50000000,604.00000000,1595.05000000
1777982400000,2026-05-05T12:00:00+00:00,603.85000000,606.53000000,602.39000000,603.60000000,827.53000000
1777986000000,2026-05-05T13:00:00+00:00,603.59000000,638.00000000,603.50000000,635.94000000,14903.86000000
1777989600000,2026-05-05T14:00:00+00:00,635.98000000,651.97000000,631.19000000,637.50000000,10000.43000000
1777993200000,2026-05-05T15:00:00+00:00,637.26000000,647.35000000,633.10000000,645.10000000,3397.64000000
1777996800000,2026-05-05T16:00:00+00:00,645.26000000,650.43000000,629.42000000,640.54000000,4945.32000000
1778000400000,2026-05-05T17:00:00+00:00,640.40000000,645.32000000,638.81000000,639.78000000,1917.52000000
1778004000000,2026-05-05T18:00:00+00:00,639.75000000,645.73000000,637.78000000,645.34000000,1172.12000000
1778007600000,2026-05-05T19:00:00+00:00,645.45000000,647.34000000,636.35000000,640.70000000,1615.69000000
1778011200000,2026-05-05T20:00:00+00:00,640.55000000,649.75000000,635.55000000,646.69000000,2048.11000000
1778014800000,2026-05-05T21:00:00+00:00,646.61000000,665.71000000,645.63000000,660.54000000,2047.94000000
1778018400000,2026-05-05T22:00:00+00:00,660.78000000,686.00000000,659.23000000,682.15000000,3037.48000000
1778022000000,2026-05-05T23:00:00+00:00,682.32000000,682.55000000,670.92000000,676.25000000,2046.33000000
1778025600000,2026-05-06T00:00:00+00:00,676.40000000,679.11000000,663.42000000,670.04000000,2255.59000000
1778029200000,2026-05-06T01:00:00+00:00,669.90000000,674.78000000,669.16000000,674.35000000,1023.60000000
1778032800000,2026-05-06T02:00:00+00:00,674.38000000,676.39000000,672.10000000,672.78000000,986.19000000
1778036400000,2026-05-06T03:00:00+00:00,672.72000000,678.92000000,672.72000000,675.98000000,761.87000000
1778040000000,2026-05-06T04:00:00+00:00,675.95000000,683.15000000,675.70000000,679.47000000,2889.15000000
1778043600000,2026-05-06T05:00:00+00:00,679.26000000,681.20000000,675.14000000,679.21000000,1253.18000000
1778047200000,2026-05-06T06:00:00+00:00,679.25000000,680.90000000,673.48000000,677.02000000,1530.60000000
1778050800000,2026-05-06T07:00:00+00:00,676.99000000,678.96000000,673.22000000,675.64000000,1040.35000000
1778054400000,2026-05-06T08:00:00+00:00,675.98000000,689.49000000,675.90000000,685.82000000,4076.08000000
1778058000000,2026-05-06T09:00:00+00:00,685.61000000,686.20000000,676.76000000,677.04000000,2047.92000000
1778061600000,2026-05-06T10:00:00+00:00,677.06000000,680.89000000,670.25000000,676.70000000,2416.40000000
1778065200000,2026-05-06T11:00:00+00:00,676.69000000,685.25000000,674.01000000,676.55000000,2912.67000000
1778068800000,2026-05-06T12:00:00+00:00,676.56000000,677.97000000,662.03000000,671.21000000,3904.26000000
1778072400000,2026-05-06T13:00:00+00:00,671.20000000,674.01000000,641.64000000,648.61000000,9776.33000000
1778076000000,2026-05-06T14:00:00+00:00,648.48000000,658.35000000,628.32000000,655.68000000,10644.27000000
1778079600000,2026-05-06T15:00:00+00:00,655.75000000,667.59000000,651.96000000,659.25000000,5083.70000000
1778083200000,2026-05-06T16:00:00+00:00,658.96000000,663.90000000,650.70000000,652.91000000,2876.13000000
1778086800000,2026-05-06T17:00:00+00:00,653.04000000,658.40000000,651.00000000,653.26000000,1326.96000000
1778090400000,2026-05-06T18:00:00+00:00,653.35000000,660.65000000,652.95000000,658.59000000,693.25000000
1778094000000,2026-05-06T19:00:00+00:00,658.59000000,668.10000000,656.45000000,667.60000000,942.37000000
1778097600000,2026-05-06T20:00:00+00:00,667.55000000,673.65000000,657.88000000,661.93000000,1648.30000000
1778101200000,2026-05-06T21:00:00+00:00,661.95000000,664.95000000,652.57000000,655.58000000,1330.21000000
1778104800000,2026-05-06T22:00:00+00:00,655.63000000,660.29000000,654.70000000,658.64000000,1218.57000000
1778108400000,2026-05-06T23:00:00+00:00,658.57000000,662.48000000,657.95000000,659.39000000,1009.09000000
1778112000000,2026-05-07T00:00:00+00:00,659.42000000,661.32000000,653.07000000,656.14000000,1035.29000000
1778115600000,2026-05-07T01:00:00+00:00,656.00000000,661.13000000,653.49000000,659.39000000,618.56000000
1778119200000,2026-05-07T02:00:00+00:00,659.40000000,661.30000000,657.02000000,659.06000000,645.58000000
1778122800000,2026-05-07T03:00:00+00:00,659.10000000,661.68000000,658.00000000,659.69000000,325.66000000
1778126400000,2026-05-07T04:00:00+00:00,659.65000000,660.02000000,657.18000000,657.63000000,408.87000000
1778130000000,2026-05-07T05:00:00+00:00,657.63000000,669.54000000,657.40000000,666.42000000,859.14000000
1778133600000,2026-05-07T06:00:00+00:00,666.36000000,668.67000000,663.89000000,668.61000000,763.55000000
1778137200000,2026-05-07T07:00:00+00:00,668.44000000,672.57000000,667.10000000,669.67000000,1238.17000000
1778140800000,2026-05-07T08:00:00+00:00,669.64000000,671.36000000,658.92000000,660.41000000,3809.93000000
1778144400000,2026-05-07T09:00:00+00:00,660.28000000,660.39000000,651.28000000,652.70000000,2037.61000000
1778148000000,2026-05-07T10:00:00+00:00,652.92000000,654.85000000,646.88000000,654.13000000,2723.51000000
1778151600000,2026-05-07T11:00:00+00:00,654.10000000,656.15000000,650.22000000,655.01000000,1667.99000000
1778155200000,2026-05-07T12:00:00+00:00,654.94000000,657.11000000,649.03000000,653.56000000,1853.31000000
1778158800000,2026-05-07T13:00:00+00:00,653.57000000,664.99000000,642.06000000,660.80000000,9100.48000000
1778162400000,2026-05-07T14:00:00+00:00,660.86000000,683.37000000,659.30000000,669.05000000,11900.05000000
1778166000000,2026-05-07T15:00:00+00:00,669.01000000,669.23000000,648.55000000,649.50000000,5378.55000000
1778169600000,2026-05-07T16:00:00+00:00,649.46000000,654.86000000,637.80000000,647.92000000,5944.32000000
1778173200000,2026-05-07T17:00:00+00:00,648.15000000,649.20000000,635.75000000,647.49000000,3796.37000000
1778176800000,2026-05-07T18:00:00+00:00,647.60000000,649.12000000,636.25000000,639.93000000,2808.01000000
1778180400000,2026-05-07T19:00:00+00:00,639.93000000,649.77000000,638.95000000,647.52000000,2009.92000000
1778184000000,2026-05-07T20:00:00+00:00,647.48000000,650.55000000,641.73000000,643.55000000,2178.11000000
1778187600000,2026-05-07T21:00:00+00:00,643.67000000,644.90000000,637.48000000,640.40000000,1044.73000000
1778191200000,2026-05-07T22:00:00+00:00,640.30000000,648.62000000,640.15000000,643.00000000,2333.03000000
1778194800000,2026-05-07T23:00:00+00:00,643.04000000,646.13000000,642.99000000,644.60000000,831.78000000
1778198400000,2026-05-08T00:00:00+00:00,644.63000000,658.35000000,644.25000000,658.35000000,1838.78000000
1778202000000,2026-05-08T01:00:00+00:00,658.25000000,658.69000000,652.00000000,652.14000000,1098.50000000
1778205600000,2026-05-08T02:00:00+00:00,652.25000000,653.81000000,647.59000000,651.03000000,1011.37000000
1778209200000,2026-05-08T03:00:00+00:00,651.05000000,653.99000000,650.43000000,653.44000000,518.48000000
1778212800000,2026-05-08T04:00:00+00:00,653.46000000,655.19000000,651.41000000,654.30000000,828.15000000
1778216400000,2026-05-08T05:00:00+00:00,654.28000000,661.10000000,654.25000000,659.25000000,1098.79000000
1778220000000,2026-05-08T06:00:00+00:00,659.35000000,663.61000000,657.59000000,662.18000000,1094.41000000
1778223600000,2026-05-08T07:00:00+00:00,662.11000000,662.65000000,654.62000000,658.20000000,848.12000000
1778227200000,2026-05-08T08:00:00+00:00,658.20000000,666.00000000,657.06000000,664.55000000,2347.15000000
1778230800000,2026-05-08T09:00:00+00:00,664.60000000,666.92000000,660.00000000,662.40000000,1778.12000000
1778234400000,2026-05-08T10:00:00+00:00,662.32000000,665.17000000,661.36000000,661.90000000,1220.83000000
1778238000000,2026-05-08T11:00:00+00:00,661.89000000,667.24000000,659.75000000,665.65000000,1373.17000000
1778241600000,2026-05-08T12:00:00+00:00,665.55000000,674.79000000,663.76000000,672.46000000,2405.35000000
1778245200000,2026-05-08T13:00:00+00:00,672.40000000,709.52000000,669.49000000,709.00000000,13383.59000000
1778248800000,2026-05-08T14:00:00+00:00,709.00000000,716.69000000,703.44000000,715.96000000,13463.38000000
1778252400000,2026-05-08T15:00:00+00:00,715.94000000,724.46000000,712.36000000,722.07000000,6356.52000000
1778256000000,2026-05-08T16:00:00+00:00,722.12000000,741.94000000,722.01000000,730.43000000,10400.01000000
1778259600000,2026-05-08T17:00:00+00:00,730.43000000,739.61000000,729.87000000,730.73000000,4976.67000000
1778263200000,2026-05-08T18:00:00+00:00,730.70000000,743.79000000,727.75000000,734.29000000,4198.37000000
1778266800000,2026-05-08T19:00:00+00:00,734.28000000,747.26000000,732.33000000,747.20000000,4313.88000000
1778270400000,2026-05-08T20:00:00+00:00,747.00000000,749.65000000,743.40000000,744.30000000,2050.27000000
1778274000000,2026-05-08T21:00:00+00:00,744.30000000,749.96000000,742.69000000,749.07000000,786.05000000
1778277600000,2026-05-08T22:00:00+00:00,749.01000000,760.71000000,748.38000000,752.72000000,1741.61000000
1778281200000,2026-05-08T23:00:00+00:00,752.49000000,759.91000000,751.50000000,757.96000000,768.49000000
1778284800000,2026-05-09T00:00:00+00:00,757.89000000,759.74000000,756.75000000,759.59000000,1008.25000000
1778288400000,2026-05-09T01:00:00+00:00,759.60000000,759.65000000,758.48000000,759.45000000,1385.10000000
1778292000000,2026-05-09T02:00:00+00:00,759.44000000,759.61000000,759.00000000,759.47000000,439.12000000
1778295600000,2026-05-09T03:00:00+00:00,759.40000000,759.62000000,758.85000000,759.37000000,752.75000000
1778299200000,2026-05-09T04:00:00+00:00,759.29000000,759.35000000,758.37000000,758.57000000,368.36000000
1778302800000,2026-05-09T05:00:00+00:00,758.57000000,759.46000000,758.42000000,758.82000000,739.66000000
1778306400000,2026-05-09T06:00:00+00:00,758.79000000,759.17000000,757.36000000,757.58000000,1076.14000000
1778310000000,2026-05-09T07:00:00+00:00,757.59000000,758.39000000,757.25000000,757.37000000,655.76000000
1778313600000,2026-05-09T08:00:00+00:00,757.43000000,759.08000000,757.36000000,758.06000000,944.71000000
1778317200000,2026-05-09T09:00:00+00:00,758.09000000,759.08000000,757.87000000,758.40000000,565.23000000
1778320800000,2026-05-09T10:00:00+00:00,758.50000000,759.00000000,757.86000000,758.93000000,317.73000000
1778324400000,2026-05-09T11:00:00+00:00,758.89000000,759.23000000,758.80000000,759.22000000,612.92000000
1778328000000,2026-05-09T12:00:00+00:00,759.21000000,759.29000000,758.76000000,758.93000000,477.53000000
1778331600000,2026-05-09T13:00:00+00:00,758.93000000,758.99000000,758.23000000,758.23000000,352.43000000
1778335200000,2026-05-09T14:00:00+00:00,758.21000000,759.10000000,758.12000000,758.49000000,331.47000000
1778338800000,2026-05-09T15:00:00+00:00,758.49000000,759.13000000,757.36000000,757.50000000,906.97000000
1778342400000,2026-05-09T16:00:00+00:00,757.55000000,758.79000000,757.55000000,758.65000000,284.72000000
1778346000000,2026-05-09T17:00:00+00:00,758.61000000,759.00000000,758.20000000,758.97000000,211.20000000
1778349600000,2026-05-09T18:00:00+00:00,758.93000000,759.31000000,758.33000000,759.02000000,124.72000000
1778353200000,2026-05-09T19:00:00+00:00,759.08000000,759.78000000,758.92000000,759.22000000,159.13000000
1778356800000,2026-05-09T20:00:00+00:00,759.24000000,759.39000000,758.50000000,758.55000000,158.99000000
1778360400000,2026-05-09T21:00:00+00:00,758.75000000,759.04000000,758.17000000,758.28000000,130.99000000
1778364000000,2026-05-09T22:00:00+00:00,758.26000000,758.95000000,758.15000000,758.43000000,197.25000000
1778367600000,2026-05-09T23:00:00+00:00,758.38000000,758.87000000,757.81000000,758.55000000,292.24000000
1778371200000,2026-05-10T00:00:00+00:00,758.52000000,759.57000000,758.52000000,758.89000000,389.00000000
1778374800000,2026-05-10T01:00:00+00:00,758.84000000,759.34000000,758.53000000,759.29000000,149.44000000
1778378400000,2026-05-10T02:00:00+00:00,759.31000000,761.65000000,758.98000000,759.43000000,626.65000000
1778382000000,2026-05-10T03:00:00+00:00,759.45000000,760.95000000,758.98000000,760.45000000,416.29000000
1778385600000,2026-05-10T04:00:00+00:00,760.37000000,762.10000000,759.80000000,761.26000000,379.92000000
1778389200000,2026-05-10T05:00:00+00:00,761.34000000,761.41000000,760.08000000,760.97000000,240.27000000
1778392800000,2026-05-10T06:00:00+00:00,760.97000000,762.04000000,760.23000000,761.41000000,588.52000000
1778396400000,2026-05-10T07:00:00+00:00,761.40000000,761.86000000,758.43000000,758.81000000,1738.61000000
1778400000000,2026-05-10T08:00:00+00:00,758.96000000,762.45000000,758.96000000,760.37000000,1295.42000000
1778403600000,2026-05-10T09:00:00+00:00,760.27000000,761.00000000,760.25000000,760.71000000,270.09000000
1778407200000,2026-05-10T10:00:00+00:00,760.71000000,762.45000000,760.30000000,762.15000000,877.58000000
1778410800000,2026-05-10T11:00:00+00:00,762.17000000,762.45000000,761.00000000,761.59000000,589.48000000
1778414400000,2026-05-10T12:00:00+00:00,761.58000000,762.00000000,760.00000000,761.31000000,468.70000000
1778418000000,2026-05-10T13:00:00+00:00,761.28000000,762.25000000,760.64000000,761.32000000,739.59000000
1778421600000,2026-05-10T14:00:00+00:00,761.32000000,762.20000000,760.81000000,760.94000000,822.03000000
1778425200000,2026-05-10T15:00:00+00:00,760.86000000,761.42000000,758.60000000,758.70000000,2467.88000000
1778428800000,2026-05-10T16:00:00+00:00,758.92000000,765.82000000,758.91000000,765.03000000,2436.87000000
1778432400000,2026-05-10T17:00:00+00:00,765.08000000,767.05000000,763.72000000,765.65000000,1080.92000000
1778436000000,2026-05-10T18:00:00+00:00,765.62000000,766.64000000,765.60000000,765.63000000,200.37000000
1778439600000,2026-05-10T19:00:00+00:00,765.67000000,766.43000000,763.12000000,763.88000000,462.64000000
1778443200000,2026-05-10T20:00:00+00:00,763.98000000,765.29000000,757.00000000,757.04000000,2805.93000000
1778446800000,2026-05-10T21:00:00+00:00,757.04000000,763.80000000,750.40000000,753.84000000,2619.98000000
1778450400000,2026-05-10T22:00:00+00:00,754.08000000,760.66000000,752.20000000,759.93000000,2408.19000000
1778454000000,2026-05-10T23:00:00+00:00,759.99000000,760.84000000,752.86000000,754.90000000,5657.21000000
1778457600000,2026-05-11T00:00:00+00:00,754.69000000,814.05000000,754.12000000,788.93000000,19900.34000000
1778461200000,2026-05-11T01:00:00+00:00,788.83000000,794.46000000,765.91000000,786.20000000,10584.73000000
1778464800000,2026-05-11T02:00:00+00:00,786.40000000,790.28000000,781.67000000,786.26000000,2841.03000000
1778468400000,2026-05-11T03:00:00+00:00,786.42000000,786.47000000,772.88000000,777.23000000,3874.12000000
1778472000000,2026-05-11T04:00:00+00:00,777.29000000,787.38000000,774.94000000,787.09000000,2548.37000000
1778475600000,2026-05-11T05:00:00+00:00,786.95000000,794.40000000,783.06000000,785.96000000,5351.22000000
1778479200000,2026-05-11T06:00:00+00:00,785.89000000,787.15000000,777.93000000,779.97000000,2944.59000000
1778482800000,2026-05-11T07:00:00+00:00,780.06000000,780.26000000,767.92000000,777.53000000,3954.35000000
1778486400000,2026-05-11T08:00:00+00:00,777.66000000,788.00000000,747.69000000,760.22000000,17026.50000000
1778490000000,2026-05-11T09:00:00+00:00,760.18000000,775.50000000,760.15000000,766.53000000,10021.43000000
1778493600000,2026-05-11T10:00:00+00:00,766.51000000,769.49000000,761.00000000,766.16000000,7107.26000000
1778497200000,2026-05-11T11:00:00+00:00,766.18000000,795.17000000,766.16000000,790.96000000,13628.61000000
1778500800000,2026-05-11T12:00:00+00:00,790.96000000,790.96000000,774.54000000,789.52000000,12750.77000000
1778504400000,2026-05-11T13:00:00+00:00,789.52000000,815.57000000,769.10000000,769.49000000,50261.40000000
1778508000000,2026-05-11T14:00:00+00:00,769.46000000,795.93000000,768.01000000,789.24000000,31071.69000000
1778511600000,2026-05-11T15:00:00+00:00,789.36000000,793.46000000,776.57000000,792.58000000,17471.25000000
1778515200000,2026-05-11T16:00:00+00:00,792.62000000,798.00000000,784.65000000,795.74000000,11350.76000000
1778518800000,2026-05-11T17:00:00+00:00,795.79000000,805.40000000,794.34000000,799.77000000,10735.11000000
1778522400000,2026-05-11T18:00:00+00:00,799.61000000,815.05000000,795.26000000,803.56000000,7144.10000000
1778526000000,2026-05-11T19:00:00+00:00,803.65000000,810.52000000,787.36000000,794.66000000,8940.01000000
1778529600000,2026-05-11T20:00:00+00:00,794.57000000,797.33000000,791.34000000,793.15000000,3315.96000000
1778533200000,2026-05-11T21:00:00+00:00,793.10000000,793.88000000,787.45000000,793.57000000,2087.78000000
1778536800000,2026-05-11T22:00:00+00:00,793.56000000,802.76000000,793.52000000,797.75000000,2161.13000000
1778540400000,2026-05-11T23:00:00+00:00,797.80000000,801.01000000,796.12000000,797.76000000,2283.57000000
1778544000000,2026-05-12T00:00:00+00:00,797.80000000,799.10000000,785.14000000,788.05000000,5334.24000000
1778547600000,2026-05-12T01:00:00+00:00,788.04000000,789.04000000,750.99000000,764.96000000,15615.08000000
1778551200000,2026-05-12T02:00:00+00:00,764.99000000,784.39000000,764.31000000,784.39000000,7660.14000000
1778554800000,2026-05-12T03:00:00+00:00,784.28000000,784.30000000,775.13000000,775.49000000,2463.16000000
1778558400000,2026-05-12T04:00:00+00:00,775.24000000,778.49000000,768.29000000,768.86000000,3341.00000000
1778562000000,2026-05-12T05:00:00+00:00,768.98000000,775.79000000,767.45000000,771.98000000,3014.28000000
1778565600000,2026-05-12T06:00:00+00:00,771.99000000,773.50000000,768.14000000,768.65000000,3261.41000000
1778569200000,2026-05-12T07:00:00+00:00,768.58000000,775.99000000,763.04000000,774.89000000,4293.72000000
1778572800000,2026-05-12T08:00:00+00:00,774.92000000,786.99000000,770.85000000,782.43000000,7293.58000000
1778576400000,2026-05-12T09:00:00+00:00,782.40000000,784.65000000,776.30000000,776.78000000,4859.74000000
1778580000000,2026-05-12T10:00:00+00:00,776.80000000,781.55000000,773.35000000,776.55000000,3516.73000000
1778583600000,2026-05-12T11:00:00+00:00,776.60000000,779.18000000,767.60000000,771.58000000,5508.07000000
1778587200000,2026-05-12T12:00:00+00:00,771.55000000,781.40000000,764.87000000,774.70000000,10228.24000000
1778590800000,2026-05-12T13:00:00+00:00,774.60000000,781.98000000,759.57000000,763.93000000,51361.13000000
1778594400000,2026-05-12T14:00:00+00:00,763.93000000,772.28000000,746.97000000,751.20000000,40014.36000000
1778598000000,2026-05-12T15:00:00+00:00,751.24000000,752.60000000,718.03000000,721.07000000,33244.82000000
1778601600000,2026-05-12T16:00:00+00:00,721.07000000,732.26000000,707.59000000,714.86000000,22117.73000000
1778605200000,2026-05-12T17:00:00+00:00,714.96000000,741.79000000,714.96000000,740.78000000,23847.29000000
1778608800000,2026-05-12T18:00:00+00:00,740.87000000,755.35000000,739.81000000,742.66000000,21060.29000000
1778612400000,2026-05-12T19:00:00+00:00,742.74000000,767.20000000,742.74000000,766.46000000,16536.31000000
1778616000000,2026-05-12T20:00:00+00:00,766.65000000,773.49000000,763.97000000,767.26000000,6011.87000000
1778619600000,2026-05-12T21:00:00+00:00,767.30000000,773.62000000,765.49000000,773.62000000,2065.32000000
1778623200000,2026-05-12T22:00:00+00:00,773.61000000,773.61000000,760.88000000,762.93000000,3130.35000000
1778626800000,2026-05-12T23:00:00+00:00,762.84000000,765.40000000,744.08000000,748.28000000,12324.14000000
1778630400000,2026-05-13T00:00:00+00:00,748.25000000,769.21000000,747.83000000,768.55000000,13215.83000000
1778634000000,2026-05-13T01:00:00+00:00,768.55000000,779.70000000,768.22000000,776.81000000,11977.22000000
1778637600000,2026-05-13T02:00:00+00:00,776.81000000,779.77000000,772.00000000,777.75000000,6872.84000000
1778641200000,2026-05-13T03:00:00+00:00,777.55000000,783.71000000,775.80000000,783.39000000,3049.27000000
1778644800000,2026-05-13T04:00:00+00:00,783.40000000,797.98000000,782.58000000,795.30000000,9789.15000000
1778648400000,2026-05-13T05:00:00+00:00,795.26000000,799.45000000,789.51000000,791.61000000,7425.22000000
1778652000000,2026-05-13T06:00:00+00:00,791.61000000,797.84000000,789.58000000,796.06000000,3804.00000000
1778655600000,2026-05-13T07:00:00+00:00,795.80000000,798.96000000,794.37000000,797.55000000,5196.81000000
1778659200000,2026-05-13T08:00:00+00:00,797.68000000,817.89000000,797.37000000,810.26000000,22754.11000000
1778662800000,2026-05-13T09:00:00+00:00,810.26000000,816.85000000,805.73000000,816.41000000,11533.15000000
1778666400000,2026-05-13T10:00:00+00:00,816.40000000,816.61000000,808.94000000,812.06000000,7149.03000000
1778670000000,2026-05-13T11:00:00+00:00,812.05000000,814.24000000,802.90000000,812.12000000,9943.84000000
1778673600000,2026-05-13T12:00:00+00:00,812.00000000,815.85000000,794.28000000,797.24000000,33856.32000000
1778677200000,2026-05-13T13:00:00+00:00,797.30000000,814.90000000,782.73000000,794.53000000,75687.44000000
1778680800000,2026-05-13T14:00:00+00:00,794.56000000,812.38000000,780.31000000,809.60000000,44280.28000000
1778684400000,2026-05-13T15:00:00+00:00,809.65000000,811.42000000,785.33000000,788.95000000,22755.26000000
1778688000000,2026-05-13T16:00:00+00:00,789.07000000,799.00000000,788.20000000,793.05000000,13086.69000000
1778691600000,2026-05-13T17:00:00+00:00,793.19000000,804.52000000,793.09000000,795.56000000,11502.21000000
1778695200000,2026-05-13T18:00:00+00:00,795.46000000,808.55000000,795.03000000,800.33000000,6458.97000000
1778698800000,2026-05-13T19:00:00+00:00,800.38000000,813.68000000,800.37000000,803.81000000,7010.70000000
1778702400000,2026-05-13T20:00:00+00:00,803.78000000,804.41000000,795.50000000,801.02000000,3341.34000000
1778706000000,2026-05-13T21:00:00+00:00,800.96000000,802.75000000,799.65000000,801.62000000,1033.32000000
1778709600000,2026-05-13T22:00:00+00:00,801.56000000,804.21000000,800.15000000,802.58000000,1875.47000000
1778713200000,2026-05-13T23:00:00+00:00,802.51000000,806.43000000,800.73000000,803.20000000,2397.74000000
1778716800000,2026-05-14T00:00:00+00:00,803.29000000,810.35000000,801.56000000,809.65000000,5852.38000000
1778720400000,2026-05-14T01:00:00+00:00,809.65000000,810.52000000,801.20000000,801.49000000,7643.26000000
1778724000000,2026-05-14T02:00:00+00:00,801.58000000,804.40000000,795.26000000,795.76000000,7223.18000000
1778727600000,2026-05-14T03:00:00+00:00,795.70000000,799.13000000,788.55000000,791.95000000,6781.22000000
1778731200000,2026-05-14T04:00:00+00:00,791.97000000,801.23000000,787.73000000,796.36000000,5181.59000000
1778734800000,2026-05-14T05:00:00+00:00,796.29000000,798.94000000,792.91000000,795.55000000,4930.25000000
1778738400000,2026-05-14T06:00:00+00:00,795.48000000,801.73000000,795.48000000,795.61000000,3542.25000000
1778742000000,2026-05-14T07:00:00+00:00,795.60000000,797.83000000,791.45000000,794.46000000,3209.31000000
1778745600000,2026-05-14T08:00:00+00:00,794.47000000,795.82000000,781.14000000,785.38000000,8497.18000000
1778749200000,2026-05-14T09:00:00+00:00,785.34000000,789.55000000,778.81000000,784.34000000,7728.68000000
1778752800000,2026-05-14T10:00:00+00:00,784.36000000,794.25000000,784.30000000,792.60000000,8963.93000000
1778756400000,2026-05-14T11:00:00+00:00,792.63000000,802.37000000,792.35000000,796.54000000,6614.45000000
1778760000000,2026-05-14T12:00:00+00:00,796.60000000,799.00000000,791.66000000,792.67000000,2894.51000000
1778763600000,2026-05-14T13:00:00+00:00,792.85000000,811.75000000,777.37000000,799.34000000,39880.45000000
1778767200000,2026-05-14T14:00:00+00:00,799.29000000,805.11000000,790.02000000,792.34000000,37531.22000000
1778770800000,2026-05-14T15:00:00+00:00,792.38000000,797.61000000,780.07000000,786.91000000,16517.03000000
1778774400000,2026-05-14T16:00:00+00:00,786.86000000,795.66000000,785.05000000,793.03000000,11391.93000000
1778778000000,2026-05-14T17:00:00+00:00,793.06000000,797.13000000,782.00000000,793.65000000,10859.20000000
1778781600000,2026-05-14T18:00:00+00:00,793.64000000,793.81000000,785.76000000,791.93000000,6371.36000000
1778785200000,2026-05-14T19:00:00+00:00,791.93000000,794.94000000,776.08000000,777.04000000,4706.24000000
1778788800000,2026-05-14T20:00:00+00:00,777.05000000,782.26000000,776.80000000,782.26000000,2768.31000000
1778792400000,2026-05-14T21:00:00+00:00,782.25000000,783.75000000,780.89000000,782.10000000,750.26000000
1778796000000,2026-05-14T22:00:00+00:00,782.14000000,784.02000000,780.76000000,781.68000000,876.89000000
1778799600000,2026-05-14T23:00:00+00:00,781.76000000,782.88000000,778.55000000,779.01000000,1242.73000000
1778803200000,2026-05-15T00:00:00+00:00,779.02000000,788.55000000,773.00000000,784.18000000,8194.43000000
1778806800000,2026-05-15T01:00:00+00:00,784.11000000,785.17000000,756.57000000,757.31000000,11935.55000000
1778810400000,2026-05-15T02:00:00+00:00,757.34000000,767.46000000,746.98000000,765.41000000,18724.07000000
1778814000000,2026-05-15T03:00:00+00:00,765.32000000,766.08000000,758.57000000,760.30000000,4942.02000000
1778817600000,2026-05-15T04:00:00+00:00,760.30000000,760.40000000,749.90000000,750.10000000,7397.31000000
1778821200000,2026-05-15T05:00:00+00:00,750.15000000,753.65000000,733.01000000,733.87000000,15456.71000000
1778824800000,2026-05-15T06:00:00+00:00,733.98000000,771.25000000,731.75000000,770.80000000,23824.11000000
1778828400000,2026-05-15T07:00:00+00:00,770.82000000,776.07000000,758.93000000,765.79000000,16374.15000000
1778832000000,2026-05-15T08:00:00+00:00,765.84000000,766.99000000,750.18000000,753.83000000,13672.04000000
1778835600000,2026-05-15T09:00:00+00:00,753.90000000,755.05000000,741.50000000,743.15000000,7718.71000000
1778839200000,2026-05-15T10:00:00+00:00,743.17000000,765.68000000,742.91000000,760.68000000,8574.42000000
1778842800000,2026-05-15T11:00:00+00:00,760.70000000,762.44000000,752.82000000,752.86000000,4907.19000000
1778846400000,2026-05-15T12:00:00+00:00,752.82000000,753.41000000,740.01000000,743.02000000,7267.70000000
1778850000000,2026-05-15T13:00:00+00:00,743.16000000,750.83000000,726.50000000,726.82000000,51845.88000000
1778853600000,2026-05-15T14:00:00+00:00,726.67000000,748.89000000,721.18000000,732.68000000,37280.85000000
1778857200000,2026-05-15T15:00:00+00:00,732.71000000,742.41000000,730.93000000,734.01000000,18711.54000000
1778860800000,2026-05-15T16:00:00+00:00,734.15000000,738.52000000,731.02000000,737.12000000,8159.62000000
1778864400000,2026-05-15T17:00:00+00:00,737.14000000,746.07000000,735.78000000,743.31000000,5727.49000000
1778868000000,2026-05-15T18:00:00+00:00,743.32000000,747.44000000,735.78000000,739.77000000,5036.64000000
1778871600000,2026-05-15T19:00:00+00:00,739.85000000,741.06000000,725.32000000,726.36000000,7474.63000000
1778875200000,2026-05-15T20:00:00+00:00,726.37000000,728.77000000,723.65000000,726.80000000,1922.12000000
1778878800000,2026-05-15T21:00:00+00:00,726.80000000,727.29000000,721.30000000,723.26000000,986.93000000
1778882400000,2026-05-15T22:00:00+00:00,723.30000000,723.35000000,720.36000000,720.52000000,1781.39000000
1778886000000,2026-05-15T23:00:00+00:00,720.50000000,720.90000000,715.05000000,716.15000000,2656.12000000
1778889600000,2026-05-16T00:00:00+00:00,716.30000000,718.15000000,714.76000000,715.00000000,1098.10000000
1778893200000,2026-05-16T01:00:00+00:00,714.95000000,716.75000000,713.35000000,714.05000000,2009.83000000
1778896800000,2026-05-16T02:00:00+00:00,714.06000000,717.58000000,713.51000000,717.14000000,914.57000000
1778900400000,2026-05-16T03:00:00+00:00,717.07000000,719.88000000,716.83000000,719.87000000,742.22000000
1778904000000,2026-05-16T04:00:00+00:00,719.87000000,719.87000000,716.41000000,717.12000000,1011.15000000
1778907600000,2026-05-16T05:00:00+00:00,717.33000000,718.92000000,716.58000000,717.91000000,591.37000000
1778911200000,2026-05-16T06:00:00+00:00,717.90000000,718.38000000,714.17000000,715.54000000,972.65000000
1778914800000,2026-05-16T07:00:00+00:00,715.51000000,716.39000000,712.33000000,715.60000000,2134.88000000
1778918400000,2026-05-16T08:00:00+00:00,715.65000000,719.44000000,715.01000000,718.12000000,1466.58000000
1778922000000,2026-05-16T09:00:00+00:00,718.11000000,719.09000000,715.41000000,716.08000000,982.37000000
1778925600000,2026-05-16T10:00:00+00:00,716.08000000,716.31000000,714.00000000,715.60000000,877.23000000
1778929200000,2026-05-16T11:00:00+00:00,715.58000000,717.22000000,714.46000000,715.15000000,752.84000000
1778932800000,2026-05-16T12:00:00+00:00,715.16000000,717.23000000,714.44000000,717.05000000,446.88000000
1778936400000,2026-05-16T13:00:00+00:00,717.04000000,717.05000000,714.50000000,714.98000000,856.24000000
1778940000000,2026-05-16T14:00:00+00:00,714.96000000,715.64000000,714.61000000,715.26000000,217.53000000
1778943600000,2026-05-16T15:00:00+00:00,715.26000000,716.20000000,715.13000000,715.33000000,381.89000000
1778947200000,2026-05-16T16:00:00+00:00,715.31000000,716.95000000,715.20000000,716.69000000,582.90000000
1778950800000,2026-05-16T17:00:00+00:00,716.62000000,718.50000000,716.60000000,718.29000000,633.97000000
1778954400000,2026-05-16T18:00:00+00:00,718.30000000,718.57000000,716.32000000,717.01000000,260.63000000
1778958000000,2026-05-16T19:00:00+00:00,717.00000000,717.46000000,716.56000000,716.86000000,120.36000000
1778961600000,2026-05-16T20:00:00+00:00,716.84000000,716.90000000,715.61000000,715.82000000,166.74000000
1778965200000,2026-05-16T21:00:00+00:00,715.73000000,716.75000000,715.35000000,715.90000000,232.87000000
1778968800000,2026-05-16T22:00:00+00:00,715.90000000,716.09000000,709.42000000,710.41000000,2407.98000000
1778972400000,2026-05-16T23:00:00+00:00,710.41000000,714.46000000,709.29000000,713.96000000,683.14000000
1778976000000,2026-05-17T00:00:00+00:00,713.90000000,715.91000000,712.73000000,712.93000000,702.93000000
1778979600000,2026-05-17T01:00:00+00:00,712.93000000,713.90000000,708.00000000,708.00000000,890.77000000
1778983200000,2026-05-17T02:00:00+00:00,708.00000000,714.39000000,707.60000000,714.34000000,1431.34000000
1778986800000,2026-05-17T03:00:00+00:00,714.40000000,717.69000000,714.06000000,717.07000000,1546.35000000
1778990400000,2026-05-17T04:00:00+00:00,717.08000000,717.45000000,713.76000000,713.76000000,595.60000000
1778994000000,2026-05-17T05:00:00+00:00,713.75000000,714.90000000,713.64000000,714.72000000,453.36000000
1778997600000,2026-05-17T06:00:00+00:00,714.77000000,716.57000000,714.13000000,714.56000000,366.15000000
1779001200000,2026-05-17T07:00:00+00:00,714.54000000,715.63000000,714.00000000,714.68000000,423.72000000
1779004800000,2026-05-17T08:00:00+00:00,714.65000000,719.30000000,714.22000000,718.75000000,894.76000000
1779008400000,2026-05-17T09:00:00+00:00,718.78000000,722.50000000,717.80000000,722.34000000,1588.91000000
1779012000000,2026-05-17T10:00:00+00:00,722.33000000,725.60000000,720.98000000,725.43000000,1313.51000000
1779015600000,2026-05-17T11:00:00+00:00,725.34000000,727.11000000,724.07000000,726.07000000,1251.92000000
1779019200000,2026-05-17T12:00:00+00:00,726.07000000,726.78000000,724.20000000,726.32000000,574.19000000
1779022800000,2026-05-17T13:00:00+00:00,726.31000000,729.72000000,724.28000000,729.06000000,2031.43000000
1779026400000,2026-05-17T14:00:00+00:00,729.06000000,729.06000000,723.60000000,724.61000000,2178.07000000
1779030000000,2026-05-17T15:00:00+00:00,724.61000000,731.77000000,724.08000000,731.07000000,1669.62000000
1779033600000,2026-05-17T16:00:00+00:00,731.16000000,731.65000000,729.00000000,729.16000000,950.76000000
1779037200000,2026-05-17T17:00:00+00:00,729.21000000,730.98000000,729.00000000,730.30000000,384.55000000
1779040800000,2026-05-17T18:00:00+00:00,730.37000000,731.00000000,729.00000000,729.56000000,333.77000000
1779044400000,2026-05-17T19:00:00+00:00,729.55000000,735.32000000,729.01000000,734.25000000,568.29000000
1779048000000,2026-05-17T20:00:00+00:00,734.25000000,737.99000000,733.57000000,734.53000000,510.25000000
1779051600000,2026-05-17T21:00:00+00:00,734.53000000,737.49000000,734.24000000,736.05000000,504.54000000
1779055200000,2026-05-17T22:00:00+00:00,735.98000000,737.73000000,729.52000000,730.72000000,1824.50000000
1779058800000,2026-05-17T23:00:00+00:00,730.68000000,730.95000000,719.00000000,723.68000000,4683.56000000
1779062400000,2026-05-18T00:00:00+00:00,723.50000000,724.99000000,702.89000000,715.07000000,17331.46000000
1779066000000,2026-05-18T01:00:00+00:00,715.07000000,731.58000000,708.76000000,723.50000000,11995.68000000
1779069600000,2026-05-18T02:00:00+00:00,723.45000000,743.53000000,718.95000000,730.68000000,14742.32000000
1779073200000,2026-05-18T03:00:00+00:00,730.40000000,735.17000000,724.80000000,729.72000000,5999.37000000
1779076800000,2026-05-18T04:00:00+00:00,729.79000000,736.89000000,725.13000000,727.20000000,5367.36000000
1779080400000,2026-05-18T05:00:00+00:00,727.28000000,730.56000000,722.60000000,726.27000000,3578.33000000
1779084000000,2026-05-18T06:00:00+00:00,726.21000000,731.30000000,721.76000000,730.95000000,3106.44000000
1779087600000,2026-05-18T07:00:00+00:00,731.00000000,736.25000000,728.62000000,732.66000000,4046.37000000
1779091200000,2026-05-18T08:00:00+00:00,732.94000000,749.81000000,731.42000000,747.91000000,8601.91000000
1779094800000,2026-05-18T09:00:00+00:00,747.94000000,749.10000000,741.69000000,742.67000000,3686.20000000
1779098400000,2026-05-18T10:00:00+00:00,742.62000000,743.74000000,729.74000000,733.83000000,6486.60000000
1779102000000,2026-05-18T11:00:00+00:00,733.80000000,742.88000000,728.96000000,737.19000000,4962.69000000
1779105600000,2026-05-18T12:00:00+00:00,737.23000000,754.70000000,735.55000000,753.45000000,5317.74000000
1779109200000,2026-05-18T13:00:00+00:00,753.36000000,765.08000000,721.81000000,723.13000000,50040.57000000
1779112800000,2026-05-18T14:00:00+00:00,723.32000000,726.10000000,688.84000000,699.40000000,50930.58000000
1779116400000,2026-05-18T15:00:00+00:00,699.54000000,709.62000000,696.69000000,697.43000000,17207.67000000
1779120000000,2026-05-18T16:00:00+00:00,697.41000000,698.24000000,680.95000000,690.64000000,36403.04000000
1779123600000,2026-05-18T17:00:00+00:00,690.58000000,691.16000000,678.77000000,680.76000000,17329.64000000
1779127200000,2026-05-18T18:00:00+00:00,680.72000000,681.02000000,664.44000000,670.45000000,30186.74000000
1779130800000,2026-05-18T19:00:00+00:00,670.64000000,688.67000000,664.05000000,682.65000000,34934.69000000
1779134400000,2026-05-18T20:00:00+00:00,682.69000000,683.70000000,677.99000000,679.92000000,3973.71000000
1779138000000,2026-05-18T21:00:00+00:00,679.86000000,688.59000000,679.34000000,687.82000000,1704.87000000
1779141600000,2026-05-18T22:00:00+00:00,687.79000000,694.89000000,687.21000000,694.30000000,4427.01000000
1779145200000,2026-05-18T23:00:00+00:00,694.20000000,697.25000000,686.00000000,689.75000000,2673.09000000
1779148800000,2026-05-19T00:00:00+00:00,689.77000000,695.98000000,684.48000000,685.05000000,8445.28000000
1779152400000,2026-05-19T01:00:00+00:00,685.14000000,685.42000000,671.97000000,674.74000000,11969.26000000
1779156000000,2026-05-19T02:00:00+00:00,674.70000000,677.46000000,667.04000000,674.20000000,7392.48000000
1779159600000,2026-05-19T03:00:00+00:00,674.15000000,680.68000000,672.13000000,677.05000000,4001.27000000
1779163200000,2026-05-19T04:00:00+00:00,677.04000000,677.22000000,671.20000000,676.29000000,3701.85000000
1779166800000,2026-05-19T05:00:00+00:00,676.25000000,677.04000000,670.00000000,672.63000000,3957.47000000
1779170400000,2026-05-19T06:00:00+00:00,672.63000000,683.40000000,671.12000000,682.22000000,5519.90000000
1779174000000,2026-05-19T07:00:00+00:00,682.21000000,690.91000000,679.45000000,686.53000000,16784.42000000
1779177600000,2026-05-19T08:00:00+00:00,686.65000000,688.19000000,675.86000000,682.56000000,10843.15000000
1779181200000,2026-05-19T09:00:00+00:00,682.66000000,682.73000000,669.58000000,675.72000000,11244.44000000
1779184800000,2026-05-19T10:00:00+00:00,675.67000000,675.67000000,666.55000000,674.67000000,11021.32000000
1779188400000,2026-05-19T11:00:00+00:00,674.86000000,675.17000000,664.76000000,664.77000000,6364.79000000
1779192000000,2026-05-19T12:00:00+00:00,664.92000000,673.19000000,661.66000000,668.27000000,10299.32000000
1779195600000,2026-05-19T13:00:00+00:00,668.34000000,700.41000000,661.03000000,678.40000000,85549.68000000
1779199200000,2026-05-19T14:00:00+00:00,678.45000000,680.58000000,653.34000000,678.10000000,81486.31000000
1779202800000,2026-05-19T15:00:00+00:00,678.25000000,697.15000000,677.19000000,695.01000000,39537.72000000
1779206400000,2026-05-19T16:00:00+00:00,695.04000000,717.66000000,694.98000000,714.65000000,35987.83000000
1779210000000,2026-05-19T17:00:00+00:00,714.69000000,725.17000000,712.43000000,718.67000000,37265.80000000
1779213600000,2026-05-19T18:00:00+00:00,718.70000000,722.90000000,703.14000000,704.75000000,19964.01000000
1779217200000,2026-05-19T19:00:00+00:00,704.70000000,712.56000000,694.56000000,699.67000000,26665.47000000
1779220800000,2026-05-19T20:00:00+00:00,699.66000000,704.40000000,698.31000000,701.59000000,3928.57000000
1779224400000,2026-05-19T21:00:00+00:00,701.59000000,706.30000000,700.68000000,704.84000000,1192.06000000
1779228000000,2026-05-19T22:00:00+00:00,704.84000000,707.28000000,700.15000000,703.69000000,2155.87000000
1779231600000,2026-05-19T23:00:00+00:00,703.69000000,708.60000000,702.31000000,705.95000000,1459.89000000
1779235200000,2026-05-20T00:00:00+00:00,705.90000000,706.65000000,692.32000000,700.28000000,14240.82000000
1779238800000,2026-05-20T01:00:00+00:00,700.25000000,704.52000000,696.46000000,701.91000000,6949.61000000
1779242400000,2026-05-20T02:00:00+00:00,701.91000000,709.00000000,698.97000000,703.45000000,10251.19000000
1779246000000,2026-05-20T03:00:00+00:00,703.40000000,710.65000000,702.10000000,707.31000000,5262.11000000
1779249600000,2026-05-20T04:00:00+00:00,707.31000000,708.83000000,703.00000000,704.36000000,3079.35000000
1779253200000,2026-05-20T05:00:00+00:00,704.25000000,710.10000000,704.17000000,709.78000000,5389.31000000
1779256800000,2026-05-20T06:00:00+00:00,709.68000000,720.79000000,709.50000000,719.45000000,22349.10000000
1779260400000,2026-05-20T07:00:00+00:00,719.47000000,723.95000000,715.55000000,717.50000000,14194.60000000
1779264000000,2026-05-20T08:00:00+00:00,717.55000000,728.57000000,717.05000000,725.58000000,10043.19000000
1779267600000,2026-05-20T09:00:00+00:00,725.39000000,729.16000000,724.10000000,727.81000000,6755.10000000
1779271200000,2026-05-20T10:00:00+00:00,727.83000000,729.16000000,725.40000000,725.66000000,5434.93000000
1779274800000,2026-05-20T11:00:00+00:00,725.69000000,728.78000000,717.39000000,722.51000000,9908.51000000
1779278400000,2026-05-20T12:00:00+00:00,722.45000000,737.77000000,721.00000000,731.91000000,12296.93000000
1779282000000,2026-05-20T13:00:00+00:00,731.90000000,739.55000000,710.50000000,715.26000000,62552.66000000
1779285600000,2026-05-20T14:00:00+00:00,715.26000000,720.34000000,701.35000000,719.90000000,47595.64000000
1779289200000,2026-05-20T15:00:00+00:00,719.97000000,727.79000000,714.35000000,725.75000000,19085.71000000
1779292800000,2026-05-20T16:00:00+00:00,725.80000000,726.00000000,711.71000000,720.30000000,16227.93000000
1779296400000,2026-05-20T17:00:00+00:00,720.50000000,731.60000000,719.00000000,730.81000000,10114.89000000
1779300000000,2026-05-20T18:00:00+00:00,730.90000000,732.36000000,723.57000000,726.51000000,6356.32000000
1779303600000,2026-05-20T19:00:00+00:00,726.64000000,734.20000000,726.37000000,732.15000000,5104.78000000
1779307200000,2026-05-20T20:00:00+00:00,732.15000000,736.26000000,716.55000000,727.88000000,22170.06000000
1779310800000,2026-05-20T21:00:00+00:00,727.96000000,735.27000000,724.63000000,728.75000000,4006.15000000
1779314400000,2026-05-20T22:00:00+00:00,728.66000000,728.88000000,719.50000000,725.43000000,3805.76000000
1779318000000,2026-05-20T23:00:00+00:00,725.48000000,726.99000000,723.23000000,726.00000000,2778.28000000
1779321600000,2026-05-21T00:00:00+00:00,725.91000000,741.89000000,724.34000000,741.86000000,12881.55000000
1779325200000,2026-05-21T01:00:00+00:00,741.90000000,756.07000000,741.69000000,746.64000000,15491.67000000
1779328800000,2026-05-21T02:00:00+00:00,746.75000000,757.71000000,746.75000000,750.97000000,12510.39000000
1779332400000,2026-05-21T03:00:00+00:00,750.90000000,756.64000000,750.00000000,753.27000000,5716.53000000
1779336000000,2026-05-21T04:00:00+00:00,753.26000000,756.50000000,751.68000000,756.42000000,8317.70000000
1779339600000,2026-05-21T05:00:00+00:00,756.38000000,756.55000000,748.06000000,749.74000000,9387.15000000
1779343200000,2026-05-21T06:00:00+00:00,749.69000000,752.53000000,739.44000000,743.85000000,10776.06000000
1779346800000,2026-05-21T07:00:00+00:00,743.75000000,745.72000000,733.51000000,742.75000000,12802.43000000
1779350400000,2026-05-21T08:00:00+00:00,742.80000000,750.91000000,735.14000000,744.00000000,11844.83000000
1779354000000,2026-05-21T09:00:00+00:00,743.95000000,750.21000000,743.33000000,749.65000000,3571.22000000
1779357600000,2026-05-21T10:00:00+00:00,749.65000000,750.76000000,737.24000000,741.10000000,12616.39000000
1779361200000,2026-05-21T11:00:00+00:00,741.01000000,742.35000000,735.23000000,738.18000000,8628.99000000
1779364800000,2026-05-21T12:00:00+00:00,738.40000000,740.82000000,728.99000000,730.94000000,9087.19000000
1779368400000,2026-05-21T13:00:00+00:00,730.92000000,762.10000000,729.46000000,758.72000000,65695.99000000
1779372000000,2026-05-21T14:00:00+00:00,758.72000000,765.27000000,741.61000000,748.60000000,44659.11000000
1779375600000,2026-05-21T15:00:00+00:00,748.67000000,752.72000000,742.00000000,742.04000000,17956.17000000
1779379200000,2026-05-21T16:00:00+00:00,742.03000000,755.30000000,742.02000000,748.53000000,11777.85000000
1779382800000,2026-05-21T17:00:00+00:00,748.48000000,761.85000000,748.48000000,756.66000000,18323.67000000
1779386400000,2026-05-21T18:00:00+00:00,756.64000000,760.54000000,745.46000000,748.00000000,10057.47000000
1779390000000,2026-05-21T19:00:00+00:00,748.01000000,763.95000000,746.32000000,762.32000000,7294.91000000
1779393600000,2026-05-21T20:00:00+00:00,762.36000000,762.91000000,757.31000000,758.80000000,1836.17000000
1779397200000,2026-05-21T21:00:00+00:00,758.80000000,759.90000000,758.25000000,759.57000000,663.58000000
1779400800000,2026-05-21T22:00:00+00:00,759.58000000,762.48000000,759.29000000,762.30000000,1198.89000000
1779404400000,2026-05-21T23:00:00+00:00,762.30000000,762.99000000,759.89000000,761.50000000,1563.94000000
1779408000000,2026-05-22T00:00:00+00:00,761.50000000,762.78000000,756.79000000,756.96000000,5101.86000000
1779411600000,2026-05-22T01:00:00+00:00,756.95000000,758.96000000,753.71000000,758.00000000,4946.60000000
1779415200000,2026-05-22T02:00:00+00:00,757.99000000,759.39000000,756.57000000,759.25000000,1925.80000000
1779418800000,2026-05-22T03:00:00+00:00,759.24000000,759.56000000,756.45000000,759.11000000,2316.06000000
1779422400000,2026-05-22T04:00:00+00:00,759.12000000,761.90000000,758.97000000,761.34000000,2212.04000000
1779426000000,2026-05-22T05:00:00+00:00,761.33000000,762.70000000,760.17000000,760.98000000,1740.17000000
1779429600000,2026-05-22T06:00:00+00:00,760.97000000,761.45000000,759.02000000,759.30000000,2050.86000000
1779433200000,2026-05-22T07:00:00+00:00,759.30000000,762.23000000,758.28000000,761.14000000,2038.19000000
1779436800000,2026-05-22T08:00:00+00:00,761.17000000,764.52000000,756.90000000,757.13000000,9565.88000000
1779440400000,2026-05-22T09:00:00+00:00,757.13000000,757.13000000,747.01000000,750.80000000,8051.06000000
1779444000000,2026-05-22T10:00:00+00:00,750.78000000,752.40000000,743.84000000,752.21000000,5757.94000000
1779447600000,2026-05-22T11:00:00+00:00,752.22000000,758.16000000,751.93000000,755.90000000,4255.39000000
1779451200000,2026-05-22T12:00:00+00:00,755.91000000,757.98000000,754.16000000,756.59000000,3954.89000000
1779454800000,2026-05-22T13:00:00+00:00,756.62000000,762.67000000,748.13000000,754.95000000,37126.32000000
1779458400000,2026-05-22T14:00:00+00:00,754.95000000,768.90000000,748.28000000,763.40000000,32056.63000000
1779462000000,2026-05-22T15:00:00+00:00,763.44000000,771.77000000,763.44000000,765.92000000,12453.13000000
1779465600000,2026-05-22T16:00:00+00:00,765.94000000,770.38000000,762.07000000,769.49000000,8403.18000000
1779469200000,2026-05-22T17:00:00+00:00,769.49000000,780.86000000,768.35000000,778.62000000,14066.55000000
1779472800000,2026-05-22T18:00:00+00:00,778.65000000,779.26000000,768.13000000,771.65000000,11352.35000000
1779476400000,2026-05-22T19:00:00+00:00,771.68000000,772.26000000,751.85000000,752.15000000,15197.42000000
1779480000000,2026-05-22T20:00:00+00:00,752.07000000,753.76000000,749.50000000,750.20000000,5422.31000000
1779483600000,2026-05-22T21:00:00+00:00,750.19000000,751.49000000,748.83000000,748.84000000,1549.38000000
1779487200000,2026-05-22T22:00:00+00:00,748.84000000,749.96000000,745.77000000,747.41000000,1992.34000000
1779490800000,2026-05-22T23:00:00+00:00,747.42000000,748.83000000,744.78000000,745.25000000,1535.09000000
1779494400000,2026-05-23T00:00:00+00:00,745.25000000,745.57000000,737.31000000,741.26000000,3993.89000000
1779498000000,2026-05-23T01:00:00+00:00,741.25000000,748.57000000,740.70000000,746.44000000,2962.87000000
1779501600000,2026-05-23T02:00:00+00:00,746.43000000,750.19000000,746.42000000,749.17000000,1640.11000000
1779505200000,2026-05-23T03:00:00+00:00,749.17000000,750.10000000,748.18000000,748.25000000,1176.53000000
1779508800000,2026-05-23T04:00:00+00:00,748.25000000,748.41000000,744.75000000,745.04000000,1707.82000000
1779512400000,2026-05-23T05:00:00+00:00,745.04000000,746.48000000,743.48000000,744.80000000,1068.03000000
1779516000000,2026-05-23T06:00:00+00:00,744.81000000,748.38000000,743.95000000,744.53000000,888.66000000
1779519600000,2026-05-23T07:00:00+00:00,744.54000000,744.91000000,738.81000000,740.19000000,2161.51000000
1779523200000,2026-05-23T08:00:00+00:00,740.20000000,744.00000000,738.66000000,743.98000000,1444.44000000
1779526800000,2026-05-23T09:00:00+00:00,743.99000000,746.71000000,743.36000000,743.73000000,1023.85000000
1779530400000,2026-05-23T10:00:00+00:00,743.73000000,747.21000000,743.71000000,746.73000000,1004.78000000
1779534000000,2026-05-23T11:00:00+00:00,746.70000000,747.04000000,744.08000000,744.31000000,612.77000000
1779537600000,2026-05-23T12:00:00+00:00,744.35000000,747.30000000,743.37000000,746.89000000,742.85000000
1779541200000,2026-05-23T13:00:00+00:00,746.87000000,749.98000000,745.18000000,746.59000000,3225.32000000
1779544800000,2026-05-23T14:00:00+00:00,746.60000000,756.09000000,746.45000000,753.61000000,5168.68000000
1779548400000,2026-05-23T15:00:00+00:00,753.57000000,756.04000000,752.29000000,753.84000000,3168.11000000
1779552000000,2026-05-23T16:00:00+00:00,753.85000000,756.48000000,753.73000000,756.09000000,774.73000000
1779555600000,2026-05-23T17:00:00+00:00,756.12000000,757.00000000,753.17000000,754.04000000,614.89000000
1779559200000,2026-05-23T18:00:00+00:00,754.05000000,768.15000000,753.45000000,763.72000000,3828.59000000
1779562800000,2026-05-23T19:00:00+00:00,763.68000000,764.78000000,761.04000000,763.40000000,1383.70000000
1779566400000,2026-05-23T20:00:00+00:00,763.41000000,768.95000000,760.50000000,768.34000000,2690.78000000
1779570000000,2026-05-23T21:00:00+00:00,768.44000000,775.40000000,767.03000000,769.32000000,4892.30000000
1779573600000,2026-05-23T22:00:00+00:00,769.33000000,770.71000000,762.19000000,767.64000000,3239.20000000
1779577200000,2026-05-23T23:00:00+00:00,767.67000000,774.39000000,767.28000000,771.60000000,1234.09000000
1779580800000,2026-05-24T00:00:00+00:00,771.72000000,776.15000000,769.25000000,773.99000000,2007.76000000
1779584400000,2026-05-24T01:00:00+00:00,773.99000000,777.00000000,771.66000000,775.44000000,2167.81000000
1779588000000,2026-05-24T02:00:00+00:00,775.45000000,775.73000000,774.17000000,774.81000000,1070.38000000
1779591600000,2026-05-24T03:00:00+00:00,774.80000000,778.28000000,772.71000000,777.49000000,1767.39000000
1779595200000,2026-05-24T04:00:00+00:00,777.50000000,780.36000000,777.28000000,777.90000000,1629.72000000
1779598800000,2026-05-24T05:00:00+00:00,777.87000000,778.94000000,769.65000000,774.02000000,3349.35000000
1779602400000,2026-05-24T06:00:00+00:00,774.03000000,775.41000000,772.00000000,774.62000000,1217.57000000
1779606000000,2026-05-24T07:00:00+00:00,774.65000000,775.90000000,772.98000000,773.36000000,870.38000000
1779609600000,2026-05-24T08:00:00+00:00,773.51000000,775.50000000,773.30000000,775.18000000,853.26000000
1779613200000,2026-05-24T09:00:00+00:00,775.19000000,778.88000000,774.31000000,778.87000000,1295.47000000
1779616800000,2026-05-24T10:00:00+00:00,778.86000000,780.50000000,778.43000000,779.16000000,1378.14000000
1779620400000,2026-05-24T11:00:00+00:00,779.17000000,780.11000000,778.19000000,778.90000000,1100.34000000
1779624000000,2026-05-24T12:00:00+00:00,778.98000000,779.82000000,776.03000000,778.05000000,935.74000000
1779627600000,2026-05-24T13:00:00+00:00,778.14000000,778.95000000,775.02000000,776.07000000,1015.23000000
1779631200000,2026-05-24T14:00:00+00:00,776.10000000,778.00000000,769.64000000,774.65000000,4914.02000000
1779634800000,2026-05-24T15:00:00+00:00,774.65000000,774.90000000,771.31000000,772.79000000,1008.44000000
1779638400000,2026-05-24T16:00:00+00:00,772.63000000,776.75000000,771.67000000,774.70000000,1826.68000000
1779642000000,2026-05-24T17:00:00+00:00,774.66000000,777.75000000,773.92000000,777.30000000,726.57000000
1779645600000,2026-05-24T18:00:00+00:00,777.33000000,777.59000000,776.00000000,776.68000000,651.22000000
1779649200000,2026-05-24T19:00:00+00:00,776.69000000,779.88000000,776.48000000,779.79000000,689.65000000
1779652800000,2026-05-24T20:00:00+00:00,779.80000000,780.49000000,779.03000000,779.41000000,655.08000000
1779656400000,2026-05-24T21:00:00+00:00,779.41000000,788.44000000,776.81000000,777.47000000,4135.82000000
1779660000000,2026-05-24T22:00:00+00:00,777.47000000,785.90000000,771.00000000,778.94000000,8849.07000000
1779663600000,2026-05-24T23:00:00+00:00,778.92000000,783.11000000,773.00000000,776.35000000,4899.44000000
1779667200000,2026-05-25T00:00:00+00:00,776.55000000,781.00000000,775.64000000,778.91000000,2338.83000000
1779670800000,2026-05-25T01:00:00+00:00,778.91000000,781.58000000,778.25000000,779.13000000,1037.63000000
1779674400000,2026-05-25T02:00:00+00:00,779.14000000,781.63000000,777.28000000,781.61000000,914.62000000
1779678000000,2026-05-25T03:00:00+00:00,781.51000000,786.95000000,781.36000000,786.39000000,2131.24000000
1779681600000,2026-05-25T04:00:00+00:00,786.42000000,787.54000000,784.41000000,785.72000000,1709.71000000
1779685200000,2026-05-25T05:00:00+00:00,785.79000000,787.50000000,784.33000000,784.89000000,2117.36000000
1779688800000,2026-05-25T06:00:00+00:00,784.90000000,785.29000000,782.02000000,782.42000000,1679.63000000
1779692400000,2026-05-25T07:00:00+00:00,782.43000000,786.24000000,782.21000000,786.03000000,2869.35000000
1779696000000,2026-05-25T08:00:00+00:00,786.05000000,789.12000000,784.42000000,788.81000000,3314.87000000
1779699600000,2026-05-25T09:00:00+00:00,788.81000000,794.67000000,787.93000000,792.14000000,5722.86000000
1779703200000,2026-05-25T10:00:00+00:00,792.17000000,792.26000000,789.34000000,790.99000000,1472.89000000
1779706800000,2026-05-25T11:00:00+00:00,791.00000000,794.80000000,790.80000000,794.00000000,2017.22000000
1779710400000,2026-05-25T12:00:00+00:00,793.92000000,794.80000000,791.32000000,791.70000000,2205.98000000
1779714000000,2026-05-25T13:00:00+00:00,791.67000000,796.79000000,790.34000000,795.12000000,3091.05000000
1779717600000,2026-05-25T14:00:00+00:00,795.03000000,799.99000000,793.50000000,797.74000000,3307.97000000
1779721200000,2026-05-25T15:00:00+00:00,797.70000000,799.09000000,793.53000000,794.12000000,2901.83000000
1779724800000,2026-05-25T16:00:00+00:00,794.24000000,797.33000000,791.10000000,793.33000000,3587.43000000
1779728400000,2026-05-25T17:00:00+00:00,793.35000000,794.00000000,791.34000000,791.49000000,924.44000000
1779732000000,2026-05-25T18:00:00+00:00,791.50000000,795.44000000,791.40000000,793.83000000,501.27000000
1779735600000,2026-05-25T19:00:00+00:00,793.80000000,796.69000000,793.50000000,796.45000000,578.41000000
1779739200000,2026-05-25T20:00:00+00:00,796.44000000,797.51000000,792.18000000,792.66000000,1071.19000000
1779742800000,2026-05-25T21:00:00+00:00,792.65000000,793.71000000,792.02000000,792.71000000,353.07000000
1779746400000,2026-05-25T22:00:00+00:00,792.81000000,795.53000000,785.75000000,785.94000000,2503.28000000
1779750000000,2026-05-25T23:00:00+00:00,785.80000000,791.96000000,785.01000000,790.50000000,2871.42000000
1779753600000,2026-05-26T00:00:00+00:00,790.51000000,791.60000000,779.50000000,784.88000000,17961.64000000
1779757200000,2026-05-26T01:00:00+00:00,784.85000000,785.15000000,779.88000000,781.95000000,5811.59000000
1779760800000,2026-05-26T02:00:00+00:00,782.10000000,784.18000000,781.36000000,783.22000000,2116.78000000
1779764400000,2026-05-26T03:00:00+00:00,783.23000000,783.40000000,780.49000000,781.01000000,2861.75000000
1779768000000,2026-05-26T04:00:00+00:00,781.06000000,783.25000000,780.22000000,781.66000000,1286.79000000
1779771600000,2026-05-26T05:00:00+00:00,781.61000000,781.80000000,778.63000000,779.70000000,3426.19000000
1779775200000,2026-05-26T06:00:00+00:00,779.70000000,781.65000000,777.56000000,779.66000000,3237.54000000
1779778800000,2026-05-26T07:00:00+00:00,779.78000000,782.06000000,773.00000000,779.80000000,7891.63000000
1779782400000,2026-05-26T08:00:00+00:00,779.82000000,787.00000000,779.17000000,786.61000000,7446.42000000
1779786000000,2026-05-26T09:00:00+00:00,786.71000000,796.90000000,786.20000000,795.62000000,9557.73000000
1779789600000,2026-05-26T10:00:00+00:00,795.67000000,801.84000000,794.84000000,796.92000000,14107.29000000
1779793200000,2026-05-26T11:00:00+00:00,797.04000000,805.82000000,795.58000000,804.86000000,7787.04000000
1779796800000,2026-05-26T12:00:00+00:00,804.86000000,816.84000000,803.38000000,814.68000000,16455.57000000
1779800400000,2026-05-26T13:00:00+00:00,814.63000000,863.10000000,812.14000000,859.26000000,115863.41000000
1779804000000,2026-05-26T14:00:00+00:00,859.28000000,891.88000000,846.15000000,880.35000000,123118.58000000
1779807600000,2026-05-26T15:00:00+00:00,880.56000000,883.15000000,868.21000000,873.49000000,59160.82000000
1779811200000,2026-05-26T16:00:00+00:00,873.47000000,889.60000000,873.24000000,884.49000000,37718.84000000
1779814800000,2026-05-26T17:00:00+00:00,884.34000000,899.84000000,883.17000000,897.45000000,37570.85000000
1779818400000,2026-05-26T18:00:00+00:00,897.44000000,909.29000000,894.16000000,905.49000000,40587.70000000
1779822000000,2026-05-26T19:00:00+00:00,905.56000000,917.19000000,896.48000000,898.03000000,44450.56000000
1779825600000,2026-05-26T20:00:00+00:00,898.06000000,906.66000000,893.50000000,902.70000000,12489.80000000
1779829200000,2026-05-26T21:00:00+00:00,902.76000000,909.88000000,902.03000000,909.60000000,4662.17000000
1779832800000,2026-05-26T22:00:00+00:00,909.68000000,914.40000000,907.26000000,911.66000000,5103.75000000
1779836400000,2026-05-26T23:00:00+00:00,911.66000000,915.64000000,908.03000000,915.04000000,7576.90000000
1779840000000,2026-05-27T00:00:00+00:00,915.08000000,976.17000000,913.94000000,959.40000000,93211.38000000
1779843600000,2026-05-27T01:00:00+00:00,959.30000000,959.30000000,940.84000000,942.85000000,39178.28000000
1779847200000,2026-05-27T02:00:00+00:00,942.86000000,956.99000000,942.69000000,949.96000000,18599.73000000
1779850800000,2026-05-27T03:00:00+00:00,950.01000000,951.95000000,933.08000000,934.18000000,23981.79000000
1779854400000,2026-05-27T04:00:00+00:00,934.19000000,943.95000000,927.00000000,929.58000000,42385.04000000
1779858000000,2026-05-27T05:00:00+00:00,929.53000000,933.61000000,917.01000000,923.06000000,41837.15000000
1779861600000,2026-05-27T06:00:00+00:00,923.16000000,932.22000000,914.11000000,925.19000000,38756.87000000
1779865200000,2026-05-27T07:00:00+00:00,925.20000000,945.54000000,925.17000000,939.81000000,51585.57000000
1779868800000,2026-05-27T08:00:00+00:00,939.73000000,942.00000000,927.00000000,935.10000000,27694.89000000
1779872400000,2026-05-27T09:00:00+00:00,935.09000000,945.39000000,929.00000000,944.97000000,21369.05000000
1779876000000,2026-05-27T10:00:00+00:00,945.09000000,954.00000000,944.08000000,946.33000000,28691.10000000
1779879600000,2026-05-27T11:00:00+00:00,946.35000000,986.47000000,946.35000000,979.76000000,99058.75000000
1779883200000,2026-05-27T12:00:00+00:00,979.76000000,987.00000000,945.22000000,957.65000000,112191.12000000
1779886800000,2026-05-27T13:00:00+00:00,957.68000000,969.13000000,903.65000000,930.91000000,315190.59000000
1779890400000,2026-05-27T14:00:00+00:00,931.08000000,934.31000000,891.30000000,901.73000000,249049.44000000
1779894000000,2026-05-27T15:00:00+00:00,901.76000000,911.96000000,888.88000000,911.32000000,131742.98000000
1779897600000,2026-05-27T16:00:00+00:00,911.27000000,923.05000000,906.65000000,908.56000000,98176.01000000
1779901200000,2026-05-27T17:00:00+00:00,908.61000000,913.65000000,902.34000000,907.58000000,72898.58000000
1779904800000,2026-05-27T18:00:00+00:00,907.60000000,921.60000000,904.00000000,916.94000000,55543.80000000
1779908400000,2026-05-27T19:00:00+00:00,916.93000000,932.31000000,916.56000000,929.16000000,61412.26000000
1779912000000,2026-05-27T20:00:00+00:00,929.06000000,935.94000000,925.30000000,932.21000000,16271.08000000
1779915600000,2026-05-27T21:00:00+00:00,932.29000000,932.35000000,919.80000000,921.40000000,10899.93000000
1779919200000,2026-05-27T22:00:00+00:00,921.35000000,922.51000000,910.71000000,915.20000000,14612.64000000
1779922800000,2026-05-27T23:00:00+00:00,915.30000000,918.59000000,903.26000000,905.08000000,13891.36000000
1779926400000,2026-05-28T00:00:00+00:00,905.12000000,923.90000000,900.10000000,919.09000000,41408.91000000
1779930000000,2026-05-28T01:00:00+00:00,919.14000000,919.22000000,905.25000000,910.03000000,15647.91000000
1779933600000,2026-05-28T02:00:00+00:00,910.03000000,910.61000000,900.00000000,900.28000000,15388.99000000
1779937200000,2026-05-28T03:00:00+00:00,900.35000000,906.71000000,880.27000000,887.91000000,58015.04000000
1779940800000,2026-05-28T04:00:00+00:00,887.91000000,894.93000000,880.25000000,891.08000000,37110.75000000
1779944400000,2026-05-28T05:00:00+00:00,891.14000000,915.31000000,887.62000000,909.65000000,40412.70000000
1779948000000,2026-05-28T06:00:00+00:00,909.68000000,916.37000000,905.82000000,911.47000000,32237.14000000
1779951600000,2026-05-28T07:00:00+00:00,911.47000000,919.42000000,911.31000000,913.35000000,16911.97000000
1779955200000,2026-05-28T08:00:00+00:00,913.31000000,930.91000000,912.14000000,921.13000000,32065.52000000
1779958800000,2026-05-28T09:00:00+00:00,921.21000000,923.84000000,913.50000000,917.26000000,15395.54000000
1779962400000,2026-05-28T10:00:00+00:00,917.06000000,917.42000000,903.57000000,905.83000000,20408.57000000
1779966000000,2026-05-28T11:00:00+00:00,905.85000000,915.15000000,897.06000000,911.32000000,36085.99000000
1779969600000,2026-05-28T12:00:00+00:00,911.25000000,930.50000000,910.22000000,927.43000000,54523.60000000
1779973200000,2026-05-28T13:00:00+00:00,927.44000000,945.00000000,906.74000000,909.72000000,162597.88000000
1779976800000,2026-05-28T14:00:00+00:00,909.66000000,940.38000000,906.15000000,935.31000000,136937.10000000
1779980400000,2026-05-28T15:00:00+00:00,935.30000000,947.11000000,933.94000000,935.20000000,68292.31000000
1779984000000,2026-05-28T16:00:00+00:00,935.36000000,949.87000000,933.13000000,949.28000000,28363.14000000
1779987600000,2026-05-28T17:00:00+00:00,949.29000000,949.80000000,935.85000000,940.58000000,32247.74000000
1779991200000,2026-05-28T18:00:00+00:00,940.60000000,943.33000000,925.51000000,932.78000000,43606.44000000
1779994800000,2026-05-28T19:00:00+00:00,932.84000000,936.21000000,919.66000000,923.70000000,36182.85000000
1779998400000,2026-05-28T20:00:00+00:00,923.70000000,930.99000000,922.77000000,927.54000000,4856.23000000
1780002000000,2026-05-28T21:00:00+00:00,927.50000000,935.13000000,925.87000000,934.70000000,3666.67000000
1780005600000,2026-05-28T22:00:00+00:00,934.70000000,939.56000000,931.60000000,934.37000000,8037.91000000
1780009200000,2026-05-28T23:00:00+00:00,934.34000000,937.82000000,933.08000000,935.91000000,5382.79000000
1780012800000,2026-05-29T00:00:00+00:00,935.88000000,940.68000000,930.76000000,932.22000000,14947.50000000
1780016400000,2026-05-29T01:00:00+00:00,932.21000000,937.12000000,929.38000000,935.09000000,7832.91000000
1780020000000,2026-05-29T02:00:00+00:00,935.09000000,936.35000000,930.80000000,931.33000000,4294.19000000
1780023600000,2026-05-29T03:00:00+00:00,931.28000000,934.94000000,930.38000000,930.55000000,3596.93000000
1780027200000,2026-05-29T04:00:00+00:00,930.49000000,939.50000000,930.30000000,936.23000000,7885.19000000
1780030800000,2026-05-29T05:00:00+00:00,936.25000000,939.34000000,932.49000000,934.48000000,7950.18000000
1780034400000,2026-05-29T06:00:00+00:00,934.52000000,939.14000000,933.84000000,938.82000000,4135.02000000
1780038000000,2026-05-29T07:00:00+00:00,938.78000000,939.68000000,934.53000000,937.39000000,5931.94000000
1780041600000,2026-05-29T08:00:00+00:00,937.38000000,956.78000000,936.22000000,953.58000000,27491.69000000
1780045200000,2026-05-29T09:00:00+00:00,953.55000000,963.64000000,952.11000000,954.41000000,27017.39000000
1780048800000,2026-05-29T10:00:00+00:00,954.43000000,958.38000000,950.66000000,953.11000000,12046.83000000
1780052400000,2026-05-29T11:00:00+00:00,953.11000000,954.96000000,945.23000000,948.39000000,20807.29000000
1780056000000,2026-05-29T12:00:00+00:00,948.38000000,950.16000000,938.11000000,949.94000000,24846.64000000
1780059600000,2026-05-29T13:00:00+00:00,949.92000000,980.00000000,945.41000000,977.06000000,143756.38000000
1780063200000,2026-05-29T14:00:00+00:00,977.08000000,980.73000000,954.00000000,964.77000000,129417.91000000
1780066800000,2026-05-29T15:00:00+00:00,964.60000000,974.16000000,956.12000000,958.78000000,66472.50000000
1780070400000,2026-05-29T16:00:00+00:00,958.73000000,971.43000000,956.56000000,965.39000000,56541.60000000
1780074000000,2026-05-29T17:00:00+00:00,965.36000000,967.63000000,951.33000000,953.24000000,33729.70000000
1780077600000,2026-05-29T18:00:00+00:00,953.25000000,960.25000000,950.43000000,951.59000000,24929.87000000
1780081200000,2026-05-29T19:00:00+00:00,951.60000000,971.07000000,940.09000000,969.26000000,52001.36000000
1780084800000,2026-05-29T20:00:00+00:00,969.37000000,969.94000000,961.50000000,965.83000000,10410.12000000
1780088400000,2026-05-29T21:00:00+00:00,965.74000000,966.41000000,963.00000000,964.53000000,2020.38000000
1780092000000,2026-05-29T22:00:00+00:00,964.51000000,965.06000000,961.07000000,961.20000000,1818.55000000
1780095600000,2026-05-29T23:00:00+00:00,961.25000000,965.08000000,960.35000000,964.73000000,3130.19000000
1780099200000,2026-05-30T00:00:00+00:00,964.73000000,968.00000000,960.30000000,964.82000000,8769.16000000
1780102800000,2026-05-30T01:00:00+00:00,964.81000000,968.50000000,962.29000000,967.49000000,5894.99000000
1780106400000,2026-05-30T02:00:00+00:00,967.56000000,969.60000000,965.76000000,968.77000000,2923.68000000
1780110000000,2026-05-30T03:00:00+00:00,968.76000000,971.00000000,965.39000000,967.36000000,2893.59000000
1780113600000,2026-05-30T04:00:00+00:00,967.43000000,969.49000000,965.95000000,969.02000000,2624.47000000
1780117200000,2026-05-30T05:00:00+00:00,969.10000000,971.00000000,967.00000000,969.68000000,4020.05000000
1780120800000,2026-05-30T06:00:00+00:00,969.75000000,977.80000000,967.79000000,975.80000000,7156.65000000
1780124400000,2026-05-30T07:00:00+00:00,975.77000000,976.33000000,972.60000000,973.11000000,2932.48000000
1780128000000,2026-05-30T08:00:00+00:00,973.10000000,976.15000000,972.08000000,972.23000000,2622.42000000
1780131600000,2026-05-30T09:00:00+00:00,972.23000000,974.43000000,970.48000000,974.00000000,1895.01000000
1780135200000,2026-05-30T10:00:00+00:00,973.99000000,975.49000000,972.54000000,973.01000000,1921.76000000
1780138800000,2026-05-30T11:00:00+00:00,973.00000000,973.32000000,968.13000000,971.25000000,2973.43000000
1780142400000,2026-05-30T12:00:00+00:00,971.25000000,976.43000000,970.11000000,976.21000000,3777.30000000
1780146000000,2026-05-30T13:00:00+00:00,976.28000000,979.46000000,974.69000000,977.07000000,3590.54000000
1780149600000,2026-05-30T14:00:00+00:00,977.08000000,977.80000000,972.96000000,973.78000000,2522.26000000
1780153200000,2026-05-30T15:00:00+00:00,973.77000000,975.90000000,971.00000000,975.48000000,3530.94000000
1780156800000,2026-05-30T16:00:00+00:00,975.47000000,977.28000000,973.02000000,974.76000000,2915.10000000
1780160400000,2026-05-30T17:00:00+00:00,974.80000000,976.22000000,971.27000000,973.26000000,3765.83000000
1780164000000,2026-05-30T18:00:00+00:00,973.21000000,974.26000000,972.08000000,973.74000000,1163.29000000
1780167600000,2026-05-30T19:00:00+00:00,973.62000000,975.00000000,972.12000000,974.34000000,465.23000000
1780171200000,2026-05-30T20:00:00+00:00,974.40000000,977.29000000,973.79000000,976.34000000,699.97000000
1780174800000,2026-05-30T21:00:00+00:00,976.35000000,977.26000000,975.42000000,976.55000000,1041.56000000
1780178400000,2026-05-30T22:00:00+00:00,976.60000000,978.32000000,972.80000000,977.04000000,1754.71000000
1780182000000,2026-05-30T23:00:00+00:00,977.05000000,978.81000000,976.39000000,977.83000000,793.72000000
1780185600000,2026-05-31T00:00:00+00:00,977.84000000,981.00000000,977.22000000,979.01000000,3759.89000000
1780189200000,2026-05-31T01:00:00+00:00,978.94000000,981.00000000,976.98000000,980.72000000,5146.41000000
1780192800000,2026-05-31T02:00:00+00:00,980.70000000,981.00000000,980.15000000,980.28000000,2019.37000000
1780196400000,2026-05-31T03:00:00+00:00,980.28000000,980.59000000,979.00000000,980.15000000,1304.56000000
1780200000000,2026-05-31T04:00:00+00:00,980.14000000,981.00000000,978.94000000,979.39000000,2749.39000000
1780203600000,2026-05-31T05:00:00+00:00,979.39000000,979.88000000,977.60000000,978.70000000,1262.00000000
1780207200000,2026-05-31T06:00:00+00:00,978.73000000,980.77000000,978.28000000,979.37000000,1146.26000000
1780210800000,2026-05-31T07:00:00+00:00,979.37000000,981.00000000,978.94000000,980.98000000,2763.22000000
1780214400000,2026-05-31T08:00:00+00:00,980.95000000,981.00000000,980.32000000,980.48000000,2249.97000000
1780218000000,2026-05-31T09:00:00+00:00,980.49000000,980.95000000,979.89000000,980.31000000,920.16000000
1780221600000,2026-05-31T10:00:00+00:00,980.28000000,980.51000000,979.50000000,980.06000000,803.61000000
1780225200000,2026-05-31T11:00:00+00:00,980.12000000,980.98000000,979.75000000,980.80000000,655.43000000
1780228800000,2026-05-31T12:00:00+00:00,980.80000000,981.00000000,979.88000000,980.46000000,2005.15000000
1780232400000,2026-05-31T13:00:00+00:00,980.44000000,980.90000000,979.88000000,979.95000000,659.48000000
1780236000000,2026-05-31T14:00:00+00:00,979.94000000,981.00000000,979.82000000,980.22000000,1747.96000000
1780239600000,2026-05-31T15:00:00+00:00,980.22000000,992.62000000,979.88000000,987.64000000,9425.67000000
1780243200000,2026-05-31T16:00:00+00:00,987.64000000,989.64000000,986.40000000,989.07000000,2931.37000000
1780246800000,2026-05-31T17:00:00+00:00,989.06000000,992.23000000,987.27000000,991.01000000,2041.75000000
1780250400000,2026-05-31T18:00:00+00:00,991.07000000,1005.00000000,989.55000000,990.28000000,11165.55000000
1780254000000,2026-05-31T19:00:00+00:00,990.45000000,995.36000000,988.68000000,992.49000000,2920.54000000
1780257600000,2026-05-31T20:00:00+00:00,992.43000000,994.88000000,991.11000000,992.47000000,1495.80000000
1780261200000,2026-05-31T21:00:00+00:00,992.47000000,1000.56000000,987.63000000,990.53000000,4369.29000000
1780264800000,2026-05-31T22:00:00+00:00,990.53000000,991.89000000,985.20000000,991.15000000,4468.79000000
1780268400000,2026-05-31T23:00:00+00:00,991.20000000,993.83000000,982.89000000,989.14000000,6866.89000000
1780272000000,2026-06-01T00:00:00+00:00,989.37000000,1013.00000000,979.18000000,1007.97000000,29866.71000000
1780275600000,2026-06-01T01:00:00+00:00,1008.15000000,1010.96000000,1000.02000000,1009.43000000,14283.36000000
1780279200000,2026-06-01T02:00:00+00:00,1009.40000000,1015.59000000,1005.01000000,1008.06000000,13256.17000000
1780282800000,2026-06-01T03:00:00+00:00,1008.03000000,1011.00000000,999.27000000,1001.41000000,12807.85000000
1780286400000,2026-06-01T04:00:00+00:00,1001.36000000,1009.44000000,1001.03000000,1007.85000000,6271.20000000
1780290000000,2026-06-01T05:00:00+00:00,1007.78000000,1008.77000000,1002.23000000,1005.69000000,5122.57000000
1780293600000,2026-06-01T06:00:00+00:00,1005.63000000,1008.32000000,1004.57000000,1007.61000000,5895.05000000
1780297200000,2026-06-01T07:00:00+00:00,1007.67000000,1008.07000000,1003.25000000,1005.95000000,4749.12000000
1780300800000,2026-06-01T08:00:00+00:00,1005.95000000,1014.00000000,1001.18000000,1011.66000000,15975.35000000
1780304400000,2026-06-01T09:00:00+00:00,1011.88000000,1025.88000000,1011.85000000,1017.45000000,23917.31000000
1780308000000,2026-06-01T10:00:00+00:00,1017.32000000,1027.03000000,1017.32000000,1021.81000000,10541.58000000
1780311600000,2026-06-01T11:00:00+00:00,1021.79000000,1022.18000000,1001.30000000,1007.43000000,29313.20000000
1780315200000,2026-06-01T12:00:00+00:00,1007.35000000,1015.91000000,1002.55000000,1007.52000000,21050.72000000
1780318800000,2026-06-01T13:00:00+00:00,1007.47000000,1038.69000000,997.50000000,1013.60000000,175557.32000000
1780322400000,2026-06-01T14:00:00+00:00,1013.66000000,1042.30000000,1012.03000000,1032.75000000,104854.82000000
1780326000000,2026-06-01T15:00:00+00:00,1032.76000000,1036.84000000,1021.66000000,1032.23000000,55596.47000000
1780329600000,2026-06-01T16:00:00+00:00,1032.29000000,1044.75000000,1030.01000000,1044.55000000,46368.82000000
1780333200000,2026-06-01T17:00:00+00:00,1044.57000000,1047.76000000,1037.82000000,1047.45000000,39233.54000000
1780336800000,2026-06-01T18:00:00+00:00,1047.51000000,1047.80000000,1032.23000000,1032.72000000,29871.59000000
1780340400000,2026-06-01T19:00:00+00:00,1032.60000000,1037.69000000,1028.61000000,1035.54000000,23301.94000000
1780344000000,2026-06-01T20:00:00+00:00,1035.47000000,1041.75000000,1033.01000000,1038.97000000,7613.17000000
1780347600000,2026-06-01T21:00:00+00:00,1039.02000000,1041.58000000,1038.65000000,1041.58000000,2438.28000000
1780351200000,2026-06-01T22:00:00+00:00,1041.41000000,1041.50000000,1034.49000000,1036.39000000,5688.73000000
1780354800000,2026-06-01T23:00:00+00:00,1036.42000000,1041.26000000,1036.42000000,1040.36000000,3596.92000000
1780358400000,2026-06-02T00:00:00+00:00,1040.43000000,1040.94000000,1019.00000000,1022.02000000,48150.99000000
1780362000000,2026-06-02T01:00:00+00:00,1021.95000000,1026.55000000,1012.12000000,1012.31000000,29218.37000000
1780365600000,2026-06-02T02:00:00+00:00,1012.24000000,1022.48000000,1009.37000000,1019.93000000,23928.35000000
1780369200000,2026-06-02T03:00:00+00:00,1019.81000000,1021.45000000,1012.18000000,1016.50000000,14581.65000000
1780372800000,2026-06-02T04:00:00+00:00,1016.48000000,1026.74000000,1016.15000000,1026.74000000,18181.53000000
1780376400000,2026-06-02T05:00:00+00:00,1026.73000000,1038.48000000,1024.98000000,1038.48000000,17155.91000000
1780380000000,2026-06-02T06:00:00+00:00,1038.44000000,1041.60000000,1023.84000000,1026.08000000,26564.48000000
1780383600000,2026-06-02T07:00:00+00:00,1026.03000000,1031.79000000,1021.33000000,1026.22000000,11973.05000000
1780387200000,2026-06-02T08:00:00+00:00,1026.25000000,1039.08000000,1026.25000000,1028.44000000,15142.68000000
1780390800000,2026-06-02T09:00:00+00:00,1028.46000000,1034.04000000,1024.51000000,1032.11000000,6630.85000000
1780394400000,2026-06-02T10:00:00+00:00,1032.13000000,1033.86000000,1027.01000000,1030.74000000,5912.82000000
1780398000000,2026-06-02T11:00:00+00:00,1030.70000000,1052.63000000,1030.53000000,1044.93000000,24536.58000000
1780401600000,2026-06-02T12:00:00+00:00,1045.04000000,1048.67000000,1043.51000000,1044.36000000,8522.68000000
1780405200000,2026-06-02T13:00:00+00:00,1044.36000000,1056.61000000,1019.32000000,1054.21000000,120546.52000000
1780408800000,2026-06-02T14:00:00+00:00,1054.10000000,1073.53000000,1024.14000000,1030.44000000,132977.88000000
1780412400000,2026-06-02T15:00:00+00:00,1030.31000000,1045.54000000,1026.56000000,1043.43000000,46100.70000000
1780416000000,2026-06-02T16:00:00+00:00,1043.64000000,1045.93000000,1031.70000000,1045.72000000,36025.10000000
1780419600000,2026-06-02T17:00:00+00:00,1045.85000000,1050.86000000,1041.18000000,1049.35000000,22082.02000000
1780423200000,2026-06-02T18:00:00+00:00,1049.47000000,1056.98000000,1045.13000000,1055.94000000,23991.15000000
1780426800000,2026-06-02T19:00:00+00:00,1055.91000000,1079.44000000,1055.19000000,1064.85000000,43292.18000000
1780430400000,2026-06-02T20:00:00+00:00,1064.70000000,1070.09000000,1060.82000000,1067.99000000,12558.01000000
1780434000000,2026-06-02T21:00:00+00:00,1068.02000000,1069.01000000,1063.61000000,1065.08000000,3889.51000000
1780437600000,2026-06-02T22:00:00+00:00,1065.07000000,1066.00000000,1051.62000000,1053.04000000,9756.40000000
1780441200000,2026-06-02T23:00:00+00:00,1053.15000000,1058.92000000,1046.85000000,1056.92000000,12219.34000000
1780444800000,2026-06-03T00:00:00+00:00,1056.80000000,1068.62000000,1055.14000000,1066.06000000,17009.21000000
1780448400000,2026-06-03T01:00:00+00:00,1066.07000000,1066.29000000,1056.57000000,1060.14000000,9470.16000000
1780452000000,2026-06-03T02:00:00+00:00,1060.14000000,1062.11000000,1057.89000000,1060.67000000,3754.08000000
1780455600000,2026-06-03T03:00:00+00:00,1060.69000000,1065.14000000,1058.57000000,1062.82000000,5249.51000000
1780459200000,2026-06-03T04:00:00+00:00,1062.81000000,1066.34000000,1060.79000000,1063.64000000,7004.14000000
1780462800000,2026-06-03T05:00:00+00:00,1063.51000000,1066.77000000,1061.33000000,1061.89000000,6049.05000000
1780466400000,2026-06-03T06:00:00+00:00,1061.92000000,1063.76000000,1060.12000000,1061.64000000,4923.97000000
1780470000000,2026-06-03T07:00:00+00:00,1061.69000000,1062.78000000,1060.23000000,1061.37000000,3447.99000000
1780473600000,2026-06-03T08:00:00+00:00,1061.40000000,1076.47000000,1061.18000000,1076.25000000,16841.33000000
1780477200000,2026-06-03T09:00:00+00:00,1076.27000000,1085.52000000,1076.24000000,1081.13000000,22097.69000000
1780480800000,2026-06-03T10:00:00+00:00,1081.12000000,1088.30000000,1077.76000000,1081.54000000,13255.21000000
1780484400000,2026-06-03T11:00:00+00:00,1081.66000000,1084.76000000,1073.44000000,1078.54000000,13905.72000000
1780488000000,2026-06-03T12:00:00+00:00,1078.50000000,1081.21000000,1072.00000000,1075.94000000,14456.65000000
1780491600000,2026-06-03T13:00:00+00:00,1075.91000000,1091.27000000,1040.23000000,1044.06000000,126029.31000000
1780495200000,2026-06-03T14:00:00+00:00,1044.01000000,1076.73000000,1042.13000000,1066.56000000,85658.54000000
1780498800000,2026-06-03T15:00:00+00:00,1066.51000000,1075.50000000,1055.00000000,1057.55000000,37195.27000000
1780502400000,2026-06-03T16:00:00+00:00,1057.50000000,1069.40000000,1054.66000000,1065.70000000,24324.16000000
1780506000000,2026-06-03T17:00:00+00:00,1065.75000000,1073.49000000,1056.03000000,1071.87000000,24169.44000000
1780509600000,2026-06-03T18:00:00+00:00,1071.90000000,1076.67000000,1066.19000000,1071.63000000,22040.38000000
1780513200000,2026-06-03T19:00:00+00:00,1071.69000000,1089.42000000,1069.31000000,1079.76000000,38578.28000000
1780516800000,2026-06-03T20:00:00+00:00,1079.84000000,1080.51000000,1055.00000000,1060.89000000,20608.30000000
1780520400000,2026-06-03T21:00:00+00:00,1060.89000000,1066.76000000,1043.60000000,1059.89000000,20714.98000000
1780524000000,2026-06-03T22:00:00+00:00,1059.85000000,1061.61000000,1052.10000000,1056.50000000,6429.08000000
1780527600000,2026-06-03T23:00:00+00:00,1056.51000000,1056.88000000,1049.37000000,1051.00000000,7412.77000000
1780531200000,2026-06-04T00:00:00+00:00,1051.02000000,1061.24000000,1043.73000000,1056.47000000,17915.16000000
1780534800000,2026-06-04T01:00:00+00:00,1056.46000000,1059.64000000,1049.08000000,1050.18000000,8221.85000000
1780538400000,2026-06-04T02:00:00+00:00,1050.25000000,1052.67000000,1038.10000000,1047.29000000,19489.10000000
1780542000000,2026-06-04T03:00:00+00:00,1047.25000000,1055.95000000,1046.16000000,1053.77000000,6198.34000000
1780545600000,2026-06-04T04:00:00+00:00,1053.74000000,1057.91000000,1052.76000000,1053.69000000,4553.60000000
1780549200000,2026-06-04T05:00:00+00:00,1053.69000000,1056.10000000,1051.48000000,1055.22000000,3667.79000000
1780552800000,2026-06-04T06:00:00+00:00,1055.20000000,1057.35000000,1052.63000000,1055.82000000,3201.32000000
1780556400000,2026-06-04T07:00:00+00:00,1055.95000000,1056.43000000,1052.13000000,1052.49000000,4399.61000000
1780560000000,2026-06-04T08:00:00+00:00,1052.54000000,1053.27000000,1032.00000000,1034.80000000,22277.15000000
1780563600000,2026-06-04T09:00:00+00:00,1034.79000000,1035.46000000,994.28000000,1019.05000000,73617.34000000
1780567200000,2026-06-04T10:00:00+00:00,1019.14000000,1020.56000000,997.50000000,1008.40000000,29400.42000000
1780570800000,2026-06-04T11:00:00+00:00,1008.42000000,1014.05000000,997.79000000,1005.79000000,27248.98000000
1780574400000,2026-06-04T12:00:00+00:00,1005.78000000,1019.74000000,999.12000000,1016.03000000,28398.98000000
1780578000000,2026-06-04T13:00:00+00:00,1016.05000000,1029.85000000,986.20000000,986.55000000,138121.29000000
1780581600000,2026-06-04T14:00:00+00:00,986.48000000,1007.35000000,973.28000000,999.83000000,115360.36000000
1780585200000,2026-06-04T15:00:00+00:00,999.85000000,1015.94000000,993.00000000,1008.70000000,48305.88000000
1780588800000,2026-06-04T16:00:00+00:00,1008.71000000,1025.95000000,1006.05000000,1023.81000000,37707.20000000
1780592400000,2026-06-04T17:00:00+00:00,1023.80000000,1026.75000000,1018.26000000,1025.88000000,23953.41000000
1780596000000,2026-06-04T18:00:00+00:00,1025.88000000,1036.28000000,1014.92000000,1016.12000000,30197.61000000
1780599600000,2026-06-04T19:00:00+00:00,1016.16000000,1029.71000000,997.50000000,998.06000000,32796.41000000
1780603200000,2026-06-04T20:00:00+00:00,998.08000000,1000.59000000,986.66000000,988.68000000,23174.91000000
1780606800000,2026-06-04T21:00:00+00:00,988.73000000,991.33000000,983.28000000,987.36000000,9057.15000000
1780610400000,2026-06-04T22:00:00+00:00,987.35000000,988.68000000,973.06000000,983.90000000,10243.60000000
1780614000000,2026-06-04T23:00:00+00:00,983.94000000,985.43000000,969.98000000,971.68000000,8981.17000000
1780617600000,2026-06-05T00:00:00+00:00,971.67000000,980.76000000,942.82000000,953.92000000,52659.22000000
1780621200000,2026-06-05T01:00:00+00:00,953.97000000,979.56000000,947.18000000,973.24000000,31074.64000000
1780624800000,2026-06-05T02:00:00+00:00,973.42000000,985.44000000,969.95000000,973.10000000,22096.74000000
1780628400000,2026-06-05T03:00:00+00:00,973.26000000,976.32000000,958.88000000,963.14000000,14758.70000000
1780632000000,2026-06-05T04:00:00+00:00,963.24000000,974.13000000,961.41000000,971.33000000,10154.24000000
1780635600000,2026-06-05T05:00:00+00:00,971.16000000,973.76000000,958.09000000,960.78000000,7663.25000000
1780639200000,2026-06-05T06:00:00+00:00,960.67000000,961.90000000,946.99000000,950.40000000,23710.06000000
1780642800000,2026-06-05T07:00:00+00:00,950.40000000,951.57000000,942.26000000,950.21000000,19569.08000000
1780646400000,2026-06-05T08:00:00+00:00,950.25000000,972.46000000,947.74000000,959.41000000,30554.85000000
1780650000000,2026-06-05T09:00:00+00:00,959.49000000,970.65000000,959.17000000,966.39000000,16646.89000000
1780653600000,2026-06-05T10:00:00+00:00,966.38000000,973.83000000,961.69000000,968.14000000,14815.47000000
1780657200000,2026-06-05T11:00:00+00:00,967.96000000,969.91000000,952.37000000,957.95000000,15722.71000000
1780660800000,2026-06-05T12:00:00+00:00,957.93000000,958.70000000,943.23000000,950.64000000,27920.68000000
1780664400000,2026-06-05T13:00:00+00:00,950.72000000,962.64000000,916.46000000,916.79000000,145149.93000000
1780668000000,2026-06-05T14:00:00+00:00,916.90000000,950.87000000,915.95000000,947.73000000,132073.00000000
1780671600000,2026-06-05T15:00:00+00:00,947.72000000,948.05000000,920.47000000,930.55000000,78610.48000000
1780675200000,2026-06-05T16:00:00+00:00,930.50000000,930.64000000,885.85000000,905.89000000,184985.03000000
1780678800000,2026-06-05T17:00:00+00:00,905.90000000,908.88000000,891.91000000,905.79000000,91353.59000000
1780682400000,2026-06-05T18:00:00+00:00,905.82000000,907.63000000,869.37000000,887.33000000,91521.58000000
1780686000000,2026-06-05T19:00:00+00:00,887.37000000,894.73000000,866.25000000,866.49000000,69287.76000000
1780689600000,2026-06-05T20:00:00+00:00,866.40000000,873.58000000,850.01000000,863.85000000,51656.52000000
1780693200000,2026-06-05T21:00:00+00:00,863.81000000,881.00000000,860.54000000,880.70000000,18717.49000000
1780696800000,2026-06-05T22:00:00+00:00,880.84000000,885.09000000,869.84000000,871.22000000,10744.65000000
1780700400000,2026-06-05T23:00:00+00:00,871.24000000,871.52000000,852.89000000,859.38000000,16194.15000000
1780704000000,2026-06-06T00:00:00+00:00,859.38000000,878.02000000,859.38000000,861.48000000,26602.67000000
1780707600000,2026-06-06T01:00:00+00:00,861.53000000,863.76000000,835.50000000,838.14000000,16571.93000000
1780711200000,2026-06-06T02:00:00+00:00,838.11000000,852.18000000,835.00000000,845.49000000,17410.19000000
1780714800000,2026-06-06T03:00:00+00:00,845.65000000,853.13000000,838.00000000,853.02000000,8930.58000000
1780718400000,2026-06-06T04:00:00+00:00,853.01000000,859.00000000,846.20000000,846.30000000,9367.73000000
1780722000000,2026-06-06T05:00:00+00:00,846.30000000,874.46000000,844.82000000,873.39000000,14318.81000000
1780725600000,2026-06-06T06:00:00+00:00,873.40000000,873.57000000,857.08000000,858.96000000,11139.93000000
1780729200000,2026-06-06T07:00:00+00:00,858.96000000,862.87000000,851.11000000,853.84000000,4822.45000000
1780732800000,2026-06-06T08:00:00+00:00,853.93000000,867.29000000,852.70000000,865.11000000,4437.48000000
1780736400000,2026-06-06T09:00:00+00:00,865.05000000,869.76000000,860.74000000,862.26000000,4796.64000000
1780740000000,2026-06-06T10:00:00+00:00,862.32000000,865.56000000,855.00000000,862.63000000,7214.81000000
1780743600000,2026-06-06T11:00:00+00:00,862.72000000,869.37000000,858.87000000,864.88000000,5670.07000000
1780747200000,2026-06-06T12:00:00+00:00,864.88000000,878.00000000,864.53000000,873.53000000,19255.98000000
1780750800000,2026-06-06T13:00:00+00:00,873.52000000,876.44000000,869.49000000,870.46000000,4932.81000000
1780754400000,2026-06-06T14:00:00+00:00,870.50000000,876.00000000,870.00000000,874.77000000,4349.88000000
1780758000000,2026-06-06T15:00:00+00:00,874.74000000,875.96000000,864.93000000,869.11000000,5359.41000000
1780761600000,2026-06-06T16:00:00+00:00,869.14000000,876.00000000,867.80000000,874.73000000,4246.70000000
1780765200000,2026-06-06T17:00:00+00:00,874.77000000,875.80000000,865.00000000,865.75000000,4977.71000000
1780768800000,2026-06-06T18:00:00+00:00,865.72000000,871.45000000,864.07000000,869.18000000,3905.72000000
1780772400000,2026-06-06T19:00:00+00:00,869.16000000,875.55000000,868.35000000,874.92000000,2785.93000000
1780776000000,2026-06-06T20:00:00+00:00,874.90000000,876.71000000,870.74000000,875.12000000,2555.59000000
1780779600000,2026-06-06T21:00:00+00:00,875.09000000,877.27000000,872.93000000,873.30000000,1770.00000000
1780783200000,2026-06-06T22:00:00+00:00,873.48000000,875.86000000,867.15000000,868.27000000,2917.36000000
1780786800000,2026-06-06T23:00:00+00:00,868.37000000,880.18000000,867.64000000,877.69000000,4757.41000000
1780790400000,2026-06-07T00:00:00+00:00,877.69000000,879.78000000,870.89000000,876.28000000,5425.97000000
1780794000000,2026-06-07T01:00:00+00:00,876.27000000,888.00000000,871.59000000,884.49000000,9983.76000000
1780797600000,2026-06-07T02:00:00+00:00,884.48000000,884.65000000,871.26000000,873.49000000,6902.62000000
1780801200000,2026-06-07T03:00:00+00:00,873.50000000,879.54000000,871.26000000,874.92000000,4265.55000000
1780804800000,2026-06-07T04:00:00+00:00,874.90000000,879.10000000,872.78000000,878.85000000,3873.22000000
1780808400000,2026-06-07T05:00:00+00:00,878.81000000,885.19000000,877.50000000,883.49000000,6457.36000000
1780812000000,2026-06-07T06:00:00+00:00,883.60000000,893.50000000,883.07000000,886.70000000,8163.68000000
1780815600000,2026-06-07T07:00:00+00:00,886.66000000,887.11000000,879.96000000,881.52000000,5777.47000000
1780819200000,2026-06-07T08:00:00+00:00,881.52000000,882.65000000,876.22000000,878.83000000,6156.21000000
1780822800000,2026-06-07T09:00:00+00:00,878.83000000,885.80000000,873.22000000,873.25000000,9075.49000000
1780826400000,2026-06-07T10:00:00+00:00,873.22000000,880.00000000,869.11000000,874.90000000,4958.60000000
1780830000000,2026-06-07T11:00:00+00:00,874.89000000,899.42000000,874.55000000,897.41000000,21393.07000000
1780833600000,2026-06-07T12:00:00+00:00,897.48000000,908.00000000,896.87000000,903.67000000,22065.59000000
1780837200000,2026-06-07T13:00:00+00:00,903.67000000,907.96000000,889.34000000,905.26000000,13774.11000000
1780840800000,2026-06-07T14:00:00+00:00,905.27000000,913.86000000,897.58000000,901.26000000,12813.16000000
1780844400000,2026-06-07T15:00:00+00:00,901.25000000,908.48000000,896.51000000,900.82000000,9989.41000000
1780848000000,2026-06-07T16:00:00+00:00,900.83000000,912.61000000,900.63000000,907.97000000,5999.47000000
1780851600000,2026-06-07T17:00:00+00:00,907.91000000,911.45000000,903.11000000,904.29000000,3586.36000000
1780855200000,2026-06-07T18:00:00+00:00,904.43000000,906.20000000,897.70000000,897.86000000,3225.75000000
1780858800000,2026-06-07T19:00:00+00:00,897.89000000,897.89000000,890.72000000,892.56000000,8012.11000000
1780862400000,2026-06-07T20:00:00+00:00,892.52000000,903.95000000,892.09000000,903.25000000,2000.42000000
1780866000000,2026-06-07T21:00:00+00:00,903.25000000,904.68000000,896.13000000,896.79000000,1779.87000000
1780869600000,2026-06-07T22:00:00+00:00,896.80000000,905.62000000,892.59000000,898.31000000,6636.32000000
1780873200000,2026-06-07T23:00:00+00:00,898.55000000,902.89000000,886.53000000,888.57000000,9067.85000000
1780876800000,2026-06-08T00:00:00+00:00,888.51000000,933.33000000,886.41000000,914.05000000,87645.87000000
1780880400000,2026-06-08T01:00:00+00:00,914.28000000,914.53000000,871.38000000,896.64000000,80888.33000000
1780884000000,2026-06-08T02:00:00+00:00,896.70000000,916.02000000,891.71000000,906.39000000,37773.28000000
1780887600000,2026-06-08T03:00:00+00:00,906.39000000,911.15000000,899.16000000,902.60000000,13332.87000000
1780891200000,2026-06-08T04:00:00+00:00,902.65000000,903.53000000,884.72000000,884.78000000,13688.85000000
1780894800000,2026-06-08T05:00:00+00:00,884.77000000,892.64000000,868.00000000,872.92000000,31259.17000000
1780898400000,2026-06-08T06:00:00+00:00,872.83000000,882.99000000,868.51000000,879.24000000,23368.48000000
1780902000000,2026-06-08T07:00:00+00:00,879.15000000,899.16000000,878.24000000,896.32000000,19976.03000000
1780905600000,2026-06-08T08:00:00+00:00,896.30000000,914.53000000,892.85000000,903.50000000,45478.36000000
1780909200000,2026-06-08T09:00:00+00:00,903.55000000,905.06000000,892.20000000,899.35000000,18134.27000000
1780912800000,2026-06-08T10:00:00+00:00,899.30000000,904.86000000,892.59000000,901.55000000,13316.99000000
1780916400000,2026-06-08T11:00:00+00:00,901.44000000,928.50000000,896.11000000,924.30000000,39843.05000000
1780920000000,2026-06-08T12:00:00+00:00,924.24000000,933.58000000,920.93000000,933.22000000,24465.60000000
1780923600000,2026-06-08T13:00:00+00:00,933.12000000,952.00000000,921.98000000,923.21000000,181503.36000000
1780927200000,2026-06-08T14:00:00+00:00,923.00000000,949.81000000,916.46000000,949.45000000,122290.84000000
1780930800000,2026-06-08T15:00:00+00:00,949.48000000,962.75000000,946.01000000,955.79000000,67930.73000000
1780934400000,2026-06-08T16:00:00+00:00,955.81000000,961.36000000,951.59000000,953.69000000,31313.79000000
1780938000000,2026-06-08T17:00:00+00:00,953.70000000,956.46000000,941.41000000,951.84000000,50579.88000000
1780941600000,2026-06-08T18:00:00+00:00,951.88000000,957.65000000,944.33000000,945.13000000,24033.10000000
1780945200000,2026-06-08T19:00:00+00:00,945.25000000,949.77000000,928.70000000,949.56000000,41406.01000000
1780948800000,2026-06-08T20:00:00+00:00,949.52000000,952.48000000,944.13000000,945.33000000,6972.15000000
1780952400000,2026-06-08T21:00:00+00:00,945.25000000,949.52000000,945.00000000,948.06000000,2867.67000000
1780956000000,2026-06-08T22:00:00+00:00,948.07000000,949.27000000,940.90000000,947.72000000,2799.29000000
1780959600000,2026-06-08T23:00:00+00:00,947.72000000,955.46000000,946.18000000,954.75000000,4325.28000000
1780963200000,2026-06-09T00:00:00+00:00,954.66000000,957.51000000,938.56000000,939.98000000,16776.68000000
1780966800000,2026-06-09T01:00:00+00:00,939.92000000,954.65000000,939.21000000,950.49000000,11678.56000000
1780970400000,2026-06-09T02:00:00+00:00,950.59000000,953.42000000,947.65000000,951.43000000,5602.17000000
1780974000000,2026-06-09T03:00:00+00:00,951.43000000,974.00000000,951.13000000,973.41000000,22691.21000000
1780977600000,2026-06-09T04:00:00+00:00,973.49000000,984.95000000,971.01000000,978.69000000,26279.23000000
1780981200000,2026-06-09T05:00:00+00:00,978.68000000,997.45000000,976.29000000,993.26000000,30845.29000000
1780984800000,2026-06-09T06:00:00+00:00,993.36000000,997.90000000,988.00000000,991.67000000,22003.14000000
1780988400000,2026-06-09T07:00:00+00:00,991.68000000,997.38000000,990.91000000,994.05000000,11790.07000000
1780992000000,2026-06-09T08:00:00+00:00,994.06000000,994.14000000,980.64000000,987.59000000,27473.68000000
1780995600000,2026-06-09T09:00:00+00:00,987.57000000,992.43000000,987.40000000,991.60000000,7097.42000000
1780999200000,2026-06-09T10:00:00+00:00,991.61000000,994.34000000,984.30000000,988.70000000,13922.27000000
1781002800000,2026-06-09T11:00:00+00:00,988.70000000,999.89000000,987.49000000,995.84000000,19477.30000000
1781006400000,2026-06-09T12:00:00+00:00,995.80000000,996.42000000,988.56000000,995.43000000,11742.66000000
1781010000000,2026-06-09T13:00:00+00:00,995.36000000,995.82000000,968.04000000,970.51000000,111862.77000000
1781013600000,2026-06-09T14:00:00+00:00,970.51000000,979.79000000,925.73000000,935.36000000,186064.57000000
1781017200000,2026-06-09T15:00:00+00:00,935.48000000,945.18000000,886.30000000,889.42000000,215490.55000000
1781020800000,2026-06-09T16:00:00+00:00,889.28000000,897.44000000,856.10000000,874.63000000,236974.38000000
1781024400000,2026-06-09T17:00:00+00:00,874.57000000,915.72000000,872.61000000,900.94000000,215212.61000000
1781028000000,2026-06-09T18:00:00+00:00,901.01000000,913.03000000,892.35000000,910.90000000,71021.27000000
1781031600000,2026-06-09T19:00:00+00:00,910.89000000,936.01000000,891.21000000,935.00000000,85790.17000000
1781035200000,2026-06-09T20:00:00+00:00,935.09000000,947.35000000,929.33000000,937.55000000,30204.08000000
1781038800000,2026-06-09T21:00:00+00:00,937.58000000,937.58000000,912.16000000,922.18000000,16526.56000000
1781042400000,2026-06-09T22:00:00+00:00,922.20000000,924.55000000,912.94000000,915.36000000,6317.99000000
1781046000000,2026-06-09T23:00:00+00:00,915.44000000,921.89000000,912.57000000,919.40000000,10630.40000000
1781049600000,2026-06-10T00:00:00+00:00,919.45000000,941.95000000,911.16000000,921.33000000,47161.45000000
1781053200000,2026-06-10T01:00:00+00:00,921.39000000,929.62000000,912.98000000,913.26000000,16411.79000000
1781056800000,2026-06-10T02:00:00+00:00,913.38000000,913.71000000,896.06000000,903.63000000,32456.60000000
1781060400000,2026-06-10T03:00:00+00:00,903.63000000,915.37000000,902.09000000,906.40000000,14366.25000000
1781064000000,2026-06-10T04:00:00+00:00,906.40000000,907.09000000,890.44000000,896.27000000,23920.20000000
1781067600000,2026-06-10T05:00:00+00:00,896.45000000,905.13000000,890.71000000,898.39000000,21250.37000000
1781071200000,2026-06-10T06:00:00+00:00,898.39000000,913.61000000,897.45000000,911.94000000,15839.95000000
1781074800000,2026-06-10T07:00:00+00:00,911.87000000,917.75000000,905.03000000,905.62000000,13614.11000000
1781078400000,2026-06-10T08:00:00+00:00,905.64000000,910.11000000,899.16000000,901.23000000,24245.64000000
1781082000000,2026-06-10T09:00:00+00:00,901.18000000,906.00000000,897.73000000,901.24000000,15748.48000000
1781085600000,2026-06-10T10:00:00+00:00,901.25000000,909.75000000,895.42000000,908.90000000,13120.63000000
1781089200000,2026-06-10T11:00:00+00:00,908.94000000,911.08000000,889.16000000,891.25000000,25810.83000000
1781092800000,2026-06-10T12:00:00+00:00,891.24000000,943.19000000,889.97000000,904.65000000,102573.58000000
1781096400000,2026-06-10T13:00:00+00:00,904.66000000,937.85000000,900.12000000,916.31000000,177733.93000000
1781100000000,2026-06-10T14:00:00+00:00,916.35000000,957.99000000,912.21000000,922.27000000,177086.97000000
1781103600000,2026-06-10T15:00:00+00:00,922.10000000,927.79000000,891.40000000,911.79000000,122820.38000000
1781107200000,2026-06-10T16:00:00+00:00,911.79000000,915.78000000,896.18000000,901.43000000,55658.27000000
1781110800000,2026-06-10T17:00:00+00:00,901.51000000,907.14000000,891.61000000,905.28000000,33068.44000000
1781114400000,2026-06-10T18:00:00+00:00,905.32000000,909.99000000,891.45000000,894.51000000,28485.11000000
1781118000000,2026-06-10T19:00:00+00:00,894.65000000,908.38000000,884.41000000,893.00000000,49188.76000000
1781121600000,2026-06-10T20:00:00+00:00,892.95000000,894.62000000,877.28000000,881.85000000,22288.06000000
1781125200000,2026-06-10T21:00:00+00:00,881.81000000,885.80000000,877.64000000,880.76000000,6297.52000000
1781128800000,2026-06-10T22:00:00+00:00,880.71000000,882.85000000,871.40000000,871.55000000,15019.67000000
1781132400000,2026-06-10T23:00:00+00:00,871.56000000,883.25000000,867.87000000,877.19000000,16884.54000000
1781136000000,2026-06-11T00:00:00+00:00,877.18000000,909.21000000,871.02000000,908.95000000,49623.98000000
1781139600000,2026-06-11T01:00:00+00:00,909.06000000,924.20000000,901.21000000,903.66000000,56477.85000000
1781143200000,2026-06-11T02:00:00+00:00,903.54000000,907.76000000,890.73000000,905.04000000,21926.12000000
1781146800000,2026-06-11T03:00:00+00:00,905.04000000,912.80000000,897.72000000,912.43000000,8653.68000000
1781150400000,2026-06-11T04:00:00+00:00,912.57000000,916.34000000,907.48000000,911.89000000,10101.11000000
1781154000000,2026-06-11T05:00:00+00:00,911.90000000,912.16000000,904.13000000,908.15000000,6320.04000000
1781157600000,2026-06-11T06:00:00+00:00,908.09000000,915.85000000,904.15000000,913.58000000,6653.26000000
1781161200000,2026-06-11T07:00:00+00:00,913.69000000,919.91000000,912.62000000,918.00000000,12799.70000000
1781164800000,2026-06-11T08:00:00+00:00,917.89000000,934.55000000,917.76000000,924.21000000,33128.43000000
1781168400000,2026-06-11T09:00:00+00:00,924.21000000,928.78000000,914.56000000,919.14000000,21114.76000000
1781172000000,2026-06-11T10:00:00+00:00,919.13000000,928.11000000,919.08000000,921.12000000,9994.61000000
1781175600000,2026-06-11T11:00:00+00:00,920.96000000,923.59000000,915.04000000,919.49000000,12733.15000000
1781179200000,2026-06-11T12:00:00+00:00,919.50000000,921.52000000,901.23000000,911.33000000,36597.25000000
1781182800000,2026-06-11T13:00:00+00:00,911.67000000,923.16000000,896.87000000,912.27000000,93989.62000000
1781186400000,2026-06-11T14:00:00+00:00,912.34000000,929.82000000,899.44000000,902.35000000,70794.60000000
1781190000000,2026-06-11T15:00:00+00:00,902.48000000,925.00000000,897.88000000,923.66000000,50299.85000000
1781193600000,2026-06-11T16:00:00+00:00,923.59000000,931.55000000,916.16000000,916.19000000,33868.77000000
1781197200000,2026-06-11T17:00:00+00:00,916.21000000,949.13000000,911.61000000,946.67000000,79809.49000000
1781200800000,2026-06-11T18:00:00+00:00,946.67000000,966.42000000,935.39000000,965.12000000,71379.00000000
1781204400000,2026-06-11T19:00:00+00:00,965.15000000,996.53000000,957.54000000,995.83000000,87212.51000000
1781208000000,2026-06-11T20:00:00+00:00,995.82000000,996.55000000,976.36000000,982.69000000,25090.88000000
1781211600000,2026-06-11T21:00:00+00:00,982.67000000,991.95000000,981.77000000,987.89000000,6977.64000000
1781215200000,2026-06-11T22:00:00+00:00,987.79000000,998.42000000,987.39000000,994.68000000,10923.01000000
1781218800000,2026-06-11T23:00:00+00:00,994.68000000,999.74000000,989.79000000,998.89000000,12046.87000000
1781222400000,2026-06-12T00:00:00+00:00,998.85000000,1020.30000000,995.35000000,1009.58000000,34581.00000000
1781226000000,2026-06-12T01:00:00+00:00,1009.50000000,1009.50000000,983.00000000,995.25000000,33349.68000000
1781229600000,2026-06-12T02:00:00+00:00,995.29000000,1000.12000000,992.58000000,999.04000000,10484.16000000
1781233200000,2026-06-12T03:00:00+00:00,999.04000000,1001.39000000,994.38000000,996.64000000,3123.42000000
