open_time_ms,open_time_iso,open,high,low,close,volume
1778785200000,2026-05-14T19:00:00+00:00,791.93000000,794.94000000,790.31000000,792.45000000,842.43000000
1778786100000,2026-05-14T19:15:00+00:00,792.49000000,793.12000000,788.11000000,788.25000000,846.44000000
1778787000000,2026-05-14T19:30:00+00:00,788.22000000,790.83000000,786.68000000,788.99000000,839.55000000
1778787900000,2026-05-14T19:45:00+00:00,789.02000000,789.10000000,776.08000000,777.04000000,2177.82000000
1778788800000,2026-05-14T20:00:00+00:00,777.05000000,782.07000000,776.80000000,779.96000000,1252.22000000
1778789700000,2026-05-14T20:15:00+00:00,779.96000000,781.22000000,778.45000000,779.31000000,560.23000000
1778790600000,2026-05-14T20:30:00+00:00,779.37000000,780.50000000,777.45000000,778.04000000,576.43000000
1778791500000,2026-05-14T20:45:00+00:00,778.00000000,782.26000000,777.98000000,782.26000000,379.43000000
1778792400000,2026-05-14T21:00:00+00:00,782.25000000,783.75000000,781.62000000,782.58000000,301.77000000
1778793300000,2026-05-14T21:15:00+00:00,782.60000000,782.69000000,780.89000000,781.45000000,145.14000000
1778794200000,2026-05-14T21:30:00+00:00,781.56000000,783.52000000,781.56000000,783.20000000,117.69000000
1778795100000,2026-05-14T21:45:00+00:00,783.20000000,783.20000000,781.74000000,782.10000000,185.66000000
1778796000000,2026-05-14T22:00:00+00:00,782.14000000,784.02000000,781.38000000,782.90000000,367.46000000
1778796900000,2026-05-14T22:15:00+00:00,782.99000000,783.11000000,781.99000000,782.55000000,105.03000000
1778797800000,2026-05-14T22:30:00+00:00,782.55000000,783.25000000,781.87000000,782.14000000,199.40000000
1778798700000,2026-05-14T22:45:00+00:00,782.14000000,783.00000000,780.76000000,781.68000000,205.00000000
1778799600000,2026-05-14T23:00:00+00:00,781.76000000,782.88000000,781.20000000,781.99000000,237.99000000
1778800500000,2026-05-14T23:15:00+00:00,782.01000000,782.69000000,780.78000000,781.60000000,323.13000000
1778801400000,2026-05-14T23:30:00+00:00,781.68000000,781.98000000,779.41000000,779.41000000,173.05000000
1778802300000,2026-05-14T23:45:00+00:00,779.42000000,780.49000000,778.55000000,779.01000000,508.56000000
1778803200000,2026-05-15T00:00:00+00:00,779.02000000,780.68000000,773.00000000,780.12000000,3030.31000000
1778804100000,2026-05-15T00:15:00+00:00,780.45000000,788.55000000,780.19000000,788.25000000,2242.35000000
1778805000000,2026-05-15T00:30:00+00:00,788.30000000,788.50000000,779.56000000,782.95000000,2100.72000000
1778805900000,2026-05-15T00:45:00+00:00,782.94000000,784.86000000,781.31000000,784.18000000,821.05000000
1778806800000,2026-05-15T01:00:00+00:00,784.11000000,785.17000000,779.90000000,781.84000000,1285.83000000
1778807700000,2026-05-15T01:15:00+00:00,781.84000000,782.84000000,775.09000000,775.66000000,1627.30000000
1778808600000,2026-05-15T01:30:00+00:00,775.37000000,775.50000000,767.89000000,772.81000000,4014.00000000
1778809500000,2026-05-15T01:45:00+00:00,772.83000000,772.83000000,756.57000000,757.31000000,5008.42000000
1778810400000,2026-05-15T02:00:00+00:00,757.34000000,762.61000000,747.50000000,749.17000000,7061.58000000
1778811300000,2026-05-15T02:15:00+00:00,749.36000000,762.26000000,746.98000000,758.21000000,5830.24000000
1778812200000,2026-05-15T02:30:00+00:00,758.17000000,763.64000000,756.94000000,762.42000000,3495.69000000
1778813100000,2026-05-15T02:45:00+00:00,762.41000000,767.46000000,760.96000000,765.41000000,2336.56000000
1778814000000,2026-05-15T03:00:00+00:00,765.32000000,766.08000000,761.05000000,763.84000000,1727.00000000
1778814900000,2026-05-15T03:15:00+00:00,763.87000000,764.23000000,760.50000000,761.85000000,857.00000000
1778815800000,2026-05-15T03:30:00+00:00,761.84000000,763.20000000,758.57000000,760.79000000,1352.54000000
1778816700000,2026-05-15T03:45:00+00:00,760.75000000,762.14000000,759.50000000,760.30000000,1005.48000000
1778817600000,2026-05-15T04:00:00+00:00,760.30000000,760.40000000,756.56000000,758.83000000,2141.18000000
1778818500000,2026-05-15T04:15:00+00:00,758.72000000,758.91000000,752.12000000,753.92000000,2158.86000000
1778819400000,2026-05-15T04:30:00+00:00,753.84000000,757.18000000,753.01000000,753.37000000,1561.11000000
1778820300000,2026-05-15T04:45:00+00:00,753.36000000,754.30000000,749.90000000,750.10000000,1536.16000000
1778821200000,2026-05-15T05:00:00+00:00,750.15000000,751.49000000,742.60000000,751.44000000,3727.33000000
1778822100000,2026-05-15T05:15:00+00:00,751.45000000,753.65000000,745.84000000,750.60000000,3263.21000000
1778823000000,2026-05-15T05:30:00+00:00,750.65000000,750.92000000,738.17000000,742.24000000,4231.26000000
1778823900000,2026-05-15T05:45:00+00:00,742.05000000,743.17000000,733.01000000,733.87000000,4234.91000000
1778824800000,2026-05-15T06:00:00+00:00,733.98000000,742.75000000,731.75000000,739.79000000,3821.52000000
1778825700000,2026-05-15T06:15:00+00:00,739.90000000,750.26000000,738.88000000,750.26000000,3337.92000000
1778826600000,2026-05-15T06:30:00+00:00,750.11000000,769.32000000,749.63000000,763.23000000,9914.11000000
1778827500000,2026-05-15T06:45:00+00:00,763.25000000,771.25000000,760.42000000,770.80000000,6750.56000000
1778828400000,2026-05-15T07:00:00+00:00,770.82000000,776.07000000,769.20000000,774.40000000,5298.05000000
1778829300000,2026-05-15T07:15:00+00:00,774.39000000,775.13000000,765.97000000,768.08000000,3544.52000000
1778830200000,2026-05-15T07:30:00+00:00,768.27000000,770.25000000,758.93000000,761.28000000,4507.12000000
1778831100000,2026-05-15T07:45:00+00:00,761.37000000,768.70000000,760.53000000,765.79000000,3024.46000000
1778832000000,2026-05-15T08:00:00+00:00,765.84000000,766.99000000,758.44000000,763.32000000,4830.79000000
1778832900000,2026-05-15T08:15:00+00:00,763.34000000,763.58000000,756.71000000,756.71000000,2336.26000000
1778833800000,2026-05-15T08:30:00+00:00,756.84000000,757.30000000,750.18000000,756.24000000,4696.62000000
1778834700000,2026-05-15T08:45:00+00:00,756.28000000,756.77000000,752.35000000,753.83000000,1808.37000000
1778835600000,2026-05-15T09:00:00+00:00,753.90000000,755.05000000,750.22000000,750.75000000,1452.08000000
1778836500000,2026-05-15T09:15:00+00:00,750.79000000,751.39000000,745.73000000,751.18000000,2404.79000000
1778837400000,2026-05-15T09:30:00+00:00,751.09000000,751.85000000,746.30000000,747.19000000,1694.21000000
1778838300000,2026-05-15T09:45:00+00:00,747.18000000,747.23000000,741.50000000,743.15000000,2167.63000000
1778839200000,2026-05-15T10:00:00+00:00,743.17000000,749.85000000,742.91000000,749.05000000,1731.09000000
1778840100000,2026-05-15T10:15:00+00:00,749.00000000,751.90000000,748.04000000,750.68000000,1291.28000000
1778841000000,2026-05-15T10:30:00+00:00,750.45000000,757.71000000,749.79000000,754.76000000,2083.68000000
1778841900000,2026-05-15T10:45:00+00:00,754.77000000,765.68000000,754.47000000,760.68000000,3468.37000000
1778842800000,2026-05-15T11:00:00+00:00,760.70000000,762.44000000,756.38000000,757.08000000,1576.91000000
1778843700000,2026-05-15T11:15:00+00:00,757.16000000,758.45000000,755.04000000,757.11000000,938.14000000
1778844600000,2026-05-15T11:30:00+00:00,757.00000000,758.82000000,752.82000000,753.71000000,1084.97000000
1778845500000,2026-05-15T11:45:00+00:00,753.71000000,756.90000000,752.86000000,752.86000000,1307.17000000
1778846400000,2026-05-15T12:00:00+00:00,752.82000000,753.41000000,746.52000000,746.71000000,1379.36000000
1778847300000,2026-05-15T12:15:00+00:00,746.88000000,752.35000000,746.74000000,748.88000000,1400.64000000
1778848200000,2026-05-15T12:30:00+00:00,748.90000000,749.13000000,742.27000000,743.35000000,2260.04000000
1778849100000,2026-05-15T12:45:00+00:00,743.34000000,745.23000000,740.01000000,743.02000000,2227.66000000
1778850000000,2026-05-15T13:00:00+00:00,743.16000000,744.29000000,740.71000000,741.28000000,1238.46000000
1778850900000,2026-05-15T13:15:00+00:00,741.33000000,745.74000000,735.32000000,735.55000000,9571.20000000
1778851800000,2026-05-15T13:30:00+00:00,735.57000000,750.83000000,732.24000000,739.54000000,29751.17000000
1778852700000,2026-05-15T13:45:00+00:00,739.69000000,742.38000000,726.50000000,726.82000000,11285.05000000
1778853600000,2026-05-15T14:00:00+00:00,726.67000000,740.72000000,721.18000000,740.34000000,11648.40000000
1778854500000,2026-05-15T14:15:00+00:00,740.33000000,748.89000000,736.90000000,738.42000000,14188.86000000
1778855400000,2026-05-15T14:30:00+00:00,738.32000000,742.51000000,735.30000000,740.74000000,6372.21000000
1778856300000,2026-05-15T14:45:00+00:00,740.64000000,740.71000000,732.32000000,732.68000000,5071.38000000
1778857200000,2026-05-15T15:00:00+00:00,732.71000000,738.77000000,730.93000000,733.88000000,4023.60000000
1778858100000,2026-05-15T15:15:00+00:00,733.86000000,742.41000000,733.36000000,738.98000000,6865.93000000
1778859000000,2026-05-15T15:30:00+00:00,739.00000000,741.99000000,735.95000000,736.96000000,4658.35000000
1778859900000,2026-05-15T15:45:00+00:00,736.96000000,738.21000000,731.75000000,734.01000000,3163.66000000
1778860800000,2026-05-15T16:00:00+00:00,734.15000000,735.85000000,731.02000000,733.25000000,3131.60000000
1778861700000,2026-05-15T16:15:00+00:00,733.11000000,735.40000000,731.24000000,734.84000000,2014.77000000
1778862600000,2026-05-15T16:30:00+00:00,734.85000000,737.80000000,734.20000000,737.23000000,1899.06000000
1778863500000,2026-05-15T16:45:00+00:00,737.40000000,738.52000000,734.38000000,737.12000000,1114.19000000
1778864400000,2026-05-15T17:00:00+00:00,737.14000000,740.62000000,735.78000000,740.25000000,1264.60000000
1778865300000,2026-05-15T17:15:00+00:00,740.24000000,744.80000000,736.89000000,744.35000000,2230.61000000
1778866200000,2026-05-15T17:30:00+00:00,744.30000000,746.07000000,742.76000000,743.66000000,1353.70000000
1778867100000,2026-05-15T17:45:00+00:00,743.59000000,744.46000000,741.09000000,743.31000000,878.58000000
1778868000000,2026-05-15T18:00:00+00:00,743.32000000,747.44000000,742.85000000,743.60000000,1007.99000000
1778868900000,2026-05-15T18:15:00+00:00,743.70000000,744.24000000,739.21000000,740.30000000,1625.33000000
1778869800000,2026-05-15T18:30:00+00:00,740.40000000,740.55000000,735.78000000,737.46000000,1555.71000000
1778870700000,2026-05-15T18:45:00+00:00,737.60000000,740.89000000,736.10000000,739.77000000,847.61000000
1778871600000,2026-05-15T19:00:00+00:00,739.85000000,741.06000000,733.40000000,734.49000000,2212.14000000
1778872500000,2026-05-15T19:15:00+00:00,734.49000000,734.90000000,731.25000000,733.27000000,1277.37000000
1778873400000,2026-05-15T19:30:00+00:00,733.34000000,736.80000000,732.70000000,732.89000000,1214.35000000
1778874300000,2026-05-15T19:45:00+00:00,732.86000000,733.87000000,725.32000000,726.36000000,2770.77000000
1778875200000,2026-05-15T20:00:00+00:00,726.37000000,727.95000000,723.65000000,725.95000000,755.29000000
1778876100000,2026-05-15T20:15:00+00:00,726.04000000,728.77000000,725.61000000,726.87000000,535.41000000
1778877000000,2026-05-15T20:30:00+00:00,726.81000000,727.11000000,725.28000000,726.14000000,363.62000000
1778877900000,2026-05-15T20:45:00+00:00,726.06000000,727.34000000,724.67000000,726.80000000,267.80000000
1778878800000,2026-05-15T21:00:00+00:00,726.80000000,727.29000000,725.87000000,725.93000000,205.00000000
1778879700000,2026-05-15T21:15:00+00:00,725.85000000,726.53000000,724.39000000,724.74000000,104.06000000
1778880600000,2026-05-15T21:30:00+00:00,724.64000000,724.88000000,723.56000000,723.79000000,143.04000000
1778881500000,2026-05-15T21:45:00+00:00,723.85000000,724.97000000,721.30000000,723.26000000,534.83000000
1778882400000,2026-05-15T22:00:00+00:00,723.30000000,723.35000000,720.36000000,721.91000000,709.55000000
1778883300000,2026-05-15T22:15:00+00:00,721.92000000,722.15000000,720.38000000,720.92000000,624.46000000
1778884200000,2026-05-15T22:30:00+00:00,720.95000000,721.56000000,720.60000000,720.90000000,263.32000000
1778885100000,2026-05-15T22:45:00+00:00,720.84000000,721.56000000,720.42000000,720.52000000,184.06000000
1778886000000,2026-05-15T23:00:00+00:00,720.50000000,720.90000000,719.61000000,719.65000000,646.12000000
1778886900000,2026-05-15T23:15:00+00:00,719.61000000,720.28000000,716.87000000,718.09000000,893.08000000
1778887800000,2026-05-15T23:30:00+00:00,718.09000000,718.41000000,715.05000000,715.17000000,733.08000000
1778888700000,2026-05-15T23:45:00+00:00,715.26000000,717.51000000,715.26000000,716.15000000,383.84000000
1778889600000,2026-05-16T00:00:00+00:00,716.30000000,717.61000000,715.95000000,717.59000000,256.59000000
1778890500000,2026-05-16T00:15:00+00:00,717.59000000,718.15000000,716.50000000,716.69000000,290.85000000
1778891400000,2026-05-16T00:30:00+00:00,716.55000000,717.43000000,715.45000000,717.22000000,275.42000000
1778892300000,2026-05-16T00:45:00+00:00,717.24000000,717.27000000,714.76000000,715.00000000,275.24000000
1778893200000,2026-05-16T01:00:00+00:00,714.95000000,715.48000000,713.76000000,714.05000000,699.00000000
1778894100000,2026-05-16T01:15:00+00:00,714.01000000,715.30000000,713.35000000,714.20000000,689.00000000
1778895000000,2026-05-16T01:30:00+00:00,714.24000000,716.38000000,714.24000000,715.83000000,316.16000000
1778895900000,2026-05-16T01:45:00+00:00,715.85000000,716.75000000,714.00000000,714.05000000,305.67000000
1778896800000,2026-05-16T02:00:00+00:00,714.06000000,715.27000000,713.51000000,714.42000000,303.59000000
1778897700000,2026-05-16T02:15:00+00:00,714.44000000,716.02000000,714.39000000,715.61000000,256.40000000
1778898600000,2026-05-16T02:30:00+00:00,715.68000000,716.69000000,715.62000000,715.98000000,170.90000000
1778899500000,2026-05-16T02:45:00+00:00,715.99000000,717.58000000,715.96000000,717.14000000,183.68000000
1778900400000,2026-05-16T03:00:00+00:00,717.07000000,717.65000000,716.83000000,717.10000000,97.75000000
1778901300000,2026-05-16T03:15:00+00:00,717.10000000,717.89000000,717.10000000,717.89000000,159.32000000
1778902200000,2026-05-16T03:30:00+00:00,717.89000000,719.02000000,717.83000000,718.74000000,199.92000000
1778903100000,2026-05-16T03:45:00+00:00,718.73000000,719.88000000,717.76000000,719.87000000,285.23000000
1778904000000,2026-05-16T04:00:00+00:00,719.87000000,719.87000000,717.34000000,718.07000000,321.36000000
1778904900000,2026-05-16T04:15:00+00:00,718.00000000,718.32000000,716.71000000,716.78000000,300.25000000
1778905800000,2026-05-16T04:30:00+00:00,716.78000000,718.02000000,716.41000000,716.53000000,249.28000000
1778906700000,2026-05-16T04:45:00+00:00,716.54000000,717.50000000,716.54000000,717.12000000,140.26000000
1778907600000,2026-05-16T05:00:00+00:00,717.33000000,718.61000000,716.58000000,718.61000000,121.75000000
1778908500000,2026-05-16T05:15:00+00:00,718.61000000,718.92000000,718.21000000,718.29000000,89.51000000
1778909400000,2026-05-16T05:30:00+00:00,718.32000000,718.59000000,716.72000000,716.77000000,252.07000000
1778910300000,2026-05-16T05:45:00+00:00,716.72000000,717.91000000,716.61000000,717.91000000,128.04000000
1778911200000,2026-05-16T06:00:00+00:00,717.90000000,718.38000000,717.00000000,717.49000000,78.89000000
1778912100000,2026-05-16T06:15:00+00:00,717.49000000,717.65000000,716.00000000,716.13000000,280.02000000
1778913000000,2026-05-16T06:30:00+00:00,716.08000000,716.59000000,715.66000000,715.66000000,202.28000000
1778913900000,2026-05-16T06:45:00+00:00,715.67000000,715.67000000,714.17000000,715.54000000,411.46000000
1778914800000,2026-05-16T07:00:00+00:00,715.51000000,715.96000000,713.50000000,714.36000000,500.40000000
1778915700000,2026-05-16T07:15:00+00:00,714.25000000,716.39000000,712.33000000,714.71000000,1151.16000000
1778916600000,2026-05-16T07:30:00+00:00,714.79000000,715.96000000,713.53000000,715.55000000,311.94000000
1778917500000,2026-05-16T07:45:00+00:00,715.64000000,716.15000000,715.40000000,715.60000000,171.38000000
1778918400000,2026-05-16T08:00:00+00:00,715.65000000,716.22000000,715.25000000,715.56000000,187.32000000
1778919300000,2026-05-16T08:15:00+00:00,715.60000000,716.92000000,715.01000000,716.81000000,233.19000000
1778920200000,2026-05-16T08:30:00+00:00,716.89000000,719.44000000,716.89000000,718.75000000,886.19000000
1778921100000,2026-05-16T08:45:00+00:00,718.78000000,719.09000000,718.00000000,718.12000000,159.88000000
1778922000000,2026-05-16T09:00:00+00:00,718.11000000,719.09000000,718.00000000,718.12000000,302.36000000
1778922900000,2026-05-16T09:15:00+00:00,718.10000000,718.11000000,715.52000000,715.60000000,431.39000000
1778923800000,2026-05-16T09:30:00+00:00,715.61000000,716.59000000,715.46000000,716.29000000,142.66000000
1778924700000,2026-05-16T09:45:00+00:00,716.29000000,716.53000000,715.41000000,716.08000000,105.96000000
1778925600000,2026-05-16T10:00:00+00:00,716.08000000,716.31000000,714.56000000,714.66000000,243.49000000
1778926500000,2026-05-16T10:15:00+00:00,714.63000000,714.86000000,714.00000000,714.33000000,221.94000000
1778927400000,2026-05-16T10:30:00+00:00,714.39000000,715.18000000,714.02000000,714.58000000,192.14000000
1778928300000,2026-05-16T10:45:00+00:00,714.58000000,715.62000000,714.11000000,715.60000000,219.66000000
1778929200000,2026-05-16T11:00:00+00:00,715.58000000,715.83000000,714.80000000,715.77000000,123.62000000
1778930100000,2026-05-16T11:15:00+00:00,715.75000000,716.67000000,715.68000000,715.86000000,218.86000000
1778931000000,2026-05-16T11:30:00+00:00,715.85000000,717.19000000,715.74000000,717.05000000,179.62000000
1778931900000,2026-05-16T11:45:00+00:00,717.05000000,717.22000000,714.46000000,715.15000000,230.74000000
1778932800000,2026-05-16T12:00:00+00:00,715.16000000,715.30000000,714.44000000,715.20000000,104.11000000
1778933700000,2026-05-16T12:15:00+00:00,715.30000000,715.60000000,714.54000000,714.82000000,132.08000000
1778934600000,2026-05-16T12:30:00+00:00,714.71000000,716.09000000,714.71000000,716.09000000,74.07000000
1778935500000,2026-05-16T12:45:00+00:00,716.10000000,717.23000000,715.92000000,717.05000000,136.62000000
1778936400000,2026-05-16T13:00:00+00:00,717.04000000,717.05000000,715.87000000,716.59000000,121.32000000
1778937300000,2026-05-16T13:15:00+00:00,716.60000000,716.68000000,716.09000000,716.38000000,52.39000000
1778938200000,2026-05-16T13:30:00+00:00,716.39000000,716.39000000,714.50000000,714.61000000,396.36000000
1778939100000,2026-05-16T13:45:00+00:00,714.52000000,715.21000000,714.52000000,714.98000000,286.17000000
1778940000000,2026-05-16T14:00:00+00:00,714.96000000,715.29000000,714.61000000,715.29000000,123.50000000
1778940900000,2026-05-16T14:15:00+00:00,715.28000000,715.62000000,715.06000000,715.55000000,25.62000000
1778941800000,2026-05-16T14:30:00+00:00,715.55000000,715.60000000,715.13000000,715.21000000,33.39000000
1778942700000,2026-05-16T14:45:00+00:00,715.15000000,715.64000000,715.13000000,715.26000000,35.02000000
1778943600000,2026-05-16T15:00:00+00:00,715.26000000,716.20000000,715.15000000,715.25000000,164.87000000
1778944500000,2026-05-16T15:15:00+00:00,715.25000000,715.67000000,715.13000000,715.22000000,50.67000000
1778945400000,2026-05-16T15:30:00+00:00,715.22000000,716.17000000,715.15000000,715.56000000,66.88000000
1778946300000,2026-05-16T15:45:00+00:00,715.60000000,716.06000000,715.20000000,715.33000000,99.47000000
1778947200000,2026-05-16T16:00:00+00:00,715.31000000,716.16000000,715.20000000,715.61000000,69.81000000
1778948100000,2026-05-16T16:15:00+00:00,715.61000000,716.95000000,715.60000000,716.82000000,272.01000000
1778949000000,2026-05-16T16:30:00+00:00,716.76000000,716.95000000,715.78000000,716.35000000,190.95000000
1778949900000,2026-05-16T16:45:00+00:00,716.38000000,716.69000000,715.95000000,716.69000000,50.13000000
1778950800000,2026-05-16T17:00:00+00:00,716.62000000,718.00000000,716.60000000,717.66000000,397.66000000
1778951700000,2026-05-16T17:15:00+00:00,717.66000000,718.43000000,717.54000000,718.31000000,74.21000000
1778952600000,2026-05-16T17:30:00+00:00,718.29000000,718.32000000,717.05000000,717.99000000,54.86000000
1778953500000,2026-05-16T17:45:00+00:00,717.91000000,718.50000000,717.53000000,718.29000000,107.24000000
1778954400000,2026-05-16T18:00:00+00:00,718.30000000,718.49000000,717.61000000,718.25000000,66.10000000
1778955300000,2026-05-16T18:15:00+00:00,718.25000000,718.57000000,716.87000000,717.00000000,82.63000000
1778956200000,2026-05-16T18:30:00+00:00,716.87000000,717.20000000,716.32000000,717.20000000,51.95000000
1778957100000,2026-05-16T18:45:00+00:00,717.16000000,717.21000000,716.61000000,717.01000000,59.95000000
1778958000000,2026-05-16T19:00:00+00:00,717.00000000,717.07000000,716.56000000,717.00000000,23.54000000
1778958900000,2026-05-16T19:15:00+00:00,716.90000000,717.32000000,716.78000000,717.32000000,27.23000000
1778959800000,2026-05-16T19:30:00+00:00,717.15000000,717.46000000,716.95000000,717.02000000,23.73000000
1778960700000,2026-05-16T19:45:00+00:00,716.95000000,717.32000000,716.78000000,716.86000000,45.86000000
1778961600000,2026-05-16T20:00:00+00:00,716.84000000,716.90000000,716.27000000,716.28000000,38.43000000
1778962500000,2026-05-16T20:15:00+00:00,716.28000000,716.39000000,716.00000000,716.25000000,31.63000000
1778963400000,2026-05-16T20:30:00+00:00,716.23000000,716.23000000,715.61000000,715.80000000,45.94000000
1778964300000,2026-05-16T20:45:00+00:00,715.87000000,715.89000000,715.70000000,715.82000000,50.74000000
1778965200000,2026-05-16T21:00:00+00:00,715.73000000,716.37000000,715.59000000,716.34000000,103.38000000
1778966100000,2026-05-16T21:15:00+00:00,716.29000000,716.32000000,715.35000000,716.30000000,54.98000000
1778967000000,2026-05-16T21:30:00+00:00,716.26000000,716.75000000,715.56000000,715.84000000,62.00000000
1778967900000,2026-05-16T21:45:00+00:00,715.82000000,716.00000000,715.64000000,715.90000000,12.51000000
1778968800000,2026-05-16T22:00:00+00:00,715.90000000,716.09000000,715.65000000,716.06000000,99.79000000
1778969700000,2026-05-16T22:15:00+00:00,715.98000000,716.05000000,711.12000000,711.37000000,1531.23000000
1778970600000,2026-05-16T22:30:00+00:00,711.35000000,711.44000000,710.01000000,710.06000000,328.52000000
1778971500000,2026-05-16T22:45:00+00:00,710.06000000,710.89000000,709.42000000,710.41000000,448.44000000
1778972400000,2026-05-16T23:00:00+00:00,710.41000000,710.46000000,709.29000000,709.61000000,140.28000000
1778973300000,2026-05-16T23:15:00+00:00,709.61000000,712.08000000,709.42000000,711.95000000,186.41000000
1778974200000,2026-05-16T23:30:00+00:00,711.98000000,713.29000000,711.82000000,712.45000000,202.56000000
1778975100000,2026-05-16T23:45:00+00:00,712.46000000,714.46000000,712.39000000,713.96000000,153.89000000
1778976000000,2026-05-17T00:00:00+00:00,713.90000000,714.69000000,713.54000000,714.66000000,182.99000000
1778976900000,2026-05-17T00:15:00+00:00,714.68000000,715.24000000,714.04000000,715.24000000,98.52000000
1778977800000,2026-05-17T00:30:00+00:00,715.29000000,715.91000000,713.65000000,713.65000000,213.06000000
1778978700000,2026-05-17T00:45:00+00:00,713.65000000,713.80000000,712.73000000,712.93000000,208.36000000
1778979600000,2026-05-17T01:00:00+00:00,712.93000000,713.90000000,712.21000000,713.40000000,282.90000000
1778980500000,2026-05-17T01:15:00+00:00,713.41000000,713.81000000,711.76000000,711.76000000,101.97000000
1778981400000,2026-05-17T01:30:00+00:00,711.76000000,711.96000000,710.10000000,710.10000000,239.76000000
1778982300000,2026-05-17T01:45:00+00:00,710.21000000,710.52000000,708.00000000,708.00000000,266.14000000
1778983200000,2026-05-17T02:00:00+00:00,708.00000000,709.08000000,707.60000000,708.90000000,261.15000000
1778984100000,2026-05-17T02:15:00+00:00,708.90000000,712.18000000,708.87000000,712.03000000,727.08000000
1778985000000,2026-05-17T02:30:00+00:00,712.03000000,713.53000000,712.03000000,713.31000000,156.56000000
1778985900000,2026-05-17T02:45:00+00:00,713.30000000,714.39000000,712.20000000,714.34000000,286.55000000
1778986800000,2026-05-17T03:00:00+00:00,714.40000000,715.34000000,714.06000000,715.18000000,193.89000000
1778987700000,2026-05-17T03:15:00+00:00,715.15000000,716.60000000,715.15000000,716.14000000,698.83000000
1778988600000,2026-05-17T03:30:00+00:00,716.17000000,717.32000000,716.16000000,717.32000000,425.43000000
1778989500000,2026-05-17T03:45:00+00:00,717.31000000,717.69000000,716.52000000,717.07000000,228.20000000
1778990400000,2026-05-17T04:00:00+00:00,717.08000000,717.45000000,714.44000000,714.96000000,248.38000000
1778991300000,2026-05-17T04:15:00+00:00,714.96000000,716.44000000,714.96000000,715.42000000,76.38000000
1778992200000,2026-05-17T04:30:00+00:00,715.40000000,715.84000000,714.27000000,715.29000000,99.10000000
1778993100000,2026-05-17T04:45:00+00:00,715.29000000,716.15000000,713.76000000,713.76000000,171.74000000
1778994000000,2026-05-17T05:00:00+00:00,713.75000000,714.90000000,713.70000000,714.60000000,109.03000000
1778994900000,2026-05-17T05:15:00+00:00,714.69000000,714.71000000,713.64000000,714.18000000,129.93000000
1778995800000,2026-05-17T05:30:00+00:00,714.13000000,714.63000000,713.72000000,713.90000000,128.62000000
1778996700000,2026-05-17T05:45:00+00:00,713.91000000,714.80000000,713.76000000,714.72000000,85.78000000
1778997600000,2026-05-17T06:00:00+00:00,714.77000000,716.48000000,714.27000000,716.32000000,117.06000000
1778998500000,2026-05-17T06:15:00+00:00,716.26000000,716.57000000,714.59000000,714.97000000,105.42000000
1778999400000,2026-05-17T06:30:00+00:00,714.97000000,715.25000000,714.33000000,714.58000000,54.62000000
1779000300000,2026-05-17T06:45:00+00:00,714.52000000,714.74000000,714.13000000,714.56000000,89.05000000
1779001200000,2026-05-17T07:00:00+00:00,714.54000000,715.13000000,714.00000000,714.20000000,184.18000000
1779002100000,2026-05-17T07:15:00+00:00,714.21000000,714.92000000,714.21000000,714.82000000,72.86000000
1779003000000,2026-05-17T07:30:00+00:00,714.90000000,715.63000000,714.38000000,715.16000000,80.06000000
1779003900000,2026-05-17T07:45:00+00:00,715.13000000,715.37000000,714.38000000,714.68000000,86.62000000
1779004800000,2026-05-17T08:00:00+00:00,714.65000000,715.19000000,714.24000000,714.72000000,79.07000000
1779005700000,2026-05-17T08:15:00+00:00,714.72000000,714.89000000,714.22000000,714.53000000,39.99000000
1779006600000,2026-05-17T08:30:00+00:00,714.53000000,715.79000000,714.22000000,714.69000000,108.42000000
1779007500000,2026-05-17T08:45:00+00:00,714.70000000,719.30000000,714.70000000,718.75000000,667.28000000
1779008400000,2026-05-17T09:00:00+00:00,718.78000000,719.17000000,717.80000000,719.02000000,111.63000000
1779009300000,2026-05-17T09:15:00+00:00,719.02000000,720.49000000,718.62000000,719.83000000,317.81000000
1779010200000,2026-05-17T09:30:00+00:00,719.83000000,721.86000000,719.52000000,721.86000000,809.94000000
1779011100000,2026-05-17T09:45:00+00:00,721.73000000,722.50000000,720.79000000,722.34000000,349.53000000
1779012000000,2026-05-17T10:00:00+00:00,722.33000000,722.99000000,722.16000000,722.75000000,215.92000000
1779012900000,2026-05-17T10:15:00+00:00,722.75000000,723.40000000,720.98000000,723.17000000,244.32000000
1779013800000,2026-05-17T10:30:00+00:00,723.21000000,724.42000000,722.56000000,724.37000000,428.29000000
1779014700000,2026-05-17T10:45:00+00:00,724.40000000,725.60000000,723.86000000,725.43000000,424.98000000
1779015600000,2026-05-17T11:00:00+00:00,725.34000000,727.11000000,725.11000000,726.44000000,350.92000000
1779016500000,2026-05-17T11:15:00+00:00,726.42000000,726.42000000,724.07000000,724.19000000,440.36000000
1779017400000,2026-05-17T11:30:00+00:00,724.19000000,726.80000000,724.07000000,726.48000000,238.96000000
1779018300000,2026-05-17T11:45:00+00:00,726.55000000,727.10000000,725.47000000,726.07000000,221.68000000
1779019200000,2026-05-17T12:00:00+00:00,726.07000000,726.07000000,724.20000000,724.99000000,203.40000000
1779020100000,2026-05-17T12:15:00+00:00,724.97000000,726.00000000,724.22000000,724.22000000,125.08000000
1779021000000,2026-05-17T12:30:00+00:00,724.25000000,726.09000000,724.22000000,726.09000000,100.28000000
1779021900000,2026-05-17T12:45:00+00:00,726.06000000,726.78000000,725.08000000,726.32000000,145.43000000
1779022800000,2026-05-17T13:00:00+00:00,726.31000000,729.38000000,725.60000000,728.28000000,679.24000000
1779023700000,2026-05-17T13:15:00+00:00,728.33000000,728.77000000,724.28000000,725.97000000,819.49000000
1779024600000,2026-05-17T13:30:00+00:00,726.05000000,727.56000000,725.28000000,727.56000000,179.87000000
1779025500000,2026-05-17T13:45:00+00:00,727.60000000,729.72000000,727.60000000,729.06000000,352.83000000
1779026400000,2026-05-17T14:00:00+00:00,729.06000000,729.06000000,726.10000000,726.53000000,261.68000000
1779027300000,2026-05-17T14:15:00+00:00,726.57000000,727.62000000,725.00000000,727.30000000,677.90000000
1779028200000,2026-05-17T14:30:00+00:00,727.20000000,727.40000000,725.26000000,726.31000000,127.32000000
1779029100000,2026-05-17T14:45:00+00:00,726.31000000,726.31000000,723.60000000,724.61000000,1111.17000000
1779030000000,2026-05-17T15:00:00+00:00,724.61000000,728.14000000,724.08000000,727.96000000,312.38000000
1779030900000,2026-05-17T15:15:00+00:00,727.99000000,731.11000000,727.13000000,729.88000000,429.43000000
1779031800000,2026-05-17T15:30:00+00:00,729.98000000,731.12000000,729.00000000,730.02000000,448.44000000
1779032700000,2026-05-17T15:45:00+00:00,730.08000000,731.77000000,729.66000000,731.07000000,479.37000000
1779033600000,2026-05-17T16:00:00+00:00,731.16000000,731.65000000,731.00000000,731.36000000,279.25000000
1779034500000,2026-05-17T16:15:00+00:00,731.32000000,731.58000000,731.00000000,731.01000000,132.13000000
1779035400000,2026-05-17T16:30:00+00:00,731.07000000,731.19000000,729.15000000,729.64000000,378.07000000
1779036300000,2026-05-17T16:45:00+00:00,729.67000000,729.85000000,729.00000000,729.16000000,161.31000000
1779037200000,2026-05-17T17:00:00+00:00,729.21000000,729.68000000,729.00000000,729.41000000,195.74000000
1779038100000,2026-05-17T17:15:00+00:00,729.41000000,729.68000000,729.03000000,729.35000000,82.69000000
1779039000000,2026-05-17T17:30:00+00:00,729.21000000,730.19000000,729.17000000,730.13000000,63.39000000
1779039900000,2026-05-17T17:45:00+00:00,730.20000000,730.98000000,729.84000000,730.30000000,42.73000000
1779040800000,2026-05-17T18:00:00+00:00,730.37000000,731.00000000,729.99000000,730.80000000,48.66000000
1779041700000,2026-05-17T18:15:00+00:00,730.71000000,730.79000000,729.22000000,729.61000000,74.51000000
1779042600000,2026-05-17T18:30:00+00:00,729.55000000,729.58000000,729.00000000,729.35000000,173.54000000
1779043500000,2026-05-17T18:45:00+00:00,729.49000000,729.95000000,729.20000000,729.56000000,37.06000000
1779044400000,2026-05-17T19:00:00+00:00,729.55000000,731.00000000,729.01000000,730.24000000,79.53000000
1779045300000,2026-05-17T19:15:00+00:00,730.26000000,733.00000000,730.12000000,732.60000000,148.61000000
1779046200000,2026-05-17T19:30:00+00:00,732.65000000,734.45000000,732.65000000,734.00000000,228.34000000
1779047100000,2026-05-17T19:45:00+00:00,734.04000000,735.32000000,733.95000000,734.25000000,111.81000000
1779048000000,2026-05-17T20:00:00+00:00,734.25000000,736.92000000,733.57000000,734.99000000,154.69000000
1779048900000,2026-05-17T20:15:00+00:00,734.90000000,737.74000000,734.49000000,737.06000000,170.41000000
1779049800000,2026-05-17T20:30:00+00:00,737.07000000,737.99000000,737.00000000,737.63000000,66.47000000
1779050700000,2026-05-17T20:45:00+00:00,737.48000000,737.53000000,734.50000000,734.53000000,118.68000000
1779051600000,2026-05-17T21:00:00+00:00,734.53000000,735.98000000,734.28000000,735.72000000,86.09000000
1779052500000,2026-05-17T21:15:00+00:00,735.63000000,737.49000000,734.99000000,735.25000000,158.80000000
1779053400000,2026-05-17T21:30:00+00:00,735.30000000,737.18000000,734.72000000,736.04000000,116.84000000
1779054300000,2026-05-17T21:45:00+00:00,736.04000000,736.32000000,734.24000000,736.05000000,142.81000000
1779055200000,2026-05-17T22:00:00+00:00,735.98000000,737.73000000,733.82000000,735.21000000,652.27000000
1779056100000,2026-05-17T22:15:00+00:00,735.35000000,735.41000000,730.79000000,731.21000000,423.88000000
1779057000000,2026-05-17T22:30:00+00:00,731.21000000,733.93000000,730.19000000,732.99000000,522.92000000
1779057900000,2026-05-17T22:45:00+00:00,732.97000000,733.20000000,729.52000000,730.72000000,225.43000000
1779058800000,2026-05-17T23:00:00+00:00,730.68000000,730.95000000,728.61000000,729.70000000,488.33000000
1779059700000,2026-05-17T23:15:00+00:00,729.54000000,729.54000000,722.55000000,722.79000000,890.42000000
1779060600000,2026-05-17T23:30:00+00:00,722.79000000,727.30000000,720.11000000,720.68000000,1816.27000000
1779061500000,2026-05-17T23:45:00+00:00,720.77000000,726.24000000,719.00000000,723.68000000,1488.54000000
1779062400000,2026-05-18T00:00:00+00:00,723.50000000,724.99000000,702.89000000,712.04000000,9548.84000000
1779063300000,2026-05-18T00:15:00+00:00,711.81000000,713.28000000,707.49000000,710.63000000,3719.94000000
1779064200000,2026-05-18T00:30:00+00:00,710.84000000,712.65000000,703.81000000,704.45000000,1711.34000000
1779065100000,2026-05-18T00:45:00+00:00,704.74000000,715.35000000,704.60000000,715.07000000,2351.34000000
1779066000000,2026-05-18T01:00:00+00:00,715.07000000,716.61000000,709.62000000,712.62000000,2720.47000000
1779066900000,2026-05-18T01:15:00+00:00,712.06000000,714.70000000,708.76000000,710.55000000,2404.92000000
1779067800000,2026-05-18T01:30:00+00:00,710.75000000,717.94000000,709.80000000,716.65000000,1457.86000000
1779068700000,2026-05-18T01:45:00+00:00,716.72000000,731.58000000,716.51000000,723.50000000,5412.43000000
1779069600000,2026-05-18T02:00:00+00:00,723.45000000,730.71000000,718.95000000,730.71000000,2887.49000000
1779070500000,2026-05-18T02:15:00+00:00,730.35000000,743.53000000,728.64000000,741.08000000,4658.35000000
1779071400000,2026-05-18T02:30:00+00:00,741.18000000,743.00000000,732.14000000,736.84000000,4593.64000000
1779072300000,2026-05-18T02:45:00+00:00,736.90000000,737.00000000,728.54000000,730.68000000,2602.84000000
1779073200000,2026-05-18T03:00:00+00:00,730.40000000,735.17000000,728.34000000,729.64000000,1848.99000000
1779074100000,2026-05-18T03:15:00+00:00,729.61000000,731.96000000,724.80000000,729.44000000,1998.82000000
1779075000000,2026-05-18T03:30:00+00:00,729.45000000,732.83000000,725.21000000,731.23000000,1315.81000000
1779075900000,2026-05-18T03:45:00+00:00,731.20000000,732.21000000,727.94000000,729.72000000,835.75000000
1779076800000,2026-05-18T04:00:00+00:00,729.79000000,735.94000000,728.97000000,734.54000000,1413.69000000
1779077700000,2026-05-18T04:15:00+00:00,734.65000000,736.89000000,727.36000000,728.30000000,1478.97000000
1779078600000,2026-05-18T04:30:00+00:00,728.31000000,730.75000000,725.13000000,729.81000000,1551.15000000
1779079500000,2026-05-18T04:45:00+00:00,729.85000000,731.00000000,726.13000000,727.20000000,923.55000000
1779080400000,2026-05-18T05:00:00+00:00,727.28000000,730.56000000,726.83000000,727.37000000,1000.08000000
1779081300000,2026-05-18T05:15:00+00:00,727.20000000,727.20000000,722.60000000,725.28000000,1139.22000000
1779082200000,2026-05-18T05:30:00+00:00,725.30000000,727.65000000,723.31000000,726.31000000,916.11000000
1779083100000,2026-05-18T05:45:00+00:00,726.12000000,729.35000000,724.92000000,726.27000000,522.92000000
1779084000000,2026-05-18T06:00:00+00:00,726.21000000,727.43000000,722.57000000,725.15000000,1098.35000000
1779084900000,2026-05-18T06:15:00+00:00,725.18000000,727.85000000,722.56000000,722.75000000,555.64000000
1779085800000,2026-05-18T06:30:00+00:00,722.85000000,726.50000000,721.76000000,726.44000000,485.43000000
1779086700000,2026-05-18T06:45:00+00:00,726.47000000,731.30000000,726.35000000,730.95000000,967.02000000
1779087600000,2026-05-18T07:00:00+00:00,731.00000000,734.50000000,728.62000000,729.75000000,1092.20000000
1779088500000,2026-05-18T07:15:00+00:00,729.64000000,734.70000000,728.71000000,734.69000000,807.63000000
1779089400000,2026-05-18T07:30:00+00:00,734.40000000,736.25000000,730.13000000,731.50000000,1066.62000000
1779090300000,2026-05-18T07:45:00+00:00,731.45000000,733.60000000,730.79000000,732.66000000,1079.92000000
1779091200000,2026-05-18T08:00:00+00:00,732.94000000,740.87000000,731.42000000,739.19000000,3690.51000000
1779092100000,2026-05-18T08:15:00+00:00,739.08000000,744.46000000,738.71000000,743.37000000,1513.00000000
1779093000000,2026-05-18T08:30:00+00:00,743.36000000,748.14000000,741.99000000,748.14000000,1732.33000000
1779093900000,2026-05-18T08:45:00+00:00,747.90000000,749.81000000,746.00000000,747.91000000,1666.07000000
1779094800000,2026-05-18T09:00:00+00:00,747.94000000,749.10000000,745.03000000,746.33000000,1035.99000000
1779095700000,2026-05-18T09:15:00+00:00,746.26000000,747.42000000,744.37000000,745.89000000,969.23000000
1779096600000,2026-05-18T09:30:00+00:00,745.96000000,746.09000000,742.12000000,743.89000000,1072.53000000
1779097500000,2026-05-18T09:45:00+00:00,743.90000000,744.75000000,741.69000000,742.67000000,608.45000000
1779098400000,2026-05-18T10:00:00+00:00,742.62000000,743.74000000,732.78000000,735.24000000,2565.47000000
1779099300000,2026-05-18T10:15:00+00:00,735.24000000,740.00000000,734.21000000,737.88000000,1373.13000000
1779100200000,2026-05-18T10:30:00+00:00,737.85000000,738.84000000,729.74000000,735.31000000,1990.18000000
1779101100000,2026-05-18T10:45:00+00:00,735.21000000,735.75000000,732.59000000,733.83000000,557.82000000
1779102000000,2026-05-18T11:00:00+00:00,733.80000000,734.02000000,728.96000000,733.37000000,1147.91000000
1779102900000,2026-05-18T11:15:00+00:00,733.44000000,735.79000000,732.63000000,733.09000000,733.47000000
1779103800000,2026-05-18T11:30:00+00:00,733.02000000,742.88000000,732.84000000,740.61000000,1547.46000000
1779104700000,2026-05-18T11:45:00+00:00,740.61000000,740.76000000,736.44000000,737.19000000,1533.85000000
1779105600000,2026-05-18T12:00:00+00:00,737.23000000,740.66000000,736.43000000,739.62000000,682.82000000
1779106500000,2026-05-18T12:15:00+00:00,739.54000000,739.99000000,735.55000000,739.74000000,564.62000000
1779107400000,2026-05-18T12:30:00+00:00,739.86000000,747.40000000,738.55000000,745.84000000,1201.32000000
1779108300000,2026-05-18T12:45:00+00:00,745.86000000,754.70000000,745.49000000,753.45000000,2868.98000000
1779109200000,2026-05-18T13:00:00+00:00,753.36000000,765.08000000,751.92000000,760.50000000,5072.77000000
1779110100000,2026-05-18T13:15:00+00:00,760.45000000,760.45000000,750.90000000,751.40000000,4111.17000000
1779111000000,2026-05-18T13:30:00+00:00,751.32000000,757.30000000,727.64000000,728.57000000,23245.65000000
1779111900000,2026-05-18T13:45:00+00:00,728.91000000,733.84000000,721.81000000,723.13000000,17610.98000000
1779112800000,2026-05-18T14:00:00+00:00,723.32000000,724.92000000,712.58000000,724.65000000,13173.80000000
1779113700000,2026-05-18T14:15:00+00:00,724.36000000,726.10000000,708.44000000,710.30000000,15678.97000000
1779114600000,2026-05-18T14:30:00+00:00,710.43000000,712.08000000,698.45000000,703.44000000,9800.87000000
1779115500000,2026-05-18T14:45:00+00:00,703.31000000,703.67000000,688.84000000,699.40000000,12276.94000000
1779116400000,2026-05-18T15:00:00+00:00,699.54000000,709.00000000,698.13000000,705.27000000,5546.85000000
1779117300000,2026-05-18T15:15:00+00:00,705.46000000,706.16000000,698.67000000,699.15000000,3146.23000000
1779118200000,2026-05-18T15:30:00+00:00,699.00000000,709.62000000,698.17000000,703.85000000,5990.18000000
1779119100000,2026-05-18T15:45:00+00:00,703.89000000,704.64000000,696.69000000,697.43000000,2524.41000000
1779120000000,2026-05-18T16:00:00+00:00,697.41000000,698.24000000,692.33000000,693.55000000,3625.48000000
1779120900000,2026-05-18T16:15:00+00:00,693.53000000,695.03000000,683.90000000,684.65000000,9022.41000000
1779121800000,2026-05-18T16:30:00+00:00,684.65000000,689.95000000,680.95000000,687.04000000,9435.73000000
1779122700000,2026-05-18T16:45:00+00:00,686.92000000,693.10000000,684.29000000,690.64000000,14319.42000000
1779123600000,2026-05-18T17:00:00+00:00,690.58000000,691.16000000,685.43000000,685.98000000,5685.45000000
1779124500000,2026-05-18T17:15:00+00:00,685.92000000,686.90000000,682.10000000,684.21000000,3603.80000000
1779125400000,2026-05-18T17:30:00+00:00,684.30000000,686.00000000,680.32000000,684.12000000,4229.58000000
1779126300000,2026-05-18T17:45:00+00:00,684.20000000,684.59000000,678.77000000,680.76000000,3810.81000000
1779127200000,2026-05-18T18:00:00+00:00,680.72000000,681.02000000,672.07000000,673.23000000,6445.72000000
1779128100000,2026-05-18T18:15:00+00:00,673.25000000,673.38000000,666.70000000,671.10000000,6815.30000000
1779129000000,2026-05-18T18:30:00+00:00,671.25000000,672.24000000,665.00000000,670.13000000,9922.53000000
1779129900000,2026-05-18T18:45:00+00:00,670.17000000,671.42000000,664.44000000,670.45000000,7003.19000000
1779130800000,2026-05-18T19:00:00+00:00,670.64000000,679.61000000,669.50000000,671.90000000,11960.13000000
1779131700000,2026-05-18T19:15:00+00:00,672.00000000,673.04000000,664.05000000,666.02000000,7061.10000000
1779132600000,2026-05-18T19:30:00+00:00,665.99000000,677.96000000,665.05000000,677.86000000,8508.38000000
1779133500000,2026-05-18T19:45:00+00:00,677.73000000,688.67000000,677.33000000,682.65000000,7405.08000000
1779134400000,2026-05-18T20:00:00+00:00,682.69000000,683.70000000,677.99000000,679.49000000,2363.56000000
1779135300000,2026-05-18T20:15:00+00:00,679.60000000,682.85000000,679.25000000,681.66000000,552.16000000
1779136200000,2026-05-18T20:30:00+00:00,681.82000000,682.66000000,679.50000000,680.10000000,681.07000000
1779137100000,2026-05-18T20:45:00+00:00,680.15000000,682.90000000,679.83000000,679.92000000,376.92000000
1779138000000,2026-05-18T21:00:00+00:00,679.86000000,682.35000000,679.34000000,681.84000000,397.68000000
1779138900000,2026-05-18T21:15:00+00:00,681.87000000,685.78000000,681.00000000,684.04000000,501.95000000
1779139800000,2026-05-18T21:30:00+00:00,684.03000000,685.50000000,683.07000000,684.70000000,258.19000000
1779140700000,2026-05-18T21:45:00+00:00,684.69000000,688.59000000,684.54000000,687.82000000,547.05000000
1779141600000,2026-05-18T22:00:00+00:00,687.79000000,692.26000000,687.21000000,690.35000000,1426.42000000
1779142500000,2026-05-18T22:15:00+00:00,690.31000000,694.41000000,690.25000000,693.59000000,1614.63000000
1779143400000,2026-05-18T22:30:00+00:00,693.64000000,694.89000000,690.39000000,690.64000000,925.20000000
1779144300000,2026-05-18T22:45:00+00:00,690.60000000,694.37000000,690.00000000,694.30000000,460.76000000
1779145200000,2026-05-18T23:00:00+00:00,694.20000000,697.25000000,693.21000000,693.76000000,795.54000000
1779146100000,2026-05-18T23:15:00+00:00,693.79000000,694.72000000,691.61000000,694.21000000,654.06000000
1779147000000,2026-05-18T23:30:00+00:00,694.20000000,694.30000000,692.03000000,693.01000000,347.16000000
1779147900000,2026-05-18T23:45:00+00:00,693.00000000,693.14000000,686.00000000,689.75000000,876.33000000
1779148800000,2026-05-19T00:00:00+00:00,689.77000000,695.60000000,687.90000000,691.30000000,3066.10000000
1779149700000,2026-05-19T00:15:00+00:00,691.32000000,694.14000000,688.37000000,692.79000000,1608.67000000
1779150600000,2026-05-19T00:30:00+00:00,692.89000000,695.98000000,690.25000000,691.12000000,1443.16000000
1779151500000,2026-05-19T00:45:00+00:00,691.14000000,692.00000000,684.48000000,685.05000000,2327.35000000
1779152400000,2026-05-19T01:00:00+00:00,685.14000000,685.42000000,676.45000000,680.54000000,3463.24000000
1779153300000,2026-05-19T01:15:00+00:00,680.50000000,680.70000000,671.97000000,676.27000000,3921.33000000
1779154200000,2026-05-19T01:30:00+00:00,676.29000000,681.85000000,673.65000000,680.26000000,2131.60000000
1779155100000,2026-05-19T01:45:00+00:00,680.53000000,681.37000000,674.36000000,674.74000000,2453.09000000
1779156000000,2026-05-19T02:00:00+00:00,674.70000000,674.70000000,668.85000000,670.80000000,1996.01000000
1779156900000,2026-05-19T02:15:00+00:00,670.75000000,673.90000000,667.04000000,671.44000000,2560.89000000
1779157800000,2026-05-19T02:30:00+00:00,671.44000000,676.95000000,669.28000000,676.80000000,1639.35000000
1779158700000,2026-05-19T02:45:00+00:00,676.75000000,677.46000000,672.98000000,674.20000000,1196.23000000
1779159600000,2026-05-19T03:00:00+00:00,674.15000000,677.20000000,672.13000000,675.00000000,1198.74000000
1779160500000,2026-05-19T03:15:00+00:00,675.13000000,677.17000000,674.20000000,677.17000000,806.23000000
1779161400000,2026-05-19T03:30:00+00:00,676.99000000,680.68000000,676.99000000,679.83000000,1217.27000000
1779162300000,2026-05-19T03:45:00+00:00,679.80000000,679.80000000,676.22000000,677.05000000,779.03000000
1779163200000,2026-05-19T04:00:00+00:00,677.04000000,677.22000000,673.31000000,676.38000000,905.20000000
1779164100000,2026-05-19T04:15:00+00:00,676.43000000,676.70000000,671.95000000,673.02000000,1124.22000000
1779165000000,2026-05-19T04:30:00+00:00,673.08000000,676.26000000,672.72000000,672.99000000,999.14000000
1779165900000,2026-05-19T04:45:00+00:00,673.25000000,676.29000000,671.20000000,676.29000000,673.29000000
1779166800000,2026-05-19T05:00:00+00:00,676.25000000,677.04000000,673.25000000,674.76000000,790.89000000
1779167700000,2026-05-19T05:15:00+00:00,674.99000000,675.12000000,670.00000000,673.18000000,1504.43000000
1779168600000,2026-05-19T05:30:00+00:00,673.16000000,675.26000000,672.15000000,673.56000000,967.21000000
1779169500000,2026-05-19T05:45:00+00:00,673.58000000,674.37000000,672.18000000,672.63000000,694.94000000
1779170400000,2026-05-19T06:00:00+00:00,672.63000000,674.71000000,671.12000000,674.62000000,731.39000000
1779171300000,2026-05-19T06:15:00+00:00,674.57000000,677.37000000,673.50000000,677.18000000,990.24000000
1779172200000,2026-05-19T06:30:00+00:00,677.10000000,678.68000000,675.23000000,678.25000000,947.22000000
1779173100000,2026-05-19T06:45:00+00:00,678.17000000,683.40000000,677.28000000,682.22000000,2851.05000000
1779174000000,2026-05-19T07:00:00+00:00,682.21000000,684.90000000,679.45000000,682.89000000,1925.83000000
1779174900000,2026-05-19T07:15:00+00:00,682.92000000,686.19000000,681.54000000,685.65000000,1419.72000000
1779175800000,2026-05-19T07:30:00+00:00,685.70000000,690.91000000,683.10000000,686.10000000,10797.97000000
1779176700000,2026-05-19T07:45:00+00:00,686.15000000,689.44000000,685.57000000,686.53000000,2640.90000000
1779177600000,2026-05-19T08:00:00+00:00,686.65000000,688.19000000,679.59000000,680.37000000,3461.81000000
1779178500000,2026-05-19T08:15:00+00:00,680.42000000,683.56000000,675.86000000,676.62000000,2991.62000000
1779179400000,2026-05-19T08:30:00+00:00,676.52000000,684.43000000,676.00000000,683.59000000,3227.54000000
1779180300000,2026-05-19T08:45:00+00:00,683.54000000,684.87000000,682.42000000,682.56000000,1162.18000000
1779181200000,2026-05-19T09:00:00+00:00,682.66000000,682.73000000,679.29000000,680.12000000,1320.21000000
1779182100000,2026-05-19T09:15:00+00:00,680.10000000,680.28000000,673.41000000,673.81000000,1450.34000000
1779183000000,2026-05-19T09:30:00+00:00,673.76000000,675.70000000,669.58000000,670.12000000,6262.69000000
1779183900000,2026-05-19T09:45:00+00:00,670.00000000,676.77000000,670.00000000,675.72000000,2211.20000000
1779184800000,2026-05-19T10:00:00+00:00,675.67000000,675.67000000,669.30000000,670.71000000,1583.86000000
1779185700000,2026-05-19T10:15:00+00:00,670.80000000,671.13000000,666.55000000,669.00000000,2810.68000000
1779186600000,2026-05-19T10:30:00+00:00,669.01000000,672.30000000,666.78000000,668.18000000,2239.68000000
1779187500000,2026-05-19T10:45:00+00:00,668.37000000,675.25000000,667.45000000,674.67000000,4387.10000000
1779188400000,2026-05-19T11:00:00+00:00,674.86000000,675.17000000,668.22000000,668.72000000,2197.44000000
1779189300000,2026-05-19T11:15:00+00:00,668.68000000,671.82000000,667.90000000,668.61000000,1637.94000000
1779190200000,2026-05-19T11:30:00+00:00,668.30000000,670.45000000,667.69000000,668.65000000,1253.84000000
1779191100000,2026-05-19T11:45:00+00:00,668.45000000,668.83000000,664.76000000,664.77000000,1275.57000000
1779192000000,2026-05-19T12:00:00+00:00,664.92000000,667.20000000,661.66000000,666.53000000,4353.28000000
1779192900000,2026-05-19T12:15:00+00:00,666.35000000,667.75000000,664.10000000,665.25000000,2033.07000000
1779193800000,2026-05-19T12:30:00+00:00,665.20000000,673.19000000,664.92000000,671.88000000,1997.13000000
1779194700000,2026-05-19T12:45:00+00:00,672.05000000,672.76000000,667.48000000,668.27000000,1915.84000000
1779195600000,2026-05-19T13:00:00+00:00,668.34000000,669.54000000,664.04000000,666.39000000,1694.36000000
1779196500000,2026-05-19T13:15:00+00:00,666.37000000,667.53000000,661.03000000,666.37000000,4168.54000000
1779197400000,2026-05-19T13:30:00+00:00,666.37000000,700.41000000,664.22000000,683.80000000,52008.65000000
1779198300000,2026-05-19T13:45:00+00:00,684.05000000,687.99000000,676.50000000,678.40000000,27678.13000000
1779199200000,2026-05-19T14:00:00+00:00,678.45000000,680.58000000,658.07000000,658.59000000,29468.24000000
1779200100000,2026-05-19T14:15:00+00:00,658.58000000,666.07000000,653.34000000,663.80000000,22246.20000000
1779201000000,2026-05-19T14:30:00+00:00,663.80000000,675.30000000,661.33000000,671.79000000,16950.95000000
1779201900000,2026-05-19T14:45:00+00:00,671.85000000,679.04000000,666.00000000,678.10000000,12820.92000000
1779202800000,2026-05-19T15:00:00+00:00,678.25000000,685.54000000,677.19000000,685.54000000,13188.40000000
1779203700000,2026-05-19T15:15:00+00:00,685.45000000,688.15000000,679.07000000,683.25000000,9659.43000000
1779204600000,2026-05-19T15:30:00+00:00,683.25000000,696.14000000,682.70000000,695.83000000,9758.72000000
1779205500000,2026-05-19T15:45:00+00:00,695.80000000,697.15000000,689.80000000,695.01000000,6931.17000000
1779206400000,2026-05-19T16:00:00+00:00,695.04000000,701.24000000,694.98000000,696.74000000,6606.91000000
1779207300000,2026-05-19T16:15:00+00:00,696.85000000,710.00000000,696.85000000,709.18000000,8238.18000000
1779208200000,2026-05-19T16:30:00+00:00,709.05000000,716.26000000,708.48000000,714.22000000,13978.49000000
1779209100000,2026-05-19T16:45:00+00:00,714.17000000,717.66000000,710.11000000,714.65000000,7164.25000000
1779210000000,2026-05-19T17:00:00+00:00,714.69000000,720.39000000,713.95000000,718.79000000,7448.61000000
1779210900000,2026-05-19T17:15:00+00:00,718.79000000,725.17000000,718.44000000,721.49000000,18301.29000000
1779211800000,2026-05-19T17:30:00+00:00,721.47000000,724.55000000,719.95000000,721.69000000,5139.88000000
1779212700000,2026-05-19T17:45:00+00:00,721.68000000,721.90000000,712.43000000,718.67000000,6376.02000000
1779213600000,2026-05-19T18:00:00+00:00,718.70000000,722.90000000,718.70000000,720.63000000,3495.05000000
1779214500000,2026-05-19T18:15:00+00:00,720.63000000,722.59000000,712.79000000,714.04000000,6002.70000000
1779215400000,2026-05-19T18:30:00+00:00,713.91000000,715.92000000,709.04000000,711.60000000,6687.19000000
1779216300000,2026-05-19T18:45:00+00:00,711.56000000,712.40000000,703.14000000,704.75000000,3779.07000000
1779217200000,2026-05-19T19:00:00+00:00,704.70000000,712.56000000,704.27000000,711.53000000,5320.58000000
1779218100000,2026-05-19T19:15:00+00:00,711.52000000,712.21000000,698.52000000,701.07000000,8898.81000000
1779219000000,2026-05-19T19:30:00+00:00,701.18000000,703.72000000,696.64000000,698.05000000,7655.18000000
1779219900000,2026-05-19T19:45:00+00:00,698.02000000,699.88000000,694.56000000,699.67000000,4790.90000000
1779220800000,2026-05-19T20:00:00+00:00,699.66000000,703.73000000,698.31000000,700.05000000,1465.14000000
1779221700000,2026-05-19T20:15:00+00:00,700.00000000,704.40000000,699.58000000,702.54000000,1736.21000000
1779222600000,2026-05-19T20:30:00+00:00,702.48000000,702.70000000,700.46000000,700.50000000,400.12000000
1779223500000,2026-05-19T20:45:00+00:00,700.50000000,701.59000000,700.09000000,701.59000000,327.10000000
1779224400000,2026-05-19T21:00:00+00:00,701.59000000,702.41000000,700.68000000,701.69000000,321.81000000
1779225300000,2026-05-19T21:15:00+00:00,701.70000000,703.78000000,700.97000000,703.76000000,149.53000000
1779226200000,2026-05-19T21:30:00+00:00,703.76000000,706.30000000,703.53000000,705.45000000,379.10000000
1779227100000,2026-05-19T21:45:00+00:00,705.44000000,705.67000000,704.00000000,704.84000000,341.62000000
1779228000000,2026-05-19T22:00:00+00:00,704.84000000,707.28000000,704.21000000,705.33000000,476.10000000
1779228900000,2026-05-19T22:15:00+00:00,705.34000000,705.84000000,700.15000000,701.23000000,852.80000000
1779229800000,2026-05-19T22:30:00+00:00,701.16000000,703.14000000,700.39000000,701.69000000,540.19000000
1779230700000,2026-05-19T22:45:00+00:00,701.68000000,703.91000000,701.28000000,703.69000000,286.78000000
1779231600000,2026-05-19T23:00:00+00:00,703.69000000,705.39000000,702.31000000,704.76000000,341.52000000
1779232500000,2026-05-19T23:15:00+00:00,704.82000000,706.25000000,703.83000000,704.89000000,276.60000000
1779233400000,2026-05-19T23:30:00+00:00,704.86000000,708.60000000,704.73000000,707.53000000,497.09000000
1779234300000,2026-05-19T23:45:00+00:00,707.58000000,707.74000000,705.55000000,705.95000000,344.68000000
1779235200000,2026-05-20T00:00:00+00:00,705.90000000,706.65000000,692.59000000,693.96000000,5156.65000000
1779236100000,2026-05-20T00:15:00+00:00,694.02000000,700.07000000,692.32000000,698.97000000,4976.12000000
1779237000000,2026-05-20T00:30:00+00:00,698.97000000,702.50000000,698.45000000,700.10000000,2685.41000000
1779237900000,2026-05-20T00:45:00+00:00,700.15000000,702.79000000,699.15000000,700.28000000,1422.64000000
1779238800000,2026-05-20T01:00:00+00:00,700.25000000,704.48000000,697.85000000,703.87000000,1695.46000000
1779239700000,2026-05-20T01:15:00+00:00,703.77000000,704.52000000,699.31000000,700.17000000,1820.31000000
1779240600000,2026-05-20T01:30:00+00:00,700.09000000,701.57000000,696.46000000,699.83000000,1321.90000000
1779241500000,2026-05-20T01:45:00+00:00,700.06000000,703.80000000,699.10000000,701.91000000,2111.94000000
1779242400000,2026-05-20T02:00:00+00:00,701.91000000,704.34000000,700.95000000,704.16000000,2189.03000000
1779243300000,2026-05-20T02:15:00+00:00,704.18000000,709.00000000,703.28000000,704.10000000,1633.57000000
1779244200000,2026-05-20T02:30:00+00:00,704.05000000,704.58000000,698.97000000,702.91000000,4377.33000000
1779245100000,2026-05-20T02:45:00+00:00,702.68000000,705.08000000,701.78000000,703.45000000,2051.26000000
1779246000000,2026-05-20T03:00:00+00:00,703.40000000,704.45000000,702.10000000,702.70000000,965.09000000
1779246900000,2026-05-20T03:15:00+00:00,702.64000000,705.99000000,702.41000000,705.76000000,1277.18000000
1779247800000,2026-05-20T03:30:00+00:00,705.71000000,710.65000000,705.00000000,708.86000000,1889.62000000
1779248700000,2026-05-20T03:45:00+00:00,708.90000000,709.42000000,705.65000000,707.31000000,1130.22000000
1779249600000,2026-05-20T04:00:00+00:00,707.31000000,708.83000000,705.27000000,707.71000000,859.72000000
1779250500000,2026-05-20T04:15:00+00:00,707.72000000,708.39000000,705.04000000,705.55000000,908.76000000
1779251400000,2026-05-20T04:30:00+00:00,705.50000000,705.70000000,703.00000000,703.88000000,781.56000000
1779252300000,2026-05-20T04:45:00+00:00,703.75000000,704.89000000,703.00000000,704.36000000,529.31000000
1779253200000,2026-05-20T05:00:00+00:00,704.25000000,706.75000000,704.17000000,706.51000000,764.97000000
1779254100000,2026-05-20T05:15:00+00:00,706.48000000,707.66000000,704.53000000,706.60000000,1147.71000000
1779255000000,2026-05-20T05:30:00+00:00,706.65000000,709.55000000,706.65000000,708.62000000,2485.12000000
1779255900000,2026-05-20T05:45:00+00:00,708.54000000,710.10000000,707.39000000,709.78000000,991.51000000
1779256800000,2026-05-20T06:00:00+00:00,709.68000000,715.40000000,709.50000000,712.44000000,6696.76000000
1779257700000,2026-05-20T06:15:00+00:00,712.43000000,715.71000000,712.21000000,713.81000000,3108.94000000
1779258600000,2026-05-20T06:30:00+00:00,714.01000000,714.51000000,710.12000000,710.64000000,1348.30000000
1779259500000,2026-05-20T06:45:00+00:00,710.63000000,720.79000000,710.63000000,719.45000000,11195.10000000
1779260400000,2026-05-20T07:00:00+00:00,719.47000000,720.50000000,715.55000000,718.77000000,7894.80000000
1779261300000,2026-05-20T07:15:00+00:00,718.76000000,723.95000000,718.68000000,722.19000000,2672.42000000
1779262200000,2026-05-20T07:30:00+00:00,722.35000000,722.76000000,718.32000000,722.00000000,1857.55000000
1779263100000,2026-05-20T07:45:00+00:00,721.97000000,722.33000000,716.77000000,717.50000000,1769.83000000
1779264000000,2026-05-20T08:00:00+00:00,717.55000000,725.45000000,717.05000000,723.75000000,3709.31000000
1779264900000,2026-05-20T08:15:00+00:00,723.69000000,725.50000000,721.46000000,725.06000000,2286.97000000
1779265800000,2026-05-20T08:30:00+00:00,725.14000000,728.57000000,724.67000000,725.61000000,2726.56000000
1779266700000,2026-05-20T08:45:00+00:00,725.53000000,727.86000000,725.34000000,725.58000000,1320.35000000
1779267600000,2026-05-20T09:00:00+00:00,725.39000000,727.20000000,724.10000000,725.46000000,1212.89000000
1779268500000,2026-05-20T09:15:00+00:00,725.40000000,727.47000000,724.81000000,725.86000000,1074.56000000
1779269400000,2026-05-20T09:30:00+00:00,725.88000000,727.82000000,725.81000000,726.18000000,1023.99000000
1779270300000,2026-05-20T09:45:00+00:00,726.18000000,729.16000000,725.92000000,727.81000000,3443.66000000
1779271200000,2026-05-20T10:00:00+00:00,727.83000000,729.16000000,727.13000000,728.00000000,814.15000000
1779272100000,2026-05-20T10:15:00+00:00,727.99000000,728.43000000,725.40000000,726.00000000,1898.65000000
1779273000000,2026-05-20T10:30:00+00:00,726.02000000,727.22000000,725.91000000,727.22000000,1477.98000000
1779273900000,2026-05-20T10:45:00+00:00,727.12000000,727.69000000,725.51000000,725.66000000,1244.15000000
1779274800000,2026-05-20T11:00:00+00:00,725.69000000,728.78000000,725.32000000,725.80000000,2494.52000000
1779275700000,2026-05-20T11:15:00+00:00,725.81000000,726.80000000,724.71000000,725.44000000,943.57000000
1779276600000,2026-05-20T11:30:00+00:00,725.46000000,725.69000000,717.39000000,717.85000000,3823.97000000
1779277500000,2026-05-20T11:45:00+00:00,717.90000000,723.82000000,717.60000000,722.51000000,2646.45000000
1779278400000,2026-05-20T12:00:00+00:00,722.45000000,725.66000000,721.87000000,725.42000000,1196.31000000
1779279300000,2026-05-20T12:15:00+00:00,725.34000000,727.77000000,724.33000000,727.00000000,1835.06000000
1779280200000,2026-05-20T12:30:00+00:00,727.05000000,727.95000000,721.00000000,726.04000000,3125.47000000
1779281100000,2026-05-20T12:45:00+00:00,726.05000000,737.77000000,726.00000000,731.91000000,6140.09000000
1779282000000,2026-05-20T13:00:00+00:00,731.90000000,736.18000000,731.47000000,732.27000000,2443.66000000
1779282900000,2026-05-20T13:15:00+00:00,732.31000000,739.55000000,731.69000000,734.90000000,5310.64000000
1779283800000,2026-05-20T13:30:00+00:00,735.01000000,735.53000000,713.75000000,726.57000000,37660.90000000
1779284700000,2026-05-20T13:45:00+00:00,726.72000000,727.66000000,710.50000000,715.26000000,17137.46000000
1779285600000,2026-05-20T14:00:00+00:00,715.26000000,716.85000000,701.35000000,706.46000000,16788.65000000
1779286500000,2026-05-20T14:15:00+00:00,706.45000000,713.05000000,704.66000000,709.11000000,15522.47000000
1779287400000,2026-05-20T14:30:00+00:00,709.12000000,714.66000000,707.39000000,712.79000000,9851.47000000
1779288300000,2026-05-20T14:45:00+00:00,713.00000000,720.34000000,709.28000000,719.90000000,5433.05000000
1779289200000,2026-05-20T15:00:00+00:00,719.97000000,721.31000000,714.35000000,719.12000000,5545.13000000
1779290100000,2026-05-20T15:15:00+00:00,719.07000000,724.75000000,718.52000000,719.67000000,5812.78000000
1779291000000,2026-05-20T15:30:00+00:00,719.70000000,726.48000000,718.01000000,722.64000000,5420.97000000
1779291900000,2026-05-20T15:45:00+00:00,722.78000000,727.79000000,722.60000000,725.75000000,2306.83000000
1779292800000,2026-05-20T16:00:00+00:00,725.80000000,726.00000000,717.03000000,717.51000000,3882.94000000
1779293700000,2026-05-20T16:15:00+00:00,717.62000000,717.90000000,711.71000000,715.78000000,6108.02000000
1779294600000,2026-05-20T16:30:00+00:00,715.80000000,721.80000000,715.60000000,721.18000000,3487.00000000
1779295500000,2026-05-20T16:45:00+00:00,721.24000000,723.44000000,717.47000000,720.30000000,2749.97000000
1779296400000,2026-05-20T17:00:00+00:00,720.50000000,723.00000000,719.00000000,722.75000000,3870.21000000
1779297300000,2026-05-20T17:15:00+00:00,722.90000000,724.74000000,720.35000000,724.25000000,2049.89000000
1779298200000,2026-05-20T17:30:00+00:00,724.30000000,727.26000000,723.62000000,724.60000000,2332.76000000
1779299100000,2026-05-20T17:45:00+00:00,724.65000000,731.60000000,724.00000000,730.81000000,1862.03000000
1779300000000,2026-05-20T18:00:00+00:00,730.90000000,732.36000000,727.55000000,727.79000000,1870.38000000
1779300900000,2026-05-20T18:15:00+00:00,727.75000000,728.70000000,723.57000000,725.71000000,1497.64000000
1779301800000,2026-05-20T18:30:00+00:00,725.82000000,728.77000000,725.51000000,727.55000000,1400.19000000
1779302700000,2026-05-20T18:45:00+00:00,727.54000000,728.98000000,725.46000000,726.51000000,1588.11000000
1779303600000,2026-05-20T19:00:00+00:00,726.64000000,733.61000000,726.37000000,733.36000000,1077.08000000
1779304500000,2026-05-20T19:15:00+00:00,733.59000000,734.20000000,728.20000000,730.05000000,1451.40000000
1779305400000,2026-05-20T19:30:00+00:00,730.03000000,731.25000000,727.25000000,729.18000000,571.11000000
1779306300000,2026-05-20T19:45:00+00:00,729.12000000,732.98000000,729.00000000,732.15000000,2005.19000000
1779307200000,2026-05-20T20:00:00+00:00,732.15000000,732.16000000,728.46000000,728.56000000,1342.45000000
1779308100000,2026-05-20T20:15:00+00:00,728.65000000,735.43000000,716.55000000,735.24000000,13386.79000000
1779309000000,2026-05-20T20:30:00+00:00,735.24000000,736.26000000,724.03000000,729.59000000,5470.89000000
1779309900000,2026-05-20T20:45:00+00:00,729.61000000,730.63000000,725.12000000,727.88000000,1969.93000000
1779310800000,2026-05-20T21:00:00+00:00,727.96000000,728.49000000,724.63000000,726.89000000,1565.48000000
1779311700000,2026-05-20T21:15:00+00:00,726.91000000,735.27000000,726.55000000,733.25000000,1687.63000000
1779312600000,2026-05-20T21:30:00+00:00,733.32000000,733.77000000,729.40000000,730.08000000,431.97000000
1779313500000,2026-05-20T21:45:00+00:00,730.08000000,731.18000000,727.50000000,728.75000000,321.07000000
1779314400000,2026-05-20T22:00:00+00:00,728.66000000,728.88000000,720.14000000,722.65000000,1648.21000000
1779315300000,2026-05-20T22:15:00+00:00,722.60000000,724.22000000,719.50000000,723.93000000,1149.17000000
1779316200000,2026-05-20T22:30:00+00:00,723.97000000,726.61000000,722.50000000,725.38000000,549.21000000
1779317100000,2026-05-20T22:45:00+00:00,725.38000000,726.20000000,724.13000000,725.43000000,459.17000000
1779318000000,2026-05-20T23:00:00+00:00,725.48000000,726.99000000,724.63000000,726.22000000,943.42000000
1779318900000,2026-05-20T23:15:00+00:00,726.17000000,726.17000000,723.23000000,723.39000000,893.04000000
1779319800000,2026-05-20T23:30:00+00:00,723.50000000,725.44000000,723.40000000,724.73000000,470.36000000
1779320700000,2026-05-20T23:45:00+00:00,724.70000000,726.75000000,724.37000000,726.00000000,471.46000000
1779321600000,2026-05-21T00:00:00+00:00,725.91000000,727.95000000,724.34000000,727.40000000,2495.60000000
1779322500000,2026-05-21T00:15:00+00:00,727.49000000,728.40000000,725.59000000,728.05000000,1532.96000000
1779323400000,2026-05-21T00:30:00+00:00,728.10000000,733.26000000,727.25000000,733.18000000,1322.28000000
1779324300000,2026-05-21T00:45:00+00:00,733.12000000,741.89000000,730.91000000,741.86000000,7530.71000000
1779325200000,2026-05-21T01:00:00+00:00,741.90000000,746.00000000,741.69000000,745.56000000,3991.88000000
1779326100000,2026-05-21T01:15:00+00:00,745.58000000,750.47000000,745.00000000,749.23000000,3131.22000000
1779327000000,2026-05-21T01:30:00+00:00,749.37000000,756.07000000,747.56000000,748.75000000,4627.30000000
1779327900000,2026-05-21T01:45:00+00:00,748.76000000,750.69000000,743.13000000,746.64000000,3741.27000000
1779328800000,2026-05-21T02:00:00+00:00,746.75000000,751.88000000,746.75000000,750.74000000,3044.09000000
1779329700000,2026-05-21T02:15:00+00:00,750.80000000,757.71000000,750.50000000,753.40000000,5962.85000000
1779330600000,2026-05-21T02:30:00+00:00,753.40000000,755.58000000,752.20000000,752.27000000,1701.84000000
1779331500000,2026-05-21T02:45:00+00:00,752.27000000,752.29000000,748.99000000,750.97000000,1801.61000000
1779332400000,2026-05-21T03:00:00+00:00,750.90000000,755.00000000,750.00000000,754.25000000,1543.26000000
1779333300000,2026-05-21T03:15:00+00:00,754.21000000,755.46000000,752.81000000,755.42000000,1174.36000000
1779334200000,2026-05-21T03:30:00+00:00,755.46000000,756.64000000,753.80000000,754.81000000,1042.25000000
1779335100000,2026-05-21T03:45:00+00:00,754.76000000,754.80000000,751.53000000,753.27000000,1956.66000000
1779336000000,2026-05-21T04:00:00+00:00,753.26000000,754.85000000,752.75000000,754.53000000,1247.71000000
1779336900000,2026-05-21T04:15:00+00:00,754.44000000,754.73000000,752.21000000,754.45000000,3485.61000000
1779337800000,2026-05-21T04:30:00+00:00,754.43000000,754.52000000,751.68000000,753.76000000,1091.73000000
1779338700000,2026-05-21T04:45:00+00:00,753.71000000,756.50000000,752.98000000,756.42000000,2492.65000000
1779339600000,2026-05-21T05:00:00+00:00,756.38000000,756.55000000,754.28000000,754.92000000,1638.83000000
1779340500000,2026-05-21T05:15:00+00:00,754.91000000,755.64000000,753.03000000,753.70000000,1736.25000000
1779341400000,2026-05-21T05:30:00+00:00,753.68000000,755.02000000,752.32000000,754.50000000,1448.53000000
1779342300000,2026-05-21T05:45:00+00:00,754.52000000,754.73000000,748.06000000,749.74000000,4563.54000000
1779343200000,2026-05-21T06:00:00+00:00,749.69000000,752.53000000,749.46000000,751.98000000,1488.27000000
1779344100000,2026-05-21T06:15:00+00:00,751.95000000,752.52000000,749.55000000,749.81000000,1664.06000000
1779345000000,2026-05-21T06:30:00+00:00,749.82000000,750.97000000,744.02000000,744.35000000,2218.16000000
1779345900000,2026-05-21T06:45:00+00:00,744.38000000,745.04000000,739.44000000,743.85000000,5405.57000000
1779346800000,2026-05-21T07:00:00+00:00,743.75000000,743.88000000,733.51000000,735.67000000,5144.97000000
1779347700000,2026-05-21T07:15:00+00:00,735.64000000,741.53000000,733.59000000,741.03000000,3254.71000000
1779348600000,2026-05-21T07:30:00+00:00,740.95000000,745.40000000,740.70000000,743.55000000,2271.09000000
1779349500000,2026-05-21T07:45:00+00:00,743.61000000,745.72000000,742.50000000,742.75000000,2131.66000000
1779350400000,2026-05-21T08:00:00+00:00,742.80000000,750.29000000,735.14000000,750.20000000,7287.94000000
1779351300000,2026-05-21T08:15:00+00:00,750.25000000,750.91000000,745.08000000,746.68000000,2287.90000000
1779352200000,2026-05-21T08:30:00+00:00,746.79000000,746.79000000,742.00000000,744.62000000,1309.42000000
1779353100000,2026-05-21T08:45:00+00:00,744.58000000,744.86000000,741.48000000,744.00000000,959.57000000
1779354000000,2026-05-21T09:00:00+00:00,743.95000000,748.03000000,743.33000000,747.02000000,1175.47000000
1779354900000,2026-05-21T09:15:00+00:00,747.03000000,749.80000000,746.97000000,749.00000000,677.57000000
1779355800000,2026-05-21T09:30:00+00:00,749.00000000,749.52000000,747.12000000,747.90000000,666.98000000
1779356700000,2026-05-21T09:45:00+00:00,747.82000000,750.21000000,747.60000000,749.65000000,1051.20000000
1779357600000,2026-05-21T10:00:00+00:00,749.65000000,750.67000000,747.36000000,750.15000000,1098.13000000
1779358500000,2026-05-21T10:15:00+00:00,750.20000000,750.76000000,742.37000000,743.65000000,2954.43000000
1779359400000,2026-05-21T10:30:00+00:00,743.70000000,745.17000000,737.46000000,741.68000000,3910.37000000
1779360300000,2026-05-21T10:45:00+00:00,741.70000000,741.90000000,737.24000000,741.10000000,4653.46000000
1779361200000,2026-05-21T11:00:00+00:00,741.01000000,742.17000000,735.23000000,738.28000000,4339.20000000
1779362100000,2026-05-21T11:15:00+00:00,738.24000000,742.35000000,738.16000000,740.40000000,1376.52000000
1779363000000,2026-05-21T11:30:00+00:00,740.38000000,740.39000000,737.02000000,737.70000000,1338.07000000
1779363900000,2026-05-21T11:45:00+00:00,737.66000000,740.21000000,737.25000000,738.18000000,1575.20000000
1779364800000,2026-05-21T12:00:00+00:00,738.40000000,740.82000000,738.05000000,739.01000000,2121.60000000
1779365700000,2026-05-21T12:15:00+00:00,739.00000000,739.57000000,735.30000000,736.25000000,1712.78000000
1779366600000,2026-05-21T12:30:00+00:00,736.26000000,737.46000000,731.80000000,732.76000000,2356.44000000
1779367500000,2026-05-21T12:45:00+00:00,732.78000000,733.41000000,728.99000000,730.94000000,2896.37000000
1779368400000,2026-05-21T13:00:00+00:00,730.92000000,734.66000000,730.21000000,731.98000000,1898.05000000
1779369300000,2026-05-21T13:15:00+00:00,732.00000000,737.76000000,729.46000000,736.60000000,4325.22000000
1779370200000,2026-05-21T13:30:00+00:00,736.65000000,750.41000000,732.82000000,748.24000000,35798.52000000
1779371100000,2026-05-21T13:45:00+00:00,748.25000000,762.10000000,745.58000000,758.72000000,23674.20000000
1779372000000,2026-05-21T14:00:00+00:00,758.72000000,765.27000000,750.33000000,753.84000000,14831.41000000
1779372900000,2026-05-21T14:15:00+00:00,753.85000000,755.28000000,741.61000000,754.18000000,15199.53000000
1779373800000,2026-05-21T14:30:00+00:00,754.13000000,757.86000000,751.58000000,753.55000000,9251.71000000
1779374700000,2026-05-21T14:45:00+00:00,753.48000000,754.35000000,747.12000000,748.60000000,5376.46000000
1779375600000,2026-05-21T15:00:00+00:00,748.67000000,749.78000000,743.09000000,748.12000000,6143.28000000
1779376500000,2026-05-21T15:15:00+00:00,748.09000000,752.72000000,747.00000000,747.16000000,5076.24000000
1779377400000,2026-05-21T15:30:00+00:00,747.17000000,748.51000000,744.09000000,747.16000000,3626.34000000
1779378300000,2026-05-21T15:45:00+00:00,747.18000000,751.16000000,742.00000000,742.04000000,3110.31000000
1779379200000,2026-05-21T16:00:00+00:00,742.03000000,746.83000000,742.02000000,745.38000000,2992.52000000
1779380100000,2026-05-21T16:15:00+00:00,745.36000000,751.09000000,743.48000000,750.62000000,2784.79000000
1779381000000,2026-05-21T16:30:00+00:00,750.51000000,755.30000000,747.89000000,747.92000000,4113.19000000
1779381900000,2026-05-21T16:45:00+00:00,747.94000000,749.56000000,744.86000000,748.53000000,1887.35000000
1779382800000,2026-05-21T17:00:00+00:00,748.48000000,757.77000000,748.48000000,753.42000000,4480.83000000
1779383700000,2026-05-21T17:15:00+00:00,753.41000000,759.59000000,751.85000000,753.15000000,6583.70000000
1779384600000,2026-05-21T17:30:00+00:00,753.05000000,761.80000000,752.82000000,756.25000000,4693.58000000
1779385500000,2026-05-21T17:45:00+00:00,756.24000000,761.85000000,754.40000000,756.66000000,2565.56000000
1779386400000,2026-05-21T18:00:00+00:00,756.64000000,760.54000000,756.63000000,757.20000000,2282.44000000
1779387300000,2026-05-21T18:15:00+00:00,757.23000000,759.21000000,753.88000000,755.72000000,2561.41000000
1779388200000,2026-05-21T18:30:00+00:00,755.76000000,756.53000000,751.86000000,752.62000000,1502.80000000
1779389100000,2026-05-21T18:45:00+00:00,752.58000000,753.16000000,745.46000000,748.00000000,3710.82000000
1779390000000,2026-05-21T19:00:00+00:00,748.01000000,753.22000000,746.32000000,752.92000000,1776.08000000
1779390900000,2026-05-21T19:15:00+00:00,753.03000000,755.00000000,750.42000000,754.20000000,1471.88000000
1779391800000,2026-05-21T19:30:00+00:00,754.18000000,757.92000000,752.54000000,756.42000000,1178.64000000
1779392700000,2026-05-21T19:45:00+00:00,756.42000000,763.95000000,755.10000000,762.32000000,2868.31000000
1779393600000,2026-05-21T20:00:00+00:00,762.36000000,762.91000000,760.41000000,760.64000000,921.80000000
1779394500000,2026-05-21T20:15:00+00:00,760.64000000,760.80000000,757.31000000,758.57000000,487.05000000
1779395400000,2026-05-21T20:30:00+00:00,758.64000000,760.89000000,758.61000000,759.42000000,211.33000000
1779396300000,2026-05-21T20:45:00+00:00,759.40000000,760.67000000,758.62000000,758.80000000,215.99000000
1779397200000,2026-05-21T21:00:00+00:00,758.80000000,759.39000000,758.25000000,758.49000000,109.36000000
1779398100000,2026-05-21T21:15:00+00:00,758.57000000,759.87000000,758.42000000,759.33000000,158.82000000
1779399000000,2026-05-21T21:30:00+00:00,759.34000000,759.49000000,758.29000000,759.13000000,272.51000000
1779399900000,2026-05-21T21:45:00+00:00,759.13000000,759.90000000,758.75000000,759.57000000,122.89000000
1779400800000,2026-05-21T22:00:00+00:00,759.58000000,760.74000000,759.29000000,760.24000000,216.48000000
1779401700000,2026-05-21T22:15:00+00:00,760.24000000,760.60000000,759.42000000,759.95000000,198.01000000
1779402600000,2026-05-21T22:30:00+00:00,759.94000000,761.12000000,759.44000000,761.10000000,208.62000000
1779403500000,2026-05-21T22:45:00+00:00,761.06000000,762.48000000,760.84000000,762.30000000,575.78000000
1779404400000,2026-05-21T23:00:00+00:00,762.30000000,762.99000000,759.89000000,760.86000000,620.63000000
1779405300000,2026-05-21T23:15:00+00:00,760.76000000,761.56000000,760.46000000,760.96000000,419.23000000
1779406200000,2026-05-21T23:30:00+00:00,760.96000000,762.14000000,760.83000000,761.67000000,213.20000000
1779407100000,2026-05-21T23:45:00+00:00,761.67000000,762.57000000,760.79000000,761.50000000,310.88000000
1779408000000,2026-05-22T00:00:00+00:00,761.50000000,762.78000000,758.33000000,758.84000000,2496.09000000
1779408900000,2026-05-22T00:15:00+00:00,758.82000000,761.52000000,757.45000000,760.69000000,1180.55000000
1779409800000,2026-05-22T00:30:00+00:00,760.70000000,762.49000000,758.49000000,758.73000000,893.61000000
1779410700000,2026-05-22T00:45:00+00:00,758.70000000,760.14000000,756.79000000,756.96000000,531.61000000
1779411600000,2026-05-22T01:00:00+00:00,756.95000000,758.41000000,753.71000000,758.07000000,1201.32000000
1779412500000,2026-05-22T01:15:00+00:00,758.05000000,758.53000000,756.62000000,757.53000000,391.50000000
1779413400000,2026-05-22T01:30:00+00:00,757.48000000,758.18000000,754.60000000,756.18000000,756.04000000
1779414300000,2026-05-22T01:45:00+00:00,756.16000000,758.96000000,756.09000000,758.00000000,2597.74000000
1779415200000,2026-05-22T02:00:00+00:00,757.99000000,759.32000000,756.57000000,758.43000000,912.19000000
1779416100000,2026-05-22T02:15:00+00:00,758.46000000,758.85000000,756.71000000,757.25000000,377.66000000
1779417000000,2026-05-22T02:30:00+00:00,757.25000000,758.97000000,756.65000000,757.72000000,307.73000000
1779417900000,2026-05-22T02:45:00+00:00,757.99000000,759.39000000,757.88000000,759.25000000,328.22000000
1779418800000,2026-05-22T03:00:00+00:00,759.24000000,759.56000000,757.70000000,758.18000000,362.96000000
1779419700000,2026-05-22T03:15:00+00:00,758.18000000,758.54000000,756.45000000,758.06000000,585.12000000
1779420600000,2026-05-22T03:30:00+00:00,758.07000000,758.81000000,757.70000000,758.15000000,526.16000000
1779421500000,2026-05-22T03:45:00+00:00,758.18000000,759.20000000,758.11000000,759.11000000,841.82000000
1779422400000,2026-05-22T04:00:00+00:00,759.12000000,761.62000000,758.97000000,761.30000000,634.79000000
1779423300000,2026-05-22T04:15:00+00:00,761.30000000,761.90000000,760.41000000,760.41000000,881.52000000
1779424200000,2026-05-22T04:30:00+00:00,760.40000000,760.97000000,759.15000000,760.05000000,380.54000000
1779425100000,2026-05-22T04:45:00+00:00,760.03000000,761.85000000,760.03000000,761.34000000,315.19000000
1779426000000,2026-05-22T05:00:00+00:00,761.33000000,762.20000000,761.15000000,761.75000000,445.13000000
1779426900000,2026-05-22T05:15:00+00:00,761.72000000,762.08000000,760.17000000,761.24000000,476.99000000
1779427800000,2026-05-22T05:30:00+00:00,761.24000000,762.20000000,760.55000000,762.07000000,336.61000000
1779428700000,2026-05-22T05:45:00+00:00,762.04000000,762.70000000,760.93000000,760.98000000,481.44000000
1779429600000,2026-05-22T06:00:00+00:00,760.97000000,761.20000000,759.99000000,761.00000000,524.72000000
1779430500000,2026-05-22T06:15:00+00:00,760.96000000,761.45000000,759.84000000,760.61000000,563.80000000
1779431400000,2026-05-22T06:30:00+00:00,760.67000000,761.15000000,759.71000000,760.12000000,404.94000000
1779432300000,2026-05-22T06:45:00+00:00,760.14000000,760.35000000,759.02000000,759.30000000,557.40000000
1779433200000,2026-05-22T07:00:00+00:00,759.30000000,760.05000000,758.28000000,759.37000000,530.30000000
1779434100000,2026-05-22T07:15:00+00:00,759.41000000,760.60000000,759.37000000,760.24000000,286.66000000
1779435000000,2026-05-22T07:30:00+00:00,760.25000000,761.37000000,759.76000000,761.32000000,371.76000000
1779435900000,2026-05-22T07:45:00+00:00,761.33000000,762.23000000,760.51000000,761.14000000,849.47000000
1779436800000,2026-05-22T08:00:00+00:00,761.17000000,764.52000000,760.50000000,760.77000000,4457.39000000
1779437700000,2026-05-22T08:15:00+00:00,760.74000000,763.71000000,760.22000000,761.16000000,1435.18000000
1779438600000,2026-05-22T08:30:00+00:00,761.15000000,762.18000000,757.78000000,759.02000000,2252.88000000
1779439500000,2026-05-22T08:45:00+00:00,759.05000000,760.40000000,756.90000000,757.13000000,1420.43000000
1779440400000,2026-05-22T09:00:00+00:00,757.13000000,757.13000000,753.29000000,753.29000000,3768.58000000
1779441300000,2026-05-22T09:15:00+00:00,753.28000000,754.01000000,748.53000000,749.48000000,1849.27000000
1779442200000,2026-05-22T09:30:00+00:00,749.34000000,751.47000000,747.01000000,750.60000000,1549.90000000
1779443100000,2026-05-22T09:45:00+00:00,750.54000000,752.70000000,749.34000000,750.80000000,883.31000000
1779444000000,2026-05-22T10:00:00+00:00,750.78000000,750.78000000,747.00000000,749.39000000,972.84000000
1779444900000,2026-05-22T10:15:00+00:00,749.39000000,750.41000000,747.21000000,747.75000000,757.72000000
1779445800000,2026-05-22T10:30:00+00:00,747.75000000,749.35000000,743.84000000,749.12000000,2289.66000000
1779446700000,2026-05-22T10:45:00+00:00,749.08000000,752.40000000,748.59000000,752.21000000,1737.72000000
1779447600000,2026-05-22T11:00:00+00:00,752.22000000,755.76000000,751.93000000,753.88000000,1523.19000000
1779448500000,2026-05-22T11:15:00+00:00,753.85000000,757.14000000,752.39000000,756.00000000,885.04000000
1779449400000,2026-05-22T11:30:00+00:00,756.01000000,758.12000000,755.29000000,757.22000000,855.82000000
1779450300000,2026-05-22T11:45:00+00:00,757.23000000,758.16000000,754.42000000,755.90000000,991.34000000
1779451200000,2026-05-22T12:00:00+00:00,755.91000000,757.92000000,754.16000000,756.55000000,1273.87000000
1779452100000,2026-05-22T12:15:00+00:00,756.54000000,757.98000000,754.30000000,755.28000000,1176.01000000
1779453000000,2026-05-22T12:30:00+00:00,755.26000000,756.02000000,754.56000000,755.39000000,587.19000000
1779453900000,2026-05-22T12:45:00+00:00,755.39000000,756.87000000,755.36000000,756.59000000,917.82000000
1779454800000,2026-05-22T13:00:00+00:00,756.62000000,756.80000000,753.09000000,754.80000000,1361.72000000
1779455700000,2026-05-22T13:15:00+00:00,754.79000000,758.22000000,753.89000000,757.38000000,2568.65000000
1779456600000,2026-05-22T13:30:00+00:00,757.40000000,762.67000000,748.13000000,758.96000000,25405.58000000
1779457500000,2026-05-22T13:45:00+00:00,758.91000000,760.16000000,749.94000000,754.95000000,7790.37000000
1779458400000,2026-05-22T14:00:00+00:00,754.95000000,756.94000000,748.28000000,756.56000000,8649.39000000
1779459300000,2026-05-22T14:15:00+00:00,756.53000000,759.71000000,750.49000000,755.79000000,5190.81000000
1779460200000,2026-05-22T14:30:00+00:00,755.87000000,767.46000000,753.84000000,766.88000000,8467.81000000
1779461100000,2026-05-22T14:45:00+00:00,766.89000000,768.90000000,762.76000000,763.40000000,9748.62000000
1779462000000,2026-05-22T15:00:00+00:00,763.44000000,769.35000000,763.44000000,767.81000000,3598.34000000
1779462900000,2026-05-22T15:15:00+00:00,767.81000000,770.30000000,765.21000000,768.07000000,2805.37000000
1779463800000,2026-05-22T15:30:00+00:00,768.07000000,771.77000000,766.20000000,766.98000000,3873.42000000
1779464700000,2026-05-22T15:45:00+00:00,766.98000000,767.35000000,764.36000000,765.92000000,2176.00000000
1779465600000,2026-05-22T16:00:00+00:00,765.94000000,767.39000000,764.80000000,766.76000000,1596.22000000
1779466500000,2026-05-22T16:15:00+00:00,766.77000000,767.55000000,762.07000000,763.38000000,2851.90000000
1779467400000,2026-05-22T16:30:00+00:00,763.40000000,765.62000000,762.71000000,764.79000000,1734.40000000
1779468300000,2026-05-22T16:45:00+00:00,764.75000000,770.38000000,764.72000000,769.49000000,2220.66000000
1779469200000,2026-05-22T17:00:00+00:00,769.49000000,774.37000000,769.49000000,770.66000000,3192.81000000
1779470100000,2026-05-22T17:15:00+00:00,770.68000000,771.75000000,768.45000000,770.82000000,3140.01000000
1779471000000,2026-05-22T17:30:00+00:00,770.85000000,771.73000000,768.35000000,769.90000000,1629.03000000
1779471900000,2026-05-22T17:45:00+00:00,769.91000000,780.86000000,769.90000000,778.62000000,6104.70000000
1779472800000,2026-05-22T18:00:00+00:00,778.65000000,779.26000000,773.37000000,774.05000000,3716.48000000
1779473700000,2026-05-22T18:15:00+00:00,774.04000000,774.38000000,770.71000000,772.29000000,2779.17000000
1779474600000,2026-05-22T18:30:00+00:00,772.29000000,774.56000000,768.13000000,773.14000000,3291.70000000
1779475500000,2026-05-22T18:45:00+00:00,773.18000000,775.25000000,770.68000000,771.65000000,1565.00000000
1779476400000,2026-05-22T19:00:00+00:00,771.68000000,772.26000000,763.94000000,765.09000000,4259.83000000
1779477300000,2026-05-22T19:15:00+00:00,765.03000000,766.03000000,759.55000000,760.56000000,3397.75000000
1779478200000,2026-05-22T19:30:00+00:00,760.59000000,763.31000000,758.57000000,759.03000000,2928.56000000
1779479100000,2026-05-22T19:45:00+00:00,759.00000000,759.44000000,751.85000000,752.15000000,4611.28000000
1779480000000,2026-05-22T20:00:00+00:00,752.07000000,753.41000000,751.04000000,752.99000000,1836.37000000
1779480900000,2026-05-22T20:15:00+00:00,752.98000000,753.76000000,751.70000000,753.26000000,437.44000000
1779481800000,2026-05-22T20:30:00+00:00,753.26000000,753.30000000,749.50000000,750.31000000,1521.81000000
1779482700000,2026-05-22T20:45:00+00:00,750.32000000,750.94000000,750.00000000,750.20000000,1626.69000000
1779483600000,2026-05-22T21:00:00+00:00,750.19000000,750.85000000,749.73000000,750.48000000,673.21000000
1779484500000,2026-05-22T21:15:00+00:00,750.48000000,751.49000000,750.30000000,750.81000000,352.19000000
1779485400000,2026-05-22T21:30:00+00:00,750.81000000,750.82000000,750.09000000,750.30000000,246.39000000
1779486300000,2026-05-22T21:45:00+00:00,750.16000000,750.20000000,748.83000000,748.84000000,277.59000000
1779487200000,2026-05-22T22:00:00+00:00,748.84000000,749.96000000,748.21000000,748.26000000,479.22000000
1779488100000,2026-05-22T22:15:00+00:00,748.24000000,748.24000000,746.60000000,746.82000000,803.23000000
1779489000000,2026-05-22T22:30:00+00:00,746.83000000,747.53000000,746.48000000,746.68000000,407.78000000
1779489900000,2026-05-22T22:45:00+00:00,746.65000000,747.60000000,745.77000000,747.41000000,302.11000000
1779490800000,2026-05-22T23:00:00+00:00,747.42000000,748.83000000,746.43000000,746.54000000,275.67000000
1779491700000,2026-05-22T23:15:00+00:00,746.51000000,746.95000000,745.79000000,745.97000000,292.42000000
1779492600000,2026-05-22T23:30:00+00:00,745.97000000,746.12000000,745.40000000,745.92000000,248.39000000
1779493500000,2026-05-22T23:45:00+00:00,745.93000000,745.97000000,744.78000000,745.25000000,718.61000000
1779494400000,2026-05-23T00:00:00+00:00,745.25000000,745.57000000,741.00000000,741.40000000,1093.76000000
1779495300000,2026-05-23T00:15:00+00:00,741.39000000,741.48000000,738.19000000,739.70000000,1546.27000000
1779496200000,2026-05-23T00:30:00+00:00,739.76000000,739.85000000,737.31000000,738.80000000,846.85000000
1779497100000,2026-05-23T00:45:00+00:00,738.80000000,741.75000000,738.65000000,741.26000000,507.01000000
1779498000000,2026-05-23T01:00:00+00:00,741.25000000,745.47000000,740.70000000,743.05000000,974.61000000
1779498900000,2026-05-23T01:15:00+00:00,743.08000000,744.84000000,742.20000000,744.84000000,590.67000000
1779499800000,2026-05-23T01:30:00+00:00,744.85000000,746.66000000,744.37000000,746.26000000,478.15000000
1779500700000,2026-05-23T01:45:00+00:00,746.32000000,748.57000000,746.32000000,746.44000000,919.44000000
1779501600000,2026-05-23T02:00:00+00:00,746.43000000,749.05000000,746.42000000,747.56000000,441.19000000
1779502500000,2026-05-23T02:15:00+00:00,747.55000000,748.23000000,747.30000000,747.95000000,237.14000000
1779503400000,2026-05-23T02:30:00+00:00,747.96000000,748.26000000,746.79000000,747.61000000,384.45000000
1779504300000,2026-05-23T02:45:00+00:00,747.60000000,750.19000000,747.46000000,749.17000000,577.33000000
1779505200000,2026-05-23T03:00:00+00:00,749.17000000,750.09000000,748.81000000,749.26000000,299.86000000
1779506100000,2026-05-23T03:15:00+00:00,749.25000000,750.10000000,748.79000000,749.55000000,532.63000000
1779507000000,2026-05-23T03:30:00+00:00,749.50000000,749.65000000,748.47000000,748.65000000,201.14000000
1779507900000,2026-05-23T03:45:00+00:00,748.65000000,749.40000000,748.18000000,748.25000000,142.90000000
1779508800000,2026-05-23T04:00:00+00:00,748.25000000,748.41000000,746.96000000,747.01000000,437.92000000
1779509700000,2026-05-23T04:15:00+00:00,747.02000000,747.30000000,745.55000000,745.95000000,537.35000000
1779510600000,2026-05-23T04:30:00+00:00,745.95000000,746.98000000,745.56000000,746.15000000,250.58000000
1779511500000,2026-05-23T04:45:00+00:00,746.10000000,746.85000000,744.75000000,745.04000000,481.97000000
1779512400000,2026-05-23T05:00:00+00:00,745.04000000,746.27000000,744.85000000,746.15000000,257.17000000
1779513300000,2026-05-23T05:15:00+00:00,746.16000000,746.48000000,744.77000000,745.67000000,304.21000000
1779514200000,2026-05-23T05:30:00+00:00,745.72000000,745.94000000,744.71000000,744.94000000,237.01000000
1779515100000,2026-05-23T05:45:00+00:00,744.95000000,745.16000000,743.48000000,744.80000000,269.64000000
1779516000000,2026-05-23T06:00:00+00:00,744.81000000,748.38000000,744.06000000,746.96000000,359.53000000
1779516900000,2026-05-23T06:15:00+00:00,746.95000000,747.90000000,745.96000000,746.09000000,242.03000000
1779517800000,2026-05-23T06:30:00+00:00,746.08000000,747.00000000,744.86000000,745.05000000,128.50000000
1779518700000,2026-05-23T06:45:00+00:00,745.08000000,745.39000000,743.95000000,744.53000000,158.60000000
1779519600000,2026-05-23T07:00:00+00:00,744.54000000,744.91000000,743.47000000,743.74000000,245.07000000
1779520500000,2026-05-23T07:15:00+00:00,743.76000000,744.34000000,743.50000000,744.20000000,65.18000000
1779521400000,2026-05-23T07:30:00+00:00,744.17000000,744.79000000,742.41000000,742.58000000,231.50000000
1779522300000,2026-05-23T07:45:00+00:00,742.55000000,742.55000000,738.81000000,740.19000000,1619.76000000
1779523200000,2026-05-23T08:00:00+00:00,740.20000000,740.39000000,738.66000000,738.71000000,395.24000000
1779524100000,2026-05-23T08:15:00+00:00,738.71000000,740.82000000,738.66000000,740.54000000,393.62000000
1779525000000,2026-05-23T08:30:00+00:00,740.55000000,741.40000000,740.10000000,741.27000000,161.97000000
1779525900000,2026-05-23T08:45:00+00:00,741.27000000,744.00000000,740.84000000,743.98000000,493.61000000
1779526800000,2026-05-23T09:00:00+00:00,743.99000000,745.12000000,743.40000000,743.98000000,336.75000000
1779527700000,2026-05-23T09:15:00+00:00,743.98000000,745.12000000,743.36000000,744.94000000,120.31000000
1779528600000,2026-05-23T09:30:00+00:00,744.94000000,746.38000000,744.83000000,746.38000000,164.86000000
1779529500000,2026-05-23T09:45:00+00:00,746.35000000,746.71000000,743.66000000,743.73000000,401.93000000
1779530400000,2026-05-23T10:00:00+00:00,743.73000000,745.10000000,743.71000000,744.55000000,263.35000000
1779531300000,2026-05-23T10:15:00+00:00,744.55000000,745.83000000,744.30000000,745.78000000,304.09000000
1779532200000,2026-05-23T10:30:00+00:00,745.78000000,746.74000000,745.53000000,746.42000000,278.64000000
1779533100000,2026-05-23T10:45:00+00:00,746.43000000,747.21000000,746.38000000,746.73000000,158.70000000
1779534000000,2026-05-23T11:00:00+00:00,746.70000000,747.04000000,746.15000000,746.37000000,127.63000000
1779534900000,2026-05-23T11:15:00+00:00,746.37000000,746.78000000,745.55000000,745.64000000,253.97000000
1779535800000,2026-05-23T11:30:00+00:00,745.65000000,745.93000000,744.70000000,744.70000000,95.86000000
1779536700000,2026-05-23T11:45:00+00:00,744.69000000,744.78000000,744.08000000,744.31000000,135.31000000
1779537600000,2026-05-23T12:00:00+00:00,744.35000000,744.38000000,743.37000000,743.96000000,311.36000000
1779538500000,2026-05-23T12:15:00+00:00,743.90000000,745.33000000,743.84000000,744.52000000,156.53000000
1779539400000,2026-05-23T12:30:00+00:00,744.51000000,746.47000000,744.33000000,746.33000000,129.58000000
1779540300000,2026-05-23T12:45:00+00:00,746.33000000,747.30000000,746.18000000,746.89000000,145.38000000
1779541200000,2026-05-23T13:00:00+00:00,746.87000000,749.23000000,745.31000000,748.85000000,685.72000000
1779542100000,2026-05-23T13:15:00+00:00,748.84000000,749.87000000,748.32000000,748.32000000,235.67000000
1779543000000,2026-05-23T13:30:00+00:00,748.30000000,749.19000000,746.53000000,746.77000000,396.28000000
1779543900000,2026-05-23T13:45:00+00:00,746.77000000,749.98000000,745.18000000,746.59000000,1907.65000000
1779544800000,2026-05-23T14:00:00+00:00,746.60000000,747.77000000,746.45000000,747.04000000,908.17000000
1779545700000,2026-05-23T14:15:00+00:00,747.02000000,747.74000000,746.58000000,747.43000000,216.54000000
1779546600000,2026-05-23T14:30:00+00:00,747.43000000,753.43000000,747.16000000,752.36000000,2155.78000000
1779547500000,2026-05-23T14:45:00+00:00,752.36000000,756.09000000,752.27000000,753.61000000,1888.19000000
1779548400000,2026-05-23T15:00:00+00:00,753.57000000,756.04000000,752.29000000,754.67000000,1769.52000000
1779549300000,2026-05-23T15:15:00+00:00,754.67000000,755.13000000,754.51000000,754.60000000,150.71000000
1779550200000,2026-05-23T15:30:00+00:00,754.60000000,755.35000000,754.21000000,754.72000000,383.82000000
1779551100000,2026-05-23T15:45:00+00:00,754.72000000,755.44000000,752.68000000,753.84000000,864.06000000
1779552000000,2026-05-23T16:00:00+00:00,753.85000000,755.20000000,753.73000000,754.79000000,174.72000000
1779552900000,2026-05-23T16:15:00+00:00,754.75000000,755.83000000,754.26000000,755.14000000,294.43000000
1779553800000,2026-05-23T16:30:00+00:00,755.14000000,756.44000000,755.01000000,756.22000000,158.12000000
1779554700000,2026-05-23T16:45:00+00:00,756.21000000,756.48000000,755.60000000,756.09000000,147.46000000
1779555600000,2026-05-23T17:00:00+00:00,756.12000000,757.00000000,755.62000000,756.05000000,174.29000000
1779556500000,2026-05-23T17:15:00+00:00,756.05000000,756.81000000,755.29000000,756.76000000,98.50000000
1779557400000,2026-05-23T17:30:00+00:00,756.79000000,756.80000000,754.54000000,754.66000000,156.72000000
1779558300000,2026-05-23T17:45:00+00:00,754.66000000,755.15000000,753.17000000,754.04000000,185.38000000
1779559200000,2026-05-23T18:00:00+00:00,754.05000000,756.59000000,753.45000000,756.56000000,145.22000000
1779560100000,2026-05-23T18:15:00+00:00,756.59000000,760.54000000,756.47000000,760.30000000,739.88000000
1779561000000,2026-05-23T18:30:00+00:00,760.29000000,768.15000000,760.22000000,766.50000000,1976.77000000
1779561900000,2026-05-23T18:45:00+00:00,766.42000000,767.09000000,763.06000000,763.72000000,966.72000000
1779562800000,2026-05-23T19:00:00+00:00,763.68000000,764.78000000,762.80000000,763.52000000,539.87000000
1779563700000,2026-05-23T19:15:00+00:00,763.51000000,764.30000000,761.27000000,761.66000000,523.96000000
1779564600000,2026-05-23T19:30:00+00:00,761.65000000,762.94000000,761.04000000,762.33000000,178.79000000
1779565500000,2026-05-23T19:45:00+00:00,762.34000000,763.50000000,762.06000000,763.40000000,141.08000000
1779566400000,2026-05-23T20:00:00+00:00,763.41000000,763.67000000,761.12000000,761.31000000,278.81000000
1779567300000,2026-05-23T20:15:00+00:00,761.32000000,762.34000000,760.50000000,760.83000000,217.38000000
1779568200000,2026-05-23T20:30:00+00:00,760.83000000,768.88000000,760.83000000,768.80000000,698.11000000
1779569100000,2026-05-23T20:45:00+00:00,768.80000000,768.95000000,764.14000000,768.34000000,1496.48000000
1779570000000,2026-05-23T21:00:00+00:00,768.44000000,771.49000000,767.07000000,768.34000000,1481.54000000
1779570900000,2026-05-23T21:15:00+00:00,768.30000000,775.40000000,768.17000000,770.76000000,1194.11000000
1779571800000,2026-05-23T21:30:00+00:00,770.74000000,775.12000000,768.54000000,770.25000000,960.14000000
1779572700000,2026-05-23T21:45:00+00:00,770.25000000,772.00000000,767.03000000,769.32000000,1256.51000000
1779573600000,2026-05-23T22:00:00+00:00,769.33000000,770.71000000,764.82000000,765.45000000,1730.86000000
1779574500000,2026-05-23T22:15:00+00:00,765.45000000,766.51000000,763.12000000,763.31000000,589.17000000
1779575400000,2026-05-23T22:30:00+00:00,763.35000000,767.19000000,762.19000000,766.90000000,641.61000000
1779576300000,2026-05-23T22:45:00+00:00,766.87000000,768.16000000,766.58000000,767.64000000,277.56000000
1779577200000,2026-05-23T23:00:00+00:00,767.67000000,769.97000000,767.28000000,769.47000000,325.22000000
1779578100000,2026-05-23T23:15:00+00:00,769.46000000,771.00000000,769.07000000,770.19000000,267.86000000
1779579000000,2026-05-23T23:30:00+00:00,770.14000000,774.37000000,769.88000000,773.72000000,306.70000000
1779579900000,2026-05-23T23:45:00+00:00,773.79000000,774.39000000,770.60000000,771.60000000,334.31000000
1779580800000,2026-05-24T00:00:00+00:00,771.72000000,773.88000000,769.25000000,769.67000000,938.01000000
1779581700000,2026-05-24T00:15:00+00:00,769.64000000,773.03000000,769.52000000,772.76000000,296.73000000
1779582600000,2026-05-24T00:30:00+00:00,772.77000000,775.91000000,772.77000000,775.34000000,364.33000000
1779583500000,2026-05-24T00:45:00+00:00,775.33000000,776.15000000,773.30000000,773.99000000,408.69000000
1779584400000,2026-05-24T01:00:00+00:00,773.99000000,775.03000000,771.66000000,775.03000000,464.09000000
1779585300000,2026-05-24T01:15:00+00:00,775.04000000,777.00000000,773.90000000,774.79000000,643.62000000
1779586200000,2026-05-24T01:30:00+00:00,774.80000000,775.03000000,773.28000000,774.10000000,542.99000000
1779587100000,2026-05-24T01:45:00+00:00,774.10000000,775.44000000,773.10000000,775.44000000,517.11000000
1779588000000,2026-05-24T02:00:00+00:00,775.45000000,775.73000000,774.17000000,774.84000000,275.53000000
1779588900000,2026-05-24T02:15:00+00:00,774.84000000,775.50000000,774.55000000,774.72000000,378.06000000
1779589800000,2026-05-24T02:30:00+00:00,774.76000000,775.35000000,774.30000000,775.12000000,299.10000000
1779590700000,2026-05-24T02:45:00+00:00,775.13000000,775.35000000,774.65000000,774.81000000,117.69000000
1779591600000,2026-05-24T03:00:00+00:00,774.80000000,775.00000000,774.30000000,774.31000000,192.59000000
1779592500000,2026-05-24T03:15:00+00:00,774.30000000,777.00000000,772.71000000,776.67000000,647.36000000
1779593400000,2026-05-24T03:30:00+00:00,776.68000000,778.28000000,776.03000000,776.03000000,679.63000000
1779594300000,2026-05-24T03:45:00+00:00,776.02000000,777.91000000,776.02000000,777.49000000,247.81000000
1779595200000,2026-05-24T04:00:00+00:00,777.50000000,779.61000000,777.45000000,778.20000000,458.64000000
1779596100000,2026-05-24T04:15:00+00:00,778.16000000,779.20000000,777.59000000,778.11000000,278.25000000
1779597000000,2026-05-24T04:30:00+00:00,778.13000000,780.36000000,777.99000000,780.30000000,500.68000000
1779597900000,2026-05-24T04:45:00+00:00,780.29000000,780.30000000,777.28000000,777.90000000,392.15000000
1779598800000,2026-05-24T05:00:00+00:00,777.87000000,778.94000000,775.53000000,775.60000000,491.20000000
1779599700000,2026-05-24T05:15:00+00:00,775.55000000,776.49000000,772.71000000,775.52000000,1167.49000000
1779600600000,2026-05-24T05:30:00+00:00,775.53000000,775.88000000,770.03000000,770.14000000,926.04000000
1779601500000,2026-05-24T05:45:00+00:00,770.13000000,774.79000000,769.65000000,774.02000000,764.62000000
1779602400000,2026-05-24T06:00:00+00:00,774.03000000,775.05000000,773.35000000,774.96000000,301.79000000
1779603300000,2026-05-24T06:15:00+00:00,774.95000000,774.95000000,772.00000000,772.33000000,225.30000000
1779604200000,2026-05-24T06:30:00+00:00,772.31000000,774.63000000,772.08000000,774.30000000,348.73000000
1779605100000,2026-05-24T06:45:00+00:00,774.34000000,775.41000000,774.16000000,774.62000000,341.75000000
1779606000000,2026-05-24T07:00:00+00:00,774.65000000,775.90000000,774.40000000,774.99000000,249.07000000
1779606900000,2026-05-24T07:15:00+00:00,774.92000000,775.47000000,773.50000000,774.51000000,218.60000000
1779607800000,2026-05-24T07:30:00+00:00,774.54000000,775.50000000,774.23000000,774.97000000,98.35000000
1779608700000,2026-05-24T07:45:00+00:00,775.06000000,775.33000000,772.98000000,773.36000000,304.36000000
1779609600000,2026-05-24T08:00:00+00:00,773.51000000,774.89000000,773.31000000,774.36000000,158.47000000
1779610500000,2026-05-24T08:15:00+00:00,774.36000000,775.50000000,774.23000000,774.40000000,196.73000000
1779611400000,2026-05-24T08:30:00+00:00,774.40000000,774.92000000,774.06000000,774.37000000,133.74000000
1779612300000,2026-05-24T08:45:00+00:00,774.37000000,775.36000000,773.30000000,775.18000000,364.32000000
1779613200000,2026-05-24T09:00:00+00:00,775.19000000,775.50000000,774.31000000,775.28000000,93.51000000
1779614100000,2026-05-24T09:15:00+00:00,775.22000000,776.22000000,775.12000000,775.28000000,255.61000000
1779615000000,2026-05-24T09:30:00+00:00,775.36000000,777.50000000,775.10000000,777.13000000,206.52000000
1779615900000,2026-05-24T09:45:00+00:00,777.22000000,778.88000000,776.68000000,778.87000000,739.83000000
1779616800000,2026-05-24T10:00:00+00:00,778.86000000,779.85000000,778.60000000,779.24000000,383.98000000
1779617700000,2026-05-24T10:15:00+00:00,779.13000000,780.50000000,779.13000000,779.83000000,542.73000000
1779618600000,2026-05-24T10:30:00+00:00,779.60000000,779.97000000,778.43000000,779.32000000,298.78000000
1779619500000,2026-05-24T10:45:00+00:00,779.32000000,779.94000000,778.63000000,779.16000000,152.65000000
1779620400000,2026-05-24T11:00:00+00:00,779.17000000,780.00000000,778.76000000,779.76000000,257.20000000
1779621300000,2026-05-24T11:15:00+00:00,779.79000000,780.11000000,778.70000000,779.25000000,333.95000000
1779622200000,2026-05-24T11:30:00+00:00,779.19000000,779.50000000,778.33000000,778.70000000,262.32000000
1779623100000,2026-05-24T11:45:00+00:00,778.66000000,779.71000000,778.19000000,778.90000000,246.87000000
1779624000000,2026-05-24T12:00:00+00:00,778.98000000,779.82000000,777.91000000,778.71000000,259.78000000
1779624900000,2026-05-24T12:15:00+00:00,778.68000000,778.91000000,776.19000000,776.66000000,202.21000000
1779625800000,2026-05-24T12:30:00+00:00,776.63000000,777.55000000,776.03000000,776.77000000,198.20000000
1779626700000,2026-05-24T12:45:00+00:00,776.77000000,778.36000000,776.41000000,778.05000000,275.55000000
1779627600000,2026-05-24T13:00:00+00:00,778.14000000,778.18000000,777.23000000,777.53000000,175.86000000
1779628500000,2026-05-24T13:15:00+00:00,777.59000000,778.82000000,777.25000000,778.55000000,204.49000000
1779629400000,2026-05-24T13:30:00+00:00,778.61000000,778.95000000,777.70000000,777.82000000,231.88000000
1779630300000,2026-05-24T13:45:00+00:00,777.82000000,778.25000000,775.02000000,776.07000000,403.00000000
1779631200000,2026-05-24T14:00:00+00:00,776.10000000,778.00000000,773.29000000,774.04000000,720.64000000
1779632100000,2026-05-24T14:15:00+00:00,774.11000000,774.92000000,769.64000000,770.55000000,1748.24000000
1779633000000,2026-05-24T14:30:00+00:00,770.65000000,773.15000000,770.25000000,772.00000000,1668.22000000
1779633900000,2026-05-24T14:45:00+00:00,772.02000000,775.45000000,771.70000000,774.65000000,776.92000000
1779634800000,2026-05-24T15:00:00+00:00,774.65000000,774.90000000,773.00000000,773.90000000,211.61000000
1779635700000,2026-05-24T15:15:00+00:00,773.94000000,774.16000000,772.73000000,773.40000000,320.85000000
1779636600000,2026-05-24T15:30:00+00:00,773.43000000,773.95000000,772.80000000,772.88000000,65.03000000
1779637500000,2026-05-24T15:45:00+00:00,772.88000000,773.37000000,771.31000000,772.79000000,410.95000000
1779638400000,2026-05-24T16:00:00+00:00,772.63000000,774.92000000,771.70000000,772.34000000,680.03000000
1779639300000,2026-05-24T16:15:00+00:00,772.37000000,773.28000000,771.67000000,771.98000000,207.57000000
1779640200000,2026-05-24T16:30:00+00:00,771.98000000,775.63000000,771.97000000,775.10000000,350.52000000
1779641100000,2026-05-24T16:45:00+00:00,775.10000000,776.75000000,773.60000000,774.70000000,588.56000000
1779642000000,2026-05-24T17:00:00+00:00,774.66000000,776.86000000,773.92000000,776.24000000,327.03000000
1779642900000,2026-05-24T17:15:00+00:00,776.18000000,777.05000000,776.00000000,776.87000000,141.86000000
1779643800000,2026-05-24T17:30:00+00:00,776.87000000,777.70000000,776.49000000,777.47000000,119.34000000
1779644700000,2026-05-24T17:45:00+00:00,777.48000000,777.75000000,776.83000000,777.30000000,138.34000000
1779645600000,2026-05-24T18:00:00+00:00,777.33000000,777.59000000,776.35000000,777.33000000,205.93000000
1779646500000,2026-05-24T18:15:00+00:00,777.40000000,777.42000000,776.04000000,776.92000000,213.65000000
1779647400000,2026-05-24T18:30:00+00:00,776.82000000,777.58000000,776.00000000,777.20000000,151.67000000
1779648300000,2026-05-24T18:45:00+00:00,777.19000000,777.39000000,776.58000000,776.68000000,79.97000000
1779649200000,2026-05-24T19:00:00+00:00,776.69000000,778.59000000,776.69000000,778.27000000,152.10000000
1779650100000,2026-05-24T19:15:00+00:00,778.22000000,778.62000000,776.55000000,776.65000000,175.35000000
1779651000000,2026-05-24T19:30:00+00:00,776.57000000,778.68000000,776.48000000,778.54000000,91.93000000
1779651900000,2026-05-24T19:45:00+00:00,778.63000000,779.88000000,778.48000000,779.79000000,270.27000000
1779652800000,2026-05-24T20:00:00+00:00,779.80000000,780.00000000,779.09000000,779.59000000,230.62000000
1779653700000,2026-05-24T20:15:00+00:00,779.58000000,780.12000000,779.03000000,779.49000000,141.10000000
1779654600000,2026-05-24T20:30:00+00:00,779.49000000,780.49000000,779.20000000,779.90000000,211.09000000
1779655500000,2026-05-24T20:45:00+00:00,779.94000000,780.11000000,779.25000000,779.41000000,72.27000000
1779656400000,2026-05-24T21:00:00+00:00,779.41000000,788.44000000,779.38000000,784.13000000,2618.69000000
1779657300000,2026-05-24T21:15:00+00:00,784.26000000,784.91000000,781.84000000,781.95000000,273.01000000
1779658200000,2026-05-24T21:30:00+00:00,781.90000000,782.95000000,778.20000000,778.32000000,725.52000000
1779659100000,2026-05-24T21:45:00+00:00,778.20000000,779.90000000,776.81000000,777.47000000,518.60000000
1779660000000,2026-05-24T22:00:00+00:00,777.47000000,784.79000000,775.50000000,784.23000000,2746.85000000
1779660900000,2026-05-24T22:15:00+00:00,784.30000000,785.90000000,771.00000000,771.60000000,2892.47000000
1779661800000,2026-05-24T22:30:00+00:00,771.59000000,780.87000000,771.49000000,780.87000000,2615.25000000
1779662700000,2026-05-24T22:45:00+00:00,780.84000000,781.55000000,778.23000000,778.94000000,594.50000000
1779663600000,2026-05-24T23:00:00+00:00,778.92000000,781.64000000,778.71000000,781.39000000,251.97000000
1779664500000,2026-05-24T23:15:00+00:00,781.40000000,783.11000000,773.06000000,773.06000000,3074.86000000
1779665400000,2026-05-24T23:30:00+00:00,773.07000000,777.66000000,773.00000000,776.67000000,1116.38000000
1779666300000,2026-05-24T23:45:00+00:00,776.61000000,777.02000000,775.39000000,776.35000000,456.23000000
1779667200000,2026-05-25T00:00:00+00:00,776.55000000,780.41000000,775.64000000,779.64000000,859.38000000
1779668100000,2026-05-25T00:15:00+00:00,779.69000000,781.00000000,779.37000000,780.91000000,544.92000000
1779669000000,2026-05-25T00:30:00+00:00,780.91000000,781.00000000,778.21000000,778.84000000,675.78000000
1779669900000,2026-05-25T00:45:00+00:00,778.85000000,779.73000000,778.38000000,778.91000000,258.75000000
1779670800000,2026-05-25T01:00:00+00:00,778.91000000,779.09000000,778.25000000,778.64000000,224.60000000
1779671700000,2026-05-25T01:15:00+00:00,778.72000000,780.72000000,778.72000000,780.72000000,305.20000000
1779672600000,2026-05-25T01:30:00+00:00,780.71000000,781.58000000,779.90000000,780.80000000,298.42000000
1779673500000,2026-05-25T01:45:00+00:00,780.75000000,780.97000000,778.96000000,779.13000000,209.41000000
1779674400000,2026-05-25T02:00:00+00:00,779.14000000,780.20000000,777.28000000,779.65000000,348.17000000
1779675300000,2026-05-25T02:15:00+00:00,779.65000000,779.65000000,778.14000000,778.37000000,205.30000000
1779676200000,2026-05-25T02:30:00+00:00,778.30000000,780.37000000,778.07000000,780.37000000,181.26000000
1779677100000,2026-05-25T02:45:00+00:00,780.40000000,781.63000000,780.21000000,781.61000000,179.89000000
1779678000000,2026-05-25T03:00:00+00:00,781.51000000,784.24000000,781.36000000,783.34000000,754.46000000
1779678900000,2026-05-25T03:15:00+00:00,783.36000000,784.44000000,782.71000000,783.26000000,355.50000000
1779679800000,2026-05-25T03:30:00+00:00,783.29000000,786.41000000,782.67000000,786.08000000,677.65000000
1779680700000,2026-05-25T03:45:00+00:00,786.01000000,786.95000000,785.49000000,786.39000000,343.63000000
1779681600000,2026-05-25T04:00:00+00:00,786.42000000,787.54000000,786.15000000,786.35000000,315.60000000
1779682500000,2026-05-25T04:15:00+00:00,786.38000000,787.14000000,786.04000000,786.45000000,325.97000000
1779683400000,2026-05-25T04:30:00+00:00,786.41000000,786.54000000,784.41000000,785.33000000,762.06000000
1779684300000,2026-05-25T04:45:00+00:00,785.34000000,786.00000000,785.08000000,785.72000000,306.08000000
1779685200000,2026-05-25T05:00:00+00:00,785.79000000,787.10000000,785.75000000,787.04000000,394.00000000
1779686100000,2026-05-25T05:15:00+00:00,787.04000000,787.50000000,784.40000000,784.96000000,658.44000000
1779687000000,2026-05-25T05:30:00+00:00,784.87000000,785.53000000,784.33000000,785.02000000,488.69000000
1779687900000,2026-05-25T05:45:00+00:00,785.01000000,786.37000000,784.67000000,784.89000000,576.23000000
1779688800000,2026-05-25T06:00:00+00:00,784.90000000,785.29000000,784.20000000,784.50000000,316.23000000
1779689700000,2026-05-25T06:15:00+00:00,784.52000000,784.90000000,782.15000000,782.70000000,504.03000000
1779690600000,2026-05-25T06:30:00+00:00,782.71000000,783.22000000,782.02000000,782.94000000,393.36000000
1779691500000,2026-05-25T06:45:00+00:00,782.94000000,783.59000000,782.42000000,782.42000000,466.01000000
1779692400000,2026-05-25T07:00:00+00:00,782.43000000,785.50000000,782.21000000,784.77000000,897.71000000
1779693300000,2026-05-25T07:15:00+00:00,784.63000000,784.74000000,782.25000000,783.31000000,554.98000000
1779694200000,2026-05-25T07:30:00+00:00,783.32000000,785.11000000,783.10000000,784.82000000,937.97000000
1779695100000,2026-05-25T07:45:00+00:00,784.85000000,786.24000000,784.31000000,786.03000000,478.69000000
1779696000000,2026-05-25T08:00:00+00:00,786.05000000,788.40000000,784.95000000,785.13000000,1744.16000000
1779696900000,2026-05-25T08:15:00+00:00,785.11000000,786.25000000,784.42000000,785.50000000,502.99000000
1779697800000,2026-05-25T08:30:00+00:00,785.50000000,789.00000000,785.20000000,788.17000000,462.28000000
1779698700000,2026-05-25T08:45:00+00:00,788.18000000,789.12000000,787.97000000,788.81000000,605.44000000
1779699600000,2026-05-25T09:00:00+00:00,788.81000000,792.95000000,787.93000000,792.47000000,1697.01000000
1779700500000,2026-05-25T09:15:00+00:00,792.41000000,794.67000000,792.11000000,793.84000000,1752.77000000
1779701400000,2026-05-25T09:30:00+00:00,793.85000000,793.90000000,789.46000000,791.84000000,1728.16000000
1779702300000,2026-05-25T09:45:00+00:00,791.84000000,793.20000000,791.26000000,792.14000000,544.92000000
1779703200000,2026-05-25T10:00:00+00:00,792.17000000,792.26000000,790.51000000,790.80000000,454.12000000
1779704100000,2026-05-25T10:15:00+00:00,790.80000000,791.13000000,789.41000000,789.94000000,395.41000000
1779705000000,2026-05-25T10:30:00+00:00,789.93000000,790.44000000,789.34000000,789.73000000,291.57000000
1779705900000,2026-05-25T10:45:00+00:00,789.74000000,791.52000000,789.73000000,790.99000000,331.79000000
1779706800000,2026-05-25T11:00:00+00:00,791.00000000,792.88000000,790.80000000,792.69000000,431.97000000
1779707700000,2026-05-25T11:15:00+00:00,792.69000000,794.00000000,792.54000000,793.88000000,366.68000000
1779708600000,2026-05-25T11:30:00+00:00,793.90000000,794.80000000,793.05000000,793.08000000,766.71000000
1779709500000,2026-05-25T11:45:00+00:00,793.09000000,794.62000000,792.69000000,794.00000000,451.86000000
1779710400000,2026-05-25T12:00:00+00:00,793.92000000,794.54000000,793.15000000,793.48000000,447.19000000
1779711300000,2026-05-25T12:15:00+00:00,793.47000000,794.80000000,792.45000000,794.48000000,616.57000000
1779712200000,2026-05-25T12:30:00+00:00,794.48000000,794.65000000,793.79000000,794.51000000,312.98000000
1779713100000,2026-05-25T12:45:00+00:00,794.50000000,794.76000000,791.32000000,791.70000000,829.24000000
1779714000000,2026-05-25T13:00:00+00:00,791.67000000,793.90000000,791.47000000,792.42000000,591.04000000
1779714900000,2026-05-25T13:15:00+00:00,792.47000000,792.47000000,790.34000000,790.84000000,504.04000000
1779715800000,2026-05-25T13:30:00+00:00,790.81000000,793.90000000,790.77000000,793.08000000,453.62000000
1779716700000,2026-05-25T13:45:00+00:00,793.20000000,796.79000000,792.80000000,795.12000000,1542.35000000
1779717600000,2026-05-25T14:00:00+00:00,795.03000000,795.12000000,793.50000000,793.65000000,262.76000000
1779718500000,2026-05-25T14:15:00+00:00,793.63000000,797.35000000,793.60000000,796.72000000,634.65000000
1779719400000,2026-05-25T14:30:00+00:00,796.81000000,796.81000000,794.44000000,796.23000000,683.16000000
1779720300000,2026-05-25T14:45:00+00:00,796.21000000,799.99000000,796.11000000,797.74000000,1727.40000000
1779721200000,2026-05-25T15:00:00+00:00,797.70000000,799.09000000,797.43000000,798.30000000,719.59000000
1779722100000,2026-05-25T15:15:00+00:00,798.26000000,798.57000000,794.26000000,794.60000000,1067.86000000
1779723000000,2026-05-25T15:30:00+00:00,794.59000000,797.47000000,794.34000000,797.32000000,420.17000000
1779723900000,2026-05-25T15:45:00+00:00,797.32000000,797.53000000,793.53000000,794.12000000,694.21000000
1779724800000,2026-05-25T16:00:00+00:00,794.24000000,797.33000000,792.32000000,792.33000000,1527.57000000
1779725700000,2026-05-25T16:15:00+00:00,792.43000000,794.17000000,791.20000000,791.40000000,941.94000000
1779726600000,2026-05-25T16:30:00+00:00,791.41000000,791.76000000,791.10000000,791.53000000,396.35000000
1779727500000,2026-05-25T16:45:00+00:00,791.53000000,793.87000000,791.53000000,793.33000000,721.57000000
1779728400000,2026-05-25T17:00:00+00:00,793.35000000,794.00000000,793.29000000,794.00000000,169.14000000
1779729300000,2026-05-25T17:15:00+00:00,793.99000000,793.99000000,792.56000000,793.23000000,304.25000000
1779730200000,2026-05-25T17:30:00+00:00,793.24000000,793.25000000,791.76000000,792.00000000,212.40000000
1779731100000,2026-05-25T17:45:00+00:00,792.00000000,792.44000000,791.34000000,791.49000000,238.65000000
1779732000000,2026-05-25T18:00:00+00:00,791.50000000,794.01000000,791.40000000,793.80000000,192.11000000
1779732900000,2026-05-25T18:15:00+00:00,793.81000000,794.90000000,793.60000000,793.91000000,93.05000000
1779733800000,2026-05-25T18:30:00+00:00,793.90000000,795.44000000,793.70000000,794.81000000,113.67000000
1779734700000,2026-05-25T18:45:00+00:00,794.79000000,794.80000000,793.83000000,793.83000000,102.44000000
1779735600000,2026-05-25T19:00:00+00:00,793.80000000,794.55000000,793.50000000,794.24000000,144.75000000
1779736500000,2026-05-25T19:15:00+00:00,794.20000000,795.44000000,794.02000000,795.29000000,66.34000000
1779737400000,2026-05-25T19:30:00+00:00,795.27000000,796.58000000,794.92000000,796.55000000,244.10000000
1779738300000,2026-05-25T19:45:00+00:00,796.55000000,796.69000000,795.81000000,796.45000000,123.22000000
1779739200000,2026-05-25T20:00:00+00:00,796.44000000,797.51000000,793.85000000,795.99000000,483.39000000
1779740100000,2026-05-25T20:15:00+00:00,795.97000000,795.97000000,794.10000000,794.25000000,107.22000000
1779741000000,2026-05-25T20:30:00+00:00,794.23000000,794.23000000,792.18000000,792.84000000,252.58000000
1779741900000,2026-05-25T20:45:00+00:00,792.89000000,794.13000000,792.66000000,792.66000000,228.00000000
1779742800000,2026-05-25T21:00:00+00:00,792.65000000,792.78000000,792.02000000,792.60000000,126.20000000
1779743700000,2026-05-25T21:15:00+00:00,792.60000000,793.71000000,792.20000000,793.70000000,91.97000000
1779744600000,2026-05-25T21:30:00+00:00,793.71000000,793.71000000,792.87000000,793.40000000,66.33000000
1779745500000,2026-05-25T21:45:00+00:00,793.39000000,793.40000000,792.36000000,792.71000000,68.57000000
1779746400000,2026-05-25T22:00:00+00:00,792.81000000,795.04000000,792.39000000,794.69000000,480.26000000
1779747300000,2026-05-25T22:15:00+00:00,794.51000000,795.53000000,793.60000000,795.43000000,229.49000000
1779748200000,2026-05-25T22:30:00+00:00,795.38000000,795.38000000,791.13000000,791.52000000,517.99000000
1779749100000,2026-05-25T22:45:00+00:00,791.66000000,791.89000000,785.75000000,785.94000000,1275.54000000
1779750000000,2026-05-25T23:00:00+00:00,785.80000000,788.12000000,785.01000000,786.92000000,1225.63000000
1779750900000,2026-05-25T23:15:00+00:00,787.05000000,787.51000000,785.50000000,786.90000000,561.11000000
1779751800000,2026-05-25T23:30:00+00:00,786.90000000,790.26000000,786.77000000,789.82000000,494.95000000
1779752700000,2026-05-25T23:45:00+00:00,789.87000000,791.96000000,789.82000000,790.50000000,589.73000000
1779753600000,2026-05-26T00:00:00+00:00,790.51000000,791.60000000,779.50000000,786.10000000,10404.06000000
1779754500000,2026-05-26T00:15:00+00:00,786.10000000,787.78000000,783.21000000,785.14000000,3017.14000000
1779755400000,2026-05-26T00:30:00+00:00,785.10000000,787.49000000,784.57000000,785.56000000,3164.30000000
1779756300000,2026-05-26T00:45:00+00:00,785.54000000,787.38000000,784.45000000,784.88000000,1376.14000000
1779757200000,2026-05-26T01:00:00+00:00,784.85000000,785.15000000,779.88000000,783.21000000,2124.27000000
1779758100000,2026-05-26T01:15:00+00:00,783.20000000,784.56000000,782.18000000,782.48000000,1304.48000000
1779759000000,2026-05-26T01:30:00+00:00,782.48000000,783.01000000,779.90000000,783.01000000,1525.82000000
1779759900000,2026-05-26T01:45:00+00:00,783.04000000,784.10000000,781.49000000,781.95000000,857.02000000
1779760800000,2026-05-26T02:00:00+00:00,782.10000000,784.18000000,781.36000000,783.86000000,635.03000000
1779761700000,2026-05-26T02:15:00+00:00,783.76000000,784.10000000,781.78000000,782.75000000,421.20000000
1779762600000,2026-05-26T02:30:00+00:00,782.78000000,783.91000000,782.10000000,782.54000000,432.53000000
1779763500000,2026-05-26T02:45:00+00:00,782.53000000,783.22000000,781.53000000,783.22000000,628.02000000
1779764400000,2026-05-26T03:00:00+00:00,783.23000000,783.40000000,782.14000000,782.26000000,452.89000000
1779765300000,2026-05-26T03:15:00+00:00,782.14000000,782.43000000,781.57000000,782.39000000,311.73000000
1779766200000,2026-05-26T03:30:00+00:00,782.40000000,782.75000000,780.49000000,780.67000000,1646.43000000
1779767100000,2026-05-26T03:45:00+00:00,780.63000000,782.13000000,780.49000000,781.01000000,450.70000000
1779768000000,2026-05-26T04:00:00+00:00,781.06000000,781.71000000,780.22000000,781.71000000,333.74000000
1779768900000,2026-05-26T04:15:00+00:00,781.73000000,782.85000000,781.08000000,782.40000000,283.04000000
1779769800000,2026-05-26T04:30:00+00:00,782.38000000,783.25000000,781.57000000,782.61000000,343.80000000
1779770700000,2026-05-26T04:45:00+00:00,782.61000000,782.82000000,781.60000000,781.66000000,326.21000000
1779771600000,2026-05-26T05:00:00+00:00,781.61000000,781.61000000,779.59000000,781.26000000,1649.46000000
1779772500000,2026-05-26T05:15:00+00:00,781.26000000,781.80000000,779.88000000,780.20000000,895.60000000
1779773400000,2026-05-26T05:30:00+00:00,780.28000000,781.43000000,780.14000000,781.10000000,251.85000000
1779774300000,2026-05-26T05:45:00+00:00,781.06000000,781.30000000,778.63000000,779.70000000,629.28000000
1779775200000,2026-05-26T06:00:00+00:00,779.70000000,781.58000000,779.21000000,781.00000000,747.00000000
1779776100000,2026-05-26T06:15:00+00:00,781.09000000,781.65000000,779.39000000,779.90000000,771.67000000
1779777000000,2026-05-26T06:30:00+00:00,780.00000000,780.10000000,777.56000000,779.70000000,892.85000000
1779777900000,2026-05-26T06:45:00+00:00,779.70000000,780.43000000,778.19000000,779.66000000,826.02000000
1779778800000,2026-05-26T07:00:00+00:00,779.78000000,780.02000000,776.21000000,777.06000000,1482.77000000
1779779700000,2026-05-26T07:15:00+00:00,777.10000000,777.39000000,773.61000000,775.73000000,1950.20000000
1779780600000,2026-05-26T07:30:00+00:00,775.72000000,776.20000000,773.00000000,775.09000000,1105.52000000
1779781500000,2026-05-26T07:45:00+00:00,775.07000000,782.06000000,774.53000000,779.80000000,3353.14000000
1779782400000,2026-05-26T08:00:00+00:00,779.82000000,783.40000000,779.17000000,782.86000000,2136.54000000
1779783300000,2026-05-26T08:15:00+00:00,782.81000000,786.84000000,782.70000000,786.57000000,1980.42000000
1779784200000,2026-05-26T08:30:00+00:00,786.70000000,786.84000000,783.88000000,786.26000000,1114.76000000
1779785100000,2026-05-26T08:45:00+00:00,786.25000000,787.00000000,784.26000000,786.61000000,2214.70000000
1779786000000,2026-05-26T09:00:00+00:00,786.71000000,788.56000000,786.31000000,786.64000000,1684.42000000
1779786900000,2026-05-26T09:15:00+00:00,786.61000000,790.31000000,786.20000000,790.26000000,2079.45000000
1779787800000,2026-05-26T09:30:00+00:00,790.29000000,794.00000000,788.96000000,793.49000000,2397.85000000
1779788700000,2026-05-26T09:45:00+00:00,793.48000000,796.90000000,792.63000000,795.62000000,3396.01000000
1779789600000,2026-05-26T10:00:00+00:00,795.67000000,799.50000000,794.84000000,799.27000000,3565.63000000
1779790500000,2026-05-26T10:15:00+00:00,799.30000000,801.84000000,797.56000000,799.30000000,3983.47000000
1779791400000,2026-05-26T10:30:00+00:00,799.25000000,799.91000000,796.55000000,797.15000000,2254.89000000
1779792300000,2026-05-26T10:45:00+00:00,797.06000000,800.49000000,796.33000000,796.92000000,4303.30000000
1779793200000,2026-05-26T11:00:00+00:00,797.04000000,798.53000000,795.61000000,796.67000000,1986.27000000
1779794100000,2026-05-26T11:15:00+00:00,796.60000000,798.14000000,795.58000000,797.30000000,890.27000000
1779795000000,2026-05-26T11:30:00+00:00,797.31000000,802.95000000,796.23000000,802.08000000,2283.44000000
1779795900000,2026-05-26T11:45:00+00:00,802.07000000,805.82000000,800.59000000,804.86000000,2627.06000000
1779796800000,2026-05-26T12:00:00+00:00,804.86000000,807.58000000,803.38000000,804.99000000,3469.43000000
1779797700000,2026-05-26T12:15:00+00:00,804.90000000,809.82000000,803.98000000,809.82000000,3571.12000000
1779798600000,2026-05-26T12:30:00+00:00,809.84000000,815.00000000,809.67000000,813.65000000,5846.02000000
1779799500000,2026-05-26T12:45:00+00:00,813.65000000,816.84000000,813.20000000,814.68000000,3569.00000000
1779800400000,2026-05-26T13:00:00+00:00,814.63000000,817.73000000,812.14000000,816.58000000,5469.73000000
1779801300000,2026-05-26T13:15:00+00:00,816.56000000,822.57000000,814.66000000,820.99000000,7360.63000000
1779802200000,2026-05-26T13:30:00+00:00,821.00000000,856.20000000,820.79000000,853.05000000,63305.95000000
1779803100000,2026-05-26T13:45:00+00:00,852.98000000,863.10000000,849.80000000,859.26000000,39727.10000000
1779804000000,2026-05-26T14:00:00+00:00,859.28000000,861.69000000,846.15000000,860.44000000,26302.16000000
1779804900000,2026-05-26T14:15:00+00:00,860.45000000,878.85000000,858.10000000,877.33000000,31039.78000000
1779805800000,2026-05-26T14:30:00+00:00,876.99000000,891.88000000,876.52000000,882.68000000,47374.21000000
1779806700000,2026-05-26T14:45:00+00:00,882.73000000,888.00000000,877.45000000,880.35000000,18402.43000000
1779807600000,2026-05-26T15:00:00+00:00,880.56000000,883.15000000,872.86000000,882.00000000,24692.55000000
1779808500000,2026-05-26T15:15:00+00:00,881.91000000,882.00000000,871.77000000,874.94000000,10629.35000000
1779809400000,2026-05-26T15:30:00+00:00,874.81000000,878.49000000,872.56000000,876.28000000,8190.57000000
1779810300000,2026-05-26T15:45:00+00:00,876.35000000,877.21000000,868.21000000,873.49000000,15648.35000000
1779811200000,2026-05-26T16:00:00+00:00,873.47000000,882.38000000,873.24000000,880.22000000,10345.13000000
1779812100000,2026-05-26T16:15:00+00:00,880.25000000,885.67000000,878.25000000,884.78000000,7725.46000000
1779813000000,2026-05-26T16:30:00+00:00,884.77000000,889.60000000,882.04000000,882.09000000,9417.64000000
1779813900000,2026-05-26T16:45:00+00:00,882.03000000,884.87000000,878.53000000,884.49000000,10230.61000000
1779814800000,2026-05-26T17:00:00+00:00,884.34000000,889.28000000,883.17000000,888.56000000,7460.47000000
1779815700000,2026-05-26T17:15:00+00:00,888.57000000,894.02000000,888.52000000,891.07000000,13875.18000000
1779816600000,2026-05-26T17:30:00+00:00,891.11000000,897.00000000,890.35000000,896.48000000,9256.85000000
1779817500000,2026-05-26T17:45:00+00:00,896.60000000,899.84000000,896.56000000,897.45000000,6978.35000000
1779818400000,2026-05-26T18:00:00+00:00,897.44000000,900.59000000,894.16000000,898.34000000,10769.66000000
1779819300000,2026-05-26T18:15:00+00:00,898.38000000,909.17000000,897.51000000,909.08000000,14239.78000000
1779820200000,2026-05-26T18:30:00+00:00,909.05000000,909.29000000,904.18000000,904.50000000,8165.57000000
1779821100000,2026-05-26T18:45:00+00:00,904.47000000,908.96000000,904.29000000,905.49000000,7412.69000000
1779822000000,2026-05-26T19:00:00+00:00,905.56000000,915.81000000,905.01000000,915.57000000,11279.40000000
1779822900000,2026-05-26T19:15:00+00:00,915.58000000,917.19000000,906.74000000,910.93000000,10787.21000000
1779823800000,2026-05-26T19:30:00+00:00,910.81000000,913.94000000,908.37000000,908.86000000,4870.69000000
1779824700000,2026-05-26T19:45:00+00:00,908.71000000,909.72000000,896.48000000,898.03000000,17513.26000000
1779825600000,2026-05-26T20:00:00+00:00,898.06000000,903.48000000,893.50000000,899.40000000,7366.82000000
1779826500000,2026-05-26T20:15:00+00:00,899.43000000,906.66000000,898.68000000,902.44000000,2429.20000000
1779827400000,2026-05-26T20:30:00+00:00,902.37000000,905.96000000,900.84000000,903.70000000,1155.34000000
1779828300000,2026-05-26T20:45:00+00:00,903.70000000,904.07000000,899.86000000,902.70000000,1538.44000000
1779829200000,2026-05-26T21:00:00+00:00,902.76000000,905.22000000,902.03000000,903.93000000,893.95000000
1779830100000,2026-05-26T21:15:00+00:00,903.84000000,907.16000000,903.28000000,905.40000000,1617.00000000
1779831000000,2026-05-26T21:30:00+00:00,905.45000000,906.49000000,904.64000000,905.46000000,642.09000000
1779831900000,2026-05-26T21:45:00+00:00,905.47000000,909.88000000,905.47000000,909.60000000,1509.13000000
1779832800000,2026-05-26T22:00:00+00:00,909.68000000,911.21000000,907.26000000,909.19000000,1200.35000000
1779833700000,2026-05-26T22:15:00+00:00,909.19000000,913.48000000,908.74000000,911.56000000,1452.75000000
1779834600000,2026-05-26T22:30:00+00:00,911.60000000,914.40000000,911.23000000,912.22000000,1102.53000000
1779835500000,2026-05-26T22:45:00+00:00,912.36000000,912.75000000,910.56000000,911.66000000,1348.12000000
1779836400000,2026-05-26T23:00:00+00:00,911.66000000,912.45000000,909.49000000,909.78000000,1193.74000000
1779837300000,2026-05-26T23:15:00+00:00,909.79000000,910.80000000,908.03000000,910.49000000,1449.66000000
1779838200000,2026-05-26T23:30:00+00:00,910.48000000,912.64000000,909.42000000,912.46000000,1546.30000000
1779839100000,2026-05-26T23:45:00+00:00,912.49000000,915.64000000,912.35000000,915.04000000,3387.20000000
1779840000000,2026-05-27T00:00:00+00:00,915.08000000,946.96000000,913.94000000,937.58000000,27206.70000000
1779840900000,2026-05-27T00:15:00+00:00,937.60000000,939.33000000,930.92000000,937.65000000,11618.37000000
1779841800000,2026-05-27T00:30:00+00:00,937.62000000,949.90000000,936.83000000,948.77000000,15261.24000000
1779842700000,2026-05-27T00:45:00+00:00,948.86000000,976.17000000,948.09000000,959.40000000,39125.07000000
1779843600000,2026-05-27T01:00:00+00:00,959.30000000,959.30000000,943.20000000,948.51000000,19077.41000000
1779844500000,2026-05-27T01:15:00+00:00,948.51000000,956.99000000,945.90000000,950.80000000,7118.93000000
1779845400000,2026-05-27T01:30:00+00:00,950.81000000,952.97000000,946.07000000,950.03000000,5791.88000000
1779846300000,2026-05-27T01:45:00+00:00,949.90000000,950.58000000,940.84000000,942.85000000,7190.06000000
1779847200000,2026-05-27T02:00:00+00:00,942.86000000,949.98000000,942.69000000,948.61000000,4621.16000000
1779848100000,2026-05-27T02:15:00+00:00,948.56000000,952.25000000,947.83000000,950.49000000,4257.06000000
1779849000000,2026-05-27T02:30:00+00:00,950.49000000,954.69000000,949.45000000,954.60000000,4422.93000000
1779849900000,2026-05-27T02:45:00+00:00,954.59000000,956.99000000,948.58000000,949.96000000,5298.58000000
1779850800000,2026-05-27T03:00:00+00:00,950.01000000,951.95000000,946.66000000,946.66000000,3517.87000000
1779851700000,2026-05-27T03:15:00+00:00,946.79000000,949.03000000,942.51000000,946.40000000,5938.05000000
1779852600000,2026-05-27T03:30:00+00:00,946.20000000,948.52000000,945.61000000,947.39000000,3714.07000000
1779853500000,2026-05-27T03:45:00+00:00,947.39000000,947.39000000,933.08000000,934.18000000,10811.80000000
1779854400000,2026-05-27T04:00:00+00:00,934.19000000,943.95000000,930.29000000,939.52000000,12801.34000000
1779855300000,2026-05-27T04:15:00+00:00,939.53000000,940.90000000,927.00000000,927.95000000,12164.37000000
1779856200000,2026-05-27T04:30:00+00:00,927.96000000,935.64000000,927.11000000,932.04000000,11151.03000000
1779857100000,2026-05-27T04:45:00+00:00,932.14000000,937.71000000,929.22000000,929.58000000,6268.30000000
1779858000000,2026-05-27T05:00:00+00:00,929.53000000,933.61000000,924.00000000,925.32000000,9652.27000000
1779858900000,2026-05-27T05:15:00+00:00,925.38000000,927.35000000,917.01000000,925.18000000,17781.37000000
1779859800000,2026-05-27T05:30:00+00:00,925.14000000,928.45000000,922.66000000,925.78000000,7451.25000000
1779860700000,2026-05-27T05:45:00+00:00,925.68000000,926.18000000,919.31000000,923.06000000,6952.26000000
1779861600000,2026-05-27T06:00:00+00:00,923.16000000,924.40000000,914.15000000,920.95000000,11288.18000000
1779862500000,2026-05-27T06:15:00+00:00,920.99000000,922.40000000,914.50000000,917.36000000,5421.77000000
1779863400000,2026-05-27T06:30:00+00:00,917.36000000,924.95000000,914.11000000,924.28000000,7019.80000000
1779864300000,2026-05-27T06:45:00+00:00,924.28000000,932.22000000,923.04000000,925.19000000,15027.12000000
1779865200000,2026-05-27T07:00:00+00:00,925.20000000,938.55000000,925.17000000,934.50000000,16645.20000000
1779866100000,2026-05-27T07:15:00+00:00,934.48000000,945.54000000,934.06000000,942.64000000,14104.05000000
1779867000000,2026-05-27T07:30:00+00:00,942.64000000,943.68000000,937.91000000,940.19000000,11545.44000000
1779867900000,2026-05-27T07:45:00+00:00,940.22000000,943.08000000,933.03000000,939.81000000,9290.88000000
1779868800000,2026-05-27T08:00:00+00:00,939.73000000,940.09000000,927.00000000,937.07000000,12445.84000000
1779869700000,2026-05-27T08:15:00+00:00,937.08000000,942.00000000,937.07000000,939.68000000,7283.38000000
1779870600000,2026-05-27T08:30:00+00:00,939.68000000,940.39000000,936.03000000,938.61000000,4115.14000000
1779871500000,2026-05-27T08:45:00+00:00,938.59000000,938.59000000,933.81000000,935.10000000,3850.53000000
1779872400000,2026-05-27T09:00:00+00:00,935.09000000,935.79000000,929.00000000,934.73000000,7756.42000000
1779873300000,2026-05-27T09:15:00+00:00,934.73000000,935.30000000,931.20000000,934.24000000,2618.67000000
1779874200000,2026-05-27T09:30:00+00:00,934.24000000,940.99000000,933.98000000,939.69000000,5445.59000000
1779875100000,2026-05-27T09:45:00+00:00,939.65000000,945.39000000,937.66000000,944.97000000,5548.37000000
1779876000000,2026-05-27T10:00:00+00:00,945.09000000,950.58000000,944.08000000,949.74000000,10671.79000000
1779876900000,2026-05-27T10:15:00+00:00,949.74000000,954.00000000,946.20000000,949.70000000,9322.83000000
1779877800000,2026-05-27T10:30:00+00:00,949.92000000,950.86000000,945.47000000,948.30000000,4891.34000000
1779878700000,2026-05-27T10:45:00+00:00,948.37000000,949.52000000,946.03000000,946.33000000,3805.14000000
1779879600000,2026-05-27T11:00:00+00:00,946.35000000,973.80000000,946.35000000,965.98000000,31820.61000000
1779880500000,2026-05-27T11:15:00+00:00,966.00000000,969.97000000,962.22000000,962.69000000,24034.75000000
1779881400000,2026-05-27T11:30:00+00:00,962.67000000,975.51000000,962.65000000,972.50000000,19625.08000000
1779882300000,2026-05-27T11:45:00+00:00,972.54000000,986.47000000,972.19000000,979.76000000,23578.31000000
1779883200000,2026-05-27T12:00:00+00:00,979.76000000,987.00000000,976.59000000,977.36000000,19826.42000000
1779884100000,2026-05-27T12:15:00+00:00,977.35000000,979.73000000,967.54000000,968.77000000,28837.31000000
1779885000000,2026-05-27T12:30:00+00:00,968.65000000,968.70000000,958.00000000,962.17000000,28438.71000000
1779885900000,2026-05-27T12:45:00+00:00,962.17000000,962.57000000,945.22000000,957.65000000,35088.68000000
1779886800000,2026-05-27T13:00:00+00:00,957.68000000,966.66000000,955.34000000,959.51000000,19747.28000000
1779887700000,2026-05-27T13:15:00+00:00,959.51000000,969.13000000,955.03000000,955.99000000,25204.97000000
1779888600000,2026-05-27T13:30:00+00:00,955.95000000,956.25000000,913.00000000,918.37000000,163337.82000000
1779889500000,2026-05-27T13:45:00+00:00,918.40000000,938.49000000,903.65000000,930.91000000,106900.52000000
1779890400000,2026-05-27T14:00:00+00:00,931.08000000,934.31000000,911.83000000,913.44000000,45106.82000000
1779891300000,2026-05-27T14:15:00+00:00,913.41000000,920.38000000,891.70000000,895.37000000,74968.25000000
1779892200000,2026-05-27T14:30:00+00:00,895.48000000,908.52000000,891.30000000,905.28000000,82847.37000000
1779893100000,2026-05-27T14:45:00+00:00,905.35000000,913.31000000,898.68000000,901.73000000,46127.00000000
1779894000000,2026-05-27T15:00:00+00:00,901.76000000,908.31000000,895.37000000,904.45000000,31964.90000000
1779894900000,2026-05-27T15:15:00+00:00,904.51000000,904.51000000,888.88000000,902.26000000,37765.10000000
1779895800000,2026-05-27T15:30:00+00:00,902.22000000,907.96000000,896.94000000,902.46000000,33671.70000000
1779896700000,2026-05-27T15:45:00+00:00,902.54000000,911.96000000,900.94000000,911.32000000,28341.28000000
1779897600000,2026-05-27T16:00:00+00:00,911.27000000,919.71000000,908.60000000,919.30000000,38703.08000000
1779898500000,2026-05-27T16:15:00+00:00,919.28000000,923.05000000,913.80000000,915.00000000,23982.79000000
1779899400000,2026-05-27T16:30:00+00:00,914.88000000,918.46000000,912.82000000,915.84000000,17607.68000000
1779900300000,2026-05-27T16:45:00+00:00,915.88000000,919.94000000,906.65000000,908.56000000,17882.46000000
1779901200000,2026-05-27T17:00:00+00:00,908.61000000,911.99000000,902.34000000,904.28000000,21983.85000000
1779902100000,2026-05-27T17:15:00+00:00,904.32000000,913.65000000,902.88000000,908.15000000,19145.82000000
1779903000000,2026-05-27T17:30:00+00:00,908.47000000,911.45000000,902.52000000,903.17000000,19191.85000000
1779903900000,2026-05-27T17:45:00+00:00,903.15000000,910.99000000,903.15000000,907.58000000,12577.06000000
1779904800000,2026-05-27T18:00:00+00:00,907.60000000,909.42000000,904.00000000,906.13000000,12080.92000000
1779905700000,2026-05-27T18:15:00+00:00,906.20000000,917.13000000,905.73000000,917.08000000,13551.59000000
1779906600000,2026-05-27T18:30:00+00:00,917.11000000,919.20000000,912.08000000,917.19000000,16753.22000000
1779907500000,2026-05-27T18:45:00+00:00,917.09000000,921.60000000,915.17000000,916.94000000,13158.07000000
1779908400000,2026-05-27T19:00:00+00:00,916.93000000,925.46000000,916.56000000,922.44000000,12254.32000000
1779909300000,2026-05-27T19:15:00+00:00,922.46000000,932.31000000,919.23000000,920.44000000,20657.56000000
1779910200000,2026-05-27T19:30:00+00:00,920.39000000,926.86000000,919.96000000,923.89000000,19789.72000000
1779911100000,2026-05-27T19:45:00+00:00,923.84000000,930.01000000,922.29000000,929.16000000,8710.66000000
1779912000000,2026-05-27T20:00:00+00:00,929.06000000,932.40000000,925.30000000,928.18000000,6313.45000000
1779912900000,2026-05-27T20:15:00+00:00,928.19000000,935.94000000,928.13000000,929.81000000,6634.38000000
1779913800000,2026-05-27T20:30:00+00:00,929.88000000,932.18000000,929.40000000,930.92000000,1951.61000000
1779914700000,2026-05-27T20:45:00+00:00,930.93000000,933.26000000,930.06000000,932.21000000,1371.64000000
1779915600000,2026-05-27T21:00:00+00:00,932.29000000,932.35000000,920.80000000,925.22000000,4887.60000000
1779916500000,2026-05-27T21:15:00+00:00,925.14000000,927.00000000,924.05000000,924.38000000,1633.06000000
1779917400000,2026-05-27T21:30:00+00:00,924.39000000,924.65000000,921.35000000,923.83000000,2514.21000000
1779918300000,2026-05-27T21:45:00+00:00,923.78000000,924.25000000,919.80000000,921.40000000,1865.06000000
1779919200000,2026-05-27T22:00:00+00:00,921.35000000,922.51000000,910.71000000,914.31000000,5903.04000000
1779920100000,2026-05-27T22:15:00+00:00,914.33000000,918.90000000,914.11000000,915.95000000,4493.37000000
1779921000000,2026-05-27T22:30:00+00:00,915.80000000,916.01000000,912.47000000,913.36000000,2696.39000000
1779921900000,2026-05-27T22:45:00+00:00,913.44000000,917.54000000,913.00000000,915.20000000,1519.84000000
1779922800000,2026-05-27T23:00:00+00:00,915.30000000,918.34000000,915.24000000,916.39000000,1318.76000000
1779923700000,2026-05-27T23:15:00+00:00,916.40000000,918.59000000,915.10000000,915.37000000,4855.22000000
1779924600000,2026-05-27T23:30:00+00:00,915.38000000,915.51000000,905.64000000,905.68000000,4341.31000000
1779925500000,2026-05-27T23:45:00+00:00,905.73000000,908.23000000,903.26000000,905.08000000,3376.07000000
1779926400000,2026-05-28T00:00:00+00:00,905.12000000,914.23000000,900.10000000,902.56000000,15833.98000000
1779927300000,2026-05-28T00:15:00+00:00,902.60000000,911.92000000,902.40000000,908.75000000,7062.60000000
1779928200000,2026-05-28T00:30:00+00:00,908.80000000,922.24000000,907.04000000,922.01000000,4915.06000000
1779929100000,2026-05-28T00:45:00+00:00,922.07000000,923.90000000,912.35000000,919.09000000,13597.27000000
1779930000000,2026-05-28T01:00:00+00:00,919.14000000,919.22000000,911.82000000,918.26000000,7088.45000000
1779930900000,2026-05-28T01:15:00+00:00,918.35000000,918.80000000,911.69000000,913.14000000,2795.99000000
1779931800000,2026-05-28T01:30:00+00:00,913.08000000,915.62000000,908.42000000,909.24000000,2454.27000000
1779932700000,2026-05-28T01:45:00+00:00,909.16000000,910.14000000,905.25000000,910.03000000,3309.20000000
1779933600000,2026-05-28T02:00:00+00:00,910.03000000,910.61000000,904.28000000,904.28000000,3682.95000000
1779934500000,2026-05-28T02:15:00+00:00,904.27000000,908.93000000,903.40000000,907.26000000,3956.60000000
1779935400000,2026-05-28T02:30:00+00:00,907.20000000,907.95000000,905.27000000,905.65000000,2437.90000000
1779936300000,2026-05-28T02:45:00+00:00,905.63000000,905.64000000,900.00000000,900.28000000,5311.54000000
1779937200000,2026-05-28T03:00:00+00:00,900.35000000,905.28000000,897.30000000,902.60000000,6226.46000000
1779938100000,2026-05-28T03:15:00+00:00,902.68000000,906.71000000,893.14000000,893.76000000,10978.07000000
1779939000000,2026-05-28T03:30:00+00:00,893.64000000,893.86000000,880.27000000,886.43000000,28319.49000000
1779939900000,2026-05-28T03:45:00+00:00,886.40000000,895.30000000,884.54000000,887.91000000,12491.02000000
1779940800000,2026-05-28T04:00:00+00:00,887.91000000,891.99000000,880.25000000,887.65000000,13841.51000000
1779941700000,2026-05-28T04:15:00+00:00,887.75000000,887.90000000,882.03000000,885.00000000,9522.64000000
1779942600000,2026-05-28T04:30:00+00:00,885.00000000,894.93000000,883.96000000,892.87000000,9045.57000000
1779943500000,2026-05-28T04:45:00+00:00,892.88000000,892.94000000,887.66000000,891.08000000,4701.03000000
1779944400000,2026-05-28T05:00:00+00:00,891.14000000,896.18000000,887.62000000,895.92000000,5328.43000000
1779945300000,2026-05-28T05:15:00+00:00,896.05000000,905.25000000,894.86000000,904.89000000,9974.33000000
1779946200000,2026-05-28T05:30:00+00:00,904.89000000,911.99000000,902.62000000,905.82000000,15987.52000000
1779947100000,2026-05-28T05:45:00+00:00,905.75000000,915.31000000,904.45000000,909.65000000,9122.42000000
1779948000000,2026-05-28T06:00:00+00:00,909.68000000,914.22000000,907.12000000,913.65000000,10902.30000000
1779948900000,2026-05-28T06:15:00+00:00,913.69000000,916.37000000,910.37000000,911.34000000,6421.38000000
1779949800000,2026-05-28T06:30:00+00:00,911.30000000,913.04000000,909.12000000,912.20000000,7254.27000000
1779950700000,2026-05-28T06:45:00+00:00,912.22000000,913.24000000,905.82000000,911.47000000,7659.19000000
1779951600000,2026-05-28T07:00:00+00:00,911.47000000,919.42000000,911.31000000,916.00000000,7556.62000000
1779952500000,2026-05-28T07:15:00+00:00,916.01000000,916.39000000,911.65000000,914.26000000,5246.44000000
1779953400000,2026-05-28T07:30:00+00:00,914.25000000,916.29000000,913.21000000,913.93000000,2361.21000000
1779954300000,2026-05-28T07:45:00+00:00,913.93000000,915.34000000,911.60000000,913.35000000,1747.70000000
1779955200000,2026-05-28T08:00:00+00:00,913.31000000,924.43000000,912.14000000,917.67000000,11266.90000000
1779956100000,2026-05-28T08:15:00+00:00,917.67000000,930.91000000,916.97000000,924.62000000,11603.06000000
1779957000000,2026-05-28T08:30:00+00:00,924.61000000,926.19000000,921.01000000,922.06000000,5494.01000000
1779957900000,2026-05-28T08:45:00+00:00,922.05000000,922.48000000,916.96000000,921.13000000,3701.55000000
1779958800000,2026-05-28T09:00:00+00:00,921.21000000,923.84000000,916.50000000,918.58000000,4337.71000000
1779959700000,2026-05-28T09:15:00+00:00,918.48000000,921.87000000,918.44000000,919.95000000,3024.64000000
1779960600000,2026-05-28T09:30:00+00:00,919.95000000,920.25000000,913.50000000,915.06000000,5922.19000000
1779961500000,2026-05-28T09:45:00+00:00,915.06000000,919.00000000,914.96000000,917.26000000,2111.00000000
1779962400000,2026-05-28T10:00:00+00:00,917.06000000,917.42000000,908.66000000,909.34000000,4975.94000000
1779963300000,2026-05-28T10:15:00+00:00,909.33000000,911.64000000,905.61000000,910.43000000,5389.84000000
1779964200000,2026-05-28T10:30:00+00:00,910.35000000,910.95000000,907.00000000,907.62000000,3945.57000000
1779965100000,2026-05-28T10:45:00+00:00,907.60000000,911.56000000,903.57000000,905.83000000,6097.22000000
1779966000000,2026-05-28T11:00:00+00:00,905.85000000,907.10000000,897.06000000,902.23000000,13720.89000000
1779966900000,2026-05-28T11:15:00+00:00,902.24000000,909.93000000,902.24000000,906.43000000,8767.15000000
1779967800000,2026-05-28T11:30:00+00:00,906.38000000,915.15000000,904.87000000,912.12000000,9900.61000000
1779968700000,2026-05-28T11:45:00+00:00,912.11000000,913.27000000,909.66000000,911.32000000,3697.34000000
1779969600000,2026-05-28T12:00:00+00:00,911.25000000,919.30000000,911.03000000,915.75000000,8559.62000000
1779970500000,2026-05-28T12:15:00+00:00,915.68000000,916.63000000,910.22000000,914.03000000,6432.23000000
1779971400000,2026-05-28T12:30:00+00:00,913.95000000,927.10000000,913.85000000,927.10000000,22571.63000000
1779972300000,2026-05-28T12:45:00+00:00,927.05000000,930.50000000,920.10000000,927.43000000,16960.12000000
1779973200000,2026-05-28T13:00:00+00:00,927.44000000,935.39000000,922.43000000,925.08000000,19423.88000000
1779974100000,2026-05-28T13:15:00+00:00,925.11000000,932.66000000,924.18000000,930.69000000,13287.01000000
1779975000000,2026-05-28T13:30:00+00:00,930.75000000,945.00000000,917.84000000,919.97000000,77915.67000000
1779975900000,2026-05-28T13:45:00+00:00,919.80000000,920.95000000,906.74000000,909.72000000,51971.32000000
1779976800000,2026-05-28T14:00:00+00:00,909.66000000,932.15000000,906.15000000,931.95000000,40848.63000000
1779977700000,2026-05-28T14:15:00+00:00,931.81000000,933.50000000,916.68000000,932.67000000,28351.64000000
1779978600000,2026-05-28T14:30:00+00:00,932.62000000,939.78000000,928.10000000,938.85000000,36506.22000000
1779979500000,2026-05-28T14:45:00+00:00,938.93000000,940.38000000,931.07000000,935.31000000,31230.61000000
1779980400000,2026-05-28T15:00:00+00:00,935.30000000,947.11000000,934.38000000,941.70000000,26286.16000000
1779981300000,2026-05-28T15:15:00+00:00,941.74000000,947.09000000,937.13000000,942.69000000,19978.89000000
1779982200000,2026-05-28T15:30:00+00:00,942.72000000,946.97000000,937.65000000,937.91000000,11196.74000000
1779983100000,2026-05-28T15:45:00+00:00,937.85000000,941.80000000,933.94000000,935.20000000,10830.52000000
1779984000000,2026-05-28T16:00:00+00:00,935.36000000,943.79000000,933.13000000,941.55000000,9249.76000000
1779984900000,2026-05-28T16:15:00+00:00,941.26000000,942.25000000,936.40000000,941.02000000,8079.00000000
1779985800000,2026-05-28T16:30:00+00:00,941.01000000,944.46000000,939.54000000,943.01000000,4647.19000000
1779986700000,2026-05-28T16:45:00+00:00,943.04000000,949.87000000,941.82000000,949.28000000,6387.19000000
1779987600000,2026-05-28T17:00:00+00:00,949.29000000,949.80000000,944.66000000,946.44000000,7281.50000000
1779988500000,2026-05-28T17:15:00+00:00,946.48000000,946.54000000,936.39000000,936.88000000,8284.88000000
1779989400000,2026-05-28T17:30:00+00:00,936.93000000,943.71000000,935.85000000,943.51000000,9304.37000000
1779990300000,2026-05-28T17:45:00+00:00,943.51000000,944.32000000,938.10000000,940.58000000,7376.99000000
1779991200000,2026-05-28T18:00:00+00:00,940.60000000,943.33000000,935.09000000,935.71000000,7619.45000000
1779992100000,2026-05-28T18:15:00+00:00,935.77000000,940.37000000,934.50000000,937.47000000,11106.15000000
1779993000000,2026-05-28T18:30:00+00:00,937.36000000,937.52000000,930.43000000,932.54000000,10402.15000000
1779993900000,2026-05-28T18:45:00+00:00,932.55000000,936.17000000,925.51000000,932.78000000,14478.69000000
1779994800000,2026-05-28T19:00:00+00:00,932.84000000,936.21000000,930.85000000,931.02000000,10516.31000000
1779995700000,2026-05-28T19:15:00+00:00,931.09000000,931.27000000,919.66000000,923.82000000,12747.64000000
1779996600000,2026-05-28T19:30:00+00:00,923.84000000,931.74000000,922.68000000,927.04000000,5854.74000000
1779997500000,2026-05-28T19:45:00+00:00,927.02000000,928.03000000,921.59000000,923.70000000,7064.16000000
1779998400000,2026-05-28T20:00:00+00:00,923.70000000,926.49000000,922.77000000,926.40000000,1238.06000000
1779999300000,2026-05-28T20:15:00+00:00,926.31000000,929.51000000,925.82000000,928.72000000,1127.79000000
1780000200000,2026-05-28T20:30:00+00:00,928.68000000,930.62000000,926.74000000,930.53000000,1094.61000000
1780001100000,2026-05-28T20:45:00+00:00,930.50000000,930.99000000,927.07000000,927.54000000,1395.77000000
1780002000000,2026-05-28T21:00:00+00:00,927.50000000,929.29000000,925.87000000,928.75000000,1405.53000000
1780002900000,2026-05-28T21:15:00+00:00,928.76000000,932.70000000,928.51000000,932.23000000,1048.30000000
1780003800000,2026-05-28T21:30:00+00:00,932.22000000,933.33000000,930.80000000,932.62000000,728.61000000
1780004700000,2026-05-28T21:45:00+00:00,932.62000000,935.13000000,932.62000000,934.70000000,484.23000000
1780005600000,2026-05-28T22:00:00+00:00,934.70000000,939.56000000,934.51000000,935.22000000,3066.37000000
1780006500000,2026-05-28T22:15:00+00:00,935.21000000,935.52000000,931.62000000,932.54000000,1057.79000000
1780007400000,2026-05-28T22:30:00+00:00,932.55000000,936.33000000,931.60000000,934.34000000,2693.08000000
1780008300000,2026-05-28T22:45:00+00:00,934.40000000,935.26000000,934.02000000,934.37000000,1220.67000000
1780009200000,2026-05-28T23:00:00+00:00,934.34000000,937.00000000,934.07000000,937.00000000,891.28000000
1780010100000,2026-05-28T23:15:00+00:00,937.00000000,937.82000000,935.26000000,936.26000000,1362.22000000
1780011000000,2026-05-28T23:30:00+00:00,936.15000000,936.39000000,933.68000000,934.04000000,564.07000000
1780011900000,2026-05-28T23:45:00+00:00,933.90000000,936.40000000,933.08000000,935.91000000,2565.22000000
1780012800000,2026-05-29T00:00:00+00:00,935.88000000,940.68000000,935.35000000,939.49000000,6307.46000000
1780013700000,2026-05-29T00:15:00+00:00,939.44000000,939.80000000,936.11000000,937.86000000,2355.50000000
1780014600000,2026-05-29T00:30:00+00:00,937.95000000,937.95000000,934.93000000,935.15000000,3161.65000000
1780015500000,2026-05-29T00:45:00+00:00,935.10000000,935.44000000,930.76000000,932.22000000,3122.89000000
1780016400000,2026-05-29T01:00:00+00:00,932.21000000,934.99000000,929.38000000,934.27000000,2870.28000000
1780017300000,2026-05-29T01:15:00+00:00,934.15000000,937.12000000,933.36000000,934.58000000,2117.57000000
1780018200000,2026-05-29T01:30:00+00:00,934.57000000,935.73000000,931.71000000,934.82000000,1488.51000000
1780019100000,2026-05-29T01:45:00+00:00,934.89000000,935.55000000,933.03000000,935.09000000,1356.55000000
1780020000000,2026-05-29T02:00:00+00:00,935.09000000,936.35000000,933.50000000,934.51000000,738.63000000
1780020900000,2026-05-29T02:15:00+00:00,934.54000000,934.91000000,932.01000000,932.63000000,1082.83000000
1780021800000,2026-05-29T02:30:00+00:00,932.52000000,934.91000000,932.39000000,933.71000000,551.84000000
1780022700000,2026-05-29T02:45:00+00:00,933.75000000,933.94000000,930.80000000,931.33000000,1920.89000000
1780023600000,2026-05-29T03:00:00+00:00,931.28000000,934.00000000,931.02000000,933.55000000,746.12000000
1780024500000,2026-05-29T03:15:00+00:00,933.50000000,934.94000000,932.66000000,933.39000000,1400.57000000
1780025400000,2026-05-29T03:30:00+00:00,933.39000000,933.39000000,931.83000000,932.19000000,390.91000000
1780026300000,2026-05-29T03:45:00+00:00,932.18000000,932.75000000,930.38000000,930.55000000,1059.33000000
1780027200000,2026-05-29T04:00:00+00:00,930.49000000,933.83000000,930.30000000,933.50000000,1020.35000000
1780028100000,2026-05-29T04:15:00+00:00,933.50000000,934.56000000,932.12000000,933.55000000,1807.20000000
1780029000000,2026-05-29T04:30:00+00:00,933.60000000,939.49000000,932.71000000,939.39000000,2832.29000000
1780029900000,2026-05-29T04:45:00+00:00,939.40000000,939.50000000,935.85000000,936.23000000,2225.35000000
1780030800000,2026-05-29T05:00:00+00:00,936.25000000,939.04000000,936.06000000,938.30000000,2799.72000000
1780031700000,2026-05-29T05:15:00+00:00,938.27000000,939.34000000,936.00000000,936.22000000,757.77000000
1780032600000,2026-05-29T05:30:00+00:00,936.24000000,936.50000000,932.49000000,934.37000000,2601.58000000
1780033500000,2026-05-29T05:45:00+00:00,934.39000000,935.74000000,932.97000000,934.48000000,1791.11000000
1780034400000,2026-05-29T06:00:00+00:00,934.52000000,937.24000000,933.84000000,935.60000000,1354.75000000
1780035300000,2026-05-29T06:15:00+00:00,935.62000000,937.79000000,935.05000000,936.25000000,912.37000000
1780036200000,2026-05-29T06:30:00+00:00,936.29000000,938.55000000,936.20000000,937.68000000,1194.81000000
1780037100000,2026-05-29T06:45:00+00:00,937.60000000,939.14000000,937.27000000,938.82000000,673.09000000
1780038000000,2026-05-29T07:00:00+00:00,938.78000000,939.68000000,937.78000000,938.29000000,1399.81000000
1780038900000,2026-05-29T07:15:00+00:00,938.21000000,938.83000000,937.00000000,937.72000000,1554.81000000
1780039800000,2026-05-29T07:30:00+00:00,937.65000000,937.65000000,934.53000000,935.83000000,1766.06000000
1780040700000,2026-05-29T07:45:00+00:00,935.83000000,937.75000000,935.41000000,937.39000000,1211.26000000
1780041600000,2026-05-29T08:00:00+00:00,937.38000000,948.61000000,936.22000000,947.50000000,7725.27000000
1780042500000,2026-05-29T08:15:00+00:00,947.46000000,949.60000000,944.24000000,949.23000000,7451.94000000
1780043400000,2026-05-29T08:30:00+00:00,949.37000000,956.78000000,948.61000000,953.15000000,8313.64000000
1780044300000,2026-05-29T08:45:00+00:00,953.18000000,955.86000000,950.30000000,953.58000000,4000.84000000
1780045200000,2026-05-29T09:00:00+00:00,953.55000000,963.64000000,952.11000000,962.78000000,10285.58000000
1780046100000,2026-05-29T09:15:00+00:00,962.81000000,963.27000000,957.69000000,961.19000000,6416.90000000
1780047000000,2026-05-29T09:30:00+00:00,961.20000000,962.46000000,953.23000000,954.14000000,8223.96000000
1780047900000,2026-05-29T09:45:00+00:00,954.14000000,957.46000000,953.69000000,954.41000000,2090.95000000
1780048800000,2026-05-29T10:00:00+00:00,954.43000000,955.45000000,950.66000000,954.19000000,3649.90000000
1780049700000,2026-05-29T10:15:00+00:00,954.13000000,955.14000000,950.67000000,954.83000000,3600.89000000
1780050600000,2026-05-29T10:30:00+00:00,954.82000000,958.38000000,953.29000000,955.25000000,2746.29000000
1780051500000,2026-05-29T10:45:00+00:00,955.30000000,957.00000000,952.47000000,953.11000000,2049.75000000
1780052400000,2026-05-29T11:00:00+00:00,953.11000000,953.97000000,947.71000000,953.80000000,6903.44000000
1780053300000,2026-05-29T11:15:00+00:00,953.72000000,954.96000000,948.76000000,949.30000000,4011.93000000
1780054200000,2026-05-29T11:30:00+00:00,949.28000000,950.38000000,945.23000000,949.93000000,6652.10000000
1780055100000,2026-05-29T11:45:00+00:00,949.85000000,950.85000000,945.72000000,948.39000000,3239.82000000
1780056000000,2026-05-29T12:00:00+00:00,948.38000000,948.44000000,938.11000000,943.20000000,11823.88000000
1780056900000,2026-05-29T12:15:00+00:00,943.16000000,943.16000000,939.07000000,941.96000000,5125.65000000
1780057800000,2026-05-29T12:30:00+00:00,941.96000000,944.13000000,941.49000000,943.93000000,3925.72000000
1780058700000,2026-05-29T12:45:00+00:00,943.87000000,950.16000000,942.69000000,949.94000000,3971.39000000
1780059600000,2026-05-29T13:00:00+00:00,949.92000000,950.87000000,945.41000000,946.04000000,6522.61000000
1780060500000,2026-05-29T13:15:00+00:00,946.04000000,960.00000000,945.66000000,957.90000000,8456.53000000
1780061400000,2026-05-29T13:30:00+00:00,957.84000000,967.00000000,948.00000000,956.50000000,80513.22000000
1780062300000,2026-05-29T13:45:00+00:00,956.45000000,980.00000000,954.90000000,977.06000000,48264.02000000
1780063200000,2026-05-29T14:00:00+00:00,977.08000000,980.73000000,965.69000000,972.33000000,36643.67000000
1780064100000,2026-05-29T14:15:00+00:00,972.39000000,974.40000000,962.65000000,967.75000000,31233.58000000
1780065000000,2026-05-29T14:30:00+00:00,967.77000000,972.26000000,955.61000000,956.46000000,34068.63000000
1780065900000,2026-05-29T14:45:00+00:00,956.40000000,970.16000000,954.00000000,964.77000000,27472.03000000
1780066800000,2026-05-29T15:00:00+00:00,964.60000000,972.33000000,957.70000000,971.72000000,20542.86000000
1780067700000,2026-05-29T15:15:00+00:00,971.79000000,974.16000000,965.74000000,968.63000000,14336.53000000
1780068600000,2026-05-29T15:30:00+00:00,968.63000000,971.65000000,961.72000000,963.36000000,16671.63000000
1780069500000,2026-05-29T15:45:00+00:00,963.29000000,964.11000000,956.12000000,958.78000000,14921.48000000
1780070400000,2026-05-29T16:00:00+00:00,958.73000000,971.28000000,956.56000000,967.74000000,20639.97000000
1780071300000,2026-05-29T16:15:00+00:00,967.82000000,971.43000000,965.71000000,965.80000000,10997.42000000
1780072200000,2026-05-29T16:30:00+00:00,965.76000000,966.90000000,962.57000000,963.48000000,10623.19000000
1780073100000,2026-05-29T16:45:00+00:00,963.32000000,969.52000000,961.36000000,965.39000000,14281.02000000
1780074000000,2026-05-29T17:00:00+00:00,965.36000000,967.63000000,960.20000000,961.40000000,7194.49000000
1780074900000,2026-05-29T17:15:00+00:00,961.34000000,961.68000000,954.05000000,956.70000000,10035.76000000
1780075800000,2026-05-29T17:30:00+00:00,956.72000000,957.24000000,952.18000000,953.45000000,8463.69000000
1780076700000,2026-05-29T17:45:00+00:00,953.40000000,956.88000000,951.33000000,953.24000000,8035.76000000
1780077600000,2026-05-29T18:00:00+00:00,953.25000000,960.25000000,952.00000000,956.50000000,6029.96000000
1780078500000,2026-05-29T18:15:00+00:00,956.54000000,959.50000000,952.04000000,957.04000000,6814.27000000
1780079400000,2026-05-29T18:30:00+00:00,957.00000000,959.56000000,952.00000000,957.81000000,6204.19000000
1780080300000,2026-05-29T18:45:00+00:00,957.80000000,957.80000000,950.43000000,951.59000000,5881.45000000
1780081200000,2026-05-29T19:00:00+00:00,951.60000000,953.37000000,946.30000000,946.44000000,8202.97000000
1780082100000,2026-05-29T19:15:00+00:00,946.51000000,947.51000000,940.09000000,943.37000000,14291.76000000
1780083000000,2026-05-29T19:30:00+00:00,943.35000000,955.38000000,943.02000000,954.54000000,8113.28000000
1780083900000,2026-05-29T19:45:00+00:00,954.57000000,971.07000000,953.56000000,969.26000000,21393.35000000
1780084800000,2026-05-29T20:00:00+00:00,969.37000000,969.94000000,962.05000000,964.48000000,4085.30000000
1780085700000,2026-05-29T20:15:00+00:00,964.53000000,965.98000000,963.61000000,963.74000000,1429.15000000
1780086600000,2026-05-29T20:30:00+00:00,963.75000000,964.07000000,961.50000000,962.48000000,1486.16000000
1780087500000,2026-05-29T20:45:00+00:00,962.49000000,965.88000000,962.43000000,965.83000000,3409.51000000
1780088400000,2026-05-29T21:00:00+00:00,965.74000000,966.41000000,964.00000000,964.47000000,694.60000000
1780089300000,2026-05-29T21:15:00+00:00,964.47000000,965.66000000,964.33000000,964.73000000,639.36000000
1780090200000,2026-05-29T21:30:00+00:00,964.77000000,965.00000000,963.00000000,964.63000000,342.64000000
1780091100000,2026-05-29T21:45:00+00:00,964.58000000,965.14000000,964.02000000,964.53000000,343.78000000
1780092000000,2026-05-29T22:00:00+00:00,964.51000000,965.06000000,963.57000000,963.94000000,353.20000000
1780092900000,2026-05-29T22:15:00+00:00,963.92000000,965.00000000,963.74000000,964.08000000,273.02000000
1780093800000,2026-05-29T22:30:00+00:00,963.95000000,964.23000000,961.50000000,961.93000000,373.94000000
1780094700000,2026-05-29T22:45:00+00:00,961.90000000,963.25000000,961.07000000,961.20000000,818.39000000
1780095600000,2026-05-29T23:00:00+00:00,961.25000000,962.19000000,960.35000000,961.90000000,845.61000000
1780096500000,2026-05-29T23:15:00+00:00,961.83000000,963.52000000,961.23000000,963.48000000,863.67000000
1780097400000,2026-05-29T23:30:00+00:00,963.48000000,965.08000000,963.45000000,964.16000000,915.67000000
1780098300000,2026-05-29T23:45:00+00:00,964.14000000,964.86000000,963.53000000,964.73000000,505.24000000
1780099200000,2026-05-30T00:00:00+00:00,964.73000000,966.60000000,960.30000000,962.95000000,3511.48000000
1780100100000,2026-05-30T00:15:00+00:00,962.95000000,966.38000000,961.57000000,964.39000000,2148.14000000
1780101000000,2026-05-30T00:30:00+00:00,964.39000000,968.00000000,963.30000000,967.40000000,1691.92000000
1780101900000,2026-05-30T00:45:00+00:00,967.35000000,967.88000000,964.00000000,964.82000000,1417.62000000
1780102800000,2026-05-30T01:00:00+00:00,964.81000000,967.50000000,962.29000000,965.92000000,2407.94000000
1780103700000,2026-05-30T01:15:00+00:00,965.92000000,967.39000000,963.11000000,963.36000000,1716.98000000
1780104600000,2026-05-30T01:30:00+00:00,963.35000000,967.13000000,963.35000000,966.79000000,626.37000000
1780105500000,2026-05-30T01:45:00+00:00,966.77000000,968.50000000,966.39000000,967.49000000,1143.70000000
1780106400000,2026-05-30T02:00:00+00:00,967.56000000,968.99000000,965.76000000,968.99000000,1201.06000000
1780107300000,2026-05-30T02:15:00+00:00,969.00000000,969.60000000,967.51000000,967.56000000,798.38000000
1780108200000,2026-05-30T02:30:00+00:00,967.51000000,968.35000000,966.72000000,968.22000000,362.89000000
1780109100000,2026-05-30T02:45:00+00:00,968.28000000,969.50000000,968.00000000,968.77000000,561.35000000
1780110000000,2026-05-30T03:00:00+00:00,968.76000000,971.00000000,968.60000000,969.56000000,1052.43000000
1780110900000,2026-05-30T03:15:00+00:00,969.55000000,969.75000000,967.70000000,967.75000000,635.74000000
1780111800000,2026-05-30T03:30:00+00:00,967.75000000,968.16000000,965.39000000,967.75000000,872.12000000
1780112700000,2026-05-30T03:45:00+00:00,967.72000000,968.07000000,966.57000000,967.36000000,333.30000000
1780113600000,2026-05-30T04:00:00+00:00,967.43000000,968.89000000,967.22000000,968.29000000,372.95000000
1780114500000,2026-05-30T04:15:00+00:00,968.28000000,968.93000000,965.95000000,967.35000000,1259.12000000
1780115400000,2026-05-30T04:30:00+00:00,967.29000000,968.49000000,967.15000000,967.98000000,429.88000000
1780116300000,2026-05-30T04:45:00+00:00,967.97000000,969.49000000,967.87000000,969.02000000,562.52000000
1780117200000,2026-05-30T05:00:00+00:00,969.10000000,970.17000000,967.38000000,969.62000000,1304.09000000
1780118100000,2026-05-30T05:15:00+00:00,969.63000000,971.00000000,969.06000000,969.32000000,1502.96000000
1780119000000,2026-05-30T05:30:00+00:00,969.27000000,970.20000000,968.29000000,968.31000000,475.38000000
1780119900000,2026-05-30T05:45:00+00:00,968.33000000,969.85000000,967.00000000,969.68000000,737.62000000
1780120800000,2026-05-30T06:00:00+00:00,969.75000000,970.41000000,967.79000000,969.40000000,896.48000000
1780121700000,2026-05-30T06:15:00+00:00,969.37000000,971.75000000,968.65000000,970.63000000,951.78000000
1780122600000,2026-05-30T06:30:00+00:00,970.61000000,977.80000000,970.60000000,976.11000000,3988.43000000
1780123500000,2026-05-30T06:45:00+00:00,976.12000000,976.45000000,973.62000000,975.80000000,1319.96000000
1780124400000,2026-05-30T07:00:00+00:00,975.77000000,976.00000000,973.41000000,974.38000000,857.82000000
1780125300000,2026-05-30T07:15:00+00:00,974.37000000,974.57000000,972.81000000,973.00000000,709.68000000
1780126200000,2026-05-30T07:30:00+00:00,972.99000000,976.33000000,972.60000000,975.52000000,909.95000000
1780127100000,2026-05-30T07:45:00+00:00,975.48000000,976.19000000,973.11000000,973.11000000,455.03000000
1780128000000,2026-05-30T08:00:00+00:00,973.10000000,975.73000000,972.51000000,975.73000000,582.67000000
1780128900000,2026-05-30T08:15:00+00:00,975.73000000,976.15000000,973.85000000,973.85000000,475.88000000
1780129800000,2026-05-30T08:30:00+00:00,973.84000000,974.36000000,973.51000000,973.66000000,215.45000000
1780130700000,2026-05-30T08:45:00+00:00,973.70000000,973.70000000,972.08000000,972.23000000,1348.42000000
1780131600000,2026-05-30T09:00:00+00:00,972.23000000,973.61000000,972.12000000,973.00000000,366.20000000
1780132500000,2026-05-30T09:15:00+00:00,973.01000000,973.20000000,972.41000000,972.70000000,196.03000000
1780133400000,2026-05-30T09:30:00+00:00,972.69000000,973.20000000,971.10000000,971.29000000,424.38000000
1780134300000,2026-05-30T09:45:00+00:00,971.33000000,974.43000000,970.48000000,974.00000000,908.40000000
1780135200000,2026-05-30T10:00:00+00:00,973.99000000,975.49000000,973.07000000,973.13000000,689.89000000
1780136100000,2026-05-30T10:15:00+00:00,973.13000000,974.24000000,972.89000000,972.89000000,337.82000000
1780137000000,2026-05-30T10:30:00+00:00,972.89000000,974.95000000,972.65000000,973.90000000,446.82000000
1780137900000,2026-05-30T10:45:00+00:00,973.90000000,973.90000000,972.54000000,973.01000000,447.23000000
1780138800000,2026-05-30T11:00:00+00:00,973.00000000,973.32000000,970.70000000,971.65000000,962.08000000
1780139700000,2026-05-30T11:15:00+00:00,971.80000000,972.00000000,969.44000000,969.67000000,568.68000000
1780140600000,2026-05-30T11:30:00+00:00,969.63000000,971.83000000,968.13000000,971.63000000,1166.91000000
1780141500000,2026-05-30T11:45:00+00:00,971.56000000,971.71000000,970.50000000,971.25000000,275.76000000
1780142400000,2026-05-30T12:00:00+00:00,971.25000000,973.46000000,970.11000000,973.32000000,1185.44000000
1780143300000,2026-05-30T12:15:00+00:00,973.33000000,975.19000000,973.05000000,973.73000000,963.62000000
1780144200000,2026-05-30T12:30:00+00:00,973.74000000,975.95000000,973.40000000,975.79000000,704.16000000
1780145100000,2026-05-30T12:45:00+00:00,975.96000000,976.43000000,974.71000000,976.21000000,924.08000000
1780146000000,2026-05-30T13:00:00+00:00,976.28000000,977.54000000,974.69000000,975.14000000,767.07000000
1780146900000,2026-05-30T13:15:00+00:00,975.14000000,977.64000000,974.80000000,975.47000000,1126.43000000
1780147800000,2026-05-30T13:30:00+00:00,975.48000000,975.78000000,974.80000000,975.10000000,310.40000000
1780148700000,2026-05-30T13:45:00+00:00,975.16000000,979.46000000,975.10000000,977.07000000,1386.64000000
1780149600000,2026-05-30T14:00:00+00:00,977.08000000,977.80000000,974.57000000,976.41000000,715.78000000
1780150500000,2026-05-30T14:15:00+00:00,976.40000000,976.43000000,975.22000000,976.32000000,500.60000000
1780151400000,2026-05-30T14:30:00+00:00,976.38000000,976.38000000,972.96000000,974.68000000,869.38000000
1780152300000,2026-05-30T14:45:00+00:00,974.64000000,974.72000000,972.96000000,973.78000000,436.50000000
1780153200000,2026-05-30T15:00:00+00:00,973.77000000,975.43000000,972.93000000,973.07000000,1228.78000000
1780154100000,2026-05-30T15:15:00+00:00,973.16000000,975.32000000,971.00000000,971.29000000,1227.05000000
1780155000000,2026-05-30T15:30:00+00:00,971.37000000,973.66000000,971.25000000,972.69000000,555.80000000
1780155900000,2026-05-30T15:45:00+00:00,972.73000000,975.90000000,972.49000000,975.48000000,519.31000000
1780156800000,2026-05-30T16:00:00+00:00,975.47000000,976.03000000,973.30000000,974.15000000,575.42000000
1780157700000,2026-05-30T16:15:00+00:00,974.18000000,974.66000000,973.53000000,973.54000000,337.60000000
1780158600000,2026-05-30T16:30:00+00:00,973.53000000,977.28000000,973.02000000,976.36000000,1576.96000000
1780159500000,2026-05-30T16:45:00+00:00,976.38000000,976.52000000,974.66000000,974.76000000,425.12000000
1780160400000,2026-05-30T17:00:00+00:00,974.80000000,975.49000000,973.22000000,974.31000000,502.16000000
1780161300000,2026-05-30T17:15:00+00:00,974.44000000,975.26000000,974.36000000,975.09000000,401.08000000
1780162200000,2026-05-30T17:30:00+00:00,975.10000000,976.22000000,971.35000000,971.86000000,1603.16000000
1780163100000,2026-05-30T17:45:00+00:00,971.80000000,974.77000000,971.27000000,973.26000000,1259.43000000
1780164000000,2026-05-30T18:00:00+00:00,973.21000000,973.33000000,972.33000000,972.39000000,325.39000000
1780164900000,2026-05-30T18:15:00+00:00,972.36000000,974.26000000,972.35000000,973.50000000,191.97000000
1780165800000,2026-05-30T18:30:00+00:00,973.56000000,973.65000000,972.67000000,972.87000000,136.48000000
1780166700000,2026-05-30T18:45:00+00:00,972.79000000,973.91000000,972.08000000,973.74000000,509.45000000
1780167600000,2026-05-30T19:00:00+00:00,973.62000000,973.63000000,973.01000000,973.14000000,59.13000000
1780168500000,2026-05-30T19:15:00+00:00,973.09000000,973.25000000,972.12000000,972.48000000,135.24000000
1780169400000,2026-05-30T19:30:00+00:00,972.47000000,974.24000000,972.47000000,973.62000000,122.10000000
1780170300000,2026-05-30T19:45:00+00:00,973.66000000,975.00000000,973.66000000,974.34000000,148.76000000
1780171200000,2026-05-30T20:00:00+00:00,974.40000000,974.64000000,973.91000000,973.91000000,96.13000000
1780172100000,2026-05-30T20:15:00+00:00,973.90000000,974.90000000,973.79000000,974.64000000,135.60000000
1780173000000,2026-05-30T20:30:00+00:00,974.68000000,975.49000000,974.37000000,975.45000000,122.44000000
1780173900000,2026-05-30T20:45:00+00:00,975.50000000,977.29000000,975.00000000,976.34000000,345.80000000
1780174800000,2026-05-30T21:00:00+00:00,976.35000000,977.26000000,976.00000000,976.95000000,197.86000000
1780175700000,2026-05-30T21:15:00+00:00,976.93000000,977.21000000,976.45000000,976.72000000,97.65000000
1780176600000,2026-05-30T21:30:00+00:00,976.72000000,977.21000000,976.60000000,976.95000000,201.00000000
1780177500000,2026-05-30T21:45:00+00:00,976.92000000,977.20000000,975.42000000,976.55000000,545.05000000
1780178400000,2026-05-30T22:00:00+00:00,976.60000000,977.00000000,972.80000000,974.82000000,961.00000000
1780179300000,2026-05-30T22:15:00+00:00,974.80000000,976.03000000,974.46000000,976.03000000,160.31000000
1780180200000,2026-05-30T22:30:00+00:00,976.05000000,977.21000000,975.74000000,977.07000000,288.02000000
1780181100000,2026-05-30T22:45:00+00:00,977.06000000,978.32000000,976.99000000,977.04000000,345.38000000
1780182000000,2026-05-30T23:00:00+00:00,977.05000000,977.40000000,976.66000000,976.88000000,60.95000000
1780182900000,2026-05-30T23:15:00+00:00,976.67000000,978.75000000,976.39000000,978.42000000,389.91000000
1780183800000,2026-05-30T23:30:00+00:00,978.33000000,978.68000000,977.67000000,978.29000000,151.02000000
1780184700000,2026-05-30T23:45:00+00:00,978.30000000,978.81000000,977.83000000,977.83000000,191.84000000
1780185600000,2026-05-31T00:00:00+00:00,977.84000000,978.76000000,977.59000000,978.21000000,401.51000000
1780186500000,2026-05-31T00:15:00+00:00,978.25000000,981.00000000,977.22000000,980.44000000,1627.22000000
1780187400000,2026-05-31T00:30:00+00:00,980.45000000,981.00000000,979.55000000,979.89000000,1506.63000000
1780188300000,2026-05-31T00:45:00+00:00,979.91000000,979.92000000,978.56000000,979.01000000,224.53000000
1780189200000,2026-05-31T01:00:00+00:00,978.94000000,981.00000000,976.98000000,979.62000000,1387.65000000
1780190100000,2026-05-31T01:15:00+00:00,979.62000000,981.00000000,979.62000000,980.61000000,1892.27000000
1780191000000,2026-05-31T01:30:00+00:00,980.60000000,981.00000000,980.26000000,980.59000000,583.05000000
1780191900000,2026-05-31T01:45:00+00:00,980.60000000,981.00000000,980.47000000,980.72000000,1283.44000000
1780192800000,2026-05-31T02:00:00+00:00,980.70000000,981.00000000,980.56000000,980.75000000,594.47000000
1780193700000,2026-05-31T02:15:00+00:00,980.74000000,981.00000000,980.20000000,980.69000000,1030.96000000
1780194600000,2026-05-31T02:30:00+00:00,980.69000000,980.97000000,980.60000000,980.71000000,184.51000000
1780195500000,2026-05-31T02:45:00+00:00,980.71000000,980.97000000,980.15000000,980.28000000,209.43000000
1780196400000,2026-05-31T03:00:00+00:00,980.28000000,980.59000000,979.00000000,979.20000000,422.97000000
1780197300000,2026-05-31T03:15:00+00:00,979.20000000,980.57000000,979.10000000,980.45000000,244.88000000
1780198200000,2026-05-31T03:30:00+00:00,980.45000000,980.47000000,979.40000000,979.63000000,387.75000000
1780199100000,2026-05-31T03:45:00+00:00,979.63000000,980.50000000,979.58000000,980.15000000,248.96000000
1780200000000,2026-05-31T04:00:00+00:00,980.14000000,980.94000000,979.50000000,980.90000000,248.85000000
1780200900000,2026-05-31T04:15:00+00:00,980.84000000,981.00000000,980.12000000,980.82000000,294.32000000
1780201800000,2026-05-31T04:30:00+00:00,980.83000000,981.00000000,980.17000000,980.30000000,213.15000000
1780202700000,2026-05-31T04:45:00+00:00,980.28000000,981.00000000,978.94000000,979.39000000,1993.07000000
1780203600000,2026-05-31T05:00:00+00:00,979.39000000,979.88000000,979.35000000,979.63000000,167.11000000
1780204500000,2026-05-31T05:15:00+00:00,979.62000000,979.88000000,977.60000000,978.76000000,700.71000000
1780205400000,2026-05-31T05:30:00+00:00,978.76000000,978.76000000,978.00000000,978.35000000,255.56000000
1780206300000,2026-05-31T05:45:00+00:00,978.35000000,979.19000000,978.33000000,978.70000000,138.62000000
1780207200000,2026-05-31T06:00:00+00:00,978.73000000,979.85000000,978.73000000,979.76000000,212.86000000
1780208100000,2026-05-31T06:15:00+00:00,979.76000000,979.98000000,979.44000000,979.85000000,151.07000000
1780209000000,2026-05-31T06:30:00+00:00,979.84000000,980.77000000,979.78000000,980.11000000,363.96000000
1780209900000,2026-05-31T06:45:00+00:00,980.11000000,980.36000000,978.28000000,979.37000000,418.37000000
1780210800000,2026-05-31T07:00:00+00:00,979.37000000,981.00000000,978.94000000,980.73000000,892.34000000
1780211700000,2026-05-31T07:15:00+00:00,980.73000000,980.97000000,980.20000000,980.91000000,253.86000000
1780212600000,2026-05-31T07:30:00+00:00,980.95000000,981.00000000,980.20000000,980.95000000,1295.34000000
1780213500000,2026-05-31T07:45:00+00:00,980.94000000,981.00000000,980.67000000,980.98000000,321.68000000
1780214400000,2026-05-31T08:00:00+00:00,980.95000000,981.00000000,980.50000000,980.67000000,544.63000000
1780215300000,2026-05-31T08:15:00+00:00,980.67000000,981.00000000,980.58000000,980.90000000,493.07000000
1780216200000,2026-05-31T08:30:00+00:00,980.90000000,981.00000000,980.44000000,980.85000000,609.84000000
1780217100000,2026-05-31T08:45:00+00:00,980.82000000,981.00000000,980.32000000,980.48000000,602.43000000
1780218000000,2026-05-31T09:00:00+00:00,980.49000000,980.55000000,980.19000000,980.42000000,173.49000000
1780218900000,2026-05-31T09:15:00+00:00,980.41000000,980.67000000,980.29000000,980.66000000,129.81000000
1780219800000,2026-05-31T09:30:00+00:00,980.62000000,980.80000000,980.05000000,980.65000000,211.98000000
1780220700000,2026-05-31T09:45:00+00:00,980.65000000,980.95000000,979.89000000,980.31000000,404.88000000
1780221600000,2026-05-31T10:00:00+00:00,980.28000000,980.46000000,979.55000000,980.06000000,199.13000000
1780222500000,2026-05-31T10:15:00+00:00,980.06000000,980.51000000,979.56000000,979.88000000,206.61000000
1780223400000,2026-05-31T10:30:00+00:00,979.88000000,980.20000000,979.55000000,979.70000000,234.76000000
1780224300000,2026-05-31T10:45:00+00:00,979.73000000,980.50000000,979.50000000,980.06000000,163.11000000
1780225200000,2026-05-31T11:00:00+00:00,980.12000000,980.41000000,979.75000000,980.22000000,251.97000000
1780226100000,2026-05-31T11:15:00+00:00,980.23000000,980.55000000,979.88000000,980.41000000,132.74000000
1780227000000,2026-05-31T11:30:00+00:00,980.40000000,980.70000000,980.30000000,980.57000000,117.00000000
1780227900000,2026-05-31T11:45:00+00:00,980.55000000,980.98000000,980.43000000,980.80000000,153.72000000
1780228800000,2026-05-31T12:00:00+00:00,980.80000000,981.00000000,980.00000000,980.19000000,1114.99000000
1780229700000,2026-05-31T12:15:00+00:00,980.19000000,980.84000000,979.88000000,980.67000000,298.97000000
1780230600000,2026-05-31T12:30:00+00:00,980.67000000,980.94000000,980.06000000,980.85000000,293.07000000
1780231500000,2026-05-31T12:45:00+00:00,980.84000000,980.90000000,980.00000000,980.46000000,298.12000000
1780232400000,2026-05-31T13:00:00+00:00,980.44000000,980.75000000,980.20000000,980.55000000,118.42000000
1780233300000,2026-05-31T13:15:00+00:00,980.54000000,980.90000000,979.88000000,980.81000000,237.62000000
1780234200000,2026-05-31T13:30:00+00:00,980.81000000,980.82000000,980.33000000,980.55000000,139.54000000
1780235100000,2026-05-31T13:45:00+00:00,980.53000000,980.60000000,979.90000000,979.95000000,163.90000000
1780236000000,2026-05-31T14:00:00+00:00,979.94000000,980.40000000,979.86000000,979.95000000,217.19000000
1780236900000,2026-05-31T14:15:00+00:00,979.94000000,980.50000000,979.89000000,980.50000000,404.59000000
1780237800000,2026-05-31T14:30:00+00:00,980.50000000,981.00000000,979.83000000,979.99000000,781.48000000
1780238700000,2026-05-31T14:45:00+00:00,980.00000000,980.58000000,979.82000000,980.22000000,344.70000000
1780239600000,2026-05-31T15:00:00+00:00,980.22000000,980.96000000,979.88000000,980.84000000,352.51000000
1780240500000,2026-05-31T15:15:00+00:00,980.83000000,988.00000000,980.75000000,987.71000000,3633.07000000
1780241400000,2026-05-31T15:30:00+00:00,987.71000000,992.62000000,987.04000000,989.36000000,3382.67000000
1780242300000,2026-05-31T15:45:00+00:00,989.35000000,991.00000000,985.89000000,987.64000000,2057.42000000
1780243200000,2026-05-31T16:00:00+00:00,987.64000000,989.24000000,986.40000000,987.65000000,879.52000000
1780244100000,2026-05-31T16:15:00+00:00,987.63000000,989.27000000,987.26000000,988.94000000,542.69000000
1780245000000,2026-05-31T16:30:00+00:00,988.94000000,989.49000000,988.58000000,988.58000000,447.11000000
1780245900000,2026-05-31T16:45:00+00:00,988.58000000,989.64000000,986.73000000,989.07000000,1062.05000000
1780246800000,2026-05-31T17:00:00+00:00,989.06000000,989.42000000,987.30000000,988.39000000,293.59000000
1780247700000,2026-05-31T17:15:00+00:00,988.39000000,990.57000000,987.27000000,989.28000000,858.32000000
1780248600000,2026-05-31T17:30:00+00:00,989.29000000,990.90000000,989.11000000,990.19000000,455.44000000
1780249500000,2026-05-31T17:45:00+00:00,990.21000000,992.23000000,990.04000000,991.01000000,434.40000000
1780250400000,2026-05-31T18:00:00+00:00,991.07000000,993.00000000,991.07000000,992.84000000,798.49000000
1780251300000,2026-05-31T18:15:00+00:00,992.84000000,1005.00000000,992.34000000,1000.49000000,6938.75000000
1780252200000,2026-05-31T18:30:00+00:00,1000.50000000,1001.50000000,994.50000000,994.50000000,2155.70000000
1780253100000,2026-05-31T18:45:00+00:00,994.50000000,994.67000000,989.55000000,990.28000000,1272.61000000
1780254000000,2026-05-31T19:00:00+00:00,990.45000000,992.01000000,988.68000000,990.67000000,986.52000000
1780254900000,2026-05-31T19:15:00+00:00,990.73000000,995.36000000,990.37000000,993.79000000,747.67000000
1780255800000,2026-05-31T19:30:00+00:00,993.71000000,993.71000000,990.00000000,990.30000000,734.43000000
1780256700000,2026-05-31T19:45:00+00:00,990.29000000,993.31000000,990.11000000,992.49000000,451.92000000
1780257600000,2026-05-31T20:00:00+00:00,992.43000000,993.43000000,991.11000000,991.81000000,424.51000000
1780258500000,2026-05-31T20:15:00+00:00,991.80000000,994.88000000,991.72000000,992.48000000,412.96000000
1780259400000,2026-05-31T20:30:00+00:00,992.50000000,993.08000000,991.60000000,992.48000000,286.60000000
1780260300000,2026-05-31T20:45:00+00:00,992.48000000,993.48000000,991.34000000,992.47000000,371.73000000
1780261200000,2026-05-31T21:00:00+00:00,992.47000000,1000.56000000,992.47000000,996.40000000,1334.83000000
1780262100000,2026-05-31T21:15:00+00:00,996.44000000,996.54000000,989.13000000,989.37000000,920.79000000
1780263000000,2026-05-31T21:30:00+00:00,989.28000000,991.99000000,988.25000000,989.39000000,670.60000000
1780263900000,2026-05-31T21:45:00+00:00,989.26000000,993.00000000,987.63000000,990.53000000,1443.07000000
1780264800000,2026-05-31T22:00:00+00:00,990.53000000,991.80000000,985.26000000,987.01000000,1871.17000000
1780265700000,2026-05-31T22:15:00+00:00,987.00000000,987.34000000,985.20000000,986.60000000,717.07000000
1780266600000,2026-05-31T22:30:00+00:00,986.60000000,988.25000000,985.22000000,987.60000000,1033.40000000
1780267500000,2026-05-31T22:45:00+00:00,987.63000000,991.89000000,987.17000000,991.15000000,847.15000000
1780268400000,2026-05-31T23:00:00+00:00,991.20000000,993.83000000,987.35000000,990.70000000,2571.95000000
1780269300000,2026-05-31T23:15:00+00:00,990.70000000,991.05000000,986.50000000,987.73000000,1067.19000000
1780270200000,2026-05-31T23:30:00+00:00,987.75000000,989.20000000,982.89000000,987.86000000,2506.18000000
1780271100000,2026-05-31T23:45:00+00:00,988.06000000,990.01000000,987.46000000,989.14000000,721.57000000
1780272000000,2026-06-01T00:00:00+00:00,989.37000000,991.40000000,979.18000000,986.27000000,10298.41000000
1780272900000,2026-06-01T00:15:00+00:00,986.25000000,987.33000000,984.09000000,986.74000000,1436.60000000
1780273800000,2026-06-01T00:30:00+00:00,986.69000000,1000.00000000,985.02000000,998.80000000,4755.46000000
1780274700000,2026-06-01T00:45:00+00:00,998.76000000,1013.00000000,998.75000000,1007.97000000,13376.24000000
1780275600000,2026-06-01T01:00:00+00:00,1008.15000000,1008.75000000,1000.02000000,1005.45000000,5976.47000000
1780276500000,2026-06-01T01:15:00+00:00,1005.41000000,1007.78000000,1004.76000000,1005.57000000,2805.62000000
1780277400000,2026-06-01T01:30:00+00:00,1005.56000000,1006.65000000,1002.94000000,1005.32000000,2806.82000000
1780278300000,2026-06-01T01:45:00+00:00,1005.33000000,1010.96000000,1004.82000000,1009.43000000,2694.45000000
1780279200000,2026-06-01T02:00:00+00:00,1009.40000000,1015.59000000,1009.40000000,1013.68000000,3963.79000000
1780280100000,2026-06-01T02:15:00+00:00,1013.61000000,1014.87000000,1012.24000000,1013.85000000,3899.47000000
1780281000000,2026-06-01T02:30:00+00:00,1013.90000000,1013.90000000,1008.06000000,1008.91000000,2988.85000000
1780281900000,2026-06-01T02:45:00+00:00,1008.99000000,1009.12000000,1005.01000000,1008.06000000,2404.06000000
1780282800000,2026-06-01T03:00:00+00:00,1008.03000000,1011.00000000,1005.31000000,1006.59000000,2042.02000000
1780283700000,2026-06-01T03:15:00+00:00,1006.64000000,1007.79000000,1003.30000000,1007.17000000,2391.59000000
1780284600000,2026-06-01T03:30:00+00:00,1007.11000000,1008.20000000,1003.59000000,1003.84000000,3864.51000000
1780285500000,2026-06-01T03:45:00+00:00,1003.90000000,1005.58000000,999.27000000,1001.41000000,4509.73000000
1780286400000,2026-06-01T04:00:00+00:00,1001.36000000,1006.59000000,1001.03000000,1004.50000000,1758.69000000
1780287300000,2026-06-01T04:15:00+00:00,1004.44000000,1005.35000000,1002.57000000,1004.65000000,2276.93000000
1780288200000,2026-06-01T04:30:00+00:00,1004.65000000,1008.86000000,1004.51000000,1008.79000000,1287.70000000
1780289100000,2026-06-01T04:45:00+00:00,1008.87000000,1009.44000000,1007.53000000,1007.85000000,947.88000000
1780290000000,2026-06-01T05:00:00+00:00,1007.78000000,1008.77000000,1005.28000000,1006.08000000,1231.08000000
1780290900000,2026-06-01T05:15:00+00:00,1006.09000000,1008.09000000,1004.11000000,1004.82000000,1569.44000000
1780291800000,2026-06-01T05:30:00+00:00,1004.84000000,1006.00000000,1002.23000000,1005.51000000,1453.71000000
1780292700000,2026-06-01T05:45:00+00:00,1005.51000000,1006.89000000,1004.31000000,1005.69000000,868.34000000
1780293600000,2026-06-01T06:00:00+00:00,1005.63000000,1008.32000000,1005.50000000,1006.06000000,1881.34000000
1780294500000,2026-06-01T06:15:00+00:00,1006.11000000,1007.40000000,1004.57000000,1005.00000000,2259.61000000
1780295400000,2026-06-01T06:30:00+00:00,1004.94000000,1006.53000000,1004.57000000,1006.17000000,769.30000000
1780296300000,2026-06-01T06:45:00+00:00,1006.11000000,1008.28000000,1005.51000000,1007.61000000,984.80000000
1780297200000,2026-06-01T07:00:00+00:00,1007.67000000,1008.07000000,1005.60000000,1006.35000000,1411.35000000
1780298100000,2026-06-01T07:15:00+00:00,1006.34000000,1006.74000000,1004.00000000,1005.10000000,1064.20000000
1780299000000,2026-06-01T07:30:00+00:00,1004.98000000,1005.53000000,1003.25000000,1004.75000000,1288.64000000
1780299900000,2026-06-01T07:45:00+00:00,1004.52000000,1005.99000000,1003.66000000,1005.95000000,984.93000000
1780300800000,2026-06-01T08:00:00+00:00,1005.95000000,1006.95000000,1001.18000000,1004.72000000,4974.54000000
1780301700000,2026-06-01T08:15:00+00:00,1004.52000000,1013.71000000,1004.47000000,1011.65000000,3888.42000000
1780302600000,2026-06-01T08:30:00+00:00,1011.55000000,1013.00000000,1008.11000000,1012.92000000,3631.95000000
1780303500000,2026-06-01T08:45:00+00:00,1012.93000000,1014.00000000,1011.13000000,1011.66000000,3480.44000000
1780304400000,2026-06-01T09:00:00+00:00,1011.88000000,1018.82000000,1011.85000000,1018.53000000,6719.42000000
1780305300000,2026-06-01T09:15:00+00:00,1018.47000000,1025.88000000,1018.46000000,1020.61000000,8867.86000000
1780306200000,2026-06-01T09:30:00+00:00,1020.62000000,1023.00000000,1017.74000000,1020.65000000,5637.27000000
1780307100000,2026-06-01T09:45:00+00:00,1020.68000000,1021.47000000,1016.62000000,1017.45000000,2692.76000000
1780308000000,2026-06-01T10:00:00+00:00,1017.32000000,1022.48000000,1017.32000000,1021.25000000,1785.23000000
1780308900000,2026-06-01T10:15:00+00:00,1021.21000000,1025.00000000,1019.19000000,1024.56000000,2191.14000000
1780309800000,2026-06-01T10:30:00+00:00,1024.56000000,1027.03000000,1022.02000000,1023.81000000,4039.35000000
1780310700000,2026-06-01T10:45:00+00:00,1023.66000000,1026.62000000,1021.62000000,1021.81000000,2525.86000000
1780311600000,2026-06-01T11:00:00+00:00,1021.79000000,1022.18000000,1014.06000000,1016.58000000,6044.21000000
1780312500000,2026-06-01T11:15:00+00:00,1016.59000000,1016.85000000,1001.30000000,1003.21000000,12833.62000000
1780313400000,2026-06-01T11:30:00+00:00,1003.21000000,1014.00000000,1002.03000000,1012.20000000,6700.65000000
1780314300000,2026-06-01T11:45:00+00:00,1012.26000000,1012.59000000,1006.33000000,1007.43000000,3734.72000000
1780315200000,2026-06-01T12:00:00+00:00,1007.35000000,1007.82000000,1002.55000000,1003.96000000,5333.47000000
1780316100000,2026-06-01T12:15:00+00:00,1004.00000000,1012.75000000,1004.00000000,1010.39000000,6492.83000000
1780317000000,2026-06-01T12:30:00+00:00,1010.39000000,1015.91000000,1008.62000000,1010.95000000,4922.36000000
1780317900000,2026-06-01T12:45:00+00:00,1010.90000000,1012.70000000,1006.96000000,1007.52000000,4302.06000000
1780318800000,2026-06-01T13:00:00+00:00,1007.47000000,1012.24000000,997.50000000,1001.67000000,11309.98000000
1780319700000,2026-06-01T13:15:00+00:00,1001.73000000,1011.25000000,998.34000000,1010.23000000,15786.01000000
1780320600000,2026-06-01T13:30:00+00:00,1010.33000000,1036.16000000,1010.10000000,1026.27000000,91873.06000000
1780321500000,2026-06-01T13:45:00+00:00,1026.27000000,1038.69000000,1012.24000000,1013.60000000,56588.27000000
1780322400000,2026-06-01T14:00:00+00:00,1013.66000000,1030.46000000,1012.03000000,1025.28000000,32213.61000000
1780323300000,2026-06-01T14:15:00+00:00,1025.26000000,1028.40000000,1016.60000000,1023.37000000,24106.33000000
1780324200000,2026-06-01T14:30:00+00:00,1023.38000000,1034.30000000,1022.47000000,1031.88000000,21173.15000000
1780325100000,2026-06-01T14:45:00+00:00,1031.89000000,1042.30000000,1028.55000000,1032.75000000,27361.73000000
1780326000000,2026-06-01T15:00:00+00:00,1032.76000000,1033.24000000,1021.66000000,1023.93000000,20272.16000000
1780326900000,2026-06-01T15:15:00+00:00,1023.91000000,1029.81000000,1023.89000000,1027.88000000,11770.30000000
1780327800000,2026-06-01T15:30:00+00:00,1027.78000000,1033.93000000,1027.18000000,1031.45000000,13318.40000000
1780328700000,2026-06-01T15:45:00+00:00,1031.51000000,1036.84000000,1028.17000000,1032.23000000,10235.61000000
1780329600000,2026-06-01T16:00:00+00:00,1032.29000000,1036.16000000,1030.75000000,1032.67000000,8927.75000000
1780330500000,2026-06-01T16:15:00+00:00,1032.62000000,1039.00000000,1030.01000000,1038.26000000,18123.03000000
1780331400000,2026-06-01T16:30:00+00:00,1038.28000000,1040.30000000,1036.54000000,1037.61000000,10568.91000000
1780332300000,2026-06-01T16:45:00+00:00,1037.64000000,1044.75000000,1036.22000000,1044.55000000,8749.13000000
1780333200000,2026-06-01T17:00:00+00:00,1044.57000000,1046.56000000,1041.55000000,1043.24000000,12801.74000000
1780334100000,2026-06-01T17:15:00+00:00,1043.24000000,1046.59000000,1037.82000000,1043.12000000,7096.04000000
1780335000000,2026-06-01T17:30:00+00:00,1043.17000000,1045.56000000,1039.59000000,1039.92000000,9351.63000000
1780335900000,2026-06-01T17:45:00+00:00,1039.97000000,1047.76000000,1039.61000000,1047.45000000,9984.13000000
1780336800000,2026-06-01T18:00:00+00:00,1047.51000000,1047.80000000,1039.64000000,1040.69000000,5314.49000000
1780337700000,2026-06-01T18:15:00+00:00,1040.68000000,1041.27000000,1033.24000000,1036.98000000,10338.95000000
1780338600000,2026-06-01T18:30:00+00:00,1037.10000000,1041.90000000,1035.78000000,1037.74000000,8835.67000000
1780339500000,2026-06-01T18:45:00+00:00,1037.71000000,1037.83000000,1032.23000000,1032.72000000,5382.48000000
1780340400000,2026-06-01T19:00:00+00:00,1032.60000000,1036.70000000,1031.52000000,1032.21000000,6182.22000000
1780341300000,2026-06-01T19:15:00+00:00,1032.20000000,1035.56000000,1029.80000000,1033.67000000,5780.75000000
1780342200000,2026-06-01T19:30:00+00:00,1033.67000000,1033.96000000,1028.61000000,1031.16000000,4394.18000000
1780343100000,2026-06-01T19:45:00+00:00,1031.18000000,1037.69000000,1030.32000000,1035.54000000,6944.79000000
1780344000000,2026-06-01T20:00:00+00:00,1035.47000000,1036.77000000,1033.01000000,1035.06000000,2173.41000000
1780344900000,2026-06-01T20:15:00+00:00,1035.01000000,1038.75000000,1033.89000000,1038.70000000,1099.93000000
1780345800000,2026-06-01T20:30:00+00:00,1038.70000000,1038.83000000,1035.75000000,1036.87000000,1582.44000000
1780346700000,2026-06-01T20:45:00+00:00,1036.91000000,1041.75000000,1036.42000000,1038.97000000,2757.39000000
1780347600000,2026-06-01T21:00:00+00:00,1039.02000000,1039.92000000,1038.65000000,1039.22000000,934.32000000
1780348500000,2026-06-01T21:15:00+00:00,1039.22000000,1041.17000000,1038.69000000,1039.64000000,545.32000000
1780349400000,2026-06-01T21:30:00+00:00,1039.68000000,1040.34000000,1039.22000000,1040.16000000,375.61000000
1780350300000,2026-06-01T21:45:00+00:00,1040.19000000,1041.58000000,1039.94000000,1041.58000000,583.03000000
1780351200000,2026-06-01T22:00:00+00:00,1041.41000000,1041.50000000,1037.57000000,1038.92000000,2360.06000000
1780352100000,2026-06-01T22:15:00+00:00,1038.86000000,1039.55000000,1036.78000000,1036.85000000,1201.54000000
1780353000000,2026-06-01T22:30:00+00:00,1036.85000000,1037.46000000,1034.49000000,1034.68000000,1001.15000000
1780353900000,2026-06-01T22:45:00+00:00,1034.63000000,1036.86000000,1034.62000000,1036.39000000,1125.98000000
1780354800000,2026-06-01T23:00:00+00:00,1036.42000000,1038.29000000,1036.42000000,1037.62000000,859.30000000
1780355700000,2026-06-01T23:15:00+00:00,1037.63000000,1040.54000000,1037.46000000,1040.10000000,938.63000000
1780356600000,2026-06-01T23:30:00+00:00,1040.00000000,1041.26000000,1039.40000000,1040.00000000,932.87000000
1780357500000,2026-06-01T23:45:00+00:00,1039.99000000,1040.65000000,1038.56000000,1040.36000000,866.12000000
1780358400000,2026-06-02T00:00:00+00:00,1040.43000000,1040.94000000,1021.96000000,1029.22000000,21751.86000000
1780359300000,2026-06-02T00:15:00+00:00,1029.21000000,1029.94000000,1020.66000000,1027.70000000,8042.74000000
1780360200000,2026-06-02T00:30:00+00:00,1027.72000000,1033.24000000,1024.36000000,1026.91000000,5189.26000000
1780361100000,2026-06-02T00:45:00+00:00,1026.78000000,1027.10000000,1019.00000000,1022.02000000,13167.13000000
1780362000000,2026-06-02T01:00:00+00:00,1021.95000000,1026.55000000,1017.15000000,1026.16000000,10993.54000000
1780362900000,2026-06-02T01:15:00+00:00,1026.24000000,1026.43000000,1020.58000000,1021.61000000,4761.19000000
1780363800000,2026-06-02T01:30:00+00:00,1021.63000000,1024.11000000,1019.27000000,1021.00000000,5382.46000000
1780364700000,2026-06-02T01:45:00+00:00,1020.98000000,1020.98000000,1012.12000000,1012.31000000,8081.18000000
1780365600000,2026-06-02T02:00:00+00:00,1012.24000000,1015.14000000,1009.37000000,1014.49000000,10288.70000000
1780366500000,2026-06-02T02:15:00+00:00,1014.45000000,1020.60000000,1012.95000000,1018.85000000,5764.92000000
1780367400000,2026-06-02T02:30:00+00:00,1018.87000000,1022.48000000,1018.38000000,1018.95000000,4987.11000000
1780368300000,2026-06-02T02:45:00+00:00,1018.90000000,1020.71000000,1018.32000000,1019.93000000,2887.62000000
1780369200000,2026-06-02T03:00:00+00:00,1019.81000000,1021.45000000,1015.89000000,1017.43000000,3066.66000000
1780370100000,2026-06-02T03:15:00+00:00,1017.30000000,1017.70000000,1012.37000000,1012.92000000,5489.51000000
1780371000000,2026-06-02T03:30:00+00:00,1012.99000000,1018.12000000,1012.18000000,1016.73000000,3675.76000000
1780371900000,2026-06-02T03:45:00+00:00,1016.66000000,1018.72000000,1015.18000000,1016.50000000,2349.72000000
1780372800000,2026-06-02T04:00:00+00:00,1016.48000000,1020.54000000,1016.15000000,1018.67000000,4960.36000000
1780373700000,2026-06-02T04:15:00+00:00,1018.75000000,1021.90000000,1018.74000000,1021.28000000,2057.90000000
1780374600000,2026-06-02T04:30:00+00:00,1021.35000000,1021.44000000,1018.80000000,1019.55000000,1544.40000000
1780375500000,2026-06-02T04:45:00+00:00,1019.57000000,1026.74000000,1019.47000000,1026.74000000,9618.87000000
1780376400000,2026-06-02T05:00:00+00:00,1026.73000000,1030.82000000,1024.98000000,1030.31000000,6454.79000000
1780377300000,2026-06-02T05:15:00+00:00,1030.34000000,1033.00000000,1027.85000000,1032.36000000,3294.41000000
1780378200000,2026-06-02T05:30:00+00:00,1032.38000000,1034.40000000,1031.29000000,1033.23000000,3757.73000000
1780379100000,2026-06-02T05:45:00+00:00,1033.21000000,1038.48000000,1032.09000000,1038.48000000,3648.98000000
1780380000000,2026-06-02T06:00:00+00:00,1038.44000000,1039.82000000,1034.80000000,1036.53000000,5397.66000000
1780380900000,2026-06-02T06:15:00+00:00,1036.55000000,1041.12000000,1036.55000000,1039.61000000,4534.44000000
1780381800000,2026-06-02T06:30:00+00:00,1039.57000000,1041.60000000,1023.84000000,1029.21000000,11421.94000000
1780382700000,2026-06-02T06:45:00+00:00,1029.20000000,1033.46000000,1025.39000000,1026.08000000,5210.44000000
1780383600000,2026-06-02T07:00:00+00:00,1026.03000000,1029.22000000,1021.33000000,1023.19000000,6270.90000000
1780384500000,2026-06-02T07:15:00+00:00,1023.19000000,1031.79000000,1022.87000000,1027.65000000,3252.66000000
1780385400000,2026-06-02T07:30:00+00:00,1027.67000000,1028.41000000,1025.04000000,1025.40000000,1500.39000000
1780386300000,2026-06-02T07:45:00+00:00,1025.43000000,1027.22000000,1025.00000000,1026.22000000,949.10000000
1780387200000,2026-06-02T08:00:00+00:00,1026.25000000,1036.42000000,1026.25000000,1035.10000000,6871.64000000
1780388100000,2026-06-02T08:15:00+00:00,1035.08000000,1039.08000000,1032.81000000,1034.25000000,3923.70000000
1780389000000,2026-06-02T08:30:00+00:00,1034.28000000,1035.30000000,1029.05000000,1030.00000000,2457.36000000
1780389900000,2026-06-02T08:45:00+00:00,1029.85000000,1031.30000000,1027.63000000,1028.44000000,1889.98000000
1780390800000,2026-06-02T09:00:00+00:00,1028.46000000,1028.67000000,1024.51000000,1027.63000000,2523.13000000
1780391700000,2026-06-02T09:15:00+00:00,1027.63000000,1029.64000000,1027.09000000,1029.28000000,1209.85000000
1780392600000,2026-06-02T09:30:00+00:00,1029.30000000,1032.69000000,1028.37000000,1032.32000000,1836.85000000
1780393500000,2026-06-02T09:45:00+00:00,1032.31000000,1034.04000000,1031.08000000,1032.11000000,1061.02000000
1780394400000,2026-06-02T10:00:00+00:00,1032.13000000,1033.86000000,1030.56000000,1030.60000000,1909.17000000
1780395300000,2026-06-02T10:15:00+00:00,1030.59000000,1031.80000000,1028.63000000,1029.27000000,1840.04000000
1780396200000,2026-06-02T10:30:00+00:00,1029.34000000,1029.64000000,1027.01000000,1027.94000000,844.61000000
1780397100000,2026-06-02T10:45:00+00:00,1027.95000000,1030.83000000,1027.02000000,1030.74000000,1319.00000000
1780398000000,2026-06-02T11:00:00+00:00,1030.70000000,1044.00000000,1030.53000000,1043.90000000,7055.06000000
1780398900000,2026-06-02T11:15:00+00:00,1043.83000000,1050.47000000,1041.47000000,1048.89000000,7161.79000000
1780399800000,2026-06-02T11:30:00+00:00,1048.81000000,1052.63000000,1047.93000000,1048.91000000,5690.48000000
1780400700000,2026-06-02T11:45:00+00:00,1048.94000000,1049.46000000,1044.23000000,1044.93000000,4629.25000000
1780401600000,2026-06-02T12:00:00+00:00,1045.04000000,1048.00000000,1043.97000000,1044.55000000,2802.52000000
1780402500000,2026-06-02T12:15:00+00:00,1044.50000000,1047.94000000,1043.51000000,1046.99000000,1949.29000000
1780403400000,2026-06-02T12:30:00+00:00,1046.87000000,1048.67000000,1044.57000000,1047.97000000,1939.20000000
1780404300000,2026-06-02T12:45:00+00:00,1047.87000000,1047.99000000,1044.25000000,1044.36000000,1831.67000000
1780405200000,2026-06-02T13:00:00+00:00,1044.36000000,1047.10000000,1041.84000000,1042.99000000,4002.59000000
1780406100000,2026-06-02T13:15:00+00:00,1043.00000000,1051.93000000,1041.87000000,1050.96000000,7761.59000000
1780407000000,2026-06-02T13:30:00+00:00,1050.91000000,1052.45000000,1019.32000000,1035.41000000,71268.71000000
1780407900000,2026-06-02T13:45:00+00:00,1035.40000000,1056.61000000,1034.40000000,1054.21000000,37513.63000000
1780408800000,2026-06-02T14:00:00+00:00,1054.10000000,1073.53000000,1049.12000000,1067.73000000,46843.73000000
1780409700000,2026-06-02T14:15:00+00:00,1067.72000000,1068.55000000,1028.00000000,1032.92000000,41306.75000000
1780410600000,2026-06-02T14:30:00+00:00,1032.93000000,1036.96000000,1026.40000000,1033.50000000,27091.66000000
1780411500000,2026-06-02T14:45:00+00:00,1033.36000000,1033.36000000,1024.14000000,1030.44000000,17735.74000000
1780412400000,2026-06-02T15:00:00+00:00,1030.31000000,1044.01000000,1026.56000000,1043.81000000,16704.90000000
1780413300000,2026-06-02T15:15:00+00:00,1043.81000000,1045.54000000,1034.53000000,1040.49000000,12200.01000000
1780414200000,2026-06-02T15:30:00+00:00,1040.22000000,1043.31000000,1035.90000000,1038.20000000,9282.29000000
1780415100000,2026-06-02T15:45:00+00:00,1038.21000000,1044.70000000,1036.67000000,1043.43000000,7913.50000000
1780416000000,2026-06-02T16:00:00+00:00,1043.64000000,1045.47000000,1038.77000000,1038.77000000,8858.49000000
1780416900000,2026-06-02T16:15:00+00:00,1038.77000000,1039.87000000,1033.54000000,1036.90000000,10421.40000000
1780417800000,2026-06-02T16:30:00+00:00,1036.92000000,1039.10000000,1031.70000000,1037.74000000,7108.63000000
1780418700000,2026-06-02T16:45:00+00:00,1037.73000000,1045.93000000,1034.73000000,1045.72000000,9636.58000000
1780419600000,2026-06-02T17:00:00+00:00,1045.85000000,1050.86000000,1044.36000000,1045.25000000,8107.50000000
1780420500000,2026-06-02T17:15:00+00:00,1045.39000000,1046.76000000,1041.18000000,1046.03000000,4921.72000000
1780421400000,2026-06-02T17:30:00+00:00,1046.02000000,1047.54000000,1041.70000000,1044.65000000,4195.97000000
1780422300000,2026-06-02T17:45:00+00:00,1044.55000000,1050.34000000,1043.40000000,1049.35000000,4856.83000000
1780423200000,2026-06-02T18:00:00+00:00,1049.47000000,1055.95000000,1045.68000000,1055.47000000,6616.34000000
1780424100000,2026-06-02T18:15:00+00:00,1055.51000000,1056.53000000,1051.45000000,1055.57000000,7521.21000000
1780425000000,2026-06-02T18:30:00+00:00,1055.65000000,1056.98000000,1045.13000000,1047.05000000,5255.56000000
1780425900000,2026-06-02T18:45:00+00:00,1047.04000000,1056.47000000,1045.93000000,1055.94000000,4598.04000000
1780426800000,2026-06-02T19:00:00+00:00,1055.91000000,1062.36000000,1055.19000000,1059.93000000,8882.20000000
1780427700000,2026-06-02T19:15:00+00:00,1059.94000000,1063.80000000,1058.03000000,1059.58000000,5649.73000000
1780428600000,2026-06-02T19:30:00+00:00,1059.46000000,1070.68000000,1058.31000000,1068.90000000,9154.20000000
1780429500000,2026-06-02T19:45:00+00:00,1068.95000000,1079.44000000,1063.70000000,1064.85000000,19606.05000000
1780430400000,2026-06-02T20:00:00+00:00,1064.70000000,1070.09000000,1060.82000000,1066.15000000,6729.02000000
1780431300000,2026-06-02T20:15:00+00:00,1066.16000000,1067.97000000,1064.19000000,1065.01000000,3399.49000000
1780432200000,2026-06-02T20:30:00+00:00,1065.01000000,1067.85000000,1064.86000000,1065.69000000,1487.95000000
1780433100000,2026-06-02T20:45:00+00:00,1065.64000000,1069.23000000,1065.64000000,1067.99000000,941.55000000
1780434000000,2026-06-02T21:00:00+00:00,1068.02000000,1069.01000000,1065.76000000,1066.97000000,1211.52000000
1780434900000,2026-06-02T21:15:00+00:00,1066.81000000,1067.92000000,1065.04000000,1065.29000000,1417.99000000
1780435800000,2026-06-02T21:30:00+00:00,1065.20000000,1065.50000000,1063.61000000,1064.44000000,390.42000000
1780436700000,2026-06-02T21:45:00+00:00,1064.44000000,1066.02000000,1064.43000000,1065.08000000,869.58000000
1780437600000,2026-06-02T22:00:00+00:00,1065.07000000,1066.00000000,1063.44000000,1064.34000000,1151.47000000
1780438500000,2026-06-02T22:15:00+00:00,1064.41000000,1064.94000000,1060.94000000,1061.09000000,1985.37000000
1780439400000,2026-06-02T22:30:00+00:00,1061.24000000,1061.69000000,1055.86000000,1056.33000000,3034.15000000
1780440300000,2026-06-02T22:45:00+00:00,1056.32000000,1056.69000000,1051.62000000,1053.04000000,3585.41000000
1780441200000,2026-06-02T23:00:00+00:00,1053.15000000,1054.67000000,1050.85000000,1053.94000000,3914.37000000
1780442100000,2026-06-02T23:15:00+00:00,1053.98000000,1054.44000000,1046.85000000,1050.93000000,3415.71000000
1780443000000,2026-06-02T23:30:00+00:00,1050.88000000,1058.67000000,1049.28000000,1058.37000000,2673.45000000
1780443900000,2026-06-02T23:45:00+00:00,1058.36000000,1058.92000000,1054.91000000,1056.92000000,2215.81000000
1780444800000,2026-06-03T00:00:00+00:00,1056.80000000,1068.62000000,1055.14000000,1062.01000000,9599.12000000
1780445700000,2026-06-03T00:15:00+00:00,1062.20000000,1064.02000000,1058.57000000,1060.32000000,3570.20000000
1780446600000,2026-06-03T00:30:00+00:00,1060.28000000,1063.04000000,1060.02000000,1062.01000000,1741.17000000
1780447500000,2026-06-03T00:45:00+00:00,1062.01000000,1067.59000000,1061.87000000,1066.06000000,2098.72000000
1780448400000,2026-06-03T01:00:00+00:00,1066.07000000,1066.29000000,1060.55000000,1061.70000000,3770.71000000
1780449300000,2026-06-03T01:15:00+00:00,1061.85000000,1063.13000000,1060.90000000,1062.75000000,1080.72000000
1780450200000,2026-06-03T01:30:00+00:00,1062.71000000,1063.57000000,1056.88000000,1058.79000000,2982.54000000
1780451100000,2026-06-03T01:45:00+00:00,1058.79000000,1061.76000000,1056.57000000,1060.14000000,1636.19000000
1780452000000,2026-06-03T02:00:00+00:00,1060.14000000,1062.11000000,1057.89000000,1060.86000000,1594.61000000
1780452900000,2026-06-03T02:15:00+00:00,1060.75000000,1062.00000000,1058.48000000,1060.10000000,748.66000000
1780453800000,2026-06-03T02:30:00+00:00,1059.99000000,1061.05000000,1059.20000000,1059.75000000,799.66000000
1780454700000,2026-06-03T02:45:00+00:00,1059.80000000,1060.92000000,1058.52000000,1060.67000000,611.15000000
1780455600000,2026-06-03T03:00:00+00:00,1060.69000000,1060.84000000,1058.57000000,1060.82000000,941.94000000
1780456500000,2026-06-03T03:15:00+00:00,1060.83000000,1063.49000000,1059.34000000,1063.20000000,1123.43000000
1780457400000,2026-06-03T03:30:00+00:00,1063.23000000,1065.14000000,1062.00000000,1062.01000000,1713.13000000
1780458300000,2026-06-03T03:45:00+00:00,1062.00000000,1063.20000000,1060.00000000,1062.82000000,1471.01000000
1780459200000,2026-06-03T04:00:00+00:00,1062.81000000,1066.34000000,1062.73000000,1065.79000000,1202.94000000
1780460100000,2026-06-03T04:15:00+00:00,1065.77000000,1065.77000000,1062.52000000,1064.19000000,2640.25000000
1780461000000,2026-06-03T04:30:00+00:00,1064.19000000,1066.04000000,1061.31000000,1061.45000000,1859.26000000
1780461900000,2026-06-03T04:45:00+00:00,1061.40000000,1064.72000000,1060.79000000,1063.64000000,1301.69000000
1780462800000,2026-06-03T05:00:00+00:00,1063.51000000,1066.08000000,1062.30000000,1065.74000000,2181.53000000
1780463700000,2026-06-03T05:15:00+00:00,1065.75000000,1066.77000000,1064.37000000,1064.70000000,1875.73000000
1780464600000,2026-06-03T05:30:00+00:00,1064.70000000,1065.07000000,1062.14000000,1062.20000000,1241.38000000
1780465500000,2026-06-03T05:45:00+00:00,1062.32000000,1062.75000000,1061.33000000,1061.89000000,750.41000000
1780466400000,2026-06-03T06:00:00+00:00,1061.92000000,1063.76000000,1061.48000000,1062.34000000,1109.34000000
1780467300000,2026-06-03T06:15:00+00:00,1062.08000000,1062.08000000,1060.12000000,1061.72000000,1922.36000000
1780468200000,2026-06-03T06:30:00+00:00,1061.70000000,1063.48000000,1060.97000000,1062.36000000,1142.99000000
1780469100000,2026-06-03T06:45:00+00:00,1062.33000000,1062.86000000,1061.42000000,1061.64000000,749.28000000
1780470000000,2026-06-03T07:00:00+00:00,1061.69000000,1062.78000000,1060.93000000,1061.95000000,777.57000000
1780470900000,2026-06-03T07:15:00+00:00,1062.01000000,1062.33000000,1060.23000000,1061.00000000,981.24000000
1780471800000,2026-06-03T07:30:00+00:00,1060.99000000,1062.30000000,1060.34000000,1061.92000000,1081.70000000
1780472700000,2026-06-03T07:45:00+00:00,1061.93000000,1062.56000000,1061.20000000,1061.37000000,607.48000000
1780473600000,2026-06-03T08:00:00+00:00,1061.40000000,1072.38000000,1061.18000000,1070.99000000,5808.18000000
1780474500000,2026-06-03T08:15:00+00:00,1070.92000000,1071.98000000,1065.44000000,1069.15000000,4436.11000000
1780475400000,2026-06-03T08:30:00+00:00,1069.19000000,1072.11000000,1067.30000000,1072.11000000,2043.33000000
1780476300000,2026-06-03T08:45:00+00:00,1072.13000000,1076.47000000,1071.53000000,1076.25000000,4553.71000000
1780477200000,2026-06-03T09:00:00+00:00,1076.27000000,1085.52000000,1076.24000000,1083.10000000,8035.19000000
1780478100000,2026-06-03T09:15:00+00:00,1083.10000000,1084.95000000,1077.45000000,1082.07000000,7045.07000000
1780479000000,2026-06-03T09:30:00+00:00,1082.09000000,1083.80000000,1079.75000000,1083.45000000,2925.68000000
1780479900000,2026-06-03T09:45:00+00:00,1083.35000000,1083.46000000,1078.67000000,1081.13000000,4091.75000000
1780480800000,2026-06-03T10:00:00+00:00,1081.12000000,1087.53000000,1077.76000000,1086.16000000,4802.21000000
1780481700000,2026-06-03T10:15:00+00:00,1086.20000000,1088.29000000,1083.04000000,1087.79000000,2448.75000000
1780482600000,2026-06-03T10:30:00+00:00,1087.80000000,1088.30000000,1082.63000000,1084.60000000,4151.05000000
1780483500000,2026-06-03T10:45:00+00:00,1084.57000000,1085.90000000,1081.44000000,1081.54000000,1853.20000000
1780484400000,2026-06-03T11:00:00+00:00,1081.66000000,1084.76000000,1078.85000000,1079.02000000,2501.11000000
1780485300000,2026-06-03T11:15:00+00:00,1079.02000000,1081.69000000,1077.00000000,1080.15000000,2820.80000000
1780486200000,2026-06-03T11:30:00+00:00,1080.20000000,1081.16000000,1074.13000000,1075.50000000,4298.88000000
1780487100000,2026-06-03T11:45:00+00:00,1075.40000000,1080.57000000,1073.44000000,1078.54000000,4284.93000000
1780488000000,2026-06-03T12:00:00+00:00,1078.50000000,1081.21000000,1072.00000000,1078.97000000,5556.96000000
1780488900000,2026-06-03T12:15:00+00:00,1078.92000000,1080.03000000,1075.29000000,1075.31000000,2955.35000000
1780489800000,2026-06-03T12:30:00+00:00,1075.28000000,1076.65000000,1072.71000000,1074.50000000,3621.27000000
1780490700000,2026-06-03T12:45:00+00:00,1074.54000000,1077.57000000,1073.75000000,1075.94000000,2323.07000000
1780491600000,2026-06-03T13:00:00+00:00,1075.91000000,1077.49000000,1075.05000000,1076.75000000,1652.49000000
1780492500000,2026-06-03T13:15:00+00:00,1076.79000000,1083.89000000,1076.42000000,1080.21000000,7717.64000000
1780493400000,2026-06-03T13:30:00+00:00,1080.23000000,1091.27000000,1048.76000000,1051.58000000,70741.53000000
1780494300000,2026-06-03T13:45:00+00:00,1051.82000000,1061.00000000,1040.23000000,1044.06000000,45917.65000000
1780495200000,2026-06-03T14:00:00+00:00,1044.01000000,1055.74000000,1042.13000000,1054.32000000,21200.99000000
1780496100000,2026-06-03T14:15:00+00:00,1054.37000000,1068.19000000,1054.33000000,1067.71000000,23684.88000000
1780497000000,2026-06-03T14:30:00+00:00,1067.85000000,1076.73000000,1064.33000000,1069.26000000,28089.72000000
1780497900000,2026-06-03T14:45:00+00:00,1069.19000000,1075.50000000,1063.83000000,1066.56000000,12682.95000000
1780498800000,2026-06-03T15:00:00+00:00,1066.51000000,1075.50000000,1066.23000000,1069.78000000,10790.90000000
1780499700000,2026-06-03T15:15:00+00:00,1069.82000000,1071.08000000,1058.44000000,1064.99000000,11568.97000000
1780500600000,2026-06-03T15:30:00+00:00,1064.94000000,1070.61000000,1059.46000000,1059.46000000,6276.14000000
1780501500000,2026-06-03T15:45:00+00:00,1059.56000000,1061.82000000,1055.00000000,1057.55000000,8559.26000000
1780502400000,2026-06-03T16:00:00+00:00,1057.50000000,1068.68000000,1054.66000000,1067.41000000,7763.71000000
1780503300000,2026-06-03T16:15:00+00:00,1067.33000000,1069.40000000,1060.59000000,1064.38000000,6017.83000000
1780504200000,2026-06-03T16:30:00+00:00,1064.41000000,1068.93000000,1058.10000000,1058.95000000,5387.68000000
1780505100000,2026-06-03T16:45:00+00:00,1059.11000000,1066.87000000,1059.11000000,1065.70000000,5154.94000000
1780506000000,2026-06-03T17:00:00+00:00,1065.75000000,1066.46000000,1056.94000000,1058.80000000,6556.22000000
1780506900000,2026-06-03T17:15:00+00:00,1058.78000000,1068.38000000,1056.03000000,1066.70000000,6098.75000000
1780507800000,2026-06-03T17:30:00+00:00,1066.69000000,1068.87000000,1063.00000000,1067.75000000,5051.16000000
1780508700000,2026-06-03T17:45:00+00:00,1067.80000000,1073.49000000,1067.80000000,1071.87000000,6463.31000000
1780509600000,2026-06-03T18:00:00+00:00,1071.90000000,1076.67000000,1066.19000000,1069.11000000,9131.81000000
1780510500000,2026-06-03T18:15:00+00:00,1069.15000000,1073.47000000,1066.73000000,1073.30000000,3216.91000000
1780511400000,2026-06-03T18:30:00+00:00,1073.35000000,1075.00000000,1067.45000000,1070.06000000,6371.36000000
1780512300000,2026-06-03T18:45:00+00:00,1070.06000000,1073.72000000,1069.04000000,1071.63000000,3320.30000000
1780513200000,2026-06-03T19:00:00+00:00,1071.69000000,1074.12000000,1069.31000000,1073.05000000,5783.34000000
1780514100000,2026-06-03T19:15:00+00:00,1073.06000000,1075.00000000,1070.31000000,1074.52000000,3131.65000000
1780515000000,2026-06-03T19:30:00+00:00,1074.56000000,1089.32000000,1074.02000000,1086.88000000,15548.60000000
1780515900000,2026-06-03T19:45:00+00:00,1086.88000000,1089.42000000,1079.16000000,1079.76000000,14114.69000000
1780516800000,2026-06-03T20:00:00+00:00,1079.84000000,1080.51000000,1075.72000000,1075.74000000,4427.77000000
1780517700000,2026-06-03T20:15:00+00:00,1075.74000000,1075.85000000,1068.39000000,1068.62000000,6730.65000000
1780518600000,2026-06-03T20:30:00+00:00,1068.63000000,1069.54000000,1060.57000000,1060.81000000,3748.30000000
1780519500000,2026-06-03T20:45:00+00:00,1060.87000000,1065.20000000,1055.00000000,1060.89000000,5701.58000000
1780520400000,2026-06-03T21:00:00+00:00,1060.89000000,1066.76000000,1052.71000000,1053.40000000,7466.87000000
1780521300000,2026-06-03T21:15:00+00:00,1053.35000000,1058.16000000,1050.75000000,1050.87000000,5203.85000000
1780522200000,2026-06-03T21:30:00+00:00,1050.78000000,1053.07000000,1043.60000000,1051.37000000,5865.98000000
1780523100000,2026-06-03T21:45:00+00:00,1051.36000000,1060.10000000,1051.30000000,1059.89000000,2178.28000000
1780524000000,2026-06-03T22:00:00+00:00,1059.85000000,1061.61000000,1055.66000000,1058.15000000,1549.28000000
1780524900000,2026-06-03T22:15:00+00:00,1058.14000000,1059.46000000,1053.38000000,1055.93000000,1375.54000000
1780525800000,2026-06-03T22:30:00+00:00,1055.89000000,1058.48000000,1054.76000000,1057.70000000,1183.65000000
1780526700000,2026-06-03T22:45:00+00:00,1057.65000000,1058.22000000,1052.10000000,1056.50000000,2320.61000000
1780527600000,2026-06-03T23:00:00+00:00,1056.51000000,1056.88000000,1052.64000000,1054.30000000,2515.19000000
1780528500000,2026-06-03T23:15:00+00:00,1054.35000000,1054.64000000,1052.86000000,1053.70000000,487.96000000
1780529400000,2026-06-03T23:30:00+00:00,1053.80000000,1054.77000000,1051.81000000,1052.57000000,1303.30000000
1780530300000,2026-06-03T23:45:00+00:00,1052.56000000,1052.95000000,1049.37000000,1051.00000000,3106.32000000
1780531200000,2026-06-04T00:00:00+00:00,1051.02000000,1056.32000000,1043.73000000,1053.82000000,8893.35000000
1780532100000,2026-06-04T00:15:00+00:00,1053.81000000,1057.41000000,1052.39000000,1055.39000000,3399.38000000
1780533000000,2026-06-04T00:30:00+00:00,1055.44000000,1061.24000000,1054.82000000,1059.40000000,3665.52000000
1780533900000,2026-06-04T00:45:00+00:00,1059.41000000,1059.41000000,1056.28000000,1056.47000000,1956.91000000
1780534800000,2026-06-04T01:00:00+00:00,1056.46000000,1059.64000000,1055.95000000,1058.01000000,1344.28000000
1780535700000,2026-06-04T01:15:00+00:00,1057.99000000,1058.41000000,1053.78000000,1055.67000000,1894.31000000
1780536600000,2026-06-04T01:30:00+00:00,1055.80000000,1057.58000000,1050.29000000,1050.98000000,2702.47000000
1780537500000,2026-06-04T01:45:00+00:00,1051.07000000,1054.14000000,1049.08000000,1050.18000000,2280.79000000
1780538400000,2026-06-04T02:00:00+00:00,1050.25000000,1052.67000000,1045.63000000,1045.90000000,4585.06000000
1780539300000,2026-06-04T02:15:00+00:00,1045.86000000,1049.32000000,1038.10000000,1048.56000000,10418.88000000
1780540200000,2026-06-04T02:30:00+00:00,1048.51000000,1049.68000000,1045.78000000,1047.77000000,2295.32000000
1780541100000,2026-06-04T02:45:00+00:00,1047.70000000,1050.76000000,1047.04000000,1047.29000000,2189.84000000
1780542000000,2026-06-04T03:00:00+00:00,1047.25000000,1052.80000000,1046.16000000,1052.14000000,1754.47000000
1780542900000,2026-06-04T03:15:00+00:00,1052.16000000,1052.52000000,1050.80000000,1052.26000000,426.40000000
1780543800000,2026-06-04T03:30:00+00:00,1052.30000000,1055.95000000,1051.02000000,1053.08000000,2972.22000000
1780544700000,2026-06-04T03:45:00+00:00,1052.95000000,1054.50000000,1051.41000000,1053.77000000,1045.25000000
1780545600000,2026-06-04T04:00:00+00:00,1053.74000000,1057.15000000,1053.43000000,1057.15000000,1372.35000000
1780546500000,2026-06-04T04:15:00+00:00,1057.17000000,1057.76000000,1055.28000000,1056.15000000,597.79000000
1780547400000,2026-06-04T04:30:00+00:00,1056.22000000,1057.91000000,1054.20000000,1054.82000000,1201.07000000
1780548300000,2026-06-04T04:45:00+00:00,1054.83000000,1055.20000000,1052.76000000,1053.69000000,1382.39000000
1780549200000,2026-06-04T05:00:00+00:00,1053.69000000,1054.50000000,1052.09000000,1054.28000000,1011.97000000
1780550100000,2026-06-04T05:15:00+00:00,1054.30000000,1054.71000000,1051.48000000,1054.38000000,1132.48000000
1780551000000,2026-06-04T05:30:00+00:00,1054.25000000,1056.05000000,1053.22000000,1055.98000000,954.82000000
1780551900000,2026-06-04T05:45:00+00:00,1055.96000000,1056.10000000,1053.64000000,1055.22000000,568.52000000
1780552800000,2026-06-04T06:00:00+00:00,1055.20000000,1056.00000000,1054.03000000,1054.60000000,688.31000000
1780553700000,2026-06-04T06:15:00+00:00,1054.56000000,1055.21000000,1052.63000000,1054.18000000,542.37000000
1780554600000,2026-06-04T06:30:00+00:00,1054.18000000,1055.45000000,1053.64000000,1055.29000000,819.74000000
1780555500000,2026-06-04T06:45:00+00:00,1055.40000000,1057.35000000,1055.05000000,1055.82000000,1150.90000000
1780556400000,2026-06-04T07:00:00+00:00,1055.95000000,1056.43000000,1054.77000000,1056.13000000,513.73000000
1780557300000,2026-06-04T07:15:00+00:00,1056.07000000,1056.20000000,1053.78000000,1054.21000000,1844.77000000
1780558200000,2026-06-04T07:30:00+00:00,1054.34000000,1056.25000000,1052.98000000,1053.44000000,938.97000000
1780559100000,2026-06-04T07:45:00+00:00,1053.55000000,1054.24000000,1052.13000000,1052.49000000,1102.14000000
1780560000000,2026-06-04T08:00:00+00:00,1052.54000000,1053.27000000,1043.78000000,1045.58000000,5349.78000000
1780560900000,2026-06-04T08:15:00+00:00,1045.50000000,1047.86000000,1034.70000000,1038.86000000,6618.03000000
1780561800000,2026-06-04T08:30:00+00:00,1038.72000000,1044.61000000,1038.46000000,1041.77000000,5480.17000000
1780562700000,2026-06-04T08:45:00+00:00,1041.81000000,1044.34000000,1032.00000000,1034.80000000,4829.17000000
1780563600000,2026-06-04T09:00:00+00:00,1034.79000000,1035.46000000,1001.50000000,1001.50000000,29611.97000000
1780564500000,2026-06-04T09:15:00+00:00,1001.51000000,1020.60000000,994.28000000,1019.30000000,27645.92000000
1780565400000,2026-06-04T09:30:00+00:00,1019.40000000,1024.64000000,1013.39000000,1015.14000000,11116.75000000
1780566300000,2026-06-04T09:45:00+00:00,1015.03000000,1024.01000000,1014.25000000,1019.05000000,5242.70000000
1780567200000,2026-06-04T10:00:00+00:00,1019.14000000,1020.56000000,1009.17000000,1012.83000000,6652.32000000
1780568100000,2026-06-04T10:15:00+00:00,1012.84000000,1015.23000000,1007.08000000,1011.00000000,6126.27000000
1780569000000,2026-06-04T10:30:00+00:00,1011.00000000,1014.21000000,1003.28000000,1003.62000000,5735.91000000
1780569900000,2026-06-04T10:45:00+00:00,1003.70000000,1010.38000000,997.50000000,1008.40000000,10885.92000000
1780570800000,2026-06-04T11:00:00+00:00,1008.42000000,1013.88000000,1004.73000000,1008.02000000,7058.48000000
1780571700000,2026-06-04T11:15:00+00:00,1008.11000000,1011.89000000,1002.23000000,1010.30000000,5672.07000000
1780572600000,2026-06-04T11:30:00+00:00,1010.33000000,1014.05000000,997.79000000,999.00000000,8740.57000000
1780573500000,2026-06-04T11:45:00+00:00,998.99000000,1007.49000000,998.34000000,1005.79000000,5777.86000000
1780574400000,2026-06-04T12:00:00+00:00,1005.78000000,1007.52000000,999.12000000,1000.96000000,7922.92000000
1780575300000,2026-06-04T12:15:00+00:00,1001.10000000,1010.82000000,1000.50000000,1010.64000000,7661.58000000
1780576200000,2026-06-04T12:30:00+00:00,1010.59000000,1015.38000000,1008.45000000,1014.67000000,6298.89000000
1780577100000,2026-06-04T12:45:00+00:00,1014.66000000,1019.74000000,1011.82000000,1016.03000000,6515.59000000
1780578000000,2026-06-04T13:00:00+00:00,1016.05000000,1022.73000000,1014.08000000,1021.67000000,6300.38000000
1780578900000,2026-06-04T13:15:00+00:00,1021.62000000,1029.85000000,1006.83000000,1007.53000000,22603.74000000
1780579800000,2026-06-04T13:30:00+00:00,1007.59000000,1018.27000000,990.52000000,991.40000000,56696.21000000
1780580700000,2026-06-04T13:45:00+00:00,991.28000000,1003.61000000,986.20000000,986.55000000,52520.96000000
1780581600000,2026-06-04T14:00:00+00:00,986.48000000,996.57000000,973.28000000,993.78000000,46273.54000000
1780582500000,2026-06-04T14:15:00+00:00,993.76000000,1006.55000000,991.50000000,1006.16000000,33065.91000000
1780583400000,2026-06-04T14:30:00+00:00,1006.53000000,1007.35000000,992.14000000,992.63000000,24807.32000000
1780584300000,2026-06-04T14:45:00+00:00,992.67000000,1000.41000000,991.49000000,999.83000000,11213.59000000
1780585200000,2026-06-04T15:00:00+00:00,999.85000000,1008.57000000,993.00000000,1007.95000000,13036.37000000
1780586100000,2026-06-04T15:15:00+00:00,1008.12000000,1011.24000000,1003.68000000,1004.50000000,10593.60000000
1780587000000,2026-06-04T15:30:00+00:00,1004.48000000,1015.94000000,1002.59000000,1011.42000000,11986.46000000
1780587900000,2026-06-04T15:45:00+00:00,1011.40000000,1012.89000000,1001.88000000,1008.70000000,12689.45000000
1780588800000,2026-06-04T16:00:00+00:00,1008.71000000,1011.81000000,1006.05000000,1006.60000000,7783.53000000
1780589700000,2026-06-04T16:15:00+00:00,1006.55000000,1019.27000000,1006.41000000,1018.99000000,9994.64000000
1780590600000,2026-06-04T16:30:00+00:00,1019.02000000,1020.20000000,1009.81000000,1020.02000000,8276.72000000
1780591500000,2026-06-04T16:45:00+00:00,1019.95000000,1025.95000000,1017.41000000,1023.81000000,11652.31000000
1780592400000,2026-06-04T17:00:00+00:00,1023.80000000,1026.58000000,1019.35000000,1023.05000000,6612.22000000
1780593300000,2026-06-04T17:15:00+00:00,1023.01000000,1023.57000000,1018.95000000,1021.90000000,5640.01000000
1780594200000,2026-06-04T17:30:00+00:00,1021.93000000,1025.15000000,1018.26000000,1024.12000000,5762.46000000
1780595100000,2026-06-04T17:45:00+00:00,1024.11000000,1026.75000000,1021.60000000,1025.88000000,5938.72000000
1780596000000,2026-06-04T18:00:00+00:00,1025.88000000,1036.28000000,1025.25000000,1035.06000000,8691.21000000
1780596900000,2026-06-04T18:15:00+00:00,1035.08000000,1035.38000000,1027.87000000,1031.74000000,6962.97000000
1780597800000,2026-06-04T18:30:00+00:00,1031.75000000,1032.22000000,1020.91000000,1023.75000000,8332.08000000
1780598700000,2026-06-04T18:45:00+00:00,1023.91000000,1027.54000000,1014.92000000,1016.12000000,6211.35000000
1780599600000,2026-06-04T19:00:00+00:00,1016.16000000,1021.40000000,1012.28000000,1014.47000000,6527.61000000
1780600500000,2026-06-04T19:15:00+00:00,1014.47000000,1025.34000000,1011.93000000,1025.27000000,6316.60000000
1780601400000,2026-06-04T19:30:00+00:00,1025.26000000,1029.71000000,1020.23000000,1021.95000000,6998.58000000
1780602300000,2026-06-04T19:45:00+00:00,1021.90000000,1021.90000000,997.50000000,998.06000000,12953.62000000
1780603200000,2026-06-04T20:00:00+00:00,998.08000000,1000.59000000,991.97000000,993.01000000,9656.42000000
1780604100000,2026-06-04T20:15:00+00:00,993.01000000,995.26000000,986.66000000,990.80000000,7122.26000000
1780605000000,2026-06-04T20:30:00+00:00,990.69000000,994.45000000,990.62000000,991.59000000,3463.89000000
1780605900000,2026-06-04T20:45:00+00:00,991.60000000,992.08000000,988.42000000,988.68000000,2932.34000000
1780606800000,2026-06-04T21:00:00+00:00,988.73000000,989.40000000,983.28000000,988.04000000,4439.97000000
1780607700000,2026-06-04T21:15:00+00:00,988.02000000,989.94000000,985.80000000,988.13000000,2047.08000000
1780608600000,2026-06-04T21:30:00+00:00,988.15000000,991.33000000,988.06000000,988.97000000,750.36000000
1780609500000,2026-06-04T21:45:00+00:00,988.97000000,989.70000000,985.33000000,987.36000000,1819.74000000
1780610400000,2026-06-04T22:00:00+00:00,987.35000000,988.68000000,980.29000000,981.05000000,2694.97000000
1780611300000,2026-06-04T22:15:00+00:00,981.05000000,981.05000000,973.06000000,979.61000000,3141.50000000
1780612200000,2026-06-04T22:30:00+00:00,979.58000000,983.56000000,978.94000000,980.63000000,2856.35000000
1780613100000,2026-06-04T22:45:00+00:00,980.60000000,985.14000000,980.37000000,983.90000000,1550.78000000
1780614000000,2026-06-04T23:00:00+00:00,983.94000000,985.43000000,978.03000000,978.17000000,2068.19000000
1780614900000,2026-06-04T23:15:00+00:00,978.18000000,978.20000000,975.42000000,976.95000000,1815.40000000
1780615800000,2026-06-04T23:30:00+00:00,976.93000000,977.10000000,969.98000000,970.96000000,3202.76000000
1780616700000,2026-06-04T23:45:00+00:00,970.97000000,974.84000000,970.55000000,971.68000000,1894.82000000
1780617600000,2026-06-05T00:00:00+00:00,971.67000000,980.76000000,952.95000000,956.02000000,14391.08000000
1780618500000,2026-06-05T00:15:00+00:00,956.03000000,962.29000000,942.82000000,955.05000000,18884.61000000
1780619400000,2026-06-05T00:30:00+00:00,955.07000000,968.43000000,954.91000000,959.65000000,13920.57000000
1780620300000,2026-06-05T00:45:00+00:00,959.65000000,962.47000000,953.63000000,953.92000000,5462.96000000
1780621200000,2026-06-05T01:00:00+00:00,953.97000000,958.90000000,949.10000000,951.70000000,6323.61000000
1780622100000,2026-06-05T01:15:00+00:00,951.74000000,956.27000000,947.18000000,953.90000000,7712.42000000
1780623000000,2026-06-05T01:30:00+00:00,953.92000000,974.61000000,953.76000000,973.13000000,9362.31000000
1780623900000,2026-06-05T01:45:00+00:00,973.14000000,979.56000000,966.37000000,973.24000000,7676.30000000
1780624800000,2026-06-05T02:00:00+00:00,973.42000000,980.94000000,969.95000000,978.14000000,6219.10000000
1780625700000,2026-06-05T02:15:00+00:00,978.07000000,985.44000000,975.54000000,982.48000000,7095.92000000
1780626600000,2026-06-05T02:30:00+00:00,982.40000000,985.00000000,973.30000000,974.61000000,5970.63000000
1780627500000,2026-06-05T02:45:00+00:00,974.64000000,977.45000000,971.01000000,973.10000000,2811.09000000
1780628400000,2026-06-05T03:00:00+00:00,973.26000000,976.17000000,968.65000000,973.50000000,3751.00000000
1780629300000,2026-06-05T03:15:00+00:00,973.51000000,976.32000000,969.29000000,969.55000000,2649.01000000
1780630200000,2026-06-05T03:30:00+00:00,969.60000000,969.96000000,963.85000000,965.03000000,3769.00000000
1780631100000,2026-06-05T03:45:00+00:00,965.00000000,966.92000000,958.88000000,963.14000000,4589.69000000
1780632000000,2026-06-05T04:00:00+00:00,963.24000000,970.10000000,963.22000000,969.57000000,4648.62000000
1780632900000,2026-06-05T04:15:00+00:00,969.72000000,969.90000000,963.66000000,963.79000000,1977.34000000
1780633800000,2026-06-05T04:30:00+00:00,963.79000000,967.11000000,961.41000000,966.79000000,1460.38000000
1780634700000,2026-06-05T04:45:00+00:00,966.78000000,974.13000000,966.19000000,971.33000000,2067.90000000
1780635600000,2026-06-05T05:00:00+00:00,971.16000000,973.76000000,970.43000000,971.41000000,2021.48000000
1780636500000,2026-06-05T05:15:00+00:00,971.58000000,972.03000000,966.61000000,967.48000000,1385.10000000
1780637400000,2026-06-05T05:30:00+00:00,967.26000000,969.42000000,964.61000000,964.78000000,1853.27000000
1780638300000,2026-06-05T05:45:00+00:00,964.78000000,965.33000000,958.09000000,960.78000000,2403.40000000
1780639200000,2026-06-05T06:00:00+00:00,960.67000000,961.90000000,954.40000000,955.00000000,4887.44000000
1780640100000,2026-06-05T06:15:00+00:00,955.00000000,955.91000000,947.42000000,949.62000000,8023.33000000
1780641000000,2026-06-05T06:30:00+00:00,949.67000000,954.68000000,946.99000000,950.39000000,7072.97000000
1780641900000,2026-06-05T06:45:00+00:00,950.44000000,954.62000000,949.00000000,950.40000000,3726.32000000
1780642800000,2026-06-05T07:00:00+00:00,950.40000000,950.76000000,943.25000000,943.81000000,7027.61000000
1780643700000,2026-06-05T07:15:00+00:00,943.93000000,948.16000000,942.26000000,946.82000000,4783.71000000
1780644600000,2026-06-05T07:30:00+00:00,946.76000000,949.18000000,945.17000000,948.70000000,4166.49000000
1780645500000,2026-06-05T07:45:00+00:00,948.71000000,951.57000000,947.29000000,950.21000000,3591.27000000
1780646400000,2026-06-05T08:00:00+00:00,950.25000000,962.87000000,947.74000000,959.29000000,10261.69000000
1780647300000,2026-06-05T08:15:00+00:00,959.17000000,972.46000000,957.61000000,972.00000000,7018.29000000
1780648200000,2026-06-05T08:30:00+00:00,971.90000000,972.42000000,961.95000000,964.49000000,7339.76000000
1780649100000,2026-06-05T08:45:00+00:00,964.45000000,966.29000000,957.70000000,959.41000000,5935.11000000
1780650000000,2026-06-05T09:00:00+00:00,959.49000000,970.65000000,959.17000000,967.60000000,6724.57000000
1780650900000,2026-06-05T09:15:00+00:00,967.61000000,969.99000000,963.81000000,964.11000000,4623.97000000
1780651800000,2026-06-05T09:30:00+00:00,964.18000000,966.56000000,963.03000000,964.60000000,2220.98000000
1780652700000,2026-06-05T09:45:00+00:00,964.60000000,968.67000000,964.32000000,966.39000000,3077.37000000
1780653600000,2026-06-05T10:00:00+00:00,966.38000000,967.62000000,961.69000000,965.13000000,2934.08000000
1780654500000,2026-06-05T10:15:00+00:00,965.01000000,972.97000000,964.54000000,972.60000000,4614.85000000
1780655400000,2026-06-05T10:30:00+00:00,972.61000000,973.83000000,968.10000000,972.38000000,4011.20000000
1780656300000,2026-06-05T10:45:00+00:00,972.35000000,972.46000000,967.30000000,968.14000000,3255.34000000
1780657200000,2026-06-05T11:00:00+00:00,967.96000000,969.91000000,965.28000000,966.46000000,3081.76000000
1780658100000,2026-06-05T11:15:00+00:00,966.36000000,966.66000000,963.29000000,964.79000000,4260.90000000
1780659000000,2026-06-05T11:30:00+00:00,964.64000000,965.50000000,952.37000000,957.94000000,6364.01000000
1780659900000,2026-06-05T11:45:00+00:00,957.97000000,960.89000000,957.50000000,957.95000000,2016.04000000
1780660800000,2026-06-05T12:00:00+00:00,957.93000000,958.70000000,950.66000000,952.20000000,4719.53000000
1780661700000,2026-06-05T12:15:00+00:00,952.25000000,956.78000000,949.12000000,949.27000000,3784.00000000
1780662600000,2026-06-05T12:30:00+00:00,949.26000000,957.33000000,943.23000000,956.05000000,13078.19000000
1780663500000,2026-06-05T12:45:00+00:00,956.10000000,958.40000000,950.29000000,950.64000000,6338.96000000
1780664400000,2026-06-05T13:00:00+00:00,950.72000000,954.22000000,948.77000000,949.93000000,5870.50000000
1780665300000,2026-06-05T13:15:00+00:00,949.85000000,951.10000000,938.00000000,945.68000000,10539.37000000
1780666200000,2026-06-05T13:30:00+00:00,945.61000000,962.64000000,935.95000000,936.07000000,69703.27000000
1780667100000,2026-06-05T13:45:00+00:00,936.08000000,939.67000000,916.46000000,916.79000000,59036.79000000
1780668000000,2026-06-05T14:00:00+00:00,916.90000000,938.76000000,915.95000000,938.26000000,38538.38000000
1780668900000,2026-06-05T14:15:00+00:00,938.27000000,946.35000000,931.05000000,932.67000000,33669.41000000
1780669800000,2026-06-05T14:30:00+00:00,932.74000000,949.84000000,930.93000000,941.96000000,34061.34000000
1780670700000,2026-06-05T14:45:00+00:00,941.95000000,950.87000000,938.41000000,947.73000000,25803.87000000
1780671600000,2026-06-05T15:00:00+00:00,947.72000000,948.05000000,930.89000000,931.20000000,20510.25000000
1780672500000,2026-06-05T15:15:00+00:00,931.14000000,935.62000000,926.06000000,927.24000000,19185.86000000
1780673400000,2026-06-05T15:30:00+00:00,927.12000000,931.06000000,920.47000000,925.31000000,20201.43000000
1780674300000,2026-06-05T15:45:00+00:00,925.33000000,932.81000000,923.41000000,930.55000000,18712.94000000
1780675200000,2026-06-05T16:00:00+00:00,930.50000000,930.64000000,919.08000000,920.68000000,30384.00000000
1780676100000,2026-06-05T16:15:00+00:00,920.56000000,920.56000000,912.71000000,913.25000000,32764.91000000
1780677000000,2026-06-05T16:30:00+00:00,913.17000000,913.48000000,894.06000000,896.23000000,47069.79000000
1780677900000,2026-06-05T16:45:00+00:00,896.21000000,909.52000000,885.85000000,905.89000000,74766.33000000
1780678800000,2026-06-05T17:00:00+00:00,905.90000000,906.23000000,891.91000000,895.67000000,26982.07000000
1780679700000,2026-06-05T17:15:00+00:00,895.70000000,908.13000000,892.86000000,905.60000000,34659.04000000
1780680600000,2026-06-05T17:30:00+00:00,905.89000000,908.88000000,898.93000000,900.24000000,17798.56000000
1780681500000,2026-06-05T17:45:00+00:00,900.27000000,906.71000000,898.87000000,905.79000000,11913.92000000
1780682400000,2026-06-05T18:00:00+00:00,905.82000000,907.63000000,891.32000000,892.72000000,16051.60000000
1780683300000,2026-06-05T18:15:00+00:00,892.85000000,893.19000000,883.54000000,888.64000000,17741.58000000
1780684200000,2026-06-05T18:30:00+00:00,888.61000000,889.81000000,871.49000000,877.79000000,24313.21000000
1780685100000,2026-06-05T18:45:00+00:00,877.86000000,888.27000000,869.37000000,887.33000000,33415.19000000
1780686000000,2026-06-05T19:00:00+00:00,887.37000000,892.08000000,872.86000000,876.09000000,16788.45000000
1780686900000,2026-06-05T19:15:00+00:00,876.05000000,884.82000000,867.71000000,884.82000000,13323.48000000
1780687800000,2026-06-05T19:30:00+00:00,884.81000000,887.40000000,875.79000000,880.55000000,13887.04000000
1780688700000,2026-06-05T19:45:00+00:00,880.43000000,894.73000000,866.25000000,866.49000000,25288.79000000
1780689600000,2026-06-05T20:00:00+00:00,866.40000000,873.58000000,856.00000000,857.76000000,14080.26000000
1780690500000,2026-06-05T20:15:00+00:00,857.87000000,861.50000000,851.00000000,859.22000000,22825.18000000
1780691400000,2026-06-05T20:30:00+00:00,859.31000000,859.38000000,850.01000000,858.49000000,9026.35000000
1780692300000,2026-06-05T20:45:00+00:00,858.50000000,865.68000000,856.05000000,863.85000000,5724.73000000
1780693200000,2026-06-05T21:00:00+00:00,863.81000000,874.79000000,860.54000000,871.56000000,5752.83000000
1780694100000,2026-06-05T21:15:00+00:00,871.49000000,878.53000000,870.30000000,872.39000000,8584.82000000
1780695000000,2026-06-05T21:30:00+00:00,872.40000000,876.00000000,871.82000000,876.00000000,2114.81000000
1780695900000,2026-06-05T21:45:00+00:00,876.00000000,881.00000000,873.85000000,880.70000000,2265.03000000
1780696800000,2026-06-05T22:00:00+00:00,880.84000000,885.09000000,875.98000000,875.98000000,3775.41000000
1780697700000,2026-06-05T22:15:00+00:00,875.98000000,880.17000000,873.86000000,876.25000000,2687.95000000
1780698600000,2026-06-05T22:30:00+00:00,876.30000000,879.83000000,869.84000000,870.32000000,2899.44000000
1780699500000,2026-06-05T22:45:00+00:00,870.29000000,873.01000000,870.16000000,871.22000000,1381.85000000
1780700400000,2026-06-05T23:00:00+00:00,871.24000000,871.52000000,869.42000000,869.87000000,1399.02000000
1780701300000,2026-06-05T23:15:00+00:00,869.85000000,870.19000000,859.69000000,862.20000000,3893.27000000
1780702200000,2026-06-05T23:30:00+00:00,862.08000000,862.99000000,854.22000000,855.29000000,4805.48000000
1780703100000,2026-06-05T23:45:00+00:00,855.33000000,863.43000000,852.89000000,859.38000000,6096.38000000
1780704000000,2026-06-06T00:00:00+00:00,859.38000000,878.02000000,859.38000000,869.65000000,17285.78000000
1780704900000,2026-06-06T00:15:00+00:00,869.67000000,873.49000000,864.40000000,867.35000000,3872.26000000
1780705800000,2026-06-06T00:30:00+00:00,867.45000000,868.68000000,863.44000000,866.27000000,2520.51000000
1780706700000,2026-06-06T00:45:00+00:00,866.27000000,866.63000000,859.52000000,861.48000000,2924.12000000
1780707600000,2026-06-06T01:00:00+00:00,861.53000000,863.76000000,859.34000000,860.49000000,1651.53000000
1780708500000,2026-06-06T01:15:00+00:00,860.50000000,860.88000000,855.25000000,856.67000000,2887.91000000
1780709400000,2026-06-06T01:30:00+00:00,856.62000000,856.74000000,854.31000000,855.05000000,1513.96000000
1780710300000,2026-06-06T01:45:00+00:00,854.89000000,855.14000000,835.50000000,838.14000000,10518.53000000
1780711200000,2026-06-06T02:00:00+00:00,838.11000000,843.69000000,838.02000000,838.24000000,4059.46000000
1780712100000,2026-06-06T02:15:00+00:00,838.22000000,843.35000000,838.02000000,840.05000000,4363.97000000
1780713000000,2026-06-06T02:30:00+00:00,840.01000000,848.57000000,835.00000000,847.18000000,5182.01000000
1780713900000,2026-06-06T02:45:00+00:00,847.05000000,852.18000000,843.78000000,845.49000000,3804.75000000
1780714800000,2026-06-06T03:00:00+00:00,845.65000000,850.50000000,838.29000000,840.59000000,3452.54000000
1780715700000,2026-06-06T03:15:00+00:00,840.63000000,844.35000000,838.00000000,844.19000000,1686.26000000
1780716600000,2026-06-06T03:30:00+00:00,844.20000000,848.34000000,842.90000000,848.04000000,1786.09000000
1780717500000,2026-06-06T03:45:00+00:00,848.06000000,853.13000000,848.06000000,853.02000000,2005.69000000
1780718400000,2026-06-06T04:00:00+00:00,853.01000000,859.00000000,851.78000000,857.65000000,4129.63000000
1780719300000,2026-06-06T04:15:00+00:00,857.57000000,858.00000000,850.75000000,853.60000000,2271.24000000
1780720200000,2026-06-06T04:30:00+00:00,853.60000000,853.60000000,848.16000000,850.20000000,1784.47000000
1780721100000,2026-06-06T04:45:00+00:00,850.18000000,850.23000000,846.20000000,846.30000000,1182.39000000
1780722000000,2026-06-06T05:00:00+00:00,846.30000000,855.36000000,844.82000000,852.67000000,4145.08000000
1780722900000,2026-06-06T05:15:00+00:00,852.65000000,858.73000000,851.54000000,854.42000000,3336.67000000
1780723800000,2026-06-06T05:30:00+00:00,854.41000000,859.61000000,853.74000000,858.30000000,1948.93000000
1780724700000,2026-06-06T05:45:00+00:00,858.35000000,874.46000000,858.21000000,873.39000000,4888.13000000
1780725600000,2026-06-06T06:00:00+00:00,873.40000000,873.57000000,857.08000000,866.37000000,6193.46000000
1780726500000,2026-06-06T06:15:00+00:00,866.39000000,872.69000000,863.14000000,867.96000000,2452.81000000
1780727400000,2026-06-06T06:30:00+00:00,868.08000000,868.31000000,862.29000000,862.51000000,993.47000000
1780728300000,2026-06-06T06:45:00+00:00,862.43000000,863.06000000,857.76000000,858.96000000,1500.19000000
1780729200000,2026-06-06T07:00:00+00:00,858.96000000,862.87000000,856.33000000,859.01000000,1445.81000000
1780730100000,2026-06-06T07:15:00+00:00,859.01000000,861.92000000,857.17000000,857.77000000,601.54000000
1780731000000,2026-06-06T07:30:00+00:00,857.69000000,858.55000000,851.11000000,853.31000000,1660.70000000
1780731900000,2026-06-06T07:45:00+00:00,853.32000000,855.77000000,851.47000000,853.84000000,1114.40000000
1780732800000,2026-06-06T08:00:00+00:00,853.93000000,857.75000000,852.70000000,857.33000000,1024.03000000
1780733700000,2026-06-06T08:15:00+00:00,857.34000000,862.92000000,854.84000000,862.92000000,1226.57000000
1780734600000,2026-06-06T08:30:00+00:00,862.82000000,863.85000000,859.30000000,861.80000000,966.81000000
1780735500000,2026-06-06T08:45:00+00:00,861.76000000,867.29000000,861.76000000,865.11000000,1220.07000000
1780736400000,2026-06-06T09:00:00+00:00,865.05000000,869.76000000,863.89000000,864.52000000,2593.23000000
1780737300000,2026-06-06T09:15:00+00:00,864.52000000,866.43000000,863.00000000,865.08000000,561.43000000
1780738200000,2026-06-06T09:30:00+00:00,865.01000000,869.11000000,864.80000000,867.43000000,517.54000000
1780739100000,2026-06-06T09:45:00+00:00,867.42000000,867.86000000,860.74000000,862.26000000,1124.44000000
1780740000000,2026-06-06T10:00:00+00:00,862.32000000,862.81000000,856.28000000,857.22000000,2198.65000000
1780740900000,2026-06-06T10:15:00+00:00,857.19000000,861.43000000,855.00000000,860.10000000,1797.28000000
1780741800000,2026-06-06T10:30:00+00:00,859.97000000,861.44000000,855.50000000,860.88000000,1561.72000000
1780742700000,2026-06-06T10:45:00+00:00,860.94000000,865.56000000,857.64000000,862.63000000,1657.16000000
1780743600000,2026-06-06T11:00:00+00:00,862.72000000,869.37000000,862.01000000,862.80000000,2417.30000000
1780744500000,2026-06-06T11:15:00+00:00,862.79000000,864.82000000,858.87000000,864.56000000,1353.00000000
1780745400000,2026-06-06T11:30:00+00:00,864.59000000,867.74000000,864.15000000,864.45000000,1220.03000000
1780746300000,2026-06-06T11:45:00+00:00,864.44000000,867.50000000,864.15000000,864.88000000,679.74000000
1780747200000,2026-06-06T12:00:00+00:00,864.88000000,872.15000000,864.53000000,872.15000000,1858.52000000
1780748100000,2026-06-06T12:15:00+00:00,872.14000000,878.00000000,868.07000000,868.74000000,10222.63000000
1780749000000,2026-06-06T12:30:00+00:00,868.77000000,873.00000000,865.00000000,872.58000000,4277.47000000
1780749900000,2026-06-06T12:45:00+00:00,872.50000000,875.57000000,867.79000000,873.53000000,2897.36000000
1780750800000,2026-06-06T13:00:00+00:00,873.52000000,876.44000000,871.40000000,871.93000000,1684.18000000
1780751700000,2026-06-06T13:15:00+00:00,871.93000000,873.02000000,869.49000000,870.38000000,1571.50000000
1780752600000,2026-06-06T13:30:00+00:00,870.32000000,871.78000000,870.00000000,871.54000000,708.55000000
1780753500000,2026-06-06T13:45:00+00:00,871.71000000,873.91000000,870.00000000,870.46000000,968.58000000
1780754400000,2026-06-06T14:00:00+00:00,870.50000000,873.18000000,870.30000000,872.80000000,737.41000000
1780755300000,2026-06-06T14:15:00+00:00,872.97000000,874.66000000,870.00000000,871.32000000,1198.96000000
1780756200000,2026-06-06T14:30:00+00:00,871.41000000,874.81000000,870.22000000,873.36000000,1257.59000000
1780757100000,2026-06-06T14:45:00+00:00,873.35000000,876.00000000,873.13000000,874.77000000,1155.92000000
1780758000000,2026-06-06T15:00:00+00:00,874.74000000,875.96000000,869.86000000,871.06000000,1522.69000000
1780758900000,2026-06-06T15:15:00+00:00,871.07000000,872.66000000,867.05000000,869.00000000,1372.15000000
1780759800000,2026-06-06T15:30:00+00:00,869.00000000,869.08000000,864.93000000,868.47000000,1575.71000000
1780760700000,2026-06-06T15:45:00+00:00,868.41000000,872.40000000,867.72000000,869.11000000,888.86000000
1780761600000,2026-06-06T16:00:00+00:00,869.14000000,872.94000000,867.80000000,871.09000000,1155.87000000
1780762500000,2026-06-06T16:15:00+00:00,871.12000000,874.35000000,870.80000000,872.03000000,1001.98000000
1780763400000,2026-06-06T16:30:00+00:00,872.02000000,872.57000000,869.00000000,872.35000000,858.22000000
1780764300000,2026-06-06T16:45:00+00:00,872.34000000,876.00000000,871.66000000,874.73000000,1230.63000000
1780765200000,2026-06-06T17:00:00+00:00,874.77000000,875.80000000,868.24000000,868.35000000,2237.18000000
1780766100000,2026-06-06T17:15:00+00:00,868.35000000,869.69000000,866.89000000,869.22000000,886.95000000
1780767000000,2026-06-06T17:30:00+00:00,869.16000000,871.49000000,866.17000000,866.85000000,945.23000000
1780767900000,2026-06-06T17:45:00+00:00,866.85000000,868.43000000,865.00000000,865.75000000,908.35000000
1780768800000,2026-06-06T18:00:00+00:00,865.72000000,870.24000000,864.07000000,868.93000000,1405.56000000
1780769700000,2026-06-06T18:15:00+00:00,868.70000000,871.39000000,866.01000000,870.47000000,1137.12000000
1780770600000,2026-06-06T18:30:00+00:00,870.44000000,871.45000000,866.00000000,868.64000000,932.40000000
1780771500000,2026-06-06T18:45:00+00:00,868.63000000,869.96000000,867.73000000,869.18000000,430.64000000
1780772400000,2026-06-06T19:00:00+00:00,869.16000000,872.98000000,868.35000000,872.03000000,764.97000000
1780773300000,2026-06-06T19:15:00+00:00,872.02000000,873.77000000,869.96000000,873.61000000,715.45000000
1780774200000,2026-06-06T19:30:00+00:00,873.60000000,874.80000000,871.81000000,874.61000000,658.49000000
1780775100000,2026-06-06T19:45:00+00:00,874.59000000,875.55000000,873.61000000,874.92000000,647.02000000
1780776000000,2026-06-06T20:00:00+00:00,874.90000000,874.90000000,870.74000000,871.41000000,626.82000000
1780776900000,2026-06-06T20:15:00+00:00,871.40000000,874.02000000,870.76000000,873.92000000,287.76000000
1780777800000,2026-06-06T20:30:00+00:00,873.96000000,876.41000000,872.99000000,875.85000000,1139.64000000
1780778700000,2026-06-06T20:45:00+00:00,875.84000000,876.71000000,874.76000000,875.12000000,501.37000000
1780779600000,2026-06-06T21:00:00+00:00,875.09000000,877.00000000,874.96000000,876.78000000,234.73000000
1780780500000,2026-06-06T21:15:00+00:00,876.72000000,877.27000000,874.67000000,875.43000000,534.17000000
1780781400000,2026-06-06T21:30:00+00:00,875.44000000,876.70000000,874.90000000,876.32000000,344.15000000
1780782300000,2026-06-06T21:45:00+00:00,876.32000000,876.94000000,872.93000000,873.30000000,656.95000000
1780783200000,2026-06-06T22:00:00+00:00,873.48000000,875.86000000,868.70000000,869.41000000,1271.46000000
1780784100000,2026-06-06T22:15:00+00:00,869.60000000,869.62000000,867.30000000,867.42000000,624.07000000
1780785000000,2026-06-06T22:30:00+00:00,867.43000000,871.55000000,867.15000000,869.90000000,586.15000000
1780785900000,2026-06-06T22:45:00+00:00,869.96000000,871.46000000,868.10000000,868.27000000,435.68000000
1780786800000,2026-06-06T23:00:00+00:00,868.37000000,874.68000000,867.64000000,874.28000000,465.49000000
1780787700000,2026-06-06T23:15:00+00:00,874.26000000,875.19000000,872.38000000,874.07000000,316.30000000
1780788600000,2026-06-06T23:30:00+00:00,874.09000000,879.53000000,873.96000000,879.33000000,2198.57000000
1780789500000,2026-06-06T23:45:00+00:00,879.30000000,880.18000000,877.27000000,877.69000000,1777.05000000
1780790400000,2026-06-07T00:00:00+00:00,877.69000000,879.13000000,870.89000000,872.18000000,2011.58000000
1780791300000,2026-06-07T00:15:00+00:00,872.18000000,874.64000000,872.07000000,873.60000000,808.69000000
1780792200000,2026-06-07T00:30:00+00:00,873.62000000,879.78000000,873.53000000,876.90000000,1737.25000000
1780793100000,2026-06-07T00:45:00+00:00,876.89000000,878.99000000,874.85000000,876.28000000,868.45000000
1780794000000,2026-06-07T01:00:00+00:00,876.27000000,878.00000000,871.59000000,877.44000000,2027.84000000
1780794900000,2026-06-07T01:15:00+00:00,877.43000000,883.58000000,876.83000000,883.41000000,2903.35000000
1780795800000,2026-06-07T01:30:00+00:00,883.37000000,888.00000000,880.97000000,886.87000000,2676.20000000
1780796700000,2026-06-07T01:45:00+00:00,886.86000000,887.04000000,881.56000000,884.49000000,2376.37000000
1780797600000,2026-06-07T02:00:00+00:00,884.48000000,884.65000000,879.45000000,880.15000000,1423.61000000
1780798500000,2026-06-07T02:15:00+00:00,880.15000000,880.58000000,873.35000000,873.89000000,1801.22000000
1780799400000,2026-06-07T02:30:00+00:00,873.88000000,876.55000000,873.18000000,874.49000000,1600.86000000
1780800300000,2026-06-07T02:45:00+00:00,874.49000000,876.14000000,871.26000000,873.49000000,2076.93000000
1780801200000,2026-06-07T03:00:00+00:00,873.50000000,874.99000000,871.26000000,873.35000000,1247.46000000
1780802100000,2026-06-07T03:15:00+00:00,873.33000000,875.87000000,872.15000000,874.50000000,1161.69000000
1780803000000,2026-06-07T03:30:00+00:00,874.53000000,879.54000000,873.67000000,879.11000000,855.17000000
1780803900000,2026-06-07T03:45:00+00:00,879.06000000,879.08000000,874.30000000,874.92000000,1001.23000000
1780804800000,2026-06-07T04:00:00+00:00,874.90000000,876.16000000,873.30000000,875.02000000,1101.17000000
1780805700000,2026-06-07T04:15:00+00:00,874.95000000,874.95000000,873.00000000,874.43000000,675.96000000
1780806600000,2026-06-07T04:30:00+00:00,874.43000000,876.75000000,872.78000000,874.74000000,994.03000000
1780807500000,2026-06-07T04:45:00+00:00,874.79000000,879.10000000,874.45000000,878.85000000,1102.06000000
1780808400000,2026-06-07T05:00:00+00:00,878.81000000,883.56000000,877.50000000,882.81000000,2238.60000000
1780809300000,2026-06-07T05:15:00+00:00,882.83000000,885.16000000,881.11000000,883.29000000,2158.59000000
1780810200000,2026-06-07T05:30:00+00:00,883.29000000,884.20000000,881.08000000,882.68000000,1285.90000000
1780811100000,2026-06-07T05:45:00+00:00,882.65000000,885.19000000,881.41000000,883.49000000,774.27000000
1780812000000,2026-06-07T06:00:00+00:00,883.60000000,888.00000000,883.07000000,884.65000000,1706.97000000
1780812900000,2026-06-07T06:15:00+00:00,884.59000000,887.77000000,883.49000000,887.56000000,971.30000000
1780813800000,2026-06-07T06:30:00+00:00,887.54000000,893.50000000,887.22000000,888.95000000,3983.93000000
1780814700000,2026-06-07T06:45:00+00:00,888.93000000,889.39000000,885.67000000,886.70000000,1501.48000000
1780815600000,2026-06-07T07:00:00+00:00,886.66000000,886.79000000,883.04000000,885.31000000,1198.09000000
1780816500000,2026-06-07T07:15:00+00:00,885.25000000,887.11000000,884.11000000,885.67000000,1205.76000000
1780817400000,2026-06-07T07:30:00+00:00,885.85000000,886.94000000,879.96000000,880.51000000,2140.78000000
1780818300000,2026-06-07T07:45:00+00:00,880.38000000,883.11000000,880.33000000,881.52000000,1232.84000000
1780819200000,2026-06-07T08:00:00+00:00,881.52000000,882.65000000,877.91000000,880.44000000,1970.85000000
1780820100000,2026-06-07T08:15:00+00:00,880.41000000,880.41000000,878.04000000,879.32000000,787.36000000
1780821000000,2026-06-07T08:30:00+00:00,879.35000000,879.41000000,876.31000000,876.31000000,1636.16000000
1780821900000,2026-06-07T08:45:00+00:00,876.28000000,879.18000000,876.22000000,878.83000000,1761.84000000
1780822800000,2026-06-07T09:00:00+00:00,878.83000000,883.19000000,878.29000000,883.19000000,2639.83000000
1780823700000,2026-06-07T09:15:00+00:00,883.19000000,885.80000000,876.00000000,876.57000000,3561.38000000
1780824600000,2026-06-07T09:30:00+00:00,876.57000000,876.74000000,874.37000000,874.75000000,1524.77000000
1780825500000,2026-06-07T09:45:00+00:00,874.77000000,875.61000000,873.22000000,873.25000000,1349.51000000
1780826400000,2026-06-07T10:00:00+00:00,873.22000000,874.15000000,869.11000000,873.82000000,1349.45000000
1780827300000,2026-06-07T10:15:00+00:00,873.82000000,875.38000000,873.26000000,875.27000000,560.81000000
1780828200000,2026-06-07T10:30:00+00:00,875.29000000,880.00000000,872.29000000,875.27000000,2566.95000000
1780829100000,2026-06-07T10:45:00+00:00,875.33000000,876.47000000,873.62000000,874.90000000,481.39000000
1780830000000,2026-06-07T11:00:00+00:00,874.89000000,883.71000000,874.55000000,881.58000000,2565.49000000
1780830900000,2026-06-07T11:15:00+00:00,881.55000000,889.89000000,881.23000000,886.42000000,4673.02000000
1780831800000,2026-06-07T11:30:00+00:00,886.30000000,897.97000000,885.77000000,897.38000000,7654.61000000
1780832700000,2026-06-07T11:45:00+00:00,897.32000000,899.42000000,892.70000000,897.41000000,6499.95000000
1780833600000,2026-06-07T12:00:00+00:00,897.48000000,905.48000000,896.87000000,898.78000000,9317.00000000
1780834500000,2026-06-07T12:15:00+00:00,898.84000000,902.76000000,898.24000000,901.75000000,3671.52000000
1780835400000,2026-06-07T12:30:00+00:00,901.78000000,905.01000000,901.28000000,904.82000000,4113.95000000
1780836300000,2026-06-07T12:45:00+00:00,904.85000000,908.00000000,900.00000000,903.67000000,4963.12000000
1780837200000,2026-06-07T13:00:00+00:00,903.67000000,904.22000000,889.34000000,896.16000000,5015.38000000
1780838100000,2026-06-07T13:15:00+00:00,896.17000000,902.66000000,892.83000000,897.25000000,4400.57000000
1780839000000,2026-06-07T13:30:00+00:00,897.25000000,902.92000000,896.58000000,902.92000000,2045.41000000
1780839900000,2026-06-07T13:45:00+00:00,902.93000000,907.96000000,901.18000000,905.26000000,2312.75000000
1780840800000,2026-06-07T14:00:00+00:00,905.27000000,912.67000000,904.78000000,912.65000000,3057.79000000
1780841700000,2026-06-07T14:15:00+00:00,912.65000000,913.86000000,908.52000000,909.21000000,3855.45000000
1780842600000,2026-06-07T14:30:00+00:00,909.22000000,910.07000000,902.11000000,905.57000000,3525.77000000
1780843500000,2026-06-07T14:45:00+00:00,905.57000000,905.90000000,897.58000000,901.26000000,2374.15000000
1780844400000,2026-06-07T15:00:00+00:00,901.25000000,905.41000000,900.53000000,903.28000000,1757.65000000
1780845300000,2026-06-07T15:15:00+00:00,903.29000000,903.98000000,896.51000000,897.69000000,2425.66000000
1780846200000,2026-06-07T15:30:00+00:00,897.70000000,908.48000000,897.36000000,905.88000000,3758.82000000
1780847100000,2026-06-07T15:45:00+00:00,905.87000000,905.87000000,899.79000000,900.82000000,2047.28000000
1780848000000,2026-06-07T16:00:00+00:00,900.83000000,904.95000000,900.63000000,902.92000000,1529.78000000
1780848900000,2026-06-07T16:15:00+00:00,902.90000000,907.98000000,902.73000000,907.31000000,1055.59000000
1780849800000,2026-06-07T16:30:00+00:00,907.22000000,910.68000000,906.40000000,909.18000000,1257.07000000
1780850700000,2026-06-07T16:45:00+00:00,909.18000000,912.61000000,906.25000000,907.97000000,2157.03000000
1780851600000,2026-06-07T17:00:00+00:00,907.91000000,911.45000000,905.68000000,906.67000000,1496.47000000
1780852500000,2026-06-07T17:15:00+00:00,906.69000000,907.39000000,905.14000000,906.84000000,506.74000000
1780853400000,2026-06-07T17:30:00+00:00,906.85000000,908.80000000,903.11000000,907.19000000,707.57000000
1780854300000,2026-06-07T17:45:00+00:00,907.29000000,908.35000000,904.28000000,904.29000000,875.58000000
1780855200000,2026-06-07T18:00:00+00:00,904.43000000,906.20000000,901.38000000,902.93000000,1133.18000000
1780856100000,2026-06-07T18:15:00+00:00,902.94000000,903.35000000,899.99000000,901.76000000,646.27000000
1780857000000,2026-06-07T18:30:00+00:00,901.74000000,902.48000000,898.51000000,898.69000000,639.27000000
1780857900000,2026-06-07T18:45:00+00:00,898.75000000,901.35000000,897.70000000,897.86000000,807.03000000
1780858800000,2026-06-07T19:00:00+00:00,897.89000000,897.89000000,891.10000000,891.65000000,1959.00000000
1780859700000,2026-06-07T19:15:00+00:00,891.65000000,894.64000000,890.72000000,894.30000000,1681.66000000
1780860600000,2026-06-07T19:30:00+00:00,894.18000000,894.43000000,890.86000000,891.08000000,2784.45000000
1780861500000,2026-06-07T19:45:00+00:00,891.08000000,895.55000000,890.86000000,892.56000000,1587.00000000
1780862400000,2026-06-07T20:00:00+00:00,892.52000000,897.12000000,892.09000000,895.11000000,674.00000000
1780863300000,2026-06-07T20:15:00+00:00,895.12000000,899.83000000,894.73000000,898.87000000,614.24000000
1780864200000,2026-06-07T20:30:00+00:00,898.88000000,899.90000000,896.78000000,898.53000000,334.49000000
1780865100000,2026-06-07T20:45:00+00:00,898.51000000,903.95000000,898.38000000,903.25000000,377.69000000
1780866000000,2026-06-07T21:00:00+00:00,903.25000000,904.68000000,901.50000000,901.74000000,496.58000000
1780866900000,2026-06-07T21:15:00+00:00,901.74000000,902.40000000,898.36000000,900.38000000,550.96000000
1780867800000,2026-06-07T21:30:00+00:00,900.48000000,901.81000000,899.27000000,901.00000000,307.11000000
1780868700000,2026-06-07T21:45:00+00:00,900.95000000,900.98000000,896.13000000,896.79000000,425.22000000
1780869600000,2026-06-07T22:00:00+00:00,896.80000000,900.75000000,892.59000000,899.32000000,2426.62000000
1780870500000,2026-06-07T22:15:00+00:00,899.31000000,904.50000000,896.65000000,903.63000000,1689.04000000
1780871400000,2026-06-07T22:30:00+00:00,903.69000000,905.62000000,900.28000000,904.73000000,1095.50000000
1780872300000,2026-06-07T22:45:00+00:00,904.81000000,904.81000000,898.21000000,898.31000000,1425.16000000
1780873200000,2026-06-07T23:00:00+00:00,898.55000000,901.78000000,897.51000000,899.12000000,1550.35000000
1780874100000,2026-06-07T23:15:00+00:00,899.00000000,902.53000000,896.46000000,902.02000000,701.65000000
1780875000000,2026-06-07T23:30:00+00:00,902.00000000,902.89000000,895.56000000,895.78000000,1375.90000000
1780875900000,2026-06-07T23:45:00+00:00,895.81000000,896.66000000,886.53000000,888.57000000,5439.95000000
1780876800000,2026-06-08T00:00:00+00:00,888.51000000,912.46000000,886.41000000,910.40000000,38974.83000000
1780877700000,2026-06-08T00:15:00+00:00,910.35000000,910.90000000,897.00000000,908.99000000,13408.70000000
1780878600000,2026-06-08T00:30:00+00:00,908.97000000,933.33000000,906.49000000,922.38000000,17947.32000000
1780879500000,2026-06-08T00:45:00+00:00,922.36000000,926.28000000,905.76000000,914.05000000,17315.02000000
1780880400000,2026-06-08T01:00:00+00:00,914.28000000,914.53000000,880.00000000,899.20000000,22324.92000000
1780881300000,2026-06-08T01:15:00+00:00,899.21000000,900.72000000,872.85000000,873.93000000,21091.73000000
1780882200000,2026-06-08T01:30:00+00:00,873.94000000,896.15000000,871.38000000,894.65000000,24986.27000000
1780883100000,2026-06-08T01:45:00+00:00,894.65000000,898.59000000,887.24000000,896.64000000,12485.41000000
1780884000000,2026-06-08T02:00:00+00:00,896.70000000,901.13000000,892.23000000,897.97000000,8846.58000000
1780884900000,2026-06-08T02:15:00+00:00,897.96000000,905.72000000,891.71000000,905.36000000,7342.08000000
1780885800000,2026-06-08T02:30:00+00:00,905.32000000,915.67000000,901.72000000,915.57000000,13326.06000000
1780886700000,2026-06-08T02:45:00+00:00,915.42000000,916.02000000,905.10000000,906.39000000,8258.56000000
1780887600000,2026-06-08T03:00:00+00:00,906.39000000,911.15000000,903.55000000,905.76000000,4725.31000000
1780888500000,2026-06-08T03:15:00+00:00,905.76000000,907.78000000,899.16000000,903.76000000,4538.05000000
1780889400000,2026-06-08T03:30:00+00:00,903.68000000,907.62000000,902.51000000,905.54000000,2273.27000000
1780890300000,2026-06-08T03:45:00+00:00,905.70000000,907.37000000,900.78000000,902.60000000,1796.24000000
1780891200000,2026-06-08T04:00:00+00:00,902.65000000,903.53000000,896.72000000,897.35000000,2826.59000000
1780892100000,2026-06-08T04:15:00+00:00,897.34000000,899.74000000,892.85000000,896.85000000,3524.15000000
1780893000000,2026-06-08T04:30:00+00:00,896.85000000,897.35000000,889.18000000,889.37000000,2555.49000000
1780893900000,2026-06-08T04:45:00+00:00,889.36000000,891.45000000,884.72000000,884.78000000,4782.62000000
1780894800000,2026-06-08T05:00:00+00:00,884.77000000,889.42000000,878.57000000,881.08000000,7692.43000000
1780895700000,2026-06-08T05:15:00+00:00,881.15000000,892.64000000,879.87000000,892.51000000,4005.60000000
1780896600000,2026-06-08T05:30:00+00:00,892.47000000,892.55000000,872.18000000,873.75000000,7484.31000000
1780897500000,2026-06-08T05:45:00+00:00,873.78000000,878.33000000,868.00000000,872.92000000,12076.83000000
1780898400000,2026-06-08T06:00:00+00:00,872.83000000,879.56000000,871.12000000,871.38000000,7815.55000000
1780899300000,2026-06-08T06:15:00+00:00,871.43000000,881.58000000,868.51000000,880.89000000,7527.92000000
1780900200000,2026-06-08T06:30:00+00:00,880.79000000,882.99000000,874.81000000,877.11000000,5034.22000000
1780901100000,2026-06-08T06:45:00+00:00,877.14000000,879.24000000,873.39000000,879.24000000,2990.79000000
1780902000000,2026-06-08T07:00:00+00:00,879.15000000,891.04000000,878.24000000,890.17000000,7021.23000000
1780902900000,2026-06-08T07:15:00+00:00,890.14000000,895.56000000,885.83000000,894.10000000,4628.83000000
1780903800000,2026-06-08T07:30:00+00:00,894.13000000,899.16000000,892.22000000,895.43000000,4433.05000000
1780904700000,2026-06-08T07:45:00+00:00,895.42000000,898.60000000,892.52000000,896.32000000,3892.92000000
1780905600000,2026-06-08T08:00:00+00:00,896.30000000,910.21000000,892.85000000,900.28000000,16787.30000000
1780906500000,2026-06-08T08:15:00+00:00,900.26000000,908.99000000,899.61000000,906.31000000,8866.41000000
1780907400000,2026-06-08T08:30:00+00:00,906.32000000,914.53000000,899.00000000,902.74000000,10800.45000000
1780908300000,2026-06-08T08:45:00+00:00,902.84000000,904.10000000,895.33000000,903.50000000,9024.20000000
1780909200000,2026-06-08T09:00:00+00:00,903.55000000,905.06000000,894.56000000,899.09000000,5158.01000000
1780910100000,2026-06-08T09:15:00+00:00,899.17000000,902.84000000,897.94000000,900.07000000,3106.33000000
1780911000000,2026-06-08T09:30:00+00:00,899.97000000,901.18000000,892.20000000,897.46000000,6782.14000000
1780911900000,2026-06-08T09:45:00+00:00,897.50000000,900.92000000,896.88000000,899.35000000,3087.79000000
1780912800000,2026-06-08T10:00:00+00:00,899.30000000,901.38000000,892.59000000,899.16000000,4419.87000000
1780913700000,2026-06-08T10:15:00+00:00,899.24000000,899.47000000,894.50000000,896.97000000,2124.07000000
1780914600000,2026-06-08T10:30:00+00:00,896.97000000,903.07000000,896.43000000,900.57000000,3608.91000000
1780915500000,2026-06-08T10:45:00+00:00,900.58000000,904.86000000,898.77000000,901.55000000,3164.14000000
1780916400000,2026-06-08T11:00:00+00:00,901.44000000,910.86000000,896.11000000,910.25000000,6524.31000000
1780917300000,2026-06-08T11:15:00+00:00,910.28000000,923.99000000,910.16000000,923.89000000,10539.12000000
1780918200000,2026-06-08T11:30:00+00:00,923.80000000,928.50000000,920.99000000,925.34000000,14278.62000000
1780919100000,2026-06-08T11:45:00+00:00,925.33000000,928.09000000,922.70000000,924.30000000,8501.00000000
1780920000000,2026-06-08T12:00:00+00:00,924.24000000,927.37000000,923.43000000,926.44000000,5041.27000000
1780920900000,2026-06-08T12:15:00+00:00,926.61000000,928.88000000,920.93000000,928.43000000,4322.50000000
1780921800000,2026-06-08T12:30:00+00:00,928.40000000,933.00000000,927.53000000,931.95000000,8585.09000000
1780922700000,2026-06-08T12:45:00+00:00,931.95000000,933.58000000,928.37000000,933.22000000,6516.74000000
1780923600000,2026-06-08T13:00:00+00:00,933.12000000,944.00000000,932.36000000,938.90000000,15580.53000000
1780924500000,2026-06-08T13:15:00+00:00,938.94000000,939.20000000,929.85000000,938.49000000,17060.89000000
1780925400000,2026-06-08T13:30:00+00:00,938.49000000,952.00000000,930.41000000,943.56000000,104932.32000000
1780926300000,2026-06-08T13:45:00+00:00,943.73000000,949.33000000,921.98000000,923.21000000,43929.62000000
1780927200000,2026-06-08T14:00:00+00:00,923.00000000,933.43000000,916.46000000,926.46000000,47473.91000000
1780928100000,2026-06-08T14:15:00+00:00,926.46000000,938.94000000,922.52000000,937.93000000,30358.40000000
1780929000000,2026-06-08T14:30:00+00:00,937.73000000,944.19000000,936.61000000,938.92000000,26268.13000000
1780929900000,2026-06-08T14:45:00+00:00,938.97000000,949.81000000,938.86000000,949.45000000,18190.40000000
1780930800000,2026-06-08T15:00:00+00:00,949.48000000,957.79000000,946.01000000,957.01000000,17224.48000000
1780931700000,2026-06-08T15:15:00+00:00,957.02000000,962.75000000,949.27000000,950.17000000,22189.41000000
1780932600000,2026-06-08T15:30:00+00:00,950.20000000,959.75000000,946.74000000,959.75000000,13108.71000000
1780933500000,2026-06-08T15:45:00+00:00,959.76000000,961.68000000,953.66000000,955.79000000,15408.13000000
1780934400000,2026-06-08T16:00:00+00:00,955.81000000,959.90000000,953.23000000,957.67000000,9095.50000000
1780935300000,2026-06-08T16:15:00+00:00,957.72000000,961.36000000,952.75000000,953.28000000,8847.47000000
1780936200000,2026-06-08T16:30:00+00:00,953.30000000,957.56000000,951.59000000,953.45000000,9421.16000000
1780937100000,2026-06-08T16:45:00+00:00,953.44000000,956.84000000,953.06000000,953.69000000,3949.66000000
1780938000000,2026-06-08T17:00:00+00:00,953.70000000,954.28000000,941.41000000,947.39000000,23623.48000000
1780938900000,2026-06-08T17:15:00+00:00,947.36000000,954.73000000,944.30000000,954.42000000,10077.82000000
1780939800000,2026-06-08T17:30:00+00:00,954.33000000,956.46000000,947.47000000,947.94000000,9406.92000000
1780940700000,2026-06-08T17:45:00+00:00,947.84000000,956.25000000,947.84000000,951.84000000,7471.66000000
1780941600000,2026-06-08T18:00:00+00:00,951.88000000,957.65000000,951.88000000,953.98000000,6901.67000000
1780942500000,2026-06-08T18:15:00+00:00,953.97000000,956.78000000,950.37000000,953.28000000,4643.92000000
1780943400000,2026-06-08T18:30:00+00:00,953.26000000,954.91000000,945.12000000,946.63000000,7397.30000000
1780944300000,2026-06-08T18:45:00+00:00,946.72000000,949.22000000,944.33000000,945.13000000,5090.21000000
1780945200000,2026-06-08T19:00:00+00:00,945.25000000,945.87000000,931.91000000,932.00000000,14447.45000000
1780946100000,2026-06-08T19:15:00+00:00,931.97000000,935.08000000,928.70000000,934.18000000,12408.17000000
1780947000000,2026-06-08T19:30:00+00:00,934.20000000,940.84000000,933.49000000,936.20000000,6564.72000000
1780947900000,2026-06-08T19:45:00+00:00,936.05000000,949.77000000,934.21000000,949.56000000,7985.67000000
1780948800000,2026-06-08T20:00:00+00:00,949.52000000,952.48000000,945.86000000,947.99000000,3981.18000000
1780949700000,2026-06-08T20:15:00+00:00,947.91000000,948.50000000,944.13000000,946.02000000,1140.93000000
1780950600000,2026-06-08T20:30:00+00:00,946.02000000,946.87000000,944.80000000,945.38000000,526.10000000
1780951500000,2026-06-08T20:45:00+00:00,945.35000000,946.49000000,944.18000000,945.33000000,1323.94000000
1780952400000,2026-06-08T21:00:00+00:00,945.25000000,949.52000000,945.00000000,946.44000000,1437.76000000
1780953300000,2026-06-08T21:15:00+00:00,946.45000000,947.40000000,946.02000000,946.81000000,817.40000000
1780954200000,2026-06-08T21:30:00+00:00,946.84000000,948.95000000,946.81000000,948.93000000,393.01000000
1780955100000,2026-06-08T21:45:00+00:00,948.94000000,948.94000000,947.65000000,948.06000000,219.50000000
1780956000000,2026-06-08T22:00:00+00:00,948.07000000,949.27000000,944.69000000,944.92000000,1257.72000000
1780956900000,2026-06-08T22:15:00+00:00,944.92000000,945.20000000,940.90000000,941.62000000,670.30000000
1780957800000,2026-06-08T22:30:00+00:00,941.65000000,945.05000000,941.65000000,944.67000000,531.72000000
1780958700000,2026-06-08T22:45:00+00:00,944.68000000,947.73000000,943.94000000,947.72000000,339.55000000
1780959600000,2026-06-08T23:00:00+00:00,947.72000000,950.06000000,946.18000000,949.48000000,886.17000000
1780960500000,2026-06-08T23:15:00+00:00,949.50000000,951.27000000,947.75000000,950.95000000,538.28000000
1780961400000,2026-06-08T23:30:00+00:00,950.93000000,955.46000000,950.35000000,953.78000000,1237.57000000
1780962300000,2026-06-08T23:45:00+00:00,953.79000000,954.81000000,951.35000000,954.75000000,1663.26000000
1780963200000,2026-06-09T00:00:00+00:00,954.66000000,957.51000000,945.39000000,950.92000000,6335.92000000
1780964100000,2026-06-09T00:15:00+00:00,950.91000000,951.20000000,944.50000000,946.42000000,2949.80000000
1780965000000,2026-06-09T00:30:00+00:00,946.30000000,946.92000000,939.25000000,942.24000000,4762.48000000
1780965900000,2026-06-09T00:45:00+00:00,942.25000000,943.77000000,938.56000000,939.98000000,2728.48000000
1780966800000,2026-06-09T01:00:00+00:00,939.92000000,943.55000000,939.21000000,943.17000000,2709.04000000
1780967700000,2026-06-09T01:15:00+00:00,943.22000000,950.96000000,941.40000000,948.79000000,3281.08000000
1780968600000,2026-06-09T01:30:00+00:00,948.93000000,954.65000000,947.63000000,951.21000000,3657.14000000
1780969500000,2026-06-09T01:45:00+00:00,951.20000000,953.76000000,948.49000000,950.49000000,2031.30000000
1780970400000,2026-06-09T02:00:00+00:00,950.59000000,953.42000000,950.00000000,952.02000000,1291.37000000
1780971300000,2026-06-09T02:15:00+00:00,951.90000000,951.90000000,947.65000000,950.87000000,1571.70000000
1780972200000,2026-06-09T02:30:00+00:00,950.88000000,952.18000000,950.19000000,951.04000000,1363.86000000
1780973100000,2026-06-09T02:45:00+00:00,951.02000000,952.69000000,950.00000000,951.43000000,1375.24000000
1780974000000,2026-06-09T03:00:00+00:00,951.43000000,953.28000000,951.13000000,952.76000000,1807.71000000
1780974900000,2026-06-09T03:15:00+00:00,952.80000000,955.29000000,952.60000000,954.47000000,1543.95000000
1780975800000,2026-06-09T03:30:00+00:00,954.51000000,970.89000000,954.49000000,967.19000000,12557.25000000
1780976700000,2026-06-09T03:45:00+00:00,967.24000000,974.00000000,965.73000000,973.41000000,6782.30000000
1780977600000,2026-06-09T04:00:00+00:00,973.49000000,979.23000000,971.01000000,978.05000000,9367.55000000
1780978500000,2026-06-09T04:15:00+00:00,978.05000000,982.73000000,976.94000000,980.61000000,6741.51000000
1780979400000,2026-06-09T04:30:00+00:00,980.61000000,984.95000000,977.50000000,981.60000000,6237.36000000
1780980300000,2026-06-09T04:45:00+00:00,981.65000000,982.39000000,977.46000000,978.69000000,3932.81000000
1780981200000,2026-06-09T05:00:00+00:00,978.68000000,984.36000000,976.29000000,980.78000000,5424.56000000
1780982100000,2026-06-09T05:15:00+00:00,980.75000000,986.75000000,979.63000000,982.61000000,7215.37000000
1780983000000,2026-06-09T05:30:00+00:00,982.65000000,994.90000000,982.21000000,993.13000000,8701.29000000
1780983900000,2026-06-09T05:45:00+00:00,992.77000000,997.45000000,991.20000000,993.26000000,9504.07000000
1780984800000,2026-06-09T06:00:00+00:00,993.36000000,997.64000000,992.93000000,996.89000000,8572.30000000
1780985700000,2026-06-09T06:15:00+00:00,996.87000000,997.90000000,993.10000000,993.29000000,3049.93000000
1780986600000,2026-06-09T06:30:00+00:00,993.24000000,997.60000000,992.30000000,992.86000000,4036.33000000
1780987500000,2026-06-09T06:45:00+00:00,992.85000000,993.76000000,988.00000000,991.67000000,6344.58000000
1780988400000,2026-06-09T07:00:00+00:00,991.68000000,997.38000000,990.91000000,994.81000000,3773.95000000
1780989300000,2026-06-09T07:15:00+00:00,994.85000000,996.73000000,991.85000000,992.49000000,2553.52000000
1780990200000,2026-06-09T07:30:00+00:00,992.40000000,995.13000000,991.89000000,992.70000000,2206.88000000
1780991100000,2026-06-09T07:45:00+00:00,992.70000000,995.98000000,992.16000000,994.05000000,3255.72000000
1780992000000,2026-06-09T08:00:00+00:00,994.06000000,994.14000000,980.64000000,989.10000000,15411.27000000
1780992900000,2026-06-09T08:15:00+00:00,989.18000000,992.71000000,987.00000000,992.34000000,6822.11000000
1780993800000,2026-06-09T08:30:00+00:00,992.30000000,992.76000000,988.80000000,991.31000000,2948.70000000
1780994700000,2026-06-09T08:45:00+00:00,991.28000000,992.01000000,987.00000000,987.59000000,2291.60000000
1780995600000,2026-06-09T09:00:00+00:00,987.57000000,991.77000000,987.40000000,991.01000000,2808.47000000
1780996500000,2026-06-09T09:15:00+00:00,990.97000000,992.43000000,989.32000000,991.76000000,2089.40000000
1780997400000,2026-06-09T09:30:00+00:00,991.82000000,991.97000000,989.30000000,991.06000000,1133.89000000
1780998300000,2026-06-09T09:45:00+00:00,990.96000000,992.34000000,990.96000000,991.60000000,1065.66000000
1780999200000,2026-06-09T10:00:00+00:00,991.61000000,994.34000000,985.56000000,988.50000000,6677.20000000
1781000100000,2026-06-09T10:15:00+00:00,988.40000000,989.17000000,984.30000000,987.68000000,3624.50000000
1781001000000,2026-06-09T10:30:00+00:00,987.70000000,988.39000000,984.57000000,987.40000000,1504.45000000
1781001900000,2026-06-09T10:45:00+00:00,987.35000000,989.68000000,986.09000000,988.70000000,2116.12000000
1781002800000,2026-06-09T11:00:00+00:00,988.70000000,995.96000000,987.49000000,995.42000000,5715.14000000
1781003700000,2026-06-09T11:15:00+00:00,995.48000000,999.00000000,993.93000000,998.85000000,5268.32000000
1781004600000,2026-06-09T11:30:00+00:00,998.85000000,999.89000000,996.73000000,997.50000000,5293.54000000
1781005500000,2026-06-09T11:45:00+00:00,997.41000000,998.20000000,994.86000000,995.84000000,3200.30000000
1781006400000,2026-06-09T12:00:00+00:00,995.80000000,996.42000000,992.04000000,994.16000000,2781.65000000
1781007300000,2026-06-09T12:15:00+00:00,994.06000000,994.23000000,988.56000000,991.87000000,3891.52000000
1781008200000,2026-06-09T12:30:00+00:00,991.87000000,995.83000000,991.79000000,993.11000000,2904.12000000
1781009100000,2026-06-09T12:45:00+00:00,993.12000000,996.31000000,990.52000000,995.43000000,2165.37000000
1781010000000,2026-06-09T13:00:00+00:00,995.36000000,995.82000000,992.10000000,993.62000000,2639.72000000
1781010900000,2026-06-09T13:15:00+00:00,993.66000000,994.75000000,988.62000000,988.88000000,5033.71000000
1781011800000,2026-06-09T13:30:00+00:00,988.93000000,990.17000000,970.50000000,983.64000000,76463.26000000
1781012700000,2026-06-09T13:45:00+00:00,983.52000000,987.24000000,968.04000000,970.51000000,27726.08000000
1781013600000,2026-06-09T14:00:00+00:00,970.51000000,979.79000000,956.27000000,957.62000000,37841.17000000
1781014500000,2026-06-09T14:15:00+00:00,957.63000000,963.86000000,950.19000000,954.87000000,46542.82000000
1781015400000,2026-06-09T14:30:00+00:00,954.91000000,956.11000000,936.69000000,938.38000000,45003.18000000
1781016300000,2026-06-09T14:45:00+00:00,938.17000000,939.89000000,925.73000000,935.36000000,56677.40000000
1781017200000,2026-06-09T15:00:00+00:00,935.48000000,945.18000000,929.12000000,937.22000000,34808.91000000
1781018100000,2026-06-09T15:15:00+00:00,937.20000000,939.17000000,907.29000000,909.44000000,58449.29000000
1781019000000,2026-06-09T15:30:00+00:00,909.49000000,915.50000000,901.11000000,911.39000000,71045.84000000
1781019900000,2026-06-09T15:45:00+00:00,911.42000000,916.77000000,886.30000000,889.42000000,51186.51000000
1781020800000,2026-06-09T16:00:00+00:00,889.28000000,897.44000000,877.81000000,880.64000000,53592.45000000
1781021700000,2026-06-09T16:15:00+00:00,880.54000000,882.51000000,862.98000000,874.80000000,73562.47000000
1781022600000,2026-06-09T16:30:00+00:00,874.79000000,879.13000000,856.10000000,869.92000000,65340.00000000
1781023500000,2026-06-09T16:45:00+00:00,869.76000000,875.90000000,858.15000000,874.63000000,44479.46000000
1781024400000,2026-06-09T17:00:00+00:00,874.57000000,894.84000000,872.61000000,893.37000000,65797.53000000
1781025300000,2026-06-09T17:15:00+00:00,893.28000000,904.06000000,890.87000000,899.58000000,68127.54000000
1781026200000,2026-06-09T17:30:00+00:00,899.47000000,915.72000000,896.71000000,909.52000000,38460.25000000
1781027100000,2026-06-09T17:45:00+00:00,909.46000000,912.24000000,890.32000000,900.94000000,42827.29000000
1781028000000,2026-06-09T18:00:00+00:00,901.01000000,902.55000000,892.35000000,897.69000000,17837.49000000
1781028900000,2026-06-09T18:15:00+00:00,897.68000000,905.59000000,892.41000000,904.94000000,22922.20000000
1781029800000,2026-06-09T18:30:00+00:00,904.99000000,910.41000000,896.61000000,897.19000000,18661.03000000
1781030700000,2026-06-09T18:45:00+00:00,897.24000000,913.03000000,896.91000000,910.90000000,11600.55000000
1781031600000,2026-06-09T19:00:00+00:00,910.89000000,917.42000000,901.12000000,901.74000000,18004.56000000
1781032500000,2026-06-09T19:15:00+00:00,901.84000000,905.57000000,891.21000000,905.39000000,29018.96000000
1781033400000,2026-06-09T19:30:00+00:00,905.31000000,914.80000000,902.41000000,909.37000000,21162.19000000
1781034300000,2026-06-09T19:45:00+00:00,909.40000000,936.01000000,904.17000000,935.00000000,17604.46000000
1781035200000,2026-06-09T20:00:00+00:00,935.09000000,947.35000000,929.33000000,936.28000000,22604.57000000
1781036100000,2026-06-09T20:15:00+00:00,936.34000000,939.16000000,935.58000000,938.25000000,3565.03000000
1781037000000,2026-06-09T20:30:00+00:00,938.22000000,938.71000000,935.71000000,937.46000000,2954.32000000
1781037900000,2026-06-09T20:45:00+00:00,937.50000000,938.51000000,936.54000000,937.55000000,1080.16000000
1781038800000,2026-06-09T21:00:00+00:00,937.58000000,937.58000000,925.21000000,932.14000000,5650.92000000
1781039700000,2026-06-09T21:15:00+00:00,932.19000000,932.23000000,912.16000000,917.40000000,7198.22000000
1781040600000,2026-06-09T21:30:00+00:00,917.52000000,925.64000000,915.70000000,922.88000000,2086.58000000
1781041500000,2026-06-09T21:45:00+00:00,922.88000000,922.97000000,917.13000000,922.18000000,1590.84000000
1781042400000,2026-06-09T22:00:00+00:00,922.20000000,924.55000000,920.32000000,920.94000000,1058.84000000
1781043300000,2026-06-09T22:15:00+00:00,920.95000000,923.95000000,920.95000000,922.91000000,1064.15000000
1781044200000,2026-06-09T22:30:00+00:00,923.05000000,923.79000000,916.30000000,918.54000000,1826.73000000
1781045100000,2026-06-09T22:45:00+00:00,918.53000000,920.67000000,912.94000000,915.36000000,2368.27000000
1781046000000,2026-06-09T23:00:00+00:00,915.44000000,921.89000000,915.20000000,915.66000000,2805.53000000
1781046900000,2026-06-09T23:15:00+00:00,915.67000000,917.04000000,913.60000000,914.59000000,3595.47000000
1781047800000,2026-06-09T23:30:00+00:00,914.64000000,915.88000000,912.57000000,915.66000000,2136.40000000
1781048700000,2026-06-09T23:45:00+00:00,915.70000000,919.50000000,915.56000000,919.40000000,2093.00000000
1781049600000,2026-06-10T00:00:00+00:00,919.45000000,941.95000000,915.35000000,930.33000000,22220.65000000
1781050500000,2026-06-10T00:15:00+00:00,930.31000000,933.31000000,922.38000000,933.00000000,7555.95000000
1781051400000,2026-06-10T00:30:00+00:00,933.00000000,933.74000000,911.16000000,914.74000000,9252.35000000
1781052300000,2026-06-10T00:45:00+00:00,914.60000000,924.09000000,913.66000000,921.33000000,8132.50000000
1781053200000,2026-06-10T01:00:00+00:00,921.39000000,926.04000000,918.24000000,923.10000000,4488.00000000
1781054100000,2026-06-10T01:15:00+00:00,923.10000000,929.62000000,919.37000000,919.95000000,5059.96000000
1781055000000,2026-06-10T01:30:00+00:00,919.94000000,922.48000000,914.21000000,914.58000000,3572.97000000
1781055900000,2026-06-10T01:45:00+00:00,914.50000000,919.60000000,912.98000000,913.26000000,3290.86000000
1781056800000,2026-06-10T02:00:00+00:00,913.38000000,913.71000000,904.20000000,904.31000000,6561.50000000
1781057700000,2026-06-10T02:15:00+00:00,904.34000000,909.92000000,896.06000000,902.55000000,11993.42000000
1781058600000,2026-06-10T02:30:00+00:00,902.55000000,904.98000000,897.41000000,903.55000000,7036.41000000
1781059500000,2026-06-10T02:45:00+00:00,903.34000000,909.25000000,902.00000000,903.63000000,6865.27000000
1781060400000,2026-06-10T03:00:00+00:00,903.63000000,912.54000000,902.09000000,910.34000000,5779.18000000
1781061300000,2026-06-10T03:15:00+00:00,910.45000000,915.37000000,906.99000000,908.59000000,5139.93000000
1781062200000,2026-06-10T03:30:00+00:00,908.53000000,911.32000000,904.84000000,907.57000000,1987.53000000
1781063100000,2026-06-10T03:45:00+00:00,907.57000000,910.83000000,905.19000000,906.40000000,1459.61000000
1781064000000,2026-06-10T04:00:00+00:00,906.40000000,907.09000000,900.13000000,901.85000000,2727.61000000
1781064900000,2026-06-10T04:15:00+00:00,901.75000000,905.44000000,896.49000000,896.76000000,5670.05000000
1781065800000,2026-06-10T04:30:00+00:00,896.75000000,898.41000000,890.44000000,891.20000000,9882.13000000
1781066700000,2026-06-10T04:45:00+00:00,891.30000000,902.49000000,890.71000000,896.27000000,5640.41000000
1781067600000,2026-06-10T05:00:00+00:00,896.45000000,905.13000000,894.80000000,900.45000000,8928.05000000
1781068500000,2026-06-10T05:15:00+00:00,900.45000000,900.46000000,890.71000000,899.04000000,5294.44000000
1781069400000,2026-06-10T05:30:00+00:00,899.04000000,899.92000000,895.16000000,896.22000000,4391.12000000
1781070300000,2026-06-10T05:45:00+00:00,896.32000000,899.16000000,893.49000000,898.39000000,2636.76000000
1781071200000,2026-06-10T06:00:00+00:00,898.39000000,907.26000000,897.45000000,904.01000000,4507.81000000
1781072100000,2026-06-10T06:15:00+00:00,904.05000000,911.77000000,903.03000000,909.75000000,5214.21000000
1781073000000,2026-06-10T06:30:00+00:00,909.76000000,912.44000000,906.54000000,911.51000000,4308.89000000
1781073900000,2026-06-10T06:45:00+00:00,911.50000000,913.61000000,911.09000000,911.94000000,1809.04000000
1781074800000,2026-06-10T07:00:00+00:00,911.87000000,916.21000000,910.80000000,914.91000000,3793.72000000
1781075700000,2026-06-10T07:15:00+00:00,914.82000000,917.75000000,907.53000000,907.97000000,4755.93000000
1781076600000,2026-06-10T07:30:00+00:00,907.97000000,912.52000000,906.45000000,907.80000000,2744.50000000
1781077500000,2026-06-10T07:45:00+00:00,907.85000000,908.63000000,905.03000000,905.62000000,2319.96000000
1781078400000,2026-06-10T08:00:00+00:00,905.64000000,910.11000000,902.17000000,903.54000000,8256.04000000
1781079300000,2026-06-10T08:15:00+00:00,903.58000000,904.51000000,899.32000000,901.29000000,7387.49000000
1781080200000,2026-06-10T08:30:00+00:00,901.30000000,905.96000000,899.16000000,899.65000000,4404.84000000
1781081100000,2026-06-10T08:45:00+00:00,899.74000000,904.42000000,899.31000000,901.23000000,4197.27000000
1781082000000,2026-06-10T09:00:00+00:00,901.18000000,902.59000000,897.75000000,897.99000000,4055.64000000
1781082900000,2026-06-10T09:15:00+00:00,898.00000000,903.48000000,897.73000000,903.48000000,5893.08000000
1781083800000,2026-06-10T09:30:00+00:00,903.47000000,906.00000000,899.69000000,903.17000000,3427.80000000
1781084700000,2026-06-10T09:45:00+00:00,903.15000000,904.67000000,900.30000000,901.24000000,2371.96000000
1781085600000,2026-06-10T10:00:00+00:00,901.25000000,902.33000000,897.88000000,899.08000000,2406.72000000
1781086500000,2026-06-10T10:15:00+00:00,899.09000000,902.29000000,895.42000000,901.91000000,3909.55000000
1781087400000,2026-06-10T10:30:00+00:00,901.84000000,908.14000000,901.65000000,908.00000000,3170.47000000
1781088300000,2026-06-10T10:45:00+00:00,907.97000000,909.75000000,904.82000000,908.90000000,3633.89000000
1781089200000,2026-06-10T11:00:00+00:00,908.94000000,911.08000000,896.00000000,899.40000000,8222.68000000
1781090100000,2026-06-10T11:15:00+00:00,899.34000000,901.51000000,895.51000000,897.55000000,5044.07000000
1781091000000,2026-06-10T11:30:00+00:00,897.52000000,898.49000000,891.43000000,892.17000000,5597.86000000
1781091900000,2026-06-10T11:45:00+00:00,892.17000000,894.66000000,889.16000000,891.25000000,6946.22000000
1781092800000,2026-06-10T12:00:00+00:00,891.24000000,895.39000000,889.97000000,893.40000000,4181.31000000
1781093700000,2026-06-10T12:15:00+00:00,893.20000000,901.67000000,890.29000000,900.77000000,6274.67000000
1781094600000,2026-06-10T12:30:00+00:00,900.79000000,943.19000000,900.10000000,920.84000000,74665.84000000
1781095500000,2026-06-10T12:45:00+00:00,920.85000000,921.55000000,904.64000000,904.65000000,17451.76000000
1781096400000,2026-06-10T13:00:00+00:00,904.66000000,916.91000000,904.59000000,914.61000000,14677.29000000
1781097300000,2026-06-10T13:15:00+00:00,914.57000000,922.78000000,906.50000000,906.71000000,12104.93000000
1781098200000,2026-06-10T13:30:00+00:00,906.62000000,926.41000000,900.12000000,923.65000000,71733.90000000
1781099100000,2026-06-10T13:45:00+00:00,923.66000000,937.85000000,914.82000000,916.31000000,79217.81000000
1781100000000,2026-06-10T14:00:00+00:00,916.35000000,931.84000000,912.21000000,925.53000000,51306.07000000
1781100900000,2026-06-10T14:15:00+00:00,925.51000000,949.37000000,921.85000000,948.19000000,44114.05000000
1781101800000,2026-06-10T14:30:00+00:00,948.18000000,957.99000000,938.42000000,938.71000000,39593.97000000
1781102700000,2026-06-10T14:45:00+00:00,938.68000000,940.13000000,917.50000000,922.27000000,42072.88000000
1781103600000,2026-06-10T15:00:00+00:00,922.10000000,927.79000000,909.29000000,909.79000000,34108.86000000
1781104500000,2026-06-10T15:15:00+00:00,909.83000000,917.52000000,904.00000000,908.03000000,32473.99000000
1781105400000,2026-06-10T15:30:00+00:00,908.14000000,912.75000000,904.38000000,910.76000000,18849.35000000
1781106300000,2026-06-10T15:45:00+00:00,910.71000000,913.84000000,891.40000000,911.79000000,37388.18000000
1781107200000,2026-06-10T16:00:00+00:00,911.79000000,915.78000000,899.40000000,900.79000000,18657.14000000
1781108100000,2026-06-10T16:15:00+00:00,900.85000000,906.26000000,900.19000000,902.54000000,13407.17000000
1781109000000,2026-06-10T16:30:00+00:00,902.56000000,911.59000000,900.50000000,903.26000000,13483.48000000
1781109900000,2026-06-10T16:45:00+00:00,903.14000000,903.94000000,896.18000000,901.43000000,10110.48000000
1781110800000,2026-06-10T17:00:00+00:00,901.51000000,907.14000000,896.07000000,897.50000000,9573.16000000
1781111700000,2026-06-10T17:15:00+00:00,897.39000000,900.79000000,895.53000000,898.10000000,6593.24000000
1781112600000,2026-06-10T17:30:00+00:00,898.10000000,898.71000000,891.61000000,892.58000000,6553.61000000
1781113500000,2026-06-10T17:45:00+00:00,892.64000000,906.44000000,892.46000000,905.28000000,10348.43000000
1781114400000,2026-06-10T18:00:00+00:00,905.32000000,909.99000000,903.72000000,907.14000000,7798.01000000
1781115300000,2026-06-10T18:15:00+00:00,907.14000000,908.46000000,899.40000000,902.22000000,6702.64000000
1781116200000,2026-06-10T18:30:00+00:00,902.19000000,903.39000000,894.84000000,898.34000000,7552.21000000
1781117100000,2026-06-10T18:45:00+00:00,898.35000000,898.83000000,891.45000000,894.51000000,6432.25000000
1781118000000,2026-06-10T19:00:00+00:00,894.65000000,900.62000000,889.32000000,891.51000000,8297.79000000
1781118900000,2026-06-10T19:15:00+00:00,891.57000000,897.19000000,884.41000000,896.59000000,13701.98000000
1781119800000,2026-06-10T19:30:00+00:00,896.56000000,905.94000000,893.82000000,900.77000000,12035.27000000
1781120700000,2026-06-10T19:45:00+00:00,900.68000000,908.38000000,892.63000000,893.00000000,15153.72000000
1781121600000,2026-06-10T20:00:00+00:00,892.95000000,894.62000000,883.11000000,887.42000000,10897.32000000
1781122500000,2026-06-10T20:15:00+00:00,887.45000000,889.36000000,883.50000000,884.72000000,3097.98000000
1781123400000,2026-06-10T20:30:00+00:00,884.72000000,887.76000000,882.00000000,882.09000000,2963.83000000
1781124300000,2026-06-10T20:45:00+00:00,882.08000000,883.06000000,877.28000000,881.85000000,5328.93000000
1781125200000,2026-06-10T21:00:00+00:00,881.81000000,881.92000000,877.64000000,880.44000000,2005.57000000
1781126100000,2026-06-10T21:15:00+00:00,880.45000000,885.80000000,880.44000000,883.75000000,2231.38000000
1781127000000,2026-06-10T21:30:00+00:00,883.77000000,884.92000000,881.19000000,882.69000000,1046.94000000
1781127900000,2026-06-10T21:45:00+00:00,882.73000000,882.74000000,878.90000000,880.76000000,1013.63000000
1781128800000,2026-06-10T22:00:00+00:00,880.71000000,881.33000000,872.00000000,877.07000000,6007.77000000
1781129700000,2026-06-10T22:15:00+00:00,877.07000000,879.36000000,873.41000000,876.18000000,3128.25000000
1781130600000,2026-06-10T22:30:00+00:00,876.05000000,882.85000000,875.69000000,877.55000000,2794.40000000
1781131500000,2026-06-10T22:45:00+00:00,877.55000000,879.15000000,871.40000000,871.55000000,3089.25000000
1781132400000,2026-06-10T23:00:00+00:00,871.56000000,874.96000000,869.42000000,869.55000000,2664.26000000
1781133300000,2026-06-10T23:15:00+00:00,869.55000000,880.54000000,867.87000000,880.21000000,6554.56000000
1781134200000,2026-06-10T23:30:00+00:00,880.19000000,883.25000000,876.04000000,880.80000000,2828.11000000
1781135100000,2026-06-10T23:45:00+00:00,880.86000000,881.69000000,876.37000000,877.19000000,4837.61000000
1781136000000,2026-06-11T00:00:00+00:00,877.18000000,885.19000000,871.02000000,879.25000000,14530.40000000
1781136900000,2026-06-11T00:15:00+00:00,879.30000000,901.40000000,879.30000000,893.63000000,15468.24000000
1781137800000,2026-06-11T00:30:00+00:00,893.61000000,896.60000000,887.94000000,890.09000000,7404.55000000
1781138700000,2026-06-11T00:45:00+00:00,890.09000000,909.21000000,890.09000000,908.95000000,12220.79000000
1781139600000,2026-06-11T01:00:00+00:00,909.06000000,924.20000000,908.21000000,920.95000000,17689.04000000
1781140500000,2026-06-11T01:15:00+00:00,920.94000000,921.74000000,901.36000000,918.32000000,21326.24000000
1781141400000,2026-06-11T01:30:00+00:00,918.32000000,919.36000000,908.28000000,910.53000000,8392.04000000
1781142300000,2026-06-11T01:45:00+00:00,910.58000000,913.10000000,901.21000000,903.66000000,9070.53000000
1781143200000,2026-06-11T02:00:00+00:00,903.54000000,907.76000000,896.60000000,896.96000000,5308.66000000
1781144100000,2026-06-11T02:15:00+00:00,896.87000000,901.00000000,890.73000000,891.55000000,6454.62000000
1781145000000,2026-06-11T02:30:00+00:00,891.73000000,905.21000000,891.73000000,899.79000000,6751.15000000
1781145900000,2026-06-11T02:45:00+00:00,899.75000000,906.30000000,898.98000000,905.04000000,3411.69000000
1781146800000,2026-06-11T03:00:00+00:00,905.04000000,906.77000000,897.72000000,900.30000000,2860.92000000
1781147700000,2026-06-11T03:15:00+00:00,900.64000000,902.36000000,898.49000000,902.35000000,1043.07000000
1781148600000,2026-06-11T03:30:00+00:00,902.38000000,911.00000000,902.25000000,907.56000000,2493.73000000
1781149500000,2026-06-11T03:45:00+00:00,907.61000000,912.80000000,906.25000000,912.43000000,2255.96000000
1781150400000,2026-06-11T04:00:00+00:00,912.57000000,914.33000000,909.32000000,909.66000000,2492.45000000
1781151300000,2026-06-11T04:15:00+00:00,909.66000000,913.33000000,907.48000000,910.67000000,2626.67000000
1781152200000,2026-06-11T04:30:00+00:00,910.73000000,916.34000000,910.58000000,914.86000000,2497.10000000
1781153100000,2026-06-11T04:45:00+00:00,914.86000000,915.46000000,910.41000000,911.89000000,2484.89000000
1781154000000,2026-06-11T05:00:00+00:00,911.90000000,912.16000000,905.55000000,905.55000000,1979.24000000
1781154900000,2026-06-11T05:15:00+00:00,905.55000000,910.62000000,905.02000000,906.81000000,1921.38000000
1781155800000,2026-06-11T05:30:00+00:00,906.76000000,909.32000000,904.13000000,907.72000000,1387.44000000
1781156700000,2026-06-11T05:45:00+00:00,907.72000000,908.30000000,905.00000000,908.15000000,1031.98000000
1781157600000,2026-06-11T06:00:00+00:00,908.09000000,908.93000000,904.15000000,908.92000000,1336.31000000
1781158500000,2026-06-11T06:15:00+00:00,908.92000000,913.45000000,908.69000000,911.81000000,1970.07000000
1781159400000,2026-06-11T06:30:00+00:00,911.84000000,912.05000000,909.46000000,911.14000000,1632.61000000
1781160300000,2026-06-11T06:45:00+00:00,911.18000000,915.85000000,911.17000000,913.58000000,1714.27000000
1781161200000,2026-06-11T07:00:00+00:00,913.69000000,915.30000000,912.62000000,913.73000000,5013.45000000
1781162100000,2026-06-11T07:15:00+00:00,913.67000000,918.59000000,913.28000000,917.02000000,2855.66000000
1781163000000,2026-06-11T07:30:00+00:00,917.01000000,919.91000000,916.88000000,918.57000000,2071.09000000
1781163900000,2026-06-11T07:45:00+00:00,918.50000000,919.53000000,915.18000000,918.00000000,2859.50000000
1781164800000,2026-06-11T08:00:00+00:00,917.89000000,934.55000000,917.76000000,933.51000000,14417.67000000
1781165700000,2026-06-11T08:15:00+00:00,933.43000000,933.43000000,926.09000000,929.30000000,8765.96000000
1781166600000,2026-06-11T08:30:00+00:00,929.28000000,932.86000000,927.87000000,928.42000000,4383.61000000
1781167500000,2026-06-11T08:45:00+00:00,928.46000000,929.51000000,923.45000000,924.21000000,5561.19000000
1781168400000,2026-06-11T09:00:00+00:00,924.21000000,928.78000000,920.81000000,922.25000000,6312.39000000
1781169300000,2026-06-11T09:15:00+00:00,922.23000000,922.23000000,914.56000000,917.19000000,7823.45000000
1781170200000,2026-06-11T09:30:00+00:00,917.18000000,922.28000000,914.62000000,920.41000000,3498.43000000
1781171100000,2026-06-11T09:45:00+00:00,920.51000000,924.43000000,918.66000000,919.14000000,3480.49000000
1781172000000,2026-06-11T10:00:00+00:00,919.13000000,925.13000000,919.08000000,923.94000000,3283.43000000
1781172900000,2026-06-11T10:15:00+00:00,923.95000000,925.19000000,921.88000000,923.12000000,2368.05000000
1781173800000,2026-06-11T10:30:00+00:00,923.12000000,928.11000000,923.12000000,924.46000000,2598.77000000
1781174700000,2026-06-11T10:45:00+00:00,924.47000000,925.91000000,920.34000000,921.12000000,1744.36000000
1781175600000,2026-06-11T11:00:00+00:00,920.96000000,921.26000000,915.04000000,917.62000000,5501.40000000
1781176500000,2026-06-11T11:15:00+00:00,917.82000000,921.16000000,917.59000000,920.05000000,2182.28000000
1781177400000,2026-06-11T11:30:00+00:00,920.10000000,923.59000000,919.31000000,920.06000000,3547.14000000
1781178300000,2026-06-11T11:45:00+00:00,920.02000000,921.69000000,919.00000000,919.49000000,1502.33000000
1781179200000,2026-06-11T12:00:00+00:00,919.50000000,921.52000000,917.51000000,920.01000000,2390.51000000
1781180100000,2026-06-11T12:15:00+00:00,920.01000000,920.41000000,907.11000000,909.10000000,14044.09000000
1781181000000,2026-06-11T12:30:00+00:00,909.14000000,913.06000000,901.23000000,909.23000000,14559.97000000
1781181900000,2026-06-11T12:45:00+00:00,909.24000000,914.16000000,908.67000000,911.33000000,5602.68000000
1781182800000,2026-06-11T13:00:00+00:00,911.67000000,912.37000000,907.60000000,910.10000000,4145.86000000
1781183700000,2026-06-11T13:15:00+00:00,910.14000000,911.25000000,904.51000000,905.35000000,5499.48000000
1781184600000,2026-06-11T13:30:00+00:00,905.27000000,915.97000000,896.87000000,908.39000000,45681.61000000
1781185500000,2026-06-11T13:45:00+00:00,908.45000000,923.16000000,907.12000000,912.27000000,38662.67000000
1781186400000,2026-06-11T14:00:00+00:00,912.34000000,929.82000000,911.67000000,916.85000000,24435.50000000
1781187300000,2026-06-11T14:15:00+00:00,916.77000000,921.33000000,908.23000000,916.77000000,22913.95000000
1781188200000,2026-06-11T14:30:00+00:00,916.81000000,921.00000000,911.37000000,911.50000000,11624.12000000
1781189100000,2026-06-11T14:45:00+00:00,911.43000000,914.59000000,899.44000000,902.35000000,11821.03000000
1781190000000,2026-06-11T15:00:00+00:00,902.48000000,912.80000000,897.88000000,911.23000000,17035.82000000
1781190900000,2026-06-11T15:15:00+00:00,911.22000000,915.59000000,906.92000000,908.91000000,11042.02000000
1781191800000,2026-06-11T15:30:00+00:00,908.92000000,922.75000000,908.52000000,917.04000000,12902.62000000
1781192700000,2026-06-11T15:45:00+00:00,917.10000000,925.00000000,915.35000000,923.66000000,9319.39000000
1781193600000,2026-06-11T16:00:00+00:00,923.59000000,931.55000000,918.73000000,930.64000000,9969.33000000
1781194500000,2026-06-11T16:15:00+00:00,930.62000000,931.37000000,922.13000000,922.70000000,7790.12000000
1781195400000,2026-06-11T16:30:00+00:00,922.56000000,929.51000000,920.55000000,923.48000000,8723.14000000
1781196300000,2026-06-11T16:45:00+00:00,923.40000000,925.80000000,916.16000000,916.19000000,7386.18000000
1781197200000,2026-06-11T17:00:00+00:00,916.21000000,920.49000000,913.44000000,915.41000000,7813.59000000
1781198100000,2026-06-11T17:15:00+00:00,915.51000000,931.88000000,911.61000000,931.35000000,13866.28000000
1781199000000,2026-06-11T17:30:00+00:00,931.63000000,949.13000000,931.37000000,945.86000000,42201.66000000
1781199900000,2026-06-11T17:45:00+00:00,945.83000000,947.14000000,938.31000000,946.67000000,15927.96000000
1781200800000,2026-06-11T18:00:00+00:00,946.67000000,950.67000000,935.39000000,948.20000000,16736.71000000
1781201700000,2026-06-11T18:15:00+00:00,948.17000000,952.41000000,944.80000000,951.36000000,16991.14000000
1781202600000,2026-06-11T18:30:00+00:00,951.35000000,958.83000000,950.27000000,958.42000000,13940.06000000
1781203500000,2026-06-11T18:45:00+00:00,958.45000000,966.15000000,957.98000000,962.87000000,19957.85000000
