open_time_ms,open_time_iso,open,high,low,close,volume
1774533600000,2026-03-26T14:00:00+00:00,173.83000000,175.70000000,173.03000000,173.89000000,10870.22000000
1774537200000,2026-03-26T15:00:00+00:00,173.89000000,174.79000000,173.72000000,174.63000000,7776.97000000
1774540800000,2026-03-26T16:00:00+00:00,174.64000000,174.68000000,173.45000000,173.91000000,4169.63000000
1774544400000,2026-03-26T17:00:00+00:00,173.93000000,174.18000000,171.90000000,171.99000000,4409.50000000
1774548000000,2026-03-26T18:00:00+00:00,172.01000000,172.57000000,172.00000000,172.29000000,2553.18000000
1774551600000,2026-03-26T19:00:00+00:00,172.25000000,172.42000000,171.21000000,171.40000000,1878.65000000
1774555200000,2026-03-26T20:00:00+00:00,171.35000000,172.83000000,171.15000000,172.24000000,2477.54000000
1774558800000,2026-03-26T21:00:00+00:00,172.26000000,172.66000000,172.18000000,172.39000000,284.42000000
1774562400000,2026-03-26T22:00:00+00:00,172.35000000,172.50000000,172.27000000,172.41000000,302.91000000
1774566000000,2026-03-26T23:00:00+00:00,172.40000000,172.43000000,172.12000000,172.38000000,202.68000000
1774569600000,2026-03-27T00:00:00+00:00,172.46000000,172.98000000,172.23000000,172.43000000,1309.85000000
1774573200000,2026-03-27T01:00:00+00:00,172.41000000,172.89000000,172.28000000,172.75000000,803.64000000
1774576800000,2026-03-27T02:00:00+00:00,172.82000000,172.94000000,172.45000000,172.64000000,2228.58000000
1774580400000,2026-03-27T03:00:00+00:00,172.62000000,172.99000000,172.58000000,172.99000000,414.85000000
1774584000000,2026-03-27T04:00:00+00:00,172.99000000,173.32000000,172.92000000,173.31000000,559.36000000
1774587600000,2026-03-27T05:00:00+00:00,173.31000000,174.05000000,173.17000000,173.19000000,1462.15000000
1774591200000,2026-03-27T06:00:00+00:00,173.16000000,173.38000000,172.63000000,172.86000000,929.85000000
1774594800000,2026-03-27T07:00:00+00:00,172.87000000,173.03000000,172.69000000,172.96000000,683.77000000
1774598400000,2026-03-27T08:00:00+00:00,172.98000000,173.34000000,171.88000000,172.04000000,1721.57000000
1774602000000,2026-03-27T09:00:00+00:00,172.04000000,172.07000000,171.20000000,171.61000000,1731.88000000
1774605600000,2026-03-27T10:00:00+00:00,171.56000000,171.93000000,170.87000000,171.03000000,1334.43000000
1774609200000,2026-03-27T11:00:00+00:00,171.04000000,171.48000000,170.56000000,171.31000000,1837.64000000
1774612800000,2026-03-27T12:00:00+00:00,171.31000000,171.86000000,170.61000000,170.89000000,2564.64000000
1774616400000,2026-03-27T13:00:00+00:00,170.89000000,171.05000000,168.24000000,168.50000000,10036.36000000
1774620000000,2026-03-27T14:00:00+00:00,168.46000000,169.47000000,167.64000000,168.94000000,7155.67000000
1774623600000,2026-03-27T15:00:00+00:00,168.94000000,170.21000000,168.49000000,169.70000000,4758.10000000
1774627200000,2026-03-27T16:00:00+00:00,169.67000000,169.76000000,168.62000000,169.05000000,2566.73000000
1774630800000,2026-03-27T17:00:00+00:00,169.09000000,169.47000000,167.78000000,168.07000000,1838.98000000
1774634400000,2026-03-27T18:00:00+00:00,168.04000000,168.49000000,167.51000000,167.71000000,1052.54000000
1774638000000,2026-03-27T19:00:00+00:00,167.74000000,168.09000000,167.26000000,167.70000000,1280.76000000
1774641600000,2026-03-27T20:00:00+00:00,167.73000000,167.83000000,167.46000000,167.50000000,746.38000000
1774645200000,2026-03-27T21:00:00+00:00,167.50000000,167.66000000,167.47000000,167.53000000,197.56000000
1774648800000,2026-03-27T22:00:00+00:00,167.49000000,167.52000000,167.03000000,167.16000000,276.96000000
1774652400000,2026-03-27T23:00:00+00:00,167.17000000,167.17000000,166.23000000,166.60000000,1201.96000000
1774656000000,2026-03-28T00:00:00+00:00,166.58000000,166.65000000,165.69000000,166.52000000,2026.23000000
1774659600000,2026-03-28T01:00:00+00:00,166.52000000,166.53000000,166.29000000,166.44000000,635.47000000
1774663200000,2026-03-28T02:00:00+00:00,166.44000000,166.52000000,166.40000000,166.44000000,382.33000000
1774666800000,2026-03-28T03:00:00+00:00,166.44000000,166.46000000,166.23000000,166.25000000,953.51000000
1774670400000,2026-03-28T04:00:00+00:00,166.24000000,166.31000000,166.11000000,166.17000000,447.19000000
1774674000000,2026-03-28T05:00:00+00:00,166.17000000,166.51000000,166.17000000,166.48000000,886.86000000
1774677600000,2026-03-28T06:00:00+00:00,166.49000000,166.83000000,166.47000000,166.74000000,214.07000000
1774681200000,2026-03-28T07:00:00+00:00,166.75000000,166.80000000,166.62000000,166.69000000,173.27000000
1774684800000,2026-03-28T08:00:00+00:00,166.70000000,166.70000000,166.40000000,166.43000000,325.11000000
1774688400000,2026-03-28T09:00:00+00:00,166.43000000,166.48000000,166.34000000,166.34000000,153.80000000
1774692000000,2026-03-28T10:00:00+00:00,166.36000000,166.45000000,166.34000000,166.45000000,148.65000000
1774695600000,2026-03-28T11:00:00+00:00,166.46000000,166.62000000,166.42000000,166.59000000,155.36000000
1774699200000,2026-03-28T12:00:00+00:00,166.59000000,166.77000000,166.38000000,166.75000000,219.81000000
1774702800000,2026-03-28T13:00:00+00:00,166.75000000,166.89000000,166.53000000,166.88000000,338.78000000
1774706400000,2026-03-28T14:00:00+00:00,166.88000000,167.05000000,166.73000000,167.04000000,317.89000000
1774710000000,2026-03-28T15:00:00+00:00,167.04000000,167.20000000,167.01000000,167.19000000,352.08000000
1774713600000,2026-03-28T16:00:00+00:00,167.20000000,167.29000000,167.01000000,167.02000000,295.32000000
1774717200000,2026-03-28T17:00:00+00:00,167.03000000,167.07000000,166.87000000,166.87000000,174.03000000
1774720800000,2026-03-28T18:00:00+00:00,166.87000000,166.90000000,166.75000000,166.87000000,74.22000000
1774724400000,2026-03-28T19:00:00+00:00,166.88000000,166.96000000,166.78000000,166.95000000,162.58000000
1774728000000,2026-03-28T20:00:00+00:00,166.95000000,167.21000000,166.93000000,167.09000000,99.69000000
1774731600000,2026-03-28T21:00:00+00:00,167.08000000,167.08000000,166.91000000,166.91000000,95.83000000
1774735200000,2026-03-28T22:00:00+00:00,166.91000000,166.91000000,166.69000000,166.79000000,60.40000000
1774738800000,2026-03-28T23:00:00+00:00,166.79000000,166.80000000,166.28000000,166.34000000,387.14000000
1774742400000,2026-03-29T00:00:00+00:00,166.33000000,166.78000000,166.33000000,166.74000000,287.96000000
1774746000000,2026-03-29T01:00:00+00:00,166.73000000,166.80000000,166.61000000,166.75000000,107.91000000
1774749600000,2026-03-29T02:00:00+00:00,166.73000000,166.89000000,166.63000000,166.88000000,78.08000000
1774753200000,2026-03-29T03:00:00+00:00,166.87000000,167.12000000,166.86000000,167.11000000,150.30000000
1774756800000,2026-03-29T04:00:00+00:00,167.12000000,167.27000000,167.07000000,167.09000000,132.29000000
1774760400000,2026-03-29T05:00:00+00:00,167.09000000,167.10000000,166.57000000,166.82000000,658.88000000
1774764000000,2026-03-29T06:00:00+00:00,166.82000000,166.90000000,166.70000000,166.89000000,166.91000000
1774767600000,2026-03-29T07:00:00+00:00,166.89000000,166.98000000,166.71000000,166.71000000,183.49000000
1774771200000,2026-03-29T08:00:00+00:00,166.74000000,166.91000000,166.72000000,166.76000000,103.82000000
1774774800000,2026-03-29T09:00:00+00:00,166.75000000,166.80000000,166.73000000,166.75000000,87.89000000
1774778400000,2026-03-29T10:00:00+00:00,166.73000000,166.82000000,166.63000000,166.64000000,219.98000000
1774782000000,2026-03-29T11:00:00+00:00,166.64000000,166.69000000,166.60000000,166.66000000,64.57000000
1774785600000,2026-03-29T12:00:00+00:00,166.67000000,166.75000000,166.62000000,166.73000000,91.06000000
1774789200000,2026-03-29T13:00:00+00:00,166.73000000,166.82000000,166.56000000,166.82000000,273.46000000
1774792800000,2026-03-29T14:00:00+00:00,166.82000000,166.86000000,166.73000000,166.76000000,139.08000000
1774796400000,2026-03-29T15:00:00+00:00,166.76000000,166.94000000,166.76000000,166.86000000,155.72000000
1774800000000,2026-03-29T16:00:00+00:00,166.86000000,166.93000000,166.66000000,166.79000000,186.62000000
1774803600000,2026-03-29T17:00:00+00:00,166.77000000,166.86000000,166.44000000,166.65000000,1086.05000000
1774807200000,2026-03-29T18:00:00+00:00,166.65000000,166.69000000,166.57000000,166.59000000,89.69000000
1774810800000,2026-03-29T19:00:00+00:00,166.60000000,166.74000000,166.59000000,166.73000000,123.61000000
1774814400000,2026-03-29T20:00:00+00:00,166.71000000,166.85000000,166.63000000,166.84000000,33.18000000
1774818000000,2026-03-29T21:00:00+00:00,166.84000000,166.90000000,166.78000000,166.84000000,59.54000000
1774821600000,2026-03-29T22:00:00+00:00,166.76000000,166.91000000,165.88000000,166.20000000,850.62000000
1774825200000,2026-03-29T23:00:00+00:00,166.17000000,166.26000000,165.63000000,165.72000000,663.84000000
1774828800000,2026-03-30T00:00:00+00:00,165.69000000,166.20000000,164.85000000,165.60000000,3405.40000000
1774832400000,2026-03-30T01:00:00+00:00,165.61000000,165.91000000,165.32000000,165.85000000,860.56000000
1774836000000,2026-03-30T02:00:00+00:00,165.86000000,166.69000000,165.73000000,166.38000000,792.34000000
1774839600000,2026-03-30T03:00:00+00:00,166.37000000,167.19000000,166.34000000,166.93000000,1146.22000000
1774843200000,2026-03-30T04:00:00+00:00,166.95000000,167.81000000,166.95000000,167.53000000,1140.07000000
1774846800000,2026-03-30T05:00:00+00:00,167.52000000,167.99000000,167.46000000,167.75000000,927.83000000
1774850400000,2026-03-30T06:00:00+00:00,167.77000000,168.81000000,167.74000000,168.32000000,2087.80000000
1774854000000,2026-03-30T07:00:00+00:00,168.33000000,168.60000000,167.82000000,168.21000000,1446.39000000
1774857600000,2026-03-30T08:00:00+00:00,168.21000000,169.51000000,168.05000000,169.49000000,1523.66000000
1774861200000,2026-03-30T09:00:00+00:00,169.47000000,169.72000000,169.00000000,169.14000000,1227.26000000
1774864800000,2026-03-30T10:00:00+00:00,169.12000000,169.24000000,168.22000000,168.42000000,589.45000000
1774868400000,2026-03-30T11:00:00+00:00,168.41000000,169.51000000,168.13000000,168.88000000,3250.16000000
1774872000000,2026-03-30T12:00:00+00:00,168.88000000,169.48000000,168.68000000,169.48000000,1052.47000000
1774875600000,2026-03-30T13:00:00+00:00,169.48000000,169.63000000,166.24000000,166.33000000,9358.86000000
1774879200000,2026-03-30T14:00:00+00:00,166.30000000,168.09000000,166.30000000,168.01000000,7370.91000000
1774882800000,2026-03-30T15:00:00+00:00,168.00000000,168.31000000,166.50000000,167.36000000,3742.65000000
1774886400000,2026-03-30T16:00:00+00:00,167.36000000,167.41000000,166.21000000,166.55000000,3725.39000000
1774890000000,2026-03-30T17:00:00+00:00,166.55000000,166.78000000,165.59000000,166.19000000,3193.78000000
1774893600000,2026-03-30T18:00:00+00:00,166.20000000,166.24000000,165.16000000,165.25000000,2095.77000000
1774897200000,2026-03-30T19:00:00+00:00,165.24000000,165.51000000,164.34000000,165.16000000,2241.83000000
1774900800000,2026-03-30T20:00:00+00:00,165.15000000,165.31000000,164.92000000,165.19000000,291.05000000
1774904400000,2026-03-30T21:00:00+00:00,165.20000000,165.30000000,164.89000000,164.89000000,285.31000000
1774908000000,2026-03-30T22:00:00+00:00,164.90000000,165.14000000,164.61000000,164.69000000,350.54000000
1774911600000,2026-03-30T23:00:00+00:00,164.68000000,164.68000000,163.44000000,163.52000000,1032.06000000
1774915200000,2026-03-31T00:00:00+00:00,163.54000000,165.87000000,163.21000000,165.27000000,5532.31000000
1774918800000,2026-03-31T01:00:00+00:00,165.27000000,166.95000000,164.99000000,166.43000000,3914.25000000
1774922400000,2026-03-31T02:00:00+00:00,166.39000000,166.66000000,166.12000000,166.19000000,2211.31000000
1774926000000,2026-03-31T03:00:00+00:00,166.19000000,166.60000000,165.96000000,165.98000000,1467.12000000
1774929600000,2026-03-31T04:00:00+00:00,166.01000000,166.19000000,165.58000000,165.58000000,979.13000000
1774933200000,2026-03-31T05:00:00+00:00,165.59000000,166.32000000,165.21000000,166.06000000,1364.35000000
1774936800000,2026-03-31T06:00:00+00:00,166.03000000,166.17000000,165.67000000,165.99000000,1094.52000000
1774940400000,2026-03-31T07:00:00+00:00,166.00000000,166.63000000,165.63000000,166.60000000,1020.78000000
1774944000000,2026-03-31T08:00:00+00:00,166.57000000,167.26000000,166.45000000,166.68000000,1622.32000000
1774947600000,2026-03-31T09:00:00+00:00,166.68000000,166.93000000,166.29000000,166.48000000,695.31000000
1774951200000,2026-03-31T10:00:00+00:00,166.48000000,166.69000000,165.81000000,165.99000000,2004.49000000
1774954800000,2026-03-31T11:00:00+00:00,165.98000000,167.65000000,165.75000000,167.34000000,2391.66000000
1774958400000,2026-03-31T12:00:00+00:00,167.34000000,168.17000000,167.18000000,167.70000000,5349.83000000
1774962000000,2026-03-31T13:00:00+00:00,167.68000000,170.19000000,166.99000000,170.17000000,7462.01000000
1774965600000,2026-03-31T14:00:00+00:00,170.17000000,171.35000000,169.25000000,169.99000000,9344.75000000
1774969200000,2026-03-31T15:00:00+00:00,170.01000000,170.71000000,169.77000000,169.82000000,7712.21000000
1774972800000,2026-03-31T16:00:00+00:00,169.82000000,173.81000000,169.69000000,172.95000000,15933.31000000
1774976400000,2026-03-31T17:00:00+00:00,172.94000000,173.98000000,172.47000000,172.61000000,11344.49000000
1774980000000,2026-03-31T18:00:00+00:00,172.60000000,174.05000000,172.58000000,173.75000000,3935.76000000
1774983600000,2026-03-31T19:00:00+00:00,173.72000000,174.59000000,173.59000000,174.38000000,2869.61000000
1774987200000,2026-03-31T20:00:00+00:00,174.41000000,174.85000000,174.30000000,174.33000000,384.26000000
1774990800000,2026-03-31T21:00:00+00:00,174.33000000,174.42000000,173.82000000,173.98000000,438.59000000
1774994400000,2026-03-31T22:00:00+00:00,173.98000000,174.50000000,173.89000000,174.20000000,541.83000000
1774998000000,2026-03-31T23:00:00+00:00,174.21000000,174.93000000,174.15000000,174.93000000,547.36000000
1775001600000,2026-04-01T00:00:00+00:00,174.91000000,175.55000000,174.84000000,175.32000000,3050.53000000
1775005200000,2026-04-01T01:00:00+00:00,175.33000000,175.36000000,174.46000000,174.61000000,1327.45000000
1775008800000,2026-04-01T02:00:00+00:00,174.60000000,174.85000000,174.51000000,174.63000000,1014.71000000
1775012400000,2026-04-01T03:00:00+00:00,174.62000000,175.09000000,174.60000000,175.04000000,734.80000000
1775016000000,2026-04-01T04:00:00+00:00,175.02000000,175.47000000,174.97000000,175.34000000,497.30000000
1775019600000,2026-04-01T05:00:00+00:00,175.33000000,176.08000000,175.30000000,176.02000000,1710.71000000
1775023200000,2026-04-01T06:00:00+00:00,176.00000000,177.14000000,176.00000000,177.02000000,2041.06000000
1775026800000,2026-04-01T07:00:00+00:00,177.02000000,177.09000000,176.26000000,176.29000000,1803.54000000
1775030400000,2026-04-01T08:00:00+00:00,176.33000000,176.51000000,174.92000000,175.60000000,3651.20000000
1775034000000,2026-04-01T09:00:00+00:00,175.61000000,175.67000000,174.99000000,175.46000000,1233.34000000
1775037600000,2026-04-01T10:00:00+00:00,175.42000000,176.07000000,175.36000000,175.75000000,579.33000000
1775041200000,2026-04-01T11:00:00+00:00,175.75000000,177.33000000,175.75000000,176.93000000,1446.96000000
1775044800000,2026-04-01T12:00:00+00:00,176.91000000,177.16000000,175.72000000,175.75000000,2308.33000000
1775048400000,2026-04-01T13:00:00+00:00,175.73000000,176.71000000,174.82000000,175.91000000,11783.32000000
1775052000000,2026-04-01T14:00:00+00:00,175.92000000,176.67000000,175.53000000,176.66000000,6227.38000000
1775055600000,2026-04-01T15:00:00+00:00,176.64000000,177.27000000,176.43000000,177.15000000,2928.43000000
1775059200000,2026-04-01T16:00:00+00:00,177.15000000,177.41000000,176.66000000,176.67000000,3079.68000000
1775062800000,2026-04-01T17:00:00+00:00,176.68000000,177.09000000,175.89000000,175.95000000,1951.81000000
1775066400000,2026-04-01T18:00:00+00:00,175.95000000,176.01000000,174.81000000,175.46000000,2590.50000000
1775070000000,2026-04-01T19:00:00+00:00,175.46000000,176.25000000,175.46000000,175.76000000,2311.40000000
1775073600000,2026-04-01T20:00:00+00:00,175.77000000,175.86000000,175.59000000,175.76000000,253.96000000
1775077200000,2026-04-01T21:00:00+00:00,175.76000000,175.98000000,175.73000000,175.88000000,218.53000000
1775080800000,2026-04-01T22:00:00+00:00,175.89000000,176.58000000,175.75000000,176.23000000,1115.61000000
1775084400000,2026-04-01T23:00:00+00:00,176.24000000,176.40000000,176.06000000,176.06000000,329.70000000
1775088000000,2026-04-02T00:00:00+00:00,176.07000000,176.71000000,175.66000000,176.61000000,1524.99000000
1775091600000,2026-04-02T01:00:00+00:00,176.61000000,176.63000000,172.25000000,172.42000000,13221.32000000
1775095200000,2026-04-02T02:00:00+00:00,172.44000000,172.57000000,171.71000000,172.45000000,4526.17000000
1775098800000,2026-04-02T03:00:00+00:00,172.44000000,172.44000000,171.51000000,171.62000000,3028.73000000
1775102400000,2026-04-02T04:00:00+00:00,171.63000000,171.76000000,171.45000000,171.46000000,2028.50000000
1775106000000,2026-04-02T05:00:00+00:00,171.45000000,171.82000000,170.80000000,171.16000000,2827.89000000
1775109600000,2026-04-02T06:00:00+00:00,171.17000000,171.92000000,171.06000000,171.88000000,1719.21000000
1775113200000,2026-04-02T07:00:00+00:00,171.86000000,172.26000000,171.34000000,172.26000000,1931.69000000
1775116800000,2026-04-02T08:00:00+00:00,172.27000000,172.29000000,171.62000000,171.67000000,846.47000000
1775120400000,2026-04-02T09:00:00+00:00,171.66000000,171.89000000,171.56000000,171.73000000,415.84000000
1775124000000,2026-04-02T10:00:00+00:00,171.76000000,171.82000000,171.21000000,171.72000000,1153.32000000
1775127600000,2026-04-02T11:00:00+00:00,171.73000000,171.87000000,170.40000000,170.40000000,947.07000000
1775131200000,2026-04-02T12:00:00+00:00,170.40000000,171.29000000,170.27000000,170.99000000,1285.60000000
1775134800000,2026-04-02T13:00:00+00:00,170.99000000,174.13000000,170.57000000,174.02000000,11918.15000000
1775138400000,2026-04-02T14:00:00+00:00,174.03000000,176.74000000,173.61000000,176.37000000,11546.45000000
1775142000000,2026-04-02T15:00:00+00:00,176.35000000,177.14000000,175.78000000,176.50000000,6697.72000000
1775145600000,2026-04-02T16:00:00+00:00,176.51000000,176.73000000,175.68000000,176.37000000,2244.89000000
1775149200000,2026-04-02T17:00:00+00:00,176.36000000,176.85000000,176.06000000,176.31000000,1259.81000000
1775152800000,2026-04-02T18:00:00+00:00,176.31000000,177.06000000,176.31000000,176.77000000,898.25000000
1775156400000,2026-04-02T19:00:00+00:00,176.77000000,177.43000000,176.77000000,177.32000000,1117.78000000
1775160000000,2026-04-02T20:00:00+00:00,177.30000000,177.32000000,176.91000000,176.96000000,485.55000000
1775163600000,2026-04-02T21:00:00+00:00,176.96000000,176.96000000,176.72000000,176.85000000,160.55000000
1775167200000,2026-04-02T22:00:00+00:00,176.85000000,176.97000000,176.69000000,176.73000000,476.74000000
1775170800000,2026-04-02T23:00:00+00:00,176.73000000,176.90000000,176.59000000,176.66000000,299.54000000
1775174400000,2026-04-03T00:00:00+00:00,176.67000000,176.84000000,176.64000000,176.68000000,415.48000000
1775178000000,2026-04-03T01:00:00+00:00,176.69000000,176.70000000,176.50000000,176.57000000,323.77000000
1775181600000,2026-04-03T02:00:00+00:00,176.57000000,176.57000000,176.11000000,176.16000000,347.97000000
1775185200000,2026-04-03T03:00:00+00:00,176.16000000,176.38000000,176.16000000,176.30000000,353.31000000
1775188800000,2026-04-03T04:00:00+00:00,176.30000000,176.42000000,176.20000000,176.29000000,438.89000000
1775192400000,2026-04-03T05:00:00+00:00,176.29000000,176.46000000,176.22000000,176.43000000,499.16000000
1775196000000,2026-04-03T06:00:00+00:00,176.46000000,176.50000000,176.23000000,176.32000000,734.05000000
1775199600000,2026-04-03T07:00:00+00:00,176.32000000,176.58000000,176.26000000,176.58000000,689.48000000
1775203200000,2026-04-03T08:00:00+00:00,176.55000000,176.59000000,176.28000000,176.37000000,553.05000000
1775206800000,2026-04-03T09:00:00+00:00,176.38000000,176.39000000,176.28000000,176.32000000,165.27000000
1775210400000,2026-04-03T10:00:00+00:00,176.32000000,176.39000000,176.15000000,176.38000000,736.55000000
1775214000000,2026-04-03T11:00:00+00:00,176.38000000,176.48000000,176.25000000,176.43000000,480.42000000
1775217600000,2026-04-03T12:00:00+00:00,176.44000000,176.97000000,176.24000000,176.24000000,1613.15000000
1775221200000,2026-04-03T13:00:00+00:00,176.24000000,176.40000000,176.24000000,176.31000000,596.60000000
1775224800000,2026-04-03T14:00:00+00:00,176.29000000,176.42000000,176.26000000,176.34000000,727.64000000
1775228400000,2026-04-03T15:00:00+00:00,176.34000000,176.49000000,176.32000000,176.41000000,409.54000000
1775232000000,2026-04-03T16:00:00+00:00,176.40000000,176.46000000,176.25000000,176.35000000,496.10000000
1775235600000,2026-04-03T17:00:00+00:00,176.36000000,176.40000000,176.32000000,176.38000000,238.41000000
1775239200000,2026-04-03T18:00:00+00:00,176.38000000,176.40000000,176.32000000,176.38000000,180.82000000
1775242800000,2026-04-03T19:00:00+00:00,176.37000000,176.44000000,176.34000000,176.44000000,190.17000000
1775246400000,2026-04-03T20:00:00+00:00,176.43000000,176.44000000,176.35000000,176.42000000,124.10000000
1775250000000,2026-04-03T21:00:00+00:00,176.42000000,176.50000000,176.34000000,176.49000000,197.16000000
1775253600000,2026-04-03T22:00:00+00:00,176.50000000,176.57000000,176.36000000,176.55000000,341.71000000
1775257200000,2026-04-03T23:00:00+00:00,176.55000000,176.70000000,176.45000000,176.50000000,588.17000000
1775260800000,2026-04-04T00:00:00+00:00,176.51000000,176.51000000,176.30000000,176.31000000,337.94000000
1775264400000,2026-04-04T01:00:00+00:00,176.33000000,176.44000000,176.25000000,176.25000000,237.12000000
1775268000000,2026-04-04T02:00:00+00:00,176.27000000,176.54000000,176.25000000,176.51000000,222.31000000
1775271600000,2026-04-04T03:00:00+00:00,176.54000000,176.58000000,176.48000000,176.55000000,111.76000000
1775275200000,2026-04-04T04:00:00+00:00,176.55000000,176.60000000,176.47000000,176.51000000,234.92000000
1775278800000,2026-04-04T05:00:00+00:00,176.53000000,176.57000000,176.48000000,176.54000000,124.78000000
1775282400000,2026-04-04T06:00:00+00:00,176.54000000,176.54000000,176.42000000,176.48000000,122.23000000
1775286000000,2026-04-04T07:00:00+00:00,176.47000000,176.49000000,176.37000000,176.44000000,129.76000000
1775289600000,2026-04-04T08:00:00+00:00,176.41000000,176.46000000,176.33000000,176.33000000,125.63000000
1775293200000,2026-04-04T09:00:00+00:00,176.34000000,176.38000000,176.25000000,176.38000000,307.72000000
1775296800000,2026-04-04T10:00:00+00:00,176.38000000,176.39000000,176.32000000,176.34000000,127.29000000
1775300400000,2026-04-04T11:00:00+00:00,176.35000000,176.38000000,176.31000000,176.32000000,57.84000000
1775304000000,2026-04-04T12:00:00+00:00,176.32000000,176.41000000,176.29000000,176.38000000,203.65000000
1775307600000,2026-04-04T13:00:00+00:00,176.38000000,176.46000000,176.38000000,176.45000000,228.03000000
1775311200000,2026-04-04T14:00:00+00:00,176.45000000,176.50000000,176.43000000,176.43000000,326.41000000
1775314800000,2026-04-04T15:00:00+00:00,176.44000000,176.58000000,176.43000000,176.52000000,544.36000000
1775318400000,2026-04-04T16:00:00+00:00,176.50000000,176.51000000,176.28000000,176.37000000,491.59000000
1775322000000,2026-04-04T17:00:00+00:00,176.37000000,176.39000000,176.29000000,176.29000000,133.96000000
1775325600000,2026-04-04T18:00:00+00:00,176.29000000,176.38000000,176.29000000,176.32000000,39.00000000
1775329200000,2026-04-04T19:00:00+00:00,176.32000000,176.41000000,176.26000000,176.36000000,219.34000000
1775332800000,2026-04-04T20:00:00+00:00,176.36000000,176.44000000,176.33000000,176.41000000,16.92000000
1775336400000,2026-04-04T21:00:00+00:00,176.39000000,176.48000000,176.27000000,176.47000000,189.10000000
1775340000000,2026-04-04T22:00:00+00:00,176.43000000,176.49000000,176.33000000,176.49000000,305.66000000
1775343600000,2026-04-04T23:00:00+00:00,176.48000000,176.50000000,176.39000000,176.50000000,170.56000000
1775347200000,2026-04-05T00:00:00+00:00,176.48000000,176.48000000,176.34000000,176.37000000,76.83000000
1775350800000,2026-04-05T01:00:00+00:00,176.37000000,176.45000000,176.36000000,176.39000000,35.31000000
1775354400000,2026-04-05T02:00:00+00:00,176.38000000,176.42000000,176.36000000,176.37000000,79.00000000
1775358000000,2026-04-05T03:00:00+00:00,176.38000000,176.43000000,176.36000000,176.39000000,76.65000000
1775361600000,2026-04-05T04:00:00+00:00,176.39000000,176.44000000,176.36000000,176.40000000,59.79000000
1775365200000,2026-04-05T05:00:00+00:00,176.41000000,176.47000000,176.36000000,176.38000000,91.92000000
1775368800000,2026-04-05T06:00:00+00:00,176.38000000,176.44000000,176.29000000,176.35000000,543.94000000
1775372400000,2026-04-05T07:00:00+00:00,176.34000000,176.38000000,176.04000000,176.29000000,746.60000000
1775376000000,2026-04-05T08:00:00+00:00,176.28000000,176.32000000,175.80000000,176.10000000,847.70000000
1775379600000,2026-04-05T09:00:00+00:00,176.10000000,176.17000000,176.06000000,176.15000000,160.84000000
1775383200000,2026-04-05T10:00:00+00:00,176.14000000,176.28000000,176.12000000,176.27000000,296.33000000
1775386800000,2026-04-05T11:00:00+00:00,176.27000000,176.30000000,176.07000000,176.25000000,450.19000000
1775390400000,2026-04-05T12:00:00+00:00,176.21000000,176.22000000,175.83000000,175.98000000,685.40000000
1775394000000,2026-04-05T13:00:00+00:00,175.98000000,176.03000000,175.76000000,175.94000000,501.34000000
1775397600000,2026-04-05T14:00:00+00:00,175.93000000,176.27000000,175.88000000,176.18000000,638.26000000
1775401200000,2026-04-05T15:00:00+00:00,176.19000000,176.50000000,175.97000000,176.36000000,1268.46000000
1775404800000,2026-04-05T16:00:00+00:00,176.37000000,176.37000000,175.85000000,176.09000000,1729.98000000
1775408400000,2026-04-05T17:00:00+00:00,176.09000000,176.10000000,175.98000000,175.99000000,206.49000000
1775412000000,2026-04-05T18:00:00+00:00,175.99000000,176.08000000,175.93000000,176.08000000,158.54000000
1775415600000,2026-04-05T19:00:00+00:00,176.07000000,176.30000000,176.00000000,176.26000000,387.50000000
1775419200000,2026-04-05T20:00:00+00:00,176.27000000,176.31000000,176.12000000,176.25000000,135.17000000
1775422800000,2026-04-05T21:00:00+00:00,176.23000000,176.60000000,176.19000000,176.58000000,888.77000000
1775426400000,2026-04-05T22:00:00+00:00,176.58000000,176.58000000,175.40000000,176.28000000,2396.56000000
1775430000000,2026-04-05T23:00:00+00:00,176.22000000,176.65000000,175.95000000,176.48000000,1346.98000000
1775433600000,2026-04-06T00:00:00+00:00,176.46000000,177.74000000,176.12000000,177.53000000,4707.91000000
1775437200000,2026-04-06T01:00:00+00:00,177.53000000,177.68000000,177.09000000,177.16000000,1248.04000000
1775440800000,2026-04-06T02:00:00+00:00,177.17000000,178.80000000,177.07000000,177.79000000,3931.87000000
1775444400000,2026-04-06T03:00:00+00:00,177.80000000,177.85000000,177.03000000,177.63000000,1819.63000000
1775448000000,2026-04-06T04:00:00+00:00,177.63000000,177.89000000,177.52000000,177.74000000,818.67000000
1775451600000,2026-04-06T05:00:00+00:00,177.78000000,177.88000000,177.25000000,177.36000000,763.75000000
1775455200000,2026-04-06T06:00:00+00:00,177.35000000,177.85000000,177.26000000,177.60000000,897.09000000
1775458800000,2026-04-06T07:00:00+00:00,177.61000000,178.35000000,177.25000000,178.22000000,1415.50000000
1775462400000,2026-04-06T08:00:00+00:00,178.23000000,179.32000000,177.28000000,178.97000000,2103.44000000
1775466000000,2026-04-06T09:00:00+00:00,178.98000000,179.16000000,178.42000000,178.46000000,1328.85000000
1775469600000,2026-04-06T10:00:00+00:00,178.48000000,178.65000000,177.76000000,177.96000000,1608.99000000
1775473200000,2026-04-06T11:00:00+00:00,177.97000000,178.31000000,177.78000000,178.26000000,1152.33000000
1775476800000,2026-04-06T12:00:00+00:00,178.26000000,178.29000000,177.80000000,177.85000000,1294.48000000
1775480400000,2026-04-06T13:00:00+00:00,177.85000000,177.95000000,175.83000000,177.17000000,8708.10000000
1775484000000,2026-04-06T14:00:00+00:00,177.17000000,177.44000000,176.07000000,176.65000000,6689.79000000
1775487600000,2026-04-06T15:00:00+00:00,176.64000000,177.67000000,176.54000000,177.54000000,2121.76000000
1775491200000,2026-04-06T16:00:00+00:00,177.56000000,177.58000000,176.87000000,177.05000000,2054.76000000
1775494800000,2026-04-06T17:00:00+00:00,177.04000000,177.19000000,176.12000000,176.67000000,1789.94000000
1775498400000,2026-04-06T18:00:00+00:00,176.66000000,177.40000000,176.51000000,177.31000000,1716.14000000
1775502000000,2026-04-06T19:00:00+00:00,177.28000000,177.77000000,177.14000000,177.71000000,1326.80000000
1775505600000,2026-04-06T20:00:00+00:00,177.72000000,177.72000000,177.52000000,177.56000000,178.98000000
1775509200000,2026-04-06T21:00:00+00:00,177.57000000,177.70000000,177.25000000,177.39000000,420.23000000
1775512800000,2026-04-06T22:00:00+00:00,177.38000000,177.45000000,176.86000000,176.88000000,633.15000000
1775516400000,2026-04-06T23:00:00+00:00,176.88000000,177.01000000,176.82000000,176.83000000,984.54000000
1775520000000,2026-04-07T00:00:00+00:00,176.82000000,177.31000000,176.68000000,176.89000000,1515.98000000
1775523600000,2026-04-07T01:00:00+00:00,176.90000000,176.90000000,175.91000000,175.95000000,1710.98000000
1775527200000,2026-04-07T02:00:00+00:00,175.96000000,176.42000000,175.77000000,176.37000000,1169.57000000
1775530800000,2026-04-07T03:00:00+00:00,176.37000000,176.42000000,176.17000000,176.39000000,495.57000000
1775534400000,2026-04-07T04:00:00+00:00,176.38000000,176.65000000,176.13000000,176.58000000,518.15000000
1775538000000,2026-04-07T05:00:00+00:00,176.59000000,176.66000000,176.23000000,176.37000000,408.86000000
1775541600000,2026-04-07T06:00:00+00:00,176.37000000,176.56000000,176.25000000,176.41000000,649.33000000
1775545200000,2026-04-07T07:00:00+00:00,176.46000000,176.66000000,176.33000000,176.54000000,804.84000000
1775548800000,2026-04-07T08:00:00+00:00,176.53000000,177.43000000,176.53000000,177.06000000,2845.45000000
1775552400000,2026-04-07T09:00:00+00:00,177.05000000,177.15000000,176.75000000,176.86000000,1598.62000000
1775556000000,2026-04-07T10:00:00+00:00,176.86000000,176.90000000,175.20000000,175.55000000,4589.78000000
1775559600000,2026-04-07T11:00:00+00:00,175.56000000,175.91000000,175.38000000,175.51000000,1676.73000000
1775563200000,2026-04-07T12:00:00+00:00,175.49000000,175.63000000,174.78000000,175.15000000,2906.73000000
1775566800000,2026-04-07T13:00:00+00:00,175.15000000,177.08000000,175.08000000,175.43000000,7235.85000000
1775570400000,2026-04-07T14:00:00+00:00,175.42000000,175.65000000,174.29000000,174.35000000,6761.78000000
1775574000000,2026-04-07T15:00:00+00:00,174.35000000,175.53000000,173.79000000,175.31000000,4373.68000000
1775577600000,2026-04-07T16:00:00+00:00,175.33000000,176.08000000,175.13000000,175.72000000,3617.80000000
1775581200000,2026-04-07T17:00:00+00:00,175.71000000,176.33000000,175.49000000,175.93000000,2703.88000000
1775584800000,2026-04-07T18:00:00+00:00,175.93000000,176.22000000,175.09000000,175.36000000,1745.60000000
1775588400000,2026-04-07T19:00:00+00:00,175.35000000,178.29000000,175.26000000,178.29000000,6376.88000000
1775592000000,2026-04-07T20:00:00+00:00,178.26000000,178.66000000,178.01000000,178.44000000,1883.26000000
1775595600000,2026-04-07T21:00:00+00:00,178.43000000,178.91000000,178.26000000,178.89000000,1366.33000000
1775599200000,2026-04-07T22:00:00+00:00,178.88000000,182.67000000,178.26000000,182.60000000,11839.35000000
1775602800000,2026-04-07T23:00:00+00:00,182.61000000,183.93000000,182.36000000,183.39000000,5799.06000000
1775606400000,2026-04-08T00:00:00+00:00,183.38000000,183.88000000,182.70000000,183.11000000,2569.05000000
1775610000000,2026-04-08T01:00:00+00:00,183.11000000,183.39000000,182.91000000,183.31000000,1060.78000000
1775613600000,2026-04-08T02:00:00+00:00,183.29000000,183.56000000,183.28000000,183.51000000,761.15000000
1775617200000,2026-04-08T03:00:00+00:00,183.51000000,183.60000000,183.07000000,183.23000000,661.58000000
1775620800000,2026-04-08T04:00:00+00:00,183.28000000,183.81000000,183.18000000,183.55000000,767.00000000
1775624400000,2026-04-08T05:00:00+00:00,183.54000000,184.19000000,183.53000000,184.16000000,1098.44000000
1775628000000,2026-04-08T06:00:00+00:00,184.17000000,184.19000000,183.56000000,183.77000000,2241.55000000
1775631600000,2026-04-08T07:00:00+00:00,183.77000000,184.04000000,183.57000000,183.88000000,1627.90000000
1775635200000,2026-04-08T08:00:00+00:00,183.86000000,184.98000000,183.63000000,184.93000000,1467.18000000
1775638800000,2026-04-08T09:00:00+00:00,184.93000000,185.12000000,184.46000000,184.74000000,1264.46000000
1775642400000,2026-04-08T10:00:00+00:00,184.73000000,185.30000000,184.47000000,184.49000000,866.33000000
1775646000000,2026-04-08T11:00:00+00:00,184.52000000,184.98000000,183.82000000,184.50000000,1554.43000000
1775649600000,2026-04-08T12:00:00+00:00,184.51000000,184.89000000,184.17000000,184.70000000,1484.37000000
1775653200000,2026-04-08T13:00:00+00:00,184.70000000,185.38000000,182.65000000,182.67000000,11270.45000000
1775656800000,2026-04-08T14:00:00+00:00,182.67000000,182.81000000,180.29000000,180.88000000,7629.99000000
1775660400000,2026-04-08T15:00:00+00:00,180.87000000,181.94000000,180.87000000,181.69000000,4698.12000000
1775664000000,2026-04-08T16:00:00+00:00,181.68000000,182.05000000,181.36000000,181.65000000,1305.13000000
1775667600000,2026-04-08T17:00:00+00:00,181.65000000,181.87000000,181.33000000,181.77000000,1100.09000000
1775671200000,2026-04-08T18:00:00+00:00,181.77000000,182.17000000,181.14000000,181.22000000,2073.36000000
1775674800000,2026-04-08T19:00:00+00:00,181.23000000,182.27000000,181.18000000,182.14000000,1560.05000000
1775678400000,2026-04-08T20:00:00+00:00,182.10000000,182.10000000,181.67000000,181.84000000,523.89000000
1775682000000,2026-04-08T21:00:00+00:00,181.84000000,181.84000000,181.56000000,181.56000000,262.40000000
1775685600000,2026-04-08T22:00:00+00:00,181.56000000,181.71000000,181.16000000,181.19000000,1438.28000000
1775689200000,2026-04-08T23:00:00+00:00,181.19000000,181.28000000,180.90000000,180.97000000,662.37000000
1775692800000,2026-04-09T00:00:00+00:00,180.97000000,181.11000000,180.52000000,180.56000000,1295.49000000
1775696400000,2026-04-09T01:00:00+00:00,180.58000000,180.91000000,180.12000000,180.91000000,1121.88000000
1775700000000,2026-04-09T02:00:00+00:00,180.86000000,181.13000000,180.76000000,180.94000000,948.15000000
1775703600000,2026-04-09T03:00:00+00:00,180.94000000,180.97000000,180.54000000,180.63000000,475.69000000
1775707200000,2026-04-09T04:00:00+00:00,180.66000000,180.75000000,180.39000000,180.48000000,605.20000000
1775710800000,2026-04-09T05:00:00+00:00,180.44000000,180.82000000,180.26000000,180.58000000,742.13000000
1775714400000,2026-04-09T06:00:00+00:00,180.58000000,180.78000000,180.54000000,180.69000000,523.95000000
1775718000000,2026-04-09T07:00:00+00:00,180.69000000,180.74000000,180.21000000,180.37000000,508.93000000
1775721600000,2026-04-09T08:00:00+00:00,180.36000000,180.87000000,180.22000000,180.51000000,606.15000000
1775725200000,2026-04-09T09:00:00+00:00,180.49000000,180.95000000,180.36000000,180.93000000,397.40000000
1775728800000,2026-04-09T10:00:00+00:00,180.96000000,181.02000000,180.60000000,180.64000000,1474.93000000
1775732400000,2026-04-09T11:00:00+00:00,180.63000000,181.43000000,180.62000000,181.36000000,567.89000000
1775736000000,2026-04-09T12:00:00+00:00,181.37000000,181.48000000,181.01000000,181.34000000,589.05000000
1775739600000,2026-04-09T13:00:00+00:00,181.34000000,182.22000000,180.72000000,181.55000000,8770.10000000
1775743200000,2026-04-09T14:00:00+00:00,181.56000000,182.83000000,181.39000000,182.61000000,3765.26000000
1775746800000,2026-04-09T15:00:00+00:00,182.62000000,183.67000000,182.46000000,183.50000000,3672.31000000
1775750400000,2026-04-09T16:00:00+00:00,183.52000000,184.31000000,183.21000000,183.63000000,3422.28000000
1775754000000,2026-04-09T17:00:00+00:00,183.60000000,183.97000000,183.30000000,183.65000000,1628.22000000
1775757600000,2026-04-09T18:00:00+00:00,183.65000000,183.77000000,183.11000000,183.67000000,2318.21000000
1775761200000,2026-04-09T19:00:00+00:00,183.67000000,184.33000000,183.59000000,184.00000000,3336.03000000
1775764800000,2026-04-09T20:00:00+00:00,184.02000000,184.05000000,183.67000000,183.81000000,633.73000000
1775768400000,2026-04-09T21:00:00+00:00,183.82000000,183.91000000,183.63000000,183.69000000,570.95000000
1775772000000,2026-04-09T22:00:00+00:00,183.71000000,183.87000000,183.33000000,183.33000000,688.42000000
1775775600000,2026-04-09T23:00:00+00:00,183.33000000,183.45000000,183.10000000,183.12000000,632.05000000
1775779200000,2026-04-10T00:00:00+00:00,183.15000000,183.67000000,183.02000000,183.50000000,1380.74000000
1775782800000,2026-04-10T01:00:00+00:00,183.52000000,183.82000000,183.48000000,183.75000000,1218.83000000
1775786400000,2026-04-10T02:00:00+00:00,183.76000000,183.80000000,183.48000000,183.59000000,263.93000000
1775790000000,2026-04-10T03:00:00+00:00,183.60000000,183.70000000,183.52000000,183.58000000,262.90000000
1775793600000,2026-04-10T04:00:00+00:00,183.58000000,183.66000000,183.38000000,183.41000000,509.26000000
1775797200000,2026-04-10T05:00:00+00:00,183.43000000,183.73000000,183.37000000,183.42000000,759.52000000
1775800800000,2026-04-10T06:00:00+00:00,183.36000000,183.47000000,183.07000000,183.17000000,598.58000000
1775804400000,2026-04-10T07:00:00+00:00,183.18000000,183.33000000,182.94000000,183.09000000,638.11000000
1775808000000,2026-04-10T08:00:00+00:00,183.11000000,183.40000000,182.72000000,182.75000000,595.30000000
1775811600000,2026-04-10T09:00:00+00:00,182.78000000,183.46000000,182.54000000,182.97000000,1315.59000000
1775815200000,2026-04-10T10:00:00+00:00,182.98000000,183.37000000,182.81000000,183.28000000,691.99000000
1775818800000,2026-04-10T11:00:00+00:00,183.27000000,183.78000000,183.27000000,183.48000000,1044.75000000
1775822400000,2026-04-10T12:00:00+00:00,183.48000000,184.29000000,183.45000000,184.11000000,946.01000000
1775826000000,2026-04-10T13:00:00+00:00,184.13000000,188.04000000,184.05000000,187.18000000,10732.97000000
1775829600000,2026-04-10T14:00:00+00:00,187.17000000,188.99000000,186.45000000,188.92000000,8577.44000000
1775833200000,2026-04-10T15:00:00+00:00,188.91000000,190.00000000,188.19000000,188.48000000,9193.00000000
1775836800000,2026-04-10T16:00:00+00:00,188.50000000,188.80000000,187.98000000,188.51000000,5269.56000000
1775840400000,2026-04-10T17:00:00+00:00,188.53000000,188.75000000,187.95000000,188.67000000,1483.43000000
1775844000000,2026-04-10T18:00:00+00:00,188.67000000,189.01000000,188.36000000,188.85000000,1393.14000000
1775847600000,2026-04-10T19:00:00+00:00,188.82000000,189.70000000,188.17000000,188.70000000,3697.64000000
1775851200000,2026-04-10T20:00:00+00:00,188.71000000,188.87000000,188.43000000,188.80000000,590.94000000
1775854800000,2026-04-10T21:00:00+00:00,188.79000000,188.80000000,188.41000000,188.51000000,136.18000000
1775858400000,2026-04-10T22:00:00+00:00,188.50000000,188.50000000,188.21000000,188.32000000,268.74000000
1775862000000,2026-04-10T23:00:00+00:00,188.32000000,188.53000000,188.14000000,188.52000000,305.56000000
1775865600000,2026-04-11T00:00:00+00:00,188.52000000,188.54000000,187.03000000,187.49000000,1447.76000000
1775869200000,2026-04-11T01:00:00+00:00,187.49000000,187.89000000,187.41000000,187.79000000,466.66000000
1775872800000,2026-04-11T02:00:00+00:00,187.79000000,188.10000000,187.77000000,188.09000000,455.32000000
1775876400000,2026-04-11T03:00:00+00:00,188.10000000,188.19000000,187.78000000,187.95000000,417.01000000
1775880000000,2026-04-11T04:00:00+00:00,187.95000000,188.39000000,187.92000000,188.36000000,648.14000000
1775883600000,2026-04-11T05:00:00+00:00,188.37000000,188.49000000,188.27000000,188.49000000,425.55000000
1775887200000,2026-04-11T06:00:00+00:00,188.47000000,188.50000000,188.32000000,188.34000000,294.22000000
1775890800000,2026-04-11T07:00:00+00:00,188.36000000,188.40000000,188.34000000,188.37000000,161.61000000
1775894400000,2026-04-11T08:00:00+00:00,188.38000000,188.38000000,188.21000000,188.34000000,180.94000000
1775898000000,2026-04-11T09:00:00+00:00,188.34000000,188.44000000,188.22000000,188.32000000,396.39000000
1775901600000,2026-04-11T10:00:00+00:00,188.32000000,188.39000000,188.28000000,188.36000000,114.27000000
1775905200000,2026-04-11T11:00:00+00:00,188.36000000,188.41000000,188.28000000,188.39000000,196.58000000
1775908800000,2026-04-11T12:00:00+00:00,188.41000000,188.44000000,188.10000000,188.33000000,336.59000000
1775912400000,2026-04-11T13:00:00+00:00,188.33000000,188.43000000,188.06000000,188.30000000,266.04000000
1775916000000,2026-04-11T14:00:00+00:00,188.30000000,188.38000000,188.24000000,188.26000000,246.45000000
1775919600000,2026-04-11T15:00:00+00:00,188.26000000,188.34000000,188.20000000,188.24000000,609.57000000
1775923200000,2026-04-11T16:00:00+00:00,188.25000000,188.79000000,188.24000000,188.76000000,233.51000000
1775926800000,2026-04-11T17:00:00+00:00,188.76000000,189.08000000,188.62000000,189.08000000,310.50000000
1775930400000,2026-04-11T18:00:00+00:00,189.08000000,189.10000000,189.04000000,189.04000000,621.83000000
1775934000000,2026-04-11T19:00:00+00:00,189.04000000,189.14000000,188.73000000,188.98000000,764.48000000
1775937600000,2026-04-11T20:00:00+00:00,188.99000000,189.02000000,188.85000000,188.93000000,371.75000000
1775941200000,2026-04-11T21:00:00+00:00,188.94000000,188.97000000,188.81000000,188.84000000,334.30000000
1775944800000,2026-04-11T22:00:00+00:00,188.83000000,188.90000000,188.70000000,188.76000000,661.10000000
1775948400000,2026-04-11T23:00:00+00:00,188.76000000,188.84000000,188.31000000,188.44000000,742.89000000
1775952000000,2026-04-12T00:00:00+00:00,188.41000000,189.00000000,188.40000000,188.98000000,588.51000000
1775955600000,2026-04-12T01:00:00+00:00,188.99000000,189.15000000,187.35000000,187.45000000,5037.83000000
1775959200000,2026-04-12T02:00:00+00:00,187.46000000,187.51000000,186.84000000,187.10000000,13035.72000000
1775962800000,2026-04-12T03:00:00+00:00,187.10000000,187.23000000,186.89000000,187.14000000,1690.82000000
1775966400000,2026-04-12T04:00:00+00:00,187.17000000,188.06000000,186.86000000,187.90000000,4539.87000000
1775970000000,2026-04-12T05:00:00+00:00,187.88000000,188.26000000,187.51000000,188.07000000,1615.40000000
1775973600000,2026-04-12T06:00:00+00:00,188.03000000,188.37000000,187.84000000,188.09000000,3364.22000000
1775977200000,2026-04-12T07:00:00+00:00,188.09000000,188.17000000,187.76000000,187.91000000,1044.86000000
1775980800000,2026-04-12T08:00:00+00:00,187.86000000,187.96000000,187.36000000,187.50000000,480.43000000
1775984400000,2026-04-12T09:00:00+00:00,187.52000000,187.66000000,187.32000000,187.52000000,635.29000000
1775988000000,2026-04-12T10:00:00+00:00,187.52000000,187.52000000,187.14000000,187.34000000,233.25000000
1775991600000,2026-04-12T11:00:00+00:00,187.35000000,187.56000000,187.29000000,187.54000000,278.68000000
1775995200000,2026-04-12T12:00:00+00:00,187.54000000,187.59000000,187.11000000,187.16000000,609.86000000
1775998800000,2026-04-12T13:00:00+00:00,187.15000000,187.27000000,186.60000000,186.66000000,1150.38000000
1776002400000,2026-04-12T14:00:00+00:00,186.66000000,187.14000000,186.51000000,186.80000000,1380.73000000
1776006000000,2026-04-12T15:00:00+00:00,186.80000000,187.56000000,186.54000000,187.26000000,3142.69000000
1776009600000,2026-04-12T16:00:00+00:00,187.26000000,187.26000000,185.19000000,185.88000000,3711.36000000
1776013200000,2026-04-12T17:00:00+00:00,185.89000000,186.33000000,185.76000000,186.33000000,2345.02000000
1776016800000,2026-04-12T18:00:00+00:00,186.31000000,186.34000000,186.03000000,186.16000000,1274.90000000
1776020400000,2026-04-12T19:00:00+00:00,186.18000000,186.20000000,185.79000000,185.95000000,933.32000000
1776024000000,2026-04-12T20:00:00+00:00,185.95000000,186.34000000,185.74000000,186.24000000,2110.59000000
1776027600000,2026-04-12T21:00:00+00:00,186.23000000,186.34000000,185.77000000,185.90000000,1873.47000000
1776031200000,2026-04-12T22:00:00+00:00,185.88000000,187.77000000,185.86000000,187.48000000,10418.11000000
1776034800000,2026-04-12T23:00:00+00:00,187.44000000,188.37000000,187.11000000,188.14000000,3672.64000000
1776038400000,2026-04-13T00:00:00+00:00,188.14000000,188.20000000,183.87000000,185.64000000,8962.65000000
1776042000000,2026-04-13T01:00:00+00:00,185.66000000,186.49000000,185.56000000,186.23000000,3481.73000000
1776045600000,2026-04-13T02:00:00+00:00,186.23000000,186.29000000,185.40000000,185.52000000,2154.01000000
1776049200000,2026-04-13T03:00:00+00:00,185.52000000,185.63000000,185.24000000,185.47000000,1567.86000000
1776052800000,2026-04-13T04:00:00+00:00,185.47000000,185.85000000,185.32000000,185.66000000,2019.08000000
1776056400000,2026-04-13T05:00:00+00:00,185.67000000,186.00000000,185.57000000,185.95000000,2218.54000000
1776060000000,2026-04-13T06:00:00+00:00,185.93000000,186.30000000,185.78000000,185.94000000,3081.16000000
1776063600000,2026-04-13T07:00:00+00:00,185.96000000,186.20000000,185.65000000,185.96000000,1297.04000000
1776067200000,2026-04-13T08:00:00+00:00,185.95000000,186.39000000,185.71000000,186.37000000,2746.36000000
1776070800000,2026-04-13T09:00:00+00:00,186.36000000,186.76000000,186.31000000,186.35000000,836.22000000
1776074400000,2026-04-13T10:00:00+00:00,186.35000000,186.72000000,186.18000000,186.71000000,1070.09000000
1776078000000,2026-04-13T11:00:00+00:00,186.72000000,186.82000000,185.74000000,185.80000000,2706.44000000
1776081600000,2026-04-13T12:00:00+00:00,185.79000000,186.29000000,185.59000000,186.08000000,1062.08000000
1776085200000,2026-04-13T13:00:00+00:00,186.08000000,188.08000000,185.83000000,188.04000000,7357.16000000
1776088800000,2026-04-13T14:00:00+00:00,188.07000000,189.70000000,187.67000000,189.43000000,5764.90000000
1776092400000,2026-04-13T15:00:00+00:00,189.44000000,189.70000000,188.09000000,188.36000000,2013.68000000
1776096000000,2026-04-13T16:00:00+00:00,188.35000000,188.69000000,187.92000000,188.41000000,2239.74000000
1776099600000,2026-04-13T17:00:00+00:00,188.44000000,188.71000000,188.09000000,188.18000000,789.64000000
1776103200000,2026-04-13T18:00:00+00:00,188.20000000,188.76000000,188.05000000,188.63000000,575.27000000
1776106800000,2026-04-13T19:00:00+00:00,188.63000000,189.48000000,188.57000000,189.32000000,1366.81000000
1776110400000,2026-04-13T20:00:00+00:00,189.31000000,189.50000000,188.96000000,189.11000000,1003.35000000
1776114000000,2026-04-13T21:00:00+00:00,189.10000000,189.22000000,188.88000000,189.06000000,233.00000000
1776117600000,2026-04-13T22:00:00+00:00,189.05000000,189.38000000,189.03000000,189.33000000,1216.19000000
1776121200000,2026-04-13T23:00:00+00:00,189.34000000,189.43000000,189.19000000,189.20000000,1603.68000000
1776124800000,2026-04-14T00:00:00+00:00,189.19000000,189.46000000,188.96000000,189.07000000,2022.89000000
1776128400000,2026-04-14T01:00:00+00:00,189.06000000,189.06000000,188.86000000,188.96000000,703.39000000
1776132000000,2026-04-14T02:00:00+00:00,188.96000000,189.22000000,188.92000000,189.11000000,629.43000000
1776135600000,2026-04-14T03:00:00+00:00,189.11000000,189.21000000,188.92000000,189.05000000,596.47000000
1776139200000,2026-04-14T04:00:00+00:00,189.05000000,189.48000000,188.99000000,189.21000000,975.96000000
1776142800000,2026-04-14T05:00:00+00:00,189.20000000,189.43000000,189.12000000,189.37000000,975.56000000
1776146400000,2026-04-14T06:00:00+00:00,189.37000000,189.54000000,189.25000000,189.53000000,587.18000000
1776150000000,2026-04-14T07:00:00+00:00,189.53000000,190.32000000,189.50000000,190.01000000,1541.00000000
1776153600000,2026-04-14T08:00:00+00:00,189.99000000,190.10000000,189.90000000,190.04000000,759.94000000
1776157200000,2026-04-14T09:00:00+00:00,190.05000000,190.10000000,189.83000000,189.83000000,809.48000000
1776160800000,2026-04-14T10:00:00+00:00,189.84000000,189.96000000,189.56000000,189.61000000,654.18000000
1776164400000,2026-04-14T11:00:00+00:00,189.64000000,190.89000000,189.64000000,190.70000000,1468.46000000
1776168000000,2026-04-14T12:00:00+00:00,190.70000000,190.93000000,190.30000000,190.52000000,1531.23000000
1776171600000,2026-04-14T13:00:00+00:00,190.49000000,193.41000000,190.27000000,192.42000000,22956.92000000
1776175200000,2026-04-14T14:00:00+00:00,192.43000000,193.63000000,191.64000000,193.47000000,5572.34000000
1776178800000,2026-04-14T15:00:00+00:00,193.45000000,194.57000000,192.71000000,194.19000000,3916.95000000
1776182400000,2026-04-14T16:00:00+00:00,194.21000000,195.20000000,194.19000000,194.70000000,3674.15000000
1776186000000,2026-04-14T17:00:00+00:00,194.71000000,195.10000000,194.51000000,194.88000000,1365.22000000
1776189600000,2026-04-14T18:00:00+00:00,194.91000000,195.12000000,194.52000000,195.08000000,1709.85000000
1776193200000,2026-04-14T19:00:00+00:00,195.09000000,196.62000000,195.02000000,196.60000000,2945.57000000
1776196800000,2026-04-14T20:00:00+00:00,196.62000000,197.28000000,196.43000000,196.44000000,2641.61000000
1776200400000,2026-04-14T21:00:00+00:00,196.44000000,196.52000000,195.73000000,195.98000000,1622.87000000
1776204000000,2026-04-14T22:00:00+00:00,195.98000000,196.29000000,195.89000000,195.99000000,483.08000000
1776207600000,2026-04-14T23:00:00+00:00,195.99000000,196.33000000,195.90000000,196.32000000,1851.11000000
1776211200000,2026-04-15T00:00:00+00:00,196.30000000,196.33000000,195.83000000,195.90000000,1274.86000000
1776214800000,2026-04-15T01:00:00+00:00,195.90000000,196.13000000,195.85000000,196.11000000,828.42000000
1776218400000,2026-04-15T02:00:00+00:00,196.09000000,196.15000000,195.54000000,195.68000000,589.13000000
1776222000000,2026-04-15T03:00:00+00:00,195.69000000,195.88000000,195.66000000,195.78000000,700.59000000
1776225600000,2026-04-15T04:00:00+00:00,195.81000000,195.96000000,195.70000000,195.74000000,269.21000000
1776229200000,2026-04-15T05:00:00+00:00,195.73000000,196.00000000,195.21000000,195.31000000,1756.52000000
1776232800000,2026-04-15T06:00:00+00:00,195.32000000,195.62000000,195.16000000,195.54000000,795.00000000
1776236400000,2026-04-15T07:00:00+00:00,195.55000000,195.76000000,195.53000000,195.68000000,538.31000000
1776240000000,2026-04-15T08:00:00+00:00,195.69000000,196.40000000,195.69000000,196.16000000,1285.17000000
1776243600000,2026-04-15T09:00:00+00:00,196.16000000,196.18000000,195.03000000,195.21000000,1134.21000000
1776247200000,2026-04-15T10:00:00+00:00,195.21000000,195.93000000,194.94000000,195.86000000,1351.33000000
1776250800000,2026-04-15T11:00:00+00:00,195.88000000,196.76000000,195.88000000,196.24000000,2597.78000000
1776254400000,2026-04-15T12:00:00+00:00,196.23000000,196.23000000,195.58000000,195.75000000,1228.36000000
1776258000000,2026-04-15T13:00:00+00:00,195.73000000,198.96000000,195.59000000,198.70000000,13292.24000000
1776261600000,2026-04-15T14:00:00+00:00,198.71000000,200.10000000,198.42000000,199.54000000,9040.73000000
1776265200000,2026-04-15T15:00:00+00:00,199.55000000,200.53000000,199.43000000,199.81000000,4952.99000000
1776268800000,2026-04-15T16:00:00+00:00,199.80000000,199.93000000,196.34000000,197.21000000,6111.23000000
1776272400000,2026-04-15T17:00:00+00:00,197.21000000,197.80000000,196.35000000,196.37000000,3826.05000000
1776276000000,2026-04-15T18:00:00+00:00,196.35000000,197.63000000,195.89000000,197.46000000,2584.57000000
1776279600000,2026-04-15T19:00:00+00:00,197.45000000,199.32000000,197.32000000,198.97000000,2285.83000000
1776283200000,2026-04-15T20:00:00+00:00,198.97000000,199.12000000,198.01000000,198.41000000,1491.65000000
1776286800000,2026-04-15T21:00:00+00:00,198.42000000,198.48000000,198.28000000,198.31000000,248.44000000
1776290400000,2026-04-15T22:00:00+00:00,198.30000000,198.59000000,198.21000000,198.59000000,478.64000000
1776294000000,2026-04-15T23:00:00+00:00,198.57000000,198.79000000,198.43000000,198.68000000,386.81000000
1776297600000,2026-04-16T00:00:00+00:00,198.67000000,199.30000000,198.44000000,199.25000000,954.43000000
1776301200000,2026-04-16T01:00:00+00:00,199.23000000,199.29000000,198.98000000,199.04000000,1566.89000000
1776304800000,2026-04-16T02:00:00+00:00,199.03000000,199.19000000,198.85000000,198.98000000,577.44000000
1776308400000,2026-04-16T03:00:00+00:00,198.94000000,199.26000000,198.88000000,199.16000000,820.79000000
1776312000000,2026-04-16T04:00:00+00:00,199.15000000,199.33000000,199.09000000,199.28000000,562.92000000
1776315600000,2026-04-16T05:00:00+00:00,199.28000000,200.05000000,199.07000000,199.96000000,5493.57000000
1776319200000,2026-04-16T06:00:00+00:00,199.97000000,200.37000000,199.93000000,200.13000000,879.86000000
1776322800000,2026-04-16T07:00:00+00:00,200.14000000,200.24000000,199.86000000,199.92000000,533.39000000
1776326400000,2026-04-16T08:00:00+00:00,199.93000000,199.99000000,199.39000000,199.83000000,922.86000000
1776330000000,2026-04-16T09:00:00+00:00,199.82000000,200.01000000,199.78000000,199.80000000,1222.71000000
1776333600000,2026-04-16T10:00:00+00:00,199.78000000,199.81000000,197.09000000,197.92000000,3747.60000000
1776337200000,2026-04-16T11:00:00+00:00,197.96000000,198.50000000,197.71000000,198.12000000,1001.27000000
1776340800000,2026-04-16T12:00:00+00:00,198.11000000,198.43000000,197.68000000,197.84000000,673.01000000
1776344400000,2026-04-16T13:00:00+00:00,197.83000000,198.31000000,195.86000000,196.92000000,11517.53000000
1776348000000,2026-04-16T14:00:00+00:00,196.90000000,198.87000000,196.61000000,198.83000000,4014.80000000
1776351600000,2026-04-16T15:00:00+00:00,198.84000000,200.00000000,198.55000000,199.08000000,5579.79000000
1776355200000,2026-04-16T16:00:00+00:00,199.08000000,199.33000000,197.88000000,198.50000000,2765.58000000
1776358800000,2026-04-16T17:00:00+00:00,198.50000000,198.87000000,197.96000000,198.39000000,2133.02000000
1776362400000,2026-04-16T18:00:00+00:00,198.40000000,198.54000000,197.46000000,198.26000000,2345.55000000
1776366000000,2026-04-16T19:00:00+00:00,198.28000000,198.82000000,198.19000000,198.42000000,1368.49000000
1776369600000,2026-04-16T20:00:00+00:00,198.41000000,198.48000000,198.00000000,198.14000000,588.11000000
1776373200000,2026-04-16T21:00:00+00:00,198.12000000,198.12000000,197.88000000,197.91000000,222.51000000
1776376800000,2026-04-16T22:00:00+00:00,197.90000000,198.19000000,197.86000000,198.00000000,199.42000000
1776380400000,2026-04-16T23:00:00+00:00,198.01000000,198.14000000,197.95000000,198.07000000,382.32000000
1776384000000,2026-04-17T00:00:00+00:00,198.08000000,198.46000000,197.84000000,198.42000000,543.61000000
1776387600000,2026-04-17T01:00:00+00:00,198.40000000,198.47000000,198.23000000,198.37000000,412.15000000
1776391200000,2026-04-17T02:00:00+00:00,198.35000000,198.37000000,197.97000000,198.02000000,419.70000000
1776394800000,2026-04-17T03:00:00+00:00,198.02000000,198.05000000,197.81000000,197.92000000,421.28000000
1776398400000,2026-04-17T04:00:00+00:00,197.93000000,198.07000000,197.73000000,198.00000000,284.86000000
1776402000000,2026-04-17T05:00:00+00:00,198.00000000,198.18000000,197.76000000,198.14000000,591.36000000
1776405600000,2026-04-17T06:00:00+00:00,198.13000000,198.17000000,197.93000000,198.10000000,666.82000000
1776409200000,2026-04-17T07:00:00+00:00,198.13000000,198.56000000,198.13000000,198.54000000,536.47000000
1776412800000,2026-04-17T08:00:00+00:00,198.54000000,198.79000000,198.30000000,198.77000000,799.30000000
1776416400000,2026-04-17T09:00:00+00:00,198.77000000,198.93000000,198.57000000,198.87000000,914.79000000
1776420000000,2026-04-17T10:00:00+00:00,198.82000000,199.05000000,198.68000000,198.74000000,490.47000000
1776423600000,2026-04-17T11:00:00+00:00,198.74000000,199.09000000,198.74000000,198.98000000,302.72000000
1776427200000,2026-04-17T12:00:00+00:00,198.98000000,200.80000000,198.98000000,200.78000000,1974.17000000
1776430800000,2026-04-17T13:00:00+00:00,200.78000000,201.86000000,199.45000000,201.27000000,16539.20000000
1776434400000,2026-04-17T14:00:00+00:00,201.28000000,201.86000000,199.93000000,200.42000000,6599.51000000
1776438000000,2026-04-17T15:00:00+00:00,200.44000000,201.57000000,200.35000000,200.59000000,5015.84000000
1776441600000,2026-04-17T16:00:00+00:00,200.62000000,201.30000000,200.44000000,200.88000000,3318.86000000
1776445200000,2026-04-17T17:00:00+00:00,200.90000000,200.98000000,199.69000000,200.52000000,2919.75000000
1776448800000,2026-04-17T18:00:00+00:00,200.50000000,201.14000000,200.35000000,201.07000000,1787.90000000
1776452400000,2026-04-17T19:00:00+00:00,201.03000000,201.86000000,200.93000000,201.82000000,1247.23000000
1776456000000,2026-04-17T20:00:00+00:00,201.84000000,201.96000000,201.26000000,201.55000000,664.10000000
1776459600000,2026-04-17T21:00:00+00:00,201.55000000,201.55000000,201.18000000,201.33000000,2545.84000000
1776463200000,2026-04-17T22:00:00+00:00,201.33000000,201.40000000,201.21000000,201.24000000,462.60000000
1776466800000,2026-04-17T23:00:00+00:00,201.24000000,201.24000000,201.00000000,201.06000000,721.01000000
1776470400000,2026-04-18T00:00:00+00:00,201.06000000,201.07000000,200.54000000,200.76000000,3648.08000000
1776474000000,2026-04-18T01:00:00+00:00,200.76000000,201.05000000,200.63000000,200.80000000,2160.97000000
1776477600000,2026-04-18T02:00:00+00:00,200.81000000,201.07000000,200.81000000,200.93000000,396.54000000
1776481200000,2026-04-18T03:00:00+00:00,200.93000000,201.16000000,200.83000000,200.89000000,790.38000000
1776484800000,2026-04-18T04:00:00+00:00,200.87000000,200.91000000,200.73000000,200.84000000,246.70000000
1776488400000,2026-04-18T05:00:00+00:00,200.84000000,200.89000000,200.61000000,200.84000000,400.09000000
1776492000000,2026-04-18T06:00:00+00:00,200.84000000,200.87000000,200.81000000,200.87000000,70.51000000
1776495600000,2026-04-18T07:00:00+00:00,200.86000000,201.03000000,200.85000000,200.93000000,63.92000000
1776499200000,2026-04-18T08:00:00+00:00,200.94000000,200.99000000,200.73000000,200.81000000,545.14000000
1776502800000,2026-04-18T09:00:00+00:00,200.81000000,200.82000000,200.70000000,200.75000000,340.44000000
1776506400000,2026-04-18T10:00:00+00:00,200.75000000,200.82000000,200.40000000,200.53000000,883.61000000
1776510000000,2026-04-18T11:00:00+00:00,200.53000000,200.58000000,200.07000000,200.53000000,727.37000000
1776513600000,2026-04-18T12:00:00+00:00,200.56000000,200.86000000,200.55000000,200.85000000,395.87000000
1776517200000,2026-04-18T13:00:00+00:00,200.85000000,200.87000000,200.74000000,200.75000000,156.40000000
1776520800000,2026-04-18T14:00:00+00:00,200.75000000,200.80000000,200.71000000,200.73000000,169.20000000
1776524400000,2026-04-18T15:00:00+00:00,200.73000000,200.85000000,200.53000000,200.67000000,247.71000000
1776528000000,2026-04-18T16:00:00+00:00,200.65000000,200.76000000,200.53000000,200.53000000,196.49000000
1776531600000,2026-04-18T17:00:00+00:00,200.52000000,200.52000000,200.26000000,200.32000000,120.89000000
1776535200000,2026-04-18T18:00:00+00:00,200.32000000,200.86000000,200.26000000,200.77000000,511.45000000
1776538800000,2026-04-18T19:00:00+00:00,200.77000000,200.84000000,200.73000000,200.81000000,118.09000000
1776542400000,2026-04-18T20:00:00+00:00,200.81000000,200.81000000,200.73000000,200.74000000,265.16000000
1776546000000,2026-04-18T21:00:00+00:00,200.74000000,200.79000000,200.73000000,200.79000000,89.05000000
1776549600000,2026-04-18T22:00:00+00:00,200.78000000,200.81000000,200.52000000,200.69000000,269.45000000
1776553200000,2026-04-18T23:00:00+00:00,200.69000000,200.77000000,200.63000000,200.68000000,211.69000000
1776556800000,2026-04-19T00:00:00+00:00,200.69000000,200.69000000,200.52000000,200.53000000,145.91000000
1776560400000,2026-04-19T01:00:00+00:00,200.54000000,200.61000000,200.54000000,200.58000000,85.50000000
1776564000000,2026-04-19T02:00:00+00:00,200.58000000,200.59000000,200.52000000,200.54000000,71.29000000
1776567600000,2026-04-19T03:00:00+00:00,200.54000000,201.02000000,200.53000000,200.87000000,365.41000000
1776571200000,2026-04-19T04:00:00+00:00,200.86000000,200.86000000,200.61000000,200.61000000,72.68000000
1776574800000,2026-04-19T05:00:00+00:00,200.62000000,200.62000000,200.54000000,200.56000000,66.18000000
1776578400000,2026-04-19T06:00:00+00:00,200.57000000,200.58000000,199.84000000,199.87000000,1427.80000000
1776582000000,2026-04-19T07:00:00+00:00,199.87000000,200.47000000,199.61000000,200.32000000,692.64000000
1776585600000,2026-04-19T08:00:00+00:00,200.31000000,200.31000000,199.42000000,199.74000000,560.85000000
1776589200000,2026-04-19T09:00:00+00:00,199.74000000,199.93000000,199.73000000,199.89000000,248.85000000
1776592800000,2026-04-19T10:00:00+00:00,199.90000000,199.93000000,199.44000000,199.87000000,176.15000000
1776596400000,2026-04-19T11:00:00+00:00,199.87000000,200.40000000,199.82000000,200.36000000,279.68000000
1776600000000,2026-04-19T12:00:00+00:00,200.35000000,200.53000000,200.35000000,200.47000000,437.31000000
1776603600000,2026-04-19T13:00:00+00:00,200.47000000,200.76000000,200.43000000,200.72000000,633.61000000
1776607200000,2026-04-19T14:00:00+00:00,200.73000000,200.77000000,200.57000000,200.72000000,390.82000000
1776610800000,2026-04-19T15:00:00+00:00,200.72000000,200.84000000,200.46000000,200.63000000,685.39000000
1776614400000,2026-04-19T16:00:00+00:00,200.63000000,200.95000000,199.84000000,200.26000000,4427.26000000
1776618000000,2026-04-19T17:00:00+00:00,200.26000000,200.26000000,198.91000000,198.95000000,1294.30000000
1776621600000,2026-04-19T18:00:00+00:00,198.95000000,199.27000000,198.68000000,199.27000000,689.47000000
1776625200000,2026-04-19T19:00:00+00:00,199.26000000,199.56000000,199.26000000,199.51000000,411.93000000
1776628800000,2026-04-19T20:00:00+00:00,199.50000000,199.76000000,199.31000000,199.48000000,487.34000000
1776632400000,2026-04-19T21:00:00+00:00,199.47000000,199.87000000,199.23000000,199.65000000,390.87000000
1776636000000,2026-04-19T22:00:00+00:00,199.62000000,200.96000000,199.50000000,200.47000000,1906.68000000
1776639600000,2026-04-19T23:00:00+00:00,200.48000000,200.48000000,199.72000000,199.89000000,969.54000000
1776643200000,2026-04-20T00:00:00+00:00,199.84000000,200.00000000,198.46000000,199.39000000,3484.16000000
1776646800000,2026-04-20T01:00:00+00:00,199.38000000,200.11000000,199.31000000,200.09000000,1835.16000000
1776650400000,2026-04-20T02:00:00+00:00,200.10000000,200.11000000,199.33000000,199.52000000,1041.12000000
1776654000000,2026-04-20T03:00:00+00:00,199.50000000,199.60000000,199.31000000,199.34000000,528.20000000
1776657600000,2026-04-20T04:00:00+00:00,199.34000000,199.45000000,198.96000000,199.31000000,664.52000000
1776661200000,2026-04-20T05:00:00+00:00,199.29000000,199.38000000,198.51000000,198.79000000,729.96000000
1776664800000,2026-04-20T06:00:00+00:00,198.80000000,199.41000000,198.80000000,199.32000000,1125.30000000
1776668400000,2026-04-20T07:00:00+00:00,199.34000000,199.56000000,198.94000000,199.16000000,4184.13000000
1776672000000,2026-04-20T08:00:00+00:00,199.15000000,199.30000000,198.80000000,199.10000000,791.17000000
1776675600000,2026-04-20T09:00:00+00:00,199.10000000,199.42000000,199.10000000,199.14000000,662.87000000
1776679200000,2026-04-20T10:00:00+00:00,199.16000000,199.57000000,199.13000000,199.48000000,1635.17000000
1776682800000,2026-04-20T11:00:00+00:00,199.50000000,199.91000000,199.50000000,199.66000000,1291.30000000
1776686400000,2026-04-20T12:00:00+00:00,199.69000000,200.53000000,199.62000000,200.36000000,1184.78000000
1776690000000,2026-04-20T13:00:00+00:00,200.37000000,200.52000000,198.58000000,200.28000000,10682.21000000
1776693600000,2026-04-20T14:00:00+00:00,200.28000000,200.35000000,198.46000000,198.62000000,4594.00000000
1776697200000,2026-04-20T15:00:00+00:00,198.61000000,199.36000000,197.90000000,198.70000000,2705.15000000
1776700800000,2026-04-20T16:00:00+00:00,198.70000000,199.69000000,198.65000000,199.36000000,1330.70000000
1776704400000,2026-04-20T17:00:00+00:00,199.37000000,200.14000000,199.24000000,200.04000000,1302.41000000
1776708000000,2026-04-20T18:00:00+00:00,200.03000000,200.97000000,200.03000000,200.79000000,1501.71000000
1776711600000,2026-04-20T19:00:00+00:00,200.83000000,202.45000000,200.81000000,202.12000000,2072.19000000
1776715200000,2026-04-20T20:00:00+00:00,202.14000000,202.45000000,201.91000000,201.97000000,1032.48000000
1776718800000,2026-04-20T21:00:00+00:00,201.97000000,202.40000000,201.55000000,201.72000000,567.87000000
1776722400000,2026-04-20T22:00:00+00:00,201.72000000,202.11000000,201.69000000,201.96000000,981.52000000
1776726000000,2026-04-20T23:00:00+00:00,201.96000000,201.96000000,201.69000000,201.78000000,271.67000000
1776729600000,2026-04-21T00:00:00+00:00,201.80000000,202.22000000,201.80000000,202.03000000,1398.00000000
1776733200000,2026-04-21T01:00:00+00:00,202.00000000,202.03000000,201.76000000,201.76000000,314.71000000
1776736800000,2026-04-21T02:00:00+00:00,201.78000000,201.80000000,201.55000000,201.61000000,354.62000000
1776740400000,2026-04-21T03:00:00+00:00,201.62000000,201.80000000,201.54000000,201.80000000,374.34000000
1776744000000,2026-04-21T04:00:00+00:00,201.79000000,201.94000000,201.75000000,201.75000000,370.67000000
1776747600000,2026-04-21T05:00:00+00:00,201.76000000,201.96000000,201.76000000,201.85000000,219.16000000
1776751200000,2026-04-21T06:00:00+00:00,201.86000000,202.11000000,201.78000000,202.07000000,1708.74000000
1776754800000,2026-04-21T07:00:00+00:00,202.05000000,202.05000000,201.91000000,201.97000000,684.59000000
1776758400000,2026-04-21T08:00:00+00:00,201.97000000,202.10000000,201.70000000,201.98000000,864.33000000
1776762000000,2026-04-21T09:00:00+00:00,201.98000000,202.04000000,201.88000000,202.01000000,1330.18000000
1776765600000,2026-04-21T10:00:00+00:00,202.01000000,202.51000000,201.98000000,202.37000000,574.81000000
1776769200000,2026-04-21T11:00:00+00:00,202.37000000,203.05000000,202.37000000,203.00000000,970.92000000
1776772800000,2026-04-21T12:00:00+00:00,203.01000000,203.07000000,202.38000000,202.45000000,1074.65000000
1776776400000,2026-04-21T13:00:00+00:00,202.46000000,202.73000000,200.98000000,201.52000000,10001.04000000
1776780000000,2026-04-21T14:00:00+00:00,201.54000000,202.55000000,201.19000000,201.24000000,6096.57000000
1776783600000,2026-04-21T15:00:00+00:00,201.24000000,201.74000000,200.64000000,200.79000000,3801.28000000
1776787200000,2026-04-21T16:00:00+00:00,200.82000000,200.93000000,199.81000000,200.09000000,2866.07000000
1776790800000,2026-04-21T17:00:00+00:00,200.09000000,200.58000000,199.10000000,199.68000000,4489.58000000
1776794400000,2026-04-21T18:00:00+00:00,199.69000000,200.90000000,199.56000000,200.69000000,3173.71000000
1776798000000,2026-04-21T19:00:00+00:00,200.73000000,201.23000000,199.28000000,199.96000000,5861.86000000
1776801600000,2026-04-21T20:00:00+00:00,199.97000000,201.05000000,199.66000000,200.52000000,2944.97000000
1776805200000,2026-04-21T21:00:00+00:00,200.50000000,200.63000000,200.14000000,200.38000000,377.23000000
1776808800000,2026-04-21T22:00:00+00:00,200.38000000,200.57000000,200.35000000,200.44000000,378.41000000
1776812400000,2026-04-21T23:00:00+00:00,200.44000000,200.79000000,200.44000000,200.79000000,437.72000000
1776816000000,2026-04-22T00:00:00+00:00,200.79000000,201.40000000,200.69000000,201.21000000,1877.62000000
1776819600000,2026-04-22T01:00:00+00:00,201.16000000,201.34000000,201.11000000,201.28000000,530.48000000
1776823200000,2026-04-22T02:00:00+00:00,201.29000000,201.36000000,201.05000000,201.08000000,652.33000000
1776826800000,2026-04-22T03:00:00+00:00,201.11000000,201.18000000,201.05000000,201.13000000,307.33000000
1776830400000,2026-04-22T04:00:00+00:00,201.14000000,201.19000000,200.89000000,200.90000000,220.95000000
1776834000000,2026-04-22T05:00:00+00:00,200.91000000,201.54000000,200.90000000,201.46000000,1051.52000000
1776837600000,2026-04-22T06:00:00+00:00,201.44000000,201.45000000,201.23000000,201.38000000,502.29000000
1776841200000,2026-04-22T07:00:00+00:00,201.38000000,201.51000000,201.21000000,201.41000000,560.61000000
1776844800000,2026-04-22T08:00:00+00:00,201.40000000,201.44000000,200.96000000,201.19000000,900.77000000
1776848400000,2026-04-22T09:00:00+00:00,201.19000000,201.43000000,201.07000000,201.15000000,502.23000000
1776852000000,2026-04-22T10:00:00+00:00,201.15000000,201.26000000,200.99000000,201.17000000,671.71000000
1776855600000,2026-04-22T11:00:00+00:00,201.17000000,201.43000000,201.05000000,201.05000000,679.40000000
1776859200000,2026-04-22T12:00:00+00:00,201.06000000,201.54000000,200.72000000,200.72000000,1800.13000000
1776862800000,2026-04-22T13:00:00+00:00,200.72000000,201.22000000,199.66000000,200.04000000,7152.91000000
1776866400000,2026-04-22T14:00:00+00:00,200.01000000,201.88000000,199.45000000,201.38000000,6643.62000000
1776870000000,2026-04-22T15:00:00+00:00,201.37000000,201.98000000,201.13000000,201.35000000,2701.93000000
1776873600000,2026-04-22T16:00:00+00:00,201.37000000,201.54000000,200.95000000,201.24000000,1630.39000000
1776877200000,2026-04-22T17:00:00+00:00,201.26000000,202.52000000,201.26000000,202.42000000,1490.93000000
1776880800000,2026-04-22T18:00:00+00:00,202.41000000,202.65000000,201.70000000,201.80000000,1072.48000000
1776884400000,2026-04-22T19:00:00+00:00,201.79000000,202.56000000,201.43000000,202.56000000,1662.77000000
1776888000000,2026-04-22T20:00:00+00:00,202.53000000,202.66000000,202.15000000,202.30000000,647.80000000
1776891600000,2026-04-22T21:00:00+00:00,202.30000000,202.75000000,202.30000000,202.54000000,495.91000000
1776895200000,2026-04-22T22:00:00+00:00,202.51000000,202.69000000,202.24000000,202.25000000,490.78000000
1776898800000,2026-04-22T23:00:00+00:00,202.28000000,202.43000000,202.24000000,202.35000000,212.54000000
1776902400000,2026-04-23T00:00:00+00:00,202.36000000,202.41000000,200.34000000,201.99000000,3497.18000000
1776906000000,2026-04-23T01:00:00+00:00,201.99000000,202.02000000,201.34000000,201.43000000,917.06000000
1776909600000,2026-04-23T02:00:00+00:00,201.43000000,201.43000000,200.73000000,200.79000000,699.74000000
1776913200000,2026-04-23T03:00:00+00:00,200.72000000,200.81000000,200.24000000,200.73000000,1893.49000000
1776916800000,2026-04-23T04:00:00+00:00,200.73000000,201.34000000,200.73000000,201.34000000,586.52000000
1776920400000,2026-04-23T05:00:00+00:00,201.33000000,201.68000000,201.33000000,201.67000000,1222.83000000
1776924000000,2026-04-23T06:00:00+00:00,201.68000000,202.04000000,201.61000000,201.98000000,471.98000000
1776927600000,2026-04-23T07:00:00+00:00,201.99000000,202.01000000,201.64000000,201.81000000,1062.66000000
1776931200000,2026-04-23T08:00:00+00:00,201.81000000,201.82000000,200.93000000,201.02000000,846.36000000
1776934800000,2026-04-23T09:00:00+00:00,200.99000000,201.12000000,200.71000000,200.85000000,578.67000000
1776938400000,2026-04-23T10:00:00+00:00,200.84000000,201.41000000,200.70000000,201.31000000,688.82000000
1776942000000,2026-04-23T11:00:00+00:00,201.32000000,202.34000000,201.32000000,202.26000000,913.16000000
1776945600000,2026-04-23T12:00:00+00:00,202.24000000,202.98000000,202.01000000,202.16000000,2187.28000000
1776949200000,2026-04-23T13:00:00+00:00,202.19000000,203.98000000,201.33000000,203.23000000,9635.49000000
1776952800000,2026-04-23T14:00:00+00:00,203.23000000,203.30000000,201.83000000,202.66000000,4672.50000000
1776956400000,2026-04-23T15:00:00+00:00,202.68000000,203.26000000,201.42000000,201.66000000,3000.95000000
1776960000000,2026-04-23T16:00:00+00:00,201.67000000,202.01000000,201.01000000,201.67000000,2598.45000000
1776963600000,2026-04-23T17:00:00+00:00,201.67000000,201.78000000,197.38000000,198.98000000,8904.58000000
1776967200000,2026-04-23T18:00:00+00:00,198.96000000,199.80000000,198.47000000,198.54000000,2386.95000000
1776970800000,2026-04-23T19:00:00+00:00,198.56000000,199.77000000,198.39000000,199.77000000,1776.40000000
1776974400000,2026-04-23T20:00:00+00:00,199.78000000,200.08000000,198.95000000,199.00000000,1366.41000000
1776978000000,2026-04-23T21:00:00+00:00,199.00000000,199.25000000,198.89000000,198.96000000,377.70000000
1776981600000,2026-04-23T22:00:00+00:00,198.94000000,199.51000000,198.90000000,199.31000000,883.85000000
1776985200000,2026-04-23T23:00:00+00:00,199.33000000,199.72000000,199.28000000,199.69000000,1673.93000000
1776988800000,2026-04-24T00:00:00+00:00,199.72000000,200.52000000,199.64000000,200.38000000,1237.59000000
1776992400000,2026-04-24T01:00:00+00:00,200.39000000,200.48000000,200.13000000,200.43000000,508.96000000
1776996000000,2026-04-24T02:00:00+00:00,200.43000000,200.48000000,200.07000000,200.20000000,794.40000000
1776999600000,2026-04-24T03:00:00+00:00,200.20000000,200.26000000,199.49000000,199.51000000,1246.11000000
1777003200000,2026-04-24T04:00:00+00:00,199.49000000,199.68000000,199.29000000,199.67000000,750.06000000
1777006800000,2026-04-24T05:00:00+00:00,199.67000000,199.87000000,199.31000000,199.84000000,1044.46000000
1777010400000,2026-04-24T06:00:00+00:00,199.86000000,200.10000000,199.86000000,199.89000000,478.10000000
1777014000000,2026-04-24T07:00:00+00:00,199.87000000,200.23000000,199.83000000,200.20000000,642.71000000
1777017600000,2026-04-24T08:00:00+00:00,200.20000000,200.71000000,199.74000000,199.97000000,2079.80000000
1777021200000,2026-04-24T09:00:00+00:00,200.00000000,200.03000000,199.52000000,199.56000000,1129.51000000
1777024800000,2026-04-24T10:00:00+00:00,199.53000000,200.18000000,199.28000000,199.79000000,843.44000000
1777028400000,2026-04-24T11:00:00+00:00,199.84000000,201.94000000,199.83000000,201.07000000,2396.34000000
1777032000000,2026-04-24T12:00:00+00:00,201.08000000,201.29000000,200.37000000,200.79000000,1899.03000000
1777035600000,2026-04-24T13:00:00+00:00,200.79000000,203.32000000,199.95000000,202.27000000,12794.69000000
1777039200000,2026-04-24T14:00:00+00:00,202.22000000,209.00000000,202.09000000,208.78000000,17722.56000000
1777042800000,2026-04-24T15:00:00+00:00,208.78000000,210.28000000,207.93000000,209.33000000,15167.04000000
1777046400000,2026-04-24T16:00:00+00:00,209.35000000,211.27000000,208.57000000,209.96000000,6333.84000000
1777050000000,2026-04-24T17:00:00+00:00,209.94000000,210.23000000,209.31000000,209.49000000,3458.34000000
1777053600000,2026-04-24T18:00:00+00:00,209.52000000,209.62000000,208.07000000,208.56000000,2601.67000000
1777057200000,2026-04-24T19:00:00+00:00,208.58000000,209.57000000,207.88000000,208.48000000,3471.94000000
1777060800000,2026-04-24T20:00:00+00:00,208.47000000,208.76000000,208.21000000,208.28000000,616.69000000
1777064400000,2026-04-24T21:00:00+00:00,208.28000000,208.28000000,207.87000000,208.10000000,722.23000000
1777068000000,2026-04-24T22:00:00+00:00,208.11000000,208.19000000,207.96000000,208.06000000,446.37000000
1777071600000,2026-04-24T23:00:00+00:00,208.06000000,208.45000000,208.06000000,208.32000000,341.03000000
1777075200000,2026-04-25T00:00:00+00:00,208.30000000,208.31000000,208.04000000,208.10000000,663.52000000
1777078800000,2026-04-25T01:00:00+00:00,208.10000000,208.16000000,207.98000000,208.08000000,346.06000000
1777082400000,2026-04-25T02:00:00+00:00,208.08000000,208.14000000,207.99000000,208.12000000,577.85000000
1777086000000,2026-04-25T03:00:00+00:00,208.13000000,208.32000000,207.78000000,208.05000000,572.12000000
1777089600000,2026-04-25T04:00:00+00:00,208.06000000,208.17000000,208.02000000,208.10000000,292.85000000
1777093200000,2026-04-25T05:00:00+00:00,208.11000000,208.28000000,208.04000000,208.10000000,226.49000000
1777096800000,2026-04-25T06:00:00+00:00,208.10000000,208.31000000,208.04000000,208.22000000,79.92000000
1777100400000,2026-04-25T07:00:00+00:00,208.22000000,208.48000000,208.10000000,208.11000000,371.27000000
1777104000000,2026-04-25T08:00:00+00:00,208.10000000,208.21000000,208.04000000,208.20000000,136.37000000
1777107600000,2026-04-25T09:00:00+00:00,208.20000000,208.31000000,208.20000000,208.26000000,97.19000000
1777111200000,2026-04-25T10:00:00+00:00,208.25000000,208.55000000,208.19000000,208.28000000,307.65000000
1777114800000,2026-04-25T11:00:00+00:00,208.27000000,208.31000000,208.11000000,208.16000000,189.85000000
1777118400000,2026-04-25T12:00:00+00:00,208.14000000,208.17000000,208.11000000,208.15000000,186.69000000
1777122000000,2026-04-25T13:00:00+00:00,208.16000000,208.37000000,208.13000000,208.17000000,140.21000000
1777125600000,2026-04-25T14:00:00+00:00,208.16000000,208.31000000,208.15000000,208.16000000,190.33000000
1777129200000,2026-04-25T15:00:00+00:00,208.17000000,208.60000000,208.16000000,208.20000000,328.62000000
1777132800000,2026-04-25T16:00:00+00:00,208.20000000,208.22000000,208.16000000,208.18000000,371.57000000
1777136400000,2026-04-25T17:00:00+00:00,208.18000000,208.27000000,208.16000000,208.18000000,134.77000000
1777140000000,2026-04-25T18:00:00+00:00,208.17000000,208.19000000,208.11000000,208.11000000,824.31000000
1777143600000,2026-04-25T19:00:00+00:00,208.11000000,208.12000000,208.11000000,208.11000000,23.14000000
1777147200000,2026-04-25T20:00:00+00:00,208.12000000,208.12000000,208.11000000,208.11000000,147.00000000
1777150800000,2026-04-25T21:00:00+00:00,208.12000000,208.14000000,208.11000000,208.12000000,200.54000000
1777154400000,2026-04-25T22:00:00+00:00,208.13000000,208.24000000,208.11000000,208.16000000,284.79000000
1777158000000,2026-04-25T23:00:00+00:00,208.16000000,208.33000000,208.11000000,208.26000000,95.17000000
1777161600000,2026-04-26T00:00:00+00:00,208.28000000,208.34000000,208.20000000,208.33000000,58.18000000
1777165200000,2026-04-26T01:00:00+00:00,208.32000000,208.33000000,208.15000000,208.19000000,87.18000000
1777168800000,2026-04-26T02:00:00+00:00,208.19000000,208.27000000,208.11000000,208.22000000,210.34000000
1777172400000,2026-04-26T03:00:00+00:00,208.21000000,208.38000000,208.19000000,208.35000000,78.52000000
1777176000000,2026-04-26T04:00:00+00:00,208.35000000,208.36000000,208.23000000,208.24000000,123.43000000
1777179600000,2026-04-26T05:00:00+00:00,208.26000000,208.53000000,208.24000000,208.46000000,208.74000000
1777183200000,2026-04-26T06:00:00+00:00,208.46000000,208.57000000,208.32000000,208.40000000,251.09000000
1777186800000,2026-04-26T07:00:00+00:00,208.40000000,208.56000000,208.24000000,208.56000000,528.76000000
1777190400000,2026-04-26T08:00:00+00:00,208.53000000,208.60000000,208.50000000,208.56000000,457.66000000
1777194000000,2026-04-26T09:00:00+00:00,208.52000000,208.53000000,208.40000000,208.41000000,235.66000000
1777197600000,2026-04-26T10:00:00+00:00,208.41000000,208.53000000,208.40000000,208.48000000,279.33000000
1777201200000,2026-04-26T11:00:00+00:00,208.48000000,208.48000000,208.06000000,208.34000000,1475.59000000
1777204800000,2026-04-26T12:00:00+00:00,208.33000000,208.36000000,208.20000000,208.31000000,134.19000000
1777208400000,2026-04-26T13:00:00+00:00,208.31000000,208.38000000,208.28000000,208.31000000,107.36000000
1777212000000,2026-04-26T14:00:00+00:00,208.30000000,208.60000000,208.20000000,208.58000000,397.67000000
1777215600000,2026-04-26T15:00:00+00:00,208.59000000,208.60000000,208.18000000,208.23000000,602.71000000
1777219200000,2026-04-26T16:00:00+00:00,208.23000000,208.61000000,208.23000000,208.49000000,1807.76000000
1777222800000,2026-04-26T17:00:00+00:00,208.49000000,208.99000000,208.44000000,208.91000000,696.31000000
1777226400000,2026-04-26T18:00:00+00:00,208.91000000,208.99000000,208.87000000,208.99000000,204.86000000
1777230000000,2026-04-26T19:00:00+00:00,208.99000000,209.25000000,208.98000000,209.23000000,264.04000000
1777233600000,2026-04-26T20:00:00+00:00,209.23000000,209.85000000,209.07000000,209.53000000,586.19000000
1777237200000,2026-04-26T21:00:00+00:00,209.52000000,209.78000000,208.95000000,209.00000000,789.71000000
1777240800000,2026-04-26T22:00:00+00:00,209.01000000,209.01000000,208.04000000,208.39000000,1738.00000000
1777244400000,2026-04-26T23:00:00+00:00,208.39000000,208.45000000,207.28000000,207.73000000,2033.98000000
1777248000000,2026-04-27T00:00:00+00:00,207.85000000,209.13000000,207.80000000,209.00000000,3935.66000000
1777251600000,2026-04-27T01:00:00+00:00,209.01000000,210.87000000,209.01000000,210.46000000,3317.18000000
1777255200000,2026-04-27T02:00:00+00:00,210.46000000,210.77000000,210.02000000,210.73000000,946.25000000
1777258800000,2026-04-27T03:00:00+00:00,210.69000000,210.78000000,210.14000000,210.22000000,1016.51000000
1777262400000,2026-04-27T04:00:00+00:00,210.21000000,210.75000000,209.91000000,210.26000000,1510.34000000
1777266000000,2026-04-27T05:00:00+00:00,210.26000000,210.30000000,209.20000000,209.37000000,1839.38000000
1777269600000,2026-04-27T06:00:00+00:00,209.32000000,209.39000000,208.83000000,209.21000000,1285.51000000
1777273200000,2026-04-27T07:00:00+00:00,209.21000000,209.26000000,208.55000000,208.96000000,959.15000000
1777276800000,2026-04-27T08:00:00+00:00,208.96000000,209.44000000,208.46000000,208.95000000,1425.96000000
1777280400000,2026-04-27T09:00:00+00:00,208.95000000,210.17000000,208.86000000,210.09000000,1326.68000000
1777284000000,2026-04-27T10:00:00+00:00,210.09000000,210.90000000,210.05000000,210.53000000,1136.13000000
1777287600000,2026-04-27T11:00:00+00:00,210.53000000,212.59000000,210.36000000,211.85000000,2858.25000000
1777291200000,2026-04-27T12:00:00+00:00,211.85000000,211.86000000,210.11000000,210.38000000,2477.11000000
1777294800000,2026-04-27T13:00:00+00:00,210.40000000,212.08000000,208.55000000,210.48000000,16433.05000000
1777298400000,2026-04-27T14:00:00+00:00,210.44000000,210.83000000,207.54000000,209.53000000,9382.24000000
1777302000000,2026-04-27T15:00:00+00:00,209.54000000,210.94000000,209.19000000,210.78000000,5267.96000000
1777305600000,2026-04-27T16:00:00+00:00,210.80000000,213.69000000,210.77000000,212.74000000,9530.57000000
1777309200000,2026-04-27T17:00:00+00:00,212.77000000,215.47000000,212.77000000,215.29000000,8408.85000000
1777312800000,2026-04-27T18:00:00+00:00,215.29000000,216.50000000,215.01000000,215.36000000,6256.42000000
1777316400000,2026-04-27T19:00:00+00:00,215.35000000,217.00000000,215.30000000,216.84000000,4444.56000000
1777320000000,2026-04-27T20:00:00+00:00,216.84000000,217.88000000,216.53000000,217.43000000,2010.04000000
1777323600000,2026-04-27T21:00:00+00:00,217.42000000,217.94000000,217.41000000,217.49000000,683.16000000
1777327200000,2026-04-27T22:00:00+00:00,217.48000000,218.21000000,217.43000000,218.11000000,1126.56000000
1777330800000,2026-04-27T23:00:00+00:00,218.12000000,219.06000000,218.11000000,218.85000000,2139.63000000
1777334400000,2026-04-28T00:00:00+00:00,218.85000000,219.07000000,217.72000000,218.38000000,3445.88000000
1777338000000,2026-04-28T01:00:00+00:00,218.43000000,218.48000000,216.99000000,216.99000000,1869.17000000
1777341600000,2026-04-28T02:00:00+00:00,216.99000000,217.53000000,216.90000000,217.08000000,1356.17000000
1777345200000,2026-04-28T03:00:00+00:00,217.06000000,217.85000000,217.06000000,217.17000000,968.24000000
1777348800000,2026-04-28T04:00:00+00:00,217.20000000,217.52000000,216.97000000,217.06000000,766.68000000
1777352400000,2026-04-28T05:00:00+00:00,217.10000000,217.13000000,215.37000000,215.92000000,2700.15000000
1777356000000,2026-04-28T06:00:00+00:00,215.92000000,216.01000000,215.02000000,215.53000000,2020.98000000
1777359600000,2026-04-28T07:00:00+00:00,215.52000000,216.20000000,215.31000000,215.88000000,3162.68000000
1777363200000,2026-04-28T08:00:00+00:00,215.90000000,216.28000000,214.82000000,215.79000000,4070.35000000
1777366800000,2026-04-28T09:00:00+00:00,215.80000000,215.85000000,212.71000000,213.21000000,3435.81000000
1777370400000,2026-04-28T10:00:00+00:00,213.20000000,213.82000000,212.58000000,213.75000000,2081.08000000
1777374000000,2026-04-28T11:00:00+00:00,213.74000000,214.35000000,209.91000000,210.19000000,8138.27000000
1777377600000,2026-04-28T12:00:00+00:00,210.23000000,210.63000000,209.03000000,210.63000000,10729.43000000
1777381200000,2026-04-28T13:00:00+00:00,210.59000000,212.82000000,208.57000000,212.39000000,28458.53000000
1777384800000,2026-04-28T14:00:00+00:00,212.35000000,213.85000000,208.53000000,209.96000000,18387.53000000
1777388400000,2026-04-28T15:00:00+00:00,209.95000000,210.37000000,208.67000000,209.87000000,6381.72000000
1777392000000,2026-04-28T16:00:00+00:00,209.88000000,211.12000000,209.66000000,210.95000000,4577.19000000
1777395600000,2026-04-28T17:00:00+00:00,210.95000000,211.91000000,210.44000000,211.91000000,3904.67000000
1777399200000,2026-04-28T18:00:00+00:00,211.91000000,214.13000000,211.74000000,214.13000000,4308.02000000
1777402800000,2026-04-28T19:00:00+00:00,214.13000000,214.82000000,213.25000000,213.41000000,3958.92000000
1777406400000,2026-04-28T20:00:00+00:00,213.42000000,213.90000000,212.53000000,212.66000000,1918.29000000
1777410000000,2026-04-28T21:00:00+00:00,212.67000000,212.81000000,212.16000000,212.54000000,1227.49000000
1777413600000,2026-04-28T22:00:00+00:00,212.56000000,212.80000000,212.21000000,212.43000000,441.59000000
1777417200000,2026-04-28T23:00:00+00:00,212.43000000,212.86000000,212.32000000,212.84000000,559.83000000
1777420800000,2026-04-29T00:00:00+00:00,212.85000000,214.10000000,212.80000000,213.39000000,2255.10000000
1777424400000,2026-04-29T01:00:00+00:00,213.40000000,213.43000000,212.38000000,213.36000000,2122.21000000
1777428000000,2026-04-29T02:00:00+00:00,213.37000000,213.55000000,213.02000000,213.47000000,983.88000000
1777431600000,2026-04-29T03:00:00+00:00,213.46000000,213.88000000,213.46000000,213.85000000,1114.89000000
1777435200000,2026-04-29T04:00:00+00:00,213.82000000,214.31000000,213.75000000,213.90000000,1977.17000000
1777438800000,2026-04-29T05:00:00+00:00,213.89000000,214.18000000,213.77000000,214.09000000,327.20000000
1777442400000,2026-04-29T06:00:00+00:00,214.09000000,214.22000000,213.64000000,213.64000000,876.38000000
1777446000000,2026-04-29T07:00:00+00:00,213.63000000,213.96000000,213.12000000,213.55000000,2891.92000000
1777449600000,2026-04-29T08:00:00+00:00,213.56000000,213.74000000,212.83000000,213.19000000,3696.02000000
1777453200000,2026-04-29T09:00:00+00:00,213.18000000,213.57000000,212.99000000,213.36000000,1309.88000000
1777456800000,2026-04-29T10:00:00+00:00,213.35000000,214.52000000,213.20000000,213.98000000,2830.50000000
1777460400000,2026-04-29T11:00:00+00:00,213.98000000,214.52000000,213.56000000,213.83000000,3096.89000000
1777464000000,2026-04-29T12:00:00+00:00,213.83000000,213.85000000,213.00000000,213.25000000,2317.45000000
1777467600000,2026-04-29T13:00:00+00:00,213.26000000,213.87000000,210.51000000,211.04000000,18355.85000000
1777471200000,2026-04-29T14:00:00+00:00,211.04000000,212.10000000,209.96000000,211.47000000,8621.81000000
1777474800000,2026-04-29T15:00:00+00:00,211.50000000,211.54000000,210.28000000,210.72000000,7644.48000000
1777478400000,2026-04-29T16:00:00+00:00,210.71000000,211.32000000,208.69000000,208.98000000,4296.78000000
1777482000000,2026-04-29T17:00:00+00:00,209.00000000,209.88000000,208.74000000,209.34000000,2173.45000000
1777485600000,2026-04-29T18:00:00+00:00,209.32000000,209.41000000,207.82000000,209.22000000,4950.93000000
1777489200000,2026-04-29T19:00:00+00:00,209.21000000,209.70000000,208.77000000,209.48000000,2902.72000000
1777492800000,2026-04-29T20:00:00+00:00,209.50000000,210.23000000,207.19000000,208.56000000,10357.43000000
1777496400000,2026-04-29T21:00:00+00:00,208.56000000,209.60000000,208.34000000,209.13000000,1762.03000000
1777500000000,2026-04-29T22:00:00+00:00,209.13000000,211.84000000,208.28000000,210.89000000,4465.03000000
1777503600000,2026-04-29T23:00:00+00:00,210.90000000,211.61000000,210.63000000,211.30000000,1461.01000000
1777507200000,2026-04-30T00:00:00+00:00,211.30000000,212.11000000,211.22000000,211.79000000,2455.41000000
1777510800000,2026-04-30T01:00:00+00:00,211.77000000,211.92000000,211.36000000,211.50000000,963.84000000
1777514400000,2026-04-30T02:00:00+00:00,211.50000000,211.68000000,209.29000000,210.38000000,5443.67000000
1777518000000,2026-04-30T03:00:00+00:00,210.37000000,210.70000000,210.14000000,210.26000000,1047.38000000
1777521600000,2026-04-30T04:00:00+00:00,210.29000000,210.29000000,207.97000000,208.09000000,4681.06000000
1777525200000,2026-04-30T05:00:00+00:00,208.09000000,208.77000000,207.45000000,207.45000000,2287.09000000
1777528800000,2026-04-30T06:00:00+00:00,207.44000000,208.91000000,207.22000000,208.49000000,2949.44000000
1777532400000,2026-04-30T07:00:00+00:00,208.49000000,210.16000000,208.43000000,209.92000000,4012.46000000
1777536000000,2026-04-30T08:00:00+00:00,209.92000000,210.95000000,209.88000000,210.68000000,2884.23000000
1777539600000,2026-04-30T09:00:00+00:00,210.70000000,211.15000000,210.10000000,210.48000000,1993.55000000
1777543200000,2026-04-30T10:00:00+00:00,210.48000000,211.16000000,210.35000000,210.57000000,1614.58000000
1777546800000,2026-04-30T11:00:00+00:00,210.57000000,211.36000000,210.57000000,210.83000000,1108.44000000
1777550400000,2026-04-30T12:00:00+00:00,210.82000000,211.29000000,210.61000000,211.09000000,1125.04000000
1777554000000,2026-04-30T13:00:00+00:00,211.07000000,211.23000000,203.10000000,204.16000000,30848.01000000
1777557600000,2026-04-30T14:00:00+00:00,204.17000000,204.23000000,198.98000000,202.07000000,41354.58000000
1777561200000,2026-04-30T15:00:00+00:00,202.06000000,202.71000000,200.42000000,200.89000000,14470.73000000
1777564800000,2026-04-30T16:00:00+00:00,200.90000000,201.18000000,199.58000000,200.08000000,10552.09000000
1777568400000,2026-04-30T17:00:00+00:00,200.08000000,201.61000000,200.05000000,201.58000000,7829.53000000
1777572000000,2026-04-30T18:00:00+00:00,201.58000000,202.26000000,200.61000000,202.12000000,7886.14000000
1777575600000,2026-04-30T19:00:00+00:00,202.09000000,202.19000000,199.88000000,199.94000000,6134.01000000
1777579200000,2026-04-30T20:00:00+00:00,199.92000000,200.67000000,199.44000000,200.42000000,2240.37000000
1777582800000,2026-04-30T21:00:00+00:00,200.41000000,200.83000000,199.99000000,200.56000000,1045.89000000
1777586400000,2026-04-30T22:00:00+00:00,200.56000000,200.82000000,200.21000000,200.38000000,944.45000000
1777590000000,2026-04-30T23:00:00+00:00,200.38000000,200.66000000,200.21000000,200.25000000,833.93000000
1777593600000,2026-05-01T00:00:00+00:00,200.25000000,201.16000000,200.25000000,201.00000000,2145.92000000
1777597200000,2026-05-01T01:00:00+00:00,200.99000000,201.40000000,200.80000000,201.37000000,1297.56000000
1777600800000,2026-05-01T02:00:00+00:00,201.33000000,201.36000000,200.96000000,201.20000000,893.92000000
1777604400000,2026-05-01T03:00:00+00:00,201.21000000,201.29000000,200.97000000,201.08000000,5619.06000000
1777608000000,2026-05-01T04:00:00+00:00,201.10000000,201.14000000,200.76000000,200.93000000,1049.76000000
1777611600000,2026-05-01T05:00:00+00:00,200.93000000,201.08000000,200.75000000,200.87000000,924.02000000
1777615200000,2026-05-01T06:00:00+00:00,200.90000000,200.96000000,200.46000000,200.53000000,1225.24000000
1777618800000,2026-05-01T07:00:00+00:00,200.51000000,200.78000000,200.45000000,200.68000000,839.52000000
1777622400000,2026-05-01T08:00:00+00:00,200.69000000,200.92000000,200.16000000,200.26000000,2920.05000000
1777626000000,2026-05-01T09:00:00+00:00,200.28000000,200.70000000,200.06000000,200.45000000,1437.12000000
1777629600000,2026-05-01T10:00:00+00:00,200.45000000,200.73000000,200.25000000,200.41000000,1874.90000000
1777633200000,2026-05-01T11:00:00+00:00,200.41000000,201.58000000,200.31000000,201.39000000,2226.00000000
1777636800000,2026-05-01T12:00:00+00:00,201.39000000,201.86000000,200.97000000,201.00000000,4078.23000000
1777640400000,2026-05-01T13:00:00+00:00,200.99000000,203.26000000,199.48000000,200.83000000,32785.60000000
1777644000000,2026-05-01T14:00:00+00:00,200.83000000,200.96000000,197.45000000,199.74000000,27090.77000000
1777647600000,2026-05-01T15:00:00+00:00,199.73000000,200.07000000,198.91000000,199.22000000,9542.92000000
1777651200000,2026-05-01T16:00:00+00:00,199.23000000,199.63000000,198.66000000,199.33000000,24599.17000000
1777654800000,2026-05-01T17:00:00+00:00,199.32000000,200.42000000,199.28000000,199.97000000,3717.97000000
1777658400000,2026-05-01T18:00:00+00:00,199.96000000,200.02000000,198.49000000,198.61000000,3723.44000000
1777662000000,2026-05-01T19:00:00+00:00,198.60000000,200.08000000,198.45000000,198.71000000,5783.46000000
1777665600000,2026-05-01T20:00:00+00:00,198.73000000,198.89000000,198.35000000,198.45000000,875.64000000
1777669200000,2026-05-01T21:00:00+00:00,198.44000000,198.60000000,198.35000000,198.57000000,450.29000000
1777672800000,2026-05-01T22:00:00+00:00,198.57000000,198.61000000,198.40000000,198.42000000,519.39000000
1777676400000,2026-05-01T23:00:00+00:00,198.42000000,198.43000000,198.03000000,198.15000000,1220.94000000
1777680000000,2026-05-02T00:00:00+00:00,198.14000000,198.32000000,198.12000000,198.19000000,1024.07000000
1777683600000,2026-05-02T01:00:00+00:00,198.19000000,198.42000000,198.16000000,198.31000000,789.81000000
1777687200000,2026-05-02T02:00:00+00:00,198.31000000,198.41000000,198.26000000,198.41000000,266.71000000
1777690800000,2026-05-02T03:00:00+00:00,198.41000000,198.55000000,198.35000000,198.44000000,584.06000000
1777694400000,2026-05-02T04:00:00+00:00,198.44000000,198.51000000,198.21000000,198.29000000,509.36000000
1777698000000,2026-05-02T05:00:00+00:00,198.28000000,198.30000000,198.23000000,198.30000000,878.34000000
1777701600000,2026-05-02T06:00:00+00:00,198.30000000,198.30000000,198.23000000,198.26000000,268.86000000
1777705200000,2026-05-02T07:00:00+00:00,198.27000000,198.28000000,198.23000000,198.28000000,130.99000000
1777708800000,2026-05-02T08:00:00+00:00,198.28000000,198.42000000,198.28000000,198.36000000,226.77000000
1777712400000,2026-05-02T09:00:00+00:00,198.36000000,198.37000000,198.33000000,198.34000000,120.06000000
1777716000000,2026-05-02T10:00:00+00:00,198.34000000,198.37000000,198.30000000,198.36000000,135.95000000
1777719600000,2026-05-02T11:00:00+00:00,198.37000000,198.47000000,198.28000000,198.44000000,329.93000000
1777723200000,2026-05-02T12:00:00+00:00,198.44000000,198.47000000,198.38000000,198.42000000,293.44000000
1777726800000,2026-05-02T13:00:00+00:00,198.42000000,198.47000000,198.23000000,198.29000000,247.61000000
1777730400000,2026-05-02T14:00:00+00:00,198.28000000,198.37000000,198.26000000,198.29000000,241.38000000
1777734000000,2026-05-02T15:00:00+00:00,198.29000000,198.30000000,198.18000000,198.22000000,362.63000000
1777737600000,2026-05-02T16:00:00+00:00,198.21000000,198.46000000,198.21000000,198.29000000,938.22000000
1777741200000,2026-05-02T17:00:00+00:00,198.28000000,198.38000000,198.26000000,198.35000000,349.44000000
1777744800000,2026-05-02T18:00:00+00:00,198.34000000,198.40000000,198.34000000,198.39000000,267.17000000
1777748400000,2026-05-02T19:00:00+00:00,198.41000000,198.43000000,198.38000000,198.40000000,203.04000000
1777752000000,2026-05-02T20:00:00+00:00,198.40000000,198.51000000,198.37000000,198.51000000,373.62000000
1777755600000,2026-05-02T21:00:00+00:00,198.50000000,198.75000000,198.44000000,198.63000000,522.99000000
1777759200000,2026-05-02T22:00:00+00:00,198.63000000,198.72000000,198.56000000,198.68000000,274.61000000
1777762800000,2026-05-02T23:00:00+00:00,198.65000000,198.68000000,198.36000000,198.49000000,721.65000000
1777766400000,2026-05-03T00:00:00+00:00,198.49000000,198.78000000,198.48000000,198.75000000,462.81000000
1777770000000,2026-05-03T01:00:00+00:00,198.74000000,198.80000000,198.57000000,198.62000000,679.89000000
1777773600000,2026-05-03T02:00:00+00:00,198.59000000,198.60000000,198.43000000,198.47000000,201.26000000
1777777200000,2026-05-03T03:00:00+00:00,198.47000000,198.47000000,198.39000000,198.42000000,308.69000000
1777780800000,2026-05-03T04:00:00+00:00,198.42000000,198.50000000,198.34000000,198.36000000,373.66000000
1777784400000,2026-05-03T05:00:00+00:00,198.37000000,198.53000000,198.34000000,198.35000000,385.91000000
1777788000000,2026-05-03T06:00:00+00:00,198.35000000,198.53000000,198.35000000,198.50000000,402.86000000
1777791600000,2026-05-03T07:00:00+00:00,198.51000000,198.53000000,198.43000000,198.47000000,570.49000000
1777795200000,2026-05-03T08:00:00+00:00,198.48000000,198.73000000,198.47000000,198.69000000,414.80000000
1777798800000,2026-05-03T09:00:00+00:00,198.69000000,198.71000000,198.37000000,198.44000000,737.11000000
1777802400000,2026-05-03T10:00:00+00:00,198.43000000,198.51000000,198.33000000,198.51000000,358.23000000
1777806000000,2026-05-03T11:00:00+00:00,198.51000000,198.66000000,198.51000000,198.60000000,214.11000000
1777809600000,2026-05-03T12:00:00+00:00,198.60000000,198.74000000,198.48000000,198.74000000,570.61000000
1777813200000,2026-05-03T13:00:00+00:00,198.74000000,198.77000000,198.66000000,198.72000000,303.30000000
1777816800000,2026-05-03T14:00:00+00:00,198.72000000,198.78000000,198.55000000,198.78000000,290.60000000
1777820400000,2026-05-03T15:00:00+00:00,198.78000000,198.78000000,198.29000000,198.36000000,627.41000000
1777824000000,2026-05-03T16:00:00+00:00,198.37000000,199.17000000,198.37000000,199.10000000,1492.60000000
1777827600000,2026-05-03T17:00:00+00:00,199.10000000,200.22000000,199.10000000,199.79000000,1407.93000000
1777831200000,2026-05-03T18:00:00+00:00,199.80000000,199.82000000,199.26000000,199.57000000,646.56000000
1777834800000,2026-05-03T19:00:00+00:00,199.57000000,199.62000000,199.20000000,199.33000000,1191.22000000
1777838400000,2026-05-03T20:00:00+00:00,199.32000000,199.65000000,199.25000000,199.60000000,456.75000000
1777842000000,2026-05-03T21:00:00+00:00,199.60000000,200.53000000,199.60000000,200.48000000,1050.83000000
1777845600000,2026-05-03T22:00:00+00:00,200.53000000,200.54000000,199.21000000,199.48000000,6623.00000000
1777849200000,2026-05-03T23:00:00+00:00,199.47000000,199.57000000,198.34000000,198.43000000,5047.12000000
1777852800000,2026-05-04T00:00:00+00:00,198.44000000,199.68000000,198.44000000,199.15000000,9082.30000000
1777856400000,2026-05-04T01:00:00+00:00,199.15000000,199.61000000,198.90000000,199.52000000,1331.29000000
1777860000000,2026-05-04T02:00:00+00:00,199.51000000,199.79000000,199.01000000,199.33000000,4655.51000000
1777863600000,2026-05-04T03:00:00+00:00,199.33000000,199.82000000,199.31000000,199.68000000,1489.16000000
1777867200000,2026-05-04T04:00:00+00:00,199.69000000,199.92000000,199.65000000,199.87000000,1487.62000000
1777870800000,2026-05-04T05:00:00+00:00,199.87000000,200.09000000,199.73000000,199.76000000,1473.71000000
1777874400000,2026-05-04T06:00:00+00:00,199.77000000,199.88000000,199.35000000,199.50000000,2575.04000000
1777878000000,2026-05-04T07:00:00+00:00,199.52000000,200.28000000,199.45000000,199.93000000,3759.01000000
1777881600000,2026-05-04T08:00:00+00:00,199.93000000,200.02000000,199.55000000,199.78000000,1929.93000000
1777885200000,2026-05-04T09:00:00+00:00,199.78000000,200.15000000,199.39000000,199.43000000,3005.96000000
1777888800000,2026-05-04T10:00:00+00:00,199.46000000,199.53000000,196.61000000,198.08000000,15853.32000000
1777892400000,2026-05-04T11:00:00+00:00,198.10000000,198.72000000,198.03000000,198.47000000,2653.30000000
1777896000000,2026-05-04T12:00:00+00:00,198.47000000,199.36000000,198.47000000,199.06000000,3483.55000000
1777899600000,2026-05-04T13:00:00+00:00,199.06000000,201.77000000,197.80000000,198.82000000,41479.94000000
1777903200000,2026-05-04T14:00:00+00:00,198.78000000,199.21000000,197.32000000,197.37000000,17661.43000000
1777906800000,2026-05-04T15:00:00+00:00,197.37000000,198.09000000,194.85000000,195.73000000,15764.64000000
1777910400000,2026-05-04T16:00:00+00:00,195.74000000,196.99000000,195.06000000,196.91000000,10713.37000000
1777914000000,2026-05-04T17:00:00+00:00,196.92000000,198.51000000,196.90000000,198.46000000,4494.74000000
1777917600000,2026-05-04T18:00:00+00:00,198.45000000,199.27000000,197.53000000,198.28000000,3463.17000000
1777921200000,2026-05-04T19:00:00+00:00,198.29000000,199.24000000,197.90000000,198.68000000,3995.62000000
1777924800000,2026-05-04T20:00:00+00:00,198.69000000,198.81000000,197.92000000,197.95000000,1499.84000000
1777928400000,2026-05-04T21:00:00+00:00,197.95000000,198.20000000,197.80000000,198.16000000,598.45000000
1777932000000,2026-05-04T22:00:00+00:00,198.18000000,198.37000000,197.67000000,197.89000000,616.83000000
1777935600000,2026-05-04T23:00:00+00:00,197.90000000,198.01000000,197.70000000,197.72000000,805.47000000
1777939200000,2026-05-05T00:00:00+00:00,197.74000000,198.26000000,197.73000000,198.21000000,1729.43000000
1777942800000,2026-05-05T01:00:00+00:00,198.21000000,198.44000000,198.12000000,198.27000000,648.00000000
1777946400000,2026-05-05T02:00:00+00:00,198.27000000,198.65000000,198.25000000,198.35000000,637.74000000
1777950000000,2026-05-05T03:00:00+00:00,198.35000000,198.54000000,198.30000000,198.45000000,441.11000000
1777953600000,2026-05-05T04:00:00+00:00,198.45000000,198.58000000,198.25000000,198.36000000,579.31000000
1777957200000,2026-05-05T05:00:00+00:00,198.36000000,198.85000000,198.30000000,198.85000000,1166.44000000
1777960800000,2026-05-05T06:00:00+00:00,198.85000000,198.99000000,198.61000000,198.97000000,1231.06000000
1777964400000,2026-05-05T07:00:00+00:00,198.97000000,199.34000000,198.90000000,199.06000000,1355.83000000
1777968000000,2026-05-05T08:00:00+00:00,199.07000000,199.20000000,198.75000000,198.90000000,2019.93000000
1777971600000,2026-05-05T09:00:00+00:00,198.89000000,199.11000000,198.76000000,198.90000000,1622.94000000
1777975200000,2026-05-05T10:00:00+00:00,198.92000000,199.39000000,198.88000000,198.98000000,1799.44000000
1777978800000,2026-05-05T11:00:00+00:00,198.96000000,198.96000000,198.40000000,198.76000000,1820.13000000
1777982400000,2026-05-05T12:00:00+00:00,198.75000000,199.45000000,198.58000000,199.32000000,1939.48000000
1777986000000,2026-05-05T13:00:00+00:00,199.32000000,200.36000000,198.24000000,198.66000000,31543.53000000
1777989600000,2026-05-05T14:00:00+00:00,198.67000000,199.14000000,196.80000000,197.16000000,22809.51000000
1777993200000,2026-05-05T15:00:00+00:00,197.15000000,197.99000000,196.75000000,197.45000000,9238.11000000
1777996800000,2026-05-05T16:00:00+00:00,197.49000000,198.61000000,197.39000000,197.76000000,5930.85000000
1778000400000,2026-05-05T17:00:00+00:00,197.75000000,198.12000000,197.31000000,197.41000000,3886.46000000
1778004000000,2026-05-05T18:00:00+00:00,197.41000000,197.89000000,196.56000000,196.87000000,3855.50000000
1778007600000,2026-05-05T19:00:00+00:00,196.90000000,197.07000000,196.18000000,196.67000000,3673.12000000
1778011200000,2026-05-05T20:00:00+00:00,196.65000000,197.41000000,195.95000000,196.93000000,4574.91000000
1778014800000,2026-05-05T21:00:00+00:00,196.93000000,197.64000000,196.25000000,196.29000000,1465.28000000
1778018400000,2026-05-05T22:00:00+00:00,196.29000000,197.30000000,195.62000000,196.91000000,3874.10000000
1778022000000,2026-05-05T23:00:00+00:00,196.90000000,197.63000000,196.53000000,197.48000000,1823.81000000
1778025600000,2026-05-06T00:00:00+00:00,197.48000000,197.68000000,196.27000000,196.82000000,3205.13000000
1778029200000,2026-05-06T01:00:00+00:00,196.83000000,196.95000000,196.40000000,196.73000000,2158.51000000
1778032800000,2026-05-06T02:00:00+00:00,196.74000000,196.80000000,196.43000000,196.62000000,2145.87000000
1778036400000,2026-05-06T03:00:00+00:00,196.63000000,196.75000000,196.26000000,196.37000000,787.80000000
1778040000000,2026-05-06T04:00:00+00:00,196.36000000,196.72000000,196.33000000,196.40000000,974.98000000
1778043600000,2026-05-06T05:00:00+00:00,196.41000000,196.60000000,196.39000000,196.51000000,1099.68000000
1778047200000,2026-05-06T06:00:00+00:00,196.51000000,196.86000000,196.37000000,196.59000000,2554.59000000
1778050800000,2026-05-06T07:00:00+00:00,196.58000000,196.80000000,196.48000000,196.80000000,1765.25000000
1778054400000,2026-05-06T08:00:00+00:00,196.80000000,198.99000000,196.63000000,198.92000000,6337.62000000
1778058000000,2026-05-06T09:00:00+00:00,198.91000000,200.25000000,198.42000000,199.91000000,6772.94000000
1778061600000,2026-05-06T10:00:00+00:00,199.92000000,201.87000000,199.64000000,200.98000000,7657.25000000
1778065200000,2026-05-06T11:00:00+00:00,200.99000000,202.86000000,200.77000000,201.64000000,10879.89000000
1778068800000,2026-05-06T12:00:00+00:00,201.60000000,201.68000000,200.15000000,200.32000000,10484.82000000
1778072400000,2026-05-06T13:00:00+00:00,200.31000000,204.84000000,198.95000000,204.70000000,54787.29000000
1778076000000,2026-05-06T14:00:00+00:00,204.71000000,205.99000000,203.17000000,204.87000000,42660.85000000
1778079600000,2026-05-06T15:00:00+00:00,204.91000000,207.28000000,203.70000000,205.02000000,21696.63000000
1778083200000,2026-05-06T16:00:00+00:00,205.04000000,205.96000000,204.14000000,204.95000000,9890.55000000
1778086800000,2026-05-06T17:00:00+00:00,204.95000000,206.16000000,204.66000000,205.59000000,4113.28000000
1778090400000,2026-05-06T18:00:00+00:00,205.63000000,208.21000000,205.59000000,206.86000000,6786.12000000
1778094000000,2026-05-06T19:00:00+00:00,206.86000000,208.42000000,206.73000000,207.89000000,6811.30000000
1778097600000,2026-05-06T20:00:00+00:00,207.87000000,208.83000000,207.10000000,207.30000000,4192.92000000
1778101200000,2026-05-06T21:00:00+00:00,207.29000000,207.72000000,205.56000000,205.97000000,2856.64000000
1778104800000,2026-05-06T22:00:00+00:00,205.98000000,207.00000000,205.82000000,206.52000000,3383.32000000
1778108400000,2026-05-06T23:00:00+00:00,206.52000000,207.43000000,206.45000000,207.32000000,1787.52000000
1778112000000,2026-05-07T00:00:00+00:00,207.33000000,207.67000000,206.50000000,206.94000000,4033.75000000
1778115600000,2026-05-07T01:00:00+00:00,206.93000000,207.39000000,206.52000000,207.23000000,1752.03000000
1778119200000,2026-05-07T02:00:00+00:00,207.22000000,207.34000000,206.72000000,207.29000000,1558.21000000
1778122800000,2026-05-07T03:00:00+00:00,207.27000000,207.65000000,206.89000000,207.58000000,2339.77000000
1778126400000,2026-05-07T04:00:00+00:00,207.58000000,208.00000000,207.50000000,207.80000000,1489.66000000
1778130000000,2026-05-07T05:00:00+00:00,207.79000000,208.04000000,207.62000000,207.76000000,2435.54000000
1778133600000,2026-05-07T06:00:00+00:00,207.76000000,208.01000000,207.37000000,207.89000000,2172.36000000
1778137200000,2026-05-07T07:00:00+00:00,207.90000000,209.57000000,207.89000000,209.28000000,7526.69000000
1778140800000,2026-05-07T08:00:00+00:00,209.28000000,210.05000000,208.99000000,209.46000000,8645.32000000
1778144400000,2026-05-07T09:00:00+00:00,209.46000000,209.57000000,208.57000000,208.97000000,4460.79000000
1778148000000,2026-05-07T10:00:00+00:00,208.96000000,209.35000000,208.26000000,208.82000000,4259.39000000
1778151600000,2026-05-07T11:00:00+00:00,208.82000000,209.50000000,207.78000000,208.29000000,5438.27000000
1778155200000,2026-05-07T12:00:00+00:00,208.30000000,208.56000000,207.12000000,208.56000000,6813.75000000
1778158800000,2026-05-07T13:00:00+00:00,208.55000000,210.55000000,206.75000000,209.02000000,43819.56000000
1778162400000,2026-05-07T14:00:00+00:00,209.05000000,214.42000000,208.98000000,212.92000000,40445.83000000
1778166000000,2026-05-07T15:00:00+00:00,212.96000000,213.74000000,210.95000000,212.72000000,15109.77000000
1778169600000,2026-05-07T16:00:00+00:00,212.74000000,214.22000000,210.73000000,212.49000000,20362.39000000
1778173200000,2026-05-07T17:00:00+00:00,212.49000000,213.09000000,211.05000000,212.51000000,9674.15000000
1778176800000,2026-05-07T18:00:00+00:00,212.51000000,213.39000000,211.92000000,212.47000000,7109.72000000
1778180400000,2026-05-07T19:00:00+00:00,212.46000000,212.93000000,211.41000000,211.73000000,5376.21000000
1778184000000,2026-05-07T20:00:00+00:00,211.73000000,212.36000000,211.47000000,212.04000000,5018.71000000
1778187600000,2026-05-07T21:00:00+00:00,212.07000000,212.18000000,209.29000000,209.95000000,3138.57000000
1778191200000,2026-05-07T22:00:00+00:00,209.94000000,211.80000000,209.91000000,210.49000000,7032.49000000
1778194800000,2026-05-07T23:00:00+00:00,210.48000000,211.58000000,210.45000000,211.58000000,2073.40000000
1778198400000,2026-05-08T00:00:00+00:00,211.59000000,212.09000000,211.37000000,211.92000000,3867.03000000
1778202000000,2026-05-08T01:00:00+00:00,211.92000000,212.62000000,211.89000000,212.46000000,1640.62000000
1778205600000,2026-05-08T02:00:00+00:00,212.45000000,212.49000000,211.77000000,212.15000000,1978.21000000
1778209200000,2026-05-08T03:00:00+00:00,212.19000000,212.53000000,212.16000000,212.49000000,1245.44000000
1778212800000,2026-05-08T04:00:00+00:00,212.49000000,212.90000000,212.42000000,212.82000000,963.12000000
1778216400000,2026-05-08T05:00:00+00:00,212.82000000,213.28000000,212.78000000,213.05000000,1280.88000000
1778220000000,2026-05-08T06:00:00+00:00,213.04000000,213.36000000,212.81000000,213.36000000,1278.80000000
1778223600000,2026-05-08T07:00:00+00:00,213.34000000,213.72000000,213.14000000,213.62000000,1625.72000000
1778227200000,2026-05-08T08:00:00+00:00,213.64000000,214.33000000,213.28000000,213.95000000,2329.16000000
1778230800000,2026-05-08T09:00:00+00:00,213.96000000,214.41000000,213.51000000,213.81000000,4136.16000000
1778234400000,2026-05-08T10:00:00+00:00,213.79000000,213.99000000,213.34000000,213.44000000,1961.16000000
1778238000000,2026-05-08T11:00:00+00:00,213.44000000,213.83000000,213.42000000,213.56000000,1555.61000000
1778241600000,2026-05-08T12:00:00+00:00,213.55000000,214.18000000,213.11000000,213.75000000,5863.44000000
1778245200000,2026-05-08T13:00:00+00:00,213.74000000,217.92000000,213.16000000,217.87000000,36082.26000000
1778248800000,2026-05-08T14:00:00+00:00,217.87000000,218.06000000,214.52000000,216.18000000,24310.59000000
1778252400000,2026-05-08T15:00:00+00:00,216.14000000,217.37000000,215.63000000,215.75000000,11499.00000000
1778256000000,2026-05-08T16:00:00+00:00,215.74000000,216.41000000,215.34000000,215.46000000,8153.61000000
1778259600000,2026-05-08T17:00:00+00:00,215.47000000,216.26000000,215.00000000,215.14000000,11182.24000000
1778263200000,2026-05-08T18:00:00+00:00,215.13000000,215.95000000,215.12000000,215.25000000,5716.57000000
1778266800000,2026-05-08T19:00:00+00:00,215.23000000,215.91000000,214.83000000,215.26000000,5135.08000000
1778270400000,2026-05-08T20:00:00+00:00,215.27000000,215.32000000,214.94000000,215.01000000,1227.89000000
1778274000000,2026-05-08T21:00:00+00:00,215.01000000,215.69000000,214.90000000,215.16000000,1561.84000000
1778277600000,2026-05-08T22:00:00+00:00,215.16000000,215.35000000,214.97000000,215.20000000,1045.48000000
1778281200000,2026-05-08T23:00:00+00:00,215.21000000,215.36000000,215.02000000,215.11000000,1302.14000000
1778284800000,2026-05-09T00:00:00+00:00,215.10000000,215.43000000,215.00000000,215.39000000,896.59000000
1778288400000,2026-05-09T01:00:00+00:00,215.40000000,215.40000000,215.18000000,215.33000000,605.34000000
1778292000000,2026-05-09T02:00:00+00:00,215.34000000,215.46000000,215.24000000,215.24000000,1469.26000000
1778295600000,2026-05-09T03:00:00+00:00,215.24000000,215.31000000,215.19000000,215.28000000,631.78000000
1778299200000,2026-05-09T04:00:00+00:00,215.28000000,215.50000000,215.28000000,215.44000000,818.36000000
1778302800000,2026-05-09T05:00:00+00:00,215.44000000,215.45000000,215.32000000,215.37000000,1304.82000000
1778306400000,2026-05-09T06:00:00+00:00,215.39000000,215.42000000,215.10000000,215.16000000,1618.47000000
1778310000000,2026-05-09T07:00:00+00:00,215.18000000,215.47000000,215.16000000,215.26000000,687.04000000
1778313600000,2026-05-09T08:00:00+00:00,215.26000000,215.57000000,215.22000000,215.33000000,1880.09000000
1778317200000,2026-05-09T09:00:00+00:00,215.33000000,215.40000000,215.17000000,215.35000000,611.09000000
1778320800000,2026-05-09T10:00:00+00:00,215.34000000,215.35000000,215.25000000,215.28000000,226.82000000
1778324400000,2026-05-09T11:00:00+00:00,215.28000000,215.39000000,215.23000000,215.37000000,741.02000000
1778328000000,2026-05-09T12:00:00+00:00,215.37000000,215.45000000,215.29000000,215.33000000,686.17000000
1778331600000,2026-05-09T13:00:00+00:00,215.33000000,215.40000000,215.20000000,215.23000000,766.94000000
1778335200000,2026-05-09T14:00:00+00:00,215.25000000,215.28000000,215.21000000,215.22000000,476.53000000
1778338800000,2026-05-09T15:00:00+00:00,215.21000000,215.22000000,214.84000000,214.93000000,1966.10000000
1778342400000,2026-05-09T16:00:00+00:00,214.94000000,215.20000000,214.93000000,215.20000000,1131.28000000
1778346000000,2026-05-09T17:00:00+00:00,215.20000000,215.44000000,214.50000000,214.99000000,5337.57000000
1778349600000,2026-05-09T18:00:00+00:00,214.99000000,215.21000000,214.95000000,215.21000000,492.28000000
1778353200000,2026-05-09T19:00:00+00:00,215.20000000,215.33000000,215.20000000,215.30000000,159.58000000
1778356800000,2026-05-09T20:00:00+00:00,215.30000000,215.35000000,215.30000000,215.33000000,116.32000000
1778360400000,2026-05-09T21:00:00+00:00,215.33000000,215.38000000,215.26000000,215.30000000,167.53000000
1778364000000,2026-05-09T22:00:00+00:00,215.30000000,216.21000000,215.21000000,215.79000000,6191.78000000
1778367600000,2026-05-09T23:00:00+00:00,215.81000000,215.85000000,215.55000000,215.57000000,1579.89000000
1778371200000,2026-05-10T00:00:00+00:00,215.58000000,215.75000000,215.58000000,215.64000000,878.36000000
1778374800000,2026-05-10T01:00:00+00:00,215.64000000,215.83000000,215.62000000,215.81000000,875.12000000
1778378400000,2026-05-10T02:00:00+00:00,215.80000000,215.87000000,215.59000000,215.59000000,2267.31000000
1778382000000,2026-05-10T03:00:00+00:00,215.59000000,215.62000000,215.36000000,215.55000000,886.25000000
1778385600000,2026-05-10T04:00:00+00:00,215.55000000,215.75000000,215.54000000,215.71000000,1230.91000000
1778389200000,2026-05-10T05:00:00+00:00,215.72000000,215.73000000,215.62000000,215.67000000,808.95000000
1778392800000,2026-05-10T06:00:00+00:00,215.67000000,215.73000000,215.64000000,215.73000000,2012.26000000
1778396400000,2026-05-10T07:00:00+00:00,215.72000000,215.73000000,215.22000000,215.22000000,1668.37000000
1778400000000,2026-05-10T08:00:00+00:00,215.27000000,215.55000000,215.27000000,215.55000000,2246.39000000
1778403600000,2026-05-10T09:00:00+00:00,215.54000000,215.64000000,215.51000000,215.64000000,2603.45000000
1778407200000,2026-05-10T10:00:00+00:00,215.65000000,215.73000000,215.59000000,215.72000000,732.35000000
1778410800000,2026-05-10T11:00:00+00:00,215.73000000,215.73000000,215.70000000,215.73000000,449.84000000
1778414400000,2026-05-10T12:00:00+00:00,215.73000000,215.73000000,215.49000000,215.59000000,803.27000000
1778418000000,2026-05-10T13:00:00+00:00,215.60000000,215.65000000,215.54000000,215.61000000,619.89000000
1778421600000,2026-05-10T14:00:00+00:00,215.62000000,215.65000000,215.35000000,215.50000000,1758.57000000
1778425200000,2026-05-10T15:00:00+00:00,215.50000000,215.63000000,215.30000000,215.43000000,1661.18000000
1778428800000,2026-05-10T16:00:00+00:00,215.45000000,216.29000000,215.28000000,215.83000000,2961.79000000
1778432400000,2026-05-10T17:00:00+00:00,215.83000000,216.56000000,215.83000000,216.56000000,2504.25000000
1778436000000,2026-05-10T18:00:00+00:00,216.55000000,216.56000000,215.96000000,216.06000000,366.58000000
1778439600000,2026-05-10T19:00:00+00:00,216.06000000,216.15000000,215.85000000,216.15000000,467.64000000
1778443200000,2026-05-10T20:00:00+00:00,216.15000000,216.20000000,215.02000000,215.12000000,6270.29000000
1778446800000,2026-05-10T21:00:00+00:00,215.11000000,215.37000000,214.00000000,214.40000000,3014.73000000
1778450400000,2026-05-10T22:00:00+00:00,214.40000000,215.29000000,214.04000000,215.19000000,6875.38000000
1778454000000,2026-05-10T23:00:00+00:00,215.19000000,215.50000000,214.71000000,215.12000000,2959.80000000
1778457600000,2026-05-11T00:00:00+00:00,215.13000000,215.94000000,214.10000000,214.30000000,9966.10000000
1778461200000,2026-05-11T01:00:00+00:00,214.30000000,214.80000000,213.89000000,214.53000000,7904.29000000
1778464800000,2026-05-11T02:00:00+00:00,214.53000000,215.13000000,214.53000000,214.84000000,1995.35000000
1778468400000,2026-05-11T03:00:00+00:00,214.85000000,214.92000000,214.57000000,214.81000000,1303.09000000
1778472000000,2026-05-11T04:00:00+00:00,214.81000000,215.14000000,214.54000000,215.11000000,1496.73000000
1778475600000,2026-05-11T05:00:00+00:00,215.12000000,215.17000000,214.54000000,214.64000000,1246.82000000
1778479200000,2026-05-11T06:00:00+00:00,214.63000000,214.70000000,214.24000000,214.45000000,1792.64000000
1778482800000,2026-05-11T07:00:00+00:00,214.45000000,214.84000000,214.12000000,214.78000000,1228.09000000
1778486400000,2026-05-11T08:00:00+00:00,214.79000000,214.95000000,213.37000000,213.92000000,6402.14000000
1778490000000,2026-05-11T09:00:00+00:00,213.90000000,214.35000000,213.51000000,213.65000000,3994.70000000
1778493600000,2026-05-11T10:00:00+00:00,213.65000000,213.99000000,212.99000000,213.56000000,4669.57000000
1778497200000,2026-05-11T11:00:00+00:00,213.56000000,214.72000000,213.56000000,214.29000000,5093.14000000
1778500800000,2026-05-11T12:00:00+00:00,214.28000000,214.37000000,213.55000000,213.68000000,4624.06000000
1778504400000,2026-05-11T13:00:00+00:00,213.72000000,221.21000000,213.53000000,217.23000000,51740.26000000
1778508000000,2026-05-11T14:00:00+00:00,217.23000000,222.40000000,217.21000000,221.70000000,42473.22000000
1778511600000,2026-05-11T15:00:00+00:00,221.73000000,222.45000000,220.80000000,222.06000000,18819.40000000
1778515200000,2026-05-11T16:00:00+00:00,222.05000000,222.41000000,220.57000000,220.81000000,8380.00000000
1778518800000,2026-05-11T17:00:00+00:00,220.81000000,221.51000000,220.16000000,220.65000000,5501.72000000
1778522400000,2026-05-11T18:00:00+00:00,220.64000000,221.66000000,220.11000000,220.18000000,4941.65000000
1778526000000,2026-05-11T19:00:00+00:00,220.20000000,220.67000000,219.11000000,219.48000000,4832.67000000
1778529600000,2026-05-11T20:00:00+00:00,219.54000000,219.84000000,218.76000000,219.33000000,2187.23000000
1778533200000,2026-05-11T21:00:00+00:00,219.33000000,219.57000000,219.16000000,219.50000000,625.85000000
1778536800000,2026-05-11T22:00:00+00:00,219.51000000,220.09000000,219.44000000,219.83000000,2177.78000000
1778540400000,2026-05-11T23:00:00+00:00,219.84000000,220.24000000,219.68000000,219.88000000,1186.05000000
1778544000000,2026-05-12T00:00:00+00:00,219.85000000,219.97000000,218.96000000,219.18000000,2091.90000000
1778547600000,2026-05-12T01:00:00+00:00,219.19000000,219.32000000,216.55000000,217.85000000,10563.72000000
1778551200000,2026-05-12T02:00:00+00:00,217.84000000,218.84000000,217.62000000,218.84000000,3039.40000000
1778554800000,2026-05-12T03:00:00+00:00,218.85000000,218.91000000,218.30000000,218.44000000,1301.89000000
1778558400000,2026-05-12T04:00:00+00:00,218.42000000,218.53000000,217.70000000,217.72000000,1415.64000000
1778562000000,2026-05-12T05:00:00+00:00,217.71000000,218.35000000,217.67000000,218.23000000,1570.98000000
1778565600000,2026-05-12T06:00:00+00:00,218.24000000,218.36000000,217.39000000,217.46000000,1320.22000000
1778569200000,2026-05-12T07:00:00+00:00,217.44000000,217.88000000,216.93000000,217.59000000,2726.98000000
1778572800000,2026-05-12T08:00:00+00:00,217.58000000,217.84000000,216.55000000,217.43000000,2679.22000000
1778576400000,2026-05-12T09:00:00+00:00,217.45000000,218.44000000,217.27000000,218.25000000,2277.27000000
1778580000000,2026-05-12T10:00:00+00:00,218.25000000,218.61000000,217.47000000,217.83000000,2670.99000000
1778583600000,2026-05-12T11:00:00+00:00,217.85000000,218.11000000,217.41000000,217.92000000,4150.41000000
1778587200000,2026-05-12T12:00:00+00:00,217.91000000,219.48000000,217.08000000,219.15000000,7522.61000000
1778590800000,2026-05-12T13:00:00+00:00,219.15000000,223.92000000,217.38000000,220.43000000,50682.30000000
1778594400000,2026-05-12T14:00:00+00:00,220.44000000,221.88000000,217.26000000,217.42000000,33933.63000000
1778598000000,2026-05-12T15:00:00+00:00,217.42000000,218.05000000,214.97000000,216.91000000,28640.83000000
1778601600000,2026-05-12T16:00:00+00:00,216.91000000,218.29000000,215.79000000,215.94000000,11456.28000000
1778605200000,2026-05-12T17:00:00+00:00,215.96000000,218.85000000,215.59000000,218.64000000,6726.07000000
1778608800000,2026-05-12T18:00:00+00:00,218.62000000,220.44000000,217.85000000,219.64000000,9427.00000000
1778612400000,2026-05-12T19:00:00+00:00,219.65000000,221.74000000,219.65000000,220.89000000,8900.95000000
1778616000000,2026-05-12T20:00:00+00:00,220.88000000,220.98000000,220.05000000,220.17000000,2318.48000000
1778619600000,2026-05-12T21:00:00+00:00,220.17000000,220.29000000,219.91000000,220.15000000,704.01000000
1778623200000,2026-05-12T22:00:00+00:00,220.13000000,220.42000000,219.81000000,220.00000000,1433.77000000
1778626800000,2026-05-12T23:00:00+00:00,220.00000000,220.47000000,219.35000000,219.55000000,2094.95000000
1778630400000,2026-05-13T00:00:00+00:00,219.53000000,220.21000000,219.40000000,220.03000000,2964.29000000
1778634000000,2026-05-13T01:00:00+00:00,220.00000000,223.76000000,219.93000000,223.12000000,12862.10000000
1778637600000,2026-05-13T02:00:00+00:00,223.12000000,224.73000000,223.12000000,223.80000000,11276.58000000
1778641200000,2026-05-13T03:00:00+00:00,223.79000000,225.26000000,223.71000000,224.62000000,14670.10000000
1778644800000,2026-05-13T04:00:00+00:00,224.62000000,224.63000000,223.81000000,223.95000000,7847.47000000
1778648400000,2026-05-13T05:00:00+00:00,223.94000000,224.48000000,223.78000000,224.27000000,5407.92000000
1778652000000,2026-05-13T06:00:00+00:00,224.28000000,225.27000000,224.20000000,224.71000000,7169.72000000
1778655600000,2026-05-13T07:00:00+00:00,224.69000000,225.34000000,224.14000000,225.08000000,10174.61000000
1778659200000,2026-05-13T08:00:00+00:00,225.12000000,226.59000000,225.01000000,226.08000000,10840.76000000
1778662800000,2026-05-13T09:00:00+00:00,226.07000000,227.13000000,225.69000000,226.53000000,15899.14000000
1778666400000,2026-05-13T10:00:00+00:00,226.52000000,227.00000000,226.16000000,226.33000000,5732.93000000
1778670000000,2026-05-13T11:00:00+00:00,226.32000000,226.32000000,225.00000000,226.05000000,8595.91000000
1778673600000,2026-05-13T12:00:00+00:00,226.04000000,226.53000000,223.90000000,224.12000000,24837.44000000
1778677200000,2026-05-13T13:00:00+00:00,224.12000000,227.23000000,221.65000000,224.18000000,71268.64000000
1778680800000,2026-05-13T14:00:00+00:00,224.19000000,226.67000000,223.16000000,226.60000000,40488.28000000
1778684400000,2026-05-13T15:00:00+00:00,226.61000000,227.75000000,225.82000000,226.78000000,33090.35000000
1778688000000,2026-05-13T16:00:00+00:00,226.77000000,228.03000000,226.63000000,227.03000000,18472.56000000
1778691600000,2026-05-13T17:00:00+00:00,227.05000000,227.59000000,225.63000000,225.67000000,11436.74000000
1778695200000,2026-05-13T18:00:00+00:00,225.69000000,227.61000000,225.66000000,226.63000000,10737.75000000
1778698800000,2026-05-13T19:00:00+00:00,226.64000000,227.30000000,225.29000000,226.01000000,9844.59000000
1778702400000,2026-05-13T20:00:00+00:00,226.01000000,226.88000000,225.80000000,226.66000000,3541.71000000
1778706000000,2026-05-13T21:00:00+00:00,226.66000000,226.88000000,226.26000000,226.88000000,2801.60000000
1778709600000,2026-05-13T22:00:00+00:00,226.87000000,227.58000000,226.68000000,227.41000000,2544.80000000
1778713200000,2026-05-13T23:00:00+00:00,227.40000000,227.83000000,227.22000000,227.73000000,3617.77000000
1778716800000,2026-05-14T00:00:00+00:00,227.80000000,229.15000000,227.54000000,229.02000000,9512.88000000
1778720400000,2026-05-14T01:00:00+00:00,229.02000000,229.08000000,228.09000000,228.27000000,4515.12000000
1778724000000,2026-05-14T02:00:00+00:00,228.26000000,228.65000000,227.81000000,228.24000000,7202.84000000
1778727600000,2026-05-14T03:00:00+00:00,228.23000000,228.57000000,226.15000000,226.63000000,10495.17000000
1778731200000,2026-05-14T04:00:00+00:00,226.64000000,228.60000000,226.35000000,227.96000000,8294.10000000
1778734800000,2026-05-14T05:00:00+00:00,227.97000000,232.18000000,227.55000000,232.15000000,28125.12000000
1778738400000,2026-05-14T06:00:00+00:00,232.14000000,233.93000000,231.02000000,232.59000000,42603.98000000
1778742000000,2026-05-14T07:00:00+00:00,232.58000000,232.90000000,231.69000000,231.85000000,15376.08000000
1778745600000,2026-05-14T08:00:00+00:00,231.86000000,232.56000000,230.75000000,231.09000000,14655.95000000
1778749200000,2026-05-14T09:00:00+00:00,231.05000000,231.52000000,229.49000000,230.56000000,18053.83000000
1778752800000,2026-05-14T10:00:00+00:00,230.54000000,231.66000000,229.92000000,230.12000000,14554.39000000
1778756400000,2026-05-14T11:00:00+00:00,230.11000000,231.00000000,229.52000000,230.31000000,8948.07000000
1778760000000,2026-05-14T12:00:00+00:00,230.30000000,231.68000000,230.09000000,230.21000000,13108.17000000
1778763600000,2026-05-14T13:00:00+00:00,230.18000000,233.50000000,229.66000000,230.87000000,69829.17000000
1778767200000,2026-05-14T14:00:00+00:00,230.86000000,236.04000000,230.77000000,234.61000000,64280.99000000
1778770800000,2026-05-14T15:00:00+00:00,234.61000000,236.44000000,234.05000000,234.93000000,30525.07000000
1778774400000,2026-05-14T16:00:00+00:00,234.90000000,236.04000000,234.40000000,235.38000000,19082.65000000
1778778000000,2026-05-14T17:00:00+00:00,235.36000000,235.80000000,232.69000000,234.61000000,24362.24000000
1778781600000,2026-05-14T18:00:00+00:00,234.58000000,236.36000000,233.66000000,236.00000000,10001.31000000
1778785200000,2026-05-14T19:00:00+00:00,236.02000000,236.44000000,235.10000000,235.76000000,7507.59000000
1778788800000,2026-05-14T20:00:00+00:00,235.74000000,236.08000000,234.75000000,235.31000000,4822.54000000
1778792400000,2026-05-14T21:00:00+00:00,235.31000000,236.08000000,234.99000000,235.86000000,1474.25000000
1778796000000,2026-05-14T22:00:00+00:00,235.86000000,236.62000000,235.77000000,236.38000000,2998.73000000
1778799600000,2026-05-14T23:00:00+00:00,236.39000000,237.94000000,236.35000000,237.86000000,6732.92000000
1778803200000,2026-05-15T00:00:00+00:00,237.85000000,240.90000000,237.44000000,239.32000000,24304.72000000
1778806800000,2026-05-15T01:00:00+00:00,239.33000000,239.33000000,235.79000000,235.81000000,14117.23000000
1778810400000,2026-05-15T02:00:00+00:00,235.81000000,237.05000000,233.76000000,236.30000000,26122.29000000
1778814000000,2026-05-15T03:00:00+00:00,236.31000000,236.72000000,235.61000000,236.31000000,5434.33000000
1778817600000,2026-05-15T04:00:00+00:00,236.32000000,236.32000000,234.13000000,234.18000000,7209.43000000
1778821200000,2026-05-15T05:00:00+00:00,234.19000000,234.28000000,230.18000000,230.23000000,23159.01000000
1778824800000,2026-05-15T06:00:00+00:00,230.22000000,233.80000000,230.09000000,233.42000000,18240.55000000
1778828400000,2026-05-15T07:00:00+00:00,233.44000000,233.69000000,232.11000000,232.92000000,15268.16000000
1778832000000,2026-05-15T08:00:00+00:00,232.93000000,233.08000000,230.01000000,230.30000000,17518.56000000
1778835600000,2026-05-15T09:00:00+00:00,230.31000000,230.39000000,228.17000000,228.57000000,15549.22000000
1778839200000,2026-05-15T10:00:00+00:00,228.59000000,231.65000000,228.58000000,231.22000000,17274.19000000
1778842800000,2026-05-15T11:00:00+00:00,231.23000000,232.18000000,230.43000000,230.44000000,10898.39000000
1778846400000,2026-05-15T12:00:00+00:00,230.44000000,230.56000000,227.78000000,229.45000000,28728.79000000
1778850000000,2026-05-15T13:00:00+00:00,229.44000000,230.15000000,224.50000000,225.30000000,61404.71000000
1778853600000,2026-05-15T14:00:00+00:00,225.34000000,228.89000000,225.10000000,226.20000000,35481.61000000
1778857200000,2026-05-15T15:00:00+00:00,226.22000000,229.30000000,225.90000000,228.35000000,13703.54000000
1778860800000,2026-05-15T16:00:00+00:00,228.30000000,228.77000000,227.25000000,227.96000000,11261.12000000
1778864400000,2026-05-15T17:00:00+00:00,227.96000000,231.10000000,227.80000000,231.04000000,19667.30000000
1778868000000,2026-05-15T18:00:00+00:00,231.05000000,231.69000000,228.37000000,229.14000000,11175.59000000
1778871600000,2026-05-15T19:00:00+00:00,229.15000000,229.23000000,225.21000000,225.42000000,11397.49000000
1778875200000,2026-05-15T20:00:00+00:00,225.43000000,225.54000000,224.63000000,225.25000000,3959.41000000
1778878800000,2026-05-15T21:00:00+00:00,225.25000000,225.30000000,224.90000000,225.01000000,967.87000000
1778882400000,2026-05-15T22:00:00+00:00,225.02000000,225.11000000,224.80000000,224.95000000,692.18000000
1778886000000,2026-05-15T23:00:00+00:00,224.94000000,224.98000000,224.36000000,224.54000000,1729.72000000
1778889600000,2026-05-16T00:00:00+00:00,224.54000000,224.56000000,223.60000000,223.78000000,4585.10000000
1778893200000,2026-05-16T01:00:00+00:00,223.79000000,223.93000000,223.24000000,223.67000000,4133.50000000
1778896800000,2026-05-16T02:00:00+00:00,223.67000000,224.30000000,223.31000000,224.24000000,2771.39000000
1778900400000,2026-05-16T03:00:00+00:00,224.23000000,225.06000000,224.05000000,224.74000000,4054.97000000
1778904000000,2026-05-16T04:00:00+00:00,224.75000000,224.77000000,224.19000000,224.67000000,2388.10000000
1778907600000,2026-05-16T05:00:00+00:00,224.70000000,225.25000000,224.68000000,224.88000000,2798.02000000
1778911200000,2026-05-16T06:00:00+00:00,224.87000000,224.91000000,224.20000000,224.29000000,1286.06000000
1778914800000,2026-05-16T07:00:00+00:00,224.30000000,224.30000000,222.71000000,223.82000000,6882.70000000
1778918400000,2026-05-16T08:00:00+00:00,223.83000000,224.00000000,223.78000000,223.86000000,1351.20000000
1778922000000,2026-05-16T09:00:00+00:00,223.86000000,224.18000000,223.23000000,224.06000000,4286.63000000
1778925600000,2026-05-16T10:00:00+00:00,224.06000000,224.12000000,223.34000000,224.07000000,2117.91000000
1778929200000,2026-05-16T11:00:00+00:00,224.06000000,224.23000000,223.75000000,223.76000000,1437.57000000
1778932800000,2026-05-16T12:00:00+00:00,223.76000000,223.92000000,223.60000000,223.89000000,662.95000000
1778936400000,2026-05-16T13:00:00+00:00,223.89000000,223.93000000,223.41000000,223.46000000,1527.30000000
1778940000000,2026-05-16T14:00:00+00:00,223.45000000,223.63000000,223.26000000,223.45000000,1312.16000000
1778943600000,2026-05-16T15:00:00+00:00,223.45000000,223.76000000,223.34000000,223.67000000,582.31000000
1778947200000,2026-05-16T16:00:00+00:00,223.68000000,224.02000000,223.43000000,223.94000000,1832.61000000
1778950800000,2026-05-16T17:00:00+00:00,223.93000000,224.32000000,223.91000000,224.32000000,516.77000000
1778954400000,2026-05-16T18:00:00+00:00,224.32000000,224.38000000,224.19000000,224.34000000,380.94000000
1778958000000,2026-05-16T19:00:00+00:00,224.35000000,224.44000000,224.19000000,224.42000000,313.53000000
1778961600000,2026-05-16T20:00:00+00:00,224.42000000,224.42000000,224.07000000,224.09000000,309.61000000
1778965200000,2026-05-16T21:00:00+00:00,224.10000000,224.34000000,224.01000000,224.19000000,320.44000000
1778968800000,2026-05-16T22:00:00+00:00,224.19000000,224.28000000,223.78000000,223.97000000,1958.11000000
1778972400000,2026-05-16T23:00:00+00:00,223.96000000,224.06000000,223.76000000,223.95000000,1163.44000000
1778976000000,2026-05-17T00:00:00+00:00,223.96000000,224.22000000,223.52000000,223.63000000,1343.28000000
1778979600000,2026-05-17T01:00:00+00:00,223.63000000,223.87000000,223.33000000,223.39000000,1570.29000000
1778983200000,2026-05-17T02:00:00+00:00,223.39000000,223.96000000,223.32000000,223.90000000,1238.31000000
1778986800000,2026-05-17T03:00:00+00:00,223.90000000,224.38000000,223.79000000,224.25000000,1172.33000000
1778990400000,2026-05-17T04:00:00+00:00,224.26000000,224.39000000,224.15000000,224.27000000,518.71000000
1778994000000,2026-05-17T05:00:00+00:00,224.28000000,224.43000000,224.09000000,224.25000000,676.19000000
1778997600000,2026-05-17T06:00:00+00:00,224.24000000,224.26000000,223.93000000,224.00000000,740.68000000
1779001200000,2026-05-17T07:00:00+00:00,224.01000000,224.31000000,223.96000000,224.21000000,949.82000000
1779004800000,2026-05-17T08:00:00+00:00,224.21000000,224.40000000,224.12000000,224.39000000,578.43000000
1779008400000,2026-05-17T09:00:00+00:00,224.40000000,224.81000000,224.36000000,224.71000000,731.82000000
1779012000000,2026-05-17T10:00:00+00:00,224.72000000,224.99000000,224.70000000,224.96000000,1112.58000000
1779015600000,2026-05-17T11:00:00+00:00,224.96000000,225.12000000,224.89000000,224.98000000,1479.36000000
1779019200000,2026-05-17T12:00:00+00:00,224.98000000,225.49000000,224.89000000,225.21000000,2553.13000000
1779022800000,2026-05-17T13:00:00+00:00,225.21000000,225.99000000,225.01000000,225.69000000,2028.97000000
1779026400000,2026-05-17T14:00:00+00:00,225.69000000,225.69000000,224.85000000,224.93000000,2065.22000000
1779030000000,2026-05-17T15:00:00+00:00,224.92000000,225.53000000,224.90000000,225.49000000,1256.72000000
1779033600000,2026-05-17T16:00:00+00:00,225.47000000,225.72000000,225.23000000,225.25000000,1212.53000000
1779037200000,2026-05-17T17:00:00+00:00,225.24000000,225.35000000,224.89000000,225.22000000,1437.60000000
1779040800000,2026-05-17T18:00:00+00:00,225.22000000,225.25000000,224.81000000,224.94000000,903.81000000
1779044400000,2026-05-17T19:00:00+00:00,224.93000000,225.86000000,224.86000000,225.76000000,867.70000000
1779048000000,2026-05-17T20:00:00+00:00,225.78000000,226.46000000,225.72000000,226.15000000,2205.76000000
1779051600000,2026-05-17T21:00:00+00:00,226.14000000,226.71000000,225.91000000,226.20000000,1347.03000000
1779055200000,2026-05-17T22:00:00+00:00,226.18000000,226.85000000,225.09000000,225.66000000,12566.32000000
1779058800000,2026-05-17T23:00:00+00:00,225.66000000,225.73000000,223.34000000,224.03000000,7827.52000000
1779062400000,2026-05-18T00:00:00+00:00,224.06000000,224.82000000,221.20000000,222.53000000,17446.28000000
1779066000000,2026-05-18T01:00:00+00:00,222.53000000,223.07000000,221.45000000,222.89000000,5827.11000000
1779069600000,2026-05-18T02:00:00+00:00,222.87000000,224.35000000,222.54000000,223.40000000,5052.42000000
1779073200000,2026-05-18T03:00:00+00:00,223.41000000,224.16000000,223.38000000,223.97000000,2628.49000000
1779076800000,2026-05-18T04:00:00+00:00,223.97000000,224.82000000,223.94000000,224.45000000,2890.10000000
1779080400000,2026-05-18T05:00:00+00:00,224.46000000,224.75000000,223.41000000,223.47000000,4362.32000000
1779084000000,2026-05-18T06:00:00+00:00,223.45000000,224.26000000,222.79000000,224.24000000,4131.65000000
1779087600000,2026-05-18T07:00:00+00:00,224.24000000,225.14000000,223.67000000,224.45000000,4852.45000000
1779091200000,2026-05-18T08:00:00+00:00,224.49000000,228.82000000,224.26000000,228.65000000,15878.38000000
1779094800000,2026-05-18T09:00:00+00:00,228.67000000,228.79000000,227.35000000,227.84000000,9389.99000000
1779098400000,2026-05-18T10:00:00+00:00,227.84000000,227.86000000,226.09000000,226.24000000,7300.88000000
1779102000000,2026-05-18T11:00:00+00:00,226.26000000,228.82000000,225.64000000,228.42000000,17334.93000000
1779105600000,2026-05-18T12:00:00+00:00,228.43000000,230.83000000,228.13000000,230.17000000,12183.40000000
1779109200000,2026-05-18T13:00:00+00:00,230.16000000,230.45000000,223.77000000,225.77000000,58935.83000000
1779112800000,2026-05-18T14:00:00+00:00,225.78000000,226.42000000,220.62000000,222.29000000,42607.28000000
1779116400000,2026-05-18T15:00:00+00:00,222.31000000,223.54000000,221.60000000,222.60000000,25776.13000000
1779120000000,2026-05-18T16:00:00+00:00,222.62000000,223.23000000,219.73000000,222.24000000,31012.56000000
1779123600000,2026-05-18T17:00:00+00:00,222.23000000,222.68000000,220.89000000,221.68000000,17224.26000000
1779127200000,2026-05-18T18:00:00+00:00,221.67000000,221.67000000,218.64000000,219.81000000,12863.85000000
1779130800000,2026-05-18T19:00:00+00:00,219.82000000,222.57000000,219.79000000,222.54000000,10078.06000000
1779134400000,2026-05-18T20:00:00+00:00,222.54000000,222.69000000,222.18000000,222.45000000,2102.98000000
1779138000000,2026-05-18T21:00:00+00:00,222.45000000,223.19000000,222.43000000,223.19000000,1015.59000000
1779141600000,2026-05-18T22:00:00+00:00,223.19000000,223.91000000,223.09000000,223.48000000,2490.88000000
1779145200000,2026-05-18T23:00:00+00:00,223.48000000,223.83000000,222.77000000,222.91000000,1769.22000000
1779148800000,2026-05-19T00:00:00+00:00,222.94000000,223.52000000,222.29000000,222.29000000,3354.67000000
1779152400000,2026-05-19T01:00:00+00:00,222.28000000,222.29000000,220.67000000,221.89000000,3335.06000000
1779156000000,2026-05-19T02:00:00+00:00,221.89000000,221.89000000,220.59000000,220.72000000,7276.13000000
1779159600000,2026-05-19T03:00:00+00:00,220.71000000,221.89000000,220.53000000,221.29000000,3802.35000000
1779163200000,2026-05-19T04:00:00+00:00,221.29000000,221.30000000,220.33000000,220.77000000,5990.05000000
1779166800000,2026-05-19T05:00:00+00:00,220.77000000,221.22000000,220.15000000,220.96000000,4101.68000000
1779170400000,2026-05-19T06:00:00+00:00,220.96000000,221.88000000,220.65000000,221.80000000,2891.04000000
1779174000000,2026-05-19T07:00:00+00:00,221.79000000,223.12000000,221.64000000,222.79000000,4157.99000000
1779177600000,2026-05-19T08:00:00+00:00,222.78000000,222.99000000,220.87000000,221.28000000,5648.73000000
1779181200000,2026-05-19T09:00:00+00:00,221.32000000,221.33000000,219.82000000,220.73000000,8799.95000000
1779184800000,2026-05-19T10:00:00+00:00,220.73000000,221.23000000,219.91000000,220.81000000,6542.80000000
1779188400000,2026-05-19T11:00:00+00:00,220.82000000,221.13000000,220.23000000,220.23000000,5055.87000000
1779192000000,2026-05-19T12:00:00+00:00,220.22000000,221.20000000,219.95000000,220.89000000,5179.06000000
1779195600000,2026-05-19T13:00:00+00:00,220.89000000,223.42000000,219.04000000,221.00000000,79909.70000000
1779199200000,2026-05-19T14:00:00+00:00,220.98000000,221.15000000,218.04000000,221.00000000,41331.92000000
1779202800000,2026-05-19T15:00:00+00:00,221.01000000,222.17000000,220.25000000,220.85000000,18540.31000000
1779206400000,2026-05-19T16:00:00+00:00,220.86000000,223.62000000,220.51000000,223.49000000,25573.05000000
1779210000000,2026-05-19T17:00:00+00:00,223.49000000,224.77000000,222.33000000,223.32000000,19712.61000000
1779213600000,2026-05-19T18:00:00+00:00,223.34000000,223.86000000,222.42000000,222.76000000,4632.13000000
1779217200000,2026-05-19T19:00:00+00:00,222.74000000,223.02000000,219.62000000,221.03000000,8085.91000000
1779220800000,2026-05-19T20:00:00+00:00,221.03000000,221.72000000,220.90000000,221.19000000,4022.84000000
1779224400000,2026-05-19T21:00:00+00:00,221.19000000,222.09000000,221.19000000,222.00000000,1146.21000000
1779228000000,2026-05-19T22:00:00+00:00,221.99000000,222.22000000,221.44000000,221.74000000,2223.76000000
1779231600000,2026-05-19T23:00:00+00:00,221.74000000,222.37000000,221.67000000,221.79000000,2287.82000000
1779235200000,2026-05-20T00:00:00+00:00,221.78000000,222.30000000,220.11000000,221.93000000,13038.12000000
1779238800000,2026-05-20T01:00:00+00:00,221.92000000,222.30000000,221.03000000,222.03000000,10727.32000000
1779242400000,2026-05-20T02:00:00+00:00,222.04000000,222.14000000,221.25000000,221.54000000,4905.89000000
1779246000000,2026-05-20T03:00:00+00:00,221.53000000,221.70000000,221.08000000,221.30000000,2964.69000000
1779249600000,2026-05-20T04:00:00+00:00,221.31000000,221.87000000,221.26000000,221.39000000,4213.42000000
1779253200000,2026-05-20T05:00:00+00:00,221.39000000,222.33000000,221.39000000,222.33000000,3970.59000000
1779256800000,2026-05-20T06:00:00+00:00,222.32000000,223.33000000,222.27000000,223.29000000,21932.45000000
1779260400000,2026-05-20T07:00:00+00:00,223.30000000,223.80000000,223.01000000,223.27000000,8460.42000000
1779264000000,2026-05-20T08:00:00+00:00,223.28000000,224.52000000,223.20000000,223.95000000,36350.75000000
1779267600000,2026-05-20T09:00:00+00:00,223.93000000,225.26000000,223.84000000,224.68000000,22262.33000000
1779271200000,2026-05-20T10:00:00+00:00,224.69000000,225.43000000,224.60000000,224.82000000,19743.93000000
1779274800000,2026-05-20T11:00:00+00:00,224.84000000,225.07000000,223.78000000,224.12000000,14527.81000000
1779278400000,2026-05-20T12:00:00+00:00,224.12000000,224.72000000,224.05000000,224.07000000,17966.93000000
1779282000000,2026-05-20T13:00:00+00:00,224.06000000,224.60000000,220.67000000,222.14000000,47298.41000000
1779285600000,2026-05-20T14:00:00+00:00,222.14000000,225.33000000,221.95000000,224.90000000,47098.65000000
1779289200000,2026-05-20T15:00:00+00:00,224.89000000,226.10000000,224.37000000,225.02000000,32566.48000000
1779292800000,2026-05-20T16:00:00+00:00,225.02000000,225.49000000,223.97000000,224.70000000,18890.14000000
1779296400000,2026-05-20T17:00:00+00:00,224.71000000,225.28000000,224.35000000,224.61000000,7517.21000000
1779300000000,2026-05-20T18:00:00+00:00,224.62000000,224.99000000,222.28000000,222.91000000,10351.16000000
1779303600000,2026-05-20T19:00:00+00:00,222.92000000,223.84000000,222.56000000,223.55000000,12338.59000000
1779307200000,2026-05-20T20:00:00+00:00,223.58000000,226.99000000,217.01000000,222.72000000,264715.80000000
1779310800000,2026-05-20T21:00:00+00:00,222.71000000,224.32000000,219.79000000,220.87000000,44958.12000000
1779314400000,2026-05-20T22:00:00+00:00,220.86000000,221.58000000,219.44000000,221.43000000,18685.71000000
1779318000000,2026-05-20T23:00:00+00:00,221.45000000,221.90000000,220.46000000,220.76000000,8134.77000000
1779321600000,2026-05-21T00:00:00+00:00,220.75000000,222.04000000,220.64000000,221.00000000,10560.82000000
1779325200000,2026-05-21T01:00:00+00:00,221.01000000,221.64000000,220.50000000,221.18000000,9888.84000000
1779328800000,2026-05-21T02:00:00+00:00,221.18000000,221.67000000,221.14000000,221.28000000,5817.18000000
1779332400000,2026-05-21T03:00:00+00:00,221.28000000,221.65000000,221.26000000,221.32000000,3885.67000000
1779336000000,2026-05-21T04:00:00+00:00,221.32000000,222.40000000,221.26000000,222.32000000,5036.71000000
1779339600000,2026-05-21T05:00:00+00:00,222.33000000,223.12000000,221.70000000,222.53000000,13740.43000000
1779343200000,2026-05-21T06:00:00+00:00,222.53000000,222.76000000,221.70000000,221.96000000,9427.80000000
1779346800000,2026-05-21T07:00:00+00:00,221.96000000,222.82000000,221.35000000,222.66000000,10513.96000000
1779350400000,2026-05-21T08:00:00+00:00,222.68000000,225.00000000,222.18000000,223.30000000,36154.02000000
1779354000000,2026-05-21T09:00:00+00:00,223.31000000,224.85000000,223.18000000,224.42000000,10113.75000000
1779357600000,2026-05-21T10:00:00+00:00,224.45000000,225.25000000,222.85000000,223.54000000,27728.46000000
1779361200000,2026-05-21T11:00:00+00:00,223.52000000,224.75000000,222.87000000,223.45000000,12408.16000000
1779364800000,2026-05-21T12:00:00+00:00,223.46000000,223.85000000,221.50000000,221.69000000,16467.71000000
1779368400000,2026-05-21T13:00:00+00:00,221.70000000,227.35000000,221.00000000,222.52000000,117323.14000000
1779372000000,2026-05-21T14:00:00+00:00,222.57000000,224.82000000,218.31000000,219.61000000,79680.98000000
1779375600000,2026-05-21T15:00:00+00:00,219.59000000,220.40000000,218.34000000,219.55000000,27949.84000000
1779379200000,2026-05-21T16:00:00+00:00,219.57000000,220.31000000,219.11000000,220.29000000,20601.26000000
1779382800000,2026-05-21T17:00:00+00:00,220.31000000,222.55000000,220.17000000,221.14000000,25386.04000000
1779386400000,2026-05-21T18:00:00+00:00,221.12000000,221.59000000,218.85000000,219.23000000,20764.59000000
1779390000000,2026-05-21T19:00:00+00:00,219.25000000,220.76000000,219.10000000,219.75000000,15041.63000000
1779393600000,2026-05-21T20:00:00+00:00,219.76000000,220.08000000,219.52000000,219.71000000,2516.27000000
1779397200000,2026-05-21T21:00:00+00:00,219.72000000,219.92000000,219.62000000,219.78000000,1575.75000000
1779400800000,2026-05-21T22:00:00+00:00,219.77000000,220.28000000,219.60000000,220.01000000,3464.78000000
1779404400000,2026-05-21T23:00:00+00:00,220.01000000,220.25000000,219.89000000,220.07000000,5606.98000000
1779408000000,2026-05-22T00:00:00+00:00,220.08000000,220.99000000,219.91000000,220.35000000,9113.91000000
1779411600000,2026-05-22T01:00:00+00:00,220.36000000,220.76000000,220.10000000,220.56000000,4637.79000000
1779415200000,2026-05-22T02:00:00+00:00,220.55000000,220.64000000,220.32000000,220.49000000,2325.31000000
1779418800000,2026-05-22T03:00:00+00:00,220.48000000,220.72000000,220.37000000,220.61000000,2672.52000000
1779422400000,2026-05-22T04:00:00+00:00,220.61000000,220.93000000,220.59000000,220.90000000,3259.67000000
1779426000000,2026-05-22T05:00:00+00:00,220.91000000,221.02000000,220.35000000,220.36000000,4562.59000000
1779429600000,2026-05-22T06:00:00+00:00,220.37000000,221.26000000,220.30000000,221.05000000,3519.44000000
1779433200000,2026-05-22T07:00:00+00:00,221.04000000,221.14000000,220.62000000,220.95000000,3646.31000000
1779436800000,2026-05-22T08:00:00+00:00,220.95000000,221.86000000,220.77000000,220.77000000,8281.00000000
1779440400000,2026-05-22T09:00:00+00:00,220.76000000,220.77000000,220.00000000,220.59000000,6140.04000000
1779444000000,2026-05-22T10:00:00+00:00,220.59000000,220.59000000,219.44000000,219.97000000,4223.00000000
1779447600000,2026-05-22T11:00:00+00:00,219.98000000,220.69000000,219.98000000,220.45000000,4390.17000000
1779451200000,2026-05-22T12:00:00+00:00,220.48000000,221.21000000,220.39000000,220.70000000,7773.08000000
1779454800000,2026-05-22T13:00:00+00:00,220.74000000,221.70000000,217.50000000,218.20000000,67406.18000000
1779458400000,2026-05-22T14:00:00+00:00,218.17000000,218.17000000,215.32000000,217.30000000,114285.77000000
1779462000000,2026-05-22T15:00:00+00:00,217.31000000,218.40000000,216.95000000,217.40000000,22488.16000000
1779465600000,2026-05-22T16:00:00+00:00,217.42000000,217.67000000,216.54000000,217.25000000,12149.01000000
1779469200000,2026-05-22T17:00:00+00:00,217.25000000,218.65000000,216.04000000,216.42000000,26461.31000000
1779472800000,2026-05-22T18:00:00+00:00,216.42000000,216.59000000,215.65000000,216.15000000,23274.62000000
1779476400000,2026-05-22T19:00:00+00:00,216.14000000,216.48000000,215.05000000,215.49000000,22935.13000000
1779480000000,2026-05-22T20:00:00+00:00,215.51000000,215.57000000,215.13000000,215.19000000,6318.30000000
1779483600000,2026-05-22T21:00:00+00:00,215.19000000,215.29000000,215.14000000,215.23000000,1914.13000000
1779487200000,2026-05-22T22:00:00+00:00,215.23000000,215.32000000,214.65000000,214.80000000,3772.71000000
1779490800000,2026-05-22T23:00:00+00:00,214.80000000,214.98000000,214.33000000,214.46000000,12452.43000000
1779494400000,2026-05-23T00:00:00+00:00,214.46000000,214.53000000,213.39000000,213.82000000,7178.27000000
1779498000000,2026-05-23T01:00:00+00:00,213.83000000,214.28000000,213.83000000,214.04000000,2608.19000000
1779501600000,2026-05-23T02:00:00+00:00,214.03000000,214.26000000,213.73000000,214.14000000,2890.54000000
1779505200000,2026-05-23T03:00:00+00:00,214.13000000,214.26000000,213.88000000,214.12000000,2030.42000000
1779508800000,2026-05-23T04:00:00+00:00,214.11000000,214.14000000,213.92000000,214.00000000,1672.10000000
1779512400000,2026-05-23T05:00:00+00:00,214.00000000,214.05000000,213.88000000,213.93000000,1286.61000000
1779516000000,2026-05-23T06:00:00+00:00,213.94000000,214.09000000,213.79000000,213.82000000,1655.16000000
1779519600000,2026-05-23T07:00:00+00:00,213.83000000,213.93000000,213.50000000,213.72000000,4616.33000000
1779523200000,2026-05-23T08:00:00+00:00,213.72000000,213.86000000,213.20000000,213.84000000,3808.00000000
1779526800000,2026-05-23T09:00:00+00:00,213.83000000,214.31000000,213.73000000,214.02000000,2901.19000000
1779530400000,2026-05-23T10:00:00+00:00,214.01000000,214.35000000,213.95000000,214.17000000,1592.30000000
1779534000000,2026-05-23T11:00:00+00:00,214.17000000,214.17000000,213.92000000,213.98000000,1452.55000000
1779537600000,2026-05-23T12:00:00+00:00,213.99000000,214.06000000,213.84000000,213.95000000,851.38000000
1779541200000,2026-05-23T13:00:00+00:00,213.95000000,214.48000000,213.95000000,214.36000000,2900.38000000
1779544800000,2026-05-23T14:00:00+00:00,214.36000000,216.04000000,214.32000000,215.75000000,7736.88000000
1779548400000,2026-05-23T15:00:00+00:00,215.75000000,216.20000000,215.46000000,216.03000000,6185.79000000
1779552000000,2026-05-23T16:00:00+00:00,216.03000000,216.32000000,215.88000000,216.20000000,2021.83000000
1779555600000,2026-05-23T17:00:00+00:00,216.19000000,216.50000000,215.86000000,215.98000000,1819.99000000
1779559200000,2026-05-23T18:00:00+00:00,215.98000000,218.60000000,215.77000000,217.40000000,15111.87000000
1779562800000,2026-05-23T19:00:00+00:00,217.40000000,218.16000000,217.26000000,218.03000000,5603.07000000
1779566400000,2026-05-23T20:00:00+00:00,218.04000000,219.47000000,217.62000000,219.30000000,6190.61000000
1779570000000,2026-05-23T21:00:00+00:00,219.30000000,219.43000000,218.10000000,218.57000000,6716.27000000
1779573600000,2026-05-23T22:00:00+00:00,218.58000000,219.17000000,218.26000000,218.86000000,4299.69000000
1779577200000,2026-05-23T23:00:00+00:00,218.86000000,220.89000000,218.75000000,220.08000000,13712.21000000
1779580800000,2026-05-24T00:00:00+00:00,220.09000000,220.25000000,219.35000000,220.10000000,11390.41000000
1779584400000,2026-05-24T01:00:00+00:00,220.11000000,220.69000000,220.01000000,220.43000000,4407.62000000
1779588000000,2026-05-24T02:00:00+00:00,220.44000000,220.47000000,219.94000000,220.22000000,3380.01000000
1779591600000,2026-05-24T03:00:00+00:00,220.23000000,220.37000000,219.40000000,219.60000000,3486.76000000
1779595200000,2026-05-24T04:00:00+00:00,219.60000000,219.69000000,219.25000000,219.68000000,1940.25000000
1779598800000,2026-05-24T05:00:00+00:00,219.69000000,219.72000000,219.23000000,219.43000000,1970.84000000
1779602400000,2026-05-24T06:00:00+00:00,219.43000000,219.45000000,217.69000000,219.36000000,8656.31000000
1779606000000,2026-05-24T07:00:00+00:00,219.36000000,219.37000000,218.83000000,218.90000000,2355.89000000
1779609600000,2026-05-24T08:00:00+00:00,218.91000000,219.40000000,218.85000000,219.35000000,1299.40000000
1779613200000,2026-05-24T09:00:00+00:00,219.36000000,219.99000000,219.23000000,219.93000000,1673.51000000
1779616800000,2026-05-24T10:00:00+00:00,219.95000000,220.23000000,219.56000000,220.14000000,2702.55000000
1779620400000,2026-05-24T11:00:00+00:00,220.13000000,220.50000000,219.35000000,219.70000000,3630.73000000
1779624000000,2026-05-24T12:00:00+00:00,219.71000000,219.94000000,219.36000000,219.94000000,2054.72000000
1779627600000,2026-05-24T13:00:00+00:00,219.95000000,220.07000000,219.33000000,219.47000000,2164.00000000
1779631200000,2026-05-24T14:00:00+00:00,219.47000000,219.62000000,217.79000000,218.38000000,8451.05000000
1779634800000,2026-05-24T15:00:00+00:00,218.40000000,218.68000000,218.17000000,218.56000000,2059.37000000
1779638400000,2026-05-24T16:00:00+00:00,218.56000000,218.99000000,218.49000000,218.79000000,2473.35000000
1779642000000,2026-05-24T17:00:00+00:00,218.82000000,219.02000000,218.74000000,218.99000000,806.73000000
1779645600000,2026-05-24T18:00:00+00:00,218.99000000,219.17000000,218.86000000,219.03000000,897.61000000
1779649200000,2026-05-24T19:00:00+00:00,219.02000000,219.12000000,218.90000000,219.12000000,435.40000000
1779652800000,2026-05-24T20:00:00+00:00,219.12000000,219.16000000,218.72000000,218.80000000,954.13000000
1779656400000,2026-05-24T21:00:00+00:00,218.80000000,219.23000000,218.24000000,218.53000000,3050.30000000
1779660000000,2026-05-24T22:00:00+00:00,218.50000000,218.78000000,217.60000000,218.60000000,8674.57000000
1779663600000,2026-05-24T23:00:00+00:00,218.59000000,219.58000000,218.37000000,219.30000000,4772.32000000
1779667200000,2026-05-25T00:00:00+00:00,219.31000000,219.90000000,219.25000000,219.74000000,2399.17000000
1779670800000,2026-05-25T01:00:00+00:00,219.75000000,219.83000000,219.30000000,219.37000000,2343.44000000
1779674400000,2026-05-25T02:00:00+00:00,219.38000000,219.92000000,219.18000000,219.92000000,3615.83000000
1779678000000,2026-05-25T03:00:00+00:00,219.89000000,220.25000000,219.65000000,220.22000000,3518.63000000
1779681600000,2026-05-25T04:00:00+00:00,220.22000000,220.78000000,220.22000000,220.66000000,2235.20000000
1779685200000,2026-05-25T05:00:00+00:00,220.67000000,220.96000000,220.52000000,220.57000000,3663.01000000
1779688800000,2026-05-25T06:00:00+00:00,220.58000000,220.63000000,220.02000000,220.33000000,3853.18000000
1779692400000,2026-05-25T07:00:00+00:00,220.33000000,220.75000000,219.86000000,220.58000000,3080.42000000
1779696000000,2026-05-25T08:00:00+00:00,220.58000000,220.63000000,220.34000000,220.60000000,1427.45000000
1779699600000,2026-05-25T09:00:00+00:00,220.61000000,221.15000000,220.60000000,221.06000000,3785.30000000
1779703200000,2026-05-25T10:00:00+00:00,221.05000000,221.11000000,220.72000000,220.83000000,2524.98000000
1779706800000,2026-05-25T11:00:00+00:00,220.84000000,221.72000000,220.18000000,221.56000000,14197.52000000
1779710400000,2026-05-25T12:00:00+00:00,221.56000000,221.60000000,221.15000000,221.32000000,4035.06000000
1779714000000,2026-05-25T13:00:00+00:00,221.32000000,221.69000000,221.15000000,221.68000000,2588.66000000
1779717600000,2026-05-25T14:00:00+00:00,221.68000000,221.70000000,221.41000000,221.51000000,2764.62000000
1779721200000,2026-05-25T15:00:00+00:00,221.51000000,221.70000000,221.10000000,221.18000000,5922.04000000
1779724800000,2026-05-25T16:00:00+00:00,221.19000000,221.43000000,220.94000000,221.43000000,2789.12000000
1779728400000,2026-05-25T17:00:00+00:00,221.42000000,221.67000000,221.30000000,221.31000000,1610.04000000
1779732000000,2026-05-25T18:00:00+00:00,221.31000000,221.59000000,221.31000000,221.44000000,782.00000000
1779735600000,2026-05-25T19:00:00+00:00,221.44000000,221.70000000,221.26000000,221.68000000,2681.32000000
1779739200000,2026-05-25T20:00:00+00:00,221.68000000,221.70000000,221.21000000,221.38000000,2755.89000000
1779742800000,2026-05-25T21:00:00+00:00,221.38000000,221.44000000,221.15000000,221.21000000,913.83000000
1779746400000,2026-05-25T22:00:00+00:00,221.22000000,221.38000000,220.31000000,220.48000000,5751.98000000
1779750000000,2026-05-25T23:00:00+00:00,220.49000000,220.74000000,219.52000000,220.03000000,7890.94000000
1779753600000,2026-05-26T00:00:00+00:00,220.05000000,220.19000000,216.82000000,217.50000000,32989.69000000
1779757200000,2026-05-26T01:00:00+00:00,217.49000000,217.78000000,216.68000000,217.33000000,6209.18000000
1779760800000,2026-05-26T02:00:00+00:00,217.32000000,217.55000000,217.24000000,217.54000000,2324.66000000
1779764400000,2026-05-26T03:00:00+00:00,217.53000000,217.55000000,217.05000000,217.28000000,2360.15000000
1779768000000,2026-05-26T04:00:00+00:00,217.30000000,217.43000000,217.16000000,217.31000000,1890.01000000
1779771600000,2026-05-26T05:00:00+00:00,217.30000000,217.39000000,217.12000000,217.37000000,1456.17000000
1779775200000,2026-05-26T06:00:00+00:00,217.36000000,217.65000000,217.20000000,217.52000000,2588.07000000
1779778800000,2026-05-26T07:00:00+00:00,217.54000000,217.57000000,216.93000000,217.13000000,4695.75000000
1779782400000,2026-05-26T08:00:00+00:00,217.12000000,217.57000000,216.98000000,217.37000000,4579.35000000
1779786000000,2026-05-26T09:00:00+00:00,217.38000000,217.97000000,217.20000000,217.90000000,6502.96000000
1779789600000,2026-05-26T10:00:00+00:00,217.91000000,218.67000000,217.73000000,217.76000000,5930.24000000
1779793200000,2026-05-26T11:00:00+00:00,217.76000000,218.46000000,217.72000000,218.23000000,4279.82000000
1779796800000,2026-05-26T12:00:00+00:00,218.22000000,218.56000000,217.52000000,218.10000000,8321.12000000
1779800400000,2026-05-26T13:00:00+00:00,218.09000000,218.30000000,215.00000000,215.74000000,88621.87000000
1779804000000,2026-05-26T14:00:00+00:00,215.74000000,218.37000000,214.54000000,215.81000000,59498.41000000
1779807600000,2026-05-26T15:00:00+00:00,215.82000000,216.13000000,212.67000000,213.35000000,50305.27000000
1779811200000,2026-05-26T16:00:00+00:00,213.34000000,214.15000000,212.25000000,213.93000000,26097.49000000
1779814800000,2026-05-26T17:00:00+00:00,213.92000000,214.39000000,213.11000000,213.29000000,15397.88000000
1779818400000,2026-05-26T18:00:00+00:00,213.30000000,214.66000000,213.10000000,213.47000000,13267.96000000
1779822000000,2026-05-26T19:00:00+00:00,213.48000000,215.00000000,213.20000000,214.99000000,14479.44000000
1779825600000,2026-05-26T20:00:00+00:00,214.98000000,215.08000000,214.56000000,214.60000000,1906.84000000
1779829200000,2026-05-26T21:00:00+00:00,214.59000000,214.81000000,214.49000000,214.57000000,985.62000000
1779832800000,2026-05-26T22:00:00+00:00,214.56000000,214.63000000,214.06000000,214.23000000,2881.13000000
1779836400000,2026-05-26T23:00:00+00:00,214.24000000,214.36000000,213.97000000,214.20000000,3200.14000000
1779840000000,2026-05-27T00:00:00+00:00,214.21000000,214.41000000,213.61000000,214.03000000,7116.43000000
1779843600000,2026-05-27T01:00:00+00:00,214.03000000,214.35000000,213.79000000,214.00000000,6011.14000000
1779847200000,2026-05-27T02:00:00+00:00,213.99000000,214.40000000,213.95000000,214.28000000,6051.22000000
1779850800000,2026-05-27T03:00:00+00:00,214.29000000,214.40000000,214.10000000,214.11000000,4573.87000000
1779854400000,2026-05-27T04:00:00+00:00,214.11000000,214.25000000,213.73000000,214.03000000,8804.75000000
1779858000000,2026-05-27T05:00:00+00:00,214.01000000,214.36000000,213.95000000,214.36000000,4737.52000000
1779861600000,2026-05-27T06:00:00+00:00,214.36000000,214.45000000,214.03000000,214.07000000,4317.05000000
1779865200000,2026-05-27T07:00:00+00:00,214.07000000,214.30000000,214.00000000,214.15000000,4887.10000000
1779868800000,2026-05-27T08:00:00+00:00,214.14000000,215.37000000,214.02000000,214.90000000,9774.67000000
1779872400000,2026-05-27T09:00:00+00:00,214.90000000,215.88000000,214.52000000,215.82000000,6067.32000000
1779876000000,2026-05-27T10:00:00+00:00,215.82000000,216.40000000,215.67000000,215.85000000,9703.24000000
1779879600000,2026-05-27T11:00:00+00:00,215.86000000,216.73000000,215.32000000,215.34000000,12415.14000000
1779883200000,2026-05-27T12:00:00+00:00,215.33000000,216.30000000,215.08000000,215.39000000,11575.60000000
1779886800000,2026-05-27T13:00:00+00:00,215.38000000,215.61000000,210.44000000,211.60000000,151125.35000000
1779890400000,2026-05-27T14:00:00+00:00,211.59000000,211.84000000,209.05000000,209.05000000,82711.90000000
1779894000000,2026-05-27T15:00:00+00:00,209.06000000,210.32000000,208.88000000,209.92000000,28623.83000000
1779897600000,2026-05-27T16:00:00+00:00,209.93000000,212.24000000,209.73000000,211.75000000,34582.74000000
1779901200000,2026-05-27T17:00:00+00:00,211.75000000,212.86000000,210.89000000,212.52000000,16607.09000000
1779904800000,2026-05-27T18:00:00+00:00,212.52000000,213.43000000,212.37000000,213.01000000,13975.40000000
1779908400000,2026-05-27T19:00:00+00:00,212.99000000,213.50000000,212.29000000,212.83000000,10423.98000000
1779912000000,2026-05-27T20:00:00+00:00,212.83000000,212.89000000,212.51000000,212.66000000,1712.89000000
1779915600000,2026-05-27T21:00:00+00:00,212.66000000,212.75000000,212.13000000,212.32000000,4015.61000000
1779919200000,2026-05-27T22:00:00+00:00,212.31000000,212.56000000,211.96000000,212.17000000,5699.72000000
1779922800000,2026-05-27T23:00:00+00:00,212.17000000,212.32000000,211.65000000,211.83000000,4598.04000000
1779926400000,2026-05-28T00:00:00+00:00,211.82000000,212.36000000,211.62000000,212.34000000,8566.92000000
1779930000000,2026-05-28T01:00:00+00:00,212.35000000,212.70000000,212.08000000,212.30000000,6044.86000000
1779933600000,2026-05-28T02:00:00+00:00,212.32000000,212.59000000,210.81000000,211.42000000,9306.96000000
1779937200000,2026-05-28T03:00:00+00:00,211.43000000,211.62000000,209.63000000,209.78000000,17658.01000000
1779940800000,2026-05-28T04:00:00+00:00,209.77000000,210.17000000,209.32000000,209.88000000,8398.35000000
1779944400000,2026-05-28T05:00:00+00:00,209.89000000,211.26000000,209.66000000,210.99000000,6710.99000000
1779948000000,2026-05-28T06:00:00+00:00,211.00000000,211.42000000,210.51000000,210.81000000,4002.61000000
1779951600000,2026-05-28T07:00:00+00:00,210.82000000,211.53000000,210.82000000,211.37000000,5468.32000000
1779955200000,2026-05-28T08:00:00+00:00,211.38000000,211.85000000,211.13000000,211.64000000,6410.07000000
1779958800000,2026-05-28T09:00:00+00:00,211.64000000,211.76000000,211.16000000,211.68000000,3430.58000000
1779962400000,2026-05-28T10:00:00+00:00,211.66000000,211.67000000,210.73000000,210.88000000,7624.28000000
1779966000000,2026-05-28T11:00:00+00:00,210.90000000,210.96000000,210.00000000,210.55000000,5545.91000000
1779969600000,2026-05-28T12:00:00+00:00,210.56000000,212.12000000,210.44000000,211.94000000,7801.18000000
1779973200000,2026-05-28T13:00:00+00:00,211.94000000,214.42000000,211.13000000,213.04000000,74804.92000000
1779976800000,2026-05-28T14:00:00+00:00,213.05000000,214.50000000,211.53000000,212.35000000,69437.55000000
1779980400000,2026-05-28T15:00:00+00:00,212.36000000,213.36000000,212.02000000,212.33000000,36193.95000000
1779984000000,2026-05-28T16:00:00+00:00,212.35000000,213.98000000,212.20000000,213.73000000,19879.22000000
1779987600000,2026-05-28T17:00:00+00:00,213.74000000,215.57000000,213.09000000,215.24000000,21516.99000000
1779991200000,2026-05-28T18:00:00+00:00,215.25000000,215.52000000,214.37000000,214.49000000,13347.17000000
1779994800000,2026-05-28T19:00:00+00:00,214.49000000,214.65000000,213.92000000,214.34000000,6651.09000000
1779998400000,2026-05-28T20:00:00+00:00,214.34000000,214.72000000,213.91000000,214.00000000,16714.51000000
1780002000000,2026-05-28T21:00:00+00:00,213.99000000,214.62000000,213.88000000,214.29000000,1725.73000000
1780005600000,2026-05-28T22:00:00+00:00,214.29000000,214.51000000,214.10000000,214.22000000,1889.64000000
1780009200000,2026-05-28T23:00:00+00:00,214.22000000,214.52000000,214.15000000,214.25000000,2037.84000000
1780012800000,2026-05-29T00:00:00+00:00,214.24000000,214.46000000,214.02000000,214.10000000,4257.28000000
1780016400000,2026-05-29T01:00:00+00:00,214.09000000,214.20000000,213.63000000,214.12000000,2092.35000000
1780020000000,2026-05-29T02:00:00+00:00,214.12000000,214.27000000,213.72000000,213.80000000,1941.80000000
1780023600000,2026-05-29T03:00:00+00:00,213.79000000,214.27000000,213.78000000,214.16000000,1759.65000000
1780027200000,2026-05-29T04:00:00+00:00,214.16000000,214.92000000,214.16000000,214.89000000,2152.00000000
1780030800000,2026-05-29T05:00:00+00:00,214.88000000,215.61000000,214.87000000,215.28000000,5131.92000000
1780034400000,2026-05-29T06:00:00+00:00,215.30000000,215.66000000,215.27000000,215.64000000,5389.53000000
1780038000000,2026-05-29T07:00:00+00:00,215.63000000,215.79000000,215.20000000,215.54000000,8167.83000000
1780041600000,2026-05-29T08:00:00+00:00,215.55000000,215.60000000,214.78000000,214.92000000,8007.71000000
1780045200000,2026-05-29T09:00:00+00:00,214.95000000,215.28000000,214.91000000,215.00000000,4590.49000000
1780048800000,2026-05-29T10:00:00+00:00,215.01000000,215.22000000,214.80000000,215.11000000,4367.24000000
1780052400000,2026-05-29T11:00:00+00:00,215.09000000,215.75000000,215.09000000,215.34000000,7262.31000000
1780056000000,2026-05-29T12:00:00+00:00,215.32000000,215.46000000,214.90000000,215.17000000,10894.08000000
1780059600000,2026-05-29T13:00:00+00:00,215.17000000,217.41000000,213.06000000,217.38000000,101892.23000000
1780063200000,2026-05-29T14:00:00+00:00,217.37000000,217.57000000,214.48000000,215.35000000,64813.25000000
1780066800000,2026-05-29T15:00:00+00:00,215.35000000,217.06000000,214.86000000,215.06000000,30945.37000000
1780070400000,2026-05-29T16:00:00+00:00,215.07000000,217.62000000,215.07000000,216.69000000,25197.36000000
1780074000000,2026-05-29T17:00:00+00:00,216.70000000,217.13000000,215.62000000,215.64000000,14931.19000000
1780077600000,2026-05-29T18:00:00+00:00,215.66000000,217.50000000,215.45000000,216.78000000,21687.41000000
1780081200000,2026-05-29T19:00:00+00:00,216.77000000,217.80000000,211.48000000,211.61000000,74344.02000000
1780084800000,2026-05-29T20:00:00+00:00,211.60000000,213.07000000,211.49000000,212.74000000,30767.80000000
1780088400000,2026-05-29T21:00:00+00:00,212.74000000,213.03000000,212.52000000,212.60000000,4648.53000000
1780092000000,2026-05-29T22:00:00+00:00,212.59000000,213.15000000,212.59000000,213.15000000,1259.99000000
1780095600000,2026-05-29T23:00:00+00:00,213.14000000,213.14000000,212.51000000,212.63000000,2993.19000000
1780099200000,2026-05-30T00:00:00+00:00,212.63000000,212.87000000,212.22000000,212.83000000,3535.54000000
1780102800000,2026-05-30T01:00:00+00:00,212.83000000,213.19000000,212.65000000,212.96000000,3531.97000000
1780106400000,2026-05-30T02:00:00+00:00,212.97000000,213.56000000,212.97000000,213.50000000,2626.68000000
1780110000000,2026-05-30T03:00:00+00:00,213.51000000,213.81000000,213.47000000,213.66000000,2227.66000000
1780113600000,2026-05-30T04:00:00+00:00,213.66000000,214.00000000,213.53000000,213.99000000,3111.77000000
1780117200000,2026-05-30T05:00:00+00:00,213.99000000,214.51000000,213.98000000,214.47000000,2295.73000000
1780120800000,2026-05-30T06:00:00+00:00,214.47000000,214.67000000,214.03000000,214.40000000,5718.21000000
1780124400000,2026-05-30T07:00:00+00:00,214.41000000,214.91000000,214.18000000,214.74000000,2851.29000000
1780128000000,2026-05-30T08:00:00+00:00,214.73000000,214.96000000,214.69000000,214.79000000,3029.81000000
1780131600000,2026-05-30T09:00:00+00:00,214.78000000,214.93000000,214.67000000,214.68000000,1406.58000000
1780135200000,2026-05-30T10:00:00+00:00,214.68000000,214.88000000,214.21000000,214.53000000,4705.26000000
1780138800000,2026-05-30T11:00:00+00:00,214.53000000,214.85000000,214.53000000,214.85000000,843.27000000
1780142400000,2026-05-30T12:00:00+00:00,214.85000000,215.27000000,214.83000000,215.27000000,2192.38000000
1780146000000,2026-05-30T13:00:00+00:00,215.27000000,215.75000000,215.27000000,215.62000000,4171.44000000
1780149600000,2026-05-30T14:00:00+00:00,215.63000000,215.80000000,215.42000000,215.57000000,2856.78000000
1780153200000,2026-05-30T15:00:00+00:00,215.57000000,215.80000000,215.44000000,215.51000000,2996.50000000
1780156800000,2026-05-30T16:00:00+00:00,215.51000000,215.76000000,215.45000000,215.62000000,3297.03000000
1780160400000,2026-05-30T17:00:00+00:00,215.62000000,215.64000000,215.45000000,215.47000000,1432.70000000
1780164000000,2026-05-30T18:00:00+00:00,215.46000000,215.68000000,215.45000000,215.65000000,1039.72000000
1780167600000,2026-05-30T19:00:00+00:00,215.65000000,215.98000000,215.60000000,215.95000000,2142.38000000
1780171200000,2026-05-30T20:00:00+00:00,215.96000000,216.15000000,215.90000000,216.10000000,816.68000000
1780174800000,2026-05-30T21:00:00+00:00,216.10000000,216.27000000,216.05000000,216.16000000,1023.90000000
1780178400000,2026-05-30T22:00:00+00:00,216.17000000,216.45000000,216.15000000,216.20000000,1167.31000000
1780182000000,2026-05-30T23:00:00+00:00,216.20000000,216.50000000,216.17000000,216.42000000,710.20000000
1780185600000,2026-05-31T00:00:00+00:00,216.43000000,216.97000000,216.43000000,216.86000000,3039.14000000
1780189200000,2026-05-31T01:00:00+00:00,216.87000000,217.03000000,216.62000000,216.89000000,1557.45000000
1780192800000,2026-05-31T02:00:00+00:00,216.90000000,216.90000000,216.17000000,216.54000000,1579.54000000
1780196400000,2026-05-31T03:00:00+00:00,216.58000000,216.60000000,216.10000000,216.36000000,2019.16000000
1780200000000,2026-05-31T04:00:00+00:00,216.36000000,216.75000000,216.28000000,216.64000000,2480.44000000
1780203600000,2026-05-31T05:00:00+00:00,216.64000000,217.17000000,216.53000000,217.08000000,2418.53000000
1780207200000,2026-05-31T06:00:00+00:00,217.08000000,217.29000000,216.92000000,217.27000000,2337.22000000
1780210800000,2026-05-31T07:00:00+00:00,217.28000000,217.97000000,217.20000000,217.74000000,4546.11000000
1780214400000,2026-05-31T08:00:00+00:00,217.73000000,217.95000000,217.21000000,217.30000000,5243.34000000
1780218000000,2026-05-31T09:00:00+00:00,217.30000000,217.75000000,217.15000000,217.30000000,2986.65000000
1780221600000,2026-05-31T10:00:00+00:00,217.31000000,217.37000000,216.25000000,216.31000000,4098.90000000
1780225200000,2026-05-31T11:00:00+00:00,216.32000000,217.21000000,216.31000000,217.05000000,3766.75000000
1780228800000,2026-05-31T12:00:00+00:00,217.05000000,217.31000000,216.86000000,216.86000000,2845.85000000
1780232400000,2026-05-31T13:00:00+00:00,216.87000000,216.93000000,215.65000000,215.73000000,7230.23000000
1780236000000,2026-05-31T14:00:00+00:00,215.74000000,216.21000000,215.06000000,216.14000000,5356.54000000
1780239600000,2026-05-31T15:00:00+00:00,216.16000000,217.16000000,216.15000000,216.62000000,9288.78000000
1780243200000,2026-05-31T16:00:00+00:00,216.62000000,217.10000000,216.62000000,217.10000000,3888.88000000
1780246800000,2026-05-31T17:00:00+00:00,217.09000000,217.29000000,216.90000000,217.29000000,1618.08000000
1780250400000,2026-05-31T18:00:00+00:00,217.28000000,217.30000000,216.49000000,216.71000000,6953.01000000
1780254000000,2026-05-31T19:00:00+00:00,216.71000000,216.97000000,216.52000000,216.59000000,3262.42000000
1780257600000,2026-05-31T20:00:00+00:00,216.59000000,216.70000000,214.50000000,215.49000000,13482.59000000
1780261200000,2026-05-31T21:00:00+00:00,215.48000000,216.07000000,215.46000000,216.03000000,1046.57000000
1780264800000,2026-05-31T22:00:00+00:00,216.01000000,216.03000000,214.80000000,215.34000000,4724.64000000
1780268400000,2026-05-31T23:00:00+00:00,215.35000000,216.34000000,215.32000000,216.20000000,4896.66000000
1780272000000,2026-06-01T00:00:00+00:00,216.19000000,216.25000000,214.44000000,215.78000000,26077.85000000
1780275600000,2026-06-01T01:00:00+00:00,215.79000000,215.79000000,214.87000000,215.16000000,15872.57000000
1780279200000,2026-06-01T02:00:00+00:00,215.16000000,215.65000000,214.97000000,215.39000000,12175.64000000
1780282800000,2026-06-01T03:00:00+00:00,215.39000000,216.17000000,215.20000000,216.14000000,12932.43000000
1780286400000,2026-06-01T04:00:00+00:00,216.15000000,217.64000000,216.13000000,217.25000000,29355.96000000
1780290000000,2026-06-01T05:00:00+00:00,217.25000000,217.30000000,216.29000000,216.70000000,16927.49000000
1780293600000,2026-06-01T06:00:00+00:00,216.72000000,216.78000000,215.41000000,216.08000000,10704.63000000
1780297200000,2026-06-01T07:00:00+00:00,216.07000000,216.65000000,215.78000000,216.19000000,7982.57000000
1780300800000,2026-06-01T08:00:00+00:00,216.17000000,216.17000000,214.54000000,215.53000000,22294.21000000
1780304400000,2026-06-01T09:00:00+00:00,215.56000000,215.95000000,214.67000000,214.83000000,9497.62000000
1780308000000,2026-06-01T10:00:00+00:00,214.84000000,216.54000000,214.70000000,216.22000000,12471.05000000
1780311600000,2026-06-01T11:00:00+00:00,216.22000000,217.04000000,215.67000000,216.00000000,14558.91000000
1780315200000,2026-06-01T12:00:00+00:00,216.00000000,216.60000000,215.84000000,216.29000000,7572.65000000
1780318800000,2026-06-01T13:00:00+00:00,216.29000000,220.86000000,215.17000000,219.16000000,169026.11000000
1780322400000,2026-06-01T14:00:00+00:00,219.14000000,222.25000000,218.55000000,219.67000000,122234.46000000
1780326000000,2026-06-01T15:00:00+00:00,219.68000000,220.68000000,219.05000000,219.70000000,42522.25000000
1780329600000,2026-06-01T16:00:00+00:00,219.70000000,222.47000000,219.66000000,222.18000000,50457.54000000
1780333200000,2026-06-01T17:00:00+00:00,222.19000000,224.23000000,221.44000000,223.72000000,40609.23000000
1780336800000,2026-06-01T18:00:00+00:00,223.74000000,225.00000000,223.29000000,224.24000000,38230.07000000
1780340400000,2026-06-01T19:00:00+00:00,224.23000000,225.07000000,222.66000000,224.47000000,25843.03000000
1780344000000,2026-06-01T20:00:00+00:00,224.47000000,225.00000000,224.26000000,224.53000000,6927.02000000
1780347600000,2026-06-01T21:00:00+00:00,224.53000000,225.08000000,224.09000000,225.02000000,10455.10000000
1780351200000,2026-06-01T22:00:00+00:00,225.03000000,225.03000000,223.68000000,224.15000000,8112.65000000
1780354800000,2026-06-01T23:00:00+00:00,224.16000000,224.37000000,223.84000000,224.11000000,4849.91000000
1780358400000,2026-06-02T00:00:00+00:00,224.10000000,224.29000000,220.91000000,221.56000000,24024.81000000
1780362000000,2026-06-02T01:00:00+00:00,221.57000000,223.00000000,221.57000000,222.25000000,13888.86000000
1780365600000,2026-06-02T02:00:00+00:00,222.26000000,223.22000000,221.85000000,223.02000000,9650.32000000
1780369200000,2026-06-02T03:00:00+00:00,223.02000000,223.13000000,222.41000000,222.68000000,4768.32000000
1780372800000,2026-06-02T04:00:00+00:00,222.68000000,225.86000000,222.62000000,225.24000000,50208.02000000
1780376400000,2026-06-02T05:00:00+00:00,225.23000000,225.97000000,224.95000000,225.40000000,25791.00000000
1780380000000,2026-06-02T06:00:00+00:00,225.37000000,226.60000000,225.00000000,226.49000000,12960.00000000
1780383600000,2026-06-02T07:00:00+00:00,226.48000000,226.63000000,225.19000000,225.37000000,16186.44000000
1780387200000,2026-06-02T08:00:00+00:00,225.38000000,227.98000000,225.36000000,227.27000000,45762.22000000
1780390800000,2026-06-02T09:00:00+00:00,227.27000000,229.28000000,226.83000000,228.77000000,23327.60000000
1780394400000,2026-06-02T10:00:00+00:00,228.75000000,229.54000000,227.47000000,227.47000000,19015.26000000
1780398000000,2026-06-02T11:00:00+00:00,227.47000000,228.79000000,226.88000000,227.48000000,19466.02000000
1780401600000,2026-06-02T12:00:00+00:00,227.50000000,227.70000000,226.59000000,227.05000000,15031.13000000
1780405200000,2026-06-02T13:00:00+00:00,227.06000000,232.40000000,225.27000000,231.65000000,176361.31000000
1780408800000,2026-06-02T14:00:00+00:00,231.65000000,231.98000000,225.43000000,226.23000000,146489.46000000
1780412400000,2026-06-02T15:00:00+00:00,226.23000000,227.19000000,224.79000000,225.51000000,83135.20000000
1780416000000,2026-06-02T16:00:00+00:00,225.51000000,226.04000000,224.20000000,225.30000000,36348.13000000
1780419600000,2026-06-02T17:00:00+00:00,225.29000000,225.68000000,222.64000000,223.22000000,35848.85000000
1780423200000,2026-06-02T18:00:00+00:00,223.21000000,223.70000000,222.01000000,222.86000000,30232.46000000
1780426800000,2026-06-02T19:00:00+00:00,222.86000000,223.65000000,221.46000000,222.94000000,19363.59000000
1780430400000,2026-06-02T20:00:00+00:00,222.93000000,223.59000000,222.63000000,223.05000000,8582.19000000
1780434000000,2026-06-02T21:00:00+00:00,223.04000000,223.14000000,222.38000000,222.58000000,3942.53000000
1780437600000,2026-06-02T22:00:00+00:00,222.57000000,222.71000000,221.54000000,221.68000000,9166.43000000
1780441200000,2026-06-02T23:00:00+00:00,221.69000000,221.94000000,220.69000000,221.91000000,11527.08000000
1780444800000,2026-06-03T00:00:00+00:00,221.90000000,222.36000000,221.26000000,221.38000000,7225.22000000
1780448400000,2026-06-03T01:00:00+00:00,221.40000000,221.98000000,220.93000000,221.94000000,5201.82000000
1780452000000,2026-06-03T02:00:00+00:00,221.93000000,221.99000000,221.37000000,221.60000000,3622.90000000
1780455600000,2026-06-03T03:00:00+00:00,221.60000000,221.79000000,221.26000000,221.76000000,6251.46000000
1780459200000,2026-06-03T04:00:00+00:00,221.76000000,222.99000000,221.73000000,222.57000000,14542.97000000
1780462800000,2026-06-03T05:00:00+00:00,222.55000000,223.62000000,222.24000000,222.74000000,8434.02000000
1780466400000,2026-06-03T06:00:00+00:00,222.74000000,223.28000000,222.35000000,222.69000000,4016.46000000
1780470000000,2026-06-03T07:00:00+00:00,222.70000000,223.28000000,222.37000000,222.83000000,5426.62000000
1780473600000,2026-06-03T08:00:00+00:00,222.79000000,222.96000000,221.77000000,221.86000000,13816.47000000
1780477200000,2026-06-03T09:00:00+00:00,221.86000000,222.07000000,221.00000000,221.26000000,13427.58000000
1780480800000,2026-06-03T10:00:00+00:00,221.28000000,222.15000000,220.95000000,221.57000000,11297.50000000
1780484400000,2026-06-03T11:00:00+00:00,221.58000000,224.35000000,221.58000000,224.16000000,12012.85000000
1780488000000,2026-06-03T12:00:00+00:00,224.16000000,224.59000000,222.43000000,222.74000000,17511.31000000
1780491600000,2026-06-03T13:00:00+00:00,222.76000000,223.34000000,216.12000000,217.35000000,136454.06000000
1780495200000,2026-06-03T14:00:00+00:00,217.34000000,217.73000000,214.81000000,215.99000000,69604.79000000
1780498800000,2026-06-03T15:00:00+00:00,215.99000000,217.61000000,215.91000000,216.98000000,40033.32000000
1780502400000,2026-06-03T16:00:00+00:00,216.99000000,217.26000000,214.90000000,216.18000000,22556.56000000
1780506000000,2026-06-03T17:00:00+00:00,216.18000000,216.20000000,215.27000000,215.72000000,10992.93000000
1780509600000,2026-06-03T18:00:00+00:00,215.74000000,216.22000000,215.33000000,216.20000000,13783.20000000
1780513200000,2026-06-03T19:00:00+00:00,216.20000000,216.32000000,214.73000000,215.00000000,21846.41000000
1780516800000,2026-06-03T20:00:00+00:00,215.03000000,215.31000000,214.60000000,215.05000000,11710.52000000
1780520400000,2026-06-03T21:00:00+00:00,215.06000000,215.53000000,213.12000000,214.45000000,16333.05000000
1780524000000,2026-06-03T22:00:00+00:00,214.45000000,214.82000000,213.12000000,213.64000000,7594.71000000
1780527600000,2026-06-03T23:00:00+00:00,213.65000000,214.45000000,213.00000000,214.27000000,8988.98000000
1780531200000,2026-06-04T00:00:00+00:00,214.28000000,215.45000000,214.00000000,215.23000000,17361.37000000
1780534800000,2026-06-04T01:00:00+00:00,215.24000000,215.56000000,213.81000000,214.16000000,7803.67000000
1780538400000,2026-06-04T02:00:00+00:00,214.17000000,214.54000000,213.14000000,214.30000000,11933.62000000
1780542000000,2026-06-04T03:00:00+00:00,214.29000000,215.42000000,214.27000000,215.42000000,4736.03000000
1780545600000,2026-06-04T04:00:00+00:00,215.42000000,215.74000000,214.43000000,214.97000000,18388.07000000
1780549200000,2026-06-04T05:00:00+00:00,214.96000000,215.07000000,214.61000000,215.05000000,5699.35000000
1780552800000,2026-06-04T06:00:00+00:00,215.06000000,215.45000000,214.94000000,215.43000000,5389.23000000
1780556400000,2026-06-04T07:00:00+00:00,215.44000000,215.70000000,215.22000000,215.70000000,5825.74000000
1780560000000,2026-06-04T08:00:00+00:00,215.66000000,215.73000000,213.27000000,213.53000000,17418.04000000
1780563600000,2026-06-04T09:00:00+00:00,213.51000000,213.52000000,211.54000000,213.05000000,31544.52000000
1780567200000,2026-06-04T10:00:00+00:00,213.06000000,213.23000000,212.24000000,212.78000000,11816.45000000
1780570800000,2026-06-04T11:00:00+00:00,212.78000000,212.88000000,211.49000000,212.26000000,12883.21000000
1780574400000,2026-06-04T12:00:00+00:00,212.26000000,213.58000000,211.86000000,213.36000000,14938.09000000
1780578000000,2026-06-04T13:00:00+00:00,213.36000000,215.85000000,212.27000000,212.47000000,112847.11000000
1780581600000,2026-06-04T14:00:00+00:00,212.46000000,215.49000000,211.02000000,215.48000000,51842.73000000
1780585200000,2026-06-04T15:00:00+00:00,215.47000000,217.95000000,215.27000000,217.73000000,52117.63000000
1780588800000,2026-06-04T16:00:00+00:00,217.74000000,219.07000000,217.34000000,218.36000000,26929.84000000
1780592400000,2026-06-04T17:00:00+00:00,218.36000000,219.93000000,218.13000000,219.86000000,28061.99000000
1780596000000,2026-06-04T18:00:00+00:00,219.87000000,220.96000000,219.86000000,220.54000000,28990.38000000
1780599600000,2026-06-04T19:00:00+00:00,220.54000000,221.63000000,218.62000000,218.73000000,26017.10000000
1780603200000,2026-06-04T20:00:00+00:00,218.74000000,218.81000000,217.26000000,217.29000000,11160.89000000
1780606800000,2026-06-04T21:00:00+00:00,217.29000000,217.67000000,216.83000000,217.36000000,7885.25000000
1780610400000,2026-06-04T22:00:00+00:00,217.31000000,217.42000000,216.55000000,217.07000000,4879.67000000
1780614000000,2026-06-04T23:00:00+00:00,217.07000000,217.11000000,216.42000000,216.45000000,4458.05000000
1780617600000,2026-06-05T00:00:00+00:00,216.44000000,216.74000000,214.71000000,214.92000000,15815.25000000
1780621200000,2026-06-05T01:00:00+00:00,214.91000000,216.06000000,214.14000000,215.95000000,9906.00000000
1780624800000,2026-06-05T02:00:00+00:00,215.96000000,216.37000000,215.47000000,215.47000000,6764.78000000
1780628400000,2026-06-05T03:00:00+00:00,215.48000000,215.92000000,214.42000000,214.93000000,17066.53000000
1780632000000,2026-06-05T04:00:00+00:00,214.94000000,215.95000000,214.72000000,215.84000000,8405.97000000
1780635600000,2026-06-05T05:00:00+00:00,215.83000000,216.14000000,215.20000000,215.32000000,5477.26000000
1780639200000,2026-06-05T06:00:00+00:00,215.33000000,215.70000000,214.82000000,215.10000000,17767.65000000
1780642800000,2026-06-05T07:00:00+00:00,215.09000000,215.54000000,214.37000000,215.46000000,9140.28000000
1780646400000,2026-06-05T08:00:00+00:00,215.47000000,216.33000000,214.97000000,215.48000000,14440.05000000
1780650000000,2026-06-05T09:00:00+00:00,215.48000000,216.53000000,215.43000000,216.10000000,9172.74000000
1780653600000,2026-06-05T10:00:00+00:00,216.10000000,216.40000000,215.87000000,215.95000000,3656.54000000
1780657200000,2026-06-05T11:00:00+00:00,215.94000000,216.23000000,215.46000000,215.51000000,4733.41000000
1780660800000,2026-06-05T12:00:00+00:00,215.50000000,215.78000000,214.62000000,214.70000000,11126.19000000
1780664400000,2026-06-05T13:00:00+00:00,214.70000000,215.15000000,211.96000000,211.96000000,70424.64000000
1780668000000,2026-06-05T14:00:00+00:00,211.97000000,212.99000000,210.62000000,210.92000000,83603.74000000
1780671600000,2026-06-05T15:00:00+00:00,210.92000000,211.05000000,207.56000000,209.45000000,58489.84000000
1780675200000,2026-06-05T16:00:00+00:00,209.43000000,209.43000000,206.76000000,208.31000000,49873.00000000
1780678800000,2026-06-05T17:00:00+00:00,208.31000000,209.18000000,207.00000000,208.11000000,31003.49000000
1780682400000,2026-06-05T18:00:00+00:00,208.13000000,208.22000000,204.80000000,206.05000000,55503.86000000
1780686000000,2026-06-05T19:00:00+00:00,206.01000000,206.85000000,204.41000000,205.30000000,35775.18000000
1780689600000,2026-06-05T20:00:00+00:00,205.31000000,205.57000000,204.12000000,205.16000000,29185.83000000
1780693200000,2026-06-05T21:00:00+00:00,205.15000000,205.82000000,205.03000000,205.79000000,6638.54000000
1780696800000,2026-06-05T22:00:00+00:00,205.80000000,206.06000000,204.99000000,205.25000000,12425.08000000
1780700400000,2026-06-05T23:00:00+00:00,205.24000000,205.29000000,203.56000000,203.93000000,18997.98000000
1780704000000,2026-06-06T00:00:00+00:00,203.93000000,205.63000000,203.86000000,205.28000000,6035.09000000
1780707600000,2026-06-06T01:00:00+00:00,205.28000000,205.43000000,201.03000000,201.37000000,19630.61000000
1780711200000,2026-06-06T02:00:00+00:00,201.39000000,203.09000000,200.74000000,201.88000000,25659.52000000
1780714800000,2026-06-06T03:00:00+00:00,201.89000000,202.73000000,201.71000000,202.70000000,5763.33000000
1780718400000,2026-06-06T04:00:00+00:00,202.70000000,203.05000000,200.00000000,200.70000000,15182.45000000
1780722000000,2026-06-06T05:00:00+00:00,200.70000000,202.47000000,200.28000000,202.29000000,12269.56000000
1780725600000,2026-06-06T06:00:00+00:00,202.27000000,203.00000000,202.17000000,202.44000000,5271.23000000
1780729200000,2026-06-06T07:00:00+00:00,202.43000000,202.65000000,200.59000000,201.09000000,10920.38000000
1780732800000,2026-06-06T08:00:00+00:00,201.09000000,202.43000000,200.84000000,202.13000000,6202.26000000
1780736400000,2026-06-06T09:00:00+00:00,202.12000000,203.84000000,202.10000000,203.52000000,8459.51000000
1780740000000,2026-06-06T10:00:00+00:00,203.50000000,203.72000000,202.36000000,203.17000000,7592.46000000
1780743600000,2026-06-06T11:00:00+00:00,203.19000000,204.27000000,203.18000000,203.53000000,7772.54000000
1780747200000,2026-06-06T12:00:00+00:00,203.52000000,204.99000000,203.42000000,204.93000000,6334.80000000
1780750800000,2026-06-06T13:00:00+00:00,204.93000000,205.36000000,204.84000000,205.31000000,4032.60000000
1780754400000,2026-06-06T14:00:00+00:00,205.32000000,205.38000000,204.77000000,204.78000000,2576.60000000
1780758000000,2026-06-06T15:00:00+00:00,204.78000000,204.87000000,204.08000000,204.32000000,3335.46000000
1780761600000,2026-06-06T16:00:00+00:00,204.31000000,205.37000000,204.27000000,205.36000000,2566.30000000
1780765200000,2026-06-06T17:00:00+00:00,205.35000000,205.49000000,204.35000000,204.45000000,2415.37000000
1780768800000,2026-06-06T18:00:00+00:00,204.45000000,204.76000000,204.26000000,204.72000000,1132.57000000
1780772400000,2026-06-06T19:00:00+00:00,204.72000000,205.69000000,204.71000000,205.65000000,949.87000000
1780776000000,2026-06-06T20:00:00+00:00,205.64000000,206.07000000,205.27000000,205.57000000,3523.75000000
1780779600000,2026-06-06T21:00:00+00:00,205.57000000,206.01000000,205.33000000,205.43000000,2071.35000000
1780783200000,2026-06-06T22:00:00+00:00,205.44000000,205.60000000,205.17000000,205.49000000,1812.08000000
1780786800000,2026-06-06T23:00:00+00:00,205.49000000,206.85000000,205.42000000,206.75000000,2690.97000000
1780790400000,2026-06-07T00:00:00+00:00,206.75000000,206.77000000,206.05000000,206.23000000,2571.94000000
1780794000000,2026-06-07T01:00:00+00:00,206.19000000,206.44000000,205.62000000,206.12000000,6042.86000000
1780797600000,2026-06-07T02:00:00+00:00,206.12000000,206.33000000,205.80000000,205.94000000,2775.51000000
1780801200000,2026-06-07T03:00:00+00:00,205.94000000,206.51000000,205.82000000,206.24000000,1964.83000000
1780804800000,2026-06-07T04:00:00+00:00,206.25000000,207.17000000,206.12000000,207.16000000,2586.10000000
1780808400000,2026-06-07T05:00:00+00:00,207.16000000,207.77000000,207.00000000,207.74000000,4937.86000000
1780812000000,2026-06-07T06:00:00+00:00,207.74000000,207.93000000,207.26000000,207.75000000,3415.43000000
1780815600000,2026-06-07T07:00:00+00:00,207.75000000,208.00000000,207.09000000,207.52000000,19738.94000000
1780819200000,2026-06-07T08:00:00+00:00,207.53000000,207.67000000,206.67000000,206.78000000,4828.53000000
1780822800000,2026-06-07T09:00:00+00:00,206.76000000,207.26000000,206.32000000,206.32000000,3827.98000000
1780826400000,2026-06-07T10:00:00+00:00,206.32000000,206.91000000,204.93000000,206.20000000,16122.87000000
1780830000000,2026-06-07T11:00:00+00:00,206.20000000,206.71000000,205.12000000,205.18000000,10364.37000000
1780833600000,2026-06-07T12:00:00+00:00,205.18000000,205.31000000,204.20000000,205.26000000,7999.80000000
1780837200000,2026-06-07T13:00:00+00:00,205.27000000,205.89000000,204.69000000,205.88000000,3266.63000000
1780840800000,2026-06-07T14:00:00+00:00,205.89000000,207.80000000,205.68000000,206.92000000,10956.99000000
1780844400000,2026-06-07T15:00:00+00:00,206.93000000,207.60000000,206.70000000,206.87000000,3679.69000000
1780848000000,2026-06-07T16:00:00+00:00,206.87000000,207.05000000,206.47000000,206.79000000,2703.71000000
1780851600000,2026-06-07T17:00:00+00:00,206.79000000,207.08000000,206.61000000,206.67000000,2409.49000000
1780855200000,2026-06-07T18:00:00+00:00,206.67000000,206.73000000,205.97000000,206.10000000,2120.72000000
1780858800000,2026-06-07T19:00:00+00:00,206.09000000,206.15000000,204.58000000,204.91000000,5798.46000000
1780862400000,2026-06-07T20:00:00+00:00,204.92000000,205.97000000,204.88000000,205.75000000,2608.56000000
1780866000000,2026-06-07T21:00:00+00:00,205.75000000,206.47000000,205.70000000,206.22000000,2389.89000000
1780869600000,2026-06-07T22:00:00+00:00,206.24000000,207.00000000,205.73000000,206.14000000,7075.35000000
1780873200000,2026-06-07T23:00:00+00:00,206.13000000,208.54000000,206.13000000,208.18000000,9375.53000000
1780876800000,2026-06-08T00:00:00+00:00,208.18000000,209.48000000,206.04000000,207.87000000,30993.91000000
1780880400000,2026-06-08T01:00:00+00:00,207.90000000,208.47000000,205.77000000,207.48000000,14118.56000000
1780884000000,2026-06-08T02:00:00+00:00,207.50000000,208.49000000,206.79000000,207.96000000,8536.53000000
1780887600000,2026-06-08T03:00:00+00:00,207.98000000,208.22000000,207.62000000,208.01000000,9006.77000000
1780891200000,2026-06-08T04:00:00+00:00,208.02000000,208.09000000,206.93000000,206.97000000,16971.74000000
1780894800000,2026-06-08T05:00:00+00:00,206.97000000,207.65000000,205.47000000,205.64000000,8673.04000000
1780898400000,2026-06-08T06:00:00+00:00,205.66000000,207.24000000,205.56000000,206.68000000,8441.61000000
1780902000000,2026-06-08T07:00:00+00:00,206.69000000,208.48000000,206.48000000,208.22000000,7223.24000000
1780905600000,2026-06-08T08:00:00+00:00,208.22000000,208.69000000,207.33000000,207.62000000,27786.01000000
1780909200000,2026-06-08T09:00:00+00:00,207.62000000,208.72000000,207.21000000,208.69000000,13450.15000000
1780912800000,2026-06-08T10:00:00+00:00,208.70000000,209.42000000,208.14000000,208.80000000,9036.23000000
1780916400000,2026-06-08T11:00:00+00:00,208.78000000,210.35000000,208.49000000,209.83000000,17740.07000000
1780920000000,2026-06-08T12:00:00+00:00,209.82000000,210.83000000,209.66000000,210.49000000,15265.98000000
1780923600000,2026-06-08T13:00:00+00:00,210.49000000,211.08000000,206.31000000,206.44000000,100946.79000000
1780927200000,2026-06-08T14:00:00+00:00,206.47000000,208.91000000,206.21000000,208.73000000,36572.69000000
1780930800000,2026-06-08T15:00:00+00:00,208.70000000,209.41000000,207.33000000,208.45000000,30157.40000000
1780934400000,2026-06-08T16:00:00+00:00,208.46000000,209.86000000,208.31000000,208.76000000,17155.24000000
1780938000000,2026-06-08T17:00:00+00:00,208.75000000,209.34000000,207.80000000,208.97000000,17252.97000000
1780941600000,2026-06-08T18:00:00+00:00,209.00000000,209.77000000,208.91000000,209.01000000,7148.45000000
1780945200000,2026-06-08T19:00:00+00:00,209.00000000,209.08000000,207.49000000,208.77000000,11296.56000000
1780948800000,2026-06-08T20:00:00+00:00,208.75000000,208.87000000,208.02000000,208.23000000,5155.77000000
1780952400000,2026-06-08T21:00:00+00:00,208.23000000,208.53000000,208.19000000,208.35000000,2614.82000000
1780956000000,2026-06-08T22:00:00+00:00,208.36000000,208.36000000,207.21000000,207.82000000,2650.06000000
1780959600000,2026-06-08T23:00:00+00:00,207.83000000,208.22000000,207.69000000,207.82000000,2001.68000000
1780963200000,2026-06-09T00:00:00+00:00,207.83000000,208.03000000,207.15000000,207.46000000,5884.05000000
1780966800000,2026-06-09T01:00:00+00:00,207.45000000,209.11000000,207.38000000,208.44000000,6134.51000000
1780970400000,2026-06-09T02:00:00+00:00,208.45000000,208.87000000,208.25000000,208.71000000,4290.63000000
1780974000000,2026-06-09T03:00:00+00:00,208.70000000,209.59000000,208.67000000,209.46000000,4562.99000000
1780977600000,2026-06-09T04:00:00+00:00,209.47000000,210.33000000,209.38000000,210.03000000,5870.46000000
1780981200000,2026-06-09T05:00:00+00:00,210.04000000,210.25000000,209.79000000,210.15000000,6416.39000000
1780984800000,2026-06-09T06:00:00+00:00,210.15000000,210.33000000,209.81000000,209.83000000,3477.26000000
1780988400000,2026-06-09T07:00:00+00:00,209.84000000,210.51000000,209.79000000,210.08000000,4609.77000000
1780992000000,2026-06-09T08:00:00+00:00,210.08000000,210.82000000,209.92000000,210.41000000,5698.63000000
1780995600000,2026-06-09T09:00:00+00:00,210.41000000,210.60000000,210.14000000,210.39000000,5175.17000000
1780999200000,2026-06-09T10:00:00+00:00,210.40000000,210.57000000,209.66000000,210.09000000,8038.09000000
1781002800000,2026-06-09T11:00:00+00:00,210.08000000,210.27000000,209.27000000,209.43000000,8235.31000000
1781006400000,2026-06-09T12:00:00+00:00,209.39000000,209.73000000,209.05000000,209.69000000,4320.92000000
1781010000000,2026-06-09T13:00:00+00:00,209.70000000,211.51000000,208.99000000,209.34000000,56415.76000000
1781013600000,2026-06-09T14:00:00+00:00,209.32000000,209.32000000,205.00000000,206.45000000,98279.74000000
1781017200000,2026-06-09T15:00:00+00:00,206.46000000,206.95000000,203.00000000,203.15000000,42172.42000000
1781020800000,2026-06-09T16:00:00+00:00,203.14000000,203.87000000,199.46000000,202.20000000,62683.48000000
1781024400000,2026-06-09T17:00:00+00:00,202.21000000,205.60000000,201.96000000,205.17000000,35373.34000000
1781028000000,2026-06-09T18:00:00+00:00,205.18000000,207.47000000,205.04000000,207.21000000,18416.26000000
1781031600000,2026-06-09T19:00:00+00:00,207.22000000,208.31000000,204.80000000,208.21000000,25853.39000000
1781035200000,2026-06-09T20:00:00+00:00,208.24000000,208.97000000,207.47000000,207.61000000,8525.65000000
1781038800000,2026-06-09T21:00:00+00:00,207.60000000,207.77000000,206.83000000,206.98000000,2497.51000000
1781042400000,2026-06-09T22:00:00+00:00,206.98000000,207.31000000,206.14000000,206.25000000,4794.60000000
1781046000000,2026-06-09T23:00:00+00:00,206.25000000,206.95000000,205.83000000,206.52000000,5111.87000000
1781049600000,2026-06-10T00:00:00+00:00,206.52000000,207.40000000,204.99000000,206.40000000,24659.45000000
1781053200000,2026-06-10T01:00:00+00:00,206.42000000,206.88000000,206.13000000,206.47000000,6793.12000000
1781056800000,2026-06-10T02:00:00+00:00,206.47000000,206.68000000,205.70000000,205.71000000,9157.98000000
1781060400000,2026-06-10T03:00:00+00:00,205.71000000,206.30000000,205.66000000,206.02000000,5533.40000000
1781064000000,2026-06-10T04:00:00+00:00,206.04000000,206.14000000,204.96000000,205.17000000,5880.62000000
1781067600000,2026-06-10T05:00:00+00:00,205.18000000,205.96000000,204.93000000,205.80000000,5665.77000000
1781071200000,2026-06-10T06:00:00+00:00,205.83000000,206.13000000,205.49000000,205.84000000,4693.41000000
1781074800000,2026-06-10T07:00:00+00:00,205.83000000,206.12000000,205.74000000,205.98000000,3953.73000000
1781078400000,2026-06-10T08:00:00+00:00,205.99000000,206.06000000,204.18000000,204.26000000,17199.05000000
1781082000000,2026-06-10T09:00:00+00:00,204.27000000,204.71000000,203.22000000,204.23000000,14680.48000000
1781085600000,2026-06-10T10:00:00+00:00,204.24000000,204.69000000,203.49000000,204.62000000,7499.08000000
1781089200000,2026-06-10T11:00:00+00:00,204.63000000,204.68000000,202.83000000,203.45000000,17394.04000000
1781092800000,2026-06-10T12:00:00+00:00,203.45000000,206.82000000,203.41000000,204.86000000,35632.50000000
1781096400000,2026-06-10T13:00:00+00:00,204.86000000,207.38000000,204.06000000,205.17000000,62443.25000000
1781100000000,2026-06-10T14:00:00+00:00,205.19000000,206.98000000,203.96000000,204.13000000,51047.27000000
1781103600000,2026-06-10T15:00:00+00:00,204.16000000,204.63000000,201.66000000,203.62000000,89697.05000000
1781107200000,2026-06-10T16:00:00+00:00,203.64000000,204.14000000,202.49000000,202.95000000,17063.32000000
1781110800000,2026-06-10T17:00:00+00:00,202.95000000,203.73000000,201.94000000,203.40000000,18287.57000000
1781114400000,2026-06-10T18:00:00+00:00,203.40000000,203.68000000,201.15000000,201.41000000,17397.51000000
1781118000000,2026-06-10T19:00:00+00:00,201.42000000,201.98000000,200.21000000,200.53000000,18659.87000000
1781121600000,2026-06-10T20:00:00+00:00,200.54000000,200.89000000,199.66000000,200.26000000,23570.30000000
1781125200000,2026-06-10T21:00:00+00:00,200.26000000,200.46000000,200.03000000,200.06000000,2987.31000000
1781128800000,2026-06-10T22:00:00+00:00,200.07000000,200.50000000,199.59000000,199.71000000,13981.07000000
1781132400000,2026-06-10T23:00:00+00:00,199.71000000,200.20000000,198.86000000,199.37000000,18955.41000000
1781136000000,2026-06-11T00:00:00+00:00,199.38000000,201.30000000,199.31000000,201.20000000,22575.33000000
1781139600000,2026-06-11T01:00:00+00:00,201.20000000,203.24000000,201.09000000,201.83000000,17950.22000000
1781143200000,2026-06-11T02:00:00+00:00,201.83000000,202.31000000,200.80000000,201.83000000,7089.98000000
1781146800000,2026-06-11T03:00:00+00:00,201.87000000,202.48000000,201.39000000,202.25000000,6500.82000000
1781150400000,2026-06-11T04:00:00+00:00,202.25000000,202.40000000,201.87000000,202.32000000,3607.41000000
1781154000000,2026-06-11T05:00:00+00:00,202.33000000,202.36000000,201.71000000,202.09000000,3057.44000000
1781157600000,2026-06-11T06:00:00+00:00,202.08000000,202.66000000,201.79000000,202.62000000,6357.25000000
1781161200000,2026-06-11T07:00:00+00:00,202.60000000,203.00000000,202.16000000,202.80000000,4333.23000000
1781164800000,2026-06-11T08:00:00+00:00,202.79000000,203.80000000,202.62000000,203.36000000,13286.47000000
1781168400000,2026-06-11T09:00:00+00:00,203.36000000,203.50000000,202.75000000,203.06000000,9117.47000000
1781172000000,2026-06-11T10:00:00+00:00,203.06000000,203.34000000,202.59000000,202.67000000,6544.06000000
1781175600000,2026-06-11T11:00:00+00:00,202.66000000,202.84000000,201.82000000,202.73000000,9967.87000000
1781179200000,2026-06-11T12:00:00+00:00,202.73000000,203.34000000,201.41000000,202.19000000,23492.18000000
1781182800000,2026-06-11T13:00:00+00:00,202.20000000,203.77000000,201.26000000,202.96000000,74949.38000000
1781186400000,2026-06-11T14:00:00+00:00,202.99000000,203.85000000,200.08000000,200.38000000,70841.78000000
1781190000000,2026-06-11T15:00:00+00:00,200.38000000,201.95000000,199.68000000,201.43000000,26751.71000000
1781193600000,2026-06-11T16:00:00+00:00,201.44000000,202.22000000,200.55000000,200.57000000,14872.41000000
1781197200000,2026-06-11T17:00:00+00:00,200.55000000,204.59000000,199.90000000,203.16000000,68325.34000000
1781200800000,2026-06-11T18:00:00+00:00,203.15000000,203.34000000,201.78000000,202.99000000,22030.52000000
1781204400000,2026-06-11T19:00:00+00:00,202.98000000,205.82000000,202.25000000,204.90000000,31133.10000000
1781208000000,2026-06-11T20:00:00+00:00,204.89000000,205.39000000,204.72000000,205.29000000,8154.92000000
1781211600000,2026-06-11T21:00:00+00:00,205.28000000,205.31000000,204.93000000,205.15000000,4258.92000000
1781215200000,2026-06-11T22:00:00+00:00,205.14000000,206.43000000,205.09000000,206.03000000,6215.04000000
1781218800000,2026-06-11T23:00:00+00:00,206.03000000,206.21000000,205.56000000,205.99000000,6331.91000000
1781222400000,2026-06-12T00:00:00+00:00,206.00000000,206.98000000,205.84000000,206.45000000,8029.87000000
1781226000000,2026-06-12T01:00:00+00:00,206.45000000,206.58000000,205.55000000,206.02000000,8559.51000000
1781229600000,2026-06-12T02:00:00+00:00,206.01000000,206.23000000,205.65000000,205.89000000,3154.62000000
1781233200000,2026-06-12T03:00:00+00:00,205.89000000,206.03000000,205.42000000,205.63000000,5293.53000000
1781236800000,2026-06-12T04:00:00+00:00,205.63000000,205.86000000,205.50000000,205.71000000,1335.78000000
