open_time_ms,open_time_iso,open,high,low,close,volume
1772611200000,2026-03-04T08:00:00+00:00,664.86000000,664.86000000,638.96000000,652.01000000,16.02000000
1772614800000,2026-03-04T09:00:00+00:00,651.75000000,655.22000000,639.00000000,655.22000000,8.92000000
1772618400000,2026-03-04T10:00:00+00:00,655.22000000,664.35000000,645.00000000,656.01000000,55.18000000
1772622000000,2026-03-04T11:00:00+00:00,656.63000000,662.70000000,643.80000000,656.65000000,400.03000000
1772625600000,2026-03-04T12:00:00+00:00,656.65000000,657.59000000,652.77000000,654.50000000,53.45000000
1772629200000,2026-03-04T13:00:00+00:00,654.75000000,662.31000000,654.75000000,658.62000000,76.86000000
1772632800000,2026-03-04T14:00:00+00:00,658.62000000,665.91000000,657.28000000,665.89000000,12.01000000
1772636400000,2026-03-04T15:00:00+00:00,666.83000000,672.12000000,665.76000000,671.27000000,16.22000000
1772640000000,2026-03-04T16:00:00+00:00,671.02000000,672.52000000,669.56000000,669.96000000,15.30000000
1772643600000,2026-03-04T17:00:00+00:00,669.54000000,670.82000000,666.31000000,666.81000000,8.52000000
1772647200000,2026-03-04T18:00:00+00:00,667.61000000,668.92000000,666.57000000,666.73000000,7.57000000
1772650800000,2026-03-04T19:00:00+00:00,667.60000000,670.90000000,667.57000000,668.97000000,4.33000000
1772654400000,2026-03-04T20:00:00+00:00,668.47000000,669.28000000,665.47000000,667.63000000,3.59000000
1772658000000,2026-03-04T21:00:00+00:00,667.76000000,676.22000000,659.63000000,667.32000000,26.39000000
1772661600000,2026-03-04T22:00:00+00:00,669.35000000,679.10000000,660.23000000,666.38000000,17.03000000
1772665200000,2026-03-04T23:00:00+00:00,666.98000000,670.73000000,664.02000000,666.77000000,6.72000000
1772668800000,2026-03-05T00:00:00+00:00,666.25000000,670.87000000,660.87000000,667.27000000,7.69000000
1772672400000,2026-03-05T01:00:00+00:00,669.07000000,679.81000000,652.91000000,663.75000000,828.97000000
1772676000000,2026-03-05T02:00:00+00:00,668.14000000,669.37000000,663.66000000,666.27000000,6.24000000
1772679600000,2026-03-05T03:00:00+00:00,668.79000000,669.17000000,663.17000000,663.44000000,44.24000000
1772683200000,2026-03-05T04:00:00+00:00,666.25000000,670.95000000,663.06000000,665.71000000,72.81000000
1772686800000,2026-03-05T05:00:00+00:00,665.72000000,667.04000000,663.84000000,663.84000000,22.94000000
1772690400000,2026-03-05T06:00:00+00:00,663.69000000,664.38000000,662.39000000,664.38000000,39.40000000
1772694000000,2026-03-05T07:00:00+00:00,664.02000000,665.66000000,663.41000000,664.32000000,4.85000000
1772697600000,2026-03-05T08:00:00+00:00,665.14000000,665.14000000,657.82000000,660.52000000,64.62000000
1772701200000,2026-03-05T09:00:00+00:00,660.88000000,664.48000000,660.65000000,662.14000000,100.58000000
1772704800000,2026-03-05T10:00:00+00:00,661.91000000,664.40000000,661.79000000,663.20000000,76.04000000
1772708400000,2026-03-05T11:00:00+00:00,663.20000000,664.35000000,662.40000000,663.17000000,30.58000000
1772712000000,2026-03-05T12:00:00+00:00,663.07000000,665.17000000,662.11000000,663.71000000,47.49000000
1772715600000,2026-03-05T13:00:00+00:00,664.01000000,664.15000000,661.98000000,661.98000000,29.15000000
1772719200000,2026-03-05T14:00:00+00:00,662.05000000,668.39000000,652.90000000,668.16000000,124.07000000
1772722800000,2026-03-05T15:00:00+00:00,668.36000000,670.57000000,659.72000000,661.01000000,73.12000000
1772726400000,2026-03-05T16:00:00+00:00,661.16000000,661.57000000,656.59000000,659.11000000,17.95000000
1772730000000,2026-03-05T17:00:00+00:00,660.14000000,661.89000000,652.80000000,652.89000000,8.30000000
1772733600000,2026-03-05T18:00:00+00:00,652.81000000,655.10000000,650.91000000,652.24000000,12.72000000
1772737200000,2026-03-05T19:00:00+00:00,652.93000000,656.43000000,651.70000000,655.82000000,6.23000000
1772740800000,2026-03-05T20:00:00+00:00,656.59000000,661.11000000,655.77000000,661.07000000,48.36000000
1772744400000,2026-03-05T21:00:00+00:00,660.82000000,660.82000000,658.52000000,659.87000000,2.20000000
1772748000000,2026-03-05T22:00:00+00:00,659.20000000,659.94000000,658.42000000,659.33000000,24.43000000
1772751600000,2026-03-05T23:00:00+00:00,660.41000000,660.77000000,660.01000000,660.01000000,2.81000000
1772755200000,2026-03-06T00:00:00+00:00,660.48000000,661.87000000,660.30000000,661.23000000,5.29000000
1772758800000,2026-03-06T01:00:00+00:00,660.66000000,661.59000000,659.79000000,661.59000000,40.87000000
1772762400000,2026-03-06T02:00:00+00:00,660.99000000,662.73000000,660.99000000,661.62000000,5.90000000
1772766000000,2026-03-06T03:00:00+00:00,661.87000000,664.23000000,661.63000000,663.42000000,1.59000000
1772769600000,2026-03-06T04:00:00+00:00,662.59000000,663.54000000,662.59000000,662.72000000,1.32000000
1772773200000,2026-03-06T05:00:00+00:00,663.33000000,663.50000000,662.74000000,663.50000000,0.32000000
1772776800000,2026-03-06T06:00:00+00:00,663.48000000,663.91000000,663.23000000,663.91000000,12.05000000
1772780400000,2026-03-06T07:00:00+00:00,662.85000000,663.17000000,661.96000000,662.91000000,4.59000000
1772784000000,2026-03-06T08:00:00+00:00,661.73000000,661.87000000,660.41000000,660.93000000,13.03000000
1772787600000,2026-03-06T09:00:00+00:00,660.71000000,661.08000000,657.98000000,658.49000000,9.90000000
1772791200000,2026-03-06T10:00:00+00:00,658.79000000,659.62000000,658.33000000,658.33000000,13.97000000
1772794800000,2026-03-06T11:00:00+00:00,658.45000000,658.90000000,656.43000000,657.03000000,4.49000000
1772798400000,2026-03-06T12:00:00+00:00,656.53000000,658.29000000,655.72000000,655.89000000,31.51000000
1772802000000,2026-03-06T13:00:00+00:00,656.01000000,657.37000000,649.31000000,649.33000000,21.45000000
1772805600000,2026-03-06T14:00:00+00:00,649.65000000,651.22000000,636.83000000,640.66000000,75.09000000
1772809200000,2026-03-06T15:00:00+00:00,641.01000000,649.59000000,641.01000000,649.59000000,5.66000000
1772812800000,2026-03-06T16:00:00+00:00,649.06000000,649.37000000,646.34000000,648.25000000,9.51000000
1772816400000,2026-03-06T17:00:00+00:00,647.87000000,648.82000000,644.99000000,645.07000000,4.97000000
1772820000000,2026-03-06T18:00:00+00:00,645.89000000,647.29000000,645.54000000,646.04000000,1.72000000
1772823600000,2026-03-06T19:00:00+00:00,646.26000000,646.67000000,645.73000000,645.89000000,1.66000000
1772827200000,2026-03-06T20:00:00+00:00,644.54000000,646.63000000,642.11000000,644.99000000,13.04000000
1772830800000,2026-03-06T21:00:00+00:00,644.83000000,644.83000000,643.12000000,643.12000000,0.96000000
1772834400000,2026-03-06T22:00:00+00:00,643.24000000,643.34000000,642.66000000,643.01000000,1.24000000
1772838000000,2026-03-06T23:00:00+00:00,642.97000000,644.75000000,642.67000000,643.42000000,6.20000000
1772841600000,2026-03-07T00:00:00+00:00,643.47000000,643.47000000,641.65000000,641.65000000,4.82000000
1772845200000,2026-03-07T01:00:00+00:00,641.43000000,642.48000000,641.43000000,642.48000000,0.65000000
1772848800000,2026-03-07T02:00:00+00:00,642.48000000,642.48000000,642.48000000,642.48000000,0.00000000
1772852400000,2026-03-07T03:00:00+00:00,642.30000000,642.40000000,642.30000000,642.40000000,1.07000000
1772856000000,2026-03-07T04:00:00+00:00,641.37000000,641.37000000,641.16000000,641.16000000,0.10000000
1772859600000,2026-03-07T05:00:00+00:00,641.19000000,642.49000000,641.18000000,642.00000000,2.60000000
1772863200000,2026-03-07T06:00:00+00:00,641.46000000,641.46000000,641.46000000,641.46000000,0.01000000
1772866800000,2026-03-07T07:00:00+00:00,641.46000000,641.46000000,640.55000000,640.55000000,1.70000000
1772870400000,2026-03-07T08:00:00+00:00,641.61000000,641.93000000,640.48000000,641.41000000,5.40000000
1772874000000,2026-03-07T09:00:00+00:00,641.81000000,641.81000000,641.20000000,641.20000000,0.19000000
1772877600000,2026-03-07T10:00:00+00:00,641.19000000,641.75000000,641.18000000,641.75000000,1.90000000
1772881200000,2026-03-07T11:00:00+00:00,641.39000000,641.39000000,641.38000000,641.38000000,2.09000000
1772884800000,2026-03-07T12:00:00+00:00,641.75000000,641.75000000,641.75000000,641.75000000,0.49000000
1772888400000,2026-03-07T13:00:00+00:00,641.08000000,641.40000000,640.75000000,641.01000000,3.69000000
1772892000000,2026-03-07T14:00:00+00:00,640.48000000,641.75000000,640.21000000,641.45000000,6.35000000
1772895600000,2026-03-07T15:00:00+00:00,640.50000000,641.41000000,640.05000000,641.41000000,3.41000000
1772899200000,2026-03-07T16:00:00+00:00,641.29000000,641.29000000,640.15000000,640.43000000,1.77000000
1772902800000,2026-03-07T17:00:00+00:00,640.39000000,640.39000000,640.39000000,640.39000000,0.20000000
1772906400000,2026-03-07T18:00:00+00:00,640.38000000,641.27000000,640.23000000,640.71000000,4.19000000
1772910000000,2026-03-07T19:00:00+00:00,640.29000000,640.96000000,638.62000000,639.60000000,7.16000000
1772913600000,2026-03-07T20:00:00+00:00,640.86000000,640.86000000,640.86000000,640.86000000,0.01000000
1772917200000,2026-03-07T21:00:00+00:00,640.66000000,640.91000000,639.84000000,639.84000000,1.48000000
1772920800000,2026-03-07T22:00:00+00:00,639.17000000,640.98000000,638.60000000,640.00000000,1.96000000
1772924400000,2026-03-07T23:00:00+00:00,639.91000000,640.17000000,639.91000000,639.91000000,15.06000000
1772928000000,2026-03-08T00:00:00+00:00,639.58000000,640.64000000,637.66000000,639.66000000,2.04000000
1772931600000,2026-03-08T01:00:00+00:00,638.55000000,640.15000000,633.40000000,640.11000000,1.48000000
1772935200000,2026-03-08T02:00:00+00:00,640.18000000,640.20000000,638.92000000,638.96000000,0.17000000
1772938800000,2026-03-08T03:00:00+00:00,640.27000000,640.27000000,638.03000000,639.44000000,0.04000000
1772942400000,2026-03-08T04:00:00+00:00,639.77000000,641.81000000,638.24000000,640.47000000,0.91000000
1772946000000,2026-03-08T05:00:00+00:00,638.70000000,640.36000000,638.58000000,640.36000000,2.78000000
1772949600000,2026-03-08T06:00:00+00:00,640.17000000,643.80000000,633.06000000,640.29000000,14.32000000
1772953200000,2026-03-08T07:00:00+00:00,640.38000000,640.59000000,638.77000000,638.77000000,5.48000000
1772956800000,2026-03-08T08:00:00+00:00,639.68000000,639.76000000,637.67000000,638.88000000,24.71000000
1772960400000,2026-03-08T09:00:00+00:00,639.37000000,639.37000000,637.86000000,637.86000000,0.02000000
1772964000000,2026-03-08T10:00:00+00:00,637.26000000,639.17000000,637.05000000,637.66000000,6.69000000
1772967600000,2026-03-08T11:00:00+00:00,638.28000000,638.96000000,636.78000000,638.96000000,4.46000000
1772971200000,2026-03-08T12:00:00+00:00,637.27000000,638.65000000,634.15000000,637.32000000,5.74000000
1772974800000,2026-03-08T13:00:00+00:00,638.98000000,639.03000000,637.02000000,637.07000000,5.69000000
1772978400000,2026-03-08T14:00:00+00:00,637.07000000,637.07000000,637.07000000,637.07000000,0.00000000
1772982000000,2026-03-08T15:00:00+00:00,637.54000000,637.54000000,637.54000000,637.54000000,0.13000000
1772985600000,2026-03-08T16:00:00+00:00,636.98000000,638.48000000,636.98000000,637.91000000,2.93000000
1772989200000,2026-03-08T17:00:00+00:00,636.80000000,636.80000000,636.80000000,636.80000000,2.19000000
1772992800000,2026-03-08T18:00:00+00:00,638.63000000,638.63000000,633.40000000,638.57000000,5.81000000
1772996400000,2026-03-08T19:00:00+00:00,638.56000000,638.56000000,636.75000000,638.35000000,11.15000000
1773000000000,2026-03-08T20:00:00+00:00,638.57000000,638.57000000,638.57000000,638.57000000,2.82000000
1773003600000,2026-03-08T21:00:00+00:00,637.64000000,640.92000000,636.84000000,636.84000000,3.16000000
1773007200000,2026-03-08T22:00:00+00:00,637.42000000,637.42000000,633.49000000,633.49000000,21.27000000
1773010800000,2026-03-08T23:00:00+00:00,633.40000000,633.84000000,632.44000000,633.68000000,0.45000000
1773014400000,2026-03-09T00:00:00+00:00,631.89000000,633.02000000,629.94000000,631.26000000,6.97000000
1773018000000,2026-03-09T01:00:00+00:00,628.85000000,629.35000000,627.33000000,627.45000000,1.17000000
1773021600000,2026-03-09T02:00:00+00:00,627.74000000,629.13000000,627.12000000,628.46000000,3.98000000
1773025200000,2026-03-09T03:00:00+00:00,630.51000000,630.99000000,629.39000000,630.58000000,0.96000000
1773028800000,2026-03-09T04:00:00+00:00,630.56000000,632.43000000,625.25000000,629.04000000,13.82000000
1773032400000,2026-03-09T05:00:00+00:00,629.24000000,635.13000000,629.04000000,633.07000000,0.68000000
1773036000000,2026-03-09T06:00:00+00:00,633.39000000,635.31000000,632.56000000,632.56000000,1.66000000
1773039600000,2026-03-09T07:00:00+00:00,633.27000000,634.84000000,633.27000000,634.60000000,0.18000000
1773043200000,2026-03-09T08:00:00+00:00,634.53000000,637.21000000,633.47000000,636.07000000,6.66000000
1773046800000,2026-03-09T09:00:00+00:00,636.11000000,638.74000000,635.70000000,638.68000000,0.27000000
1773050400000,2026-03-09T10:00:00+00:00,637.72000000,637.72000000,636.39000000,636.39000000,0.09000000
1773054000000,2026-03-09T11:00:00+00:00,635.77000000,637.15000000,634.61000000,637.15000000,0.38000000
1773057600000,2026-03-09T12:00:00+00:00,636.40000000,637.40000000,635.68000000,635.68000000,6.27000000
1773061200000,2026-03-09T13:00:00+00:00,635.79000000,637.06000000,627.97000000,627.97000000,4.39000000
1773064800000,2026-03-09T14:00:00+00:00,629.15000000,635.65000000,628.12000000,635.39000000,9.72000000
1773068400000,2026-03-09T15:00:00+00:00,634.48000000,636.74000000,633.71000000,636.70000000,15.22000000
1773072000000,2026-03-09T16:00:00+00:00,636.65000000,637.29000000,635.68000000,635.68000000,0.10000000
1773075600000,2026-03-09T17:00:00+00:00,635.12000000,635.56000000,633.70000000,634.72000000,2.07000000
1773079200000,2026-03-09T18:00:00+00:00,633.20000000,634.94000000,633.20000000,634.94000000,0.03000000
1773082800000,2026-03-09T19:00:00+00:00,635.31000000,647.23000000,635.31000000,646.78000000,29.32000000
1773086400000,2026-03-09T20:00:00+00:00,647.33000000,648.84000000,645.59000000,647.10000000,2.89000000
1773090000000,2026-03-09T21:00:00+00:00,645.92000000,646.98000000,645.92000000,646.98000000,0.52000000
1773093600000,2026-03-09T22:00:00+00:00,645.65000000,645.65000000,643.75000000,645.11000000,0.23000000
1773097200000,2026-03-09T23:00:00+00:00,644.56000000,645.11000000,644.37000000,644.42000000,9.29000000
1773100800000,2026-03-10T00:00:00+00:00,644.23000000,645.17000000,644.19000000,645.15000000,0.11000000
1773104400000,2026-03-10T01:00:00+00:00,645.84000000,648.31000000,645.84000000,647.17000000,10.11000000
1773108000000,2026-03-10T02:00:00+00:00,647.77000000,647.77000000,645.39000000,645.64000000,5.49000000
1773111600000,2026-03-10T03:00:00+00:00,646.05000000,647.15000000,645.14000000,645.36000000,36.53000000
1773115200000,2026-03-10T04:00:00+00:00,643.82000000,643.82000000,643.52000000,643.52000000,0.98000000
1773118800000,2026-03-10T05:00:00+00:00,645.19000000,645.19000000,644.38000000,644.69000000,0.06000000
1773122400000,2026-03-10T06:00:00+00:00,645.30000000,646.32000000,645.26000000,645.26000000,5.84000000
1773126000000,2026-03-10T07:00:00+00:00,645.61000000,648.19000000,645.61000000,648.19000000,4.03000000
1773129600000,2026-03-10T08:00:00+00:00,648.19000000,650.86000000,647.14000000,650.15000000,4.21000000
1773133200000,2026-03-10T09:00:00+00:00,650.15000000,651.26000000,650.15000000,651.25000000,0.27000000
1773136800000,2026-03-10T10:00:00+00:00,651.25000000,658.50000000,649.13000000,653.44000000,91.35000000
1773140400000,2026-03-10T11:00:00+00:00,652.98000000,652.98000000,650.48000000,651.21000000,23.82000000
1773144000000,2026-03-10T12:00:00+00:00,651.26000000,651.26000000,649.00000000,649.74000000,4.89000000
1773147600000,2026-03-10T13:00:00+00:00,652.13000000,658.65000000,652.13000000,652.81000000,14.22000000
1773151200000,2026-03-10T14:00:00+00:00,652.78000000,660.47000000,649.02000000,659.85000000,7.63000000
1773154800000,2026-03-10T15:00:00+00:00,659.48000000,659.48000000,655.78000000,657.45000000,0.47000000
1773158400000,2026-03-10T16:00:00+00:00,656.40000000,658.56000000,655.91000000,657.51000000,0.27000000
1773162000000,2026-03-10T17:00:00+00:00,657.45000000,658.99000000,656.67000000,658.73000000,7.97000000
1773165600000,2026-03-10T18:00:00+00:00,658.67000000,658.67000000,655.27000000,655.42000000,2.04000000
1773169200000,2026-03-10T19:00:00+00:00,655.40000000,655.65000000,653.37000000,654.19000000,0.47000000
1773172800000,2026-03-10T20:00:00+00:00,654.60000000,654.60000000,654.60000000,654.60000000,0.53000000
1773176400000,2026-03-10T21:00:00+00:00,653.31000000,654.99000000,653.31000000,654.45000000,1.04000000
1773180000000,2026-03-10T22:00:00+00:00,654.45000000,654.81000000,653.88000000,654.00000000,0.25000000
1773183600000,2026-03-10T23:00:00+00:00,653.96000000,653.96000000,653.96000000,653.96000000,0.03000000
1773187200000,2026-03-11T00:00:00+00:00,654.59000000,656.80000000,654.59000000,656.00000000,0.91000000
1773190800000,2026-03-11T01:00:00+00:00,657.35000000,657.35000000,656.43000000,656.43000000,13.60000000
1773194400000,2026-03-11T02:00:00+00:00,656.39000000,657.83000000,655.96000000,657.83000000,0.22000000
1773198000000,2026-03-11T03:00:00+00:00,657.62000000,657.62000000,657.62000000,657.62000000,0.01000000
1773201600000,2026-03-11T04:00:00+00:00,657.20000000,657.20000000,657.20000000,657.20000000,0.01000000
1773205200000,2026-03-11T05:00:00+00:00,656.51000000,656.51000000,654.42000000,655.27000000,0.08000000
1773208800000,2026-03-11T06:00:00+00:00,654.97000000,654.97000000,654.69000000,654.69000000,0.15000000
1773212400000,2026-03-11T07:00:00+00:00,652.87000000,652.87000000,652.87000000,652.87000000,0.77000000
1773216000000,2026-03-11T08:00:00+00:00,653.26000000,653.26000000,653.23000000,653.23000000,0.22000000
1773219600000,2026-03-11T09:00:00+00:00,652.97000000,653.06000000,650.63000000,650.63000000,8.17000000
1773223200000,2026-03-11T10:00:00+00:00,652.04000000,653.77000000,652.04000000,653.77000000,1.02000000
1773226800000,2026-03-11T11:00:00+00:00,654.34000000,654.34000000,654.34000000,654.34000000,0.11000000
1773230400000,2026-03-11T12:00:00+00:00,654.29000000,654.33000000,652.71000000,653.07000000,0.60000000
1773234000000,2026-03-11T13:00:00+00:00,653.29000000,657.73000000,652.32000000,656.44000000,0.88000000
1773237600000,2026-03-11T14:00:00+00:00,657.54000000,659.28000000,651.50000000,653.37000000,2.47000000
1773241200000,2026-03-11T15:00:00+00:00,651.98000000,653.27000000,649.00000000,650.39000000,0.39000000
1773244800000,2026-03-11T16:00:00+00:00,650.39000000,652.86000000,649.76000000,652.86000000,0.84000000
1773248400000,2026-03-11T17:00:00+00:00,653.71000000,654.01000000,651.20000000,652.67000000,1.52000000
1773252000000,2026-03-11T18:00:00+00:00,652.61000000,653.27000000,650.38000000,653.27000000,0.70000000
1773255600000,2026-03-11T19:00:00+00:00,654.18000000,655.22000000,652.53000000,655.22000000,0.21000000
1773259200000,2026-03-11T20:00:00+00:00,652.88000000,655.65000000,652.88000000,653.66000000,0.45000000
1773262800000,2026-03-11T21:00:00+00:00,655.99000000,655.99000000,652.88000000,652.88000000,0.02000000
1773266400000,2026-03-11T22:00:00+00:00,652.88000000,653.34000000,649.01000000,649.17000000,0.32000000
1773270000000,2026-03-11T23:00:00+00:00,651.15000000,651.43000000,647.53000000,649.37000000,5.91000000
1773273600000,2026-03-12T00:00:00+00:00,652.29000000,652.29000000,649.27000000,649.27000000,0.20000000
1773277200000,2026-03-12T01:00:00+00:00,649.31000000,650.70000000,649.31000000,650.70000000,5.00000000
1773280800000,2026-03-12T02:00:00+00:00,650.70000000,650.70000000,650.70000000,650.70000000,0.00000000
1773284400000,2026-03-12T03:00:00+00:00,649.53000000,649.53000000,647.72000000,647.72000000,0.11000000
1773288000000,2026-03-12T04:00:00+00:00,647.76000000,647.76000000,647.76000000,647.76000000,0.07000000
1773291600000,2026-03-12T05:00:00+00:00,650.09000000,650.21000000,648.60000000,650.01000000,0.30000000
1773295200000,2026-03-12T06:00:00+00:00,649.44000000,650.69000000,649.44000000,650.69000000,0.08000000
1773298800000,2026-03-12T07:00:00+00:00,651.19000000,651.51000000,650.36000000,650.36000000,0.26000000
1773302400000,2026-03-12T08:00:00+00:00,650.36000000,650.36000000,650.36000000,650.36000000,0.00000000
1773306000000,2026-03-12T09:00:00+00:00,652.16000000,652.16000000,652.16000000,652.16000000,0.07000000
1773309600000,2026-03-12T10:00:00+00:00,651.65000000,651.65000000,651.65000000,651.65000000,0.07000000
1773313200000,2026-03-12T11:00:00+00:00,650.25000000,650.25000000,650.25000000,650.25000000,0.61000000
1773316800000,2026-03-12T12:00:00+00:00,650.25000000,650.25000000,650.25000000,650.25000000,0.00000000
1773320400000,2026-03-12T13:00:00+00:00,650.72000000,650.72000000,644.77000000,644.77000000,16.86000000
1773324000000,2026-03-12T14:00:00+00:00,645.37000000,647.47000000,642.90000000,644.32000000,1.46000000
1773327600000,2026-03-12T15:00:00+00:00,644.12000000,644.12000000,639.57000000,641.89000000,12.46000000
1773331200000,2026-03-12T16:00:00+00:00,640.97000000,641.19000000,639.71000000,639.71000000,4.92000000
1773334800000,2026-03-12T17:00:00+00:00,639.87000000,640.77000000,638.39000000,638.39000000,7.39000000
1773338400000,2026-03-12T18:00:00+00:00,638.39000000,639.62000000,638.39000000,639.62000000,0.92000000
1773342000000,2026-03-12T19:00:00+00:00,638.39000000,639.28000000,637.75000000,638.26000000,0.12000000
1773345600000,2026-03-12T20:00:00+00:00,638.68000000,639.63000000,638.68000000,639.63000000,0.04000000
1773349200000,2026-03-12T21:00:00+00:00,640.46000000,640.46000000,640.46000000,640.46000000,0.02000000
1773352800000,2026-03-12T22:00:00+00:00,640.46000000,640.46000000,640.46000000,640.46000000,0.00000000
1773356400000,2026-03-12T23:00:00+00:00,640.02000000,640.32000000,638.51000000,638.53000000,4.88000000
1773360000000,2026-03-13T00:00:00+00:00,637.30000000,638.54000000,637.30000000,638.54000000,0.80000000
1773363600000,2026-03-13T01:00:00+00:00,639.12000000,639.12000000,638.70000000,638.70000000,0.12000000
1773367200000,2026-03-13T02:00:00+00:00,639.06000000,639.06000000,638.10000000,638.10000000,5.54000000
1773370800000,2026-03-13T03:00:00+00:00,638.31000000,638.31000000,638.10000000,638.10000000,16.15000000
1773374400000,2026-03-13T04:00:00+00:00,638.10000000,638.10000000,638.10000000,638.10000000,0.00000000
1773378000000,2026-03-13T05:00:00+00:00,637.77000000,637.77000000,636.16000000,636.16000000,18.25000000
1773381600000,2026-03-13T06:00:00+00:00,636.94000000,636.94000000,636.94000000,636.94000000,0.07000000
1773385200000,2026-03-13T07:00:00+00:00,633.40000000,633.40000000,633.40000000,633.40000000,0.08000000
1773388800000,2026-03-13T08:00:00+00:00,632.07000000,634.81000000,630.81000000,633.11000000,1.12000000
1773392400000,2026-03-13T09:00:00+00:00,634.59000000,634.89000000,628.88000000,629.20000000,1.33000000
1773396000000,2026-03-13T10:00:00+00:00,629.06000000,632.14000000,629.06000000,632.14000000,56.96000000
1773399600000,2026-03-13T11:00:00+00:00,632.14000000,632.14000000,631.90000000,631.90000000,1.00000000
1773403200000,2026-03-13T12:00:00+00:00,630.52000000,631.41000000,628.20000000,628.20000000,5.93000000
1773406800000,2026-03-13T13:00:00+00:00,628.62000000,629.98000000,618.38000000,624.86000000,54.74000000
1773410400000,2026-03-13T14:00:00+00:00,625.12000000,628.55000000,619.89000000,619.92000000,14.20000000
1773414000000,2026-03-13T15:00:00+00:00,619.61000000,620.53000000,615.17000000,616.80000000,38.77000000
1773417600000,2026-03-13T16:00:00+00:00,618.46000000,618.79000000,614.04000000,615.30000000,6.44000000
1773421200000,2026-03-13T17:00:00+00:00,613.47000000,615.86000000,610.24000000,611.37000000,4.96000000
1773424800000,2026-03-13T18:00:00+00:00,610.72000000,612.45000000,610.72000000,612.45000000,0.04000000
1773428400000,2026-03-13T19:00:00+00:00,612.95000000,614.76000000,612.95000000,614.03000000,6.76000000
1773432000000,2026-03-13T20:00:00+00:00,612.95000000,612.95000000,612.95000000,612.95000000,0.01000000
1773435600000,2026-03-13T21:00:00+00:00,611.95000000,613.10000000,611.95000000,613.10000000,0.10000000
1773439200000,2026-03-13T22:00:00+00:00,613.10000000,613.11000000,611.84000000,612.34000000,3.61000000
1773442800000,2026-03-13T23:00:00+00:00,615.32000000,615.32000000,610.90000000,611.60000000,15.07000000
1773446400000,2026-03-14T00:00:00+00:00,610.72000000,612.04000000,610.66000000,611.24000000,11.94000000
1773450000000,2026-03-14T01:00:00+00:00,613.19000000,613.19000000,610.31000000,611.44000000,8.24000000
1773453600000,2026-03-14T02:00:00+00:00,611.49000000,612.42000000,611.15000000,611.15000000,16.41000000
1773457200000,2026-03-14T03:00:00+00:00,611.22000000,612.16000000,611.22000000,612.16000000,0.86000000
1773460800000,2026-03-14T04:00:00+00:00,612.24000000,612.24000000,611.94000000,611.94000000,0.23000000
1773464400000,2026-03-14T05:00:00+00:00,611.94000000,611.94000000,611.94000000,611.94000000,0.00000000
1773468000000,2026-03-14T06:00:00+00:00,611.97000000,612.96000000,611.97000000,612.80000000,5.14000000
1773471600000,2026-03-14T07:00:00+00:00,611.32000000,611.32000000,611.32000000,611.32000000,0.16000000
1773475200000,2026-03-14T08:00:00+00:00,611.82000000,611.83000000,611.82000000,611.83000000,0.04000000
1773478800000,2026-03-14T09:00:00+00:00,611.43000000,611.45000000,611.08000000,611.08000000,1.34000000
1773482400000,2026-03-14T10:00:00+00:00,611.61000000,611.61000000,611.61000000,611.61000000,2.00000000
1773486000000,2026-03-14T11:00:00+00:00,611.15000000,611.62000000,611.15000000,611.62000000,1.10000000
1773489600000,2026-03-14T12:00:00+00:00,611.62000000,612.47000000,611.53000000,611.95000000,10.41000000
1773493200000,2026-03-14T13:00:00+00:00,612.09000000,612.95000000,612.04000000,612.95000000,0.70000000
1773496800000,2026-03-14T14:00:00+00:00,613.29000000,613.58000000,611.97000000,611.97000000,3.42000000
1773500400000,2026-03-14T15:00:00+00:00,611.87000000,616.99000000,610.45000000,612.61000000,0.23000000
1773504000000,2026-03-14T16:00:00+00:00,614.72000000,616.61000000,610.37000000,610.52000000,0.25000000
1773507600000,2026-03-14T17:00:00+00:00,612.88000000,612.88000000,610.46000000,611.22000000,0.27000000
1773511200000,2026-03-14T18:00:00+00:00,610.62000000,610.73000000,610.62000000,610.73000000,0.11000000
1773514800000,2026-03-14T19:00:00+00:00,613.56000000,613.56000000,610.45000000,610.45000000,0.04000000
1773518400000,2026-03-14T20:00:00+00:00,613.41000000,613.44000000,610.45000000,610.58000000,0.04000000
1773522000000,2026-03-14T21:00:00+00:00,612.36000000,613.65000000,610.55000000,610.55000000,0.04000000
1773525600000,2026-03-14T22:00:00+00:00,613.44000000,613.50000000,610.45000000,610.70000000,0.07000000
1773529200000,2026-03-14T23:00:00+00:00,610.86000000,612.51000000,610.86000000,612.51000000,1.02000000
1773532800000,2026-03-15T00:00:00+00:00,612.19000000,612.73000000,611.39000000,612.13000000,2.18000000
1773536400000,2026-03-15T01:00:00+00:00,612.30000000,612.95000000,611.42000000,612.89000000,3.64000000
1773540000000,2026-03-15T02:00:00+00:00,613.36000000,613.36000000,613.36000000,613.36000000,0.03000000
1773543600000,2026-03-15T03:00:00+00:00,615.48000000,615.48000000,614.33000000,615.27000000,11.64000000
1773547200000,2026-03-15T04:00:00+00:00,615.33000000,615.34000000,615.19000000,615.19000000,0.18000000
1773550800000,2026-03-15T05:00:00+00:00,615.19000000,615.19000000,615.19000000,615.19000000,0.00000000
1773554400000,2026-03-15T06:00:00+00:00,615.44000000,615.52000000,614.82000000,614.89000000,5.47000000
1773558000000,2026-03-15T07:00:00+00:00,614.71000000,615.11000000,614.71000000,615.08000000,3.11000000
1773561600000,2026-03-15T08:00:00+00:00,614.91000000,615.04000000,614.60000000,615.04000000,3.40000000
1773565200000,2026-03-15T09:00:00+00:00,614.84000000,614.92000000,614.84000000,614.92000000,0.19000000
1773568800000,2026-03-15T10:00:00+00:00,614.90000000,614.99000000,612.87000000,614.99000000,34.29000000
1773572400000,2026-03-15T11:00:00+00:00,614.80000000,615.46000000,614.67000000,614.95000000,19.61000000
1773576000000,2026-03-15T12:00:00+00:00,615.15000000,616.03000000,615.09000000,615.71000000,7.39000000
1773579600000,2026-03-15T13:00:00+00:00,615.26000000,615.26000000,614.94000000,615.05000000,5.90000000
1773583200000,2026-03-15T14:00:00+00:00,615.07000000,615.95000000,614.35000000,614.50000000,16.34000000
1773586800000,2026-03-15T15:00:00+00:00,615.65000000,615.65000000,614.65000000,614.65000000,0.24000000
1773590400000,2026-03-15T16:00:00+00:00,615.32000000,615.68000000,614.67000000,614.67000000,3.31000000
1773594000000,2026-03-15T17:00:00+00:00,614.68000000,614.68000000,614.68000000,614.68000000,0.16000000
1773597600000,2026-03-15T18:00:00+00:00,615.58000000,615.95000000,615.58000000,615.95000000,0.04000000
1773601200000,2026-03-15T19:00:00+00:00,615.95000000,615.95000000,615.95000000,615.95000000,0.00000000
1773604800000,2026-03-15T20:00:00+00:00,615.90000000,615.90000000,614.63000000,614.95000000,7.06000000
1773608400000,2026-03-15T21:00:00+00:00,614.40000000,615.84000000,614.34000000,614.50000000,3.40000000
1773612000000,2026-03-15T22:00:00+00:00,614.50000000,614.50000000,614.50000000,614.50000000,0.00000000
1773615600000,2026-03-15T23:00:00+00:00,617.02000000,617.44000000,613.51000000,616.43000000,32.51000000
1773619200000,2026-03-16T00:00:00+00:00,617.13000000,624.12000000,617.13000000,621.39000000,105.96000000
1773622800000,2026-03-16T01:00:00+00:00,620.84000000,622.75000000,620.52000000,621.03000000,24.73000000
1773626400000,2026-03-16T02:00:00+00:00,620.39000000,620.90000000,620.25000000,620.90000000,0.22000000
1773630000000,2026-03-16T03:00:00+00:00,621.05000000,623.41000000,621.04000000,623.41000000,3.18000000
1773633600000,2026-03-16T04:00:00+00:00,623.11000000,624.49000000,621.47000000,621.70000000,4.14000000
1773637200000,2026-03-16T05:00:00+00:00,621.70000000,622.81000000,621.09000000,622.81000000,0.32000000
1773640800000,2026-03-16T06:00:00+00:00,622.96000000,623.14000000,622.05000000,622.75000000,0.51000000
1773644400000,2026-03-16T07:00:00+00:00,623.92000000,624.43000000,622.30000000,622.44000000,1.96000000
1773648000000,2026-03-16T08:00:00+00:00,625.81000000,633.40000000,625.81000000,629.97000000,22.12000000
1773651600000,2026-03-16T09:00:00+00:00,631.48000000,637.38000000,630.16000000,633.31000000,39.35000000
1773655200000,2026-03-16T10:00:00+00:00,632.79000000,632.79000000,630.17000000,631.16000000,17.99000000
1773658800000,2026-03-16T11:00:00+00:00,631.16000000,632.12000000,628.50000000,631.40000000,16.98000000
1773662400000,2026-03-16T12:00:00+00:00,632.38000000,632.38000000,632.38000000,632.38000000,0.01000000
1773666000000,2026-03-16T13:00:00+00:00,632.99000000,633.66000000,627.22000000,631.15000000,67.25000000
1773669600000,2026-03-16T14:00:00+00:00,633.08000000,634.13000000,628.20000000,629.45000000,2.69000000
1773673200000,2026-03-16T15:00:00+00:00,628.03000000,629.17000000,626.86000000,626.98000000,14.02000000
1773676800000,2026-03-16T16:00:00+00:00,627.05000000,627.05000000,623.50000000,626.37000000,15.72000000
1773680400000,2026-03-16T17:00:00+00:00,625.79000000,626.67000000,623.93000000,623.93000000,11.96000000
1773684000000,2026-03-16T18:00:00+00:00,623.94000000,627.85000000,623.94000000,627.64000000,17.80000000
1773687600000,2026-03-16T19:00:00+00:00,626.83000000,627.64000000,626.04000000,626.91000000,18.67000000
1773691200000,2026-03-16T20:00:00+00:00,626.63000000,626.63000000,624.90000000,624.90000000,2.00000000
1773694800000,2026-03-16T21:00:00+00:00,625.35000000,625.36000000,623.64000000,623.64000000,4.25000000
1773698400000,2026-03-16T22:00:00+00:00,623.00000000,623.14000000,619.61000000,619.61000000,4.07000000
1773702000000,2026-03-16T23:00:00+00:00,623.07000000,623.46000000,622.58000000,623.02000000,3.46000000
1773705600000,2026-03-17T00:00:00+00:00,623.92000000,624.30000000,623.11000000,623.31000000,0.50000000
1773709200000,2026-03-17T01:00:00+00:00,623.32000000,623.56000000,622.30000000,622.98000000,3.50000000
1773712800000,2026-03-17T02:00:00+00:00,622.98000000,622.98000000,621.68000000,622.94000000,5.12000000
1773716400000,2026-03-17T03:00:00+00:00,622.78000000,623.06000000,622.78000000,623.06000000,2.47000000
1773720000000,2026-03-17T04:00:00+00:00,623.24000000,624.43000000,623.24000000,624.43000000,0.28000000
1773723600000,2026-03-17T05:00:00+00:00,624.32000000,624.42000000,622.70000000,622.70000000,0.64000000
1773727200000,2026-03-17T06:00:00+00:00,621.74000000,622.60000000,620.88000000,622.60000000,7.90000000
1773730800000,2026-03-17T07:00:00+00:00,622.34000000,622.93000000,617.81000000,622.44000000,7.23000000
1773734400000,2026-03-17T08:00:00+00:00,621.30000000,625.32000000,621.30000000,625.32000000,0.30000000
1773738000000,2026-03-17T09:00:00+00:00,622.79000000,625.96000000,622.79000000,625.96000000,0.33000000
1773741600000,2026-03-17T10:00:00+00:00,625.25000000,626.78000000,624.47000000,624.47000000,0.27000000
1773745200000,2026-03-17T11:00:00+00:00,625.64000000,626.30000000,625.27000000,625.75000000,1.64000000
1773748800000,2026-03-17T12:00:00+00:00,625.63000000,627.61000000,625.63000000,627.16000000,9.15000000
1773752400000,2026-03-17T13:00:00+00:00,626.52000000,636.59000000,626.52000000,633.24000000,3.19000000
1773756000000,2026-03-17T14:00:00+00:00,630.98000000,631.23000000,628.93000000,629.31000000,15.93000000
1773759600000,2026-03-17T15:00:00+00:00,629.36000000,629.36000000,624.39000000,626.84000000,0.22000000
1773763200000,2026-03-17T16:00:00+00:00,625.68000000,625.89000000,624.49000000,624.53000000,0.15000000
1773766800000,2026-03-17T17:00:00+00:00,625.84000000,625.84000000,624.39000000,625.76000000,0.23000000
1773770400000,2026-03-17T18:00:00+00:00,624.70000000,625.65000000,623.00000000,623.00000000,0.10000000
1773774000000,2026-03-17T19:00:00+00:00,623.06000000,623.42000000,622.17000000,622.58000000,14.20000000
1773777600000,2026-03-17T20:00:00+00:00,622.58000000,622.58000000,622.58000000,622.58000000,0.28000000
1773781200000,2026-03-17T21:00:00+00:00,622.58000000,623.17000000,622.58000000,623.17000000,4.13000000
1773784800000,2026-03-17T22:00:00+00:00,621.72000000,621.81000000,621.60000000,621.60000000,0.56000000
1773788400000,2026-03-17T23:00:00+00:00,622.15000000,622.15000000,620.65000000,620.65000000,0.61000000
1773792000000,2026-03-18T00:00:00+00:00,622.08000000,624.34000000,622.08000000,624.13000000,2.23000000
1773795600000,2026-03-18T01:00:00+00:00,624.13000000,624.13000000,624.13000000,624.13000000,0.00000000
1773799200000,2026-03-18T02:00:00+00:00,624.83000000,624.83000000,624.46000000,624.46000000,0.12000000
1773802800000,2026-03-18T03:00:00+00:00,624.00000000,624.00000000,624.00000000,624.00000000,0.11000000
1773806400000,2026-03-18T04:00:00+00:00,624.00000000,624.00000000,624.00000000,624.00000000,0.00000000
1773810000000,2026-03-18T05:00:00+00:00,625.02000000,625.42000000,624.89000000,625.14000000,3.62000000
1773813600000,2026-03-18T06:00:00+00:00,625.34000000,626.20000000,625.18000000,626.20000000,1.23000000
1773817200000,2026-03-18T07:00:00+00:00,625.38000000,625.38000000,625.29000000,625.29000000,0.02000000
1773820800000,2026-03-18T08:00:00+00:00,625.33000000,625.97000000,624.99000000,624.99000000,0.04000000
1773824400000,2026-03-18T09:00:00+00:00,626.21000000,626.21000000,625.23000000,625.23000000,0.65000000
1773828000000,2026-03-18T10:00:00+00:00,624.96000000,624.96000000,624.96000000,624.96000000,0.04000000
1773831600000,2026-03-18T11:00:00+00:00,624.82000000,624.82000000,622.88000000,622.88000000,1.22000000
1773835200000,2026-03-18T12:00:00+00:00,621.84000000,621.84000000,617.68000000,617.68000000,1.57000000
1773838800000,2026-03-18T13:00:00+00:00,617.23000000,620.80000000,616.64000000,619.82000000,2.89000000
1773842400000,2026-03-18T14:00:00+00:00,620.18000000,620.80000000,616.64000000,620.80000000,0.52000000
1773846000000,2026-03-18T15:00:00+00:00,620.91000000,622.88000000,619.76000000,620.41000000,1.03000000
1773849600000,2026-03-18T16:00:00+00:00,620.80000000,620.80000000,617.68000000,617.68000000,0.16000000
1773853200000,2026-03-18T17:00:00+00:00,617.47000000,619.76000000,617.47000000,619.76000000,0.09000000
1773856800000,2026-03-18T18:00:00+00:00,620.80000000,621.14000000,616.64000000,616.64000000,0.80000000
1773860400000,2026-03-18T19:00:00+00:00,615.60000000,617.68000000,614.95000000,614.95000000,1.58000000
1773864000000,2026-03-18T20:00:00+00:00,614.70000000,615.32000000,614.56000000,615.32000000,0.12000000
1773867600000,2026-03-18T21:00:00+00:00,615.60000000,615.60000000,615.60000000,615.60000000,0.03000000
1773871200000,2026-03-18T22:00:00+00:00,615.60000000,615.60000000,615.60000000,615.60000000,0.00000000
1773874800000,2026-03-18T23:00:00+00:00,615.60000000,615.60000000,615.60000000,615.60000000,0.01000000
1773878400000,2026-03-19T00:00:00+00:00,615.65000000,616.13000000,615.13000000,616.13000000,0.73000000
1773882000000,2026-03-19T01:00:00+00:00,616.64000000,616.64000000,616.24000000,616.24000000,0.45000000
1773885600000,2026-03-19T02:00:00+00:00,615.60000000,618.30000000,615.60000000,618.30000000,2.35000000
1773889200000,2026-03-19T03:00:00+00:00,618.19000000,618.19000000,618.19000000,618.19000000,0.26000000
1773892800000,2026-03-19T04:00:00+00:00,616.64000000,617.51000000,616.64000000,617.51000000,0.53000000
1773896400000,2026-03-19T05:00:00+00:00,615.60000000,615.60000000,615.60000000,615.60000000,0.04000000
1773900000000,2026-03-19T06:00:00+00:00,615.60000000,615.75000000,615.53000000,615.53000000,1.75000000
1773903600000,2026-03-19T07:00:00+00:00,614.56000000,614.56000000,613.95000000,613.95000000,0.55000000
1773907200000,2026-03-19T08:00:00+00:00,613.52000000,615.30000000,613.47000000,613.47000000,0.07000000
1773910800000,2026-03-19T09:00:00+00:00,614.56000000,615.60000000,613.26000000,615.60000000,0.19000000
1773914400000,2026-03-19T10:00:00+00:00,615.60000000,615.60000000,615.60000000,615.60000000,0.00000000
1773918000000,2026-03-19T11:00:00+00:00,615.17000000,615.17000000,613.52000000,613.52000000,0.11000000
1773921600000,2026-03-19T12:00:00+00:00,613.52000000,613.77000000,610.99000000,610.99000000,5.42000000
1773925200000,2026-03-19T13:00:00+00:00,610.40000000,612.48000000,608.79000000,612.48000000,9.72000000
1773928800000,2026-03-19T14:00:00+00:00,612.11000000,612.11000000,607.28000000,608.75000000,28.01000000
1773932400000,2026-03-19T15:00:00+00:00,609.36000000,609.36000000,605.21000000,606.62000000,6.94000000
1773936000000,2026-03-19T16:00:00+00:00,606.78000000,608.03000000,606.24000000,606.24000000,1.20000000
1773939600000,2026-03-19T17:00:00+00:00,605.20000000,606.24000000,604.16000000,605.20000000,2.30000000
1773943200000,2026-03-19T18:00:00+00:00,604.16000000,605.20000000,602.81000000,604.16000000,25.10000000
1773946800000,2026-03-19T19:00:00+00:00,604.71000000,608.32000000,604.71000000,606.24000000,0.91000000
1773950400000,2026-03-19T20:00:00+00:00,607.28000000,607.28000000,607.28000000,607.28000000,0.04000000
1773954000000,2026-03-19T21:00:00+00:00,607.31000000,607.31000000,607.31000000,607.31000000,0.08000000
1773957600000,2026-03-19T22:00:00+00:00,608.32000000,608.62000000,608.05000000,608.05000000,0.48000000
1773961200000,2026-03-19T23:00:00+00:00,608.65000000,608.65000000,608.65000000,608.65000000,0.50000000
1773964800000,2026-03-20T00:00:00+00:00,608.60000000,608.60000000,608.60000000,608.60000000,0.08000000
1773968400000,2026-03-20T01:00:00+00:00,608.55000000,609.41000000,608.17000000,609.41000000,1.58000000
1773972000000,2026-03-20T02:00:00+00:00,609.41000000,609.41000000,609.41000000,609.41000000,0.00000000
1773975600000,2026-03-20T03:00:00+00:00,609.25000000,609.25000000,608.32000000,608.32000000,0.26000000
1773979200000,2026-03-20T04:00:00+00:00,607.98000000,607.98000000,607.98000000,607.98000000,0.11000000
1773982800000,2026-03-20T05:00:00+00:00,607.98000000,607.98000000,607.98000000,607.98000000,0.00000000
1773986400000,2026-03-20T06:00:00+00:00,608.41000000,608.41000000,606.24000000,606.24000000,0.19000000
1773990000000,2026-03-20T07:00:00+00:00,605.20000000,607.28000000,605.20000000,607.22000000,0.34000000
1773993600000,2026-03-20T08:00:00+00:00,608.32000000,608.85000000,606.87000000,606.87000000,0.61000000
1773997200000,2026-03-20T09:00:00+00:00,606.24000000,606.24000000,604.16000000,604.16000000,0.10000000
1774000800000,2026-03-20T10:00:00+00:00,604.16000000,604.16000000,602.20000000,602.20000000,0.12000000
1774004400000,2026-03-20T11:00:00+00:00,604.16000000,605.03000000,604.16000000,604.29000000,0.24000000
1774008000000,2026-03-20T12:00:00+00:00,604.29000000,604.29000000,604.29000000,604.29000000,0.00000000
1774011600000,2026-03-20T13:00:00+00:00,605.20000000,606.24000000,593.64000000,593.64000000,13.47000000
1774015200000,2026-03-20T14:00:00+00:00,593.78000000,596.83000000,593.32000000,596.16000000,1.22000000
1774018800000,2026-03-20T15:00:00+00:00,592.73000000,594.22000000,592.61000000,593.34000000,3.14000000
1774022400000,2026-03-20T16:00:00+00:00,594.96000000,596.40000000,594.00000000,594.96000000,0.62000000
1774026000000,2026-03-20T17:00:00+00:00,594.36000000,594.84000000,592.44000000,594.24000000,1.25000000
1774029600000,2026-03-20T18:00:00+00:00,594.36000000,594.36000000,591.12000000,591.12000000,1.03000000
1774033200000,2026-03-20T19:00:00+00:00,591.00000000,592.92000000,587.52000000,592.92000000,16.36000000
1774036800000,2026-03-20T20:00:00+00:00,593.04000000,595.04000000,593.04000000,593.10000000,17.40000000
1774040400000,2026-03-20T21:00:00+00:00,593.60000000,596.60000000,593.60000000,596.39000000,0.42000000
1774044000000,2026-03-20T22:00:00+00:00,596.70000000,598.00000000,596.70000000,596.96000000,0.40000000
1774047600000,2026-03-20T23:00:00+00:00,597.49000000,597.57000000,596.96000000,597.00000000,0.30000000
1774051200000,2026-03-21T00:00:00+00:00,597.00000000,597.00000000,597.00000000,597.00000000,0.00000000
1774054800000,2026-03-21T01:00:00+00:00,597.30000000,598.06000000,597.24000000,597.24000000,0.48000000
1774058400000,2026-03-21T02:00:00+00:00,597.22000000,597.76000000,597.22000000,597.76000000,0.28000000
1774062000000,2026-03-21T03:00:00+00:00,597.76000000,597.76000000,597.76000000,597.76000000,0.00000000
1774065600000,2026-03-21T04:00:00+00:00,597.86000000,597.86000000,597.21000000,597.21000000,0.13000000
1774069200000,2026-03-21T05:00:00+00:00,597.04000000,597.04000000,596.89000000,596.89000000,0.11000000
1774072800000,2026-03-21T06:00:00+00:00,596.89000000,596.89000000,596.89000000,596.89000000,0.02000000
1774076400000,2026-03-21T07:00:00+00:00,596.89000000,596.89000000,596.89000000,596.89000000,0.00000000
1774080000000,2026-03-21T08:00:00+00:00,598.18000000,598.18000000,598.18000000,598.18000000,0.13000000
1774083600000,2026-03-21T09:00:00+00:00,597.52000000,597.52000000,597.25000000,597.25000000,0.13000000
1774087200000,2026-03-21T10:00:00+00:00,598.13000000,598.27000000,598.05000000,598.05000000,0.09000000
1774090800000,2026-03-21T11:00:00+00:00,598.05000000,598.05000000,598.05000000,598.05000000,0.00000000
1774094400000,2026-03-21T12:00:00+00:00,598.11000000,598.11000000,598.11000000,598.11000000,0.11000000
1774098000000,2026-03-21T13:00:00+00:00,597.72000000,597.72000000,596.83000000,596.84000000,0.16000000
1774101600000,2026-03-21T14:00:00+00:00,596.84000000,596.84000000,596.84000000,596.84000000,0.00000000
1774105200000,2026-03-21T15:00:00+00:00,598.57000000,598.97000000,598.57000000,598.97000000,0.12000000
1774108800000,2026-03-21T16:00:00+00:00,598.44000000,598.44000000,598.25000000,598.25000000,0.11000000
1774112400000,2026-03-21T17:00:00+00:00,598.25000000,598.25000000,598.25000000,598.25000000,0.00000000
1774116000000,2026-03-21T18:00:00+00:00,598.84000000,598.84000000,598.84000000,598.84000000,0.11000000
1774119600000,2026-03-21T19:00:00+00:00,598.36000000,598.36000000,598.22000000,598.22000000,0.13000000
1774123200000,2026-03-21T20:00:00+00:00,598.22000000,598.22000000,598.22000000,598.22000000,0.00000000
1774126800000,2026-03-21T21:00:00+00:00,599.00000000,599.10000000,598.27000000,598.27000000,0.88000000
1774130400000,2026-03-21T22:00:00+00:00,597.94000000,598.96000000,597.75000000,597.75000000,8.13000000
1774134000000,2026-03-21T23:00:00+00:00,597.93000000,598.22000000,595.92000000,596.83000000,1.46000000
1774137600000,2026-03-22T00:00:00+00:00,596.88000000,596.88000000,594.70000000,595.80000000,12.59000000
1774141200000,2026-03-22T01:00:00+00:00,596.52000000,596.64000000,595.29000000,596.28000000,25.75000000
1774144800000,2026-03-22T02:00:00+00:00,595.93000000,596.20000000,595.02000000,595.32000000,4.36000000
1774148400000,2026-03-22T03:00:00+00:00,595.19000000,595.82000000,594.84000000,595.15000000,23.10000000
1774152000000,2026-03-22T04:00:00+00:00,595.13000000,595.53000000,595.13000000,595.53000000,1.39000000
1774155600000,2026-03-22T05:00:00+00:00,595.01000000,596.43000000,595.01000000,596.41000000,1.41000000
1774159200000,2026-03-22T06:00:00+00:00,595.95000000,596.80000000,594.67000000,596.80000000,1.25000000
1774162800000,2026-03-22T07:00:00+00:00,595.98000000,598.26000000,595.86000000,597.52000000,12.52000000
1774166400000,2026-03-22T08:00:00+00:00,597.21000000,597.87000000,596.06000000,596.84000000,18.63000000
1774170000000,2026-03-22T09:00:00+00:00,596.84000000,597.87000000,596.06000000,596.92000000,3.28000000
1774173600000,2026-03-22T10:00:00+00:00,596.85000000,596.85000000,595.38000000,595.98000000,7.34000000
1774177200000,2026-03-22T11:00:00+00:00,595.80000000,595.80000000,595.40000000,595.40000000,0.06000000
1774180800000,2026-03-22T12:00:00+00:00,595.28000000,596.13000000,595.28000000,595.57000000,7.55000000
1774184400000,2026-03-22T13:00:00+00:00,596.26000000,596.82000000,595.42000000,595.42000000,27.98000000
1774188000000,2026-03-22T14:00:00+00:00,595.70000000,595.84000000,595.42000000,595.84000000,0.99000000
1774191600000,2026-03-22T15:00:00+00:00,595.84000000,595.84000000,595.49000000,595.49000000,0.87000000
1774195200000,2026-03-22T16:00:00+00:00,595.98000000,596.96000000,595.98000000,596.12000000,0.13000000
1774198800000,2026-03-22T17:00:00+00:00,597.10000000,597.10000000,595.33000000,595.33000000,3.15000000
1774202400000,2026-03-22T18:00:00+00:00,595.97000000,595.97000000,594.25000000,594.84000000,2.08000000
1774206000000,2026-03-22T19:00:00+00:00,595.08000000,595.08000000,594.60000000,594.60000000,0.03000000
1774209600000,2026-03-22T20:00:00+00:00,594.48000000,596.24000000,594.48000000,594.72000000,0.47000000
1774213200000,2026-03-22T21:00:00+00:00,594.58000000,594.58000000,593.11000000,593.44000000,7.01000000
1774216800000,2026-03-22T22:00:00+00:00,593.16000000,594.82000000,592.13000000,594.70000000,9.18000000
1774220400000,2026-03-22T23:00:00+00:00,594.72000000,594.72000000,594.02000000,594.02000000,0.03000000
1774224000000,2026-03-23T00:00:00+00:00,594.44000000,597.03000000,588.49000000,588.49000000,40.40000000
1774227600000,2026-03-23T01:00:00+00:00,588.42000000,591.36000000,587.65000000,591.36000000,4.60000000
1774231200000,2026-03-23T02:00:00+00:00,591.12000000,591.12000000,589.84000000,589.84000000,0.38000000
1774234800000,2026-03-23T03:00:00+00:00,590.08000000,590.08000000,588.39000000,588.39000000,1.79000000
1774238400000,2026-03-23T04:00:00+00:00,588.88000000,589.53000000,588.88000000,589.53000000,9.26000000
1774242000000,2026-03-23T05:00:00+00:00,589.97000000,590.33000000,588.68000000,588.71000000,8.88000000
1774245600000,2026-03-23T06:00:00+00:00,588.53000000,588.53000000,585.60000000,585.60000000,3.80000000
1774249200000,2026-03-23T07:00:00+00:00,585.02000000,586.31000000,583.38000000,584.13000000,21.34000000
1774252800000,2026-03-23T08:00:00+00:00,584.08000000,586.80000000,584.08000000,586.80000000,29.82000000
1774256400000,2026-03-23T09:00:00+00:00,587.00000000,587.00000000,585.49000000,585.92000000,0.07000000
1774260000000,2026-03-23T10:00:00+00:00,586.53000000,587.03000000,585.99000000,587.03000000,2.89000000
1774263600000,2026-03-23T11:00:00+00:00,587.98000000,609.11000000,587.98000000,600.72000000,94.95000000
1774267200000,2026-03-23T12:00:00+00:00,600.16000000,605.68000000,600.16000000,605.68000000,1.57000000
1774270800000,2026-03-23T13:00:00+00:00,605.24000000,605.89000000,599.93000000,603.74000000,5.89000000
1774274400000,2026-03-23T14:00:00+00:00,603.95000000,605.68000000,601.91000000,605.68000000,0.35000000
1774278000000,2026-03-23T15:00:00+00:00,606.59000000,608.04000000,605.68000000,605.68000000,2.77000000
1774281600000,2026-03-23T16:00:00+00:00,606.12000000,606.86000000,601.42000000,603.32000000,1.21000000
1774285200000,2026-03-23T17:00:00+00:00,602.14000000,603.32000000,602.14000000,603.32000000,0.16000000
1774288800000,2026-03-23T18:00:00+00:00,604.50000000,607.55000000,604.50000000,607.55000000,0.78000000
1774292400000,2026-03-23T19:00:00+00:00,606.81000000,607.45000000,604.48000000,604.48000000,29.49000000
1774296000000,2026-03-23T20:00:00+00:00,605.00000000,605.68000000,605.00000000,605.08000000,0.07000000
1774299600000,2026-03-23T21:00:00+00:00,605.08000000,605.08000000,605.08000000,605.08000000,0.00000000
1774303200000,2026-03-23T22:00:00+00:00,604.09000000,605.68000000,604.09000000,605.68000000,0.06000000
1774306800000,2026-03-23T23:00:00+00:00,605.68000000,605.68000000,605.68000000,605.68000000,0.00000000
1774310400000,2026-03-24T00:00:00+00:00,605.73000000,605.73000000,602.35000000,602.95000000,0.56000000
1774314000000,2026-03-24T01:00:00+00:00,602.69000000,602.69000000,599.78000000,600.06000000,3.59000000
1774317600000,2026-03-24T02:00:00+00:00,600.06000000,600.06000000,600.06000000,600.06000000,0.00000000
1774321200000,2026-03-24T03:00:00+00:00,600.06000000,600.06000000,600.06000000,600.06000000,0.00000000
1774324800000,2026-03-24T04:00:00+00:00,600.06000000,600.06000000,600.06000000,600.06000000,0.00000000
1774328400000,2026-03-24T05:00:00+00:00,599.78000000,599.78000000,599.78000000,599.78000000,0.52000000
1774332000000,2026-03-24T06:00:00+00:00,600.96000000,603.32000000,600.96000000,603.32000000,0.23000000
1774335600000,2026-03-24T07:00:00+00:00,604.50000000,607.40000000,604.50000000,607.40000000,0.36000000
1774339200000,2026-03-24T08:00:00+00:00,605.77000000,611.43000000,604.50000000,604.50000000,29.70000000
1774342800000,2026-03-24T09:00:00+00:00,603.39000000,605.00000000,603.32000000,605.00000000,0.31000000
1774346400000,2026-03-24T10:00:00+00:00,603.32000000,604.99000000,603.32000000,604.21000000,1.03000000
1774350000000,2026-03-24T11:00:00+00:00,604.23000000,605.68000000,602.14000000,603.32000000,1.61000000
1774353600000,2026-03-24T12:00:00+00:00,603.67000000,603.67000000,600.72000000,600.72000000,0.13000000
1774357200000,2026-03-24T13:00:00+00:00,600.72000000,600.72000000,595.47000000,595.47000000,1.25000000
1774360800000,2026-03-24T14:00:00+00:00,595.06000000,597.42000000,592.70000000,594.85000000,8.46000000
1774364400000,2026-03-24T15:00:00+00:00,596.24000000,596.80000000,594.41000000,594.41000000,0.27000000
1774368000000,2026-03-24T16:00:00+00:00,596.24000000,597.42000000,594.85000000,596.24000000,0.42000000
1774371600000,2026-03-24T17:00:00+00:00,595.06000000,595.06000000,591.80000000,594.85000000,0.51000000
1774375200000,2026-03-24T18:00:00+00:00,595.06000000,596.62000000,594.99000000,595.06000000,0.44000000
1774378800000,2026-03-24T19:00:00+00:00,596.24000000,596.24000000,593.88000000,594.10000000,0.37000000
1774382400000,2026-03-24T20:00:00+00:00,595.06000000,599.78000000,595.06000000,597.41000000,2.40000000
1774386000000,2026-03-24T21:00:00+00:00,596.80000000,596.80000000,595.90000000,596.48000000,0.31000000
1774389600000,2026-03-24T22:00:00+00:00,597.07000000,598.60000000,597.07000000,597.65000000,0.18000000
1774393200000,2026-03-24T23:00:00+00:00,597.65000000,597.65000000,597.65000000,597.65000000,0.00000000
1774396800000,2026-03-25T00:00:00+00:00,598.24000000,601.28000000,598.24000000,600.08000000,0.46000000
1774400400000,2026-03-25T01:00:00+00:00,599.78000000,599.78000000,599.78000000,599.78000000,0.04000000
1774404000000,2026-03-25T02:00:00+00:00,598.76000000,598.76000000,598.60000000,598.60000000,0.07000000
1774407600000,2026-03-25T03:00:00+00:00,598.60000000,598.60000000,598.60000000,598.60000000,0.00000000
1774411200000,2026-03-25T04:00:00+00:00,599.07000000,599.07000000,599.07000000,599.07000000,0.08000000
1774414800000,2026-03-25T05:00:00+00:00,599.78000000,599.78000000,599.78000000,599.78000000,0.04000000
1774418400000,2026-03-25T06:00:00+00:00,598.60000000,598.60000000,598.51000000,598.58000000,0.41000000
1774422000000,2026-03-25T07:00:00+00:00,597.90000000,599.78000000,597.90000000,598.60000000,0.77000000
1774425600000,2026-03-25T08:00:00+00:00,599.78000000,600.96000000,599.78000000,599.78000000,0.15000000
1774429200000,2026-03-25T09:00:00+00:00,599.60000000,599.60000000,598.60000000,598.60000000,0.36000000
1774432800000,2026-03-25T10:00:00+00:00,599.37000000,599.37000000,599.37000000,599.37000000,0.17000000
1774436400000,2026-03-25T11:00:00+00:00,599.16000000,599.78000000,599.16000000,599.78000000,0.06000000
1774440000000,2026-03-25T12:00:00+00:00,600.60000000,601.62000000,599.78000000,601.62000000,0.40000000
1774443600000,2026-03-25T13:00:00+00:00,602.14000000,603.39000000,596.78000000,598.60000000,5.22000000
1774447200000,2026-03-25T14:00:00+00:00,597.61000000,599.78000000,596.24000000,598.60000000,0.36000000
1774450800000,2026-03-25T15:00:00+00:00,598.52000000,598.82000000,594.85000000,597.77000000,21.64000000
1774454400000,2026-03-25T16:00:00+00:00,599.78000000,599.78000000,598.60000000,599.78000000,0.09000000
1774458000000,2026-03-25T17:00:00+00:00,599.78000000,602.20000000,599.78000000,599.78000000,0.46000000
1774461600000,2026-03-25T18:00:00+00:00,598.76000000,598.76000000,596.80000000,596.80000000,0.28000000
1774465200000,2026-03-25T19:00:00+00:00,596.24000000,596.45000000,594.85000000,595.18000000,3.57000000
1774468800000,2026-03-25T20:00:00+00:00,596.24000000,596.49000000,595.58000000,595.58000000,0.10000000
1774472400000,2026-03-25T21:00:00+00:00,595.58000000,595.58000000,595.58000000,595.58000000,0.00000000
1774476000000,2026-03-25T22:00:00+00:00,595.06000000,595.06000000,595.06000000,595.06000000,0.04000000
1774479600000,2026-03-25T23:00:00+00:00,593.88000000,594.30000000,592.12000000,592.12000000,0.36000000
1774483200000,2026-03-26T00:00:00+00:00,593.88000000,595.11000000,593.88000000,595.11000000,0.12000000
1774486800000,2026-03-26T01:00:00+00:00,595.11000000,595.11000000,595.11000000,595.11000000,0.00000000
1774490400000,2026-03-26T02:00:00+00:00,593.88000000,593.88000000,592.20000000,592.20000000,2.01000000
1774494000000,2026-03-26T03:00:00+00:00,593.88000000,593.88000000,593.88000000,593.88000000,0.04000000
1774497600000,2026-03-26T04:00:00+00:00,594.84000000,594.84000000,594.84000000,594.84000000,0.05000000
1774501200000,2026-03-26T05:00:00+00:00,592.70000000,592.70000000,592.70000000,592.70000000,0.04000000
1774504800000,2026-03-26T06:00:00+00:00,591.80000000,593.44000000,591.80000000,592.58000000,3.95000000
1774508400000,2026-03-26T07:00:00+00:00,592.58000000,592.58000000,592.58000000,592.58000000,0.00000000
1774512000000,2026-03-26T08:00:00+00:00,592.47000000,593.88000000,590.49000000,591.17000000,4.33000000
1774515600000,2026-03-26T09:00:00+00:00,590.34000000,590.34000000,587.98000000,587.98000000,3.78000000
1774519200000,2026-03-26T10:00:00+00:00,589.16000000,589.16000000,587.98000000,588.16000000,0.07000000
1774522800000,2026-03-26T11:00:00+00:00,587.98000000,587.98000000,586.56000000,586.56000000,0.37000000
1774526400000,2026-03-26T12:00:00+00:00,585.96000000,586.74000000,585.06000000,585.06000000,0.25000000
1774530000000,2026-03-26T13:00:00+00:00,584.51000000,584.51000000,575.28000000,575.28000000,4.63000000
1774533600000,2026-03-26T14:00:00+00:00,577.24000000,579.44000000,561.74000000,561.74000000,81.47000000
1774537200000,2026-03-26T15:00:00+00:00,561.81000000,565.01000000,555.15000000,556.89000000,48.96000000
1774540800000,2026-03-26T16:00:00+00:00,556.78000000,557.67000000,552.39000000,552.39000000,13.26000000
1774544400000,2026-03-26T17:00:00+00:00,552.00000000,554.02000000,546.14000000,546.22000000,16.31000000
1774548000000,2026-03-26T18:00:00+00:00,547.00000000,548.84000000,544.46000000,548.11000000,11.03000000
1774551600000,2026-03-26T19:00:00+00:00,548.18000000,550.79000000,546.50000000,548.20000000,51.37000000
1774555200000,2026-03-26T20:00:00+00:00,547.77000000,552.41000000,545.95000000,549.55000000,24.24000000
1774558800000,2026-03-26T21:00:00+00:00,548.62000000,549.29000000,548.11000000,548.66000000,1.75000000
1774562400000,2026-03-26T22:00:00+00:00,550.57000000,551.89000000,550.57000000,551.17000000,2.06000000
1774566000000,2026-03-26T23:00:00+00:00,551.18000000,551.89000000,550.46000000,551.02000000,1.20000000
1774569600000,2026-03-27T00:00:00+00:00,552.27000000,553.43000000,550.34000000,550.34000000,3.13000000
1774573200000,2026-03-27T01:00:00+00:00,550.27000000,552.41000000,550.27000000,552.29000000,0.45000000
1774576800000,2026-03-27T02:00:00+00:00,552.63000000,553.58000000,552.18000000,553.24000000,2.00000000
1774580400000,2026-03-27T03:00:00+00:00,553.44000000,553.84000000,553.04000000,553.72000000,1.89000000
1774584000000,2026-03-27T04:00:00+00:00,553.67000000,554.36000000,553.05000000,554.36000000,1.26000000
1774587600000,2026-03-27T05:00:00+00:00,554.25000000,554.26000000,553.01000000,553.08000000,0.38000000
1774591200000,2026-03-27T06:00:00+00:00,553.03000000,553.13000000,551.75000000,551.75000000,1.29000000
1774594800000,2026-03-27T07:00:00+00:00,551.34000000,552.07000000,550.80000000,550.80000000,6.95000000
1774598400000,2026-03-27T08:00:00+00:00,551.07000000,551.07000000,547.70000000,548.58000000,32.41000000
1774602000000,2026-03-27T09:00:00+00:00,547.67000000,548.50000000,545.83000000,548.40000000,10.64000000
1774605600000,2026-03-27T10:00:00+00:00,547.13000000,548.75000000,543.94000000,543.94000000,2.01000000
1774609200000,2026-03-27T11:00:00+00:00,544.38000000,545.23000000,541.18000000,544.86000000,6.79000000
1774612800000,2026-03-27T12:00:00+00:00,543.62000000,543.63000000,538.84000000,540.88000000,21.83000000
1774616400000,2026-03-27T13:00:00+00:00,540.57000000,543.92000000,535.00000000,535.15000000,105.04000000
1774620000000,2026-03-27T14:00:00+00:00,535.00000000,535.00000000,530.27000000,530.27000000,41.23000000
1774623600000,2026-03-27T15:00:00+00:00,531.21000000,531.74000000,526.73000000,531.02000000,75.52000000
1774627200000,2026-03-27T16:00:00+00:00,529.89000000,531.26000000,526.19000000,528.23000000,51.37000000
1774630800000,2026-03-27T17:00:00+00:00,527.75000000,530.07000000,521.61000000,521.64000000,10.44000000
1774634400000,2026-03-27T18:00:00+00:00,521.38000000,526.36000000,520.87000000,525.18000000,12.72000000
1774638000000,2026-03-27T19:00:00+00:00,525.06000000,528.22000000,524.00000000,527.38000000,3.93000000
1774641600000,2026-03-27T20:00:00+00:00,525.83000000,528.01000000,524.70000000,525.80000000,20.28000000
1774645200000,2026-03-27T21:00:00+00:00,525.82000000,526.12000000,525.41000000,525.55000000,1.27000000
1774648800000,2026-03-27T22:00:00+00:00,524.55000000,524.55000000,523.06000000,523.48000000,3.29000000
1774652400000,2026-03-27T23:00:00+00:00,523.34000000,523.34000000,520.92000000,520.92000000,4.25000000
1774656000000,2026-03-28T00:00:00+00:00,520.70000000,522.45000000,517.59000000,520.32000000,154.83000000
1774659600000,2026-03-28T01:00:00+00:00,520.49000000,521.32000000,520.49000000,520.79000000,4.74000000
1774663200000,2026-03-28T02:00:00+00:00,520.50000000,521.64000000,520.50000000,521.16000000,13.16000000
1774666800000,2026-03-28T03:00:00+00:00,520.81000000,521.45000000,520.51000000,521.04000000,0.27000000
1774670400000,2026-03-28T04:00:00+00:00,521.29000000,521.43000000,520.88000000,520.88000000,2.03000000
1774674000000,2026-03-28T05:00:00+00:00,520.93000000,521.19000000,520.93000000,521.18000000,5.33000000
1774677600000,2026-03-28T06:00:00+00:00,521.38000000,521.95000000,521.03000000,521.60000000,3.16000000
1774681200000,2026-03-28T07:00:00+00:00,521.24000000,522.34000000,520.79000000,522.04000000,2.34000000
1774684800000,2026-03-28T08:00:00+00:00,521.83000000,522.01000000,521.07000000,521.07000000,3.63000000
1774688400000,2026-03-28T09:00:00+00:00,521.06000000,521.96000000,520.79000000,520.79000000,20.01000000
1774692000000,2026-03-28T10:00:00+00:00,521.29000000,521.29000000,521.18000000,521.18000000,0.47000000
1774695600000,2026-03-28T11:00:00+00:00,521.18000000,521.36000000,521.18000000,521.36000000,0.94000000
1774699200000,2026-03-28T12:00:00+00:00,521.19000000,521.73000000,521.18000000,521.41000000,4.73000000
1774702800000,2026-03-28T13:00:00+00:00,521.42000000,522.69000000,521.42000000,522.69000000,13.37000000
1774706400000,2026-03-28T14:00:00+00:00,522.52000000,523.21000000,522.43000000,522.48000000,7.17000000
1774710000000,2026-03-28T15:00:00+00:00,522.35000000,522.96000000,522.08000000,522.96000000,3.94000000
1774713600000,2026-03-28T16:00:00+00:00,522.04000000,523.03000000,521.72000000,521.72000000,2.68000000
1774717200000,2026-03-28T17:00:00+00:00,521.70000000,521.70000000,521.64000000,521.68000000,4.69000000
1774720800000,2026-03-28T18:00:00+00:00,521.69000000,522.44000000,521.69000000,521.91000000,51.08000000
1774724400000,2026-03-28T19:00:00+00:00,521.80000000,522.38000000,521.72000000,522.38000000,5.18000000
1774728000000,2026-03-28T20:00:00+00:00,522.25000000,522.30000000,521.99000000,522.04000000,1.92000000
1774731600000,2026-03-28T21:00:00+00:00,521.78000000,522.07000000,521.78000000,521.93000000,0.30000000
1774735200000,2026-03-28T22:00:00+00:00,522.02000000,522.02000000,521.94000000,522.01000000,3.25000000
1774738800000,2026-03-28T23:00:00+00:00,521.73000000,522.08000000,521.40000000,521.73000000,40.54000000
1774742400000,2026-03-29T00:00:00+00:00,521.58000000,521.63000000,521.27000000,521.35000000,7.32000000
1774746000000,2026-03-29T01:00:00+00:00,521.61000000,522.26000000,521.52000000,522.20000000,8.71000000
1774749600000,2026-03-29T02:00:00+00:00,522.29000000,522.33000000,521.76000000,522.32000000,10.54000000
1774753200000,2026-03-29T03:00:00+00:00,522.46000000,523.59000000,522.46000000,523.08000000,9.99000000
1774756800000,2026-03-29T04:00:00+00:00,523.13000000,523.28000000,522.21000000,522.25000000,34.05000000
1774760400000,2026-03-29T05:00:00+00:00,522.25000000,522.56000000,522.25000000,522.29000000,6.83000000
1774764000000,2026-03-29T06:00:00+00:00,522.26000000,522.26000000,521.72000000,521.72000000,4.66000000
1774767600000,2026-03-29T07:00:00+00:00,521.65000000,521.83000000,521.63000000,521.73000000,1.12000000
1774771200000,2026-03-29T08:00:00+00:00,521.72000000,521.72000000,521.11000000,521.39000000,23.27000000
1774774800000,2026-03-29T09:00:00+00:00,521.28000000,522.03000000,520.42000000,520.79000000,33.23000000
1774778400000,2026-03-29T10:00:00+00:00,520.81000000,521.45000000,520.55000000,520.55000000,9.08000000
1774782000000,2026-03-29T11:00:00+00:00,520.70000000,521.83000000,520.70000000,521.15000000,6.67000000
1774785600000,2026-03-29T12:00:00+00:00,521.51000000,522.37000000,521.51000000,522.37000000,13.25000000
1774789200000,2026-03-29T13:00:00+00:00,522.16000000,522.35000000,522.16000000,522.35000000,0.13000000
1774792800000,2026-03-29T14:00:00+00:00,522.24000000,522.75000000,522.17000000,522.17000000,5.46000000
1774796400000,2026-03-29T15:00:00+00:00,522.17000000,522.18000000,521.43000000,521.49000000,43.84000000
1774800000000,2026-03-29T16:00:00+00:00,521.71000000,521.82000000,521.71000000,521.82000000,3.95000000
1774803600000,2026-03-29T17:00:00+00:00,521.73000000,521.74000000,521.73000000,521.73000000,0.36000000
1774807200000,2026-03-29T18:00:00+00:00,521.73000000,522.11000000,521.73000000,522.11000000,0.23000000
1774810800000,2026-03-29T19:00:00+00:00,522.19000000,522.19000000,522.17000000,522.17000000,0.75000000
1774814400000,2026-03-29T20:00:00+00:00,522.17000000,523.20000000,522.08000000,522.80000000,32.64000000
1774818000000,2026-03-29T21:00:00+00:00,522.48000000,523.20000000,521.84000000,522.53000000,0.64000000
1774821600000,2026-03-29T22:00:00+00:00,522.45000000,522.45000000,520.88000000,521.02000000,9.26000000
1774825200000,2026-03-29T23:00:00+00:00,521.80000000,522.76000000,520.54000000,520.54000000,42.09000000
1774828800000,2026-03-30T00:00:00+00:00,520.38000000,527.04000000,518.85000000,526.03000000,31.27000000
1774832400000,2026-03-30T01:00:00+00:00,525.94000000,527.73000000,523.91000000,527.73000000,11.63000000
1774836000000,2026-03-30T02:00:00+00:00,527.73000000,531.40000000,527.26000000,530.53000000,347.85000000
1774839600000,2026-03-30T03:00:00+00:00,530.95000000,533.52000000,530.30000000,531.31000000,139.44000000
1774843200000,2026-03-30T04:00:00+00:00,531.93000000,532.43000000,530.56000000,531.44000000,95.72000000
1774846800000,2026-03-30T05:00:00+00:00,531.53000000,532.48000000,531.04000000,531.64000000,59.91000000
1774850400000,2026-03-30T06:00:00+00:00,531.71000000,533.18000000,531.36000000,532.26000000,108.71000000
1774854000000,2026-03-30T07:00:00+00:00,532.31000000,532.78000000,530.99000000,532.47000000,31.64000000
1774857600000,2026-03-30T08:00:00+00:00,532.29000000,534.55000000,531.05000000,533.30000000,168.89000000
1774861200000,2026-03-30T09:00:00+00:00,533.31000000,533.57000000,531.44000000,531.44000000,9.54000000
1774864800000,2026-03-30T10:00:00+00:00,531.37000000,532.56000000,531.17000000,532.22000000,14.28000000
1774868400000,2026-03-30T11:00:00+00:00,531.67000000,533.81000000,530.50000000,533.65000000,6.83000000
1774872000000,2026-03-30T12:00:00+00:00,533.19000000,535.05000000,532.83000000,533.72000000,7.75000000
1774875600000,2026-03-30T13:00:00+00:00,533.76000000,537.46000000,530.50000000,532.68000000,94.65000000
1774879200000,2026-03-30T14:00:00+00:00,531.98000000,535.00000000,529.60000000,534.90000000,48.76000000
1774882800000,2026-03-30T15:00:00+00:00,535.37000000,540.32000000,532.92000000,539.43000000,90.81000000
1774886400000,2026-03-30T16:00:00+00:00,538.62000000,539.69000000,536.14000000,537.56000000,14.47000000
1774890000000,2026-03-30T17:00:00+00:00,537.60000000,538.43000000,536.14000000,538.10000000,63.13000000
1774893600000,2026-03-30T18:00:00+00:00,538.40000000,539.54000000,536.81000000,536.96000000,11.61000000
1774897200000,2026-03-30T19:00:00+00:00,537.56000000,538.29000000,534.33000000,537.62000000,6.12000000
1774900800000,2026-03-30T20:00:00+00:00,537.42000000,537.52000000,535.31000000,537.11000000,9.06000000
1774904400000,2026-03-30T21:00:00+00:00,536.71000000,536.71000000,536.49000000,536.67000000,3.60000000
1774908000000,2026-03-30T22:00:00+00:00,536.14000000,537.52000000,535.99000000,536.94000000,7.49000000
1774911600000,2026-03-30T23:00:00+00:00,536.11000000,536.11000000,534.36000000,534.36000000,16.44000000
1774915200000,2026-03-31T00:00:00+00:00,534.74000000,542.36000000,533.77000000,539.05000000,43.30000000
1774918800000,2026-03-31T01:00:00+00:00,539.35000000,545.21000000,539.35000000,544.49000000,137.85000000
1774922400000,2026-03-31T02:00:00+00:00,544.68000000,546.07000000,543.96000000,545.34000000,53.35000000
1774926000000,2026-03-31T03:00:00+00:00,545.02000000,546.62000000,544.21000000,544.21000000,12.00000000
1774929600000,2026-03-31T04:00:00+00:00,544.40000000,544.59000000,542.36000000,542.36000000,6.31000000
1774933200000,2026-03-31T05:00:00+00:00,542.48000000,544.47000000,540.82000000,543.42000000,11.97000000
1774936800000,2026-03-31T06:00:00+00:00,543.30000000,543.70000000,541.83000000,542.89000000,39.12000000
1774940400000,2026-03-31T07:00:00+00:00,543.28000000,545.56000000,541.79000000,545.56000000,30.85000000
1774944000000,2026-03-31T08:00:00+00:00,545.02000000,546.05000000,543.71000000,545.00000000,72.43000000
1774947600000,2026-03-31T09:00:00+00:00,545.12000000,546.23000000,544.31000000,544.57000000,54.15000000
1774951200000,2026-03-31T10:00:00+00:00,544.79000000,546.26000000,543.72000000,544.05000000,26.49000000
1774954800000,2026-03-31T11:00:00+00:00,544.28000000,545.73000000,541.91000000,545.02000000,55.16000000
1774958400000,2026-03-31T12:00:00+00:00,545.05000000,546.57000000,543.59000000,546.53000000,72.37000000
1774962000000,2026-03-31T13:00:00+00:00,546.01000000,559.55000000,546.01000000,557.21000000,382.82000000
1774965600000,2026-03-31T14:00:00+00:00,557.67000000,559.08000000,551.86000000,552.49000000,118.88000000
1774969200000,2026-03-31T15:00:00+00:00,552.22000000,559.08000000,551.96000000,557.25000000,163.70000000
1774972800000,2026-03-31T16:00:00+00:00,556.87000000,567.34000000,556.87000000,566.17000000,297.07000000
1774976400000,2026-03-31T17:00:00+00:00,566.89000000,574.25000000,566.63000000,569.46000000,111.67000000
1774980000000,2026-03-31T18:00:00+00:00,569.19000000,572.22000000,569.05000000,570.92000000,45.22000000
1774983600000,2026-03-31T19:00:00+00:00,570.90000000,572.75000000,568.95000000,572.58000000,115.85000000
1774987200000,2026-03-31T20:00:00+00:00,572.27000000,574.46000000,571.69000000,573.66000000,99.49000000
1774990800000,2026-03-31T21:00:00+00:00,573.26000000,573.33000000,572.26000000,572.55000000,4.77000000
1774994400000,2026-03-31T22:00:00+00:00,572.30000000,574.57000000,572.22000000,574.57000000,11.98000000
1774998000000,2026-03-31T23:00:00+00:00,574.69000000,577.38000000,574.46000000,577.25000000,7.89000000
1775001600000,2026-04-01T00:00:00+00:00,577.55000000,578.71000000,575.95000000,576.69000000,24.22000000
1775005200000,2026-04-01T01:00:00+00:00,576.37000000,576.37000000,573.82000000,574.87000000,4.59000000
1775008800000,2026-04-01T02:00:00+00:00,574.62000000,574.89000000,573.71000000,573.97000000,1.67000000
1775012400000,2026-04-01T03:00:00+00:00,574.35000000,574.99000000,574.35000000,574.44000000,2.37000000
1775016000000,2026-04-01T04:00:00+00:00,574.88000000,576.71000000,574.88000000,576.10000000,2.70000000
1775019600000,2026-04-01T05:00:00+00:00,576.09000000,578.52000000,576.09000000,577.53000000,14.79000000
1775023200000,2026-04-01T06:00:00+00:00,576.86000000,580.66000000,576.73000000,579.93000000,10.26000000
1775026800000,2026-04-01T07:00:00+00:00,579.67000000,579.81000000,577.34000000,577.89000000,7.56000000
1775030400000,2026-04-01T08:00:00+00:00,577.24000000,578.66000000,575.60000000,576.51000000,11.03000000
1775034000000,2026-04-01T09:00:00+00:00,576.51000000,576.79000000,574.66000000,576.51000000,6.74000000
1775037600000,2026-04-01T10:00:00+00:00,576.14000000,578.18000000,575.25000000,576.49000000,42.39000000
1775041200000,2026-04-01T11:00:00+00:00,576.80000000,579.03000000,576.12000000,579.03000000,7.13000000
1775044800000,2026-04-01T12:00:00+00:00,579.04000000,579.45000000,577.02000000,577.02000000,37.04000000
1775048400000,2026-04-01T13:00:00+00:00,576.80000000,585.02000000,574.68000000,578.27000000,76.78000000
1775052000000,2026-04-01T14:00:00+00:00,578.62000000,582.47000000,576.78000000,581.90000000,76.45000000
1775055600000,2026-04-01T15:00:00+00:00,581.69000000,585.02000000,581.20000000,584.05000000,75.09000000
1775059200000,2026-04-01T16:00:00+00:00,584.31000000,590.17000000,583.47000000,590.15000000,164.03000000
1775062800000,2026-04-01T17:00:00+00:00,589.86000000,593.00000000,587.02000000,587.02000000,196.17000000
1775066400000,2026-04-01T18:00:00+00:00,586.99000000,586.99000000,576.78000000,577.55000000,39.72000000
1775070000000,2026-04-01T19:00:00+00:00,577.36000000,583.21000000,577.36000000,579.69000000,44.83000000
1775073600000,2026-04-01T20:00:00+00:00,579.94000000,580.24000000,578.82000000,579.69000000,14.61000000
1775077200000,2026-04-01T21:00:00+00:00,579.33000000,579.69000000,578.66000000,579.15000000,3.74000000
1775080800000,2026-04-01T22:00:00+00:00,579.26000000,579.26000000,577.96000000,578.62000000,2.04000000
1775084400000,2026-04-01T23:00:00+00:00,578.92000000,579.38000000,578.09000000,578.16000000,11.09000000
1775088000000,2026-04-02T00:00:00+00:00,578.32000000,582.72000000,577.34000000,582.36000000,22.23000000
1775091600000,2026-04-02T01:00:00+00:00,582.30000000,582.30000000,568.49000000,570.45000000,97.14000000
1775095200000,2026-04-02T02:00:00+00:00,570.19000000,571.55000000,566.71000000,568.36000000,115.12000000
1775098800000,2026-04-02T03:00:00+00:00,568.00000000,568.97000000,567.07000000,567.58000000,63.89000000
1775102400000,2026-04-02T04:00:00+00:00,567.57000000,567.82000000,566.11000000,566.31000000,53.52000000
1775106000000,2026-04-02T05:00:00+00:00,566.44000000,567.95000000,564.00000000,565.57000000,82.00000000
1775109600000,2026-04-02T06:00:00+00:00,565.58000000,566.85000000,565.15000000,566.82000000,60.13000000
1775113200000,2026-04-02T07:00:00+00:00,566.85000000,569.50000000,566.77000000,568.56000000,46.73000000
1775116800000,2026-04-02T08:00:00+00:00,568.49000000,570.07000000,567.75000000,568.87000000,40.30000000
1775120400000,2026-04-02T09:00:00+00:00,568.70000000,568.85000000,565.97000000,566.25000000,17.51000000
1775124000000,2026-04-02T10:00:00+00:00,566.08000000,566.89000000,564.48000000,566.89000000,17.48000000
1775127600000,2026-04-02T11:00:00+00:00,566.35000000,566.42000000,562.83000000,563.89000000,21.10000000
1775131200000,2026-04-02T12:00:00+00:00,563.40000000,563.40000000,561.09000000,561.41000000,40.23000000
1775134800000,2026-04-02T13:00:00+00:00,561.41000000,569.26000000,559.88000000,567.42000000,59.45000000
1775138400000,2026-04-02T14:00:00+00:00,567.53000000,578.54000000,566.89000000,572.22000000,174.17000000
1775142000000,2026-04-02T15:00:00+00:00,572.37000000,573.91000000,569.73000000,570.70000000,82.65000000
1775145600000,2026-04-02T16:00:00+00:00,570.76000000,573.54000000,569.89000000,571.32000000,41.71000000
1775149200000,2026-04-02T17:00:00+00:00,571.24000000,573.32000000,569.85000000,571.02000000,75.00000000
1775152800000,2026-04-02T18:00:00+00:00,571.03000000,574.23000000,571.03000000,573.40000000,45.41000000
1775156400000,2026-04-02T19:00:00+00:00,573.59000000,575.28000000,573.15000000,574.89000000,35.78000000
1775160000000,2026-04-02T20:00:00+00:00,574.86000000,575.74000000,574.07000000,575.47000000,26.09000000
1775163600000,2026-04-02T21:00:00+00:00,575.12000000,575.40000000,574.40000000,575.06000000,12.63000000
1775167200000,2026-04-02T22:00:00+00:00,574.57000000,574.85000000,574.37000000,574.39000000,2.17000000
1775170800000,2026-04-02T23:00:00+00:00,574.47000000,575.36000000,574.47000000,575.28000000,10.29000000
1775174400000,2026-04-03T00:00:00+00:00,574.91000000,574.97000000,574.66000000,574.77000000,11.29000000
1775178000000,2026-04-03T01:00:00+00:00,574.60000000,575.40000000,574.41000000,575.32000000,7.31000000
1775181600000,2026-04-03T02:00:00+00:00,575.06000000,575.48000000,573.91000000,574.27000000,20.29000000
1775185200000,2026-04-03T03:00:00+00:00,574.66000000,575.06000000,574.47000000,574.60000000,5.88000000
1775188800000,2026-04-03T04:00:00+00:00,574.63000000,574.95000000,574.35000000,574.83000000,23.91000000
1775192400000,2026-04-03T05:00:00+00:00,574.84000000,575.39000000,574.23000000,575.39000000,38.62000000
1775196000000,2026-04-03T06:00:00+00:00,574.94000000,575.23000000,573.74000000,574.40000000,36.96000000
1775199600000,2026-04-03T07:00:00+00:00,574.17000000,574.73000000,573.82000000,574.67000000,27.15000000
1775203200000,2026-04-03T08:00:00+00:00,574.87000000,574.95000000,574.35000000,574.58000000,11.11000000
1775206800000,2026-04-03T09:00:00+00:00,574.62000000,574.80000000,574.42000000,574.42000000,7.86000000
1775210400000,2026-04-03T10:00:00+00:00,574.67000000,574.94000000,574.42000000,574.53000000,8.81000000
1775214000000,2026-04-03T11:00:00+00:00,574.64000000,575.12000000,573.91000000,574.49000000,26.21000000
1775217600000,2026-04-03T12:00:00+00:00,574.54000000,575.42000000,573.41000000,573.78000000,42.29000000
1775221200000,2026-04-03T13:00:00+00:00,574.27000000,574.88000000,574.01000000,574.22000000,10.58000000
1775224800000,2026-04-03T14:00:00+00:00,574.40000000,574.64000000,574.11000000,574.40000000,23.04000000
1775228400000,2026-04-03T15:00:00+00:00,574.57000000,574.68000000,573.93000000,574.28000000,29.31000000
1775232000000,2026-04-03T16:00:00+00:00,574.22000000,575.69000000,573.97000000,574.05000000,29.05000000
1775235600000,2026-04-03T17:00:00+00:00,574.01000000,574.45000000,573.90000000,574.07000000,28.65000000
1775239200000,2026-04-03T18:00:00+00:00,574.08000000,574.55000000,573.88000000,574.35000000,41.79000000
1775242800000,2026-04-03T19:00:00+00:00,574.44000000,574.75000000,573.51000000,574.36000000,37.04000000
1775246400000,2026-04-03T20:00:00+00:00,574.04000000,574.77000000,574.04000000,574.45000000,22.09000000
1775250000000,2026-04-03T21:00:00+00:00,574.56000000,574.95000000,573.82000000,574.44000000,28.54000000
1775253600000,2026-04-03T22:00:00+00:00,574.20000000,574.92000000,574.13000000,574.60000000,27.19000000
1775257200000,2026-04-03T23:00:00+00:00,574.64000000,574.80000000,574.12000000,574.63000000,20.93000000
1775260800000,2026-04-04T00:00:00+00:00,574.75000000,575.32000000,574.25000000,574.50000000,17.57000000
1775264400000,2026-04-04T01:00:00+00:00,574.53000000,574.68000000,573.61000000,573.88000000,42.22000000
1775268000000,2026-04-04T02:00:00+00:00,573.97000000,574.30000000,573.41000000,574.24000000,43.01000000
1775271600000,2026-04-04T03:00:00+00:00,574.24000000,574.40000000,573.70000000,574.15000000,60.88000000
1775275200000,2026-04-04T04:00:00+00:00,574.28000000,574.42000000,573.60000000,574.00000000,46.54000000
1775278800000,2026-04-04T05:00:00+00:00,574.07000000,574.70000000,572.64000000,573.89000000,111.70000000
1775282400000,2026-04-04T06:00:00+00:00,573.89000000,574.37000000,572.89000000,573.92000000,20.08000000
1775286000000,2026-04-04T07:00:00+00:00,573.47000000,574.34000000,573.12000000,574.10000000,35.02000000
1775289600000,2026-04-04T08:00:00+00:00,573.87000000,574.32000000,572.99000000,573.92000000,43.38000000
1775293200000,2026-04-04T09:00:00+00:00,573.30000000,574.35000000,573.17000000,574.00000000,16.63000000
1775296800000,2026-04-04T10:00:00+00:00,574.26000000,574.60000000,572.36000000,574.02000000,47.24000000
1775300400000,2026-04-04T11:00:00+00:00,574.07000000,574.56000000,573.53000000,574.34000000,19.08000000
1775304000000,2026-04-04T12:00:00+00:00,574.06000000,574.69000000,573.60000000,574.42000000,33.93000000
1775307600000,2026-04-04T13:00:00+00:00,573.82000000,574.75000000,573.45000000,573.87000000,27.52000000
1775311200000,2026-04-04T14:00:00+00:00,574.18000000,574.63000000,572.22000000,574.01000000,76.52000000
1775314800000,2026-04-04T15:00:00+00:00,574.20000000,574.63000000,572.58000000,574.34000000,44.27000000
1775318400000,2026-04-04T16:00:00+00:00,574.40000000,574.95000000,573.24000000,574.18000000,116.12000000
1775322000000,2026-04-04T17:00:00+00:00,574.18000000,574.86000000,573.58000000,574.33000000,101.25000000
1775325600000,2026-04-04T18:00:00+00:00,574.35000000,574.74000000,574.14000000,574.51000000,3.33000000
1775329200000,2026-04-04T19:00:00+00:00,574.41000000,574.64000000,574.08000000,574.48000000,18.96000000
1775332800000,2026-04-04T20:00:00+00:00,574.37000000,574.53000000,574.03000000,574.45000000,15.12000000
1775336400000,2026-04-04T21:00:00+00:00,574.12000000,574.62000000,573.68000000,574.41000000,10.30000000
1775340000000,2026-04-04T22:00:00+00:00,574.39000000,574.50000000,573.82000000,574.01000000,14.84000000
1775343600000,2026-04-04T23:00:00+00:00,574.35000000,574.93000000,573.60000000,574.49000000,39.04000000
1775347200000,2026-04-05T00:00:00+00:00,574.40000000,574.58000000,573.65000000,574.02000000,11.17000000
1775350800000,2026-04-05T01:00:00+00:00,574.10000000,574.23000000,573.65000000,573.96000000,19.81000000
1775354400000,2026-04-05T02:00:00+00:00,573.94000000,574.03000000,573.64000000,573.92000000,9.71000000
1775358000000,2026-04-05T03:00:00+00:00,573.78000000,574.46000000,573.78000000,574.02000000,11.71000000
1775361600000,2026-04-05T04:00:00+00:00,573.82000000,573.82000000,573.46000000,573.54000000,7.97000000
1775365200000,2026-04-05T05:00:00+00:00,573.52000000,574.59000000,572.33000000,573.55000000,87.46000000
1775368800000,2026-04-05T06:00:00+00:00,573.44000000,573.70000000,572.32000000,572.83000000,31.59000000
1775372400000,2026-04-05T07:00:00+00:00,572.74000000,574.17000000,572.39000000,572.67000000,13.62000000
1775376000000,2026-04-05T08:00:00+00:00,573.11000000,573.69000000,572.76000000,573.35000000,15.02000000
1775379600000,2026-04-05T09:00:00+00:00,573.31000000,574.10000000,572.01000000,573.06000000,77.23000000
1775383200000,2026-04-05T10:00:00+00:00,573.06000000,574.30000000,572.56000000,574.04000000,149.33000000
1775386800000,2026-04-05T11:00:00+00:00,574.03000000,574.36000000,572.87000000,573.56000000,134.17000000
1775390400000,2026-04-05T12:00:00+00:00,573.38000000,573.69000000,572.34000000,572.65000000,144.77000000
1775394000000,2026-04-05T13:00:00+00:00,572.90000000,573.35000000,571.85000000,572.49000000,141.60000000
1775397600000,2026-04-05T14:00:00+00:00,572.75000000,573.14000000,571.08000000,572.64000000,34.07000000
1775401200000,2026-04-05T15:00:00+00:00,572.66000000,574.03000000,572.22000000,573.40000000,34.53000000
1775404800000,2026-04-05T16:00:00+00:00,573.35000000,573.90000000,572.76000000,572.92000000,14.54000000
1775408400000,2026-04-05T17:00:00+00:00,572.92000000,573.25000000,572.57000000,573.02000000,4.12000000
1775412000000,2026-04-05T18:00:00+00:00,573.09000000,574.05000000,572.84000000,573.52000000,10.19000000
1775415600000,2026-04-05T19:00:00+00:00,573.55000000,574.96000000,573.11000000,574.53000000,31.39000000
1775419200000,2026-04-05T20:00:00+00:00,574.42000000,575.01000000,574.30000000,574.96000000,35.77000000
1775422800000,2026-04-05T21:00:00+00:00,574.76000000,575.20000000,574.38000000,574.59000000,13.63000000
1775426400000,2026-04-05T22:00:00+00:00,574.86000000,574.86000000,572.16000000,572.84000000,40.15000000
1775430000000,2026-04-05T23:00:00+00:00,573.06000000,573.85000000,572.71000000,573.57000000,12.77000000
1775433600000,2026-04-06T00:00:00+00:00,573.43000000,576.81000000,573.43000000,574.95000000,74.28000000
1775437200000,2026-04-06T01:00:00+00:00,575.23000000,577.55000000,574.84000000,575.00000000,51.68000000
1775440800000,2026-04-06T02:00:00+00:00,575.00000000,579.96000000,574.77000000,577.41000000,23.40000000
1775444400000,2026-04-06T03:00:00+00:00,577.73000000,577.73000000,575.26000000,576.11000000,35.35000000
1775448000000,2026-04-06T04:00:00+00:00,576.11000000,577.08000000,575.82000000,577.08000000,0.42000000
1775451600000,2026-04-06T05:00:00+00:00,576.97000000,577.34000000,576.59000000,576.62000000,3.31000000
1775455200000,2026-04-06T06:00:00+00:00,576.56000000,577.59000000,576.27000000,577.28000000,1.44000000
1775458800000,2026-04-06T07:00:00+00:00,576.73000000,578.85000000,576.65000000,578.61000000,7.02000000
1775462400000,2026-04-06T08:00:00+00:00,578.51000000,584.83000000,576.80000000,583.21000000,45.25000000
1775466000000,2026-04-06T09:00:00+00:00,583.54000000,583.99000000,581.82000000,581.82000000,23.10000000
1775469600000,2026-04-06T10:00:00+00:00,581.71000000,582.84000000,580.97000000,581.74000000,16.68000000
1775473200000,2026-04-06T11:00:00+00:00,581.30000000,581.30000000,579.69000000,580.62000000,7.00000000
1775476800000,2026-04-06T12:00:00+00:00,580.22000000,581.74000000,580.19000000,580.40000000,5.46000000
1775480400000,2026-04-06T13:00:00+00:00,580.72000000,583.29000000,577.26000000,582.24000000,39.14000000
1775484000000,2026-04-06T14:00:00+00:00,581.76000000,582.57000000,574.35000000,576.53000000,39.19000000
1775487600000,2026-04-06T15:00:00+00:00,576.45000000,579.51000000,576.30000000,578.83000000,12.54000000
1775491200000,2026-04-06T16:00:00+00:00,579.15000000,580.40000000,578.05000000,578.64000000,108.97000000
1775494800000,2026-04-06T17:00:00+00:00,578.15000000,578.15000000,575.86000000,576.25000000,12.81000000
1775498400000,2026-04-06T18:00:00+00:00,576.01000000,579.12000000,574.95000000,577.96000000,24.41000000
1775502000000,2026-04-06T19:00:00+00:00,578.07000000,578.43000000,573.12000000,574.12000000,7.83000000
1775505600000,2026-04-06T20:00:00+00:00,574.10000000,574.61000000,573.82000000,574.31000000,1.12000000
1775509200000,2026-04-06T21:00:00+00:00,574.18000000,574.29000000,573.97000000,574.15000000,0.78000000
1775512800000,2026-04-06T22:00:00+00:00,574.45000000,574.45000000,573.20000000,573.20000000,8.94000000
1775516400000,2026-04-06T23:00:00+00:00,573.16000000,573.66000000,572.83000000,573.08000000,6.95000000
1775520000000,2026-04-07T00:00:00+00:00,573.29000000,577.21000000,571.24000000,574.05000000,46.49000000
1775523600000,2026-04-07T01:00:00+00:00,573.82000000,573.82000000,569.55000000,569.55000000,13.68000000
1775527200000,2026-04-07T02:00:00+00:00,569.61000000,571.15000000,568.57000000,570.51000000,10.18000000
1775530800000,2026-04-07T03:00:00+00:00,570.62000000,571.57000000,569.16000000,570.88000000,20.42000000
1775534400000,2026-04-07T04:00:00+00:00,570.47000000,571.69000000,569.76000000,571.55000000,1.73000000
1775538000000,2026-04-07T05:00:00+00:00,571.50000000,571.79000000,570.63000000,570.63000000,2.60000000
1775541600000,2026-04-07T06:00:00+00:00,570.85000000,570.87000000,569.96000000,570.87000000,5.36000000
1775545200000,2026-04-07T07:00:00+00:00,570.72000000,571.10000000,569.93000000,570.71000000,3.49000000
1775548800000,2026-04-07T08:00:00+00:00,570.87000000,575.34000000,570.87000000,574.00000000,4904.14000000
1775552400000,2026-04-07T09:00:00+00:00,574.23000000,576.80000000,573.53000000,576.77000000,354.04000000
1775556000000,2026-04-07T10:00:00+00:00,576.26000000,576.70000000,571.40000000,572.22000000,14.66000000
1775559600000,2026-04-07T11:00:00+00:00,572.01000000,572.01000000,569.77000000,570.79000000,17.06000000
1775563200000,2026-04-07T12:00:00+00:00,570.79000000,571.84000000,569.16000000,570.64000000,37.10000000
1775566800000,2026-04-07T13:00:00+00:00,570.68000000,572.91000000,569.22000000,569.35000000,45.07000000
1775570400000,2026-04-07T14:00:00+00:00,569.50000000,570.49000000,566.00000000,567.04000000,55.79000000
1775574000000,2026-04-07T15:00:00+00:00,566.96000000,568.52000000,565.06000000,567.49000000,37.78000000
1775577600000,2026-04-07T16:00:00+00:00,567.56000000,570.79000000,567.56000000,569.20000000,20.72000000
1775581200000,2026-04-07T17:00:00+00:00,569.16000000,572.04000000,568.49000000,570.48000000,7.75000000
1775584800000,2026-04-07T18:00:00+00:00,570.37000000,571.01000000,567.20000000,567.20000000,8.09000000
1775588400000,2026-04-07T19:00:00+00:00,567.12000000,576.11000000,566.62000000,575.62000000,40.98000000
1775592000000,2026-04-07T20:00:00+00:00,575.57000000,576.97000000,575.03000000,576.20000000,6.91000000
1775595600000,2026-04-07T21:00:00+00:00,576.10000000,584.32000000,575.67000000,579.53000000,104.36000000
1775599200000,2026-04-07T22:00:00+00:00,579.57000000,595.20000000,579.40000000,595.20000000,84.75000000
1775602800000,2026-04-07T23:00:00+00:00,595.28000000,600.64000000,594.90000000,596.96000000,46.06000000
1775606400000,2026-04-08T00:00:00+00:00,596.88000000,600.09000000,596.88000000,599.16000000,39.09000000
1775610000000,2026-04-08T01:00:00+00:00,599.50000000,601.50000000,597.26000000,599.40000000,76.83000000
1775613600000,2026-04-08T02:00:00+00:00,599.39000000,600.20000000,599.39000000,600.20000000,11.11000000
1775617200000,2026-04-08T03:00:00+00:00,600.24000000,600.36000000,598.72000000,600.00000000,4.37000000
1775620800000,2026-04-08T04:00:00+00:00,600.00000000,603.20000000,599.97000000,601.24000000,29.95000000
1775624400000,2026-04-08T05:00:00+00:00,601.03000000,602.56000000,600.73000000,602.25000000,2.80000000
1775628000000,2026-04-08T06:00:00+00:00,602.48000000,604.32000000,602.19000000,604.16000000,16.15000000
1775631600000,2026-04-08T07:00:00+00:00,604.02000000,604.54000000,600.75000000,600.82000000,24.41000000
1775635200000,2026-04-08T08:00:00+00:00,601.46000000,603.08000000,601.13000000,603.00000000,7.77000000
1775638800000,2026-04-08T09:00:00+00:00,603.04000000,604.11000000,602.68000000,603.29000000,19.46000000
1775642400000,2026-04-08T10:00:00+00:00,603.40000000,605.20000000,603.40000000,604.31000000,4.94000000
1775646000000,2026-04-08T11:00:00+00:00,604.30000000,605.80000000,603.11000000,605.80000000,4.31000000
1775649600000,2026-04-08T12:00:00+00:00,605.65000000,607.02000000,603.90000000,604.96000000,23.29000000
1775653200000,2026-04-08T13:00:00+00:00,604.95000000,608.81000000,600.24000000,600.73000000,85.75000000
1775656800000,2026-04-08T14:00:00+00:00,600.72000000,600.79000000,593.10000000,594.00000000,102.94000000
1775660400000,2026-04-08T15:00:00+00:00,594.05000000,597.36000000,592.52000000,597.36000000,16.37000000
1775664000000,2026-04-08T16:00:00+00:00,597.12000000,630.05000000,596.85000000,627.36000000,422.84000000
1775667600000,2026-04-08T17:00:00+00:00,627.37000000,629.52000000,618.22000000,619.32000000,153.84000000
1775671200000,2026-04-08T18:00:00+00:00,619.20000000,620.29000000,611.64000000,611.64000000,78.04000000
1775674800000,2026-04-08T19:00:00+00:00,611.64000000,613.84000000,610.20000000,613.00000000,44.99000000
1775678400000,2026-04-08T20:00:00+00:00,612.89000000,613.69000000,611.92000000,612.24000000,5.24000000
1775682000000,2026-04-08T21:00:00+00:00,612.27000000,614.24000000,612.10000000,614.11000000,25.57000000
1775685600000,2026-04-08T22:00:00+00:00,613.88000000,616.80000000,613.39000000,616.73000000,13.90000000
1775689200000,2026-04-08T23:00:00+00:00,616.50000000,616.70000000,615.20000000,616.61000000,17.23000000
1775692800000,2026-04-09T00:00:00+00:00,616.47000000,617.19000000,614.88000000,615.76000000,10.44000000
1775696400000,2026-04-09T01:00:00+00:00,615.92000000,616.31000000,613.05000000,614.76000000,16.31000000
1775700000000,2026-04-09T02:00:00+00:00,614.80000000,618.80000000,614.80000000,616.77000000,40.46000000
1775703600000,2026-04-09T03:00:00+00:00,616.53000000,616.72000000,615.47000000,615.89000000,15.36000000
1775707200000,2026-04-09T04:00:00+00:00,615.82000000,616.71000000,615.52000000,616.00000000,5.82000000
1775710800000,2026-04-09T05:00:00+00:00,616.18000000,617.31000000,615.16000000,616.92000000,2.09000000
1775714400000,2026-04-09T06:00:00+00:00,617.04000000,617.20000000,615.87000000,616.04000000,6.62000000
1775718000000,2026-04-09T07:00:00+00:00,616.24000000,616.32000000,612.04000000,612.58000000,18.51000000
1775721600000,2026-04-09T08:00:00+00:00,612.64000000,616.36000000,612.16000000,615.53000000,21.71000000
1775725200000,2026-04-09T09:00:00+00:00,615.53000000,619.52000000,614.81000000,619.15000000,21.60000000
1775728800000,2026-04-09T10:00:00+00:00,619.16000000,619.43000000,616.32000000,616.32000000,14.78000000
1775732400000,2026-04-09T11:00:00+00:00,616.24000000,625.17000000,615.90000000,624.37000000,41.26000000
1775736000000,2026-04-09T12:00:00+00:00,623.94000000,626.92000000,622.11000000,622.11000000,26.93000000
1775739600000,2026-04-09T13:00:00+00:00,622.17000000,635.00000000,621.02000000,625.97000000,308.33000000
1775743200000,2026-04-09T14:00:00+00:00,625.72000000,631.31000000,623.65000000,631.25000000,125.97000000
1775746800000,2026-04-09T15:00:00+00:00,631.34000000,635.61000000,628.73000000,634.44000000,96.99000000
1775750400000,2026-04-09T16:00:00+00:00,634.65000000,637.92000000,631.56000000,632.71000000,60.03000000
1775754000000,2026-04-09T17:00:00+00:00,633.62000000,634.22000000,630.60000000,630.73000000,13.39000000
1775757600000,2026-04-09T18:00:00+00:00,630.95000000,631.03000000,627.30000000,627.96000000,22.66000000
1775761200000,2026-04-09T19:00:00+00:00,627.91000000,630.05000000,627.91000000,628.78000000,28.30000000
1775764800000,2026-04-09T20:00:00+00:00,628.20000000,630.14000000,627.81000000,629.17000000,14.22000000
1775768400000,2026-04-09T21:00:00+00:00,629.46000000,629.79000000,628.18000000,629.23000000,15.78000000
1775772000000,2026-04-09T22:00:00+00:00,629.61000000,630.17000000,629.03000000,629.61000000,20.21000000
1775775600000,2026-04-09T23:00:00+00:00,629.47000000,630.11000000,629.01000000,629.69000000,8.34000000
1775779200000,2026-04-10T00:00:00+00:00,629.74000000,633.79000000,629.65000000,632.99000000,30.01000000
1775782800000,2026-04-10T01:00:00+00:00,632.80000000,634.44000000,631.31000000,633.95000000,10.19000000
1775786400000,2026-04-10T02:00:00+00:00,633.89000000,634.14000000,632.54000000,632.63000000,16.62000000
1775790000000,2026-04-10T03:00:00+00:00,632.44000000,633.32000000,632.07000000,632.86000000,11.37000000
1775793600000,2026-04-10T04:00:00+00:00,632.75000000,633.69000000,632.44000000,633.02000000,11.57000000
1775797200000,2026-04-10T05:00:00+00:00,633.26000000,633.40000000,632.78000000,633.12000000,9.54000000
1775800800000,2026-04-10T06:00:00+00:00,632.93000000,632.93000000,630.32000000,630.90000000,19.31000000
1775804400000,2026-04-10T07:00:00+00:00,631.08000000,632.03000000,630.32000000,630.74000000,11.13000000
1775808000000,2026-04-10T08:00:00+00:00,630.54000000,630.71000000,629.89000000,630.21000000,4.89000000
1775811600000,2026-04-10T09:00:00+00:00,630.23000000,631.38000000,629.88000000,631.38000000,1.86000000
1775815200000,2026-04-10T10:00:00+00:00,631.12000000,631.68000000,630.48000000,631.21000000,7.21000000
1775818800000,2026-04-10T11:00:00+00:00,631.35000000,633.42000000,631.35000000,632.45000000,20.05000000
1775822400000,2026-04-10T12:00:00+00:00,632.38000000,636.72000000,631.82000000,636.11000000,27.07000000
1775826000000,2026-04-10T13:00:00+00:00,636.21000000,638.69000000,630.07000000,631.89000000,148.20000000
1775829600000,2026-04-10T14:00:00+00:00,631.92000000,637.20000000,629.01000000,632.10000000,65.63000000
1775833200000,2026-04-10T15:00:00+00:00,632.25000000,632.88000000,625.92000000,625.92000000,34.67000000
1775836800000,2026-04-10T16:00:00+00:00,626.16000000,629.06000000,625.34000000,628.26000000,28.52000000
1775840400000,2026-04-10T17:00:00+00:00,628.20000000,628.44000000,627.06000000,627.64000000,4.37000000
1775844000000,2026-04-10T18:00:00+00:00,627.60000000,627.60000000,624.58000000,625.60000000,15.94000000
1775847600000,2026-04-10T19:00:00+00:00,625.65000000,629.82000000,625.65000000,629.82000000,7.80000000
1775851200000,2026-04-10T20:00:00+00:00,629.89000000,630.30000000,629.85000000,630.15000000,1.37000000
1775854800000,2026-04-10T21:00:00+00:00,630.32000000,630.69000000,630.23000000,630.44000000,0.97000000
1775858400000,2026-04-10T22:00:00+00:00,630.55000000,630.60000000,629.76000000,629.94000000,1.41000000
1775862000000,2026-04-10T23:00:00+00:00,629.94000000,630.49000000,629.69000000,630.49000000,1.84000000
1775865600000,2026-04-11T00:00:00+00:00,630.52000000,631.13000000,626.97000000,628.08000000,29.90000000
1775869200000,2026-04-11T01:00:00+00:00,628.03000000,628.80000000,627.88000000,628.65000000,10.82000000
1775872800000,2026-04-11T02:00:00+00:00,628.70000000,629.10000000,628.49000000,628.92000000,4.76000000
1775876400000,2026-04-11T03:00:00+00:00,628.81000000,629.53000000,628.54000000,628.99000000,1.93000000
1775880000000,2026-04-11T04:00:00+00:00,628.78000000,630.03000000,628.78000000,630.03000000,13.99000000
1775883600000,2026-04-11T05:00:00+00:00,629.85000000,630.42000000,629.23000000,630.10000000,11.58000000
1775887200000,2026-04-11T06:00:00+00:00,630.15000000,630.21000000,629.40000000,629.55000000,7.21000000
1775890800000,2026-04-11T07:00:00+00:00,629.80000000,630.12000000,629.16000000,630.05000000,3.81000000
1775894400000,2026-04-11T08:00:00+00:00,629.75000000,630.21000000,629.22000000,629.69000000,8.82000000
1775898000000,2026-04-11T09:00:00+00:00,629.69000000,630.26000000,629.00000000,629.65000000,11.73000000
1775901600000,2026-04-11T10:00:00+00:00,630.00000000,630.50000000,629.96000000,629.97000000,6.52000000
1775905200000,2026-04-11T11:00:00+00:00,630.12000000,630.16000000,629.96000000,630.16000000,1.49000000
1775908800000,2026-04-11T12:00:00+00:00,630.16000000,630.27000000,629.97000000,630.27000000,2.23000000
1775912400000,2026-04-11T13:00:00+00:00,630.00000000,630.15000000,629.69000000,629.72000000,2.13000000
1775916000000,2026-04-11T14:00:00+00:00,629.85000000,630.60000000,629.52000000,629.76000000,8.25000000
1775919600000,2026-04-11T15:00:00+00:00,629.70000000,629.87000000,629.28000000,629.79000000,1.18000000
1775923200000,2026-04-11T16:00:00+00:00,629.54000000,633.06000000,629.54000000,632.32000000,21.28000000
1775926800000,2026-04-11T17:00:00+00:00,632.24000000,633.35000000,632.09000000,632.93000000,6.13000000
1775930400000,2026-04-11T18:00:00+00:00,633.24000000,633.69000000,631.84000000,632.90000000,10.02000000
1775934000000,2026-04-11T19:00:00+00:00,633.05000000,633.53000000,633.05000000,633.52000000,7.00000000
1775937600000,2026-04-11T20:00:00+00:00,633.22000000,633.69000000,632.56000000,633.43000000,2.99000000
1775941200000,2026-04-11T21:00:00+00:00,633.49000000,633.96000000,633.11000000,633.20000000,6.11000000
1775944800000,2026-04-11T22:00:00+00:00,633.39000000,633.68000000,632.24000000,632.82000000,7.81000000
1775948400000,2026-04-11T23:00:00+00:00,632.70000000,632.75000000,631.54000000,632.29000000,12.57000000
1775952000000,2026-04-12T00:00:00+00:00,632.11000000,633.69000000,631.43000000,633.42000000,51.51000000
1775955600000,2026-04-12T01:00:00+00:00,633.43000000,634.20000000,626.69000000,628.61000000,65.54000000
1775959200000,2026-04-12T02:00:00+00:00,628.60000000,629.69000000,624.44000000,626.33000000,171.54000000
1775962800000,2026-04-12T03:00:00+00:00,626.39000000,626.75000000,624.80000000,626.20000000,28.15000000
1775966400000,2026-04-12T04:00:00+00:00,626.21000000,626.89000000,625.84000000,626.44000000,14.51000000
1775970000000,2026-04-12T05:00:00+00:00,626.17000000,626.52000000,625.56000000,626.08000000,56.52000000
1775973600000,2026-04-12T06:00:00+00:00,626.08000000,627.55000000,625.71000000,627.29000000,83.60000000
1775977200000,2026-04-12T07:00:00+00:00,627.30000000,627.65000000,625.73000000,626.71000000,87.43000000
1775980800000,2026-04-12T08:00:00+00:00,626.78000000,627.11000000,625.35000000,626.01000000,58.43000000
1775984400000,2026-04-12T09:00:00+00:00,626.01000000,626.19000000,625.01000000,625.33000000,12.22000000
1775988000000,2026-04-12T10:00:00+00:00,625.33000000,626.29000000,624.87000000,625.34000000,16.96000000
1775991600000,2026-04-12T11:00:00+00:00,625.33000000,625.71000000,624.35000000,625.59000000,25.76000000
1775995200000,2026-04-12T12:00:00+00:00,625.56000000,625.92000000,624.54000000,624.58000000,44.44000000
1775998800000,2026-04-12T13:00:00+00:00,624.59000000,625.12000000,622.40000000,622.49000000,67.54000000
1776002400000,2026-04-12T14:00:00+00:00,622.36000000,623.49000000,620.84000000,621.19000000,55.77000000
1776006000000,2026-04-12T15:00:00+00:00,621.19000000,621.84000000,620.12000000,620.48000000,54.67000000
1776009600000,2026-04-12T16:00:00+00:00,620.57000000,622.07000000,619.33000000,620.28000000,31.86000000
1776013200000,2026-04-12T17:00:00+00:00,620.30000000,620.59000000,619.68000000,620.08000000,10.46000000
1776016800000,2026-04-12T18:00:00+00:00,620.16000000,623.62000000,620.16000000,620.57000000,34.10000000
1776020400000,2026-04-12T19:00:00+00:00,620.57000000,620.90000000,619.56000000,619.79000000,15.61000000
1776024000000,2026-04-12T20:00:00+00:00,619.79000000,619.90000000,618.62000000,619.26000000,41.60000000
1776027600000,2026-04-12T21:00:00+00:00,619.24000000,620.24000000,617.60000000,618.10000000,72.71000000
1776031200000,2026-04-12T22:00:00+00:00,618.01000000,625.02000000,618.01000000,622.46000000,188.23000000
1776034800000,2026-04-12T23:00:00+00:00,622.46000000,622.52000000,621.73000000,622.52000000,27.60000000
1776038400000,2026-04-13T00:00:00+00:00,622.52000000,626.33000000,614.74000000,622.21000000,185.75000000
1776042000000,2026-04-13T01:00:00+00:00,622.24000000,623.16000000,622.07000000,622.88000000,7.59000000
1776045600000,2026-04-13T02:00:00+00:00,622.95000000,623.29000000,622.02000000,623.04000000,5.67000000
1776049200000,2026-04-13T03:00:00+00:00,622.96000000,624.06000000,622.72000000,623.27000000,9.28000000
1776052800000,2026-04-13T04:00:00+00:00,623.37000000,624.14000000,623.21000000,623.95000000,12.14000000
1776056400000,2026-04-13T05:00:00+00:00,623.88000000,623.88000000,622.87000000,622.98000000,11.23000000
1776060000000,2026-04-13T06:00:00+00:00,622.90000000,624.05000000,622.72000000,623.28000000,30.85000000
1776063600000,2026-04-13T07:00:00+00:00,623.35000000,623.75000000,622.56000000,622.66000000,8.56000000
1776067200000,2026-04-13T08:00:00+00:00,622.66000000,622.87000000,620.65000000,620.65000000,3.50000000
1776070800000,2026-04-13T09:00:00+00:00,620.65000000,621.50000000,620.52000000,621.43000000,13.92000000
1776074400000,2026-04-13T10:00:00+00:00,621.42000000,624.05000000,621.23000000,623.98000000,5.59000000
1776078000000,2026-04-13T11:00:00+00:00,624.05000000,624.46000000,622.62000000,622.80000000,5.01000000
1776081600000,2026-04-13T12:00:00+00:00,622.60000000,624.65000000,622.23000000,624.55000000,6.76000000
1776085200000,2026-04-13T13:00:00+00:00,624.53000000,630.70000000,624.53000000,630.08000000,91.79000000
1776088800000,2026-04-13T14:00:00+00:00,630.16000000,633.36000000,626.04000000,627.68000000,34.47000000
1776092400000,2026-04-13T15:00:00+00:00,627.55000000,628.81000000,625.49000000,627.52000000,47.84000000
1776096000000,2026-04-13T16:00:00+00:00,627.61000000,631.58000000,626.32000000,630.08000000,77.37000000
1776099600000,2026-04-13T17:00:00+00:00,630.16000000,630.48000000,629.46000000,630.36000000,2.34000000
1776103200000,2026-04-13T18:00:00+00:00,630.42000000,632.81000000,630.42000000,632.77000000,14.13000000
1776106800000,2026-04-13T19:00:00+00:00,632.80000000,634.63000000,632.21000000,634.46000000,18.42000000
1776110400000,2026-04-13T20:00:00+00:00,634.64000000,635.39000000,634.48000000,635.39000000,7.74000000
1776114000000,2026-04-13T21:00:00+00:00,635.35000000,635.50000000,634.94000000,635.50000000,2.39000000
1776117600000,2026-04-13T22:00:00+00:00,635.55000000,638.20000000,635.55000000,637.91000000,37.63000000
1776121200000,2026-04-13T23:00:00+00:00,637.96000000,638.79000000,637.77000000,638.01000000,5.56000000
1776124800000,2026-04-14T00:00:00+00:00,638.00000000,638.56000000,637.40000000,637.60000000,23.73000000
1776128400000,2026-04-14T01:00:00+00:00,637.55000000,638.94000000,637.29000000,638.94000000,4.84000000
1776132000000,2026-04-14T02:00:00+00:00,638.84000000,639.77000000,638.57000000,639.74000000,34.12000000
1776135600000,2026-04-14T03:00:00+00:00,639.78000000,640.56000000,639.58000000,640.25000000,13.31000000
1776139200000,2026-04-14T04:00:00+00:00,640.30000000,640.30000000,640.11000000,640.15000000,4.49000000
1776142800000,2026-04-14T05:00:00+00:00,640.12000000,640.12000000,637.51000000,638.35000000,36.64000000
1776146400000,2026-04-14T06:00:00+00:00,638.26000000,638.38000000,637.08000000,637.08000000,2.15000000
1776150000000,2026-04-14T07:00:00+00:00,637.02000000,638.48000000,636.72000000,637.92000000,18.81000000
1776153600000,2026-04-14T08:00:00+00:00,637.86000000,638.96000000,637.70000000,638.94000000,5.08000000
1776157200000,2026-04-14T09:00:00+00:00,638.90000000,639.35000000,638.69000000,639.35000000,13.52000000
1776160800000,2026-04-14T10:00:00+00:00,639.30000000,640.88000000,638.81000000,638.90000000,28.75000000
1776164400000,2026-04-14T11:00:00+00:00,639.06000000,643.00000000,639.06000000,642.99000000,39.55000000
1776168000000,2026-04-14T12:00:00+00:00,643.04000000,643.04000000,641.57000000,642.76000000,8.37000000
1776171600000,2026-04-14T13:00:00+00:00,642.77000000,652.50000000,640.32000000,649.41000000,79.63000000
1776175200000,2026-04-14T14:00:00+00:00,649.21000000,658.70000000,648.58000000,658.35000000,74.28000000
1776178800000,2026-04-14T15:00:00+00:00,658.28000000,664.78000000,656.40000000,663.92000000,46.76000000
1776182400000,2026-04-14T16:00:00+00:00,663.76000000,665.83000000,662.30000000,662.44000000,48.74000000
1776186000000,2026-04-14T17:00:00+00:00,662.48000000,665.91000000,661.85000000,665.91000000,8.59000000
1776189600000,2026-04-14T18:00:00+00:00,665.84000000,666.12000000,660.56000000,660.96000000,37.23000000
1776193200000,2026-04-14T19:00:00+00:00,660.95000000,662.76000000,660.16000000,662.37000000,7.88000000
1776196800000,2026-04-14T20:00:00+00:00,662.40000000,663.23000000,662.10000000,662.18000000,1.92000000
1776200400000,2026-04-14T21:00:00+00:00,662.11000000,668.11000000,661.98000000,663.68000000,194.48000000
1776204000000,2026-04-14T22:00:00+00:00,663.68000000,668.07000000,663.68000000,667.44000000,33.21000000
1776207600000,2026-04-14T23:00:00+00:00,667.38000000,667.39000000,666.07000000,666.58000000,37.80000000
1776211200000,2026-04-15T00:00:00+00:00,666.53000000,667.33000000,665.90000000,666.65000000,19.06000000
1776214800000,2026-04-15T01:00:00+00:00,666.70000000,668.16000000,666.70000000,668.10000000,2.55000000
1776218400000,2026-04-15T02:00:00+00:00,668.10000000,668.10000000,661.56000000,662.18000000,19.23000000
1776222000000,2026-04-15T03:00:00+00:00,662.18000000,664.58000000,662.17000000,664.32000000,17.53000000
1776225600000,2026-04-15T04:00:00+00:00,664.38000000,664.84000000,664.38000000,664.71000000,12.78000000
1776229200000,2026-04-15T05:00:00+00:00,664.80000000,665.22000000,663.18000000,663.63000000,6.75000000
1776232800000,2026-04-15T06:00:00+00:00,663.63000000,663.78000000,662.34000000,662.34000000,21.69000000
1776236400000,2026-04-15T07:00:00+00:00,662.45000000,663.20000000,661.71000000,662.54000000,46.63000000
1776240000000,2026-04-15T08:00:00+00:00,662.45000000,663.60000000,662.39000000,663.60000000,28.35000000
1776243600000,2026-04-15T09:00:00+00:00,663.67000000,663.77000000,661.95000000,662.74000000,8.82000000
1776247200000,2026-04-15T10:00:00+00:00,662.58000000,663.46000000,660.06000000,661.06000000,20.79000000
1776250800000,2026-04-15T11:00:00+00:00,661.00000000,665.56000000,660.70000000,665.40000000,8.61000000
1776254400000,2026-04-15T12:00:00+00:00,665.63000000,666.78000000,664.25000000,665.81000000,13.23000000
1776258000000,2026-04-15T13:00:00+00:00,665.64000000,671.88000000,664.86000000,671.67000000,51.08000000
1776261600000,2026-04-15T14:00:00+00:00,672.00000000,676.17000000,670.92000000,674.60000000,67.95000000
1776265200000,2026-04-15T15:00:00+00:00,674.68000000,675.99000000,672.70000000,675.44000000,71.57000000
1776268800000,2026-04-15T16:00:00+00:00,675.36000000,678.44000000,672.68000000,673.96000000,38.68000000
1776272400000,2026-04-15T17:00:00+00:00,673.60000000,675.12000000,671.12000000,671.12000000,67.68000000
1776276000000,2026-04-15T18:00:00+00:00,671.77000000,675.22000000,671.77000000,675.02000000,3.60000000
1776279600000,2026-04-15T19:00:00+00:00,674.82000000,674.82000000,670.40000000,672.20000000,17.29000000
1776283200000,2026-04-15T20:00:00+00:00,671.90000000,672.90000000,670.40000000,672.55000000,3.23000000
1776286800000,2026-04-15T21:00:00+00:00,672.55000000,673.32000000,672.22000000,672.90000000,13.73000000
1776290400000,2026-04-15T22:00:00+00:00,673.18000000,674.34000000,673.02000000,673.97000000,0.72000000
1776294000000,2026-04-15T23:00:00+00:00,674.10000000,674.52000000,673.68000000,674.52000000,1.93000000
1776297600000,2026-04-16T00:00:00+00:00,674.10000000,674.82000000,673.94000000,674.58000000,15.34000000
1776301200000,2026-04-16T01:00:00+00:00,674.52000000,675.38000000,674.52000000,674.94000000,5.94000000
1776304800000,2026-04-16T02:00:00+00:00,675.13000000,675.94000000,674.76000000,675.14000000,18.70000000
1776308400000,2026-04-16T03:00:00+00:00,675.48000000,675.66000000,675.19000000,675.19000000,2.77000000
1776312000000,2026-04-16T04:00:00+00:00,675.18000000,675.78000000,674.94000000,675.78000000,1.10000000
1776315600000,2026-04-16T05:00:00+00:00,675.84000000,676.75000000,675.24000000,676.62000000,11.35000000
1776319200000,2026-04-16T06:00:00+00:00,676.44000000,677.04000000,676.02000000,676.80000000,8.31000000
1776322800000,2026-04-16T07:00:00+00:00,676.74000000,676.80000000,676.14000000,676.80000000,7.33000000
1776326400000,2026-04-16T08:00:00+00:00,676.50000000,676.68000000,674.35000000,675.96000000,27.94000000
1776330000000,2026-04-16T09:00:00+00:00,675.95000000,676.02000000,675.40000000,676.00000000,4.01000000
1776333600000,2026-04-16T10:00:00+00:00,676.07000000,676.67000000,674.56000000,674.56000000,19.36000000
1776337200000,2026-04-16T11:00:00+00:00,675.20000000,677.10000000,675.20000000,677.10000000,13.32000000
1776340800000,2026-04-16T12:00:00+00:00,676.97000000,677.53000000,676.33000000,676.38000000,8.55000000
1776344400000,2026-04-16T13:00:00+00:00,676.56000000,676.80000000,669.40000000,670.50000000,114.34000000
1776348000000,2026-04-16T14:00:00+00:00,670.40000000,674.20000000,668.25000000,672.32000000,27.54000000
1776351600000,2026-04-16T15:00:00+00:00,672.60000000,676.16000000,671.70000000,676.16000000,13.71000000
1776355200000,2026-04-16T16:00:00+00:00,676.17000000,677.76000000,673.53000000,674.72000000,42.61000000
1776358800000,2026-04-16T17:00:00+00:00,674.60000000,677.12000000,673.60000000,675.20000000,4.59000000
1776362400000,2026-04-16T18:00:00+00:00,675.00000000,675.40000000,672.49000000,674.60000000,13.70000000
1776366000000,2026-04-16T19:00:00+00:00,674.70000000,677.33000000,673.55000000,677.33000000,4.29000000
1776369600000,2026-04-16T20:00:00+00:00,677.04000000,677.85000000,676.45000000,676.99000000,1.88000000
1776373200000,2026-04-16T21:00:00+00:00,676.75000000,677.25000000,675.83000000,676.30000000,6.82000000
1776376800000,2026-04-16T22:00:00+00:00,676.46000000,677.80000000,676.37000000,677.53000000,6.29000000
1776380400000,2026-04-16T23:00:00+00:00,677.46000000,678.00000000,677.05000000,678.00000000,8.91000000
1776384000000,2026-04-17T00:00:00+00:00,677.58000000,679.15000000,672.87000000,678.00000000,41.13000000
1776387600000,2026-04-17T01:00:00+00:00,677.75000000,678.15000000,677.32000000,678.00000000,7.60000000
1776391200000,2026-04-17T02:00:00+00:00,677.90000000,678.08000000,677.39000000,677.39000000,5.46000000
1776394800000,2026-04-17T03:00:00+00:00,677.32000000,677.74000000,676.48000000,677.45000000,33.93000000
1776398400000,2026-04-17T04:00:00+00:00,677.70000000,678.32000000,677.69000000,678.06000000,2.95000000
1776402000000,2026-04-17T05:00:00+00:00,677.88000000,677.91000000,677.01000000,677.01000000,8.26000000
1776405600000,2026-04-17T06:00:00+00:00,677.16000000,677.70000000,677.10000000,677.10000000,2.09000000
1776409200000,2026-04-17T07:00:00+00:00,677.26000000,677.88000000,677.26000000,677.88000000,6.17000000
1776412800000,2026-04-17T08:00:00+00:00,677.40000000,679.83000000,676.90000000,679.83000000,6.38000000
1776416400000,2026-04-17T09:00:00+00:00,679.79000000,680.16000000,678.86000000,679.65000000,15.04000000
1776420000000,2026-04-17T10:00:00+00:00,679.41000000,679.41000000,678.00000000,678.40000000,9.96000000
1776423600000,2026-04-17T11:00:00+00:00,678.45000000,679.47000000,678.18000000,678.36000000,7.66000000
1776427200000,2026-04-17T12:00:00+00:00,678.31000000,680.43000000,678.31000000,679.86000000,19.82000000
1776430800000,2026-04-17T13:00:00+00:00,679.92000000,687.58000000,674.33000000,684.70000000,141.06000000
1776434400000,2026-04-17T14:00:00+00:00,684.90000000,687.88000000,682.70000000,686.50000000,76.69000000
1776438000000,2026-04-17T15:00:00+00:00,686.73000000,686.73000000,682.20000000,683.30000000,25.63000000
1776441600000,2026-04-17T16:00:00+00:00,683.20000000,686.35000000,682.90000000,686.35000000,10.27000000
1776445200000,2026-04-17T17:00:00+00:00,686.16000000,686.30000000,682.03000000,684.00000000,8.56000000
1776448800000,2026-04-17T18:00:00+00:00,684.48000000,684.72000000,682.24000000,684.24000000,3.40000000
1776452400000,2026-04-17T19:00:00+00:00,684.32000000,691.09000000,683.68000000,688.44000000,35.84000000
1776456000000,2026-04-17T20:00:00+00:00,688.32000000,689.50000000,688.00000000,688.38000000,2.06000000
1776459600000,2026-04-17T21:00:00+00:00,688.24000000,688.24000000,687.39000000,687.39000000,1.42000000
1776463200000,2026-04-17T22:00:00+00:00,687.84000000,688.24000000,686.44000000,686.60000000,16.10000000
1776466800000,2026-04-17T23:00:00+00:00,686.93000000,687.26000000,686.44000000,687.26000000,4.41000000
1776470400000,2026-04-18T00:00:00+00:00,686.97000000,687.28000000,684.35000000,684.64000000,39.32000000
1776474000000,2026-04-18T01:00:00+00:00,684.80000000,686.18000000,683.81000000,684.49000000,30.83000000
1776477600000,2026-04-18T02:00:00+00:00,684.72000000,685.47000000,684.72000000,685.44000000,4.29000000
1776481200000,2026-04-18T03:00:00+00:00,685.43000000,685.80000000,685.30000000,685.30000000,1.41000000
1776484800000,2026-04-18T04:00:00+00:00,685.50000000,686.91000000,684.80000000,685.57000000,28.97000000
1776488400000,2026-04-18T05:00:00+00:00,685.58000000,685.69000000,684.46000000,685.00000000,6.77000000
1776492000000,2026-04-18T06:00:00+00:00,685.00000000,685.48000000,684.60000000,685.43000000,10.57000000
1776495600000,2026-04-18T07:00:00+00:00,685.36000000,685.79000000,685.20000000,685.49000000,4.31000000
1776499200000,2026-04-18T08:00:00+00:00,685.48000000,685.56000000,684.08000000,684.95000000,16.74000000
1776502800000,2026-04-18T09:00:00+00:00,684.95000000,685.43000000,683.66000000,685.06000000,29.78000000
1776506400000,2026-04-18T10:00:00+00:00,684.96000000,685.15000000,683.29000000,684.50000000,48.13000000
1776510000000,2026-04-18T11:00:00+00:00,684.59000000,684.59000000,682.75000000,682.75000000,46.56000000
1776513600000,2026-04-18T12:00:00+00:00,682.72000000,684.00000000,681.91000000,683.91000000,18.54000000
1776517200000,2026-04-18T13:00:00+00:00,683.91000000,684.08000000,682.35000000,683.12000000,14.81000000
1776520800000,2026-04-18T14:00:00+00:00,683.03000000,683.28000000,682.56000000,682.59000000,10.64000000
1776524400000,2026-04-18T15:00:00+00:00,682.90000000,683.27000000,682.60000000,683.27000000,12.65000000
1776528000000,2026-04-18T16:00:00+00:00,682.99000000,683.27000000,682.00000000,682.41000000,6.55000000
1776531600000,2026-04-18T17:00:00+00:00,682.40000000,682.48000000,681.48000000,682.13000000,10.75000000
1776535200000,2026-04-18T18:00:00+00:00,682.35000000,682.35000000,680.88000000,681.02000000,16.10000000
1776538800000,2026-04-18T19:00:00+00:00,681.00000000,681.60000000,680.67000000,680.67000000,29.19000000
1776542400000,2026-04-18T20:00:00+00:00,680.67000000,680.82000000,679.90000000,680.27000000,8.16000000
1776546000000,2026-04-18T21:00:00+00:00,680.16000000,681.58000000,679.30000000,681.38000000,37.04000000
1776549600000,2026-04-18T22:00:00+00:00,680.91000000,681.36000000,679.71000000,681.36000000,6.10000000
1776553200000,2026-04-18T23:00:00+00:00,681.48000000,682.20000000,680.74000000,681.35000000,5.64000000
1776556800000,2026-04-19T00:00:00+00:00,681.36000000,681.90000000,680.79000000,681.90000000,7.65000000
1776560400000,2026-04-19T01:00:00+00:00,681.79000000,681.79000000,680.35000000,680.35000000,3.56000000
1776564000000,2026-04-19T02:00:00+00:00,680.64000000,680.90000000,680.30000000,680.30000000,13.71000000
1776567600000,2026-04-19T03:00:00+00:00,680.41000000,681.20000000,680.05000000,680.30000000,8.05000000
1776571200000,2026-04-19T04:00:00+00:00,680.20000000,680.40000000,679.90000000,679.98000000,8.63000000
1776574800000,2026-04-19T05:00:00+00:00,680.40000000,680.52000000,679.39000000,680.19000000,10.36000000
1776578400000,2026-04-19T06:00:00+00:00,680.19000000,680.19000000,678.88000000,678.88000000,13.09000000
1776582000000,2026-04-19T07:00:00+00:00,679.03000000,679.79000000,678.15000000,679.68000000,11.60000000
1776585600000,2026-04-19T08:00:00+00:00,679.56000000,679.74000000,678.70000000,679.50000000,9.63000000
1776589200000,2026-04-19T09:00:00+00:00,679.59000000,680.18000000,678.41000000,679.93000000,9.98000000
1776592800000,2026-04-19T10:00:00+00:00,679.93000000,680.07000000,679.80000000,679.80000000,4.66000000
1776596400000,2026-04-19T11:00:00+00:00,680.10000000,681.08000000,679.08000000,681.08000000,7.18000000
1776600000000,2026-04-19T12:00:00+00:00,680.92000000,682.35000000,680.64000000,681.82000000,17.92000000
1776603600000,2026-04-19T13:00:00+00:00,681.83000000,683.27000000,681.73000000,682.33000000,11.73000000
1776607200000,2026-04-19T14:00:00+00:00,682.51000000,683.59000000,681.19000000,682.96000000,32.19000000
1776610800000,2026-04-19T15:00:00+00:00,682.97000000,683.46000000,682.56000000,682.77000000,6.72000000
1776614400000,2026-04-19T16:00:00+00:00,682.45000000,682.87000000,681.53000000,681.67000000,36.07000000
1776618000000,2026-04-19T17:00:00+00:00,681.67000000,681.72000000,678.91000000,678.91000000,10.18000000
1776621600000,2026-04-19T18:00:00+00:00,679.21000000,679.21000000,676.55000000,677.54000000,88.62000000
1776625200000,2026-04-19T19:00:00+00:00,677.73000000,680.10000000,673.19000000,679.16000000,202.51000000
1776628800000,2026-04-19T20:00:00+00:00,679.19000000,679.39000000,676.34000000,678.15000000,21.90000000
1776632400000,2026-04-19T21:00:00+00:00,677.86000000,679.02000000,677.05000000,677.60000000,32.22000000
1776636000000,2026-04-19T22:00:00+00:00,677.43000000,681.45000000,677.16000000,680.93000000,47.98000000
1776639600000,2026-04-19T23:00:00+00:00,680.70000000,681.73000000,680.36000000,680.41000000,14.98000000
1776643200000,2026-04-20T00:00:00+00:00,680.84000000,681.92000000,675.99000000,681.57000000,106.42000000
1776646800000,2026-04-20T01:00:00+00:00,681.58000000,684.81000000,681.58000000,684.26000000,14.25000000
1776650400000,2026-04-20T02:00:00+00:00,684.26000000,684.85000000,683.01000000,684.52000000,33.10000000
1776654000000,2026-04-20T03:00:00+00:00,684.38000000,684.79000000,682.99000000,682.99000000,2.72000000
1776657600000,2026-04-20T04:00:00+00:00,683.34000000,683.34000000,681.59000000,682.49000000,9.37000000
1776661200000,2026-04-20T05:00:00+00:00,682.38000000,682.64000000,680.40000000,680.96000000,15.67000000
1776664800000,2026-04-20T06:00:00+00:00,681.03000000,682.34000000,680.40000000,682.08000000,27.91000000
1776668400000,2026-04-20T07:00:00+00:00,682.37000000,683.00000000,680.60000000,681.72000000,24.26000000
1776672000000,2026-04-20T08:00:00+00:00,681.24000000,681.24000000,678.79000000,681.05000000,33.65000000
1776675600000,2026-04-20T09:00:00+00:00,681.11000000,682.15000000,680.67000000,681.33000000,14.29000000
1776679200000,2026-04-20T10:00:00+00:00,681.33000000,682.34000000,681.25000000,681.49000000,20.87000000
1776682800000,2026-04-20T11:00:00+00:00,681.45000000,682.80000000,681.40000000,682.64000000,9.25000000
1776686400000,2026-04-20T12:00:00+00:00,682.64000000,684.09000000,682.17000000,683.53000000,34.97000000
1776690000000,2026-04-20T13:00:00+00:00,683.49000000,684.86000000,672.12000000,677.53000000,62.15000000
1776693600000,2026-04-20T14:00:00+00:00,677.28000000,678.20000000,669.41000000,669.78000000,58.24000000
1776697200000,2026-04-20T15:00:00+00:00,669.79000000,674.61000000,668.00000000,672.90000000,28.03000000
1776700800000,2026-04-20T16:00:00+00:00,672.77000000,673.80000000,671.28000000,671.52000000,7.82000000
1776704400000,2026-04-20T17:00:00+00:00,671.60000000,673.60000000,671.25000000,671.25000000,4.10000000
1776708000000,2026-04-20T18:00:00+00:00,671.22000000,673.25000000,670.98000000,670.98000000,9.36000000
1776711600000,2026-04-20T19:00:00+00:00,670.93000000,671.94000000,669.80000000,670.70000000,4.56000000
1776715200000,2026-04-20T20:00:00+00:00,670.80000000,673.09000000,670.80000000,671.12000000,8.16000000
1776718800000,2026-04-20T21:00:00+00:00,671.13000000,672.07000000,670.60000000,671.96000000,11.33000000
1776722400000,2026-04-20T22:00:00+00:00,671.96000000,673.06000000,671.95000000,672.98000000,9.27000000
1776726000000,2026-04-20T23:00:00+00:00,672.97000000,673.10000000,672.70000000,673.00000000,15.12000000
1776729600000,2026-04-21T00:00:00+00:00,672.99000000,673.96000000,672.00000000,673.96000000,7.82000000
1776733200000,2026-04-21T01:00:00+00:00,673.95000000,674.30000000,673.50000000,673.50000000,17.84000000
1776736800000,2026-04-21T02:00:00+00:00,673.62000000,674.06000000,672.96000000,673.30000000,5.16000000
1776740400000,2026-04-21T03:00:00+00:00,673.34000000,673.43000000,672.31000000,673.38000000,2.15000000
1776744000000,2026-04-21T04:00:00+00:00,673.38000000,673.84000000,672.95000000,672.95000000,8.73000000
1776747600000,2026-04-21T05:00:00+00:00,673.01000000,673.62000000,672.78000000,673.32000000,1.84000000
1776751200000,2026-04-21T06:00:00+00:00,673.42000000,674.38000000,673.32000000,674.38000000,8.28000000
1776754800000,2026-04-21T07:00:00+00:00,673.85000000,673.85000000,672.91000000,673.56000000,2.41000000
1776758400000,2026-04-21T08:00:00+00:00,673.49000000,676.16000000,673.26000000,675.16000000,9.79000000
1776762000000,2026-04-21T09:00:00+00:00,675.52000000,676.15000000,674.80000000,675.66000000,2.13000000
1776765600000,2026-04-21T10:00:00+00:00,675.76000000,676.65000000,675.49000000,676.65000000,8.38000000
1776769200000,2026-04-21T11:00:00+00:00,676.25000000,676.25000000,674.87000000,675.75000000,4.86000000
1776772800000,2026-04-21T12:00:00+00:00,675.59000000,675.78000000,673.63000000,674.50000000,21.88000000
1776776400000,2026-04-21T13:00:00+00:00,674.47000000,675.08000000,668.40000000,674.88000000,68.43000000
1776780000000,2026-04-21T14:00:00+00:00,674.95000000,676.07000000,672.61000000,672.69000000,14.05000000
1776783600000,2026-04-21T15:00:00+00:00,672.70000000,673.35000000,670.24000000,671.45000000,14.64000000
1776787200000,2026-04-21T16:00:00+00:00,671.44000000,672.23000000,670.52000000,670.74000000,10.17000000
1776790800000,2026-04-21T17:00:00+00:00,670.75000000,673.96000000,668.89000000,672.88000000,12.91000000
1776794400000,2026-04-21T18:00:00+00:00,672.95000000,673.84000000,671.07000000,672.88000000,6.06000000
1776798000000,2026-04-21T19:00:00+00:00,672.95000000,674.18000000,668.25000000,669.20000000,16.78000000
1776801600000,2026-04-21T20:00:00+00:00,669.18000000,674.08000000,668.85000000,671.41000000,24.15000000
1776805200000,2026-04-21T21:00:00+00:00,671.24000000,672.18000000,671.24000000,672.18000000,1.93000000
1776808800000,2026-04-21T22:00:00+00:00,672.24000000,672.65000000,672.15000000,672.65000000,0.53000000
1776812400000,2026-04-21T23:00:00+00:00,672.70000000,672.95000000,672.58000000,672.90000000,2.22000000
1776816000000,2026-04-22T00:00:00+00:00,672.96000000,674.58000000,672.85000000,673.95000000,14.37000000
1776819600000,2026-04-22T01:00:00+00:00,673.82000000,674.58000000,673.54000000,674.40000000,8.16000000
1776823200000,2026-04-22T02:00:00+00:00,674.34000000,675.53000000,674.16000000,675.01000000,9.36000000
1776826800000,2026-04-22T03:00:00+00:00,675.01000000,675.51000000,674.77000000,674.77000000,1.79000000
1776830400000,2026-04-22T04:00:00+00:00,674.75000000,674.93000000,674.31000000,674.31000000,3.96000000
1776834000000,2026-04-22T05:00:00+00:00,674.32000000,676.48000000,674.31000000,675.99000000,19.54000000
1776837600000,2026-04-22T06:00:00+00:00,675.92000000,677.10000000,675.09000000,677.10000000,12.11000000
1776841200000,2026-04-22T07:00:00+00:00,677.13000000,677.25000000,676.34000000,676.41000000,4.45000000
1776844800000,2026-04-22T08:00:00+00:00,676.40000000,676.89000000,674.66000000,675.43000000,5.77000000
1776848400000,2026-04-22T09:00:00+00:00,675.49000000,675.92000000,675.05000000,675.50000000,1.69000000
1776852000000,2026-04-22T10:00:00+00:00,675.25000000,675.78000000,674.80000000,675.43000000,4.17000000
1776855600000,2026-04-22T11:00:00+00:00,675.29000000,675.30000000,674.06000000,674.73000000,19.42000000
1776859200000,2026-04-22T12:00:00+00:00,674.67000000,675.66000000,674.65000000,674.67000000,7.03000000
1776862800000,2026-04-22T13:00:00+00:00,674.64000000,676.07000000,669.81000000,673.20000000,22.43000000
1776866400000,2026-04-22T14:00:00+00:00,673.04000000,675.85000000,672.42000000,674.32000000,4.82000000
1776870000000,2026-04-22T15:00:00+00:00,674.39000000,676.08000000,673.50000000,675.23000000,15.67000000
1776873600000,2026-04-22T16:00:00+00:00,675.42000000,675.80000000,673.96000000,674.56000000,12.58000000
1776877200000,2026-04-22T17:00:00+00:00,674.63000000,677.94000000,674.57000000,676.97000000,7.83000000
1776880800000,2026-04-22T18:00:00+00:00,676.97000000,677.83000000,676.17000000,676.28000000,4.21000000
1776884400000,2026-04-22T19:00:00+00:00,676.28000000,678.16000000,675.20000000,675.36000000,7.05000000
1776888000000,2026-04-22T20:00:00+00:00,675.10000000,675.26000000,672.51000000,673.96000000,6.73000000
1776891600000,2026-04-22T21:00:00+00:00,673.53000000,673.77000000,673.02000000,673.02000000,5.81000000
1776895200000,2026-04-22T22:00:00+00:00,673.14000000,673.26000000,672.28000000,672.28000000,9.06000000
1776898800000,2026-04-22T23:00:00+00:00,672.31000000,673.01000000,672.20000000,672.85000000,3.45000000
1776902400000,2026-04-23T00:00:00+00:00,672.84000000,673.56000000,667.55000000,672.23000000,15.76000000
1776906000000,2026-04-23T01:00:00+00:00,672.30000000,672.50000000,671.11000000,671.25000000,4.96000000
1776909600000,2026-04-23T02:00:00+00:00,671.20000000,671.20000000,669.68000000,670.40000000,5.91000000
1776913200000,2026-04-23T03:00:00+00:00,670.36000000,670.37000000,666.95000000,668.10000000,12.47000000
1776916800000,2026-04-23T04:00:00+00:00,668.19000000,669.80000000,667.80000000,669.70000000,5.12000000
1776920400000,2026-04-23T05:00:00+00:00,669.71000000,671.05000000,669.55000000,670.76000000,12.06000000
1776924000000,2026-04-23T06:00:00+00:00,670.92000000,671.80000000,670.68000000,671.75000000,4.43000000
1776927600000,2026-04-23T07:00:00+00:00,671.29000000,671.70000000,670.81000000,671.19000000,5.75000000
1776931200000,2026-04-23T08:00:00+00:00,671.16000000,671.46000000,669.61000000,669.76000000,12.59000000
1776934800000,2026-04-23T09:00:00+00:00,669.75000000,669.75000000,668.45000000,669.29000000,7.45000000
1776938400000,2026-04-23T10:00:00+00:00,669.36000000,669.36000000,657.94000000,665.46000000,56.69000000
1776942000000,2026-04-23T11:00:00+00:00,665.54000000,666.50000000,660.26000000,663.39000000,15.01000000
1776945600000,2026-04-23T12:00:00+00:00,663.48000000,669.42000000,662.56000000,665.17000000,37.06000000
1776949200000,2026-04-23T13:00:00+00:00,664.94000000,665.80000000,660.41000000,661.05000000,44.46000000
1776952800000,2026-04-23T14:00:00+00:00,661.11000000,666.34000000,659.18000000,666.13000000,44.96000000
1776956400000,2026-04-23T15:00:00+00:00,666.20000000,669.67000000,666.20000000,666.80000000,10.14000000
1776960000000,2026-04-23T16:00:00+00:00,666.87000000,667.04000000,665.11000000,665.39000000,19.44000000
1776963600000,2026-04-23T17:00:00+00:00,665.39000000,665.71000000,654.29000000,658.33000000,175.31000000
1776967200000,2026-04-23T18:00:00+00:00,658.48000000,660.45000000,658.00000000,658.00000000,16.39000000
1776970800000,2026-04-23T19:00:00+00:00,658.07000000,660.72000000,657.75000000,659.61000000,11.40000000
1776974400000,2026-04-23T20:00:00+00:00,659.69000000,659.75000000,656.67000000,657.00000000,5.03000000
1776978000000,2026-04-23T21:00:00+00:00,656.95000000,659.58000000,656.74000000,659.22000000,8.58000000
1776981600000,2026-04-23T22:00:00+00:00,659.17000000,660.45000000,658.80000000,659.48000000,20.16000000
1776985200000,2026-04-23T23:00:00+00:00,659.64000000,660.63000000,659.46000000,660.63000000,1.89000000
1776988800000,2026-04-24T00:00:00+00:00,660.48000000,663.60000000,659.52000000,663.04000000,16.11000000
1776992400000,2026-04-24T01:00:00+00:00,663.18000000,663.50000000,662.70000000,663.12000000,3.71000000
1776996000000,2026-04-24T02:00:00+00:00,663.04000000,663.04000000,660.96000000,661.14000000,9.99000000
1776999600000,2026-04-24T03:00:00+00:00,661.08000000,661.12000000,659.47000000,659.93000000,4.17000000
1777003200000,2026-04-24T04:00:00+00:00,659.92000000,660.46000000,659.12000000,660.43000000,6.83000000
1777006800000,2026-04-24T05:00:00+00:00,660.42000000,661.29000000,659.39000000,661.22000000,2.84000000
1777010400000,2026-04-24T06:00:00+00:00,661.15000000,661.22000000,658.73000000,659.28000000,6.77000000
1777014000000,2026-04-24T07:00:00+00:00,659.34000000,661.13000000,659.34000000,661.13000000,2.77000000
1777017600000,2026-04-24T08:00:00+00:00,661.08000000,664.61000000,659.94000000,660.27000000,44.63000000
1777021200000,2026-04-24T09:00:00+00:00,660.30000000,660.30000000,658.00000000,658.00000000,20.60000000
1777024800000,2026-04-24T10:00:00+00:00,658.00000000,661.04000000,658.00000000,660.25000000,7.16000000
1777028400000,2026-04-24T11:00:00+00:00,660.48000000,664.32000000,660.48000000,662.89000000,24.84000000
1777032000000,2026-04-24T12:00:00+00:00,662.85000000,663.76000000,660.78000000,661.60000000,26.06000000
1777035600000,2026-04-24T13:00:00+00:00,661.68000000,665.30000000,655.00000000,664.40000000,45.45000000
1777039200000,2026-04-24T14:00:00+00:00,664.30000000,669.48000000,663.53000000,667.60000000,54.91000000
1777042800000,2026-04-24T15:00:00+00:00,667.68000000,676.95000000,667.10000000,676.34000000,43.96000000
1777046400000,2026-04-24T16:00:00+00:00,676.36000000,680.48000000,674.22000000,680.48000000,45.22000000
1777050000000,2026-04-24T17:00:00+00:00,679.98000000,681.09000000,676.81000000,677.68000000,11.78000000
1777053600000,2026-04-24T18:00:00+00:00,677.62000000,677.67000000,675.00000000,676.34000000,5.22000000
1777057200000,2026-04-24T19:00:00+00:00,676.41000000,678.47000000,675.72000000,675.72000000,2.92000000
1777060800000,2026-04-24T20:00:00+00:00,675.70000000,675.87000000,675.12000000,675.67000000,1.71000000
1777064400000,2026-04-24T21:00:00+00:00,675.53000000,675.76000000,674.82000000,675.14000000,1.01000000
1777068000000,2026-04-24T22:00:00+00:00,674.97000000,675.21000000,674.48000000,674.53000000,11.91000000
1777071600000,2026-04-24T23:00:00+00:00,674.72000000,675.36000000,674.46000000,675.12000000,6.78000000
1777075200000,2026-04-25T00:00:00+00:00,675.15000000,675.81000000,674.29000000,674.29000000,19.93000000
1777078800000,2026-04-25T01:00:00+00:00,674.41000000,674.74000000,673.61000000,673.61000000,8.31000000
1777082400000,2026-04-25T02:00:00+00:00,673.73000000,673.97000000,673.30000000,673.68000000,18.71000000
1777086000000,2026-04-25T03:00:00+00:00,673.68000000,674.36000000,673.23000000,674.36000000,12.35000000
1777089600000,2026-04-25T04:00:00+00:00,674.26000000,674.42000000,672.84000000,674.18000000,79.27000000
1777093200000,2026-04-25T05:00:00+00:00,674.28000000,674.66000000,673.32000000,674.10000000,11.68000000
1777096800000,2026-04-25T06:00:00+00:00,674.09000000,675.36000000,673.46000000,674.01000000,6.99000000
1777100400000,2026-04-25T07:00:00+00:00,673.95000000,675.24000000,673.85000000,674.42000000,1.71000000
1777104000000,2026-04-25T08:00:00+00:00,674.40000000,674.57000000,673.61000000,673.92000000,1.86000000
1777107600000,2026-04-25T09:00:00+00:00,673.99000000,673.99000000,673.56000000,673.56000000,2.31000000
1777111200000,2026-04-25T10:00:00+00:00,673.69000000,673.92000000,673.33000000,673.78000000,0.99000000
1777114800000,2026-04-25T11:00:00+00:00,673.69000000,674.04000000,673.00000000,673.03000000,28.16000000
1777118400000,2026-04-25T12:00:00+00:00,673.08000000,673.32000000,672.79000000,673.07000000,29.37000000
1777122000000,2026-04-25T13:00:00+00:00,673.02000000,673.46000000,673.02000000,673.39000000,0.85000000
1777125600000,2026-04-25T14:00:00+00:00,673.26000000,674.76000000,672.76000000,673.11000000,4.09000000
1777129200000,2026-04-25T15:00:00+00:00,673.68000000,674.91000000,673.26000000,674.03000000,1.99000000
1777132800000,2026-04-25T16:00:00+00:00,673.56000000,674.15000000,673.09000000,673.44000000,4.68000000
1777136400000,2026-04-25T17:00:00+00:00,673.43000000,675.22000000,672.85000000,673.80000000,19.06000000
1777140000000,2026-04-25T18:00:00+00:00,673.87000000,673.87000000,671.84000000,672.45000000,8.90000000
1777143600000,2026-04-25T19:00:00+00:00,672.28000000,672.95000000,672.20000000,672.95000000,0.64000000
1777147200000,2026-04-25T20:00:00+00:00,672.96000000,673.96000000,672.50000000,673.09000000,2.83000000
1777150800000,2026-04-25T21:00:00+00:00,673.44000000,673.54000000,672.98000000,673.33000000,1.12000000
1777154400000,2026-04-25T22:00:00+00:00,673.37000000,673.92000000,672.86000000,673.92000000,0.86000000
1777158000000,2026-04-25T23:00:00+00:00,673.95000000,674.16000000,673.45000000,674.09000000,0.84000000
1777161600000,2026-04-26T00:00:00+00:00,673.89000000,674.22000000,673.56000000,673.79000000,2.99000000
1777165200000,2026-04-26T01:00:00+00:00,673.80000000,674.10000000,673.40000000,673.70000000,0.53000000
1777168800000,2026-04-26T02:00:00+00:00,673.80000000,674.07000000,673.46000000,674.07000000,1.32000000
1777172400000,2026-04-26T03:00:00+00:00,673.80000000,674.04000000,673.80000000,673.80000000,1.75000000
1777176000000,2026-04-26T04:00:00+00:00,673.81000000,674.07000000,673.68000000,673.68000000,3.28000000
1777179600000,2026-04-26T05:00:00+00:00,674.03000000,674.93000000,674.03000000,674.86000000,1.15000000
1777183200000,2026-04-26T06:00:00+00:00,674.82000000,675.22000000,674.79000000,675.22000000,1.45000000
1777186800000,2026-04-26T07:00:00+00:00,675.22000000,675.38000000,674.77000000,675.11000000,0.47000000
1777190400000,2026-04-26T08:00:00+00:00,675.03000000,675.12000000,674.28000000,675.12000000,3.89000000
1777194000000,2026-04-26T09:00:00+00:00,675.00000000,675.70000000,674.89000000,675.13000000,1.30000000
1777197600000,2026-04-26T10:00:00+00:00,675.65000000,675.86000000,675.60000000,675.82000000,0.24000000
1777201200000,2026-04-26T11:00:00+00:00,675.61000000,675.86000000,675.38000000,675.49000000,0.39000000
1777204800000,2026-04-26T12:00:00+00:00,675.48000000,676.96000000,675.32000000,676.56000000,9.69000000
1777208400000,2026-04-26T13:00:00+00:00,676.30000000,676.52000000,674.92000000,676.41000000,11.37000000
1777212000000,2026-04-26T14:00:00+00:00,676.41000000,676.92000000,676.08000000,676.43000000,11.95000000
1777215600000,2026-04-26T15:00:00+00:00,676.44000000,676.85000000,676.23000000,676.68000000,6.22000000
1777219200000,2026-04-26T16:00:00+00:00,676.80000000,677.10000000,676.29000000,676.49000000,4.79000000
1777222800000,2026-04-26T17:00:00+00:00,676.79000000,677.33000000,676.79000000,677.27000000,4.16000000
1777226400000,2026-04-26T18:00:00+00:00,677.28000000,677.73000000,676.32000000,677.73000000,20.84000000
1777230000000,2026-04-26T19:00:00+00:00,677.58000000,678.81000000,677.28000000,678.40000000,9.18000000
1777233600000,2026-04-26T20:00:00+00:00,678.58000000,680.63000000,678.54000000,679.07000000,24.03000000
1777237200000,2026-04-26T21:00:00+00:00,679.32000000,680.33000000,678.25000000,679.13000000,23.69000000
1777240800000,2026-04-26T22:00:00+00:00,678.84000000,678.84000000,675.37000000,676.09000000,36.95000000
1777244400000,2026-04-26T23:00:00+00:00,676.20000000,679.19000000,674.31000000,675.65000000,39.50000000
1777248000000,2026-04-27T00:00:00+00:00,675.70000000,680.00000000,674.38000000,679.44000000,41.49000000
1777251600000,2026-04-27T01:00:00+00:00,679.60000000,680.37000000,679.00000000,680.34000000,8.79000000
1777255200000,2026-04-27T02:00:00+00:00,680.40000000,680.85000000,679.62000000,679.93000000,24.79000000
1777258800000,2026-04-27T03:00:00+00:00,679.80000000,680.52000000,678.90000000,679.44000000,30.52000000
1777262400000,2026-04-27T04:00:00+00:00,679.53000000,680.04000000,678.90000000,679.32000000,18.58000000
1777266000000,2026-04-27T05:00:00+00:00,679.08000000,679.08000000,676.27000000,676.34000000,40.30000000
1777269600000,2026-04-27T06:00:00+00:00,676.46000000,676.77000000,675.57000000,675.95000000,16.04000000
1777273200000,2026-04-27T07:00:00+00:00,675.98000000,676.62000000,675.80000000,676.50000000,3.43000000
1777276800000,2026-04-27T08:00:00+00:00,676.44000000,677.77000000,673.80000000,674.72000000,172.56000000
1777280400000,2026-04-27T09:00:00+00:00,674.87000000,675.51000000,673.00000000,674.88000000,20.11000000
1777284000000,2026-04-27T10:00:00+00:00,674.64000000,674.88000000,673.58000000,674.88000000,3.89000000
1777287600000,2026-04-27T11:00:00+00:00,674.65000000,676.36000000,674.65000000,674.95000000,11.03000000
1777291200000,2026-04-27T12:00:00+00:00,674.96000000,675.20000000,673.00000000,673.26000000,8.02000000
1777294800000,2026-04-27T13:00:00+00:00,673.20000000,678.48000000,671.15000000,673.00000000,117.49000000
1777298400000,2026-04-27T14:00:00+00:00,672.91000000,682.40000000,672.21000000,682.40000000,150.11000000
1777302000000,2026-04-27T15:00:00+00:00,682.48000000,683.15000000,674.49000000,675.70000000,220.52000000
1777305600000,2026-04-27T16:00:00+00:00,675.80000000,678.53000000,675.20000000,678.03000000,42.55000000
1777309200000,2026-04-27T17:00:00+00:00,678.03000000,681.25000000,678.03000000,680.05000000,23.94000000
1777312800000,2026-04-27T18:00:00+00:00,679.91000000,680.38000000,678.48000000,679.43000000,11.96000000
1777316400000,2026-04-27T19:00:00+00:00,679.38000000,681.07000000,677.40000000,679.12000000,80.90000000
1777320000000,2026-04-27T20:00:00+00:00,678.73000000,678.73000000,677.21000000,678.00000000,10.27000000
1777323600000,2026-04-27T21:00:00+00:00,678.08000000,678.56000000,677.75000000,678.36000000,4.26000000
1777327200000,2026-04-27T22:00:00+00:00,678.41000000,679.31000000,678.20000000,679.15000000,2.27000000
1777330800000,2026-04-27T23:00:00+00:00,679.24000000,679.44000000,678.70000000,678.98000000,4.70000000
1777334400000,2026-04-28T00:00:00+00:00,678.99000000,679.83000000,677.94000000,678.85000000,32.86000000
1777338000000,2026-04-28T01:00:00+00:00,678.86000000,679.63000000,678.44000000,678.44000000,18.49000000
1777341600000,2026-04-28T02:00:00+00:00,678.37000000,678.37000000,677.20000000,677.52000000,14.50000000
1777345200000,2026-04-28T03:00:00+00:00,677.43000000,678.45000000,676.98000000,678.12000000,12.64000000
1777348800000,2026-04-28T04:00:00+00:00,678.06000000,678.20000000,677.61000000,677.68000000,8.25000000
1777352400000,2026-04-28T05:00:00+00:00,677.68000000,677.81000000,676.53000000,676.88000000,32.76000000
1777356000000,2026-04-28T06:00:00+00:00,676.72000000,676.88000000,675.25000000,675.81000000,8.48000000
1777359600000,2026-04-28T07:00:00+00:00,675.88000000,676.24000000,674.82000000,676.10000000,17.67000000
1777363200000,2026-04-28T08:00:00+00:00,676.26000000,677.21000000,675.22000000,677.14000000,15.65000000
1777366800000,2026-04-28T09:00:00+00:00,677.17000000,684.67000000,676.01000000,676.17000000,187.75000000
1777370400000,2026-04-28T10:00:00+00:00,676.31000000,676.71000000,675.60000000,676.04000000,12.19000000
1777374000000,2026-04-28T11:00:00+00:00,676.17000000,676.67000000,672.17000000,672.72000000,47.63000000
1777377600000,2026-04-28T12:00:00+00:00,672.65000000,674.16000000,670.21000000,674.06000000,53.58000000
1777381200000,2026-04-28T13:00:00+00:00,673.96000000,678.32000000,670.65000000,673.25000000,94.14000000
1777384800000,2026-04-28T14:00:00+00:00,673.26000000,675.87000000,667.90000000,669.00000000,47.22000000
1777388400000,2026-04-28T15:00:00+00:00,669.06000000,670.20000000,666.67000000,669.11000000,22.13000000
1777392000000,2026-04-28T16:00:00+00:00,669.11000000,671.04000000,666.96000000,671.04000000,11.37000000
1777395600000,2026-04-28T17:00:00+00:00,671.05000000,671.99000000,669.81000000,671.16000000,19.08000000
1777399200000,2026-04-28T18:00:00+00:00,671.44000000,672.99000000,671.29000000,671.48000000,25.05000000
1777402800000,2026-04-28T19:00:00+00:00,671.50000000,671.80000000,670.30000000,671.70000000,4.51000000
1777406400000,2026-04-28T20:00:00+00:00,671.58000000,672.60000000,670.74000000,670.92000000,7.76000000
1777410000000,2026-04-28T21:00:00+00:00,670.92000000,671.16000000,670.32000000,670.95000000,1.56000000
1777413600000,2026-04-28T22:00:00+00:00,670.94000000,672.39000000,670.94000000,672.09000000,11.36000000
1777417200000,2026-04-28T23:00:00+00:00,672.06000000,672.62000000,671.74000000,672.62000000,11.94000000
1777420800000,2026-04-29T00:00:00+00:00,672.69000000,674.64000000,672.41000000,673.75000000,17.80000000
1777424400000,2026-04-29T01:00:00+00:00,673.82000000,673.82000000,671.98000000,672.70000000,15.18000000
1777428000000,2026-04-29T02:00:00+00:00,672.85000000,673.56000000,672.76000000,673.44000000,1.61000000
1777431600000,2026-04-29T03:00:00+00:00,673.50000000,674.03000000,672.50000000,672.91000000,5.45000000
1777435200000,2026-04-29T04:00:00+00:00,672.92000000,674.22000000,672.92000000,674.16000000,1.96000000
1777438800000,2026-04-29T05:00:00+00:00,674.10000000,674.38000000,673.84000000,674.27000000,5.80000000
1777442400000,2026-04-29T06:00:00+00:00,674.28000000,674.81000000,673.06000000,673.72000000,51.10000000
1777446000000,2026-04-29T07:00:00+00:00,673.75000000,674.41000000,671.77000000,672.20000000,10.63000000
1777449600000,2026-04-29T08:00:00+00:00,672.30000000,673.09000000,671.13000000,671.60000000,9.11000000
1777453200000,2026-04-29T09:00:00+00:00,671.68000000,672.12000000,670.83000000,671.24000000,13.34000000
1777456800000,2026-04-29T10:00:00+00:00,671.12000000,671.92000000,670.80000000,671.92000000,14.27000000
1777460400000,2026-04-29T11:00:00+00:00,672.00000000,672.08000000,670.67000000,670.89000000,10.77000000
1777464000000,2026-04-29T12:00:00+00:00,670.97000000,670.97000000,668.69000000,669.65000000,19.61000000
1777467600000,2026-04-29T13:00:00+00:00,669.72000000,670.66000000,665.11000000,669.80000000,58.45000000
1777471200000,2026-04-29T14:00:00+00:00,670.00000000,674.59000000,669.80000000,672.35000000,44.40000000
1777474800000,2026-04-29T15:00:00+00:00,672.00000000,672.93000000,669.29000000,669.72000000,44.35000000
1777478400000,2026-04-29T16:00:00+00:00,669.80000000,672.59000000,667.68000000,668.34000000,32.68000000
1777482000000,2026-04-29T17:00:00+00:00,668.29000000,672.74000000,668.29000000,672.67000000,17.26000000
1777485600000,2026-04-29T18:00:00+00:00,672.40000000,673.84000000,670.09000000,673.84000000,37.24000000
1777489200000,2026-04-29T19:00:00+00:00,673.79000000,675.04000000,669.00000000,670.55000000,61.94000000
1777492800000,2026-04-29T20:00:00+00:00,670.60000000,674.90000000,622.13000000,625.60000000,1085.21000000
1777496400000,2026-04-29T21:00:00+00:00,625.52000000,633.42000000,623.17000000,631.50000000,157.72000000
1777500000000,2026-04-29T22:00:00+00:00,631.40000000,633.15000000,625.21000000,627.04000000,277.99000000
1777503600000,2026-04-29T23:00:00+00:00,626.58000000,627.32000000,622.56000000,623.08000000,96.72000000
1777507200000,2026-04-30T00:00:00+00:00,623.28000000,630.75000000,622.84000000,629.98000000,119.28000000
1777510800000,2026-04-30T01:00:00+00:00,629.52000000,629.52000000,626.36000000,627.17000000,84.88000000
1777514400000,2026-04-30T02:00:00+00:00,627.56000000,628.80000000,625.38000000,625.60000000,190.91000000
1777518000000,2026-04-30T03:00:00+00:00,625.73000000,627.01000000,625.23000000,626.00000000,83.09000000
1777521600000,2026-04-30T04:00:00+00:00,625.96000000,625.96000000,620.96000000,621.55000000,151.46000000
1777525200000,2026-04-30T05:00:00+00:00,621.60000000,624.19000000,621.21000000,622.29000000,134.49000000
1777528800000,2026-04-30T06:00:00+00:00,622.13000000,623.62000000,620.77000000,623.42000000,35.92000000
1777532400000,2026-04-30T07:00:00+00:00,623.23000000,626.00000000,622.56000000,624.38000000,76.86000000
1777536000000,2026-04-30T08:00:00+00:00,624.24000000,625.43000000,615.00000000,617.90000000,206.47000000
1777539600000,2026-04-30T09:00:00+00:00,617.20000000,617.20000000,609.42000000,610.75000000,116.17000000
1777543200000,2026-04-30T10:00:00+00:00,610.53000000,613.04000000,608.93000000,610.51000000,73.08000000
1777546800000,2026-04-30T11:00:00+00:00,610.47000000,611.13000000,606.70000000,608.30000000,167.71000000
1777550400000,2026-04-30T12:00:00+00:00,608.30000000,618.80000000,606.80000000,617.68000000,214.71000000
1777554000000,2026-04-30T13:00:00+00:00,617.76000000,623.80000000,602.43000000,605.15000000,497.86000000
1777557600000,2026-04-30T14:00:00+00:00,605.22000000,609.66000000,601.51000000,609.66000000,863.56000000
1777561200000,2026-04-30T15:00:00+00:00,609.66000000,610.97000000,606.24000000,609.70000000,531.39000000
1777564800000,2026-04-30T16:00:00+00:00,609.74000000,613.65000000,607.40000000,609.75000000,160.32000000
1777568400000,2026-04-30T17:00:00+00:00,609.64000000,614.67000000,607.81000000,614.35000000,130.20000000
1777572000000,2026-04-30T18:00:00+00:00,614.60000000,619.86000000,614.26000000,617.89000000,158.43000000
1777575600000,2026-04-30T19:00:00+00:00,617.75000000,620.76000000,613.09000000,613.66000000,117.10000000
1777579200000,2026-04-30T20:00:00+00:00,613.86000000,615.86000000,611.77000000,615.29000000,82.89000000
1777582800000,2026-04-30T21:00:00+00:00,615.47000000,615.75000000,613.85000000,615.28000000,31.35000000
1777586400000,2026-04-30T22:00:00+00:00,615.26000000,616.14000000,614.81000000,615.44000000,45.41000000
1777590000000,2026-04-30T23:00:00+00:00,615.35000000,615.65000000,614.62000000,614.70000000,34.66000000
1777593600000,2026-05-01T00:00:00+00:00,614.69000000,616.75000000,613.90000000,616.22000000,49.52000000
1777597200000,2026-05-01T01:00:00+00:00,616.39000000,617.59000000,616.19000000,617.01000000,36.73000000
1777600800000,2026-05-01T02:00:00+00:00,617.08000000,617.36000000,616.39000000,617.35000000,25.69000000
1777604400000,2026-05-01T03:00:00+00:00,617.26000000,617.85000000,616.16000000,617.05000000,78.42000000
1777608000000,2026-05-01T04:00:00+00:00,617.06000000,617.06000000,615.92000000,616.67000000,20.71000000
1777611600000,2026-05-01T05:00:00+00:00,616.67000000,617.15000000,615.75000000,616.10000000,39.99000000
1777615200000,2026-05-01T06:00:00+00:00,616.04000000,616.84000000,614.77000000,615.28000000,16.38000000
1777618800000,2026-05-01T07:00:00+00:00,615.30000000,615.87000000,614.89000000,615.15000000,15.63000000
1777622400000,2026-05-01T08:00:00+00:00,615.15000000,617.11000000,614.20000000,615.79000000,67.48000000
1777626000000,2026-05-01T09:00:00+00:00,615.67000000,616.76000000,615.66000000,616.42000000,10.13000000
1777629600000,2026-05-01T10:00:00+00:00,616.37000000,616.37000000,613.91000000,614.08000000,27.02000000
1777633200000,2026-05-01T11:00:00+00:00,614.16000000,615.59000000,613.05000000,615.20000000,20.33000000
1777636800000,2026-05-01T12:00:00+00:00,615.23000000,617.10000000,614.92000000,614.92000000,63.65000000
1777640400000,2026-05-01T13:00:00+00:00,615.01000000,620.00000000,611.80000000,614.70000000,267.68000000
1777644000000,2026-05-01T14:00:00+00:00,614.80000000,615.52000000,607.66000000,612.80000000,213.69000000
1777647600000,2026-05-01T15:00:00+00:00,612.72000000,616.06000000,611.51000000,612.86000000,71.76000000
1777651200000,2026-05-01T16:00:00+00:00,612.87000000,614.47000000,611.49000000,613.57000000,90.55000000
1777654800000,2026-05-01T17:00:00+00:00,613.62000000,617.15000000,613.00000000,613.53000000,87.17000000
1777658400000,2026-05-01T18:00:00+00:00,613.39000000,614.63000000,612.03000000,612.51000000,72.75000000
1777662000000,2026-05-01T19:00:00+00:00,612.56000000,613.81000000,610.13000000,610.33000000,43.55000000
1777665600000,2026-05-01T20:00:00+00:00,610.26000000,611.27000000,609.80000000,609.80000000,10.22000000
1777669200000,2026-05-01T21:00:00+00:00,609.82000000,610.03000000,609.47000000,609.55000000,24.85000000
1777672800000,2026-05-01T22:00:00+00:00,609.55000000,610.42000000,609.51000000,610.26000000,4.32000000
1777676400000,2026-05-01T23:00:00+00:00,610.20000000,610.21000000,609.78000000,610.07000000,13.50000000
1777680000000,2026-05-02T00:00:00+00:00,609.94000000,610.77000000,609.47000000,610.06000000,50.74000000
1777683600000,2026-05-02T01:00:00+00:00,610.06000000,610.54000000,609.63000000,609.91000000,23.39000000
1777687200000,2026-05-02T02:00:00+00:00,609.91000000,610.53000000,609.90000000,610.13000000,7.61000000
1777690800000,2026-05-02T03:00:00+00:00,610.30000000,610.54000000,610.00000000,610.16000000,14.39000000
1777694400000,2026-05-02T04:00:00+00:00,610.14000000,610.97000000,609.59000000,609.96000000,14.05000000
1777698000000,2026-05-02T05:00:00+00:00,609.95000000,610.44000000,609.71000000,610.19000000,9.63000000
1777701600000,2026-05-02T06:00:00+00:00,610.37000000,610.89000000,609.81000000,610.16000000,41.81000000
1777705200000,2026-05-02T07:00:00+00:00,610.16000000,611.50000000,609.88000000,610.80000000,123.02000000
1777708800000,2026-05-02T08:00:00+00:00,610.82000000,611.17000000,610.66000000,610.98000000,17.11000000
1777712400000,2026-05-02T09:00:00+00:00,611.05000000,611.59000000,610.55000000,611.15000000,20.31000000
1777716000000,2026-05-02T10:00:00+00:00,611.17000000,611.61000000,610.28000000,610.69000000,34.03000000
1777719600000,2026-05-02T11:00:00+00:00,610.80000000,611.39000000,610.50000000,610.82000000,8.08000000
1777723200000,2026-05-02T12:00:00+00:00,610.74000000,613.30000000,610.55000000,611.19000000,147.93000000
1777726800000,2026-05-02T13:00:00+00:00,611.22000000,613.04000000,610.87000000,612.30000000,111.40000000
1777730400000,2026-05-02T14:00:00+00:00,612.27000000,612.27000000,610.93000000,611.12000000,56.42000000
1777734000000,2026-05-02T15:00:00+00:00,611.21000000,611.44000000,610.57000000,610.73000000,44.26000000
1777737600000,2026-05-02T16:00:00+00:00,610.79000000,611.19000000,610.36000000,610.78000000,16.02000000
1777741200000,2026-05-02T17:00:00+00:00,610.77000000,611.96000000,610.76000000,611.02000000,11.16000000
1777744800000,2026-05-02T18:00:00+00:00,610.99000000,611.86000000,610.97000000,611.37000000,8.44000000
1777748400000,2026-05-02T19:00:00+00:00,611.42000000,612.20000000,611.42000000,611.63000000,7.78000000
1777752000000,2026-05-02T20:00:00+00:00,611.51000000,611.79000000,611.31000000,611.60000000,1.48000000
1777755600000,2026-05-02T21:00:00+00:00,611.66000000,613.13000000,611.60000000,611.93000000,69.04000000
1777759200000,2026-05-02T22:00:00+00:00,612.05000000,612.05000000,611.49000000,611.55000000,3.64000000
1777762800000,2026-05-02T23:00:00+00:00,611.55000000,611.86000000,610.89000000,611.50000000,10.39000000
1777766400000,2026-05-03T00:00:00+00:00,611.21000000,611.85000000,610.50000000,610.78000000,29.37000000
1777770000000,2026-05-03T01:00:00+00:00,610.84000000,611.45000000,610.40000000,610.91000000,24.86000000
1777773600000,2026-05-03T02:00:00+00:00,610.91000000,611.37000000,610.11000000,610.31000000,19.89000000
1777777200000,2026-05-03T03:00:00+00:00,610.43000000,611.23000000,610.43000000,611.20000000,3.96000000
1777780800000,2026-05-03T04:00:00+00:00,611.25000000,611.59000000,610.98000000,611.05000000,4.16000000
1777784400000,2026-05-03T05:00:00+00:00,611.04000000,611.39000000,611.00000000,611.33000000,7.33000000
1777788000000,2026-05-03T06:00:00+00:00,611.33000000,611.58000000,611.11000000,611.37000000,2.58000000
1777791600000,2026-05-03T07:00:00+00:00,611.38000000,611.89000000,611.28000000,611.71000000,1.95000000
1777795200000,2026-05-03T08:00:00+00:00,611.75000000,612.09000000,611.64000000,611.85000000,1.45000000
1777798800000,2026-05-03T09:00:00+00:00,611.98000000,612.50000000,611.95000000,611.95000000,4.83000000
1777802400000,2026-05-03T10:00:00+00:00,612.06000000,612.06000000,611.17000000,611.52000000,30.18000000
1777806000000,2026-05-03T11:00:00+00:00,611.39000000,612.31000000,611.39000000,611.77000000,2.51000000
1777809600000,2026-05-03T12:00:00+00:00,611.77000000,612.59000000,611.77000000,612.42000000,3.00000000
1777813200000,2026-05-03T13:00:00+00:00,612.36000000,613.06000000,612.12000000,612.43000000,39.28000000
1777816800000,2026-05-03T14:00:00+00:00,612.34000000,612.73000000,612.21000000,612.66000000,4.16000000
1777820400000,2026-05-03T15:00:00+00:00,612.66000000,612.81000000,612.26000000,612.37000000,10.19000000
1777824000000,2026-05-03T16:00:00+00:00,612.36000000,613.67000000,612.15000000,613.44000000,20.34000000
1777827600000,2026-05-03T17:00:00+00:00,613.43000000,614.94000000,613.43000000,614.22000000,22.79000000
1777831200000,2026-05-03T18:00:00+00:00,614.18000000,614.31000000,612.26000000,613.80000000,12.37000000
1777834800000,2026-05-03T19:00:00+00:00,613.88000000,614.72000000,613.52000000,614.66000000,7.26000000
1777838400000,2026-05-03T20:00:00+00:00,614.55000000,615.50000000,614.43000000,615.24000000,25.08000000
1777842000000,2026-05-03T21:00:00+00:00,615.24000000,617.46000000,614.41000000,617.46000000,22.77000000
1777845600000,2026-05-03T22:00:00+00:00,617.30000000,617.31000000,614.61000000,615.59000000,39.92000000
1777849200000,2026-05-03T23:00:00+00:00,615.59000000,615.59000000,613.77000000,613.77000000,18.24000000
1777852800000,2026-05-04T00:00:00+00:00,613.76000000,614.53000000,611.51000000,612.15000000,38.60000000
1777856400000,2026-05-04T01:00:00+00:00,612.15000000,614.61000000,612.15000000,614.60000000,31.98000000
1777860000000,2026-05-04T02:00:00+00:00,614.54000000,615.40000000,613.44000000,614.00000000,85.36000000
1777863600000,2026-05-04T03:00:00+00:00,614.00000000,614.46000000,612.19000000,613.20000000,30.13000000
1777867200000,2026-05-04T04:00:00+00:00,613.28000000,613.90000000,613.17000000,613.55000000,23.24000000
1777870800000,2026-05-04T05:00:00+00:00,613.55000000,613.80000000,612.31000000,612.43000000,42.03000000
1777874400000,2026-05-04T06:00:00+00:00,612.36000000,612.61000000,611.70000000,611.70000000,131.85000000
1777878000000,2026-05-04T07:00:00+00:00,611.71000000,613.63000000,611.50000000,612.84000000,103.27000000
1777881600000,2026-05-04T08:00:00+00:00,612.75000000,613.78000000,611.60000000,613.33000000,15.94000000
1777885200000,2026-05-04T09:00:00+00:00,613.09000000,614.50000000,613.09000000,613.90000000,11.68000000
1777888800000,2026-05-04T10:00:00+00:00,613.94000000,614.04000000,607.39000000,610.08000000,596.37000000
1777892400000,2026-05-04T11:00:00+00:00,610.08000000,610.42000000,608.40000000,609.24000000,18.08000000
1777896000000,2026-05-04T12:00:00+00:00,609.07000000,609.90000000,608.32000000,608.36000000,25.59000000
1777899600000,2026-05-04T13:00:00+00:00,608.37000000,609.24000000,605.42000000,605.42000000,193.22000000
1777903200000,2026-05-04T14:00:00+00:00,605.42000000,613.65000000,603.74000000,613.22000000,138.22000000
1777906800000,2026-05-04T15:00:00+00:00,613.20000000,613.82000000,607.05000000,608.81000000,98.01000000
1777910400000,2026-05-04T16:00:00+00:00,609.17000000,613.09000000,607.25000000,611.44000000,65.45000000
1777914000000,2026-05-04T17:00:00+00:00,611.45000000,614.14000000,611.21000000,613.92000000,19.59000000
1777917600000,2026-05-04T18:00:00+00:00,613.85000000,614.48000000,611.21000000,612.22000000,19.91000000
1777921200000,2026-05-04T19:00:00+00:00,612.40000000,613.35000000,610.72000000,610.73000000,20.92000000
1777924800000,2026-05-04T20:00:00+00:00,610.72000000,610.90000000,610.20000000,610.71000000,5.45000000
1777928400000,2026-05-04T21:00:00+00:00,610.72000000,610.93000000,610.29000000,610.62000000,6.59000000
1777932000000,2026-05-04T22:00:00+00:00,610.62000000,610.95000000,610.31000000,610.50000000,1.45000000
1777935600000,2026-05-04T23:00:00+00:00,610.52000000,610.75000000,610.25000000,610.47000000,0.82000000
1777939200000,2026-05-05T00:00:00+00:00,610.75000000,611.46000000,610.20000000,611.14000000,19.99000000
1777942800000,2026-05-05T01:00:00+00:00,611.07000000,612.00000000,610.65000000,611.82000000,8.95000000
1777946400000,2026-05-05T02:00:00+00:00,611.90000000,612.66000000,611.81000000,612.05000000,9.28000000
1777950000000,2026-05-05T03:00:00+00:00,612.04000000,612.39000000,611.88000000,612.27000000,3.80000000
1777953600000,2026-05-05T04:00:00+00:00,612.16000000,612.22000000,611.76000000,611.88000000,5.61000000
1777957200000,2026-05-05T05:00:00+00:00,611.93000000,612.40000000,611.83000000,612.30000000,4.81000000
1777960800000,2026-05-05T06:00:00+00:00,612.26000000,613.67000000,612.26000000,613.67000000,4.34000000
1777964400000,2026-05-05T07:00:00+00:00,613.66000000,614.00000000,613.10000000,613.26000000,9.11000000
1777968000000,2026-05-05T08:00:00+00:00,613.32000000,614.19000000,613.32000000,613.84000000,9.11000000
1777971600000,2026-05-05T09:00:00+00:00,613.80000000,614.21000000,613.14000000,614.13000000,20.87000000
1777975200000,2026-05-05T10:00:00+00:00,614.06000000,614.74000000,613.84000000,614.51000000,27.99000000
1777978800000,2026-05-05T11:00:00+00:00,614.40000000,614.40000000,612.72000000,613.09000000,27.45000000
1777982400000,2026-05-05T12:00:00+00:00,613.01000000,614.67000000,612.96000000,614.22000000,13.29000000
1777986000000,2026-05-05T13:00:00+00:00,614.18000000,615.86000000,606.90000000,607.48000000,202.19000000
1777989600000,2026-05-05T14:00:00+00:00,607.39000000,608.67000000,602.97000000,603.63000000,148.56000000
1777993200000,2026-05-05T15:00:00+00:00,603.66000000,605.59000000,602.58000000,603.02000000,79.21000000
1777996800000,2026-05-05T16:00:00+00:00,602.95000000,603.74000000,601.16000000,603.06000000,90.95000000
1778000400000,2026-05-05T17:00:00+00:00,603.03000000,605.35000000,602.24000000,604.40000000,16.17000000
1778004000000,2026-05-05T18:00:00+00:00,604.32000000,605.64000000,602.18000000,602.46000000,15.10000000
1778007600000,2026-05-05T19:00:00+00:00,602.39000000,607.12000000,601.92000000,605.94000000,31.85000000
1778011200000,2026-05-05T20:00:00+00:00,605.95000000,606.15000000,604.18000000,604.56000000,15.54000000
1778014800000,2026-05-05T21:00:00+00:00,604.56000000,605.71000000,604.23000000,604.50000000,17.87000000
1778018400000,2026-05-05T22:00:00+00:00,604.23000000,605.47000000,603.18000000,604.45000000,95.36000000
1778022000000,2026-05-05T23:00:00+00:00,604.44000000,604.72000000,603.58000000,603.61000000,13.59000000
1778025600000,2026-05-06T00:00:00+00:00,603.61000000,604.18000000,601.19000000,601.19000000,25.11000000
1778029200000,2026-05-06T01:00:00+00:00,601.19000000,602.22000000,600.82000000,602.17000000,55.44000000
1778032800000,2026-05-06T02:00:00+00:00,602.20000000,603.00000000,602.10000000,602.52000000,10.67000000
1778036400000,2026-05-06T03:00:00+00:00,602.57000000,602.84000000,600.31000000,600.38000000,34.77000000
1778040000000,2026-05-06T04:00:00+00:00,600.47000000,601.41000000,600.38000000,601.19000000,10.75000000
1778043600000,2026-05-06T05:00:00+00:00,601.19000000,602.70000000,600.33000000,602.66000000,47.97000000
1778047200000,2026-05-06T06:00:00+00:00,602.68000000,602.94000000,600.94000000,601.91000000,102.01000000
1778050800000,2026-05-06T07:00:00+00:00,601.92000000,602.28000000,601.40000000,601.58000000,10.84000000
1778054400000,2026-05-06T08:00:00+00:00,601.59000000,604.21000000,599.74000000,603.90000000,60.05000000
1778058000000,2026-05-06T09:00:00+00:00,603.89000000,607.38000000,602.93000000,607.38000000,22.76000000
1778061600000,2026-05-06T10:00:00+00:00,607.20000000,610.47000000,607.11000000,608.72000000,54.29000000
1778065200000,2026-05-06T11:00:00+00:00,608.78000000,610.29000000,606.88000000,607.02000000,67.92000000
1778068800000,2026-05-06T12:00:00+00:00,607.07000000,607.79000000,605.88000000,606.68000000,68.16000000
1778072400000,2026-05-06T13:00:00+00:00,606.70000000,606.70000000,599.52000000,604.64000000,166.05000000
1778076000000,2026-05-06T14:00:00+00:00,604.88000000,620.57000000,604.62000000,617.85000000,379.07000000
1778079600000,2026-05-06T15:00:00+00:00,617.84000000,618.79000000,613.22000000,613.84000000,164.31000000
1778083200000,2026-05-06T16:00:00+00:00,613.84000000,614.16000000,612.17000000,612.81000000,79.62000000
1778086800000,2026-05-06T17:00:00+00:00,612.88000000,614.85000000,612.84000000,614.07000000,21.18000000
1778090400000,2026-05-06T18:00:00+00:00,614.07000000,616.64000000,613.36000000,615.43000000,55.94000000
1778094000000,2026-05-06T19:00:00+00:00,615.66000000,615.83000000,612.81000000,613.44000000,9.49000000
1778097600000,2026-05-06T20:00:00+00:00,613.38000000,613.64000000,611.72000000,612.48000000,60.86000000
1778101200000,2026-05-06T21:00:00+00:00,612.49000000,613.61000000,611.74000000,611.92000000,18.73000000
1778104800000,2026-05-06T22:00:00+00:00,611.90000000,613.50000000,611.90000000,612.79000000,2.21000000
1778108400000,2026-05-06T23:00:00+00:00,612.80000000,613.08000000,612.54000000,612.80000000,8.31000000
1778112000000,2026-05-07T00:00:00+00:00,612.95000000,613.71000000,611.82000000,612.55000000,94.53000000
1778115600000,2026-05-07T01:00:00+00:00,612.54000000,613.38000000,611.48000000,613.32000000,12.67000000
1778119200000,2026-05-07T02:00:00+00:00,613.17000000,613.83000000,612.22000000,613.83000000,24.85000000
1778122800000,2026-05-07T03:00:00+00:00,613.90000000,614.03000000,612.94000000,613.97000000,14.27000000
1778126400000,2026-05-07T04:00:00+00:00,613.98000000,614.44000000,613.34000000,613.89000000,34.17000000
1778130000000,2026-05-07T05:00:00+00:00,613.99000000,613.99000000,612.97000000,613.60000000,10.65000000
1778133600000,2026-05-07T06:00:00+00:00,613.58000000,614.65000000,613.21000000,614.16000000,34.21000000
1778137200000,2026-05-07T07:00:00+00:00,614.16000000,616.43000000,613.69000000,615.34000000,28.23000000
1778140800000,2026-05-07T08:00:00+00:00,615.35000000,616.38000000,614.85000000,614.86000000,36.44000000
1778144400000,2026-05-07T09:00:00+00:00,614.87000000,615.00000000,612.72000000,614.28000000,39.38000000
1778148000000,2026-05-07T10:00:00+00:00,614.32000000,614.48000000,612.68000000,612.84000000,26.37000000
1778151600000,2026-05-07T11:00:00+00:00,613.03000000,615.97000000,613.00000000,615.97000000,34.76000000
1778155200000,2026-05-07T12:00:00+00:00,615.99000000,618.44000000,615.49000000,618.08000000,29.95000000
1778158800000,2026-05-07T13:00:00+00:00,618.23000000,623.90000000,615.38000000,623.31000000,190.85000000
1778162400000,2026-05-07T14:00:00+00:00,623.40000000,625.71000000,620.53000000,623.51000000,172.06000000
1778166000000,2026-05-07T15:00:00+00:00,623.74000000,624.91000000,621.80000000,622.70000000,125.48000000
1778169600000,2026-05-07T16:00:00+00:00,622.90000000,623.01000000,616.82000000,617.66000000,242.02000000
1778173200000,2026-05-07T17:00:00+00:00,617.48000000,618.66000000,614.36000000,616.89000000,70.12000000
1778176800000,2026-05-07T18:00:00+00:00,616.89000000,618.03000000,615.74000000,617.99000000,50.78000000
1778180400000,2026-05-07T19:00:00+00:00,618.03000000,618.90000000,616.27000000,617.80000000,30.73000000
1778184000000,2026-05-07T20:00:00+00:00,617.97000000,619.85000000,617.29000000,617.44000000,23.20000000
1778187600000,2026-05-07T21:00:00+00:00,617.51000000,617.64000000,613.06000000,613.21000000,17.04000000
1778191200000,2026-05-07T22:00:00+00:00,613.20000000,615.92000000,613.13000000,615.14000000,33.28000000
1778194800000,2026-05-07T23:00:00+00:00,615.07000000,616.14000000,615.07000000,616.14000000,19.57000000
1778198400000,2026-05-08T00:00:00+00:00,616.14000000,618.82000000,616.14000000,618.12000000,81.64000000
1778202000000,2026-05-08T01:00:00+00:00,618.12000000,619.60000000,618.12000000,619.23000000,7.03000000
1778205600000,2026-05-08T02:00:00+00:00,619.23000000,619.40000000,618.73000000,619.27000000,3.76000000
1778209200000,2026-05-08T03:00:00+00:00,619.21000000,620.15000000,618.85000000,619.68000000,22.79000000
1778212800000,2026-05-08T04:00:00+00:00,619.48000000,619.95000000,619.17000000,619.43000000,14.24000000
1778216400000,2026-05-08T05:00:00+00:00,619.43000000,619.60000000,618.92000000,619.24000000,10.64000000
1778220000000,2026-05-08T06:00:00+00:00,619.29000000,620.31000000,619.18000000,620.00000000,3.43000000
1778223600000,2026-05-08T07:00:00+00:00,620.01000000,620.50000000,619.86000000,620.00000000,9.50000000
1778227200000,2026-05-08T08:00:00+00:00,620.03000000,620.86000000,619.15000000,619.21000000,93.16000000
1778230800000,2026-05-08T09:00:00+00:00,619.22000000,620.31000000,618.90000000,619.21000000,16.74000000
1778234400000,2026-05-08T10:00:00+00:00,619.12000000,619.19000000,617.93000000,618.39000000,17.02000000
1778238000000,2026-05-08T11:00:00+00:00,618.58000000,620.27000000,618.58000000,620.09000000,12.66000000
1778241600000,2026-05-08T12:00:00+00:00,620.08000000,620.08000000,618.06000000,618.25000000,27.01000000
1778245200000,2026-05-08T13:00:00+00:00,618.24000000,618.57000000,614.03000000,615.06000000,216.27000000
1778248800000,2026-05-08T14:00:00+00:00,615.13000000,617.65000000,612.04000000,612.36000000,285.74000000
1778252400000,2026-05-08T15:00:00+00:00,612.33000000,612.45000000,607.12000000,608.07000000,204.66000000
1778256000000,2026-05-08T16:00:00+00:00,608.15000000,610.96000000,608.15000000,609.65000000,176.74000000
1778259600000,2026-05-08T17:00:00+00:00,609.64000000,611.80000000,609.27000000,611.45000000,31.45000000
1778263200000,2026-05-08T18:00:00+00:00,611.52000000,612.55000000,609.81000000,610.36000000,44.64000000
1778266800000,2026-05-08T19:00:00+00:00,610.40000000,611.63000000,610.00000000,610.73000000,18.40000000
1778270400000,2026-05-08T20:00:00+00:00,610.55000000,610.79000000,609.78000000,610.25000000,19.70000000
1778274000000,2026-05-08T21:00:00+00:00,610.18000000,610.42000000,609.58000000,609.71000000,15.18000000
1778277600000,2026-05-08T22:00:00+00:00,609.71000000,610.27000000,609.50000000,610.07000000,9.42000000
1778281200000,2026-05-08T23:00:00+00:00,610.08000000,610.64000000,609.85000000,610.16000000,7.43000000
1778284800000,2026-05-09T00:00:00+00:00,610.17000000,610.69000000,609.90000000,610.60000000,25.90000000
1778288400000,2026-05-09T01:00:00+00:00,610.56000000,611.71000000,610.02000000,610.97000000,99.43000000
1778292000000,2026-05-09T02:00:00+00:00,610.94000000,610.94000000,610.23000000,610.70000000,6.78000000
1778295600000,2026-05-09T03:00:00+00:00,610.77000000,610.83000000,610.23000000,610.36000000,20.38000000
1778299200000,2026-05-09T04:00:00+00:00,610.37000000,610.67000000,610.23000000,610.47000000,8.37000000
1778302800000,2026-05-09T05:00:00+00:00,610.50000000,611.18000000,610.43000000,610.91000000,24.35000000
1778306400000,2026-05-09T06:00:00+00:00,610.90000000,611.00000000,610.38000000,610.61000000,11.22000000
1778310000000,2026-05-09T07:00:00+00:00,610.60000000,611.03000000,610.18000000,610.43000000,20.39000000
1778313600000,2026-05-09T08:00:00+00:00,610.43000000,611.17000000,610.41000000,611.10000000,10.23000000
1778317200000,2026-05-09T09:00:00+00:00,610.99000000,611.09000000,610.65000000,610.76000000,3.29000000
1778320800000,2026-05-09T10:00:00+00:00,610.71000000,611.17000000,610.55000000,610.62000000,13.86000000
1778324400000,2026-05-09T11:00:00+00:00,610.62000000,610.90000000,610.30000000,610.78000000,9.12000000
1778328000000,2026-05-09T12:00:00+00:00,610.81000000,610.94000000,610.35000000,610.52000000,8.37000000
1778331600000,2026-05-09T13:00:00+00:00,610.54000000,610.76000000,610.32000000,610.54000000,3.66000000
1778335200000,2026-05-09T14:00:00+00:00,610.59000000,610.77000000,609.97000000,610.32000000,8.75000000
1778338800000,2026-05-09T15:00:00+00:00,610.31000000,610.70000000,609.88000000,610.54000000,18.68000000
1778342400000,2026-05-09T16:00:00+00:00,610.46000000,610.68000000,609.79000000,610.58000000,16.53000000
1778346000000,2026-05-09T17:00:00+00:00,610.59000000,610.59000000,609.87000000,610.11000000,3.36000000
1778349600000,2026-05-09T18:00:00+00:00,610.19000000,610.26000000,609.62000000,609.94000000,5.85000000
1778353200000,2026-05-09T19:00:00+00:00,610.07000000,610.16000000,609.94000000,610.04000000,2.13000000
1778356800000,2026-05-09T20:00:00+00:00,610.11000000,610.19000000,609.44000000,609.95000000,6.02000000
1778360400000,2026-05-09T21:00:00+00:00,609.95000000,610.31000000,609.56000000,610.10000000,8.14000000
1778364000000,2026-05-09T22:00:00+00:00,610.04000000,610.47000000,610.04000000,610.46000000,4.34000000
1778367600000,2026-05-09T23:00:00+00:00,610.38000000,610.57000000,610.20000000,610.52000000,4.60000000
1778371200000,2026-05-10T00:00:00+00:00,610.53000000,610.97000000,610.31000000,610.97000000,19.26000000
1778374800000,2026-05-10T01:00:00+00:00,610.96000000,611.09000000,610.36000000,610.99000000,4.41000000
1778378400000,2026-05-10T02:00:00+00:00,610.90000000,612.10000000,610.73000000,610.93000000,30.71000000
1778382000000,2026-05-10T03:00:00+00:00,610.91000000,611.09000000,610.61000000,611.09000000,12.88000000
1778385600000,2026-05-10T04:00:00+00:00,611.10000000,611.65000000,610.82000000,611.64000000,6.86000000
1778389200000,2026-05-10T05:00:00+00:00,611.64000000,611.64000000,611.05000000,611.26000000,10.30000000
1778392800000,2026-05-10T06:00:00+00:00,611.31000000,611.64000000,611.16000000,611.63000000,3.34000000
1778396400000,2026-05-10T07:00:00+00:00,611.49000000,611.72000000,611.25000000,611.42000000,9.31000000
1778400000000,2026-05-10T08:00:00+00:00,611.43000000,611.98000000,611.17000000,611.75000000,25.03000000
1778403600000,2026-05-10T09:00:00+00:00,611.75000000,612.78000000,611.65000000,612.61000000,15.23000000
1778407200000,2026-05-10T10:00:00+00:00,612.61000000,612.86000000,612.60000000,612.61000000,20.68000000
1778410800000,2026-05-10T11:00:00+00:00,612.60000000,613.48000000,612.34000000,612.93000000,17.64000000
1778414400000,2026-05-10T12:00:00+00:00,612.93000000,613.26000000,612.08000000,612.20000000,13.82000000
1778418000000,2026-05-10T13:00:00+00:00,612.20000000,612.69000000,612.00000000,612.21000000,22.09000000
1778421600000,2026-05-10T14:00:00+00:00,612.20000000,612.29000000,611.93000000,611.98000000,3.09000000
1778425200000,2026-05-10T15:00:00+00:00,612.05000000,612.07000000,611.14000000,611.61000000,8.46000000
1778428800000,2026-05-10T16:00:00+00:00,611.54000000,612.79000000,611.08000000,611.71000000,15.33000000
1778432400000,2026-05-10T17:00:00+00:00,611.61000000,612.37000000,611.60000000,611.71000000,14.90000000
1778436000000,2026-05-10T18:00:00+00:00,611.72000000,612.01000000,611.47000000,611.69000000,10.62000000
1778439600000,2026-05-10T19:00:00+00:00,611.61000000,611.90000000,611.31000000,611.60000000,12.99000000
1778443200000,2026-05-10T20:00:00+00:00,611.77000000,611.81000000,608.13000000,609.17000000,30.45000000
1778446800000,2026-05-10T21:00:00+00:00,609.15000000,609.58000000,607.71000000,609.29000000,73.54000000
1778450400000,2026-05-10T22:00:00+00:00,609.29000000,609.29000000,607.40000000,608.71000000,89.42000000
1778454000000,2026-05-10T23:00:00+00:00,608.72000000,609.95000000,608.29000000,608.79000000,49.95000000
1778457600000,2026-05-11T00:00:00+00:00,608.83000000,611.06000000,607.22000000,608.30000000,78.18000000
1778461200000,2026-05-11T01:00:00+00:00,608.27000000,609.13000000,607.75000000,608.77000000,22.74000000
1778464800000,2026-05-11T02:00:00+00:00,608.56000000,609.12000000,608.25000000,608.36000000,16.24000000
1778468400000,2026-05-11T03:00:00+00:00,608.36000000,608.36000000,607.76000000,608.09000000,7.97000000
1778472000000,2026-05-11T04:00:00+00:00,608.08000000,608.33000000,607.44000000,608.33000000,26.02000000
1778475600000,2026-05-11T05:00:00+00:00,608.33000000,608.62000000,607.92000000,608.10000000,2.32000000
1778479200000,2026-05-11T06:00:00+00:00,607.92000000,608.15000000,607.51000000,607.74000000,7.63000000
1778482800000,2026-05-11T07:00:00+00:00,607.60000000,607.92000000,607.47000000,607.90000000,4.04000000
1778486400000,2026-05-11T08:00:00+00:00,607.91000000,608.78000000,607.91000000,608.35000000,74.43000000
1778490000000,2026-05-11T09:00:00+00:00,608.19000000,608.64000000,608.05000000,608.06000000,5.63000000
1778493600000,2026-05-11T10:00:00+00:00,608.12000000,608.29000000,607.41000000,607.70000000,18.16000000
1778497200000,2026-05-11T11:00:00+00:00,607.80000000,607.80000000,605.48000000,605.85000000,22.82000000
1778500800000,2026-05-11T12:00:00+00:00,605.92000000,606.57000000,605.16000000,606.00000000,72.87000000
1778504400000,2026-05-11T13:00:00+00:00,606.00000000,606.75000000,601.28000000,602.00000000,228.22000000
1778508000000,2026-05-11T14:00:00+00:00,602.08000000,604.96000000,601.44000000,602.41000000,134.11000000
1778511600000,2026-05-11T15:00:00+00:00,602.62000000,605.19000000,601.23000000,604.29000000,78.77000000
1778515200000,2026-05-11T16:00:00+00:00,604.30000000,605.14000000,603.15000000,603.20000000,31.20000000
1778518800000,2026-05-11T17:00:00+00:00,603.23000000,603.90000000,601.45000000,603.53000000,38.56000000
1778522400000,2026-05-11T18:00:00+00:00,603.58000000,604.14000000,600.16000000,600.42000000,53.93000000
1778526000000,2026-05-11T19:00:00+00:00,600.36000000,600.59000000,599.00000000,599.55000000,79.78000000
1778529600000,2026-05-11T20:00:00+00:00,599.69000000,600.25000000,599.01000000,600.15000000,24.14000000
1778533200000,2026-05-11T21:00:00+00:00,600.04000000,600.67000000,599.90000000,600.67000000,7.39000000
1778536800000,2026-05-11T22:00:00+00:00,600.74000000,600.96000000,600.40000000,600.40000000,6.31000000
1778540400000,2026-05-11T23:00:00+00:00,600.50000000,600.68000000,600.18000000,600.18000000,4.50000000
1778544000000,2026-05-12T00:00:00+00:00,600.19000000,600.59000000,599.77000000,599.80000000,26.57000000
1778547600000,2026-05-12T01:00:00+00:00,599.80000000,600.19000000,596.54000000,598.93000000,198.64000000
1778551200000,2026-05-12T02:00:00+00:00,598.95000000,600.06000000,598.95000000,600.06000000,9.14000000
1778554800000,2026-05-12T03:00:00+00:00,600.05000000,600.16000000,598.99000000,599.47000000,8.96000000
1778558400000,2026-05-12T04:00:00+00:00,599.52000000,600.08000000,599.31000000,599.47000000,17.29000000
1778562000000,2026-05-12T05:00:00+00:00,599.46000000,599.73000000,599.03000000,599.55000000,9.07000000
1778565600000,2026-05-12T06:00:00+00:00,599.46000000,599.46000000,597.80000000,597.80000000,15.70000000
1778569200000,2026-05-12T07:00:00+00:00,597.71000000,598.80000000,597.21000000,597.96000000,35.87000000
1778572800000,2026-05-12T08:00:00+00:00,597.97000000,598.93000000,596.34000000,596.83000000,98.07000000
1778576400000,2026-05-12T09:00:00+00:00,596.83000000,597.66000000,596.77000000,596.99000000,67.09000000
1778580000000,2026-05-12T10:00:00+00:00,596.99000000,597.23000000,596.74000000,597.00000000,61.87000000
1778583600000,2026-05-12T11:00:00+00:00,597.05000000,597.59000000,595.58000000,596.17000000,80.26000000
1778587200000,2026-05-12T12:00:00+00:00,596.10000000,596.64000000,594.04000000,596.10000000,99.55000000
1778590800000,2026-05-12T13:00:00+00:00,596.11000000,601.47000000,593.36000000,600.43000000,696.37000000
1778594400000,2026-05-12T14:00:00+00:00,600.60000000,605.10000000,598.57000000,601.88000000,378.71000000
1778598000000,2026-05-12T15:00:00+00:00,601.70000000,602.44000000,600.33000000,601.09000000,75.05000000
1778601600000,2026-05-12T16:00:00+00:00,601.16000000,602.00000000,600.18000000,600.39000000,100.90000000
1778605200000,2026-05-12T17:00:00+00:00,600.53000000,601.08000000,597.38000000,600.90000000,47.74000000
1778608800000,2026-05-12T18:00:00+00:00,601.04000000,601.26000000,599.70000000,600.53000000,27.11000000
1778612400000,2026-05-12T19:00:00+00:00,600.39000000,604.03000000,599.58000000,603.88000000,89.02000000
1778616000000,2026-05-12T20:00:00+00:00,603.87000000,603.87000000,602.65000000,602.82000000,29.30000000
1778619600000,2026-05-12T21:00:00+00:00,602.88000000,602.94000000,602.00000000,602.57000000,24.94000000
1778623200000,2026-05-12T22:00:00+00:00,602.53000000,603.29000000,602.11000000,602.59000000,32.47000000
1778626800000,2026-05-12T23:00:00+00:00,602.68000000,603.02000000,602.09000000,602.40000000,20.89000000
1778630400000,2026-05-13T00:00:00+00:00,602.34000000,603.71000000,601.99000000,603.17000000,25.69000000
1778634000000,2026-05-13T01:00:00+00:00,603.17000000,604.61000000,603.17000000,604.30000000,58.13000000
1778637600000,2026-05-13T02:00:00+00:00,604.40000000,604.67000000,604.01000000,604.07000000,16.25000000
1778641200000,2026-05-13T03:00:00+00:00,604.05000000,604.49000000,603.55000000,604.25000000,7.56000000
1778644800000,2026-05-13T04:00:00+00:00,604.33000000,604.49000000,604.02000000,604.02000000,3.71000000
1778648400000,2026-05-13T05:00:00+00:00,603.96000000,604.18000000,603.56000000,603.78000000,14.34000000
1778652000000,2026-05-13T06:00:00+00:00,603.87000000,604.73000000,603.87000000,604.46000000,6.22000000
1778655600000,2026-05-13T07:00:00+00:00,604.45000000,604.65000000,604.16000000,604.65000000,4.47000000
1778659200000,2026-05-13T08:00:00+00:00,604.53000000,605.32000000,603.29000000,603.56000000,82.21000000
1778662800000,2026-05-13T09:00:00+00:00,603.62000000,604.19000000,603.28000000,603.55000000,80.72000000
1778666400000,2026-05-13T10:00:00+00:00,603.56000000,603.60000000,603.27000000,603.28000000,10.40000000
1778670000000,2026-05-13T11:00:00+00:00,603.28000000,603.28000000,599.60000000,600.97000000,201.25000000
1778673600000,2026-05-13T12:00:00+00:00,601.07000000,601.59000000,598.12000000,599.01000000,93.28000000
1778677200000,2026-05-13T13:00:00+00:00,599.01000000,606.40000000,597.73000000,606.09000000,210.44000000
1778680800000,2026-05-13T14:00:00+00:00,606.13000000,610.00000000,603.50000000,605.20000000,473.92000000
1778684400000,2026-05-13T15:00:00+00:00,605.15000000,609.54000000,604.41000000,608.95000000,103.92000000
1778688000000,2026-05-13T16:00:00+00:00,608.96000000,616.13000000,608.59000000,616.09000000,187.70000000
1778691600000,2026-05-13T17:00:00+00:00,616.09000000,617.49000000,615.25000000,616.05000000,327.14000000
1778695200000,2026-05-13T18:00:00+00:00,616.05000000,620.41000000,615.87000000,617.75000000,266.64000000
1778698800000,2026-05-13T19:00:00+00:00,617.70000000,618.83000000,616.21000000,617.40000000,38.73000000
1778702400000,2026-05-13T20:00:00+00:00,617.34000000,617.34000000,615.24000000,615.66000000,17.25000000
1778706000000,2026-05-13T21:00:00+00:00,615.54000000,616.25000000,615.40000000,616.06000000,12.23000000
1778709600000,2026-05-13T22:00:00+00:00,616.05000000,616.35000000,615.72000000,616.34000000,9.27000000
1778713200000,2026-05-13T23:00:00+00:00,616.34000000,617.09000000,616.29000000,616.77000000,21.25000000
1778716800000,2026-05-14T00:00:00+00:00,616.78000000,618.00000000,616.66000000,617.97000000,89.68000000
1778720400000,2026-05-14T01:00:00+00:00,617.92000000,617.99000000,617.36000000,617.37000000,98.19000000
1778724000000,2026-05-14T02:00:00+00:00,617.34000000,617.53000000,616.86000000,616.86000000,28.74000000
1778727600000,2026-05-14T03:00:00+00:00,616.80000000,616.81000000,613.88000000,613.94000000,44.34000000
1778731200000,2026-05-14T04:00:00+00:00,613.96000000,616.07000000,613.80000000,615.18000000,87.51000000
1778734800000,2026-05-14T05:00:00+00:00,615.18000000,615.85000000,614.96000000,615.02000000,25.98000000
1778738400000,2026-05-14T06:00:00+00:00,615.02000000,616.00000000,615.00000000,615.88000000,13.07000000
1778742000000,2026-05-14T07:00:00+00:00,615.82000000,616.44000000,615.31000000,616.20000000,21.28000000
1778745600000,2026-05-14T08:00:00+00:00,616.27000000,617.81000000,615.13000000,617.79000000,82.78000000
1778749200000,2026-05-14T09:00:00+00:00,617.80000000,618.35000000,615.87000000,617.26000000,75.99000000
1778752800000,2026-05-14T10:00:00+00:00,617.28000000,619.13000000,617.28000000,617.76000000,79.07000000
1778756400000,2026-05-14T11:00:00+00:00,617.74000000,619.74000000,617.43000000,618.21000000,58.54000000
1778760000000,2026-05-14T12:00:00+00:00,618.16000000,618.32000000,617.12000000,617.23000000,39.97000000
1778763600000,2026-05-14T13:00:00+00:00,617.22000000,620.00000000,615.01000000,618.57000000,347.28000000
1778767200000,2026-05-14T14:00:00+00:00,618.52000000,623.69000000,618.52000000,620.99000000,363.55000000
1778770800000,2026-05-14T15:00:00+00:00,620.97000000,623.39000000,620.96000000,622.13000000,60.02000000
1778774400000,2026-05-14T16:00:00+00:00,622.28000000,624.58000000,619.35000000,619.75000000,89.45000000
1778778000000,2026-05-14T17:00:00+00:00,619.78000000,620.15000000,618.53000000,619.30000000,77.17000000
1778781600000,2026-05-14T18:00:00+00:00,619.21000000,619.21000000,615.87000000,616.82000000,69.65000000
1778785200000,2026-05-14T19:00:00+00:00,616.83000000,618.80000000,616.83000000,618.77000000,50.00000000
1778788800000,2026-05-14T20:00:00+00:00,618.78000000,619.46000000,617.40000000,617.42000000,50.61000000
1778792400000,2026-05-14T21:00:00+00:00,617.42000000,617.79000000,617.37000000,617.37000000,10.29000000
1778796000000,2026-05-14T22:00:00+00:00,617.38000000,618.21000000,617.38000000,618.21000000,24.20000000
1778799600000,2026-05-14T23:00:00+00:00,618.18000000,618.47000000,617.37000000,617.48000000,20.81000000
1778803200000,2026-05-15T00:00:00+00:00,617.56000000,618.41000000,616.80000000,617.50000000,69.01000000
1778806800000,2026-05-15T01:00:00+00:00,617.46000000,617.68000000,615.10000000,615.44000000,33.66000000
1778810400000,2026-05-15T02:00:00+00:00,615.36000000,616.08000000,613.71000000,615.96000000,111.19000000
1778814000000,2026-05-15T03:00:00+00:00,616.03000000,616.72000000,615.66000000,616.39000000,57.83000000
1778817600000,2026-05-15T04:00:00+00:00,616.22000000,616.29000000,614.20000000,614.20000000,140.79000000
1778821200000,2026-05-15T05:00:00+00:00,614.20000000,614.29000000,610.23000000,610.48000000,105.43000000
1778824800000,2026-05-15T06:00:00+00:00,610.49000000,612.26000000,606.91000000,611.30000000,335.30000000
1778828400000,2026-05-15T07:00:00+00:00,611.24000000,612.55000000,611.08000000,611.08000000,30.98000000
1778832000000,2026-05-15T08:00:00+00:00,611.08000000,611.90000000,608.41000000,609.92000000,66.91000000
1778835600000,2026-05-15T09:00:00+00:00,610.03000000,610.37000000,606.98000000,607.73000000,161.22000000
1778839200000,2026-05-15T10:00:00+00:00,607.71000000,610.36000000,607.61000000,610.14000000,155.09000000
1778842800000,2026-05-15T11:00:00+00:00,610.14000000,610.96000000,609.29000000,610.50000000,79.33000000
1778846400000,2026-05-15T12:00:00+00:00,610.31000000,610.31000000,607.93000000,608.78000000,63.19000000
1778850000000,2026-05-15T13:00:00+00:00,608.81000000,615.64000000,608.41000000,611.13000000,232.60000000
1778853600000,2026-05-15T14:00:00+00:00,611.11000000,615.78000000,610.72000000,615.36000000,178.57000000
1778857200000,2026-05-15T15:00:00+00:00,615.43000000,616.78000000,612.53000000,614.17000000,72.82000000
1778860800000,2026-05-15T16:00:00+00:00,614.27000000,617.69000000,613.80000000,616.50000000,96.57000000
1778864400000,2026-05-15T17:00:00+00:00,616.60000000,621.18000000,616.20000000,620.90000000,54.35000000
1778868000000,2026-05-15T18:00:00+00:00,620.97000000,622.06000000,617.50000000,617.90000000,51.74000000
1778871600000,2026-05-15T19:00:00+00:00,617.66000000,617.92000000,614.36000000,615.19000000,87.16000000
1778875200000,2026-05-15T20:00:00+00:00,615.03000000,615.03000000,611.51000000,611.63000000,55.32000000
1778878800000,2026-05-15T21:00:00+00:00,611.75000000,612.52000000,611.26000000,612.10000000,42.27000000
1778882400000,2026-05-15T22:00:00+00:00,612.05000000,612.39000000,611.11000000,611.40000000,4.39000000
1778886000000,2026-05-15T23:00:00+00:00,611.32000000,611.34000000,610.72000000,610.72000000,10.99000000
1778889600000,2026-05-16T00:00:00+00:00,610.74000000,611.15000000,609.84000000,609.84000000,34.40000000
1778893200000,2026-05-16T01:00:00+00:00,609.84000000,610.10000000,608.89000000,609.15000000,24.70000000
1778896800000,2026-05-16T02:00:00+00:00,609.14000000,609.96000000,609.06000000,609.96000000,4.33000000
1778900400000,2026-05-16T03:00:00+00:00,609.95000000,610.56000000,609.95000000,610.56000000,8.69000000
1778904000000,2026-05-16T04:00:00+00:00,610.62000000,610.77000000,610.13000000,610.31000000,3.16000000
1778907600000,2026-05-16T05:00:00+00:00,610.25000000,610.66000000,610.25000000,610.45000000,1.15000000
1778911200000,2026-05-16T06:00:00+00:00,610.48000000,610.99000000,609.26000000,609.54000000,24.46000000
1778914800000,2026-05-16T07:00:00+00:00,609.54000000,609.87000000,609.06000000,609.09000000,35.35000000
1778918400000,2026-05-16T08:00:00+00:00,609.09000000,610.31000000,609.01000000,610.31000000,44.45000000
1778922000000,2026-05-16T09:00:00+00:00,610.29000000,610.32000000,609.01000000,609.65000000,11.60000000
1778925600000,2026-05-16T10:00:00+00:00,609.72000000,609.84000000,609.10000000,609.84000000,18.37000000
1778929200000,2026-05-16T11:00:00+00:00,609.76000000,610.23000000,609.67000000,609.70000000,6.71000000
1778932800000,2026-05-16T12:00:00+00:00,609.70000000,610.11000000,609.70000000,610.10000000,1.14000000
1778936400000,2026-05-16T13:00:00+00:00,610.12000000,610.22000000,609.26000000,609.52000000,19.03000000
1778940000000,2026-05-16T14:00:00+00:00,609.59000000,609.68000000,609.25000000,609.60000000,5.10000000
1778943600000,2026-05-16T15:00:00+00:00,609.59000000,609.83000000,609.29000000,609.45000000,5.39000000
1778947200000,2026-05-16T16:00:00+00:00,609.41000000,609.86000000,609.37000000,609.70000000,2.17000000
1778950800000,2026-05-16T17:00:00+00:00,609.74000000,610.42000000,609.74000000,610.10000000,3.07000000
1778954400000,2026-05-16T18:00:00+00:00,610.11000000,610.38000000,609.94000000,610.02000000,3.00000000
1778958000000,2026-05-16T19:00:00+00:00,609.97000000,610.74000000,609.97000000,610.23000000,6.67000000
1778961600000,2026-05-16T20:00:00+00:00,610.20000000,611.00000000,610.18000000,610.85000000,4.78000000
1778965200000,2026-05-16T21:00:00+00:00,610.85000000,611.16000000,610.25000000,610.49000000,2.74000000
1778968800000,2026-05-16T22:00:00+00:00,610.54000000,610.75000000,610.01000000,610.01000000,1.79000000
1778972400000,2026-05-16T23:00:00+00:00,609.96000000,610.08000000,609.77000000,610.06000000,0.54000000
1778976000000,2026-05-17T00:00:00+00:00,610.16000000,610.55000000,609.75000000,609.75000000,17.08000000
1778979600000,2026-05-17T01:00:00+00:00,609.75000000,610.07000000,609.27000000,609.73000000,7.14000000
1778983200000,2026-05-17T02:00:00+00:00,609.55000000,609.96000000,609.40000000,609.93000000,2.47000000
1778986800000,2026-05-17T03:00:00+00:00,609.89000000,611.07000000,609.89000000,611.07000000,9.92000000
1778990400000,2026-05-17T04:00:00+00:00,610.99000000,611.12000000,610.94000000,610.98000000,1.22000000
1778994000000,2026-05-17T05:00:00+00:00,610.96000000,611.05000000,610.44000000,610.44000000,2.67000000
1778997600000,2026-05-17T06:00:00+00:00,610.37000000,610.37000000,609.97000000,610.21000000,2.90000000
1779001200000,2026-05-17T07:00:00+00:00,610.32000000,610.66000000,610.11000000,610.20000000,4.15000000
1779004800000,2026-05-17T08:00:00+00:00,610.21000000,611.39000000,610.09000000,611.06000000,4.80000000
1779008400000,2026-05-17T09:00:00+00:00,611.14000000,611.82000000,611.02000000,611.68000000,3.17000000
1779012000000,2026-05-17T10:00:00+00:00,611.68000000,612.35000000,611.62000000,612.16000000,4.52000000
1779015600000,2026-05-17T11:00:00+00:00,612.22000000,612.64000000,612.16000000,612.47000000,5.39000000
1779019200000,2026-05-17T12:00:00+00:00,612.49000000,612.81000000,612.48000000,612.57000000,0.96000000
1779022800000,2026-05-17T13:00:00+00:00,612.50000000,612.55000000,611.88000000,612.48000000,3.74000000
1779026400000,2026-05-17T14:00:00+00:00,612.49000000,612.49000000,611.38000000,611.69000000,16.86000000
1779030000000,2026-05-17T15:00:00+00:00,611.64000000,612.46000000,611.52000000,612.29000000,5.00000000
1779033600000,2026-05-17T16:00:00+00:00,612.20000000,612.63000000,612.01000000,612.24000000,7.13000000
1779037200000,2026-05-17T17:00:00+00:00,612.15000000,612.24000000,611.88000000,612.12000000,0.71000000
1779040800000,2026-05-17T18:00:00+00:00,612.08000000,612.60000000,611.92000000,612.60000000,1.54000000
1779044400000,2026-05-17T19:00:00+00:00,612.53000000,613.20000000,612.53000000,613.20000000,0.64000000
1779048000000,2026-05-17T20:00:00+00:00,613.12000000,613.39000000,613.12000000,613.18000000,3.76000000
1779051600000,2026-05-17T21:00:00+00:00,613.19000000,613.76000000,613.19000000,613.58000000,2.05000000
1779055200000,2026-05-17T22:00:00+00:00,613.49000000,613.87000000,612.99000000,613.81000000,6.98000000
1779058800000,2026-05-17T23:00:00+00:00,613.79000000,613.90000000,610.14000000,610.21000000,21.10000000
1779062400000,2026-05-18T00:00:00+00:00,610.36000000,612.51000000,608.88000000,609.80000000,45.62000000
1779066000000,2026-05-18T01:00:00+00:00,609.72000000,609.85000000,607.11000000,608.30000000,42.94000000
1779069600000,2026-05-18T02:00:00+00:00,608.16000000,609.81000000,608.04000000,608.47000000,14.35000000
1779073200000,2026-05-18T03:00:00+00:00,608.47000000,609.32000000,608.28000000,609.18000000,4.49000000
1779076800000,2026-05-18T04:00:00+00:00,609.28000000,610.16000000,608.37000000,609.03000000,3.39000000
1779080400000,2026-05-18T05:00:00+00:00,609.03000000,610.16000000,608.68000000,610.03000000,9.30000000
1779084000000,2026-05-18T06:00:00+00:00,610.00000000,610.08000000,608.00000000,610.08000000,65.75000000
1779087600000,2026-05-18T07:00:00+00:00,610.13000000,611.69000000,609.17000000,609.90000000,46.22000000
1779091200000,2026-05-18T08:00:00+00:00,610.04000000,612.12000000,609.65000000,612.12000000,43.51000000
1779094800000,2026-05-18T09:00:00+00:00,612.12000000,612.12000000,610.35000000,610.65000000,28.03000000
1779098400000,2026-05-18T10:00:00+00:00,610.73000000,610.91000000,608.95000000,610.22000000,17.50000000
1779102000000,2026-05-18T11:00:00+00:00,610.11000000,611.13000000,608.55000000,609.11000000,10.63000000
1779105600000,2026-05-18T12:00:00+00:00,609.11000000,612.33000000,608.84000000,611.73000000,23.49000000
1779109200000,2026-05-18T13:00:00+00:00,611.66000000,612.81000000,604.49000000,612.81000000,449.97000000
1779112800000,2026-05-18T14:00:00+00:00,612.77000000,613.10000000,606.70000000,610.14000000,249.90000000
1779116400000,2026-05-18T15:00:00+00:00,610.08000000,610.58000000,606.96000000,608.30000000,62.89000000
1779120000000,2026-05-18T16:00:00+00:00,608.49000000,611.57000000,607.45000000,610.72000000,57.82000000
1779123600000,2026-05-18T17:00:00+00:00,610.68000000,616.31000000,609.96000000,615.26000000,60.77000000
1779127200000,2026-05-18T18:00:00+00:00,615.36000000,615.45000000,608.34000000,608.34000000,46.92000000
1779130800000,2026-05-18T19:00:00+00:00,608.46000000,613.92000000,608.33000000,612.12000000,74.97000000
1779134400000,2026-05-18T20:00:00+00:00,611.96000000,612.12000000,611.18000000,611.37000000,10.15000000
1779138000000,2026-05-18T21:00:00+00:00,611.32000000,611.32000000,610.56000000,611.17000000,11.57000000
1779141600000,2026-05-18T22:00:00+00:00,611.09000000,612.00000000,611.07000000,611.75000000,12.01000000
1779145200000,2026-05-18T23:00:00+00:00,611.63000000,612.44000000,611.28000000,611.28000000,12.80000000
1779148800000,2026-05-19T00:00:00+00:00,611.20000000,612.88000000,610.48000000,611.56000000,85.24000000
1779152400000,2026-05-19T01:00:00+00:00,611.55000000,611.85000000,610.48000000,611.05000000,76.79000000
1779156000000,2026-05-19T02:00:00+00:00,611.05000000,611.41000000,609.37000000,610.75000000,115.14000000
1779159600000,2026-05-19T03:00:00+00:00,610.78000000,611.52000000,610.37000000,611.04000000,17.60000000
1779163200000,2026-05-19T04:00:00+00:00,611.05000000,611.20000000,610.24000000,610.58000000,6.74000000
1779166800000,2026-05-19T05:00:00+00:00,610.68000000,610.79000000,609.36000000,609.98000000,32.61000000
1779170400000,2026-05-19T06:00:00+00:00,609.93000000,611.33000000,609.60000000,611.33000000,10.06000000
1779174000000,2026-05-19T07:00:00+00:00,611.39000000,613.55000000,611.10000000,613.12000000,59.33000000
1779177600000,2026-05-19T08:00:00+00:00,613.10000000,613.34000000,611.04000000,611.66000000,31.06000000
1779181200000,2026-05-19T09:00:00+00:00,611.61000000,611.72000000,609.00000000,610.54000000,136.83000000
1779184800000,2026-05-19T10:00:00+00:00,610.47000000,610.95000000,608.54000000,609.47000000,95.77000000
1779188400000,2026-05-19T11:00:00+00:00,609.54000000,610.71000000,609.20000000,609.20000000,50.94000000
1779192000000,2026-05-19T12:00:00+00:00,609.14000000,610.54000000,608.93000000,610.12000000,28.55000000
1779195600000,2026-05-19T13:00:00+00:00,609.98000000,614.44000000,605.99000000,613.44000000,256.55000000
1779199200000,2026-05-19T14:00:00+00:00,613.67000000,614.19000000,605.88000000,607.46000000,236.44000000
1779202800000,2026-05-19T15:00:00+00:00,607.38000000,608.15000000,603.14000000,603.60000000,71.55000000
1779206400000,2026-05-19T16:00:00+00:00,603.72000000,605.36000000,601.54000000,604.80000000,61.26000000
1779210000000,2026-05-19T17:00:00+00:00,604.68000000,605.10000000,602.70000000,603.30000000,47.41000000
1779213600000,2026-05-19T18:00:00+00:00,603.40000000,604.03000000,601.60000000,601.99000000,43.84000000
1779217200000,2026-05-19T19:00:00+00:00,602.00000000,603.81000000,601.81000000,603.42000000,74.03000000
1779220800000,2026-05-19T20:00:00+00:00,603.21000000,603.44000000,602.76000000,603.08000000,7.30000000
1779224400000,2026-05-19T21:00:00+00:00,603.13000000,604.07000000,602.89000000,603.46000000,27.01000000
1779228000000,2026-05-19T22:00:00+00:00,603.40000000,603.40000000,602.70000000,603.04000000,6.12000000
1779231600000,2026-05-19T23:00:00+00:00,603.05000000,604.00000000,603.05000000,603.50000000,9.19000000
1779235200000,2026-05-20T00:00:00+00:00,603.44000000,603.96000000,602.22000000,603.81000000,29.26000000
1779238800000,2026-05-20T01:00:00+00:00,603.71000000,603.94000000,602.77000000,603.65000000,16.59000000
1779242400000,2026-05-20T02:00:00+00:00,603.63000000,603.92000000,602.92000000,603.24000000,6.51000000
1779246000000,2026-05-20T03:00:00+00:00,603.05000000,603.35000000,602.32000000,603.12000000,10.07000000
1779249600000,2026-05-20T04:00:00+00:00,603.24000000,603.52000000,602.65000000,602.94000000,8.50000000
1779253200000,2026-05-20T05:00:00+00:00,602.89000000,603.66000000,602.89000000,603.59000000,10.48000000
1779256800000,2026-05-20T06:00:00+00:00,603.58000000,605.18000000,603.00000000,604.99000000,45.35000000
1779260400000,2026-05-20T07:00:00+00:00,605.01000000,605.53000000,604.27000000,604.73000000,13.54000000
1779264000000,2026-05-20T08:00:00+00:00,604.79000000,605.27000000,604.53000000,604.77000000,29.54000000
1779267600000,2026-05-20T09:00:00+00:00,604.87000000,604.98000000,604.44000000,604.78000000,39.01000000
1779271200000,2026-05-20T10:00:00+00:00,604.98000000,605.59000000,604.64000000,604.88000000,26.70000000
1779274800000,2026-05-20T11:00:00+00:00,604.83000000,604.98000000,604.22000000,604.56000000,8.42000000
1779278400000,2026-05-20T12:00:00+00:00,604.64000000,605.40000000,604.06000000,604.06000000,18.62000000
1779282000000,2026-05-20T13:00:00+00:00,604.06000000,604.18000000,600.34000000,601.18000000,233.62000000
1779285600000,2026-05-20T14:00:00+00:00,601.11000000,606.24000000,599.11000000,605.64000000,137.85000000
1779289200000,2026-05-20T15:00:00+00:00,605.53000000,609.00000000,604.91000000,607.01000000,57.13000000
1779292800000,2026-05-20T16:00:00+00:00,607.10000000,607.15000000,604.25000000,605.53000000,82.79000000
1779296400000,2026-05-20T17:00:00+00:00,605.59000000,606.32000000,604.68000000,605.58000000,44.11000000
1779300000000,2026-05-20T18:00:00+00:00,605.67000000,607.51000000,604.99000000,605.88000000,64.92000000
1779303600000,2026-05-20T19:00:00+00:00,606.29000000,606.57000000,603.65000000,605.57000000,55.01000000
1779307200000,2026-05-20T20:00:00+00:00,605.58000000,606.37000000,605.16000000,605.35000000,22.26000000
1779310800000,2026-05-20T21:00:00+00:00,605.48000000,605.51000000,604.68000000,605.19000000,43.92000000
1779314400000,2026-05-20T22:00:00+00:00,604.99000000,604.99000000,602.63000000,603.75000000,56.49000000
1779318000000,2026-05-20T23:00:00+00:00,603.94000000,604.20000000,603.80000000,604.20000000,6.21000000
1779321600000,2026-05-21T00:00:00+00:00,604.00000000,604.50000000,603.73000000,604.20000000,14.87000000
1779325200000,2026-05-21T01:00:00+00:00,604.14000000,605.44000000,603.95000000,605.44000000,18.74000000
1779328800000,2026-05-21T02:00:00+00:00,605.47000000,606.40000000,605.36000000,605.46000000,11.86000000
1779332400000,2026-05-21T03:00:00+00:00,605.36000000,606.05000000,605.36000000,605.74000000,3.66000000
1779336000000,2026-05-21T04:00:00+00:00,605.71000000,606.40000000,605.57000000,606.00000000,11.46000000
1779339600000,2026-05-21T05:00:00+00:00,606.08000000,606.13000000,603.07000000,604.68000000,92.30000000
1779343200000,2026-05-21T06:00:00+00:00,604.80000000,605.29000000,603.30000000,603.62000000,46.04000000
1779346800000,2026-05-21T07:00:00+00:00,603.62000000,603.94000000,603.15000000,603.51000000,45.70000000
1779350400000,2026-05-21T08:00:00+00:00,603.60000000,607.25000000,603.42000000,604.24000000,208.74000000
1779354000000,2026-05-21T09:00:00+00:00,604.21000000,605.07000000,604.10000000,604.49000000,18.76000000
1779357600000,2026-05-21T10:00:00+00:00,604.48000000,604.96000000,601.60000000,602.09000000,103.07000000
1779361200000,2026-05-21T11:00:00+00:00,602.18000000,602.96000000,601.82000000,602.80000000,12.27000000
1779364800000,2026-05-21T12:00:00+00:00,602.72000000,604.07000000,602.60000000,603.23000000,26.21000000
1779368400000,2026-05-21T13:00:00+00:00,603.36000000,603.89000000,596.53000000,596.53000000,348.99000000
1779372000000,2026-05-21T14:00:00+00:00,596.52000000,601.23000000,595.81000000,600.60000000,109.36000000
1779375600000,2026-05-21T15:00:00+00:00,600.58000000,604.83000000,600.45000000,604.83000000,48.24000000
1779379200000,2026-05-21T16:00:00+00:00,604.60000000,604.91000000,601.32000000,602.48000000,50.56000000
1779382800000,2026-05-21T17:00:00+00:00,602.54000000,610.20000000,602.49000000,610.00000000,106.09000000
1779386400000,2026-05-21T18:00:00+00:00,609.91000000,610.10000000,606.10000000,606.65000000,56.25000000
1779390000000,2026-05-21T19:00:00+00:00,606.70000000,608.60000000,606.62000000,608.30000000,27.07000000
1779393600000,2026-05-21T20:00:00+00:00,608.29000000,608.58000000,607.44000000,608.00000000,8.79000000
1779397200000,2026-05-21T21:00:00+00:00,607.94000000,607.99000000,607.58000000,607.65000000,9.72000000
1779400800000,2026-05-21T22:00:00+00:00,607.72000000,608.76000000,607.61000000,608.62000000,7.97000000
1779404400000,2026-05-21T23:00:00+00:00,608.61000000,609.69000000,608.49000000,609.69000000,6.67000000
1779408000000,2026-05-22T00:00:00+00:00,609.39000000,610.29000000,607.04000000,609.62000000,54.20000000
1779411600000,2026-05-22T01:00:00+00:00,609.62000000,609.75000000,608.49000000,609.08000000,19.52000000
1779415200000,2026-05-22T02:00:00+00:00,609.03000000,609.11000000,608.06000000,608.57000000,32.99000000
1779418800000,2026-05-22T03:00:00+00:00,608.51000000,609.14000000,608.38000000,609.14000000,6.07000000
1779422400000,2026-05-22T04:00:00+00:00,609.10000000,609.37000000,609.00000000,609.26000000,6.21000000
1779426000000,2026-05-22T05:00:00+00:00,609.25000000,609.38000000,608.48000000,608.48000000,8.84000000
1779429600000,2026-05-22T06:00:00+00:00,608.48000000,609.10000000,607.80000000,608.99000000,34.98000000
1779433200000,2026-05-22T07:00:00+00:00,608.98000000,609.08000000,608.26000000,608.79000000,36.11000000
1779436800000,2026-05-22T08:00:00+00:00,608.82000000,609.68000000,607.16000000,607.81000000,27.12000000
1779440400000,2026-05-22T09:00:00+00:00,607.80000000,608.01000000,606.34000000,608.01000000,41.64000000
1779444000000,2026-05-22T10:00:00+00:00,607.86000000,607.86000000,606.93000000,607.17000000,34.86000000
1779447600000,2026-05-22T11:00:00+00:00,607.48000000,607.95000000,606.78000000,607.62000000,28.83000000
1779451200000,2026-05-22T12:00:00+00:00,607.51000000,609.36000000,607.40000000,609.31000000,18.02000000
1779454800000,2026-05-22T13:00:00+00:00,609.43000000,615.75000000,608.94000000,611.52000000,103.64000000
1779458400000,2026-05-22T14:00:00+00:00,611.29000000,611.29000000,608.00000000,611.10000000,114.73000000
1779462000000,2026-05-22T15:00:00+00:00,611.09000000,612.47000000,610.00000000,610.39000000,67.99000000
1779465600000,2026-05-22T16:00:00+00:00,610.30000000,610.36000000,608.26000000,608.75000000,47.24000000
1779469200000,2026-05-22T17:00:00+00:00,608.88000000,612.01000000,608.88000000,609.81000000,57.47000000
1779472800000,2026-05-22T18:00:00+00:00,609.80000000,613.01000000,609.56000000,611.18000000,218.29000000
1779476400000,2026-05-22T19:00:00+00:00,611.18000000,611.81000000,609.52000000,611.35000000,96.01000000
1779480000000,2026-05-22T20:00:00+00:00,611.35000000,611.49000000,610.49000000,610.97000000,34.10000000
1779483600000,2026-05-22T21:00:00+00:00,610.98000000,611.19000000,610.20000000,610.31000000,19.34000000
1779487200000,2026-05-22T22:00:00+00:00,610.23000000,610.51000000,609.29000000,609.40000000,17.02000000
1779490800000,2026-05-22T23:00:00+00:00,609.37000000,609.40000000,608.74000000,608.85000000,20.91000000
1779494400000,2026-05-23T00:00:00+00:00,608.75000000,609.15000000,606.87000000,607.40000000,28.73000000
1779498000000,2026-05-23T01:00:00+00:00,607.39000000,608.20000000,607.35000000,608.20000000,10.23000000
1779501600000,2026-05-23T02:00:00+00:00,608.18000000,608.60000000,607.84000000,608.60000000,9.59000000
1779505200000,2026-05-23T03:00:00+00:00,608.60000000,608.76000000,608.51000000,608.55000000,2.53000000
1779508800000,2026-05-23T04:00:00+00:00,608.68000000,608.70000000,607.87000000,607.99000000,8.03000000
1779512400000,2026-05-23T05:00:00+00:00,608.08000000,608.22000000,607.68000000,607.68000000,2.87000000
1779516000000,2026-05-23T06:00:00+00:00,608.04000000,608.43000000,607.80000000,608.10000000,3.31000000
1779519600000,2026-05-23T07:00:00+00:00,608.06000000,608.43000000,606.40000000,606.90000000,29.80000000
1779523200000,2026-05-23T08:00:00+00:00,607.04000000,607.51000000,605.94000000,607.51000000,28.64000000
1779526800000,2026-05-23T09:00:00+00:00,607.58000000,607.76000000,606.90000000,606.90000000,1.51000000
1779530400000,2026-05-23T10:00:00+00:00,606.93000000,607.52000000,606.93000000,607.46000000,2.59000000
1779534000000,2026-05-23T11:00:00+00:00,607.19000000,607.19000000,606.87000000,607.08000000,2.28000000
1779537600000,2026-05-23T12:00:00+00:00,607.11000000,607.48000000,606.98000000,607.48000000,0.90000000
1779541200000,2026-05-23T13:00:00+00:00,607.48000000,608.99000000,607.48000000,608.91000000,4.00000000
1779544800000,2026-05-23T14:00:00+00:00,609.00000000,611.50000000,608.97000000,611.50000000,6.01000000
1779548400000,2026-05-23T15:00:00+00:00,611.59000000,612.33000000,611.12000000,612.13000000,13.38000000
1779552000000,2026-05-23T16:00:00+00:00,612.10000000,612.81000000,611.39000000,611.84000000,12.83000000
1779555600000,2026-05-23T17:00:00+00:00,611.83000000,612.69000000,611.79000000,612.24000000,3.21000000
1779559200000,2026-05-23T18:00:00+00:00,612.18000000,614.80000000,612.12000000,612.87000000,130.81000000
1779562800000,2026-05-23T19:00:00+00:00,612.91000000,613.63000000,612.82000000,612.88000000,3.08000000
1779566400000,2026-05-23T20:00:00+00:00,613.02000000,615.60000000,612.89000000,615.60000000,20.25000000
1779570000000,2026-05-23T21:00:00+00:00,615.66000000,616.89000000,615.02000000,616.19000000,27.73000000
1779573600000,2026-05-23T22:00:00+00:00,616.46000000,617.66000000,615.51000000,615.88000000,27.21000000
1779577200000,2026-05-23T23:00:00+00:00,615.88000000,617.70000000,615.88000000,617.26000000,12.37000000
1779580800000,2026-05-24T00:00:00+00:00,617.47000000,617.54000000,616.62000000,616.92000000,17.93000000
1779584400000,2026-05-24T01:00:00+00:00,616.97000000,617.26000000,616.97000000,617.26000000,12.58000000
1779588000000,2026-05-24T02:00:00+00:00,617.28000000,617.56000000,617.14000000,617.45000000,8.97000000
1779591600000,2026-05-24T03:00:00+00:00,617.32000000,617.53000000,616.98000000,617.37000000,7.66000000
1779595200000,2026-05-24T04:00:00+00:00,617.27000000,617.70000000,617.15000000,617.70000000,4.33000000
1779598800000,2026-05-24T05:00:00+00:00,617.71000000,618.10000000,617.58000000,618.07000000,8.36000000
1779602400000,2026-05-24T06:00:00+00:00,618.05000000,618.09000000,617.61000000,618.09000000,2.91000000
1779606000000,2026-05-24T07:00:00+00:00,617.91000000,617.95000000,616.68000000,617.31000000,33.01000000
1779609600000,2026-05-24T08:00:00+00:00,617.10000000,617.81000000,617.08000000,617.40000000,1.79000000
1779613200000,2026-05-24T09:00:00+00:00,617.29000000,618.91000000,617.12000000,618.78000000,13.72000000
1779616800000,2026-05-24T10:00:00+00:00,618.79000000,619.00000000,617.82000000,618.43000000,8.38000000
1779620400000,2026-05-24T11:00:00+00:00,618.47000000,619.14000000,618.29000000,618.98000000,3.02000000
1779624000000,2026-05-24T12:00:00+00:00,619.09000000,620.00000000,618.90000000,619.68000000,6.01000000
1779627600000,2026-05-24T13:00:00+00:00,619.84000000,620.00000000,617.70000000,617.85000000,25.91000000
1779631200000,2026-05-24T14:00:00+00:00,617.96000000,618.29000000,615.25000000,615.52000000,38.73000000
1779634800000,2026-05-24T15:00:00+00:00,615.36000000,615.53000000,614.60000000,615.13000000,13.28000000
1779638400000,2026-05-24T16:00:00+00:00,615.16000000,615.87000000,615.13000000,615.79000000,2.10000000
1779642000000,2026-05-24T17:00:00+00:00,615.81000000,616.21000000,615.38000000,616.21000000,6.29000000
1779645600000,2026-05-24T18:00:00+00:00,616.13000000,616.38000000,615.74000000,615.98000000,11.43000000
1779649200000,2026-05-24T19:00:00+00:00,615.89000000,616.39000000,615.60000000,616.19000000,7.94000000
1779652800000,2026-05-24T20:00:00+00:00,616.19000000,616.19000000,615.03000000,615.28000000,16.59000000
1779656400000,2026-05-24T21:00:00+00:00,615.29000000,616.43000000,614.51000000,614.78000000,5.60000000
1779660000000,2026-05-24T22:00:00+00:00,614.63000000,614.66000000,613.64000000,614.25000000,8.95000000
1779663600000,2026-05-24T23:00:00+00:00,614.19000000,615.54000000,614.18000000,614.77000000,14.93000000
1779667200000,2026-05-25T00:00:00+00:00,614.55000000,616.07000000,614.35000000,615.82000000,6.67000000
1779670800000,2026-05-25T01:00:00+00:00,615.94000000,616.87000000,615.71000000,615.76000000,6.33000000
1779674400000,2026-05-25T02:00:00+00:00,615.76000000,616.53000000,615.54000000,616.53000000,2.21000000
1779678000000,2026-05-25T03:00:00+00:00,616.60000000,617.50000000,616.60000000,617.50000000,1.56000000
1779681600000,2026-05-25T04:00:00+00:00,617.41000000,618.25000000,617.36000000,618.25000000,1.72000000
1779685200000,2026-05-25T05:00:00+00:00,618.30000000,618.60000000,618.16000000,618.41000000,13.69000000
1779688800000,2026-05-25T06:00:00+00:00,618.30000000,618.30000000,616.89000000,617.63000000,3.48000000
1779692400000,2026-05-25T07:00:00+00:00,617.40000000,618.52000000,616.80000000,618.31000000,9.83000000
1779696000000,2026-05-25T08:00:00+00:00,618.12000000,618.70000000,617.28000000,618.70000000,20.62000000
1779699600000,2026-05-25T09:00:00+00:00,618.75000000,618.89000000,618.46000000,618.61000000,2.46000000
1779703200000,2026-05-25T10:00:00+00:00,618.71000000,618.76000000,617.72000000,618.41000000,20.51000000
1779706800000,2026-05-25T11:00:00+00:00,618.20000000,618.77000000,618.00000000,618.22000000,2.51000000
1779710400000,2026-05-25T12:00:00+00:00,618.39000000,618.43000000,617.83000000,617.84000000,4.82000000
1779714000000,2026-05-25T13:00:00+00:00,617.82000000,618.33000000,617.03000000,618.09000000,7.65000000
1779717600000,2026-05-25T14:00:00+00:00,618.29000000,618.47000000,617.62000000,618.29000000,8.11000000
1779721200000,2026-05-25T15:00:00+00:00,618.23000000,618.50000000,617.33000000,617.33000000,18.53000000
1779724800000,2026-05-25T16:00:00+00:00,617.30000000,617.90000000,616.86000000,617.90000000,6.03000000
1779728400000,2026-05-25T17:00:00+00:00,617.89000000,618.41000000,617.74000000,617.83000000,3.18000000
1779732000000,2026-05-25T18:00:00+00:00,617.86000000,619.03000000,617.33000000,618.05000000,37.39000000
1779735600000,2026-05-25T19:00:00+00:00,618.05000000,621.10000000,617.88000000,619.61000000,28.07000000
1779739200000,2026-05-25T20:00:00+00:00,619.90000000,620.24000000,619.57000000,619.91000000,6.18000000
1779742800000,2026-05-25T21:00:00+00:00,620.17000000,620.60000000,619.70000000,619.82000000,13.81000000
1779746400000,2026-05-25T22:00:00+00:00,619.70000000,619.70000000,616.90000000,617.89000000,47.90000000
1779750000000,2026-05-25T23:00:00+00:00,617.76000000,617.93000000,614.45000000,617.36000000,116.62000000
1779753600000,2026-05-26T00:00:00+00:00,617.26000000,617.91000000,613.70000000,614.31000000,291.92000000
1779757200000,2026-05-26T01:00:00+00:00,614.29000000,614.41000000,612.95000000,613.73000000,30.65000000
1779760800000,2026-05-26T02:00:00+00:00,613.76000000,613.94000000,613.47000000,613.65000000,15.84000000
1779764400000,2026-05-26T03:00:00+00:00,613.69000000,614.35000000,613.65000000,613.96000000,11.27000000
1779768000000,2026-05-26T04:00:00+00:00,613.94000000,614.40000000,613.85000000,614.30000000,4.21000000
1779771600000,2026-05-26T05:00:00+00:00,614.23000000,614.23000000,613.23000000,613.27000000,7.16000000
1779775200000,2026-05-26T06:00:00+00:00,613.23000000,614.09000000,613.06000000,613.72000000,15.83000000
1779778800000,2026-05-26T07:00:00+00:00,613.70000000,613.70000000,610.74000000,612.10000000,185.81000000
1779782400000,2026-05-26T08:00:00+00:00,612.20000000,612.75000000,611.56000000,611.72000000,43.07000000
1779786000000,2026-05-26T09:00:00+00:00,611.80000000,612.00000000,611.15000000,611.25000000,8.13000000
1779789600000,2026-05-26T10:00:00+00:00,611.22000000,613.05000000,611.12000000,612.46000000,16.19000000
1779793200000,2026-05-26T11:00:00+00:00,612.52000000,612.52000000,611.40000000,612.19000000,46.44000000
1779796800000,2026-05-26T12:00:00+00:00,612.36000000,612.50000000,611.41000000,611.75000000,12.71000000
1779800400000,2026-05-26T13:00:00+00:00,611.85000000,615.25000000,606.61000000,610.33000000,372.66000000
1779804000000,2026-05-26T14:00:00+00:00,610.37000000,612.00000000,607.31000000,607.60000000,189.96000000
1779807600000,2026-05-26T15:00:00+00:00,607.39000000,610.39000000,606.34000000,608.15000000,267.96000000
1779811200000,2026-05-26T16:00:00+00:00,608.11000000,612.22000000,608.10000000,611.43000000,115.54000000
1779814800000,2026-05-26T17:00:00+00:00,611.28000000,611.62000000,609.55000000,609.90000000,22.36000000
1779818400000,2026-05-26T18:00:00+00:00,609.97000000,611.87000000,609.96000000,610.70000000,33.09000000
1779822000000,2026-05-26T19:00:00+00:00,610.60000000,613.74000000,610.13000000,613.73000000,32.06000000
1779825600000,2026-05-26T20:00:00+00:00,613.75000000,613.75000000,611.77000000,611.80000000,41.37000000
1779829200000,2026-05-26T21:00:00+00:00,611.76000000,611.91000000,611.33000000,611.51000000,6.50000000
1779832800000,2026-05-26T22:00:00+00:00,611.44000000,611.44000000,610.08000000,610.29000000,30.91000000
1779836400000,2026-05-26T23:00:00+00:00,610.40000000,612.85000000,610.40000000,611.55000000,221.38000000
1779840000000,2026-05-27T00:00:00+00:00,611.66000000,611.87000000,610.54000000,610.64000000,28.87000000
1779843600000,2026-05-27T01:00:00+00:00,610.77000000,611.18000000,610.33000000,611.02000000,35.03000000
1779847200000,2026-05-27T02:00:00+00:00,610.90000000,611.27000000,610.43000000,610.90000000,13.20000000
1779850800000,2026-05-27T03:00:00+00:00,610.84000000,610.97000000,608.66000000,610.34000000,208.49000000
1779854400000,2026-05-27T04:00:00+00:00,610.25000000,610.82000000,610.25000000,610.82000000,30.33000000
1779858000000,2026-05-27T05:00:00+00:00,610.83000000,611.91000000,610.55000000,611.83000000,17.71000000
1779861600000,2026-05-27T06:00:00+00:00,611.77000000,612.16000000,611.71000000,611.78000000,15.79000000
1779865200000,2026-05-27T07:00:00+00:00,611.82000000,612.18000000,611.73000000,612.07000000,11.19000000
1779868800000,2026-05-27T08:00:00+00:00,612.08000000,612.70000000,611.92000000,612.11000000,14.82000000
1779872400000,2026-05-27T09:00:00+00:00,612.02000000,612.33000000,611.77000000,611.77000000,12.15000000
1779876000000,2026-05-27T10:00:00+00:00,611.82000000,611.94000000,609.71000000,610.64000000,19.49000000
1779879600000,2026-05-27T11:00:00+00:00,610.72000000,611.25000000,609.07000000,609.15000000,71.77000000
1779883200000,2026-05-27T12:00:00+00:00,609.14000000,610.60000000,608.41000000,609.88000000,219.32000000
1779886800000,2026-05-27T13:00:00+00:00,609.99000000,614.89000000,608.85000000,612.19000000,286.36000000
1779890400000,2026-05-27T14:00:00+00:00,612.39000000,617.83000000,611.81000000,613.90000000,436.14000000
1779894000000,2026-05-27T15:00:00+00:00,613.82000000,616.05000000,613.04000000,613.24000000,314.54000000
1779897600000,2026-05-27T16:00:00+00:00,613.25000000,615.36000000,612.35000000,613.37000000,262.72000000
1779901200000,2026-05-27T17:00:00+00:00,613.41000000,613.41000000,610.36000000,612.24000000,153.32000000
1779904800000,2026-05-27T18:00:00+00:00,612.16000000,634.52000000,611.77000000,633.05000000,2042.78000000
1779908400000,2026-05-27T19:00:00+00:00,633.10000000,639.57000000,632.40000000,636.86000000,508.79000000
1779912000000,2026-05-27T20:00:00+00:00,636.65000000,638.83000000,636.22000000,638.40000000,122.91000000
1779915600000,2026-05-27T21:00:00+00:00,638.10000000,639.49000000,634.49000000,634.49000000,224.40000000
1779919200000,2026-05-27T22:00:00+00:00,634.49000000,635.75000000,633.44000000,633.79000000,108.69000000
1779922800000,2026-05-27T23:00:00+00:00,633.79000000,634.16000000,631.23000000,631.53000000,262.45000000
1779926400000,2026-05-28T00:00:00+00:00,631.54000000,635.38000000,631.02000000,635.38000000,120.64000000
1779930000000,2026-05-28T01:00:00+00:00,635.39000000,635.87000000,634.01000000,634.88000000,75.03000000
1779933600000,2026-05-28T02:00:00+00:00,634.81000000,635.40000000,633.09000000,633.29000000,34.80000000
1779937200000,2026-05-28T03:00:00+00:00,633.13000000,633.47000000,627.58000000,628.36000000,183.40000000
1779940800000,2026-05-28T04:00:00+00:00,628.18000000,629.26000000,627.64000000,628.10000000,152.24000000
1779944400000,2026-05-28T05:00:00+00:00,628.06000000,631.13000000,627.30000000,630.69000000,72.22000000
1779948000000,2026-05-28T06:00:00+00:00,630.30000000,631.28000000,630.27000000,631.16000000,40.64000000
1779951600000,2026-05-28T07:00:00+00:00,631.25000000,632.99000000,630.79000000,630.94000000,73.44000000
1779955200000,2026-05-28T08:00:00+00:00,631.07000000,635.43000000,630.90000000,635.12000000,138.58000000
1779958800000,2026-05-28T09:00:00+00:00,635.17000000,638.99000000,633.02000000,638.99000000,147.94000000
1779962400000,2026-05-28T10:00:00+00:00,638.99000000,639.82000000,633.89000000,634.30000000,186.99000000
1779966000000,2026-05-28T11:00:00+00:00,634.49000000,639.10000000,632.99000000,638.50000000,169.05000000
1779969600000,2026-05-28T12:00:00+00:00,638.50000000,645.31000000,637.45000000,643.90000000,378.81000000
1779973200000,2026-05-28T13:00:00+00:00,643.90000000,644.19000000,630.79000000,640.44000000,937.32000000
1779976800000,2026-05-28T14:00:00+00:00,640.56000000,642.96000000,634.41000000,635.61000000,1125.11000000
1779980400000,2026-05-28T15:00:00+00:00,635.80000000,636.28000000,632.53000000,633.70000000,218.50000000
1779984000000,2026-05-28T16:00:00+00:00,633.51000000,636.11000000,631.20000000,631.20000000,154.84000000
1779987600000,2026-05-28T17:00:00+00:00,631.30000000,633.87000000,630.95000000,632.48000000,321.34000000
1779991200000,2026-05-28T18:00:00+00:00,632.50000000,635.37000000,632.42000000,633.36000000,118.69000000
1779994800000,2026-05-28T19:00:00+00:00,633.39000000,636.30000000,632.89000000,636.30000000,75.35000000
1779998400000,2026-05-28T20:00:00+00:00,636.10000000,636.20000000,635.00000000,635.00000000,30.68000000
1780002000000,2026-05-28T21:00:00+00:00,634.90000000,635.62000000,634.10000000,634.83000000,30.95000000
1780005600000,2026-05-28T22:00:00+00:00,634.76000000,634.84000000,633.38000000,633.92000000,40.58000000
1780009200000,2026-05-28T23:00:00+00:00,634.03000000,634.41000000,633.67000000,633.68000000,12.57000000
1780012800000,2026-05-29T00:00:00+00:00,633.70000000,634.13000000,633.23000000,633.70000000,65.56000000
1780016400000,2026-05-29T01:00:00+00:00,633.91000000,634.32000000,633.29000000,634.16000000,12.00000000
1780020000000,2026-05-29T02:00:00+00:00,634.00000000,634.23000000,633.49000000,634.13000000,10.46000000
1780023600000,2026-05-29T03:00:00+00:00,633.84000000,634.75000000,633.84000000,634.26000000,32.04000000
1780027200000,2026-05-29T04:00:00+00:00,634.25000000,634.84000000,634.24000000,634.43000000,7.47000000
1780030800000,2026-05-29T05:00:00+00:00,634.49000000,635.21000000,634.12000000,634.29000000,19.98000000
1780034400000,2026-05-29T06:00:00+00:00,634.26000000,635.93000000,634.26000000,635.93000000,4.29000000
1780038000000,2026-05-29T07:00:00+00:00,635.83000000,636.02000000,634.36000000,634.74000000,57.03000000
1780041600000,2026-05-29T08:00:00+00:00,634.92000000,634.92000000,633.50000000,633.76000000,48.77000000
1780045200000,2026-05-29T09:00:00+00:00,633.84000000,634.95000000,633.63000000,633.88000000,44.70000000
1780048800000,2026-05-29T10:00:00+00:00,633.88000000,634.35000000,633.50000000,634.19000000,22.23000000
1780052400000,2026-05-29T11:00:00+00:00,634.46000000,634.46000000,632.00000000,633.20000000,42.87000000
1780056000000,2026-05-29T12:00:00+00:00,633.32000000,634.08000000,631.92000000,633.42000000,57.73000000
1780059600000,2026-05-29T13:00:00+00:00,633.41000000,635.58000000,627.92000000,629.25000000,245.72000000
1780063200000,2026-05-29T14:00:00+00:00,629.64000000,630.31000000,624.42000000,626.48000000,510.33000000
1780066800000,2026-05-29T15:00:00+00:00,626.70000000,630.42000000,626.30000000,628.50000000,74.27000000
1780070400000,2026-05-29T16:00:00+00:00,628.51000000,629.86000000,625.07000000,625.70000000,86.27000000
1780074000000,2026-05-29T17:00:00+00:00,625.60000000,628.04000000,625.06000000,627.12000000,23.73000000
1780077600000,2026-05-29T18:00:00+00:00,627.04000000,628.85000000,626.18000000,626.88000000,35.34000000
1780081200000,2026-05-29T19:00:00+00:00,626.94000000,634.89000000,626.80000000,633.37000000,199.23000000
1780084800000,2026-05-29T20:00:00+00:00,633.35000000,633.41000000,631.96000000,633.05000000,30.09000000
1780088400000,2026-05-29T21:00:00+00:00,633.11000000,633.30000000,632.81000000,633.26000000,5.81000000
1780092000000,2026-05-29T22:00:00+00:00,633.22000000,633.40000000,632.48000000,633.40000000,8.75000000
1780095600000,2026-05-29T23:00:00+00:00,633.32000000,634.15000000,633.20000000,633.45000000,39.34000000
1780099200000,2026-05-30T00:00:00+00:00,633.10000000,633.28000000,631.94000000,633.25000000,9.81000000
1780102800000,2026-05-30T01:00:00+00:00,633.34000000,634.73000000,632.97000000,634.31000000,21.97000000
1780106400000,2026-05-30T02:00:00+00:00,634.32000000,635.12000000,634.04000000,634.38000000,7.84000000
1780110000000,2026-05-30T03:00:00+00:00,634.13000000,635.26000000,634.13000000,635.04000000,2.60000000
1780113600000,2026-05-30T04:00:00+00:00,635.16000000,635.60000000,634.33000000,634.37000000,18.51000000
1780117200000,2026-05-30T05:00:00+00:00,634.37000000,635.23000000,634.10000000,635.22000000,17.86000000
1780120800000,2026-05-30T06:00:00+00:00,635.20000000,635.40000000,634.41000000,635.09000000,2.60000000
1780124400000,2026-05-30T07:00:00+00:00,635.28000000,636.30000000,635.28000000,635.98000000,6.97000000
1780128000000,2026-05-30T08:00:00+00:00,635.70000000,636.43000000,634.89000000,636.09000000,18.92000000
1780131600000,2026-05-30T09:00:00+00:00,636.43000000,636.43000000,635.81000000,636.20000000,2.19000000
1780135200000,2026-05-30T10:00:00+00:00,636.15000000,636.76000000,635.13000000,636.06000000,28.16000000
1780138800000,2026-05-30T11:00:00+00:00,636.40000000,636.40000000,635.70000000,636.27000000,1.87000000
1780142400000,2026-05-30T12:00:00+00:00,636.31000000,637.22000000,636.10000000,636.88000000,13.31000000
1780146000000,2026-05-30T13:00:00+00:00,637.24000000,637.80000000,636.88000000,637.80000000,3.46000000
1780149600000,2026-05-30T14:00:00+00:00,637.82000000,638.22000000,636.74000000,637.71000000,12.22000000
1780153200000,2026-05-30T15:00:00+00:00,637.60000000,637.89000000,637.38000000,637.89000000,1.15000000
1780156800000,2026-05-30T16:00:00+00:00,637.82000000,638.55000000,634.30000000,634.30000000,19.49000000
1780160400000,2026-05-30T17:00:00+00:00,634.67000000,635.22000000,634.30000000,635.21000000,5.13000000
1780164000000,2026-05-30T18:00:00+00:00,635.21000000,636.20000000,635.21000000,636.13000000,0.61000000
1780167600000,2026-05-30T19:00:00+00:00,636.19000000,637.71000000,636.00000000,636.51000000,19.65000000
1780171200000,2026-05-30T20:00:00+00:00,636.63000000,636.63000000,635.23000000,635.31000000,21.92000000
1780174800000,2026-05-30T21:00:00+00:00,635.93000000,637.08000000,635.29000000,637.08000000,4.30000000
1780178400000,2026-05-30T22:00:00+00:00,637.10000000,637.16000000,635.84000000,635.90000000,2.51000000
1780182000000,2026-05-30T23:00:00+00:00,636.03000000,637.05000000,635.46000000,637.05000000,13.08000000
1780185600000,2026-05-31T00:00:00+00:00,636.52000000,636.96000000,636.01000000,636.40000000,5.28000000
1780189200000,2026-05-31T01:00:00+00:00,636.29000000,637.00000000,635.59000000,636.53000000,6.55000000
1780192800000,2026-05-31T02:00:00+00:00,636.53000000,636.84000000,634.81000000,636.51000000,51.65000000
1780196400000,2026-05-31T03:00:00+00:00,636.11000000,637.70000000,635.36000000,637.50000000,23.03000000
1780200000000,2026-05-31T04:00:00+00:00,637.45000000,637.69000000,635.84000000,637.69000000,13.66000000
1780203600000,2026-05-31T05:00:00+00:00,637.69000000,637.69000000,636.49000000,636.91000000,1.32000000
1780207200000,2026-05-31T06:00:00+00:00,636.99000000,637.30000000,636.52000000,636.52000000,1.54000000
1780210800000,2026-05-31T07:00:00+00:00,636.93000000,641.00000000,636.93000000,640.45000000,14.15000000
1780214400000,2026-05-31T08:00:00+00:00,640.67000000,641.07000000,639.00000000,639.01000000,13.50000000
1780218000000,2026-05-31T09:00:00+00:00,639.00000000,640.12000000,638.87000000,640.11000000,4.54000000
1780221600000,2026-05-31T10:00:00+00:00,639.38000000,640.88000000,639.31000000,640.77000000,39.81000000
1780225200000,2026-05-31T11:00:00+00:00,640.48000000,640.95000000,639.25000000,640.05000000,8.77000000
1780228800000,2026-05-31T12:00:00+00:00,639.55000000,640.40000000,639.42000000,640.08000000,2.92000000
1780232400000,2026-05-31T13:00:00+00:00,640.17000000,641.07000000,638.82000000,638.82000000,11.58000000
1780236000000,2026-05-31T14:00:00+00:00,638.96000000,640.41000000,636.57000000,640.41000000,30.59000000
1780239600000,2026-05-31T15:00:00+00:00,640.36000000,640.88000000,638.56000000,639.04000000,18.17000000
1780243200000,2026-05-31T16:00:00+00:00,638.52000000,639.75000000,637.86000000,639.24000000,12.81000000
1780246800000,2026-05-31T17:00:00+00:00,639.24000000,639.24000000,637.31000000,638.46000000,39.71000000
1780250400000,2026-05-31T18:00:00+00:00,638.52000000,639.70000000,637.66000000,639.70000000,10.22000000
1780254000000,2026-05-31T19:00:00+00:00,638.93000000,639.86000000,638.01000000,639.33000000,24.37000000
1780257600000,2026-05-31T20:00:00+00:00,639.32000000,639.46000000,637.97000000,638.92000000,8.67000000
1780261200000,2026-05-31T21:00:00+00:00,638.52000000,638.52000000,637.20000000,637.21000000,11.04000000
1780264800000,2026-05-31T22:00:00+00:00,637.14000000,637.19000000,636.67000000,636.67000000,3.16000000
1780268400000,2026-05-31T23:00:00+00:00,637.18000000,637.32000000,636.52000000,637.31000000,15.23000000
1780272000000,2026-06-01T00:00:00+00:00,636.91000000,636.91000000,633.82000000,636.75000000,36.61000000
1780275600000,2026-06-01T01:00:00+00:00,636.80000000,639.00000000,636.76000000,638.55000000,82.94000000
1780279200000,2026-06-01T02:00:00+00:00,638.33000000,638.70000000,636.97000000,637.49000000,12.05000000
1780282800000,2026-06-01T03:00:00+00:00,637.48000000,637.52000000,636.16000000,636.22000000,15.77000000
1780286400000,2026-06-01T04:00:00+00:00,636.22000000,636.55000000,636.20000000,636.55000000,3.42000000
1780290000000,2026-06-01T05:00:00+00:00,636.57000000,636.57000000,636.11000000,636.47000000,1.55000000
1780293600000,2026-06-01T06:00:00+00:00,636.48000000,636.53000000,635.19000000,635.83000000,20.34000000
1780297200000,2026-06-01T07:00:00+00:00,636.12000000,636.20000000,634.16000000,634.61000000,9.95000000
1780300800000,2026-06-01T08:00:00+00:00,634.40000000,635.12000000,633.42000000,633.80000000,30.66000000
1780304400000,2026-06-01T09:00:00+00:00,633.84000000,634.20000000,632.80000000,633.15000000,23.93000000
1780308000000,2026-06-01T10:00:00+00:00,632.89000000,633.90000000,632.69000000,633.33000000,51.20000000
1780311600000,2026-06-01T11:00:00+00:00,633.11000000,638.39000000,633.11000000,638.05000000,75.43000000
1780315200000,2026-06-01T12:00:00+00:00,638.11000000,638.52000000,635.30000000,635.64000000,64.73000000
1780318800000,2026-06-01T13:00:00+00:00,635.67000000,636.31000000,615.84000000,617.64000000,652.95000000
1780322400000,2026-06-01T14:00:00+00:00,616.77000000,619.14000000,610.21000000,616.48000000,465.20000000
1780326000000,2026-06-01T15:00:00+00:00,616.40000000,617.78000000,612.30000000,617.37000000,570.53000000
1780329600000,2026-06-01T16:00:00+00:00,617.38000000,617.98000000,611.91000000,612.80000000,199.51000000
1780333200000,2026-06-01T17:00:00+00:00,612.82000000,613.17000000,607.54000000,608.84000000,244.85000000
1780336800000,2026-06-01T18:00:00+00:00,608.83000000,610.50000000,606.49000000,606.70000000,135.15000000
1780340400000,2026-06-01T19:00:00+00:00,606.62000000,609.48000000,600.86000000,601.52000000,519.21000000
1780344000000,2026-06-01T20:00:00+00:00,601.59000000,602.31000000,598.00000000,599.60000000,420.13000000
1780347600000,2026-06-01T21:00:00+00:00,599.69000000,602.00000000,598.47000000,601.47000000,54.77000000
1780351200000,2026-06-01T22:00:00+00:00,601.47000000,601.59000000,599.06000000,600.25000000,19.38000000
1780354800000,2026-06-01T23:00:00+00:00,600.29000000,602.22000000,600.28000000,602.22000000,23.57000000
1780358400000,2026-06-02T00:00:00+00:00,602.21000000,602.40000000,600.83000000,601.27000000,51.20000000
1780362000000,2026-06-02T01:00:00+00:00,601.18000000,602.85000000,601.10000000,601.85000000,41.30000000
1780365600000,2026-06-02T02:00:00+00:00,601.89000000,602.70000000,600.96000000,602.40000000,37.29000000
1780369200000,2026-06-02T03:00:00+00:00,602.46000000,603.48000000,602.14000000,603.48000000,16.20000000
1780372800000,2026-06-02T04:00:00+00:00,603.49000000,603.72000000,602.50000000,603.40000000,28.57000000
1780376400000,2026-06-02T05:00:00+00:00,603.34000000,603.56000000,602.24000000,603.17000000,29.44000000
1780380000000,2026-06-02T06:00:00+00:00,603.08000000,603.72000000,602.49000000,603.72000000,23.84000000
1780383600000,2026-06-02T07:00:00+00:00,603.72000000,605.97000000,603.68000000,605.34000000,84.47000000
1780387200000,2026-06-02T08:00:00+00:00,605.42000000,608.76000000,605.00000000,607.72000000,378.90000000
1780390800000,2026-06-02T09:00:00+00:00,607.72000000,609.18000000,606.78000000,607.64000000,91.31000000
1780394400000,2026-06-02T10:00:00+00:00,607.60000000,608.00000000,605.63000000,606.64000000,149.73000000
1780398000000,2026-06-02T11:00:00+00:00,606.56000000,607.76000000,603.67000000,605.70000000,146.10000000
1780401600000,2026-06-02T12:00:00+00:00,605.61000000,606.75000000,603.18000000,603.18000000,95.08000000
1780405200000,2026-06-02T13:00:00+00:00,603.10000000,606.97000000,598.05000000,606.29000000,568.59000000
1780408800000,2026-06-02T14:00:00+00:00,606.48000000,608.52000000,601.88000000,607.69000000,326.05000000
1780412400000,2026-06-02T15:00:00+00:00,607.69000000,610.13000000,607.11000000,608.48000000,213.35000000
1780416000000,2026-06-02T16:00:00+00:00,608.49000000,609.64000000,606.67000000,608.25000000,176.15000000
1780419600000,2026-06-02T17:00:00+00:00,608.30000000,608.99000000,605.97000000,606.83000000,82.19000000
1780423200000,2026-06-02T18:00:00+00:00,606.76000000,607.04000000,602.84000000,603.16000000,93.65000000
1780426800000,2026-06-02T19:00:00+00:00,603.23000000,603.23000000,598.60000000,599.00000000,69.43000000
1780430400000,2026-06-02T20:00:00+00:00,599.03000000,603.20000000,599.03000000,602.51000000,55.51000000
1780434000000,2026-06-02T21:00:00+00:00,602.51000000,602.83000000,601.89000000,602.32000000,7.36000000
1780437600000,2026-06-02T22:00:00+00:00,602.24000000,602.48000000,601.79000000,601.84000000,165.70000000
1780441200000,2026-06-02T23:00:00+00:00,601.79000000,601.85000000,599.00000000,600.93000000,73.74000000
1780444800000,2026-06-03T00:00:00+00:00,600.89000000,602.17000000,600.01000000,601.96000000,66.87000000
1780448400000,2026-06-03T01:00:00+00:00,601.98000000,602.05000000,600.76000000,601.43000000,35.39000000
1780452000000,2026-06-03T02:00:00+00:00,601.28000000,602.40000000,601.28000000,602.16000000,52.31000000
1780455600000,2026-06-03T03:00:00+00:00,602.20000000,603.24000000,601.61000000,602.67000000,20.16000000
1780459200000,2026-06-03T04:00:00+00:00,602.57000000,603.02000000,601.76000000,601.84000000,38.10000000
1780462800000,2026-06-03T05:00:00+00:00,601.71000000,602.26000000,601.05000000,601.34000000,63.86000000
1780466400000,2026-06-03T06:00:00+00:00,601.46000000,601.91000000,599.60000000,600.69000000,124.58000000
1780470000000,2026-06-03T07:00:00+00:00,600.84000000,602.22000000,600.42000000,601.80000000,47.26000000
1780473600000,2026-06-03T08:00:00+00:00,601.81000000,602.00000000,600.86000000,601.44000000,66.97000000
1780477200000,2026-06-03T09:00:00+00:00,601.31000000,602.14000000,599.20000000,599.20000000,68.41000000
1780480800000,2026-06-03T10:00:00+00:00,599.10000000,602.00000000,598.68000000,600.84000000,91.90000000
1780484400000,2026-06-03T11:00:00+00:00,600.99000000,604.33000000,600.99000000,604.17000000,125.90000000
1780488000000,2026-06-03T12:00:00+00:00,603.60000000,603.83000000,601.38000000,602.56000000,82.59000000
1780491600000,2026-06-03T13:00:00+00:00,602.63000000,614.98000000,601.83000000,612.92000000,982.24000000
1780495200000,2026-06-03T14:00:00+00:00,612.96000000,620.95000000,611.00000000,618.54000000,1067.06000000
1780498800000,2026-06-03T15:00:00+00:00,618.40000000,619.99000000,614.19000000,614.37000000,259.35000000
1780502400000,2026-06-03T16:00:00+00:00,614.29000000,620.36000000,612.37000000,620.36000000,149.55000000
1780506000000,2026-06-03T17:00:00+00:00,620.25000000,623.75000000,616.44000000,623.40000000,118.38000000
1780509600000,2026-06-03T18:00:00+00:00,623.61000000,625.00000000,621.48000000,623.53000000,149.47000000
1780513200000,2026-06-03T19:00:00+00:00,623.43000000,624.84000000,621.30000000,624.00000000,167.87000000
1780516800000,2026-06-03T20:00:00+00:00,624.03000000,624.18000000,619.80000000,620.59000000,78.90000000
1780520400000,2026-06-03T21:00:00+00:00,620.16000000,622.17000000,618.45000000,620.36000000,120.74000000
1780524000000,2026-06-03T22:00:00+00:00,620.38000000,621.35000000,619.01000000,620.06000000,28.41000000
1780527600000,2026-06-03T23:00:00+00:00,620.10000000,620.58000000,618.79000000,620.16000000,78.29000000
1780531200000,2026-06-04T00:00:00+00:00,620.12000000,622.22000000,619.49000000,621.50000000,109.40000000
1780534800000,2026-06-04T01:00:00+00:00,621.50000000,622.15000000,620.46000000,620.88000000,123.01000000
1780538400000,2026-06-04T02:00:00+00:00,621.02000000,621.02000000,617.59000000,618.31000000,64.72000000
1780542000000,2026-06-04T03:00:00+00:00,618.43000000,619.83000000,618.25000000,618.84000000,54.64000000
1780545600000,2026-06-04T04:00:00+00:00,618.80000000,619.93000000,618.69000000,618.84000000,26.33000000
1780549200000,2026-06-04T05:00:00+00:00,618.81000000,618.81000000,616.92000000,617.40000000,15.63000000
1780552800000,2026-06-04T06:00:00+00:00,617.64000000,621.23000000,617.64000000,621.19000000,24.50000000
1780556400000,2026-06-04T07:00:00+00:00,621.19000000,621.88000000,619.93000000,621.52000000,32.09000000
1780560000000,2026-06-04T08:00:00+00:00,621.36000000,621.36000000,617.69000000,618.70000000,133.22000000
1780563600000,2026-06-04T09:00:00+00:00,618.63000000,620.13000000,616.32000000,620.11000000,118.93000000
1780567200000,2026-06-04T10:00:00+00:00,620.20000000,620.55000000,616.91000000,617.99000000,104.42000000
1780570800000,2026-06-04T11:00:00+00:00,618.00000000,619.84000000,617.52000000,618.55000000,61.21000000
1780574400000,2026-06-04T12:00:00+00:00,618.60000000,621.23000000,618.23000000,621.03000000,96.46000000
1780578000000,2026-06-04T13:00:00+00:00,621.05000000,639.69000000,619.17000000,639.60000000,682.35000000
1780581600000,2026-06-04T14:00:00+00:00,639.46000000,641.17000000,635.60000000,640.68000000,857.39000000
1780585200000,2026-06-04T15:00:00+00:00,640.79000000,640.99000000,636.70000000,638.34000000,176.22000000
1780588800000,2026-06-04T16:00:00+00:00,638.27000000,643.20000000,628.91000000,629.12000000,251.05000000
1780592400000,2026-06-04T17:00:00+00:00,629.07000000,631.20000000,628.48000000,630.18000000,66.10000000
1780596000000,2026-06-04T18:00:00+00:00,630.01000000,630.01000000,625.66000000,626.76000000,357.69000000
1780599600000,2026-06-04T19:00:00+00:00,626.69000000,628.66000000,623.51000000,628.04000000,155.80000000
1780603200000,2026-06-04T20:00:00+00:00,628.31000000,628.40000000,625.96000000,626.65000000,26.90000000
1780606800000,2026-06-04T21:00:00+00:00,626.47000000,627.09000000,626.41000000,626.98000000,18.95000000
1780610400000,2026-06-04T22:00:00+00:00,626.94000000,627.02000000,624.87000000,625.41000000,29.57000000
1780614000000,2026-06-04T23:00:00+00:00,625.45000000,625.63000000,624.70000000,624.83000000,40.32000000
1780617600000,2026-06-05T00:00:00+00:00,624.84000000,626.40000000,621.48000000,621.48000000,188.89000000
1780621200000,2026-06-05T01:00:00+00:00,621.44000000,623.19000000,618.46000000,622.80000000,72.61000000
1780624800000,2026-06-05T02:00:00+00:00,622.72000000,624.22000000,622.72000000,623.53000000,50.93000000
1780628400000,2026-06-05T03:00:00+00:00,623.53000000,623.83000000,620.91000000,621.47000000,33.12000000
1780632000000,2026-06-05T04:00:00+00:00,621.52000000,623.27000000,621.52000000,623.22000000,12.64000000
1780635600000,2026-06-05T05:00:00+00:00,623.22000000,623.82000000,622.56000000,622.76000000,28.83000000
1780639200000,2026-06-05T06:00:00+00:00,622.73000000,623.51000000,622.56000000,623.05000000,36.63000000
1780642800000,2026-06-05T07:00:00+00:00,623.23000000,625.10000000,622.87000000,624.69000000,63.14000000
1780646400000,2026-06-05T08:00:00+00:00,624.61000000,626.34000000,624.06000000,625.46000000,43.01000000
1780650000000,2026-06-05T09:00:00+00:00,625.56000000,627.14000000,624.93000000,626.26000000,46.37000000
1780653600000,2026-06-05T10:00:00+00:00,626.30000000,626.70000000,625.12000000,625.17000000,37.35000000
1780657200000,2026-06-05T11:00:00+00:00,625.12000000,626.52000000,624.94000000,625.57000000,20.09000000
1780660800000,2026-06-05T12:00:00+00:00,625.47000000,625.86000000,623.13000000,623.25000000,57.05000000
1780664400000,2026-06-05T13:00:00+00:00,623.12000000,629.74000000,620.13000000,620.13000000,214.17000000
1780668000000,2026-06-05T14:00:00+00:00,620.33000000,620.93000000,614.36000000,615.96000000,280.19000000
1780671600000,2026-06-05T15:00:00+00:00,616.20000000,617.11000000,611.93000000,614.03000000,155.48000000
1780675200000,2026-06-05T16:00:00+00:00,613.80000000,613.80000000,608.88000000,610.68000000,192.27000000
1780678800000,2026-06-05T17:00:00+00:00,610.66000000,611.05000000,608.21000000,609.75000000,25.60000000
1780682400000,2026-06-05T18:00:00+00:00,609.65000000,612.33000000,583.66000000,595.33000000,1124.12000000
1780686000000,2026-06-05T19:00:00+00:00,595.31000000,596.80000000,589.57000000,593.57000000,178.26000000
1780689600000,2026-06-05T20:00:00+00:00,593.69000000,593.69000000,589.17000000,591.45000000,146.84000000
1780693200000,2026-06-05T21:00:00+00:00,591.78000000,593.24000000,591.46000000,592.16000000,26.38000000
1780696800000,2026-06-05T22:00:00+00:00,592.06000000,592.29000000,589.46000000,590.35000000,37.66000000
1780700400000,2026-06-05T23:00:00+00:00,590.35000000,590.65000000,589.14000000,589.70000000,12.56000000
1780704000000,2026-06-06T00:00:00+00:00,589.48000000,592.75000000,589.48000000,591.72000000,40.64000000
1780707600000,2026-06-06T01:00:00+00:00,591.99000000,592.20000000,587.57000000,587.57000000,29.26000000
1780711200000,2026-06-06T02:00:00+00:00,587.97000000,587.97000000,584.19000000,586.08000000,53.45000000
1780714800000,2026-06-06T03:00:00+00:00,586.08000000,588.78000000,586.00000000,588.27000000,16.28000000
1780718400000,2026-06-06T04:00:00+00:00,588.28000000,588.83000000,584.50000000,584.89000000,64.21000000
1780722000000,2026-06-06T05:00:00+00:00,584.92000000,589.06000000,584.08000000,589.05000000,44.57000000
1780725600000,2026-06-06T06:00:00+00:00,589.04000000,591.00000000,588.41000000,588.41000000,42.80000000
1780729200000,2026-06-06T07:00:00+00:00,588.40000000,588.40000000,585.59000000,586.02000000,35.00000000
1780732800000,2026-06-06T08:00:00+00:00,585.95000000,588.77000000,585.63000000,588.61000000,10.55000000
1780736400000,2026-06-06T09:00:00+00:00,588.61000000,588.88000000,587.59000000,588.09000000,29.30000000
1780740000000,2026-06-06T10:00:00+00:00,587.76000000,587.76000000,585.99000000,587.39000000,31.41000000
1780743600000,2026-06-06T11:00:00+00:00,587.40000000,589.22000000,587.40000000,588.07000000,10.46000000
1780747200000,2026-06-06T12:00:00+00:00,588.48000000,591.42000000,588.48000000,591.20000000,38.99000000
1780750800000,2026-06-06T13:00:00+00:00,591.20000000,591.69000000,590.97000000,591.05000000,5.65000000
1780754400000,2026-06-06T14:00:00+00:00,591.04000000,592.19000000,590.25000000,591.43000000,40.54000000
1780758000000,2026-06-06T15:00:00+00:00,591.41000000,591.79000000,590.53000000,591.73000000,17.38000000
1780761600000,2026-06-06T16:00:00+00:00,591.47000000,592.55000000,591.13000000,592.19000000,23.17000000
1780765200000,2026-06-06T17:00:00+00:00,592.21000000,592.21000000,590.97000000,591.23000000,3.91000000
1780768800000,2026-06-06T18:00:00+00:00,591.27000000,592.15000000,590.59000000,591.80000000,22.17000000
1780772400000,2026-06-06T19:00:00+00:00,591.75000000,593.07000000,591.75000000,593.07000000,5.99000000
1780776000000,2026-06-06T20:00:00+00:00,593.04000000,593.78000000,593.00000000,593.00000000,18.32000000
1780779600000,2026-06-06T21:00:00+00:00,592.92000000,592.96000000,592.32000000,592.53000000,6.08000000
1780783200000,2026-06-06T22:00:00+00:00,592.42000000,592.85000000,592.12000000,592.85000000,4.24000000
1780786800000,2026-06-06T23:00:00+00:00,592.88000000,593.64000000,592.88000000,593.64000000,2.45000000
1780790400000,2026-06-07T00:00:00+00:00,593.42000000,593.84000000,592.81000000,592.82000000,1.25000000
1780794000000,2026-06-07T01:00:00+00:00,593.07000000,594.50000000,593.07000000,594.34000000,26.50000000
1780797600000,2026-06-07T02:00:00+00:00,594.40000000,594.61000000,593.78000000,594.51000000,10.85000000
1780801200000,2026-06-07T03:00:00+00:00,594.60000000,594.94000000,594.53000000,594.92000000,1.10000000
1780804800000,2026-06-07T04:00:00+00:00,594.95000000,596.64000000,594.65000000,596.64000000,56.35000000
1780808400000,2026-06-07T05:00:00+00:00,596.63000000,596.90000000,596.26000000,596.90000000,14.31000000
1780812000000,2026-06-07T06:00:00+00:00,596.90000000,597.37000000,596.83000000,597.10000000,17.11000000
1780815600000,2026-06-07T07:00:00+00:00,597.09000000,597.09000000,596.76000000,596.82000000,9.79000000
1780819200000,2026-06-07T08:00:00+00:00,596.88000000,596.88000000,595.62000000,596.19000000,9.17000000
1780822800000,2026-06-07T09:00:00+00:00,596.20000000,596.85000000,595.04000000,595.14000000,8.98000000
1780826400000,2026-06-07T10:00:00+00:00,595.11000000,595.11000000,592.58000000,593.42000000,86.69000000
1780830000000,2026-06-07T11:00:00+00:00,593.44000000,594.19000000,593.44000000,593.67000000,13.82000000
1780833600000,2026-06-07T12:00:00+00:00,593.78000000,593.84000000,591.42000000,592.58000000,39.51000000
1780837200000,2026-06-07T13:00:00+00:00,592.48000000,593.09000000,591.53000000,592.95000000,30.59000000
1780840800000,2026-06-07T14:00:00+00:00,592.95000000,594.64000000,592.95000000,593.60000000,36.73000000
1780844400000,2026-06-07T15:00:00+00:00,593.64000000,595.31000000,593.47000000,594.87000000,63.01000000
1780848000000,2026-06-07T16:00:00+00:00,594.88000000,595.00000000,594.37000000,594.37000000,58.93000000
1780851600000,2026-06-07T17:00:00+00:00,594.45000000,595.04000000,594.32000000,594.53000000,4.11000000
1780855200000,2026-06-07T18:00:00+00:00,594.37000000,594.37000000,592.32000000,592.58000000,12.39000000
1780858800000,2026-06-07T19:00:00+00:00,592.80000000,592.80000000,589.02000000,590.96000000,53.30000000
1780862400000,2026-06-07T20:00:00+00:00,590.97000000,592.72000000,590.97000000,592.48000000,22.72000000
1780866000000,2026-06-07T21:00:00+00:00,592.32000000,592.93000000,590.35000000,590.61000000,13.26000000
1780869600000,2026-06-07T22:00:00+00:00,590.54000000,593.73000000,589.73000000,591.48000000,43.95000000
1780873200000,2026-06-07T23:00:00+00:00,591.49000000,593.64000000,591.49000000,593.27000000,26.70000000
1780876800000,2026-06-08T00:00:00+00:00,593.04000000,600.86000000,591.17000000,598.45000000,109.49000000
1780880400000,2026-06-08T01:00:00+00:00,598.50000000,599.33000000,593.90000000,596.30000000,122.69000000
1780884000000,2026-06-08T02:00:00+00:00,596.28000000,597.50000000,595.15000000,596.50000000,60.62000000
1780887600000,2026-06-08T03:00:00+00:00,596.50000000,597.04000000,596.00000000,596.87000000,21.87000000
1780891200000,2026-06-08T04:00:00+00:00,596.66000000,596.88000000,594.00000000,594.44000000,26.53000000
1780894800000,2026-06-08T05:00:00+00:00,594.58000000,594.80000000,591.60000000,592.28000000,74.79000000
1780898400000,2026-06-08T06:00:00+00:00,592.46000000,595.13000000,592.31000000,594.19000000,78.03000000
1780902000000,2026-06-08T07:00:00+00:00,594.20000000,596.80000000,594.00000000,596.71000000,16.60000000
1780905600000,2026-06-08T08:00:00+00:00,596.56000000,596.56000000,593.59000000,593.88000000,43.46000000
1780909200000,2026-06-08T09:00:00+00:00,594.31000000,596.24000000,593.90000000,595.19000000,52.80000000
1780912800000,2026-06-08T10:00:00+00:00,595.35000000,595.63000000,593.32000000,593.94000000,40.09000000
1780916400000,2026-06-08T11:00:00+00:00,593.70000000,598.26000000,592.46000000,597.59000000,73.56000000
1780920000000,2026-06-08T12:00:00+00:00,597.52000000,600.23000000,596.90000000,598.39000000,99.36000000
1780923600000,2026-06-08T13:00:00+00:00,598.70000000,599.99000000,579.78000000,589.50000000,399.53000000
1780927200000,2026-06-08T14:00:00+00:00,589.46000000,591.72000000,587.66000000,590.81000000,167.16000000
1780930800000,2026-06-08T15:00:00+00:00,590.88000000,592.13000000,587.43000000,588.28000000,57.13000000
1780934400000,2026-06-08T16:00:00+00:00,588.22000000,589.60000000,587.54000000,587.69000000,51.71000000
1780938000000,2026-06-08T17:00:00+00:00,587.51000000,589.20000000,585.72000000,587.44000000,48.49000000
1780941600000,2026-06-08T18:00:00+00:00,587.41000000,589.36000000,587.36000000,588.74000000,9.78000000
1780945200000,2026-06-08T19:00:00+00:00,588.28000000,590.30000000,585.65000000,585.94000000,12.23000000
1780948800000,2026-06-08T20:00:00+00:00,585.94000000,586.49000000,585.14000000,586.49000000,13.41000000
1780952400000,2026-06-08T21:00:00+00:00,586.56000000,587.10000000,585.92000000,586.93000000,9.68000000
1780956000000,2026-06-08T22:00:00+00:00,586.96000000,586.97000000,585.75000000,586.97000000,3.57000000
1780959600000,2026-06-08T23:00:00+00:00,586.94000000,587.40000000,586.36000000,586.63000000,9.06000000
1780963200000,2026-06-09T00:00:00+00:00,586.64000000,587.22000000,584.65000000,585.71000000,49.37000000
1780966800000,2026-06-09T01:00:00+00:00,585.71000000,588.42000000,585.71000000,587.69000000,59.58000000
1780970400000,2026-06-09T02:00:00+00:00,587.69000000,588.46000000,587.08000000,588.46000000,37.89000000
1780974000000,2026-06-09T03:00:00+00:00,588.47000000,589.17000000,588.25000000,588.91000000,34.32000000
1780977600000,2026-06-09T04:00:00+00:00,589.11000000,589.20000000,588.35000000,588.35000000,4.70000000
1780981200000,2026-06-09T05:00:00+00:00,588.29000000,588.77000000,587.77000000,588.35000000,41.57000000
1780984800000,2026-06-09T06:00:00+00:00,588.32000000,589.18000000,588.13000000,588.48000000,15.80000000
1780988400000,2026-06-09T07:00:00+00:00,588.45000000,589.08000000,587.90000000,588.06000000,16.51000000
1780992000000,2026-06-09T08:00:00+00:00,587.94000000,590.34000000,587.40000000,589.42000000,70.22000000
1780995600000,2026-06-09T09:00:00+00:00,589.42000000,591.72000000,589.42000000,590.91000000,74.20000000
1780999200000,2026-06-09T10:00:00+00:00,591.11000000,596.77000000,589.36000000,593.77000000,270.99000000
1781002800000,2026-06-09T11:00:00+00:00,593.67000000,594.50000000,592.40000000,593.59000000,146.20000000
1781006400000,2026-06-09T12:00:00+00:00,593.61000000,593.64000000,591.61000000,592.24000000,42.40000000
1781010000000,2026-06-09T13:00:00+00:00,592.32000000,598.23000000,588.04000000,596.60000000,291.25000000
1781013600000,2026-06-09T14:00:00+00:00,596.56000000,597.86000000,591.15000000,594.10000000,456.20000000
1781017200000,2026-06-09T15:00:00+00:00,594.15000000,596.02000000,588.10000000,588.10000000,280.05000000
1781020800000,2026-06-09T16:00:00+00:00,588.30000000,589.14000000,581.89000000,584.25000000,295.66000000
1781024400000,2026-06-09T17:00:00+00:00,584.32000000,590.49000000,584.20000000,589.56000000,94.76000000
1781028000000,2026-06-09T18:00:00+00:00,589.46000000,591.85000000,588.75000000,591.82000000,49.24000000
1781031600000,2026-06-09T19:00:00+00:00,591.63000000,592.03000000,585.60000000,585.60000000,99.40000000
1781035200000,2026-06-09T20:00:00+00:00,585.83000000,589.86000000,585.58000000,589.67000000,78.69000000
1781038800000,2026-06-09T21:00:00+00:00,589.88000000,590.08000000,586.36000000,586.90000000,71.67000000
1781042400000,2026-06-09T22:00:00+00:00,587.02000000,587.99000000,586.49000000,587.65000000,32.56000000
1781046000000,2026-06-09T23:00:00+00:00,587.69000000,589.37000000,586.42000000,587.86000000,63.04000000
1781049600000,2026-06-10T00:00:00+00:00,587.80000000,589.55000000,586.04000000,588.01000000,25.42000000
1781053200000,2026-06-10T01:00:00+00:00,588.19000000,588.43000000,586.80000000,587.40000000,29.61000000
1781056800000,2026-06-10T02:00:00+00:00,587.37000000,587.37000000,586.03000000,586.39000000,15.27000000
1781060400000,2026-06-10T03:00:00+00:00,586.35000000,587.40000000,586.05000000,586.32000000,11.97000000
1781064000000,2026-06-10T04:00:00+00:00,586.39000000,586.46000000,584.54000000,586.02000000,28.32000000
1781067600000,2026-06-10T05:00:00+00:00,585.98000000,586.22000000,583.80000000,585.79000000,61.11000000
1781071200000,2026-06-10T06:00:00+00:00,585.89000000,586.53000000,584.95000000,585.63000000,20.22000000
1781074800000,2026-06-10T07:00:00+00:00,585.58000000,586.42000000,585.28000000,586.21000000,11.85000000
1781078400000,2026-06-10T08:00:00+00:00,585.90000000,586.19000000,581.91000000,582.02000000,148.62000000
1781082000000,2026-06-10T09:00:00+00:00,582.00000000,583.58000000,581.26000000,582.24000000,97.19000000
1781085600000,2026-06-10T10:00:00+00:00,582.16000000,583.49000000,581.78000000,583.05000000,12.44000000
1781089200000,2026-06-10T11:00:00+00:00,583.25000000,583.60000000,578.26000000,579.92000000,278.74000000
1781092800000,2026-06-10T12:00:00+00:00,579.97000000,584.41000000,579.79000000,582.57000000,92.08000000
1781096400000,2026-06-10T13:00:00+00:00,582.55000000,591.32000000,580.17000000,588.36000000,232.42000000
1781100000000,2026-06-10T14:00:00+00:00,588.45000000,590.52000000,579.46000000,579.82000000,99.21000000
1781103600000,2026-06-10T15:00:00+00:00,579.89000000,581.42000000,575.98000000,580.20000000,115.09000000
1781107200000,2026-06-10T16:00:00+00:00,580.01000000,580.25000000,576.88000000,577.98000000,35.89000000
1781110800000,2026-06-10T17:00:00+00:00,578.01000000,578.52000000,574.52000000,575.91000000,139.79000000
1781114400000,2026-06-10T18:00:00+00:00,575.75000000,577.40000000,573.03000000,573.09000000,36.54000000
1781118000000,2026-06-10T19:00:00+00:00,573.03000000,573.90000000,571.15000000,571.60000000,43.22000000
1781121600000,2026-06-10T20:00:00+00:00,571.59000000,572.63000000,570.40000000,572.25000000,31.03000000
1781125200000,2026-06-10T21:00:00+00:00,572.27000000,572.27000000,570.54000000,570.89000000,12.47000000
1781128800000,2026-06-10T22:00:00+00:00,570.72000000,571.04000000,567.97000000,567.97000000,92.96000000
1781132400000,2026-06-10T23:00:00+00:00,568.15000000,569.60000000,567.38000000,568.94000000,44.69000000
1781136000000,2026-06-11T00:00:00+00:00,568.91000000,572.84000000,568.91000000,572.60000000,74.85000000
1781139600000,2026-06-11T01:00:00+00:00,572.69000000,574.65000000,572.69000000,573.67000000,59.89000000
1781143200000,2026-06-11T02:00:00+00:00,573.68000000,574.44000000,572.08000000,573.42000000,30.14000000
1781146800000,2026-06-11T03:00:00+00:00,573.42000000,575.28000000,572.06000000,575.12000000,67.96000000
1781150400000,2026-06-11T04:00:00+00:00,575.29000000,575.52000000,574.56000000,574.73000000,18.85000000
1781154000000,2026-06-11T05:00:00+00:00,574.63000000,574.86000000,573.78000000,574.64000000,19.61000000
1781157600000,2026-06-11T06:00:00+00:00,574.80000000,575.00000000,573.23000000,574.66000000,52.67000000
1781161200000,2026-06-11T07:00:00+00:00,574.64000000,575.83000000,574.55000000,575.24000000,17.26000000
1781164800000,2026-06-11T08:00:00+00:00,575.06000000,577.44000000,574.71000000,576.30000000,109.07000000
1781168400000,2026-06-11T09:00:00+00:00,576.36000000,576.79000000,575.49000000,576.12000000,26.11000000
1781172000000,2026-06-11T10:00:00+00:00,576.00000000,576.30000000,570.46000000,573.59000000,270.88000000
1781175600000,2026-06-11T11:00:00+00:00,573.58000000,573.64000000,572.31000000,572.80000000,125.23000000
1781179200000,2026-06-11T12:00:00+00:00,572.75000000,572.91000000,569.38000000,571.42000000,255.30000000
1781182800000,2026-06-11T13:00:00+00:00,571.29000000,571.70000000,561.83000000,563.97000000,302.81000000
1781186400000,2026-06-11T14:00:00+00:00,564.03000000,565.55000000,558.36000000,559.12000000,237.94000000
1781190000000,2026-06-11T15:00:00+00:00,558.94000000,563.33000000,557.79000000,561.51000000,75.50000000
1781193600000,2026-06-11T16:00:00+00:00,561.36000000,565.62000000,561.05000000,561.51000000,55.00000000
1781197200000,2026-06-11T17:00:00+00:00,561.29000000,569.83000000,558.65000000,569.04000000,301.86000000
1781200800000,2026-06-11T18:00:00+00:00,569.12000000,569.33000000,566.32000000,567.92000000,133.40000000
1781204400000,2026-06-11T19:00:00+00:00,567.96000000,572.46000000,567.96000000,569.16000000,120.78000000
1781208000000,2026-06-11T20:00:00+00:00,569.06000000,572.00000000,568.64000000,571.84000000,259.66000000
1781211600000,2026-06-11T21:00:00+00:00,571.91000000,572.84000000,571.88000000,572.39000000,34.89000000
1781215200000,2026-06-11T22:00:00+00:00,572.45000000,573.65000000,572.45000000,573.55000000,46.27000000
1781218800000,2026-06-11T23:00:00+00:00,573.55000000,573.88000000,572.60000000,573.60000000,13.85000000
1781222400000,2026-06-12T00:00:00+00:00,573.52000000,574.69000000,572.84000000,573.71000000,74.42000000
1781226000000,2026-06-12T01:00:00+00:00,573.66000000,573.75000000,571.47000000,573.35000000,66.67000000
1781229600000,2026-06-12T02:00:00+00:00,573.33000000,573.75000000,572.56000000,573.71000000,19.00000000
1781233200000,2026-06-12T03:00:00+00:00,573.53000000,573.53000000,572.69000000,572.90000000,16.97000000
1781236800000,2026-06-12T04:00:00+00:00,572.83000000,573.41000000,572.49000000,573.04000000,13.96000000
1781240400000,2026-06-12T05:00:00+00:00,573.05000000,573.05000000,569.76000000,570.37000000,72.32000000
1781244000000,2026-06-12T06:00:00+00:00,570.55000000,571.66000000,569.56000000,570.35000000,166.96000000
1781247600000,2026-06-12T07:00:00+00:00,570.36000000,572.06000000,568.33000000,571.28000000,169.16000000
1781251200000,2026-06-12T08:00:00+00:00,571.33000000,575.31000000,571.33000000,574.56000000,249.02000000
1781254800000,2026-06-12T09:00:00+00:00,574.70000000,578.56000000,574.70000000,577.44000000,237.53000000
1781258400000,2026-06-12T10:00:00+00:00,577.35000000,577.80000000,574.74000000,575.22000000,116.65000000
1781262000000,2026-06-12T11:00:00+00:00,575.42000000,576.73000000,574.72000000,576.30000000,72.72000000
1781265600000,2026-06-12T12:00:00+00:00,576.30000000,576.30000000,572.34000000,573.42000000,107.48000000
1781269200000,2026-06-12T13:00:00+00:00,573.67000000,576.48000000,561.67000000,564.63000000,397.36000000
1781272800000,2026-06-12T14:00:00+00:00,564.46000000,571.26000000,563.88000000,571.26000000,308.39000000
1781276400000,2026-06-12T15:00:00+00:00,571.15000000,575.23000000,569.65000000,569.65000000,608.00000000
1781280000000,2026-06-12T16:00:00+00:00,570.03000000,573.14000000,569.22000000,571.31000000,216.50000000
1781283600000,2026-06-12T17:00:00+00:00,571.44000000,573.42000000,566.69000000,567.33000000,122.15000000
1781287200000,2026-06-12T18:00:00+00:00,567.36000000,568.13000000,565.99000000,567.17000000,109.88000000
1781290800000,2026-06-12T19:00:00+00:00,567.04000000,568.26000000,564.09000000,567.42000000,157.55000000
1781294400000,2026-06-12T20:00:00+00:00,567.60000000,568.75000000,567.47000000,567.90000000,97.22000000
1781298000000,2026-06-12T21:00:00+00:00,567.80000000,568.52000000,567.36000000,567.45000000,226.08000000
1781301600000,2026-06-12T22:00:00+00:00,567.45000000,568.88000000,567.44000000,568.88000000,168.27000000
1781305200000,2026-06-12T23:00:00+00:00,568.97000000,569.80000000,568.84000000,569.80000000,23.07000000
1781308800000,2026-06-13T00:00:00+00:00,569.83000000,571.55000000,569.42000000,569.42000000,100.40000000
1781312400000,2026-06-13T01:00:00+00:00,569.57000000,570.83000000,569.16000000,570.83000000,125.78000000
1781316000000,2026-06-13T02:00:00+00:00,570.87000000,571.69000000,570.80000000,570.92000000,35.94000000
1781319600000,2026-06-13T03:00:00+00:00,570.98000000,571.31000000,570.27000000,570.52000000,13.95000000
1781323200000,2026-06-13T04:00:00+00:00,570.45000000,570.89000000,569.59000000,570.89000000,33.78000000
1781326800000,2026-06-13T05:00:00+00:00,570.90000000,571.26000000,570.12000000,570.12000000,22.24000000
1781330400000,2026-06-13T06:00:00+00:00,570.37000000,571.41000000,569.69000000,570.86000000,48.03000000
1781334000000,2026-06-13T07:00:00+00:00,570.86000000,571.52000000,570.53000000,571.30000000,22.69000000
1781337600000,2026-06-13T08:00:00+00:00,571.29000000,571.58000000,570.87000000,571.16000000,16.24000000
1781341200000,2026-06-13T09:00:00+00:00,571.00000000,571.09000000,570.80000000,570.80000000,2.12000000
1781344800000,2026-06-13T10:00:00+00:00,570.58000000,571.36000000,570.04000000,570.80000000,31.93000000
1781348400000,2026-06-13T11:00:00+00:00,570.91000000,571.57000000,570.56000000,571.15000000,42.42000000
1781352000000,2026-06-13T12:00:00+00:00,571.14000000,572.20000000,570.79000000,571.86000000,24.31000000
1781355600000,2026-06-13T13:00:00+00:00,572.05000000,572.43000000,571.54000000,571.57000000,57.56000000
1781359200000,2026-06-13T14:00:00+00:00,571.64000000,572.00000000,571.12000000,571.12000000,19.27000000
1781362800000,2026-06-13T15:00:00+00:00,571.00000000,571.95000000,570.55000000,571.22000000,125.71000000
1781366400000,2026-06-13T16:00:00+00:00,571.12000000,571.67000000,569.50000000,570.34000000,133.22000000
1781370000000,2026-06-13T17:00:00+00:00,570.43000000,570.99000000,569.81000000,569.81000000,23.73000000
1781373600000,2026-06-13T18:00:00+00:00,569.81000000,571.09000000,569.72000000,569.96000000,58.15000000
1781377200000,2026-06-13T19:00:00+00:00,569.96000000,570.14000000,569.65000000,570.03000000,9.74000000
1781380800000,2026-06-13T20:00:00+00:00,570.05000000,570.24000000,569.27000000,569.80000000,11.52000000
1781384400000,2026-06-13T21:00:00+00:00,569.81000000,570.90000000,569.81000000,570.74000000,22.70000000
1781388000000,2026-06-13T22:00:00+00:00,570.54000000,571.01000000,570.38000000,570.38000000,6.05000000
1781391600000,2026-06-13T23:00:00+00:00,570.44000000,571.66000000,570.44000000,571.30000000,25.62000000
1781395200000,2026-06-14T00:00:00+00:00,571.35000000,571.99000000,571.35000000,571.99000000,20.36000000
1781398800000,2026-06-14T01:00:00+00:00,572.00000000,572.71000000,571.71000000,571.87000000,73.08000000
1781402400000,2026-06-14T02:00:00+00:00,571.88000000,572.27000000,571.67000000,572.06000000,31.57000000
1781406000000,2026-06-14T03:00:00+00:00,572.00000000,572.73000000,571.52000000,572.54000000,18.06000000
1781409600000,2026-06-14T04:00:00+00:00,572.60000000,572.78000000,572.03000000,572.06000000,24.87000000
1781413200000,2026-06-14T05:00:00+00:00,571.94000000,572.79000000,571.90000000,572.33000000,44.81000000
1781416800000,2026-06-14T06:00:00+00:00,572.31000000,572.96000000,572.27000000,572.64000000,33.71000000
1781420400000,2026-06-14T07:00:00+00:00,572.59000000,573.36000000,572.13000000,573.36000000,58.95000000
1781424000000,2026-06-14T08:00:00+00:00,573.37000000,573.64000000,572.75000000,573.64000000,38.37000000
1781427600000,2026-06-14T09:00:00+00:00,573.64000000,573.86000000,573.13000000,573.55000000,61.39000000
1781431200000,2026-06-14T10:00:00+00:00,573.55000000,574.79000000,573.52000000,573.89000000,91.77000000
1781434800000,2026-06-14T11:00:00+00:00,573.88000000,573.94000000,571.89000000,572.00000000,227.22000000
1781438400000,2026-06-14T12:00:00+00:00,572.37000000,572.37000000,570.71000000,570.71000000,31.47000000
1781442000000,2026-06-14T13:00:00+00:00,570.71000000,571.49000000,570.08000000,571.40000000,109.36000000
1781445600000,2026-06-14T14:00:00+00:00,571.28000000,571.47000000,570.27000000,570.95000000,39.45000000
1781449200000,2026-06-14T15:00:00+00:00,570.95000000,571.93000000,570.95000000,571.87000000,33.11000000
1781452800000,2026-06-14T16:00:00+00:00,571.85000000,572.12000000,571.14000000,571.22000000,44.09000000
1781456400000,2026-06-14T17:00:00+00:00,571.22000000,572.22000000,571.22000000,571.63000000,40.51000000
1781460000000,2026-06-14T18:00:00+00:00,571.36000000,571.55000000,570.12000000,570.53000000,49.72000000
1781463600000,2026-06-14T19:00:00+00:00,570.77000000,571.20000000,570.77000000,570.84000000,10.32000000
1781467200000,2026-06-14T20:00:00+00:00,571.04000000,571.83000000,570.56000000,571.77000000,87.01000000
1781470800000,2026-06-14T21:00:00+00:00,571.70000000,578.85000000,571.56000000,577.26000000,198.69000000
1781474400000,2026-06-14T22:00:00+00:00,577.27000000,577.69000000,574.91000000,576.68000000,138.89000000
1781478000000,2026-06-14T23:00:00+00:00,576.35000000,576.74000000,575.45000000,576.29000000,81.11000000
1781481600000,2026-06-15T00:00:00+00:00,576.22000000,577.08000000,574.13000000,576.53000000,326.31000000
1781485200000,2026-06-15T01:00:00+00:00,576.64000000,577.99000000,576.64000000,577.70000000,76.14000000
1781488800000,2026-06-15T02:00:00+00:00,577.87000000,579.36000000,577.87000000,579.33000000,139.44000000
1781492400000,2026-06-15T03:00:00+00:00,579.13000000,579.83000000,578.56000000,578.56000000,50.38000000
1781496000000,2026-06-15T04:00:00+00:00,578.66000000,579.13000000,578.04000000,579.01000000,84.47000000
1781499600000,2026-06-15T05:00:00+00:00,579.01000000,579.10000000,577.70000000,578.30000000,60.32000000
1781503200000,2026-06-15T06:00:00+00:00,578.19000000,578.92000000,577.15000000,578.32000000,81.76000000
1781506800000,2026-06-15T07:00:00+00:00,578.37000000,580.55000000,578.11000000,580.00000000,196.86000000
1781510400000,2026-06-15T08:00:00+00:00,579.92000000,581.78000000,579.56000000,580.49000000,300.81000000
1781514000000,2026-06-15T09:00:00+00:00,580.37000000,580.54000000,578.37000000,579.02000000,106.59000000
1781517600000,2026-06-15T10:00:00+00:00,578.71000000,579.72000000,575.70000000,578.12000000,165.67000000
1781521200000,2026-06-15T11:00:00+00:00,577.96000000,578.29000000,574.23000000,575.23000000,422.57000000
1781524800000,2026-06-15T12:00:00+00:00,575.21000000,577.45000000,573.83000000,577.28000000,266.06000000
1781528400000,2026-06-15T13:00:00+00:00,577.18000000,592.83000000,576.75000000,592.46000000,879.79000000
1781532000000,2026-06-15T14:00:00+00:00,592.52000000,595.23000000,589.33000000,594.99000000,297.48000000
1781535600000,2026-06-15T15:00:00+00:00,594.96000000,601.33000000,594.39000000,600.30000000,342.76000000
