open_time_ms,open_time_iso,open,high,low,close,volume
1765980000000,2025-12-17T14:00:00+00:00,87583.60000000,89670.60000000,87130.00000000,89642.00000000,1595264.71000000
1765983600000,2025-12-17T15:00:00+00:00,89641.90000000,90350.00000000,87101.00000000,87192.80000000,2315318.82000000
1765987200000,2025-12-17T16:00:00+00:00,87192.90000000,87776.30000000,86111.20000000,86947.40000000,1352016.76000000
1765990800000,2025-12-17T17:00:00+00:00,86947.40000000,87062.50000000,86220.00000000,86375.20000000,388350.77000000
1765994400000,2025-12-17T18:00:00+00:00,86375.30000000,86802.40000000,85610.00000000,85790.50000000,424487.66000000
1765998000000,2025-12-17T19:00:00+00:00,85790.60000000,86139.60000000,85282.10000000,85976.70000000,441938.16000000
1766001600000,2025-12-17T20:00:00+00:00,85976.70000000,86219.30000000,85616.60000000,85843.20000000,302338.91000000
1766005200000,2025-12-17T21:00:00+00:00,85843.30000000,86008.10000000,85655.80000000,85941.40000000,118490.62000000
1766008800000,2025-12-17T22:00:00+00:00,85941.60000000,86398.70000000,85840.00000000,86300.00000000,143596.47000000
1766012400000,2025-12-17T23:00:00+00:00,86299.90000000,86307.40000000,85911.70000000,86201.50000000,138417.01000000
1766016000000,2025-12-18T00:00:00+00:00,86201.60000000,86281.20000000,86013.90000000,86193.10000000,119711.88000000
1766019600000,2025-12-18T01:00:00+00:00,86193.10000000,86213.70000000,85816.60000000,86083.00000000,162879.16000000
1766023200000,2025-12-18T02:00:00+00:00,86083.00000000,86836.90000000,85968.00000000,86643.10000000,294897.23000000
1766026800000,2025-12-18T03:00:00+00:00,86643.10000000,86649.60000000,86203.30000000,86578.00000000,236443.28000000
1766030400000,2025-12-18T04:00:00+00:00,86578.00000000,86860.30000000,86560.00000000,86710.00000000,206905.65000000
1766034000000,2025-12-18T05:00:00+00:00,86710.00000000,86724.00000000,86335.90000000,86400.00000000,131664.76000000
1766037600000,2025-12-18T06:00:00+00:00,86400.10000000,86623.90000000,86359.90000000,86607.90000000,99169.91000000
1766041200000,2025-12-18T07:00:00+00:00,86607.90000000,86827.90000000,86542.40000000,86790.60000000,140672.28000000
1766044800000,2025-12-18T08:00:00+00:00,86790.60000000,87100.00000000,86637.30000000,86926.40000000,268694.71000000
1766048400000,2025-12-18T09:00:00+00:00,86926.40000000,87367.40000000,86750.40000000,87236.80000000,247151.74000000
1766052000000,2025-12-18T10:00:00+00:00,87236.80000000,87417.90000000,87159.80000000,87307.20000000,148303.58000000
1766055600000,2025-12-18T11:00:00+00:00,87307.30000000,87323.10000000,87020.70000000,87237.10000000,151957.00000000
1766059200000,2025-12-18T12:00:00+00:00,87237.10000000,87400.00000000,87081.50000000,87224.70000000,184237.70000000
1766062800000,2025-12-18T13:00:00+00:00,87224.60000000,89171.20000000,87224.60000000,88800.00000000,1357444.03000000
1766066400000,2025-12-18T14:00:00+00:00,88800.10000000,89468.80000000,87659.80000000,88299.90000000,1444322.66000000
1766070000000,2025-12-18T15:00:00+00:00,88300.00000000,89340.90000000,87919.70000000,88479.70000000,961529.35000000
1766073600000,2025-12-18T16:00:00+00:00,88479.60000000,88500.00000000,87800.00000000,87979.90000000,469819.16000000
1766077200000,2025-12-18T17:00:00+00:00,87980.00000000,88000.20000000,85420.50000000,86438.60000000,1829789.42000000
1766080800000,2025-12-18T18:00:00+00:00,86438.60000000,86843.60000000,85671.90000000,85944.70000000,549949.51000000
1766084400000,2025-12-18T19:00:00+00:00,85944.60000000,85987.60000000,84407.70000000,84433.10000000,1072355.50000000
1766088000000,2025-12-18T20:00:00+00:00,84433.00000000,85230.30000000,84401.90000000,84533.50000000,467093.81000000
1766091600000,2025-12-18T21:00:00+00:00,84533.50000000,85818.00000000,84511.60000000,85577.50000000,537119.46000000
1766095200000,2025-12-18T22:00:00+00:00,85577.50000000,85701.40000000,85230.00000000,85533.50000000,183749.91000000
1766098800000,2025-12-18T23:00:00+00:00,85533.40000000,85578.80000000,85260.20000000,85458.20000000,156205.41000000
1766102400000,2025-12-19T00:00:00+00:00,85458.30000000,85567.80000000,85247.10000000,85567.70000000,167166.91000000
1766106000000,2025-12-19T01:00:00+00:00,85567.70000000,85567.70000000,85047.90000000,85281.80000000,186953.42000000
1766109600000,2025-12-19T02:00:00+00:00,85281.50000000,85899.00000000,85088.00000000,85599.90000000,266966.68000000
1766113200000,2025-12-19T03:00:00+00:00,85600.00000000,87535.70000000,85568.00000000,86855.90000000,1118131.84000000
1766116800000,2025-12-19T04:00:00+00:00,86855.80000000,87340.00000000,86800.00000000,87062.00000000,320690.91000000
1766120400000,2025-12-19T05:00:00+00:00,87062.10000000,87210.90000000,86625.90000000,87109.00000000,308153.36000000
1766124000000,2025-12-19T06:00:00+00:00,87109.00000000,87461.70000000,86875.10000000,87450.00000000,184404.94000000
1766127600000,2025-12-19T07:00:00+00:00,87449.90000000,88366.00000000,87440.60000000,87909.90000000,622491.19000000
1766131200000,2025-12-19T08:00:00+00:00,87909.90000000,88180.00000000,87691.70000000,88053.80000000,247405.42000000
1766134800000,2025-12-19T09:00:00+00:00,88053.80000000,88145.50000000,87854.00000000,88066.50000000,173346.50000000
1766138400000,2025-12-19T10:00:00+00:00,88066.50000000,88300.00000000,87877.00000000,88225.10000000,295029.43000000
1766142000000,2025-12-19T11:00:00+00:00,88225.10000000,88334.20000000,88091.20000000,88156.60000000,134507.89000000
1766145600000,2025-12-19T12:00:00+00:00,88156.70000000,88242.60000000,87789.10000000,87823.90000000,242235.64000000
1766149200000,2025-12-19T13:00:00+00:00,87824.00000000,88192.70000000,87780.10000000,87956.60000000,184438.73000000
1766152800000,2025-12-19T14:00:00+00:00,87956.50000000,88570.00000000,87437.30000000,88130.10000000,793622.80000000
1766156400000,2025-12-19T15:00:00+00:00,88130.00000000,89539.00000000,87666.70000000,87920.00000000,1482212.77000000
1766160000000,2025-12-19T16:00:00+00:00,87920.00000000,88878.40000000,87841.90000000,87958.70000000,508164.01000000
1766163600000,2025-12-19T17:00:00+00:00,87958.70000000,88320.00000000,86833.20000000,86907.30000000,887344.87000000
1766167200000,2025-12-19T18:00:00+00:00,86907.30000000,87439.00000000,86808.00000000,87132.10000000,318350.50000000
1766170800000,2025-12-19T19:00:00+00:00,87132.00000000,88095.70000000,87097.90000000,87801.90000000,323177.37000000
1766174400000,2025-12-19T20:00:00+00:00,87802.00000000,88389.20000000,87560.00000000,88050.00000000,309432.21000000
1766178000000,2025-12-19T21:00:00+00:00,88050.10000000,88053.00000000,87752.00000000,87800.00000000,81951.11000000
1766181600000,2025-12-19T22:00:00+00:00,87799.90000000,88378.90000000,87799.90000000,88300.60000000,141409.29000000
1766185200000,2025-12-19T23:00:00+00:00,88300.50000000,88321.30000000,88092.90000000,88104.00000000,70434.05000000
1766188800000,2025-12-20T00:00:00+00:00,88104.00000000,88156.00000000,87926.30000000,87966.00000000,114282.98000000
1766192400000,2025-12-20T01:00:00+00:00,87966.00000000,88134.90000000,87965.90000000,88040.40000000,56358.36000000
1766196000000,2025-12-20T02:00:00+00:00,88040.50000000,88284.70000000,87945.60000000,88159.00000000,76118.29000000
1766199600000,2025-12-20T03:00:00+00:00,88159.00000000,88288.10000000,88138.80000000,88162.70000000,61043.51000000
1766203200000,2025-12-20T04:00:00+00:00,88162.70000000,88300.00000000,88074.40000000,88251.80000000,88914.67000000
1766206800000,2025-12-20T05:00:00+00:00,88251.90000000,88538.00000000,88222.60000000,88247.70000000,131483.67000000
1766210400000,2025-12-20T06:00:00+00:00,88247.70000000,88414.00000000,88235.00000000,88268.30000000,53589.97000000
1766214000000,2025-12-20T07:00:00+00:00,88268.40000000,88299.30000000,88135.30000000,88229.90000000,90873.43000000
1766217600000,2025-12-20T08:00:00+00:00,88229.90000000,88394.00000000,88200.00000000,88209.00000000,74466.44000000
1766221200000,2025-12-20T09:00:00+00:00,88209.00000000,88304.70000000,88170.10000000,88189.00000000,65822.32000000
1766224800000,2025-12-20T10:00:00+00:00,88189.00000000,88246.90000000,88090.90000000,88131.00000000,70333.35000000
1766228400000,2025-12-20T11:00:00+00:00,88131.00000000,88276.00000000,88064.70000000,88238.80000000,71174.84000000
1766232000000,2025-12-20T12:00:00+00:00,88238.90000000,88300.00000000,88155.50000000,88210.10000000,50903.33000000
1766235600000,2025-12-20T13:00:00+00:00,88210.10000000,88300.00000000,87746.60000000,88224.00000000,272852.39000000
1766239200000,2025-12-20T14:00:00+00:00,88223.90000000,88243.60000000,87964.60000000,88205.70000000,91531.95000000
1766242800000,2025-12-20T15:00:00+00:00,88205.80000000,88230.50000000,87972.90000000,88130.90000000,84444.68000000
1766246400000,2025-12-20T16:00:00+00:00,88131.00000000,88209.10000000,88089.90000000,88120.40000000,70578.30000000
1766250000000,2025-12-20T17:00:00+00:00,88120.30000000,88227.30000000,88068.40000000,88154.50000000,53049.04000000
1766253600000,2025-12-20T18:00:00+00:00,88154.50000000,88384.80000000,88120.00000000,88277.70000000,60585.23000000
1766257200000,2025-12-20T19:00:00+00:00,88277.80000000,88297.10000000,88160.20000000,88188.40000000,31365.50000000
1766260800000,2025-12-20T20:00:00+00:00,88188.40000000,88286.30000000,88169.40000000,88246.90000000,22763.70000000
1766264400000,2025-12-20T21:00:00+00:00,88246.90000000,88427.30000000,88156.70000000,88181.20000000,55495.30000000
1766268000000,2025-12-20T22:00:00+00:00,88181.20000000,88319.90000000,88103.00000000,88238.10000000,40451.74000000
1766271600000,2025-12-20T23:00:00+00:00,88238.00000000,88395.90000000,88212.40000000,88322.00000000,49216.65000000
1766275200000,2025-12-21T00:00:00+00:00,88322.00000000,88400.00000000,88259.40000000,88356.40000000,54407.01000000
1766278800000,2025-12-21T01:00:00+00:00,88356.30000000,88356.40000000,87986.50000000,87986.60000000,122253.55000000
1766282400000,2025-12-21T02:00:00+00:00,87986.50000000,88121.00000000,87833.40000000,87924.80000000,125394.58000000
1766286000000,2025-12-21T03:00:00+00:00,87924.70000000,88121.40000000,87904.00000000,88057.40000000,79181.38000000
1766289600000,2025-12-21T04:00:00+00:00,88057.50000000,88118.00000000,88018.80000000,88035.00000000,37112.30000000
1766293200000,2025-12-21T05:00:00+00:00,88035.10000000,88128.00000000,88021.00000000,88104.00000000,47299.59000000
1766296800000,2025-12-21T06:00:00+00:00,88104.00000000,88167.20000000,88035.50000000,88056.60000000,48139.41000000
1766300400000,2025-12-21T07:00:00+00:00,88056.60000000,88151.10000000,88017.50000000,88140.30000000,59226.89000000
1766304000000,2025-12-21T08:00:00+00:00,88140.20000000,88729.20000000,88107.20000000,88509.00000000,203891.42000000
1766307600000,2025-12-21T09:00:00+00:00,88509.10000000,89058.60000000,88458.50000000,88866.90000000,348153.04000000
1766311200000,2025-12-21T10:00:00+00:00,88867.00000000,88943.80000000,88543.80000000,88632.10000000,197777.10000000
1766314800000,2025-12-21T11:00:00+00:00,88632.00000000,88722.00000000,88545.90000000,88568.00000000,91669.04000000
1766318400000,2025-12-21T12:00:00+00:00,88568.00000000,88894.60000000,88413.50000000,88588.30000000,239451.05000000
1766322000000,2025-12-21T13:00:00+00:00,88588.30000000,88671.00000000,87553.00000000,87633.30000000,593766.66000000
1766325600000,2025-12-21T14:00:00+00:00,87633.40000000,88107.80000000,87570.00000000,88016.20000000,299962.34000000
1766329200000,2025-12-21T15:00:00+00:00,88016.10000000,88237.10000000,87766.00000000,88028.00000000,193373.67000000
1766332800000,2025-12-21T16:00:00+00:00,88027.90000000,88335.00000000,87940.80000000,88309.60000000,150542.35000000
1766336400000,2025-12-21T17:00:00+00:00,88309.70000000,88460.30000000,88240.00000000,88284.20000000,103901.78000000
1766340000000,2025-12-21T18:00:00+00:00,88284.10000000,88428.30000000,87900.00000000,88408.30000000,163151.90000000
1766343600000,2025-12-21T19:00:00+00:00,88408.30000000,88570.00000000,88146.00000000,88449.20000000,121954.13000000
1766347200000,2025-12-21T20:00:00+00:00,88449.20000000,88475.70000000,88192.10000000,88206.20000000,47666.57000000
1766350800000,2025-12-21T21:00:00+00:00,88206.30000000,88343.10000000,88053.80000000,88125.00000000,57714.81000000
1766354400000,2025-12-21T22:00:00+00:00,88125.00000000,88455.00000000,88078.60000000,88442.30000000,81629.72000000
1766358000000,2025-12-21T23:00:00+00:00,88442.30000000,88796.90000000,88333.30000000,88624.10000000,215018.48000000
1766361600000,2025-12-22T00:00:00+00:00,88624.10000000,89615.40000000,88544.90000000,88584.00000000,665391.31000000
1766365200000,2025-12-22T01:00:00+00:00,88583.90000000,89245.00000000,88478.00000000,88585.80000000,297263.75000000
1766368800000,2025-12-22T02:00:00+00:00,88585.90000000,88633.40000000,87824.60000000,88416.60000000,455984.61000000
1766372400000,2025-12-22T03:00:00+00:00,88416.70000000,88812.90000000,88231.90000000,88725.60000000,188039.29000000
1766376000000,2025-12-22T04:00:00+00:00,88725.50000000,88995.30000000,88668.90000000,88864.90000000,198092.91000000
1766379600000,2025-12-22T05:00:00+00:00,88864.90000000,88957.80000000,88710.00000000,88789.00000000,129545.49000000
1766383200000,2025-12-22T06:00:00+00:00,88789.10000000,88977.50000000,88683.10000000,88863.30000000,133614.65000000
1766386800000,2025-12-22T07:00:00+00:00,88863.30000000,89167.90000000,88848.70000000,89124.10000000,137904.98000000
1766390400000,2025-12-22T08:00:00+00:00,89124.10000000,89876.00000000,89046.20000000,89300.00000000,596214.91000000
1766394000000,2025-12-22T09:00:00+00:00,89300.00000000,89799.00000000,89256.00000000,89785.10000000,232102.65000000
1766397600000,2025-12-22T10:00:00+00:00,89785.10000000,89833.00000000,89560.00000000,89741.50000000,206065.05000000
1766401200000,2025-12-22T11:00:00+00:00,89741.40000000,90099.50000000,89607.90000000,89908.00000000,371773.67000000
1766404800000,2025-12-22T12:00:00+00:00,89908.00000000,90574.00000000,89822.50000000,90174.60000000,458433.13000000
1766408400000,2025-12-22T13:00:00+00:00,90174.60000000,90297.80000000,89689.10000000,89874.00000000,273596.56000000
1766412000000,2025-12-22T14:00:00+00:00,89874.00000000,90262.40000000,89400.00000000,90088.00000000,586190.47000000
1766415600000,2025-12-22T15:00:00+00:00,90087.90000000,90410.80000000,89121.70000000,89677.70000000,824995.25000000
1766419200000,2025-12-22T16:00:00+00:00,89677.80000000,90084.80000000,89468.60000000,89512.60000000,405824.80000000
1766422800000,2025-12-22T17:00:00+00:00,89512.60000000,89541.30000000,89052.20000000,89268.90000000,327260.69000000
1766426400000,2025-12-22T18:00:00+00:00,89268.90000000,89488.60000000,89081.00000000,89094.40000000,190486.94000000
1766430000000,2025-12-22T19:00:00+00:00,89094.50000000,89106.80000000,87919.40000000,88005.90000000,573351.96000000
1766433600000,2025-12-22T20:00:00+00:00,88005.80000000,88442.60000000,87868.60000000,88306.70000000,399994.27000000
1766437200000,2025-12-22T21:00:00+00:00,88306.60000000,88577.60000000,88178.60000000,88228.20000000,168459.09000000
1766440800000,2025-12-22T22:00:00+00:00,88228.00000000,88788.00000000,88112.10000000,88618.70000000,165595.56000000
1766444400000,2025-12-22T23:00:00+00:00,88618.70000000,88669.20000000,88384.80000000,88576.20000000,134437.26000000
1766448000000,2025-12-23T00:00:00+00:00,88576.20000000,88910.90000000,88460.00000000,88727.30000000,169843.83000000
1766451600000,2025-12-23T01:00:00+00:00,88727.30000000,88849.00000000,88366.90000000,88467.80000000,142966.05000000
1766455200000,2025-12-23T02:00:00+00:00,88467.80000000,88716.70000000,88061.10000000,88162.70000000,267292.14000000
1766458800000,2025-12-23T03:00:00+00:00,88162.80000000,88325.10000000,87735.70000000,88128.30000000,333120.32000000
1766462400000,2025-12-23T04:00:00+00:00,88128.30000000,88333.00000000,87869.00000000,87875.80000000,163068.50000000
1766466000000,2025-12-23T05:00:00+00:00,87875.70000000,87985.70000000,87556.00000000,87719.00000000,292679.93000000
1766469600000,2025-12-23T06:00:00+00:00,87718.90000000,87740.30000000,86950.00000000,87353.80000000,581668.14000000
1766473200000,2025-12-23T07:00:00+00:00,87353.80000000,87666.70000000,87323.00000000,87531.70000000,208676.58000000
1766476800000,2025-12-23T08:00:00+00:00,87531.70000000,87660.00000000,87379.10000000,87426.10000000,182483.34000000
1766480400000,2025-12-23T09:00:00+00:00,87426.10000000,87582.00000000,87254.20000000,87479.00000000,152626.90000000
1766484000000,2025-12-23T10:00:00+00:00,87479.10000000,87614.90000000,87457.20000000,87565.90000000,81432.68000000
1766487600000,2025-12-23T11:00:00+00:00,87565.90000000,87846.50000000,87515.20000000,87800.00000000,164206.63000000
1766491200000,2025-12-23T12:00:00+00:00,87799.90000000,87920.90000000,87546.80000000,87736.20000000,249138.38000000
1766494800000,2025-12-23T13:00:00+00:00,87736.30000000,87861.60000000,87373.80000000,87568.00000000,242765.80000000
1766498400000,2025-12-23T14:00:00+00:00,87568.00000000,87785.00000000,86532.70000000,86836.50000000,682124.65000000
1766502000000,2025-12-23T15:00:00+00:00,86836.50000000,87499.90000000,86670.00000000,87400.00000000,595249.86000000
1766505600000,2025-12-23T16:00:00+00:00,87399.90000000,88166.00000000,87268.50000000,87942.50000000,678521.80000000
1766509200000,2025-12-23T17:00:00+00:00,87942.50000000,88237.00000000,87120.00000000,87126.30000000,437623.38000000
1766512800000,2025-12-23T18:00:00+00:00,87126.40000000,88130.00000000,87117.10000000,87927.80000000,411618.85000000
1766516400000,2025-12-23T19:00:00+00:00,87927.90000000,88000.00000000,87600.40000000,87704.90000000,163356.65000000
1766520000000,2025-12-23T20:00:00+00:00,87704.90000000,88333.00000000,87470.70000000,87655.50000000,244027.93000000
1766523600000,2025-12-23T21:00:00+00:00,87659.00000000,87817.90000000,87501.80000000,87679.20000000,123306.93000000
1766527200000,2025-12-23T22:00:00+00:00,87679.20000000,87735.50000000,87198.00000000,87365.20000000,148102.15000000
1766530800000,2025-12-23T23:00:00+00:00,87365.60000000,87477.60000000,87135.20000000,87442.20000000,164878.82000000
1766534400000,2025-12-24T00:00:00+00:00,87442.20000000,87632.80000000,87216.50000000,87619.60000000,158960.85000000
1766538000000,2025-12-24T01:00:00+00:00,87619.60000000,87798.20000000,87448.50000000,87587.70000000,149340.41000000
1766541600000,2025-12-24T02:00:00+00:00,87587.70000000,87620.00000000,86880.20000000,87084.50000000,228298.75000000
1766545200000,2025-12-24T03:00:00+00:00,87084.60000000,87353.60000000,86800.20000000,87306.60000000,170233.84000000
1766548800000,2025-12-24T04:00:00+00:00,87306.60000000,87426.50000000,87045.00000000,87103.60000000,93483.91000000
1766552400000,2025-12-24T05:00:00+00:00,87103.60000000,87210.50000000,86729.20000000,86917.70000000,196340.46000000
1766556000000,2025-12-24T06:00:00+00:00,86917.80000000,87036.10000000,86751.80000000,86985.00000000,134559.47000000
1766559600000,2025-12-24T07:00:00+00:00,86985.20000000,87142.90000000,86865.00000000,86871.50000000,112076.87000000
1766563200000,2025-12-24T08:00:00+00:00,86871.40000000,87040.00000000,86710.00000000,86744.50000000,142884.84000000
1766566800000,2025-12-24T09:00:00+00:00,86744.50000000,86852.90000000,86673.00000000,86759.20000000,117158.14000000
1766570400000,2025-12-24T10:00:00+00:00,86759.20000000,87164.20000000,86751.20000000,87041.60000000,154119.98000000
1766574000000,2025-12-24T11:00:00+00:00,87041.50000000,87314.60000000,87041.50000000,87153.90000000,156070.76000000
1766577600000,2025-12-24T12:00:00+00:00,87153.80000000,87446.20000000,87090.00000000,87389.00000000,133555.44000000
1766581200000,2025-12-24T13:00:00+00:00,87388.90000000,87397.30000000,86995.70000000,87235.10000000,160625.63000000
1766584800000,2025-12-24T14:00:00+00:00,87235.20000000,87400.00000000,86350.00000000,86930.70000000,574875.80000000
1766588400000,2025-12-24T15:00:00+00:00,86930.60000000,87184.00000000,86534.90000000,87014.60000000,394459.01000000
1766592000000,2025-12-24T16:00:00+00:00,87014.50000000,87673.10000000,86870.20000000,87251.80000000,426718.69000000
1766595600000,2025-12-24T17:00:00+00:00,87251.80000000,87535.90000000,87214.30000000,87284.40000000,165316.71000000
1766599200000,2025-12-24T18:00:00+00:00,87284.40000000,87473.70000000,87200.20000000,87435.90000000,126482.55000000
1766602800000,2025-12-24T19:00:00+00:00,87435.90000000,87544.60000000,87301.20000000,87528.80000000,87738.90000000
1766606400000,2025-12-24T20:00:00+00:00,87528.90000000,87654.00000000,87488.10000000,87522.20000000,97377.61000000
1766610000000,2025-12-24T21:00:00+00:00,87522.10000000,87766.00000000,87521.10000000,87657.30000000,99158.10000000
1766613600000,2025-12-24T22:00:00+00:00,87657.20000000,88034.40000000,87654.70000000,87957.80000000,172774.61000000
1766617200000,2025-12-24T23:00:00+00:00,87957.80000000,87980.00000000,87540.60000000,87630.10000000,207173.60000000
1766620800000,2025-12-25T00:00:00+00:00,87630.10000000,87708.70000000,87475.10000000,87526.10000000,99277.64000000
1766624400000,2025-12-25T01:00:00+00:00,87526.20000000,87714.90000000,87522.00000000,87668.90000000,65471.95000000
1766628000000,2025-12-25T02:00:00+00:00,87668.90000000,87939.80000000,87533.00000000,87841.70000000,118953.91000000
1766631600000,2025-12-25T03:00:00+00:00,87841.80000000,87888.00000000,87721.10000000,87804.40000000,68544.00000000
1766635200000,2025-12-25T04:00:00+00:00,87804.50000000,87804.50000000,87702.10000000,87740.10000000,50657.70000000
1766638800000,2025-12-25T05:00:00+00:00,87740.00000000,87744.20000000,87612.80000000,87708.00000000,74889.24000000
1766642400000,2025-12-25T06:00:00+00:00,87708.10000000,87813.80000000,87648.80000000,87790.60000000,54139.57000000
1766646000000,2025-12-25T07:00:00+00:00,87790.50000000,87820.50000000,87708.00000000,87786.40000000,46516.92000000
1766649600000,2025-12-25T08:00:00+00:00,87786.50000000,87852.50000000,87300.00000000,87544.90000000,325147.48000000
1766653200000,2025-12-25T09:00:00+00:00,87545.00000000,87573.30000000,87403.80000000,87478.80000000,70369.62000000
1766656800000,2025-12-25T10:00:00+00:00,87478.80000000,87483.30000000,87200.00000000,87379.30000000,133527.58000000
1766660400000,2025-12-25T11:00:00+00:00,87379.40000000,87545.30000000,87373.00000000,87477.80000000,69773.54000000
1766664000000,2025-12-25T12:00:00+00:00,87477.90000000,87552.00000000,87434.00000000,87520.30000000,62972.56000000
1766667600000,2025-12-25T13:00:00+00:00,87520.30000000,87662.90000000,87356.90000000,87585.50000000,111348.33000000
1766671200000,2025-12-25T14:00:00+00:00,87585.50000000,87720.00000000,87506.50000000,87676.00000000,107193.31000000
1766674800000,2025-12-25T15:00:00+00:00,87676.00000000,88576.30000000,87669.40000000,88334.30000000,669007.02000000
1766678400000,2025-12-25T16:00:00+00:00,88334.40000000,88443.20000000,87959.40000000,88050.10000000,230168.55000000
1766682000000,2025-12-25T17:00:00+00:00,88050.00000000,88166.00000000,87951.00000000,88097.90000000,141962.65000000
1766685600000,2025-12-25T18:00:00+00:00,88097.90000000,88277.60000000,88097.90000000,88198.40000000,79457.30000000
1766689200000,2025-12-25T19:00:00+00:00,88198.30000000,88205.90000000,88028.90000000,88108.90000000,56310.91000000
1766692800000,2025-12-25T20:00:00+00:00,88109.00000000,88132.00000000,87603.90000000,87845.20000000,185504.99000000
1766696400000,2025-12-25T21:00:00+00:00,87845.30000000,87960.50000000,87776.30000000,87854.90000000,104935.90000000
1766700000000,2025-12-25T22:00:00+00:00,87855.00000000,87885.50000000,87268.30000000,87612.00000000,197006.89000000
1766703600000,2025-12-25T23:00:00+00:00,87612.00000000,87732.00000000,86901.10000000,87180.40000000,448600.42000000
1766707200000,2025-12-26T00:00:00+00:00,87180.40000000,87287.10000000,86848.30000000,87087.30000000,256677.79000000
1766710800000,2025-12-26T01:00:00+00:00,87087.30000000,87460.00000000,87087.20000000,87384.60000000,146824.16000000
1766714400000,2025-12-26T02:00:00+00:00,87384.70000000,89436.90000000,87371.00000000,89150.40000000,1092049.41000000
1766718000000,2025-12-26T03:00:00+00:00,89150.40000000,89249.30000000,88666.00000000,88793.50000000,332374.01000000
1766721600000,2025-12-26T04:00:00+00:00,88793.50000000,89118.90000000,88478.30000000,88933.50000000,246682.25000000
1766725200000,2025-12-26T05:00:00+00:00,88933.50000000,89012.00000000,88784.80000000,88955.50000000,119185.57000000
1766728800000,2025-12-26T06:00:00+00:00,88955.50000000,89215.90000000,88955.40000000,89092.20000000,173951.61000000
1766732400000,2025-12-26T07:00:00+00:00,89092.20000000,89533.00000000,88314.40000000,88446.60000000,566333.69000000
1766736000000,2025-12-26T08:00:00+00:00,88446.50000000,88855.90000000,88388.00000000,88699.40000000,263922.40000000
1766739600000,2025-12-26T09:00:00+00:00,88699.40000000,88888.00000000,88611.20000000,88778.60000000,109479.96000000
1766743200000,2025-12-26T10:00:00+00:00,88778.50000000,88850.00000000,88640.90000000,88716.00000000,96270.39000000
1766746800000,2025-12-26T11:00:00+00:00,88716.00000000,88722.20000000,88480.10000000,88491.50000000,82650.33000000
1766750400000,2025-12-26T12:00:00+00:00,88491.50000000,88726.70000000,88491.40000000,88646.20000000,85949.03000000
1766754000000,2025-12-26T13:00:00+00:00,88646.30000000,89021.00000000,88586.20000000,88948.60000000,193487.92000000
1766757600000,2025-12-26T14:00:00+00:00,88948.70000000,89015.50000000,87304.70000000,87343.10000000,878451.64000000
1766761200000,2025-12-26T15:00:00+00:00,87343.00000000,87343.10000000,86601.10000000,87094.80000000,1111201.35000000
1766764800000,2025-12-26T16:00:00+00:00,87094.80000000,87335.70000000,86780.10000000,86805.00000000,362531.57000000
1766768400000,2025-12-26T17:00:00+00:00,86805.00000000,87418.20000000,86762.60000000,87279.60000000,245582.24000000
1766772000000,2025-12-26T18:00:00+00:00,87279.70000000,87332.10000000,87080.20000000,87229.10000000,101451.26000000
1766775600000,2025-12-26T19:00:00+00:00,87229.10000000,87534.40000000,87191.80000000,87450.10000000,100622.09000000
1766779200000,2025-12-26T20:00:00+00:00,87450.10000000,87756.00000000,87334.10000000,87551.70000000,160939.28000000
1766782800000,2025-12-26T21:00:00+00:00,87551.80000000,87662.90000000,87417.90000000,87429.90000000,65387.53000000
1766786400000,2025-12-26T22:00:00+00:00,87429.90000000,87558.30000000,87281.60000000,87511.30000000,95457.44000000
1766790000000,2025-12-26T23:00:00+00:00,87511.30000000,87519.60000000,87291.10000000,87328.00000000,80762.07000000
1766793600000,2025-12-27T00:00:00+00:00,87327.90000000,87374.40000000,87210.00000000,87356.00000000,62190.78000000
1766797200000,2025-12-27T01:00:00+00:00,87355.90000000,87440.00000000,87271.60000000,87429.40000000,45522.96000000
1766800800000,2025-12-27T02:00:00+00:00,87429.30000000,87444.70000000,87354.10000000,87408.20000000,45801.67000000
1766804400000,2025-12-27T03:00:00+00:00,87408.10000000,87496.30000000,87336.60000000,87473.50000000,60013.09000000
1766808000000,2025-12-27T04:00:00+00:00,87473.40000000,87481.00000000,87412.30000000,87429.90000000,36452.24000000
1766811600000,2025-12-27T05:00:00+00:00,87430.00000000,87478.80000000,87401.50000000,87461.30000000,37645.11000000
1766815200000,2025-12-27T06:00:00+00:00,87461.30000000,87538.80000000,87366.80000000,87435.10000000,109263.84000000
1766818800000,2025-12-27T07:00:00+00:00,87435.20000000,87666.00000000,87435.10000000,87493.00000000,116376.52000000
1766822400000,2025-12-27T08:00:00+00:00,87493.00000000,87639.90000000,87493.00000000,87548.90000000,64106.91000000
1766826000000,2025-12-27T09:00:00+00:00,87549.00000000,87623.80000000,87500.00000000,87574.30000000,59725.49000000
1766829600000,2025-12-27T10:00:00+00:00,87574.40000000,87587.90000000,87322.50000000,87464.60000000,92584.07000000
1766833200000,2025-12-27T11:00:00+00:00,87464.50000000,87511.00000000,87400.00000000,87436.60000000,60974.28000000
1766836800000,2025-12-27T12:00:00+00:00,87436.70000000,87483.00000000,87380.30000000,87440.80000000,38971.85000000
1766840400000,2025-12-27T13:00:00+00:00,87440.80000000,87443.80000000,87274.40000000,87412.70000000,70237.39000000
1766844000000,2025-12-27T14:00:00+00:00,87412.70000000,87525.70000000,87360.10000000,87501.20000000,59028.83000000
1766847600000,2025-12-27T15:00:00+00:00,87501.30000000,87551.20000000,87444.30000000,87519.70000000,61409.10000000
1766851200000,2025-12-27T16:00:00+00:00,87519.70000000,87546.80000000,87385.10000000,87460.00000000,61238.34000000
1766854800000,2025-12-27T17:00:00+00:00,87459.90000000,87527.20000000,87428.00000000,87514.20000000,35907.05000000
1766858400000,2025-12-27T18:00:00+00:00,87514.30000000,87530.00000000,87420.00000000,87453.50000000,30344.70000000
1766862000000,2025-12-27T19:00:00+00:00,87453.40000000,87543.10000000,87448.40000000,87529.50000000,31022.02000000
1766865600000,2025-12-27T20:00:00+00:00,87529.70000000,87600.00000000,87484.40000000,87523.80000000,35926.38000000
1766869200000,2025-12-27T21:00:00+00:00,87523.80000000,87647.70000000,87515.70000000,87633.60000000,47717.62000000
1766872800000,2025-12-27T22:00:00+00:00,87633.70000000,87929.80000000,87456.00000000,87517.10000000,161406.03000000
1766876400000,2025-12-27T23:00:00+00:00,87517.20000000,87954.90000000,87517.10000000,87833.60000000,127506.29000000
1766880000000,2025-12-28T00:00:00+00:00,87833.50000000,87921.90000000,87670.60000000,87806.30000000,110353.90000000
1766883600000,2025-12-28T01:00:00+00:00,87806.40000000,87910.80000000,87700.00000000,87749.10000000,74791.01000000
1766887200000,2025-12-28T02:00:00+00:00,87749.10000000,87836.60000000,87710.00000000,87760.10000000,31268.30000000
1766890800000,2025-12-28T03:00:00+00:00,87760.00000000,87800.00000000,87692.00000000,87692.90000000,43996.74000000
1766894400000,2025-12-28T04:00:00+00:00,87692.90000000,87800.00000000,87643.60000000,87682.90000000,57948.43000000
1766898000000,2025-12-28T05:00:00+00:00,87682.80000000,87682.90000000,87570.00000000,87615.90000000,79301.68000000
1766901600000,2025-12-28T06:00:00+00:00,87615.90000000,87753.00000000,87602.40000000,87688.50000000,55204.17000000
1766905200000,2025-12-28T07:00:00+00:00,87688.50000000,87700.00000000,87633.10000000,87695.00000000,48310.02000000
1766908800000,2025-12-28T08:00:00+00:00,87695.00000000,87946.10000000,87694.90000000,87758.20000000,84122.52000000
1766912400000,2025-12-28T09:00:00+00:00,87758.20000000,87864.90000000,87670.40000000,87764.70000000,86049.91000000
1766916000000,2025-12-28T10:00:00+00:00,87764.70000000,87996.20000000,87764.40000000,87824.90000000,195446.71000000
1766919600000,2025-12-28T11:00:00+00:00,87824.90000000,87888.00000000,87770.70000000,87847.80000000,74626.03000000
1766923200000,2025-12-28T12:00:00+00:00,87847.90000000,87865.10000000,87751.40000000,87807.40000000,64375.63000000
1766926800000,2025-12-28T13:00:00+00:00,87807.40000000,87917.90000000,87768.00000000,87859.50000000,119507.91000000
1766930400000,2025-12-28T14:00:00+00:00,87859.50000000,88072.00000000,87859.30000000,87866.00000000,113394.16000000
1766934000000,2025-12-28T15:00:00+00:00,87866.10000000,87968.40000000,87776.70000000,87793.10000000,105715.90000000
1766937600000,2025-12-28T16:00:00+00:00,87793.10000000,87860.00000000,87685.00000000,87774.00000000,84286.38000000
1766941200000,2025-12-28T17:00:00+00:00,87773.90000000,87900.00000000,87714.80000000,87714.90000000,53825.25000000
1766944800000,2025-12-28T18:00:00+00:00,87714.90000000,87742.20000000,87444.00000000,87558.20000000,203909.79000000
1766948400000,2025-12-28T19:00:00+00:00,87558.20000000,87662.70000000,87459.10000000,87481.60000000,144713.30000000
1766952000000,2025-12-28T20:00:00+00:00,87481.60000000,87623.80000000,87404.00000000,87468.10000000,65162.21000000
1766955600000,2025-12-28T21:00:00+00:00,87468.10000000,87559.90000000,87374.00000000,87549.30000000,80857.28000000
1766959200000,2025-12-28T22:00:00+00:00,87549.30000000,87958.30000000,87428.00000000,87864.40000000,117241.66000000
1766962800000,2025-12-28T23:00:00+00:00,87864.40000000,88020.50000000,87586.50000000,87913.00000000,186693.52000000
1766966400000,2025-12-29T00:00:00+00:00,87913.00000000,88431.40000000,87775.70000000,88259.50000000,381803.84000000
1766970000000,2025-12-29T01:00:00+00:00,88259.40000000,88458.80000000,87815.10000000,88410.00000000,297475.33000000
1766973600000,2025-12-29T02:00:00+00:00,88410.00000000,89352.00000000,88409.90000000,89125.10000000,702196.94000000
1766977200000,2025-12-29T03:00:00+00:00,89125.10000000,90147.10000000,89059.40000000,90085.20000000,691939.30000000
1766980800000,2025-12-29T04:00:00+00:00,90085.20000000,90368.00000000,89917.90000000,90096.30000000,412016.34000000
1766984400000,2025-12-29T05:00:00+00:00,90096.40000000,90247.50000000,89863.80000000,89941.40000000,271461.00000000
1766988000000,2025-12-29T06:00:00+00:00,89941.50000000,90087.70000000,89707.50000000,89733.30000000,210995.61000000
1766991600000,2025-12-29T07:00:00+00:00,89733.30000000,89811.20000000,89468.30000000,89581.60000000,285900.98000000
1766995200000,2025-12-29T08:00:00+00:00,89581.60000000,89794.00000000,89422.40000000,89519.40000000,227046.73000000
1766998800000,2025-12-29T09:00:00+00:00,89519.50000000,89578.70000000,87728.10000000,88082.10000000,1066781.69000000
1767002400000,2025-12-29T10:00:00+00:00,88082.10000000,88234.30000000,87613.70000000,87750.60000000,459165.76000000
1767006000000,2025-12-29T11:00:00+00:00,87750.50000000,87767.20000000,87522.00000000,87534.80000000,317474.62000000
1767009600000,2025-12-29T12:00:00+00:00,87534.90000000,87595.40000000,86750.00000000,87327.90000000,1049934.08000000
1767013200000,2025-12-29T13:00:00+00:00,87328.00000000,87499.10000000,87107.10000000,87340.50000000,308795.18000000
1767016800000,2025-12-29T14:00:00+00:00,87340.40000000,88147.30000000,87203.10000000,87389.90000000,763919.00000000
1767020400000,2025-12-29T15:00:00+00:00,87389.90000000,87873.90000000,87155.00000000,87632.60000000,428914.59000000
1767024000000,2025-12-29T16:00:00+00:00,87632.50000000,87790.00000000,87383.10000000,87582.10000000,174067.55000000
1767027600000,2025-12-29T17:00:00+00:00,87582.10000000,87808.20000000,87297.60000000,87808.20000000,166702.85000000
1767031200000,2025-12-29T18:00:00+00:00,87808.10000000,87965.00000000,87316.70000000,87420.90000000,249932.17000000
1767034800000,2025-12-29T19:00:00+00:00,87421.10000000,87631.20000000,87258.10000000,87326.30000000,128518.58000000
1767038400000,2025-12-29T20:00:00+00:00,87326.40000000,87564.00000000,87035.80000000,87174.50000000,235857.81000000
1767042000000,2025-12-29T21:00:00+00:00,87174.50000000,87340.80000000,87145.20000000,87306.20000000,69227.61000000
1767045600000,2025-12-29T22:00:00+00:00,87306.20000000,87368.60000000,87021.30000000,87300.00000000,120602.22000000
1767049200000,2025-12-29T23:00:00+00:00,87300.00000000,87360.00000000,87140.00000000,87195.30000000,74773.56000000
1767052800000,2025-12-30T00:00:00+00:00,87195.30000000,87325.00000000,87066.10000000,87215.50000000,120128.37000000
1767056400000,2025-12-30T01:00:00+00:00,87215.40000000,87316.90000000,87072.80000000,87271.90000000,85347.75000000
1767060000000,2025-12-30T02:00:00+00:00,87272.00000000,87299.00000000,86921.40000000,87058.10000000,228975.39000000
1767063600000,2025-12-30T03:00:00+00:00,87058.10000000,87382.40000000,86766.30000000,87323.10000000,314567.52000000
1767067200000,2025-12-30T04:00:00+00:00,87323.10000000,87461.10000000,87237.80000000,87259.90000000,125503.45000000
1767070800000,2025-12-30T05:00:00+00:00,87260.00000000,87317.20000000,87106.00000000,87209.00000000,91841.92000000
1767074400000,2025-12-30T06:00:00+00:00,87209.00000000,87494.80000000,87187.50000000,87399.90000000,105130.58000000
1767078000000,2025-12-30T07:00:00+00:00,87399.90000000,87574.70000000,87325.30000000,87444.90000000,127305.88000000
1767081600000,2025-12-30T08:00:00+00:00,87445.00000000,88200.00000000,87443.60000000,87820.90000000,630622.08000000
1767085200000,2025-12-30T09:00:00+00:00,87820.90000000,87990.20000000,87600.00000000,87947.10000000,201733.47000000
1767088800000,2025-12-30T10:00:00+00:00,87947.10000000,88140.00000000,87860.70000000,87905.00000000,257368.78000000
1767092400000,2025-12-30T11:00:00+00:00,87905.10000000,87980.00000000,87720.10000000,87862.00000000,132126.52000000
1767096000000,2025-12-30T12:00:00+00:00,87862.10000000,88043.60000000,87862.00000000,87985.00000000,110448.70000000
1767099600000,2025-12-30T13:00:00+00:00,87985.00000000,88100.00000000,87868.80000000,88064.50000000,166210.58000000
1767103200000,2025-12-30T14:00:00+00:00,88064.50000000,88965.90000000,87785.00000000,88828.30000000,915039.03000000
1767106800000,2025-12-30T15:00:00+00:00,88828.30000000,89118.90000000,88136.40000000,88967.70000000,864524.43000000
1767110400000,2025-12-30T16:00:00+00:00,88967.50000000,89355.00000000,88540.00000000,88708.80000000,663743.61000000
1767114000000,2025-12-30T17:00:00+00:00,88708.80000000,88865.90000000,88088.00000000,88339.90000000,381363.07000000
1767117600000,2025-12-30T18:00:00+00:00,88340.00000000,88465.00000000,88095.40000000,88272.00000000,166724.21000000
1767121200000,2025-12-30T19:00:00+00:00,88271.90000000,88400.00000000,87918.30000000,88189.00000000,237713.84000000
1767124800000,2025-12-30T20:00:00+00:00,88189.00000000,88189.00000000,87822.30000000,87894.40000000,174736.69000000
1767128400000,2025-12-30T21:00:00+00:00,87894.50000000,88291.10000000,87835.20000000,88242.20000000,114327.67000000
1767132000000,2025-12-30T22:00:00+00:00,88242.20000000,88439.00000000,88242.10000000,88394.40000000,97441.87000000
1767135600000,2025-12-30T23:00:00+00:00,88394.40000000,88537.40000000,88323.10000000,88450.10000000,119115.40000000
1767139200000,2025-12-31T00:00:00+00:00,88450.10000000,88450.10000000,88206.90000000,88225.10000000,113472.24000000
1767142800000,2025-12-31T01:00:00+00:00,88225.20000000,88760.20000000,88133.00000000,88615.20000000,219348.72000000
1767146400000,2025-12-31T02:00:00+00:00,88615.10000000,88715.50000000,88479.30000000,88639.00000000,106103.00000000
1767150000000,2025-12-31T03:00:00+00:00,88639.00000000,88792.80000000,88340.00000000,88416.50000000,168107.34000000
1767153600000,2025-12-31T04:00:00+00:00,88416.60000000,88524.10000000,88290.00000000,88297.20000000,98254.00000000
1767157200000,2025-12-31T05:00:00+00:00,88297.20000000,88500.00000000,88297.20000000,88425.80000000,94562.17000000
1767160800000,2025-12-31T06:00:00+00:00,88425.80000000,88531.40000000,88425.70000000,88474.90000000,74195.29000000
1767164400000,2025-12-31T07:00:00+00:00,88474.80000000,88599.90000000,88379.10000000,88569.90000000,111240.81000000
1767168000000,2025-12-31T08:00:00+00:00,88569.90000000,88698.00000000,88342.50000000,88395.60000000,140175.72000000
1767171600000,2025-12-31T09:00:00+00:00,88395.70000000,88685.00000000,88395.60000000,88622.70000000,127778.04000000
1767175200000,2025-12-31T10:00:00+00:00,88622.70000000,88867.00000000,88622.70000000,88810.30000000,175272.89000000
1767178800000,2025-12-31T11:00:00+00:00,88810.20000000,89023.00000000,88752.40000000,88969.10000000,265152.61000000
1767182400000,2025-12-31T12:00:00+00:00,88969.00000000,89008.10000000,88707.80000000,88744.70000000,193360.10000000
1767186000000,2025-12-31T13:00:00+00:00,88744.60000000,89029.70000000,88703.50000000,88955.80000000,140124.15000000
1767189600000,2025-12-31T14:00:00+00:00,88955.90000000,89187.90000000,88222.10000000,88444.80000000,613446.81000000
1767193200000,2025-12-31T15:00:00+00:00,88444.80000000,88444.90000000,87720.50000000,87900.00000000,815991.89000000
1767196800000,2025-12-31T16:00:00+00:00,87900.00000000,88000.00000000,87333.10000000,87607.00000000,658914.72000000
1767200400000,2025-12-31T17:00:00+00:00,87607.10000000,87711.20000000,87450.00000000,87569.90000000,191796.76000000
1767204000000,2025-12-31T18:00:00+00:00,87569.90000000,87934.70000000,87521.10000000,87640.00000000,247966.55000000
1767207600000,2025-12-31T19:00:00+00:00,87640.10000000,87827.60000000,87450.00000000,87501.80000000,119421.27000000
1767211200000,2025-12-31T20:00:00+00:00,87501.80000000,87666.70000000,87162.30000000,87627.20000000,285136.75000000
1767214800000,2025-12-31T21:00:00+00:00,87627.20000000,87830.00000000,87627.20000000,87753.40000000,90918.91000000
1767218400000,2025-12-31T22:00:00+00:00,87753.30000000,87844.50000000,87611.90000000,87682.60000000,70484.53000000
1767222000000,2025-12-31T23:00:00+00:00,87682.70000000,87683.10000000,87559.60000000,87593.10000000,61925.47000000
1767225600000,2026-01-01T00:00:00+00:00,87593.00000000,87800.00000000,87577.00000000,87758.10000000,99363.94000000
1767229200000,2026-01-01T01:00:00+00:00,87758.10000000,88000.00000000,87758.10000000,87906.60000000,117446.35000000
1767232800000,2026-01-01T02:00:00+00:00,87906.60000000,88040.20000000,87833.30000000,87858.40000000,118424.52000000
1767236400000,2026-01-01T03:00:00+00:00,87858.30000000,87972.90000000,87788.00000000,87805.90000000,79009.88000000
1767240000000,2026-01-01T04:00:00+00:00,87805.90000000,87812.70000000,87501.40000000,87550.00000000,146463.62000000
1767243600000,2026-01-01T05:00:00+00:00,87550.10000000,87723.90000000,87545.60000000,87667.40000000,88735.92000000
1767247200000,2026-01-01T06:00:00+00:00,87667.40000000,87667.50000000,87600.00000000,87618.90000000,39747.32000000
1767250800000,2026-01-01T07:00:00+00:00,87618.90000000,87637.30000000,87546.90000000,87588.80000000,74284.84000000
1767254400000,2026-01-01T08:00:00+00:00,87588.70000000,87768.30000000,87577.50000000,87729.70000000,99451.47000000
1767258000000,2026-01-01T09:00:00+00:00,87729.70000000,87922.20000000,87701.70000000,87839.60000000,87446.92000000
1767261600000,2026-01-01T10:00:00+00:00,87839.60000000,87841.90000000,87738.10000000,87813.40000000,51538.43000000
1767265200000,2026-01-01T11:00:00+00:00,87813.30000000,87980.00000000,87802.20000000,87970.50000000,128885.28000000
1767268800000,2026-01-01T12:00:00+00:00,87970.50000000,88000.00000000,87875.60000000,87892.80000000,95540.19000000
1767272400000,2026-01-01T13:00:00+00:00,87892.80000000,87970.00000000,87804.60000000,87865.20000000,78570.23000000
1767276000000,2026-01-01T14:00:00+00:00,87865.30000000,87927.30000000,87749.50000000,87913.40000000,139203.47000000
1767279600000,2026-01-01T15:00:00+00:00,87913.40000000,88073.30000000,87867.90000000,87986.90000000,126375.69000000
1767283200000,2026-01-01T16:00:00+00:00,87986.90000000,88008.90000000,87821.60000000,87950.20000000,74976.29000000
1767286800000,2026-01-01T17:00:00+00:00,87950.20000000,88500.00000000,87932.00000000,88279.40000000,303222.45000000
1767290400000,2026-01-01T18:00:00+00:00,88279.40000000,88321.50000000,88044.40000000,88153.80000000,105715.06000000
1767294000000,2026-01-01T19:00:00+00:00,88153.70000000,88391.90000000,88034.00000000,88344.50000000,62685.00000000
1767297600000,2026-01-01T20:00:00+00:00,88344.70000000,88345.00000000,88190.10000000,88205.70000000,42770.21000000
1767301200000,2026-01-01T21:00:00+00:00,88205.70000000,88410.30000000,88205.70000000,88353.70000000,93149.56000000
1767304800000,2026-01-01T22:00:00+00:00,88353.60000000,88660.00000000,88353.60000000,88613.50000000,139379.75000000
1767308400000,2026-01-01T23:00:00+00:00,88613.40000000,88880.00000000,88430.00000000,88805.00000000,276442.77000000
1767312000000,2026-01-02T00:00:00+00:00,88805.00000000,88856.40000000,88555.00000000,88798.90000000,267097.98000000
1767315600000,2026-01-02T01:00:00+00:00,88798.90000000,88846.10000000,88477.00000000,88608.00000000,181896.30000000
1767319200000,2026-01-02T02:00:00+00:00,88608.10000000,88636.40000000,88329.10000000,88611.90000000,145455.92000000
1767322800000,2026-01-02T03:00:00+00:00,88611.90000000,89090.10000000,88525.90000000,88908.90000000,345561.31000000
1767326400000,2026-01-02T04:00:00+00:00,88908.90000000,88952.90000000,88583.00000000,88600.50000000,178445.32000000
1767330000000,2026-01-02T05:00:00+00:00,88600.60000000,88751.20000000,88528.10000000,88718.30000000,123685.65000000
1767333600000,2026-01-02T06:00:00+00:00,88718.20000000,89055.10000000,88690.60000000,88899.90000000,193055.40000000
1767337200000,2026-01-02T07:00:00+00:00,88899.90000000,89030.20000000,88795.30000000,88827.30000000,176072.07000000
1767340800000,2026-01-02T08:00:00+00:00,88827.30000000,89164.30000000,88777.00000000,89139.10000000,205698.42000000
1767344400000,2026-01-02T09:00:00+00:00,89139.10000000,89473.80000000,89064.60000000,89436.50000000,395702.52000000
1767348000000,2026-01-02T10:00:00+00:00,89436.40000000,89925.60000000,89416.20000000,89621.00000000,581363.55000000
1767351600000,2026-01-02T11:00:00+00:00,89621.10000000,89650.00000000,89312.50000000,89452.50000000,233392.36000000
1767355200000,2026-01-02T12:00:00+00:00,89452.50000000,89548.90000000,89334.80000000,89360.00000000,158165.75000000
1767358800000,2026-01-02T13:00:00+00:00,89360.10000000,89651.70000000,89213.50000000,89309.90000000,224913.99000000
1767362400000,2026-01-02T14:00:00+00:00,89310.00000000,90148.50000000,88404.50000000,89543.00000000,1413756.54000000
1767366000000,2026-01-02T15:00:00+00:00,89543.00000000,89850.00000000,88756.00000000,89370.00000000,889424.46000000
1767369600000,2026-01-02T16:00:00+00:00,89369.90000000,90777.00000000,89159.80000000,90336.60000000,1232894.15000000
1767373200000,2026-01-02T17:00:00+00:00,90336.50000000,90935.30000000,90123.50000000,90317.00000000,606377.97000000
1767376800000,2026-01-02T18:00:00+00:00,90317.00000000,90512.30000000,89491.90000000,89717.70000000,382934.48000000
1767380400000,2026-01-02T19:00:00+00:00,89717.80000000,90120.20000000,89600.00000000,89853.20000000,178609.62000000
1767384000000,2026-01-02T20:00:00+00:00,89853.30000000,90034.30000000,89562.60000000,89692.60000000,161645.76000000
1767387600000,2026-01-02T21:00:00+00:00,89692.60000000,90120.10000000,89665.50000000,90004.50000000,98714.87000000
1767391200000,2026-01-02T22:00:00+00:00,90004.50000000,90358.10000000,89960.40000000,90140.10000000,149938.86000000
1767394800000,2026-01-02T23:00:00+00:00,90140.10000000,90147.40000000,89840.00000000,89950.40000000,106182.55000000
1767398400000,2026-01-03T00:00:00+00:00,89950.40000000,90147.30000000,89903.30000000,90105.90000000,93914.71000000
1767402000000,2026-01-03T01:00:00+00:00,90105.90000000,90255.20000000,90011.10000000,90237.70000000,122491.58000000
1767405600000,2026-01-03T02:00:00+00:00,90237.70000000,90366.60000000,90085.20000000,90285.00000000,127508.99000000
1767409200000,2026-01-03T03:00:00+00:00,90285.00000000,90342.60000000,90147.90000000,90287.20000000,95123.78000000
1767412800000,2026-01-03T04:00:00+00:00,90287.10000000,90448.90000000,90000.00000000,90130.00000000,141436.69000000
1767416400000,2026-01-03T05:00:00+00:00,90130.10000000,90165.10000000,89888.00000000,89996.30000000,102877.63000000
1767420000000,2026-01-03T06:00:00+00:00,89996.20000000,90103.30000000,89813.40000000,89840.00000000,106187.70000000
1767423600000,2026-01-03T07:00:00+00:00,89840.00000000,89923.60000000,89266.00000000,89534.60000000,448654.10000000
1767427200000,2026-01-03T08:00:00+00:00,89534.50000000,89789.00000000,89383.70000000,89619.10000000,224851.84000000
1767430800000,2026-01-03T09:00:00+00:00,89619.10000000,89940.10000000,89589.00000000,89752.70000000,149174.87000000
1767434400000,2026-01-03T10:00:00+00:00,89752.70000000,89836.80000000,89666.00000000,89707.10000000,101682.83000000
1767438000000,2026-01-03T11:00:00+00:00,89707.10000000,89738.30000000,89621.30000000,89706.20000000,69718.10000000
1767441600000,2026-01-03T12:00:00+00:00,89706.10000000,89999.00000000,89619.10000000,89992.70000000,170165.93000000
1767445200000,2026-01-03T13:00:00+00:00,89992.70000000,90040.50000000,89869.40000000,89960.00000000,162450.27000000
1767448800000,2026-01-03T14:00:00+00:00,89960.00000000,90199.90000000,89904.50000000,90082.20000000,178305.35000000
1767452400000,2026-01-03T15:00:00+00:00,90082.10000000,90082.20000000,89915.60000000,89929.40000000,108764.38000000
1767456000000,2026-01-03T16:00:00+00:00,89929.40000000,90175.70000000,89856.00000000,90050.40000000,162613.72000000
1767459600000,2026-01-03T17:00:00+00:00,90050.40000000,90084.10000000,89974.50000000,90051.80000000,56186.33000000
1767463200000,2026-01-03T18:00:00+00:00,90051.80000000,90149.60000000,89982.90000000,90100.00000000,49785.45000000
1767466800000,2026-01-03T19:00:00+00:00,90099.90000000,90116.40000000,90009.00000000,90083.50000000,44814.71000000
1767470400000,2026-01-03T20:00:00+00:00,90083.40000000,90342.20000000,89972.30000000,90325.40000000,99775.58000000
1767474000000,2026-01-03T21:00:00+00:00,90325.50000000,90707.30000000,90272.00000000,90524.80000000,178267.97000000
1767477600000,2026-01-03T22:00:00+00:00,90524.80000000,90691.00000000,90443.20000000,90548.40000000,104505.90000000
1767481200000,2026-01-03T23:00:00+00:00,90548.50000000,90664.50000000,90418.30000000,90587.90000000,129927.53000000
1767484800000,2026-01-04T00:00:00+00:00,90588.00000000,91588.00000000,90587.90000000,91294.20000000,676266.53000000
1767488400000,2026-01-04T01:00:00+00:00,91294.20000000,91453.70000000,90960.00000000,91199.10000000,200142.78000000
1767492000000,2026-01-04T02:00:00+00:00,91199.00000000,91270.90000000,91044.00000000,91095.70000000,97690.56000000
1767495600000,2026-01-04T03:00:00+00:00,91095.70000000,91330.30000000,91050.00000000,91194.60000000,141359.33000000
1767499200000,2026-01-04T04:00:00+00:00,91194.60000000,91569.60000000,91147.30000000,91365.00000000,192022.75000000
1767502800000,2026-01-04T05:00:00+00:00,91365.00000000,91468.00000000,91308.00000000,91446.40000000,77446.39000000
1767506400000,2026-01-04T06:00:00+00:00,91446.30000000,91806.00000000,91186.00000000,91190.30000000,396195.26000000
1767510000000,2026-01-04T07:00:00+00:00,91190.40000000,91500.40000000,91162.80000000,91479.80000000,145988.99000000
1767513600000,2026-01-04T08:00:00+00:00,91479.80000000,91497.00000000,91130.30000000,91324.10000000,197196.34000000
1767517200000,2026-01-04T09:00:00+00:00,91324.10000000,91430.00000000,91204.30000000,91409.90000000,76659.58000000
1767520800000,2026-01-04T10:00:00+00:00,91409.90000000,91584.00000000,91364.70000000,91544.10000000,140715.83000000
1767524400000,2026-01-04T11:00:00+00:00,91544.20000000,91544.20000000,91192.00000000,91259.80000000,135588.81000000
1767528000000,2026-01-04T12:00:00+00:00,91259.90000000,91329.70000000,91035.60000000,91101.20000000,178185.23000000
1767531600000,2026-01-04T13:00:00+00:00,91101.10000000,91239.30000000,90956.00000000,91231.90000000,145082.68000000
1767535200000,2026-01-04T14:00:00+00:00,91231.80000000,91386.00000000,91101.10000000,91299.90000000,136314.06000000
1767538800000,2026-01-04T15:00:00+00:00,91299.90000000,91351.80000000,91050.00000000,91294.00000000,89478.22000000
1767542400000,2026-01-04T16:00:00+00:00,91294.00000000,91415.90000000,91203.40000000,91280.90000000,149870.24000000
1767546000000,2026-01-04T17:00:00+00:00,91281.00000000,91400.00000000,91266.20000000,91301.50000000,61508.35000000
1767549600000,2026-01-04T18:00:00+00:00,91301.40000000,91301.50000000,90909.60000000,91168.00000000,135737.94000000
1767553200000,2026-01-04T19:00:00+00:00,91167.90000000,91172.90000000,90811.10000000,91099.70000000,168506.29000000
1767556800000,2026-01-04T20:00:00+00:00,91099.80000000,91309.30000000,91081.10000000,91274.30000000,66045.91000000
1767560400000,2026-01-04T21:00:00+00:00,91274.20000000,91384.10000000,91144.00000000,91246.90000000,63448.69000000
1767564000000,2026-01-04T22:00:00+00:00,91246.80000000,91369.00000000,91111.00000000,91180.30000000,60345.47000000
1767567600000,2026-01-04T23:00:00+00:00,91180.20000000,91555.70000000,91180.20000000,91488.70000000,170791.15000000
1767571200000,2026-01-05T00:00:00+00:00,91488.70000000,92390.00000000,91475.10000000,92371.20000000,776756.51000000
1767574800000,2026-01-05T01:00:00+00:00,92371.20000000,93395.00000000,92240.00000000,92926.90000000,1028853.75000000
1767578400000,2026-01-05T02:00:00+00:00,92927.00000000,93134.80000000,92700.00000000,93004.90000000,331251.87000000
1767582000000,2026-01-05T03:00:00+00:00,93004.90000000,93186.00000000,92834.90000000,92844.10000000,203119.74000000
1767585600000,2026-01-05T04:00:00+00:00,92844.10000000,92928.00000000,92286.60000000,92570.10000000,354220.72000000
1767589200000,2026-01-05T05:00:00+00:00,92570.10000000,92698.40000000,92313.00000000,92336.90000000,191590.10000000
1767592800000,2026-01-05T06:00:00+00:00,92337.00000000,92482.80000000,92112.30000000,92462.10000000,225581.19000000
1767596400000,2026-01-05T07:00:00+00:00,92462.10000000,92608.00000000,92449.50000000,92479.70000000,147584.79000000
1767600000000,2026-01-05T08:00:00+00:00,92479.60000000,92749.90000000,92418.40000000,92437.80000000,165581.71000000
1767603600000,2026-01-05T09:00:00+00:00,92437.70000000,92820.60000000,92286.70000000,92650.00000000,223322.91000000
1767607200000,2026-01-05T10:00:00+00:00,92649.90000000,93127.20000000,92626.20000000,93040.60000000,285436.25000000
1767610800000,2026-01-05T11:00:00+00:00,93040.60000000,93132.00000000,92851.00000000,93091.10000000,193425.78000000
1767614400000,2026-01-05T12:00:00+00:00,93091.10000000,93187.10000000,92714.90000000,92841.80000000,186558.62000000
1767618000000,2026-01-05T13:00:00+00:00,92841.80000000,92978.20000000,92500.00000000,92708.70000000,248724.10000000
1767621600000,2026-01-05T14:00:00+00:00,92708.60000000,93649.70000000,92370.50000000,93380.30000000,907008.00000000
1767625200000,2026-01-05T15:00:00+00:00,93380.30000000,93989.90000000,93120.00000000,93909.10000000,924944.30000000
1767628800000,2026-01-05T16:00:00+00:00,93909.00000000,94040.70000000,93525.30000000,93644.60000000,519855.82000000
1767632400000,2026-01-05T17:00:00+00:00,93644.60000000,94468.80000000,93195.00000000,94269.10000000,608400.38000000
1767636000000,2026-01-05T18:00:00+00:00,94269.10000000,94488.00000000,93868.90000000,94403.00000000,338874.98000000
1767639600000,2026-01-05T19:00:00+00:00,94402.90000000,94470.40000000,94070.00000000,94245.00000000,268024.44000000
1767643200000,2026-01-05T20:00:00+00:00,94245.00000000,94778.80000000,93982.10000000,94129.40000000,555165.94000000
1767646800000,2026-01-05T21:00:00+00:00,94130.00000000,94185.10000000,93750.00000000,94043.40000000,237528.25000000
1767650400000,2026-01-05T22:00:00+00:00,94043.40000000,94350.00000000,93954.20000000,94118.10000000,143540.02000000
1767654000000,2026-01-05T23:00:00+00:00,94118.10000000,94154.20000000,93802.50000000,93817.80000000,144173.35000000
1767657600000,2026-01-06T00:00:00+00:00,93817.90000000,93934.40000000,93507.60000000,93769.30000000,264275.91000000
1767661200000,2026-01-06T01:00:00+00:00,93769.30000000,94124.00000000,93686.00000000,93736.30000000,230870.29000000
1767664800000,2026-01-06T02:00:00+00:00,93736.30000000,93824.00000000,93472.80000000,93582.50000000,148033.80000000
1767668400000,2026-01-06T03:00:00+00:00,93582.50000000,93906.50000000,93560.00000000,93723.00000000,130134.01000000
1767672000000,2026-01-06T04:00:00+00:00,93722.90000000,93963.00000000,93693.90000000,93760.00000000,106309.58000000
1767675600000,2026-01-06T05:00:00+00:00,93760.00000000,93781.50000000,93530.00000000,93560.10000000,111597.84000000
1767679200000,2026-01-06T06:00:00+00:00,93560.00000000,93924.00000000,93500.00000000,93723.50000000,188774.62000000
1767682800000,2026-01-06T07:00:00+00:00,93723.50000000,93734.50000000,93088.30000000,93225.10000000,383972.25000000
1767686400000,2026-01-06T08:00:00+00:00,93225.00000000,93394.90000000,93134.50000000,93203.00000000,203394.01000000
1767690000000,2026-01-06T09:00:00+00:00,93203.10000000,93537.20000000,93196.00000000,93431.80000000,147797.23000000
1767693600000,2026-01-06T10:00:00+00:00,93431.70000000,93623.90000000,93374.40000000,93540.20000000,118188.34000000
1767697200000,2026-01-06T11:00:00+00:00,93540.30000000,93869.80000000,93533.10000000,93810.10000000,173531.46000000
1767700800000,2026-01-06T12:00:00+00:00,93810.10000000,93957.00000000,93738.10000000,93825.80000000,149955.18000000
1767704400000,2026-01-06T13:00:00+00:00,93825.70000000,93827.60000000,93596.50000000,93680.10000000,154221.63000000
1767708000000,2026-01-06T14:00:00+00:00,93680.10000000,94421.90000000,93480.00000000,93784.20000000,1036518.85000000
1767711600000,2026-01-06T15:00:00+00:00,93784.10000000,94264.20000000,93292.20000000,93605.00000000,704837.21000000
1767715200000,2026-01-06T16:00:00+00:00,93605.00000000,93728.10000000,92288.00000000,92649.60000000,1053179.42000000
1767718800000,2026-01-06T17:00:00+00:00,92649.60000000,92722.00000000,91501.00000000,91553.10000000,999975.34000000
1767722400000,2026-01-06T18:00:00+00:00,91553.10000000,92188.00000000,91221.90000000,92000.60000000,697528.03000000
1767726000000,2026-01-06T19:00:00+00:00,92000.70000000,92300.00000000,91851.60000000,92062.40000000,206195.73000000
1767729600000,2026-01-06T20:00:00+00:00,92062.40000000,92660.00000000,92062.40000000,92463.20000000,293633.23000000
1767733200000,2026-01-06T21:00:00+00:00,92463.30000000,93844.50000000,92336.50000000,93214.70000000,765880.13000000
1767736800000,2026-01-06T22:00:00+00:00,93214.60000000,93491.90000000,92922.40000000,93313.30000000,279001.37000000
1767740400000,2026-01-06T23:00:00+00:00,93313.20000000,93757.90000000,93285.70000000,93712.90000000,199241.05000000
1767744000000,2026-01-07T00:00:00+00:00,93713.00000000,93713.00000000,92600.00000000,92667.80000000,347415.37000000
1767747600000,2026-01-07T01:00:00+00:00,92667.80000000,92862.10000000,92279.70000000,92416.70000000,324420.60000000
1767751200000,2026-01-07T02:00:00+00:00,92416.70000000,93046.70000000,92210.00000000,92935.10000000,281703.01000000
1767754800000,2026-01-07T03:00:00+00:00,92935.10000000,93094.40000000,92711.80000000,92783.70000000,169660.25000000
1767758400000,2026-01-07T04:00:00+00:00,92783.70000000,92895.50000000,92549.50000000,92648.90000000,177611.27000000
1767762000000,2026-01-07T05:00:00+00:00,92648.90000000,92831.00000000,92465.70000000,92500.00000000,114528.57000000
1767765600000,2026-01-07T06:00:00+00:00,92500.10000000,92864.60000000,92481.30000000,92581.40000000,102535.34000000
1767769200000,2026-01-07T07:00:00+00:00,92581.40000000,92850.00000000,92581.40000000,92842.30000000,71937.21000000
1767772800000,2026-01-07T08:00:00+00:00,92842.30000000,92931.10000000,92654.50000000,92679.00000000,130322.68000000
1767776400000,2026-01-07T09:00:00+00:00,92679.00000000,92687.80000000,91559.50000000,91677.80000000,635303.26000000
1767780000000,2026-01-07T10:00:00+00:00,91677.70000000,91980.00000000,91555.00000000,91937.20000000,331166.88000000
1767783600000,2026-01-07T11:00:00+00:00,91937.30000000,92223.00000000,91894.30000000,92050.80000000,170675.65000000
1767787200000,2026-01-07T12:00:00+00:00,92050.80000000,92142.90000000,91930.60000000,91950.10000000,166112.97000000
1767790800000,2026-01-07T13:00:00+00:00,91950.10000000,92291.10000000,91813.10000000,91999.90000000,212880.72000000
1767794400000,2026-01-07T14:00:00+00:00,92000.00000000,92102.10000000,91316.00000000,91920.80000000,729395.13000000
1767798000000,2026-01-07T15:00:00+00:00,91920.80000000,91962.90000000,90900.50000000,91296.30000000,974688.07000000
1767801600000,2026-01-07T16:00:00+00:00,91296.30000000,91744.00000000,91088.00000000,91216.20000000,372221.04000000
1767805200000,2026-01-07T17:00:00+00:00,91216.20000000,91650.00000000,90977.40000000,91212.00000000,268928.24000000
1767808800000,2026-01-07T18:00:00+00:00,91212.00000000,91400.00000000,90692.30000000,90867.00000000,464027.47000000
1767812400000,2026-01-07T19:00:00+00:00,90867.00000000,91247.60000000,90614.70000000,91144.50000000,300592.55000000
1767816000000,2026-01-07T20:00:00+00:00,91144.40000000,91260.10000000,90705.30000000,91011.20000000,211740.19000000
1767819600000,2026-01-07T21:00:00+00:00,91011.30000000,91204.10000000,91004.70000000,91058.80000000,99270.93000000
1767823200000,2026-01-07T22:00:00+00:00,91058.50000000,91385.00000000,90844.30000000,91133.00000000,132755.24000000
1767826800000,2026-01-07T23:00:00+00:00,91133.00000000,91457.40000000,90973.70000000,91330.40000000,261251.27000000
1767830400000,2026-01-08T00:00:00+00:00,91330.50000000,91480.00000000,91038.00000000,91351.60000000,163826.10000000
1767834000000,2026-01-08T01:00:00+00:00,91351.70000000,91650.00000000,91259.90000000,91385.00000000,136226.50000000
1767837600000,2026-01-08T02:00:00+00:00,91385.10000000,91438.00000000,90720.00000000,90919.10000000,283828.59000000
1767841200000,2026-01-08T03:00:00+00:00,90919.10000000,91090.70000000,90566.00000000,90778.90000000,273436.24000000
1767844800000,2026-01-08T04:00:00+00:00,90778.80000000,91130.50000000,90657.80000000,90991.00000000,212232.16000000
1767848400000,2026-01-08T05:00:00+00:00,90990.90000000,91150.00000000,90750.00000000,90790.50000000,146578.44000000
1767852000000,2026-01-08T06:00:00+00:00,90790.50000000,90838.00000000,89828.10000000,89840.10000000,806303.56000000
1767855600000,2026-01-08T07:00:00+00:00,89840.10000000,90522.00000000,89566.60000000,90486.70000000,610896.89000000
1767859200000,2026-01-08T08:00:00+00:00,90486.60000000,90722.80000000,90104.60000000,90171.70000000,314580.28000000
1767862800000,2026-01-08T09:00:00+00:00,90171.70000000,90333.00000000,89902.40000000,89958.40000000,293649.73000000
1767866400000,2026-01-08T10:00:00+00:00,89958.40000000,90441.00000000,89701.10000000,90359.60000000,362637.23000000
1767870000000,2026-01-08T11:00:00+00:00,90359.50000000,90436.00000000,89965.50000000,90179.90000000,229840.72000000
1767873600000,2026-01-08T12:00:00+00:00,90179.90000000,90202.70000000,89748.50000000,89952.40000000,356226.31000000
1767877200000,2026-01-08T13:00:00+00:00,89952.30000000,90074.10000000,89830.00000000,89929.40000000,137438.33000000
1767880800000,2026-01-08T14:00:00+00:00,89929.40000000,90122.20000000,89268.00000000,89975.80000000,834802.52000000
1767884400000,2026-01-08T15:00:00+00:00,89975.70000000,90777.00000000,89765.00000000,90732.30000000,650747.87000000
1767888000000,2026-01-08T16:00:00+00:00,90732.20000000,90890.00000000,90266.70000000,90889.90000000,454631.47000000
1767891600000,2026-01-08T17:00:00+00:00,90890.00000000,91388.00000000,90768.70000000,91317.20000000,426543.06000000
1767895200000,2026-01-08T18:00:00+00:00,91317.10000000,91427.40000000,90900.00000000,91070.10000000,244169.58000000
1767898800000,2026-01-08T19:00:00+00:00,91070.10000000,91284.50000000,90756.40000000,90895.70000000,153520.21000000
1767902400000,2026-01-08T20:00:00+00:00,90895.80000000,90952.80000000,90515.80000000,90881.90000000,174278.93000000
1767906000000,2026-01-08T21:00:00+00:00,90881.90000000,91299.00000000,90873.20000000,91214.20000000,140529.68000000
1767909600000,2026-01-08T22:00:00+00:00,91214.30000000,91466.50000000,90977.00000000,91197.60000000,160553.76000000
1767913200000,2026-01-08T23:00:00+00:00,91197.50000000,91294.00000000,90988.00000000,91055.70000000,108492.63000000
1767916800000,2026-01-09T00:00:00+00:00,91055.60000000,91258.60000000,91007.50000000,91241.50000000,95568.61000000
1767920400000,2026-01-09T01:00:00+00:00,91241.50000000,91588.00000000,90804.40000000,91016.20000000,282788.85000000
1767924000000,2026-01-09T02:00:00+00:00,91016.20000000,91435.00000000,90978.00000000,90999.00000000,178078.05000000
1767927600000,2026-01-09T03:00:00+00:00,90999.00000000,91230.00000000,90919.70000000,91191.20000000,129386.46000000
1767931200000,2026-01-09T04:00:00+00:00,91191.20000000,91203.10000000,90900.00000000,90978.00000000,104188.50000000
1767934800000,2026-01-09T05:00:00+00:00,90978.00000000,91090.00000000,90877.00000000,91055.20000000,100187.32000000
1767938400000,2026-01-09T06:00:00+00:00,91055.20000000,91111.60000000,90941.50000000,91101.90000000,105370.03000000
1767942000000,2026-01-09T07:00:00+00:00,91101.80000000,91101.80000000,90702.40000000,90706.30000000,176587.96000000
1767945600000,2026-01-09T08:00:00+00:00,90706.30000000,90815.80000000,89650.40000000,89993.50000000,710656.99000000
1767949200000,2026-01-09T09:00:00+00:00,89993.40000000,90450.70000000,89966.70000000,90295.40000000,317297.33000000
1767952800000,2026-01-09T10:00:00+00:00,90295.40000000,90527.00000000,90229.30000000,90443.10000000,178739.41000000
1767956400000,2026-01-09T11:00:00+00:00,90443.00000000,90646.00000000,90351.10000000,90406.00000000,159094.67000000
1767960000000,2026-01-09T12:00:00+00:00,90406.00000000,90565.10000000,90183.10000000,90414.60000000,181537.99000000
1767963600000,2026-01-09T13:00:00+00:00,90414.60000000,90921.70000000,90350.00000000,90553.20000000,436973.31000000
1767967200000,2026-01-09T14:00:00+00:00,90553.20000000,90636.30000000,89873.60000000,90111.30000000,477911.77000000
1767970800000,2026-01-09T15:00:00+00:00,90111.40000000,91983.00000000,89786.30000000,91136.60000000,1570056.13000000
1767974400000,2026-01-09T16:00:00+00:00,91136.50000000,91737.10000000,91120.90000000,91581.30000000,398711.30000000
1767978000000,2026-01-09T17:00:00+00:00,91581.40000000,91638.10000000,90955.00000000,91369.00000000,304548.98000000
1767981600000,2026-01-09T18:00:00+00:00,91369.00000000,91465.40000000,90279.30000000,90774.10000000,434110.70000000
1767985200000,2026-01-09T19:00:00+00:00,90774.10000000,90774.10000000,90132.80000000,90284.20000000,271458.54000000
1767988800000,2026-01-09T20:00:00+00:00,90284.20000000,90553.10000000,90183.80000000,90264.20000000,190733.93000000
1767992400000,2026-01-09T21:00:00+00:00,90263.90000000,90620.20000000,90049.40000000,90500.00000000,157314.19000000
1767996000000,2026-01-09T22:00:00+00:00,90500.10000000,90666.00000000,90310.00000000,90589.40000000,96661.76000000
1767999600000,2026-01-09T23:00:00+00:00,90589.50000000,90686.00000000,90562.00000000,90604.60000000,78448.14000000
1768003200000,2026-01-10T00:00:00+00:00,90604.70000000,90645.70000000,90475.20000000,90565.00000000,70448.03000000
1768006800000,2026-01-10T01:00:00+00:00,90565.00000000,90697.00000000,90547.80000000,90649.60000000,54890.50000000
1768010400000,2026-01-10T02:00:00+00:00,90649.60000000,90740.00000000,90561.10000000,90658.60000000,78609.09000000
1768014000000,2026-01-10T03:00:00+00:00,90658.60000000,90662.00000000,90513.20000000,90589.50000000,50187.21000000
1768017600000,2026-01-10T04:00:00+00:00,90589.60000000,90609.70000000,90376.10000000,90421.50000000,65466.25000000
1768021200000,2026-01-10T05:00:00+00:00,90421.60000000,90588.00000000,90386.30000000,90572.40000000,65632.82000000
1768024800000,2026-01-10T06:00:00+00:00,90572.40000000,90575.20000000,90441.30000000,90477.20000000,37061.71000000
1768028400000,2026-01-10T07:00:00+00:00,90477.10000000,90650.00000000,90475.50000000,90637.80000000,66385.14000000
1768032000000,2026-01-10T08:00:00+00:00,90637.80000000,90715.50000000,90565.40000000,90617.20000000,102877.33000000
1768035600000,2026-01-10T09:00:00+00:00,90617.20000000,90714.00000000,90577.80000000,90714.00000000,107724.70000000
1768039200000,2026-01-10T10:00:00+00:00,90714.00000000,90791.30000000,90669.00000000,90787.00000000,71334.86000000
1768042800000,2026-01-10T11:00:00+00:00,90786.90000000,90787.00000000,90652.00000000,90683.50000000,38024.91000000
1768046400000,2026-01-10T12:00:00+00:00,90683.50000000,90752.60000000,90611.30000000,90693.90000000,58401.84000000
1768050000000,2026-01-10T13:00:00+00:00,90694.00000000,90726.80000000,90592.80000000,90609.30000000,40610.62000000
1768053600000,2026-01-10T14:00:00+00:00,90609.40000000,90624.30000000,90485.50000000,90554.40000000,85886.46000000
1768057200000,2026-01-10T15:00:00+00:00,90554.40000000,90630.00000000,90529.00000000,90611.60000000,61118.20000000
1768060800000,2026-01-10T16:00:00+00:00,90611.50000000,90688.00000000,90562.40000000,90641.00000000,41271.81000000
1768064400000,2026-01-10T17:00:00+00:00,90641.00000000,90699.50000000,90506.30000000,90509.60000000,48143.19000000
1768068000000,2026-01-10T18:00:00+00:00,90509.60000000,90560.00000000,90472.00000000,90544.20000000,46496.80000000
1768071600000,2026-01-10T19:00:00+00:00,90544.20000000,90587.50000000,90535.40000000,90587.40000000,27937.99000000
1768075200000,2026-01-10T20:00:00+00:00,90587.40000000,90614.70000000,90517.70000000,90527.60000000,24933.66000000
1768078800000,2026-01-10T21:00:00+00:00,90527.60000000,90534.20000000,90429.00000000,90461.10000000,41250.84000000
1768082400000,2026-01-10T22:00:00+00:00,90461.00000000,90550.60000000,90342.10000000,90369.10000000,76578.38000000
1768086000000,2026-01-10T23:00:00+00:00,90369.20000000,90523.40000000,90369.10000000,90471.70000000,47380.36000000
1768089600000,2026-01-11T00:00:00+00:00,90471.70000000,90599.90000000,90400.00000000,90580.50000000,47141.97000000
1768093200000,2026-01-11T01:00:00+00:00,90580.50000000,90644.70000000,90510.70000000,90588.00000000,43001.94000000
1768096800000,2026-01-11T02:00:00+00:00,90588.00000000,90689.00000000,90567.90000000,90651.80000000,58045.03000000
1768100400000,2026-01-11T03:00:00+00:00,90651.90000000,90699.00000000,90592.20000000,90698.90000000,43830.78000000
1768104000000,2026-01-11T04:00:00+00:00,90699.00000000,90758.30000000,90620.00000000,90758.30000000,51632.76000000
1768107600000,2026-01-11T05:00:00+00:00,90758.20000000,90824.30000000,90690.60000000,90744.00000000,76667.28000000
1768111200000,2026-01-11T06:00:00+00:00,90744.00000000,90766.10000000,90550.00000000,90705.00000000,77639.82000000
1768114800000,2026-01-11T07:00:00+00:00,90705.00000000,90718.50000000,90633.90000000,90675.40000000,38721.20000000
1768118400000,2026-01-11T08:00:00+00:00,90675.40000000,90778.80000000,90572.00000000,90751.90000000,120114.36000000
1768122000000,2026-01-11T09:00:00+00:00,90752.00000000,90777.00000000,90620.90000000,90694.40000000,117561.19000000
1768125600000,2026-01-11T10:00:00+00:00,90694.50000000,90704.00000000,90638.10000000,90692.80000000,38731.43000000
1768129200000,2026-01-11T11:00:00+00:00,90692.80000000,90709.50000000,90650.00000000,90709.50000000,48260.59000000
1768132800000,2026-01-11T12:00:00+00:00,90709.50000000,90974.00000000,90671.90000000,90890.00000000,142299.93000000
1768136400000,2026-01-11T13:00:00+00:00,90890.00000000,90942.70000000,90759.20000000,90808.40000000,140781.36000000
1768140000000,2026-01-11T14:00:00+00:00,90808.40000000,91149.90000000,90808.30000000,91073.90000000,136510.18000000
1768143600000,2026-01-11T15:00:00+00:00,91073.90000000,91109.00000000,90666.00000000,90830.00000000,200952.96000000
1768147200000,2026-01-11T16:00:00+00:00,90830.00000000,91258.90000000,90830.00000000,91000.00000000,209946.21000000
1768150800000,2026-01-11T17:00:00+00:00,91000.10000000,91100.00000000,90868.70000000,90943.80000000,90686.00000000
1768154400000,2026-01-11T18:00:00+00:00,90943.80000000,90943.90000000,90750.20000000,90849.00000000,63608.99000000
1768158000000,2026-01-11T19:00:00+00:00,90848.90000000,90889.70000000,90625.10000000,90653.30000000,61600.81000000
1768161600000,2026-01-11T20:00:00+00:00,90653.30000000,90700.00000000,90336.80000000,90666.00000000,171171.35000000
1768165200000,2026-01-11T21:00:00+00:00,90666.10000000,90790.00000000,90555.00000000,90704.10000000,65478.77000000
1768168800000,2026-01-11T22:00:00+00:00,90704.20000000,90704.20000000,90405.00000000,90488.70000000,87438.47000000
1768172400000,2026-01-11T23:00:00+00:00,90488.60000000,91000.00000000,90155.10000000,90962.00000000,258062.01000000
1768176000000,2026-01-12T00:00:00+00:00,90961.90000000,91218.30000000,90642.20000000,91218.20000000,256265.33000000
1768179600000,2026-01-12T01:00:00+00:00,91218.30000000,91767.40000000,91049.60000000,91375.80000000,490099.24000000
1768183200000,2026-01-12T02:00:00+00:00,91375.80000000,92368.00000000,91330.50000000,92170.10000000,596495.54000000
1768186800000,2026-01-12T03:00:00+00:00,92170.10000000,92495.00000000,91766.00000000,91778.60000000,541033.93000000
1768190400000,2026-01-12T04:00:00+00:00,91778.70000000,92253.80000000,91722.00000000,92138.50000000,225556.56000000
1768194000000,2026-01-12T05:00:00+00:00,92138.40000000,92232.70000000,92001.00000000,92080.40000000,143798.10000000
1768197600000,2026-01-12T06:00:00+00:00,92080.30000000,92175.00000000,91774.80000000,91798.20000000,185328.89000000
1768201200000,2026-01-12T07:00:00+00:00,91798.20000000,91940.10000000,91353.00000000,91380.10000000,387180.93000000
1768204800000,2026-01-12T08:00:00+00:00,91380.00000000,91598.00000000,90356.40000000,90713.40000000,887229.93000000
1768208400000,2026-01-12T09:00:00+00:00,90713.50000000,90900.00000000,90604.10000000,90644.00000000,269933.01000000
1768212000000,2026-01-12T10:00:00+00:00,90644.10000000,90750.00000000,90320.00000000,90397.70000000,230490.00000000
1768215600000,2026-01-12T11:00:00+00:00,90397.70000000,90776.90000000,90387.50000000,90575.60000000,208150.10000000
1768219200000,2026-01-12T12:00:00+00:00,90575.50000000,90825.80000000,90572.00000000,90735.00000000,130382.81000000
1768222800000,2026-01-12T13:00:00+00:00,90735.00000000,90783.90000000,90487.10000000,90580.80000000,168900.16000000
1768226400000,2026-01-12T14:00:00+00:00,90580.70000000,91083.20000000,90064.40000000,90861.70000000,758828.35000000
1768230000000,2026-01-12T15:00:00+00:00,90861.60000000,91633.00000000,90659.10000000,91626.00000000,701011.22000000
1768233600000,2026-01-12T16:00:00+00:00,91626.00000000,92283.00000000,91515.70000000,92082.90000000,864043.76000000
1768237200000,2026-01-12T17:00:00+00:00,92082.90000000,92272.30000000,90960.70000000,91474.70000000,678619.30000000
1768240800000,2026-01-12T18:00:00+00:00,91474.70000000,91921.90000000,91363.60000000,91655.00000000,276599.19000000
1768244400000,2026-01-12T19:00:00+00:00,91655.00000000,91850.30000000,91389.00000000,91834.00000000,146263.80000000
1768248000000,2026-01-12T20:00:00+00:00,91834.00000000,92023.00000000,91370.00000000,91446.20000000,185706.49000000
1768251600000,2026-01-12T21:00:00+00:00,91446.10000000,91463.50000000,90882.00000000,91018.50000000,254564.67000000
1768255200000,2026-01-12T22:00:00+00:00,91018.50000000,91399.90000000,91011.00000000,91200.10000000,136082.80000000
1768258800000,2026-01-12T23:00:00+00:00,91200.10000000,91274.70000000,91025.60000000,91250.20000000,109669.01000000
1768262400000,2026-01-13T00:00:00+00:00,91250.30000000,91513.20000000,91211.20000000,91434.20000000,172776.90000000
1768266000000,2026-01-13T01:00:00+00:00,91434.20000000,91511.70000000,91008.10000000,91154.70000000,175714.04000000
1768269600000,2026-01-13T02:00:00+00:00,91154.70000000,91346.80000000,91060.00000000,91086.80000000,100936.52000000
1768273200000,2026-01-13T03:00:00+00:00,91086.90000000,91424.50000000,91077.30000000,91376.90000000,131791.78000000
1768276800000,2026-01-13T04:00:00+00:00,91376.90000000,91618.50000000,91309.00000000,91465.80000000,133882.06000000
1768280400000,2026-01-13T05:00:00+00:00,91465.90000000,92221.60000000,91430.30000000,91879.90000000,466102.30000000
1768284000000,2026-01-13T06:00:00+00:00,91879.90000000,92248.00000000,91750.40000000,92138.90000000,295289.32000000
1768287600000,2026-01-13T07:00:00+00:00,92139.00000000,92176.50000000,91862.00000000,91911.80000000,172268.19000000
1768291200000,2026-01-13T08:00:00+00:00,91911.80000000,92222.00000000,91886.40000000,92132.00000000,171118.72000000
1768294800000,2026-01-13T09:00:00+00:00,92132.00000000,92648.00000000,91910.30000000,92241.10000000,612039.92000000
1768298400000,2026-01-13T10:00:00+00:00,92241.10000000,92309.80000000,91975.40000000,92100.00000000,157370.52000000
1768302000000,2026-01-13T11:00:00+00:00,92100.10000000,92228.20000000,91911.00000000,91963.90000000,157040.32000000
1768305600000,2026-01-13T12:00:00+00:00,91963.90000000,92122.90000000,91870.00000000,92084.20000000,137351.58000000
1768309200000,2026-01-13T13:00:00+00:00,92084.10000000,92588.20000000,91944.80000000,92037.00000000,607847.80000000
1768312800000,2026-01-13T14:00:00+00:00,92037.10000000,92888.00000000,91725.50000000,92412.90000000,747653.08000000
1768316400000,2026-01-13T15:00:00+00:00,92412.90000000,93417.60000000,92075.20000000,93412.20000000,986590.05000000
1768320000000,2026-01-13T16:00:00+00:00,93412.20000000,93724.10000000,93017.30000000,93348.00000000,712274.88000000
1768323600000,2026-01-13T17:00:00+00:00,93348.00000000,93455.80000000,93040.00000000,93198.50000000,303113.18000000
1768327200000,2026-01-13T18:00:00+00:00,93198.40000000,93838.90000000,93152.40000000,93579.40000000,301946.24000000
1768330800000,2026-01-13T19:00:00+00:00,93579.30000000,94207.20000000,93419.90000000,94180.90000000,472270.18000000
1768334400000,2026-01-13T20:00:00+00:00,94181.00000000,94471.70000000,94062.40000000,94360.30000000,614991.33000000
1768338000000,2026-01-13T21:00:00+00:00,94360.40000000,94493.90000000,94014.90000000,94042.70000000,279413.93000000
1768341600000,2026-01-13T22:00:00+00:00,94042.80000000,96777.00000000,94042.70000000,95730.90000000,1665871.37000000
1768345200000,2026-01-13T23:00:00+00:00,95730.90000000,96106.10000000,95039.50000000,95394.20000000,576607.78000000
1768348800000,2026-01-14T00:00:00+00:00,95394.20000000,95644.90000000,95120.30000000,95211.90000000,281991.57000000
1768352400000,2026-01-14T01:00:00+00:00,95211.90000000,95550.90000000,95100.10000000,95207.40000000,254149.67000000
1768356000000,2026-01-14T02:00:00+00:00,95207.50000000,95534.50000000,95170.00000000,95317.00000000,218860.06000000
1768359600000,2026-01-14T03:00:00+00:00,95317.10000000,95688.00000000,95247.00000000,95671.00000000,160877.84000000
1768363200000,2026-01-14T04:00:00+00:00,95671.00000000,95757.00000000,95188.00000000,95200.30000000,206160.67000000
1768366800000,2026-01-14T05:00:00+00:00,95200.30000000,95250.00000000,94928.20000000,94981.70000000,292524.97000000
1768370400000,2026-01-14T06:00:00+00:00,94981.70000000,95029.60000000,94505.00000000,95001.00000000,440925.35000000
1768374000000,2026-01-14T07:00:00+00:00,95000.90000000,95249.90000000,94824.20000000,95179.50000000,266229.18000000
1768377600000,2026-01-14T08:00:00+00:00,95179.50000000,95306.00000000,94854.00000000,94874.90000000,205133.69000000
1768381200000,2026-01-14T09:00:00+00:00,94874.90000000,95159.00000000,94860.00000000,95060.10000000,166603.11000000
1768384800000,2026-01-14T10:00:00+00:00,95060.00000000,95260.30000000,94851.30000000,95060.10000000,189574.50000000
1768388400000,2026-01-14T11:00:00+00:00,95060.00000000,95070.80000000,94712.00000000,94778.00000000,147210.19000000
1768392000000,2026-01-14T12:00:00+00:00,94777.90000000,95135.50000000,94640.60000000,95043.90000000,157202.11000000
1768395600000,2026-01-14T13:00:00+00:00,95043.80000000,95215.80000000,94860.00000000,94964.90000000,176761.98000000
1768399200000,2026-01-14T14:00:00+00:00,94964.80000000,96777.00000000,94951.00000000,96443.00000000,1310429.70000000
1768402800000,2026-01-14T15:00:00+00:00,96442.90000000,97059.00000000,96131.60000000,96695.30000000,1039040.16000000
1768406400000,2026-01-14T16:00:00+00:00,96695.30000000,97632.00000000,96665.20000000,97235.30000000,949885.86000000
1768410000000,2026-01-14T17:00:00+00:00,97235.20000000,97722.60000000,96715.70000000,96895.50000000,767794.83000000
1768413600000,2026-01-14T18:00:00+00:00,96895.50000000,97067.60000000,96176.20000000,96763.70000000,494844.52000000
1768417200000,2026-01-14T19:00:00+00:00,96763.80000000,97618.70000000,96633.80000000,97213.30000000,420664.04000000
1768420800000,2026-01-14T20:00:00+00:00,97213.20000000,97900.00000000,97150.00000000,97600.80000000,391957.16000000
1768424400000,2026-01-14T21:00:00+00:00,97600.70000000,97666.00000000,97322.00000000,97504.70000000,156293.27000000
1768428000000,2026-01-14T22:00:00+00:00,97504.70000000,97529.20000000,96707.10000000,96830.10000000,201851.88000000
1768431600000,2026-01-14T23:00:00+00:00,96830.10000000,97335.30000000,96815.90000000,96914.60000000,155044.80000000
1768435200000,2026-01-15T00:00:00+00:00,96914.50000000,96950.00000000,96400.00000000,96617.80000000,220600.64000000
1768438800000,2026-01-15T01:00:00+00:00,96617.80000000,96928.90000000,96260.00000000,96407.10000000,253138.56000000
1768442400000,2026-01-15T02:00:00+00:00,96407.20000000,96569.00000000,96033.00000000,96297.10000000,253009.79000000
1768446000000,2026-01-15T03:00:00+00:00,96297.00000000,96376.20000000,95717.70000000,95946.90000000,404806.85000000
1768449600000,2026-01-15T04:00:00+00:00,95946.90000000,96377.80000000,95916.50000000,96276.00000000,232486.33000000
1768453200000,2026-01-15T05:00:00+00:00,96275.90000000,96482.00000000,96192.50000000,96380.20000000,201002.78000000
1768456800000,2026-01-15T06:00:00+00:00,96380.20000000,96538.00000000,96127.70000000,96209.70000000,178300.98000000
1768460400000,2026-01-15T07:00:00+00:00,96209.80000000,96728.00000000,96143.70000000,96592.90000000,185595.00000000
1768464000000,2026-01-15T08:00:00+00:00,96593.00000000,96626.90000000,96240.40000000,96594.70000000,156105.56000000
1768467600000,2026-01-15T09:00:00+00:00,96594.60000000,97162.10000000,96511.80000000,96993.40000000,296792.36000000
1768471200000,2026-01-15T10:00:00+00:00,96993.40000000,97018.00000000,96697.10000000,96764.60000000,161186.36000000
1768474800000,2026-01-15T11:00:00+00:00,96764.50000000,96878.10000000,96540.10000000,96541.20000000,154088.52000000
1768478400000,2026-01-15T12:00:00+00:00,96541.20000000,96974.00000000,96468.80000000,96944.60000000,185290.89000000
1768482000000,2026-01-15T13:00:00+00:00,96944.60000000,96989.00000000,96561.70000000,96810.30000000,186874.19000000
1768485600000,2026-01-15T14:00:00+00:00,96810.40000000,97109.50000000,95548.10000000,96014.20000000,818673.16000000
1768489200000,2026-01-15T15:00:00+00:00,96014.30000000,96729.90000000,95380.60000000,96681.00000000,867936.73000000
1768492800000,2026-01-15T16:00:00+00:00,96681.00000000,96914.00000000,96225.00000000,96671.20000000,536255.17000000
1768496400000,2026-01-15T17:00:00+00:00,96671.20000000,97031.70000000,96350.00000000,96568.10000000,279174.59000000
1768500000000,2026-01-15T18:00:00+00:00,96568.10000000,96577.00000000,95700.00000000,95792.20000000,372704.15000000
1768503600000,2026-01-15T19:00:00+00:00,95792.10000000,95880.70000000,95121.80000000,95472.90000000,510112.29000000
1768507200000,2026-01-15T20:00:00+00:00,95473.00000000,95620.00000000,95089.00000000,95214.00000000,281039.20000000
1768510800000,2026-01-15T21:00:00+00:00,95214.00000000,95583.40000000,95150.00000000,95539.80000000,110277.35000000
1768514400000,2026-01-15T22:00:00+00:00,95539.80000000,95847.00000000,95445.30000000,95537.70000000,123295.66000000
1768518000000,2026-01-15T23:00:00+00:00,95537.60000000,95685.90000000,95365.00000000,95570.00000000,129979.51000000
1768521600000,2026-01-16T00:00:00+00:00,95570.00000000,95790.10000000,95536.80000000,95593.10000000,111823.30000000
1768525200000,2026-01-16T01:00:00+00:00,95593.10000000,95814.00000000,95370.00000000,95627.40000000,178203.01000000
1768528800000,2026-01-16T02:00:00+00:00,95627.50000000,95639.50000000,95341.00000000,95473.20000000,153497.57000000
1768532400000,2026-01-16T03:00:00+00:00,95473.30000000,95550.00000000,95288.90000000,95306.00000000,87045.00000000
1768536000000,2026-01-16T04:00:00+00:00,95306.00000000,95554.80000000,95111.00000000,95239.60000000,204675.58000000
1768539600000,2026-01-16T05:00:00+00:00,95239.70000000,95657.50000000,95214.90000000,95620.20000000,191913.45000000
1768543200000,2026-01-16T06:00:00+00:00,95620.20000000,95800.00000000,95488.70000000,95709.70000000,162891.11000000
1768546800000,2026-01-16T07:00:00+00:00,95709.60000000,95752.40000000,95446.60000000,95625.80000000,147264.21000000
1768550400000,2026-01-16T08:00:00+00:00,95625.80000000,95809.90000000,95535.00000000,95628.90000000,131385.42000000
1768554000000,2026-01-16T09:00:00+00:00,95629.00000000,95743.80000000,95543.70000000,95567.80000000,69274.64000000
1768557600000,2026-01-16T10:00:00+00:00,95567.70000000,95595.70000000,95266.00000000,95280.40000000,139421.15000000
1768561200000,2026-01-16T11:00:00+00:00,95280.40000000,95438.00000000,95218.90000000,95392.80000000,132902.16000000
1768564800000,2026-01-16T12:00:00+00:00,95392.80000000,95530.00000000,95300.00000000,95409.10000000,96864.21000000
1768568400000,2026-01-16T13:00:00+00:00,95409.00000000,95547.00000000,95236.90000000,95400.00000000,111106.66000000
1768572000000,2026-01-16T14:00:00+00:00,95400.00000000,95768.90000000,95142.80000000,95143.00000000,307123.04000000
1768575600000,2026-01-16T15:00:00+00:00,95143.00000000,95626.20000000,94262.00000000,94549.80000000,1115752.30000000
1768579200000,2026-01-16T16:00:00+00:00,94549.80000000,94950.00000000,94461.90000000,94827.50000000,371301.27000000
1768582800000,2026-01-16T17:00:00+00:00,94827.60000000,95117.10000000,94519.10000000,95046.00000000,195319.15000000
1768586400000,2026-01-16T18:00:00+00:00,95046.00000000,95188.00000000,94938.00000000,94970.00000000,192770.04000000
1768590000000,2026-01-16T19:00:00+00:00,94970.10000000,95023.30000000,94789.80000000,94959.50000000,96131.75000000
1768593600000,2026-01-16T20:00:00+00:00,94959.40000000,95527.00000000,94635.00000000,95526.90000000,208485.59000000
1768597200000,2026-01-16T21:00:00+00:00,95526.90000000,95564.50000000,95312.20000000,95478.40000000,146463.05000000
1768600800000,2026-01-16T22:00:00+00:00,95478.50000000,95540.00000000,95222.00000000,95472.40000000,101739.03000000
1768604400000,2026-01-16T23:00:00+00:00,95472.40000000,95543.20000000,95381.50000000,95500.80000000,62942.57000000
1768608000000,2026-01-17T00:00:00+00:00,95500.70000000,95540.00000000,95391.30000000,95417.90000000,81194.44000000
1768611600000,2026-01-17T01:00:00+00:00,95418.00000000,95480.40000000,95323.10000000,95344.90000000,54630.03000000
1768615200000,2026-01-17T02:00:00+00:00,95345.00000000,95375.00000000,95150.10000000,95320.20000000,112463.14000000
1768618800000,2026-01-17T03:00:00+00:00,95320.20000000,95349.90000000,95224.40000000,95330.10000000,57250.04000000
1768622400000,2026-01-17T04:00:00+00:00,95330.00000000,95334.70000000,95216.20000000,95270.70000000,59746.97000000
1768626000000,2026-01-17T05:00:00+00:00,95270.80000000,95348.50000000,95240.00000000,95266.00000000,49738.13000000
1768629600000,2026-01-17T06:00:00+00:00,95265.90000000,95300.00000000,95152.00000000,95180.60000000,55964.53000000
1768633200000,2026-01-17T07:00:00+00:00,95180.50000000,95180.60000000,94973.00000000,95049.40000000,119486.80000000
1768636800000,2026-01-17T08:00:00+00:00,95049.40000000,95218.70000000,94973.00000000,95209.70000000,102295.01000000
1768640400000,2026-01-17T09:00:00+00:00,95209.70000000,95250.60000000,95121.80000000,95206.00000000,55357.78000000
1768644000000,2026-01-17T10:00:00+00:00,95206.10000000,95224.60000000,95066.00000000,95070.10000000,58191.89000000
1768647600000,2026-01-17T11:00:00+00:00,95070.10000000,95270.00000000,95025.00000000,95269.90000000,95623.82000000
1768651200000,2026-01-17T12:00:00+00:00,95270.00000000,95360.30000000,95175.40000000,95210.00000000,72686.93000000
1768654800000,2026-01-17T13:00:00+00:00,95210.00000000,95394.90000000,95147.30000000,95387.70000000,83751.35000000
1768658400000,2026-01-17T14:00:00+00:00,95387.70000000,95492.00000000,95296.20000000,95419.50000000,134212.22000000
1768662000000,2026-01-17T15:00:00+00:00,95419.50000000,95611.50000000,95362.40000000,95519.60000000,167675.37000000
1768665600000,2026-01-17T16:00:00+00:00,95519.50000000,95519.60000000,95172.80000000,95265.70000000,184980.03000000
1768669200000,2026-01-17T17:00:00+00:00,95265.60000000,95399.60000000,95233.20000000,95327.30000000,77198.70000000
1768672800000,2026-01-17T18:00:00+00:00,95327.30000000,95425.70000000,95297.10000000,95384.20000000,42166.71000000
1768676400000,2026-01-17T19:00:00+00:00,95384.10000000,95384.20000000,95231.00000000,95256.10000000,30669.78000000
1768680000000,2026-01-17T20:00:00+00:00,95256.00000000,95348.90000000,95231.20000000,95344.90000000,40098.70000000
1768683600000,2026-01-17T21:00:00+00:00,95344.80000000,95388.60000000,95236.40000000,95268.40000000,51921.83000000
1768687200000,2026-01-17T22:00:00+00:00,95268.30000000,95268.40000000,95003.00000000,95125.00000000,113827.67000000
1768690800000,2026-01-17T23:00:00+00:00,95125.10000000,95181.10000000,95067.30000000,95114.00000000,76220.26000000
1768694400000,2026-01-18T00:00:00+00:00,95114.00000000,95204.00000000,95032.60000000,95083.90000000,68387.10000000
1768698000000,2026-01-18T01:00:00+00:00,95083.80000000,95083.90000000,94840.00000000,94936.20000000,146446.80000000
1768701600000,2026-01-18T02:00:00+00:00,94936.20000000,95038.00000000,94829.60000000,94994.80000000,70195.12000000
1768705200000,2026-01-18T03:00:00+00:00,94994.80000000,95177.00000000,94990.00000000,95154.90000000,75675.19000000
1768708800000,2026-01-18T04:00:00+00:00,95154.90000000,95155.00000000,95038.70000000,95063.30000000,36943.41000000
1768712400000,2026-01-18T05:00:00+00:00,95063.40000000,95226.10000000,95014.20000000,95145.60000000,62191.34000000
1768716000000,2026-01-18T06:00:00+00:00,95145.60000000,95170.10000000,95097.70000000,95141.30000000,49462.00000000
1768719600000,2026-01-18T07:00:00+00:00,95141.30000000,95141.40000000,94979.10000000,94990.20000000,74776.53000000
1768723200000,2026-01-18T08:00:00+00:00,94990.30000000,95158.40000000,94979.10000000,95140.80000000,49344.42000000
1768726800000,2026-01-18T09:00:00+00:00,95140.80000000,95249.30000000,95106.10000000,95228.10000000,83384.23000000
1768730400000,2026-01-18T10:00:00+00:00,95228.10000000,95270.80000000,95051.90000000,95137.00000000,59011.68000000
1768734000000,2026-01-18T11:00:00+00:00,95137.10000000,95145.00000000,95040.00000000,95132.40000000,48084.81000000
1768737600000,2026-01-18T12:00:00+00:00,95132.40000000,95148.40000000,95040.00000000,95067.00000000,39275.03000000
1768741200000,2026-01-18T13:00:00+00:00,95067.00000000,95172.00000000,94863.80000000,95109.30000000,152648.35000000
1768744800000,2026-01-18T14:00:00+00:00,95109.30000000,95325.00000000,94895.00000000,94921.10000000,167273.99000000
1768748400000,2026-01-18T15:00:00+00:00,94921.00000000,95078.10000000,94880.00000000,95067.90000000,88039.16000000
1768752000000,2026-01-18T16:00:00+00:00,95068.00000000,95153.50000000,95020.00000000,95123.90000000,84963.20000000
1768755600000,2026-01-18T17:00:00+00:00,95123.90000000,95248.40000000,95100.10000000,95222.70000000,72323.72000000
1768759200000,2026-01-18T18:00:00+00:00,95222.60000000,95477.00000000,95130.60000000,95401.00000000,134910.70000000
1768762800000,2026-01-18T19:00:00+00:00,95401.00000000,95481.50000000,95272.30000000,95326.00000000,86549.67000000
1768766400000,2026-01-18T20:00:00+00:00,95326.10000000,95398.90000000,95237.10000000,95258.50000000,50489.17000000
1768770000000,2026-01-18T21:00:00+00:00,95258.60000000,95399.00000000,95230.90000000,95393.10000000,43394.99000000
1768773600000,2026-01-18T22:00:00+00:00,95393.10000000,95495.00000000,95366.10000000,95444.30000000,53820.65000000
1768777200000,2026-01-18T23:00:00+00:00,95444.30000000,95449.20000000,93555.00000000,93625.20000000,999403.27000000
1768780800000,2026-01-19T00:00:00+00:00,93625.10000000,93625.20000000,91816.70000000,92661.40000000,1829141.00000000
1768784400000,2026-01-19T01:00:00+00:00,92661.30000000,92830.10000000,92184.80000000,92534.80000000,384400.28000000
1768788000000,2026-01-19T02:00:00+00:00,92534.80000000,92630.10000000,92332.60000000,92517.50000000,238245.81000000
1768791600000,2026-01-19T03:00:00+00:00,92517.60000000,92737.90000000,92441.00000000,92637.70000000,171488.41000000
1768795200000,2026-01-19T04:00:00+00:00,92637.70000000,92699.90000000,92433.60000000,92612.50000000,153079.77000000
1768798800000,2026-01-19T05:00:00+00:00,92612.60000000,92760.50000000,92456.00000000,92469.80000000,125968.86000000
1768802400000,2026-01-19T06:00:00+00:00,92469.80000000,92589.90000000,92344.00000000,92537.40000000,130852.65000000
1768806000000,2026-01-19T07:00:00+00:00,92537.40000000,92805.60000000,92505.00000000,92781.00000000,138308.24000000
1768809600000,2026-01-19T08:00:00+00:00,92780.90000000,93305.00000000,92632.00000000,93188.00000000,354554.79000000
1768813200000,2026-01-19T09:00:00+00:00,93188.00000000,93200.00000000,92887.40000000,92996.40000000,189919.96000000
1768816800000,2026-01-19T10:00:00+00:00,92996.50000000,93032.20000000,92833.30000000,93010.00000000,91647.05000000
1768820400000,2026-01-19T11:00:00+00:00,93010.00000000,93263.60000000,92914.60000000,93141.30000000,101354.97000000
1768824000000,2026-01-19T12:00:00+00:00,93141.30000000,93188.00000000,92957.70000000,93027.50000000,124792.65000000
1768827600000,2026-01-19T13:00:00+00:00,93027.60000000,93114.40000000,92737.80000000,92987.90000000,157943.09000000
1768831200000,2026-01-19T14:00:00+00:00,92988.00000000,92995.90000000,92662.90000000,92770.30000000,166606.57000000
1768834800000,2026-01-19T15:00:00+00:00,92770.30000000,93033.30000000,92770.30000000,93012.30000000,132073.89000000
1768838400000,2026-01-19T16:00:00+00:00,93012.20000000,93367.00000000,92948.00000000,93250.30000000,160680.67000000
1768842000000,2026-01-19T17:00:00+00:00,93250.30000000,93346.20000000,93091.70000000,93186.80000000,132994.21000000
1768845600000,2026-01-19T18:00:00+00:00,93186.70000000,93226.00000000,92873.50000000,93020.50000000,123528.90000000
1768849200000,2026-01-19T19:00:00+00:00,93020.50000000,93125.50000000,92947.10000000,93058.00000000,61895.33000000
1768852800000,2026-01-19T20:00:00+00:00,93057.90000000,93258.00000000,93044.90000000,93098.20000000,71303.74000000
1768856400000,2026-01-19T21:00:00+00:00,93098.20000000,93300.00000000,92958.40000000,92964.70000000,77647.28000000
1768860000000,2026-01-19T22:00:00+00:00,92964.70000000,93022.80000000,92500.10000000,92523.50000000,172130.79000000
1768863600000,2026-01-19T23:00:00+00:00,92523.50000000,92716.00000000,92118.00000000,92588.10000000,323104.55000000
1768867200000,2026-01-20T00:00:00+00:00,92588.00000000,92833.10000000,92318.00000000,92676.00000000,178490.13000000
1768870800000,2026-01-20T01:00:00+00:00,92676.00000000,92837.00000000,92488.30000000,92683.20000000,150504.01000000
1768874400000,2026-01-20T02:00:00+00:00,92683.20000000,92691.90000000,92333.00000000,92516.70000000,162100.12000000
1768878000000,2026-01-20T03:00:00+00:00,92516.80000000,92622.20000000,92207.10000000,92403.40000000,183790.95000000
1768881600000,2026-01-20T04:00:00+00:00,92403.40000000,92450.90000000,91958.30000000,92037.40000000,244802.42000000
1768885200000,2026-01-20T05:00:00+00:00,92037.50000000,92050.00000000,91254.90000000,91588.10000000,907348.12000000
1768888800000,2026-01-20T06:00:00+00:00,91588.00000000,91599.00000000,90711.10000000,90900.00000000,803225.33000000
1768892400000,2026-01-20T07:00:00+00:00,90900.00000000,91259.70000000,90826.50000000,91131.80000000,295643.68000000
1768896000000,2026-01-20T08:00:00+00:00,91131.80000000,91208.40000000,90628.10000000,91069.90000000,482229.38000000
1768899600000,2026-01-20T09:00:00+00:00,91069.90000000,91070.00000000,90850.10000000,90994.40000000,181830.17000000
1768903200000,2026-01-20T10:00:00+00:00,90994.30000000,91256.00000000,90956.50000000,91214.20000000,152445.95000000
1768906800000,2026-01-20T11:00:00+00:00,91214.20000000,91394.50000000,91168.90000000,91181.20000000,166035.64000000
1768910400000,2026-01-20T12:00:00+00:00,91181.20000000,91273.10000000,91000.00000000,91239.10000000,232097.08000000
1768914000000,2026-01-20T13:00:00+00:00,91239.00000000,91254.00000000,90732.10000000,90921.70000000,316722.52000000
1768917600000,2026-01-20T14:00:00+00:00,90921.80000000,91340.00000000,90200.90000000,90495.40000000,951495.78000000
1768921200000,2026-01-20T15:00:00+00:00,90495.30000000,90774.20000000,89806.40000000,90638.00000000,1063053.97000000
1768924800000,2026-01-20T16:00:00+00:00,90638.00000000,90922.00000000,89972.00000000,90124.10000000,479356.15000000
1768928400000,2026-01-20T17:00:00+00:00,90124.00000000,90464.80000000,89383.70000000,89735.30000000,708023.80000000
1768932000000,2026-01-20T18:00:00+00:00,89735.30000000,89920.00000000,89336.00000000,89460.00000000,355595.35000000
1768935600000,2026-01-20T19:00:00+00:00,89460.00000000,89759.50000000,89225.00000000,89680.00000000,288421.91000000
1768939200000,2026-01-20T20:00:00+00:00,89679.90000000,89816.00000000,89362.20000000,89692.00000000,243928.49000000
1768942800000,2026-01-20T21:00:00+00:00,89693.00000000,89794.70000000,89386.90000000,89437.80000000,116746.22000000
1768946400000,2026-01-20T22:00:00+00:00,89437.80000000,89606.70000000,87716.10000000,88450.80000000,906954.36000000
1768950000000,2026-01-20T23:00:00+00:00,88450.80000000,88480.30000000,87819.90000000,88387.30000000,513011.25000000
1768953600000,2026-01-21T00:00:00+00:00,88387.30000000,88945.90000000,88211.00000000,88884.80000000,299377.09000000
1768957200000,2026-01-21T01:00:00+00:00,88884.70000000,89126.80000000,88800.00000000,88968.10000000,204020.47000000
1768960800000,2026-01-21T02:00:00+00:00,88968.20000000,89310.00000000,88938.40000000,89004.20000000,185996.60000000
1768964400000,2026-01-21T03:00:00+00:00,89004.20000000,89557.90000000,88990.90000000,89378.10000000,218390.09000000
1768968000000,2026-01-21T04:00:00+00:00,89378.10000000,89584.50000000,89284.90000000,89390.00000000,164645.70000000
1768971600000,2026-01-21T05:00:00+00:00,89390.00000000,90080.00000000,89383.20000000,89908.90000000,383389.43000000
1768975200000,2026-01-21T06:00:00+00:00,89908.90000000,89908.90000000,89430.10000000,89607.30000000,207105.85000000
1768978800000,2026-01-21T07:00:00+00:00,89607.30000000,89724.80000000,89050.00000000,89171.30000000,345265.12000000
1768982400000,2026-01-21T08:00:00+00:00,89171.30000000,89347.30000000,88936.90000000,89161.50000000,257902.88000000
1768986000000,2026-01-21T09:00:00+00:00,89161.50000000,89450.00000000,89029.20000000,89070.40000000,170767.04000000
1768989600000,2026-01-21T10:00:00+00:00,89070.40000000,89360.00000000,89029.30000000,89201.30000000,130409.72000000
1768993200000,2026-01-21T11:00:00+00:00,89201.20000000,89346.90000000,88650.00000000,88758.70000000,262223.16000000
1768996800000,2026-01-21T12:00:00+00:00,88758.70000000,88818.30000000,88151.00000000,88705.30000000,647998.71000000
1769000400000,2026-01-21T13:00:00+00:00,88705.30000000,88984.80000000,88520.00000000,88631.00000000,280755.92000000
1769004000000,2026-01-21T14:00:00+00:00,88631.00000000,89960.50000000,88539.90000000,89754.50000000,1195887.76000000
1769007600000,2026-01-21T15:00:00+00:00,89754.50000000,90541.70000000,89706.20000000,90228.80000000,752822.77000000
1769011200000,2026-01-21T16:00:00+00:00,90228.80000000,90314.20000000,87526.00000000,87553.30000000,1399270.92000000
1769014800000,2026-01-21T17:00:00+00:00,87553.20000000,88115.00000000,87200.10000000,87880.20000000,1041068.78000000
1769018400000,2026-01-21T18:00:00+00:00,87880.10000000,88630.50000000,87544.40000000,88430.90000000,425599.43000000
1769022000000,2026-01-21T19:00:00+00:00,88430.90000000,90428.50000000,88250.00000000,90315.00000000,1112633.92000000
1769025600000,2026-01-21T20:00:00+00:00,90315.10000000,90337.00000000,89410.00000000,90166.50000000,496106.90000000
1769029200000,2026-01-21T21:00:00+00:00,90166.50000000,90306.10000000,89925.00000000,90197.00000000,172182.67000000
1769032800000,2026-01-21T22:00:00+00:00,90197.00000000,90348.20000000,89702.20000000,89719.10000000,157481.17000000
1769036400000,2026-01-21T23:00:00+00:00,89719.20000000,90186.60000000,89303.70000000,89401.00000000,280287.01000000
1769040000000,2026-01-22T00:00:00+00:00,89401.00000000,89993.20000000,89400.90000000,89862.80000000,224729.95000000
1769043600000,2026-01-22T01:00:00+00:00,89862.80000000,90154.80000000,89769.60000000,90056.90000000,194064.76000000
1769047200000,2026-01-22T02:00:00+00:00,90056.90000000,90312.20000000,89786.00000000,89892.00000000,237950.61000000
1769050800000,2026-01-22T03:00:00+00:00,89892.10000000,90113.70000000,89638.20000000,89848.70000000,168753.27000000
1769054400000,2026-01-22T04:00:00+00:00,89848.70000000,90042.50000000,89774.90000000,89951.90000000,158870.99000000
1769058000000,2026-01-22T05:00:00+00:00,89951.90000000,90030.10000000,89871.50000000,89979.90000000,69425.17000000
1769061600000,2026-01-22T06:00:00+00:00,89979.90000000,90176.40000000,89850.00000000,90127.00000000,147136.32000000
1769065200000,2026-01-22T07:00:00+00:00,90127.00000000,90152.40000000,89748.30000000,89776.90000000,155872.04000000
1769068800000,2026-01-22T08:00:00+00:00,89776.90000000,89922.60000000,89715.50000000,89881.20000000,108119.67000000
1769072400000,2026-01-22T09:00:00+00:00,89881.10000000,90086.80000000,89850.00000000,89985.90000000,114873.69000000
1769076000000,2026-01-22T10:00:00+00:00,89985.80000000,90069.40000000,89893.90000000,90030.50000000,149130.64000000
1769079600000,2026-01-22T11:00:00+00:00,90030.40000000,90115.40000000,89843.40000000,89890.40000000,126547.89000000
1769083200000,2026-01-22T12:00:00+00:00,89890.40000000,90050.00000000,89823.70000000,89968.70000000,89314.19000000
1769086800000,2026-01-22T13:00:00+00:00,89968.80000000,90296.10000000,89426.00000000,89561.50000000,415412.56000000
1769090400000,2026-01-22T14:00:00+00:00,89561.50000000,89691.80000000,89004.10000000,89044.90000000,631777.77000000
1769094000000,2026-01-22T15:00:00+00:00,89045.00000000,89425.60000000,88453.10000000,88956.00000000,749186.76000000
1769097600000,2026-01-22T16:00:00+00:00,88955.90000000,89240.90000000,88633.00000000,89003.20000000,376466.85000000
1769101200000,2026-01-22T17:00:00+00:00,89003.20000000,89590.80000000,88967.00000000,89503.60000000,367050.21000000
1769104800000,2026-01-22T18:00:00+00:00,89503.60000000,89753.30000000,89253.50000000,89294.00000000,235011.88000000
1769108400000,2026-01-22T19:00:00+00:00,89294.00000000,89888.80000000,89054.20000000,89739.90000000,212726.91000000
1769112000000,2026-01-22T20:00:00+00:00,89740.00000000,89911.40000000,89352.60000000,89376.10000000,168264.48000000
1769115600000,2026-01-22T21:00:00+00:00,89376.20000000,89625.80000000,89205.60000000,89229.70000000,111680.27000000
1769119200000,2026-01-22T22:00:00+00:00,89229.70000000,89547.20000000,89100.10000000,89306.70000000,105358.07000000
1769122800000,2026-01-22T23:00:00+00:00,89306.60000000,89550.90000000,89120.30000000,89519.10000000,91820.38000000
1769126400000,2026-01-23T00:00:00+00:00,89519.10000000,89607.60000000,89408.40000000,89490.60000000,76235.90000000
1769130000000,2026-01-23T01:00:00+00:00,89490.60000000,89900.00000000,89490.60000000,89897.90000000,110248.51000000
1769133600000,2026-01-23T02:00:00+00:00,89898.00000000,89939.30000000,89598.40000000,89613.10000000,118932.19000000
1769137200000,2026-01-23T03:00:00+00:00,89613.00000000,89894.50000000,89589.40000000,89894.40000000,115061.46000000
1769140800000,2026-01-23T04:00:00+00:00,89894.40000000,90042.90000000,89833.00000000,89927.00000000,148341.73000000
1769144400000,2026-01-23T05:00:00+00:00,89927.10000000,89927.10000000,89402.40000000,89573.10000000,192442.10000000
1769148000000,2026-01-23T06:00:00+00:00,89573.00000000,89760.50000000,89362.70000000,89466.90000000,146632.84000000
1769151600000,2026-01-23T07:00:00+00:00,89466.80000000,89645.10000000,89387.30000000,89477.60000000,150287.75000000
1769155200000,2026-01-23T08:00:00+00:00,89477.60000000,89580.30000000,89072.60000000,89166.30000000,277274.59000000
1769158800000,2026-01-23T09:00:00+00:00,89166.30000000,89333.00000000,88847.80000000,88939.90000000,265635.28000000
1769162400000,2026-01-23T10:00:00+00:00,88939.90000000,89126.00000000,88822.70000000,89009.20000000,146528.24000000
1769166000000,2026-01-23T11:00:00+00:00,89009.30000000,89317.00000000,88960.00000000,89169.90000000,145072.53000000
1769169600000,2026-01-23T12:00:00+00:00,89170.00000000,89344.70000000,89050.20000000,89214.00000000,86788.41000000
1769173200000,2026-01-23T13:00:00+00:00,89214.10000000,89410.40000000,89173.50000000,89304.90000000,151380.94000000
1769176800000,2026-01-23T14:00:00+00:00,89304.90000000,89679.20000000,88600.00000000,88966.80000000,650808.82000000
1769180400000,2026-01-23T15:00:00+00:00,88966.90000000,89826.60000000,88502.40000000,89703.60000000,624662.25000000
1769184000000,2026-01-23T16:00:00+00:00,89703.70000000,90448.00000000,89431.00000000,90075.00000000,662013.98000000
1769187600000,2026-01-23T17:00:00+00:00,90075.10000000,91180.00000000,89931.40000000,90571.90000000,690483.55000000
1769191200000,2026-01-23T18:00:00+00:00,90571.90000000,90999.00000000,90415.90000000,90484.80000000,293540.52000000
1769194800000,2026-01-23T19:00:00+00:00,90484.90000000,90501.50000000,89557.90000000,89943.10000000,496301.02000000
1769198400000,2026-01-23T20:00:00+00:00,89943.10000000,90119.60000000,89158.80000000,89461.90000000,312333.71000000
1769202000000,2026-01-23T21:00:00+00:00,89461.80000000,89657.10000000,89276.00000000,89304.90000000,112690.43000000
1769205600000,2026-01-23T22:00:00+00:00,89304.90000000,89715.50000000,89289.90000000,89588.10000000,121918.23000000
1769209200000,2026-01-23T23:00:00+00:00,89588.20000000,89588.20000000,89414.80000000,89556.00000000,72500.16000000
1769212800000,2026-01-24T00:00:00+00:00,89556.00000000,89595.00000000,89378.20000000,89412.90000000,91003.93000000
1769216400000,2026-01-24T01:00:00+00:00,89412.80000000,89547.60000000,89406.40000000,89514.60000000,51449.60000000
1769220000000,2026-01-24T02:00:00+00:00,89514.60000000,89677.90000000,89514.60000000,89653.00000000,67729.52000000
1769223600000,2026-01-24T03:00:00+00:00,89653.00000000,89892.20000000,89618.90000000,89731.00000000,123459.90000000
1769227200000,2026-01-24T04:00:00+00:00,89731.00000000,89800.00000000,89669.00000000,89797.40000000,57067.75000000
1769230800000,2026-01-24T05:00:00+00:00,89797.30000000,89807.00000000,89698.20000000,89739.40000000,43036.14000000
1769234400000,2026-01-24T06:00:00+00:00,89739.50000000,89740.90000000,89597.50000000,89610.00000000,76466.53000000
1769238000000,2026-01-24T07:00:00+00:00,89610.00000000,89668.90000000,89520.60000000,89575.00000000,99939.28000000
1769241600000,2026-01-24T08:00:00+00:00,89574.90000000,89662.50000000,89544.20000000,89636.60000000,46941.21000000
1769245200000,2026-01-24T09:00:00+00:00,89636.50000000,89636.60000000,89547.30000000,89560.60000000,44472.42000000
1769248800000,2026-01-24T10:00:00+00:00,89560.60000000,89631.20000000,89545.00000000,89589.00000000,38961.64000000
1769252400000,2026-01-24T11:00:00+00:00,89589.00000000,89635.40000000,89557.90000000,89559.30000000,39740.50000000
1769256000000,2026-01-24T12:00:00+00:00,89559.30000000,89559.50000000,89450.00000000,89495.20000000,85999.21000000
1769259600000,2026-01-24T13:00:00+00:00,89495.20000000,89506.80000000,89318.60000000,89318.70000000,65992.84000000
1769263200000,2026-01-24T14:00:00+00:00,89318.70000000,89481.10000000,89112.10000000,89408.00000000,275262.99000000
1769266800000,2026-01-24T15:00:00+00:00,89408.10000000,89459.60000000,89222.00000000,89239.30000000,107021.00000000
1769270400000,2026-01-24T16:00:00+00:00,89239.20000000,89331.30000000,89113.00000000,89237.00000000,145568.35000000
1769274000000,2026-01-24T17:00:00+00:00,89237.10000000,89384.00000000,89205.70000000,89366.00000000,86390.36000000
1769277600000,2026-01-24T18:00:00+00:00,89365.90000000,89419.00000000,89340.00000000,89344.10000000,39487.36000000
1769281200000,2026-01-24T19:00:00+00:00,89344.10000000,89344.10000000,89221.60000000,89287.00000000,56050.86000000
1769284800000,2026-01-24T20:00:00+00:00,89287.10000000,89356.60000000,89287.00000000,89338.20000000,15265.78000000
1769288400000,2026-01-24T21:00:00+00:00,89338.20000000,89353.00000000,89225.50000000,89347.50000000,36376.96000000
1769292000000,2026-01-24T22:00:00+00:00,89347.40000000,89463.90000000,89255.00000000,89400.80000000,47254.54000000
1769295600000,2026-01-24T23:00:00+00:00,89400.80000000,89446.60000000,89168.60000000,89180.00000000,70321.25000000
1769299200000,2026-01-25T00:00:00+00:00,89180.10000000,89280.00000000,89134.00000000,89280.00000000,58737.86000000
1769302800000,2026-01-25T01:00:00+00:00,89279.90000000,89285.20000000,89054.70000000,89129.10000000,86136.44000000
1769306400000,2026-01-25T02:00:00+00:00,89129.10000000,89223.20000000,89087.60000000,89100.70000000,42578.83000000
1769310000000,2026-01-25T03:00:00+00:00,89100.70000000,89149.50000000,88800.00000000,88924.00000000,215257.27000000
1769313600000,2026-01-25T04:00:00+00:00,88923.90000000,89057.20000000,88895.10000000,88975.20000000,79188.35000000
1769317200000,2026-01-25T05:00:00+00:00,88975.30000000,89018.80000000,88831.40000000,88965.00000000,65385.34000000
1769320800000,2026-01-25T06:00:00+00:00,88965.00000000,88965.00000000,88605.10000000,88809.40000000,173159.67000000
1769324400000,2026-01-25T07:00:00+00:00,88809.40000000,88809.50000000,88580.40000000,88623.10000000,67340.96000000
1769328000000,2026-01-25T08:00:00+00:00,88623.20000000,88729.40000000,88074.80000000,88260.10000000,362355.71000000
1769331600000,2026-01-25T09:00:00+00:00,88260.00000000,88458.80000000,88188.50000000,88360.40000000,140902.19000000
1769335200000,2026-01-25T10:00:00+00:00,88360.40000000,88639.10000000,88360.30000000,88615.10000000,166604.55000000
1769338800000,2026-01-25T11:00:00+00:00,88615.00000000,88659.30000000,88486.20000000,88523.30000000,99459.35000000
1769342400000,2026-01-25T12:00:00+00:00,88523.20000000,88758.00000000,88400.00000000,88746.90000000,149890.70000000
1769346000000,2026-01-25T13:00:00+00:00,88746.90000000,88927.00000000,88600.00000000,88877.80000000,146933.40000000
1769349600000,2026-01-25T14:00:00+00:00,88877.80000000,88893.70000000,88570.00000000,88663.30000000,146459.71000000
1769353200000,2026-01-25T15:00:00+00:00,88663.20000000,88717.80000000,88333.00000000,88415.80000000,161728.18000000
1769356800000,2026-01-25T16:00:00+00:00,88415.70000000,88421.40000000,87510.00000000,88035.40000000,923246.46000000
1769360400000,2026-01-25T17:00:00+00:00,88035.50000000,88061.00000000,87705.70000000,87832.80000000,180833.41000000
1769364000000,2026-01-25T18:00:00+00:00,87832.70000000,87933.00000000,86730.80000000,87365.00000000,764483.88000000
1769367600000,2026-01-25T19:00:00+00:00,87365.00000000,87458.70000000,86137.80000000,86464.90000000,966121.50000000
1769371200000,2026-01-25T20:00:00+00:00,86464.90000000,86682.00000000,86179.40000000,86625.00000000,255932.27000000
1769374800000,2026-01-25T21:00:00+00:00,86624.90000000,86975.40000000,86361.00000000,86539.40000000,251723.95000000
1769378400000,2026-01-25T22:00:00+00:00,86539.50000000,86648.50000000,86183.00000000,86499.10000000,250076.41000000
1769382000000,2026-01-25T23:00:00+00:00,86499.20000000,86755.00000000,86033.50000000,86628.90000000,505349.99000000
1769385600000,2026-01-26T00:00:00+00:00,86628.80000000,87139.90000000,86458.70000000,86807.50000000,331791.92000000
1769389200000,2026-01-26T01:00:00+00:00,86807.50000000,87777.00000000,86759.00000000,87640.20000000,504916.54000000
1769392800000,2026-01-26T02:00:00+00:00,87640.20000000,87912.00000000,87372.50000000,87502.80000000,257052.77000000
1769396400000,2026-01-26T03:00:00+00:00,87502.80000000,87623.50000000,87007.60000000,87228.00000000,228596.35000000
1769400000000,2026-01-26T04:00:00+00:00,87228.10000000,87897.00000000,87183.90000000,87689.10000000,230839.96000000
1769403600000,2026-01-26T05:00:00+00:00,87689.10000000,87898.00000000,87612.00000000,87755.50000000,137283.72000000
1769407200000,2026-01-26T06:00:00+00:00,87755.60000000,87979.20000000,87702.60000000,87889.20000000,151286.76000000
1769410800000,2026-01-26T07:00:00+00:00,87889.10000000,88033.70000000,87650.10000000,87963.40000000,199452.26000000
1769414400000,2026-01-26T08:00:00+00:00,87963.40000000,88350.00000000,87800.00000000,87940.80000000,277113.11000000
1769418000000,2026-01-26T09:00:00+00:00,87940.80000000,87963.40000000,87550.50000000,87624.00000000,195898.68000000
1769421600000,2026-01-26T10:00:00+00:00,87624.10000000,87925.40000000,87611.00000000,87855.70000000,92486.99000000
1769425200000,2026-01-26T11:00:00+00:00,87855.70000000,87949.90000000,87714.40000000,87820.50000000,83982.03000000
1769428800000,2026-01-26T12:00:00+00:00,87820.60000000,87943.40000000,87694.80000000,87760.20000000,93522.06000000
1769432400000,2026-01-26T13:00:00+00:00,87760.20000000,88022.60000000,87666.30000000,87920.00000000,139960.42000000
1769436000000,2026-01-26T14:00:00+00:00,87920.10000000,88486.00000000,87400.30000000,88136.00000000,569221.75000000
1769439600000,2026-01-26T15:00:00+00:00,88136.10000000,88863.70000000,87281.30000000,87599.90000000,874431.49000000
1769443200000,2026-01-26T16:00:00+00:00,87599.90000000,87918.00000000,87155.00000000,87585.40000000,403009.81000000
1769446800000,2026-01-26T17:00:00+00:00,87585.30000000,87750.00000000,86962.20000000,87655.90000000,342357.33000000
1769450400000,2026-01-26T18:00:00+00:00,87656.00000000,88381.70000000,87601.70000000,88371.50000000,402217.20000000
1769454000000,2026-01-26T19:00:00+00:00,88371.50000000,88512.60000000,87915.60000000,87974.20000000,259669.80000000
1769457600000,2026-01-26T20:00:00+00:00,87974.10000000,88097.20000000,87503.50000000,87601.00000000,186721.58000000
1769461200000,2026-01-26T21:00:00+00:00,87601.00000000,88213.80000000,87533.90000000,88031.80000000,158939.28000000
1769464800000,2026-01-26T22:00:00+00:00,88031.80000000,88243.10000000,87957.80000000,88095.80000000,114110.68000000
1769468400000,2026-01-26T23:00:00+00:00,88095.90000000,88635.50000000,87978.50000000,88302.30000000,192908.51000000
1769472000000,2026-01-27T00:00:00+00:00,88302.20000000,88423.60000000,88148.30000000,88313.70000000,142520.77000000
1769475600000,2026-01-27T01:00:00+00:00,88313.70000000,88676.80000000,88154.40000000,88516.60000000,167798.71000000
1769479200000,2026-01-27T02:00:00+00:00,88516.70000000,88837.50000000,88510.00000000,88776.70000000,177432.47000000
1769482800000,2026-01-27T03:00:00+00:00,88776.60000000,88854.40000000,88536.50000000,88732.60000000,111050.41000000
1769486400000,2026-01-27T04:00:00+00:00,88732.60000000,88968.00000000,88462.00000000,88532.20000000,192806.38000000
1769490000000,2026-01-27T05:00:00+00:00,88532.30000000,88549.90000000,88354.20000000,88429.20000000,117821.50000000
1769493600000,2026-01-27T06:00:00+00:00,88429.30000000,88494.20000000,88232.90000000,88296.00000000,103110.86000000
1769497200000,2026-01-27T07:00:00+00:00,88296.10000000,88536.50000000,88275.60000000,88287.50000000,126489.47000000
1769500800000,2026-01-27T08:00:00+00:00,88287.60000000,88367.80000000,88073.90000000,88136.40000000,162019.75000000
1769504400000,2026-01-27T09:00:00+00:00,88136.40000000,88136.40000000,87830.00000000,87861.60000000,212702.36000000
1769508000000,2026-01-27T10:00:00+00:00,87861.60000000,88027.10000000,87712.30000000,87758.00000000,139282.70000000
1769511600000,2026-01-27T11:00:00+00:00,87757.90000000,88071.00000000,87702.70000000,87950.00000000,131789.68000000
1769515200000,2026-01-27T12:00:00+00:00,87950.00000000,88127.20000000,87900.20000000,87939.40000000,126175.67000000
1769518800000,2026-01-27T13:00:00+00:00,87939.50000000,88034.50000000,87750.00000000,87938.20000000,120780.82000000
1769522400000,2026-01-27T14:00:00+00:00,87938.20000000,88425.90000000,87613.00000000,87700.00000000,481026.60000000
1769526000000,2026-01-27T15:00:00+00:00,87700.00000000,88163.00000000,87520.90000000,87993.80000000,407015.60000000
1769529600000,2026-01-27T16:00:00+00:00,87993.90000000,88779.70000000,87954.40000000,88597.60000000,587296.98000000
1769533200000,2026-01-27T17:00:00+00:00,88597.60000000,88650.00000000,87257.10000000,87505.40000000,733173.76000000
1769536800000,2026-01-27T18:00:00+00:00,87505.30000000,88474.00000000,87407.50000000,88243.30000000,394329.67000000
1769540400000,2026-01-27T19:00:00+00:00,88243.30000000,88510.10000000,88012.50000000,88379.10000000,255435.00000000
1769544000000,2026-01-27T20:00:00+00:00,88379.10000000,89456.10000000,88327.00000000,89358.10000000,610304.64000000
1769547600000,2026-01-27T21:00:00+00:00,89358.10000000,89492.30000000,88969.30000000,89039.30000000,251456.60000000
1769551200000,2026-01-27T22:00:00+00:00,89039.40000000,89394.60000000,88983.20000000,89203.50000000,136332.36000000
1769554800000,2026-01-27T23:00:00+00:00,89203.50000000,89485.00000000,89102.10000000,89209.10000000,177761.29000000
1769558400000,2026-01-28T00:00:00+00:00,89209.10000000,89447.50000000,89112.50000000,89432.80000000,127076.51000000
1769562000000,2026-01-28T01:00:00+00:00,89432.70000000,89461.70000000,89159.00000000,89360.80000000,129653.59000000
1769565600000,2026-01-28T02:00:00+00:00,89360.90000000,89414.00000000,89056.00000000,89250.00000000,110230.02000000
1769569200000,2026-01-28T03:00:00+00:00,89250.00000000,89275.40000000,88936.60000000,89087.20000000,145828.21000000
1769572800000,2026-01-28T04:00:00+00:00,89087.20000000,89133.90000000,88779.90000000,88947.90000000,149329.30000000
1769576400000,2026-01-28T05:00:00+00:00,88947.80000000,89070.00000000,88813.00000000,89047.20000000,121925.14000000
1769580000000,2026-01-28T06:00:00+00:00,89047.20000000,89365.80000000,89047.20000000,89285.30000000,141466.86000000
1769583600000,2026-01-28T07:00:00+00:00,89285.30000000,89316.00000000,89066.00000000,89098.70000000,73614.94000000
1769587200000,2026-01-28T08:00:00+00:00,89098.60000000,89222.20000000,88839.80000000,88893.20000000,117280.30000000
1769590800000,2026-01-28T09:00:00+00:00,88893.30000000,89566.80000000,88820.00000000,89545.30000000,262668.21000000
1769594400000,2026-01-28T10:00:00+00:00,89545.20000000,89688.00000000,89301.50000000,89370.70000000,226161.60000000
1769598000000,2026-01-28T11:00:00+00:00,89370.80000000,90141.40000000,89275.00000000,90032.20000000,419070.90000000
1769601600000,2026-01-28T12:00:00+00:00,90032.20000000,90138.00000000,89724.90000000,89949.90000000,318817.80000000
1769605200000,2026-01-28T13:00:00+00:00,89950.00000000,90485.60000000,89922.60000000,90215.60000000,448748.63000000
1769608800000,2026-01-28T14:00:00+00:00,90215.60000000,90215.60000000,89404.90000000,89569.30000000,472734.77000000
1769612400000,2026-01-28T15:00:00+00:00,89569.30000000,89821.30000000,88854.20000000,89447.80000000,579748.41000000
1769616000000,2026-01-28T16:00:00+00:00,89447.80000000,89799.00000000,89208.00000000,89592.30000000,233377.85000000
1769619600000,2026-01-28T17:00:00+00:00,89592.30000000,90599.30000000,89239.90000000,90140.80000000,605156.52000000
1769623200000,2026-01-28T18:00:00+00:00,90140.90000000,90154.10000000,89209.10000000,89500.10000000,488944.15000000
1769626800000,2026-01-28T19:00:00+00:00,89500.00000000,89691.10000000,88963.60000000,89359.30000000,404068.30000000
1769630400000,2026-01-28T20:00:00+00:00,89359.30000000,89876.10000000,88963.10000000,89098.90000000,258036.25000000
1769634000000,2026-01-28T21:00:00+00:00,89098.90000000,89446.50000000,88830.30000000,89362.10000000,210015.01000000
1769637600000,2026-01-28T22:00:00+00:00,89362.20000000,89434.00000000,89087.70000000,89341.40000000,82270.21000000
1769641200000,2026-01-28T23:00:00+00:00,89341.40000000,89438.10000000,89164.30000000,89264.30000000,88999.10000000
1769644800000,2026-01-29T00:00:00+00:00,89264.40000000,89326.80000000,88842.70000000,89116.00000000,148627.45000000
1769648400000,2026-01-29T01:00:00+00:00,89116.00000000,89120.00000000,88507.80000000,88568.00000000,272257.44000000
1769652000000,2026-01-29T02:00:00+00:00,88568.00000000,88716.00000000,87650.10000000,87863.00000000,687957.16000000
1769655600000,2026-01-29T03:00:00+00:00,87862.90000000,88219.00000000,87723.90000000,88010.00000000,363753.85000000
1769659200000,2026-01-29T04:00:00+00:00,88010.00000000,88312.40000000,87856.10000000,88263.90000000,170271.39000000
1769662800000,2026-01-29T05:00:00+00:00,88263.90000000,88376.00000000,88100.00000000,88142.50000000,143187.28000000
1769666400000,2026-01-29T06:00:00+00:00,88142.50000000,88291.50000000,88125.00000000,88266.20000000,102621.88000000
1769670000000,2026-01-29T07:00:00+00:00,88266.30000000,88379.40000000,88200.00000000,88300.90000000,141918.77000000
1769673600000,2026-01-29T08:00:00+00:00,88301.00000000,88463.40000000,87856.10000000,88017.10000000,412064.01000000
1769677200000,2026-01-29T09:00:00+00:00,88017.00000000,88109.90000000,87830.00000000,87844.00000000,139239.48000000
1769680800000,2026-01-29T10:00:00+00:00,87844.00000000,87970.20000000,87768.00000000,87910.50000000,133505.69000000
1769684400000,2026-01-29T11:00:00+00:00,87910.50000000,88026.70000000,87700.00000000,87784.30000000,207775.31000000
1769688000000,2026-01-29T12:00:00+00:00,87784.30000000,88082.00000000,87767.70000000,88063.80000000,155628.66000000
1769691600000,2026-01-29T13:00:00+00:00,88063.80000000,88138.40000000,87899.90000000,87999.90000000,128725.49000000
1769695200000,2026-01-29T14:00:00+00:00,88000.00000000,88027.90000000,86965.00000000,86976.40000000,651952.93000000
1769698800000,2026-01-29T15:00:00+00:00,86976.40000000,87000.00000000,84331.50000000,84901.50000000,2904973.19000000
1769702400000,2026-01-29T16:00:00+00:00,84901.50000000,85373.80000000,84222.10000000,85243.20000000,1042740.88000000
1769706000000,2026-01-29T17:00:00+00:00,85243.20000000,85592.20000000,83930.10000000,84225.00000000,1006607.61000000
1769709600000,2026-01-29T18:00:00+00:00,84225.10000000,84590.70000000,83354.80000000,83433.90000000,1044806.86000000
1769713200000,2026-01-29T19:00:00+00:00,83433.80000000,84266.80000000,83302.40000000,83968.10000000,498833.32000000
1769716800000,2026-01-29T20:00:00+00:00,83968.20000000,84366.00000000,83781.40000000,84174.90000000,293994.00000000
1769720400000,2026-01-29T21:00:00+00:00,84174.90000000,84648.00000000,84160.00000000,84484.60000000,173451.63000000
1769724000000,2026-01-29T22:00:00+00:00,84484.60000000,84579.40000000,84259.80000000,84523.50000000,122123.65000000
1769727600000,2026-01-29T23:00:00+00:00,84523.40000000,84695.80000000,84390.20000000,84603.80000000,204569.76000000
1769731200000,2026-01-30T00:00:00+00:00,84603.80000000,84690.20000000,84076.00000000,84144.90000000,224442.88000000
1769734800000,2026-01-30T01:00:00+00:00,84145.00000000,84152.40000000,80918.10000000,82427.10000000,2460617.54000000
1769738400000,2026-01-30T02:00:00+00:00,82427.10000000,82500.00000000,81100.00000000,82123.10000000,1029230.06000000
1769742000000,2026-01-30T03:00:00+00:00,82123.00000000,82695.60000000,82000.00000000,82631.80000000,436857.62000000
1769745600000,2026-01-30T04:00:00+00:00,82631.80000000,83275.50000000,82631.60000000,82891.10000000,384545.61000000
1769749200000,2026-01-30T05:00:00+00:00,82891.00000000,83288.00000000,82850.00000000,82862.10000000,230079.11000000
1769752800000,2026-01-30T06:00:00+00:00,82862.00000000,82869.80000000,82001.00000000,82556.20000000,556181.07000000
1769756400000,2026-01-30T07:00:00+00:00,82556.20000000,83097.70000000,82421.00000000,82755.40000000,493917.89000000
1769760000000,2026-01-30T08:00:00+00:00,82755.40000000,82934.90000000,82382.60000000,82623.50000000,247717.95000000
1769763600000,2026-01-30T09:00:00+00:00,82623.60000000,82789.30000000,82111.00000000,82311.90000000,304469.69000000
1769767200000,2026-01-30T10:00:00+00:00,82311.90000000,82849.80000000,82124.60000000,82779.60000000,213947.00000000
1769770800000,2026-01-30T11:00:00+00:00,82779.60000000,83258.80000000,82628.10000000,83098.50000000,259326.79000000
1769774400000,2026-01-30T12:00:00+00:00,83098.50000000,83272.50000000,82581.40000000,82740.70000000,250657.47000000
1769778000000,2026-01-30T13:00:00+00:00,82740.70000000,83055.10000000,82380.00000000,82698.40000000,276229.38000000
1769781600000,2026-01-30T14:00:00+00:00,82698.50000000,83754.30000000,82692.20000000,83063.90000000,671799.80000000
1769785200000,2026-01-30T15:00:00+00:00,83063.90000000,83578.80000000,82338.40000000,82858.20000000,775678.49000000
1769788800000,2026-01-30T16:00:00+00:00,82858.10000000,83462.30000000,82511.70000000,83115.00000000,389650.41000000
1769792400000,2026-01-30T17:00:00+00:00,83115.00000000,83446.80000000,82600.00000000,82904.30000000,439329.09000000
1769796000000,2026-01-30T18:00:00+00:00,82904.30000000,84146.10000000,81840.20000000,83891.20000000,976904.17000000
1769799600000,2026-01-30T19:00:00+00:00,83891.10000000,84596.80000000,83875.00000000,84205.30000000,685530.65000000
1769803200000,2026-01-30T20:00:00+00:00,84205.40000000,84277.50000000,83508.70000000,83878.70000000,721102.67000000
1769806800000,2026-01-30T21:00:00+00:00,83878.70000000,84474.80000000,83756.10000000,84236.10000000,249329.00000000
1769810400000,2026-01-30T22:00:00+00:00,84236.20000000,84297.60000000,83870.60000000,84180.30000000,123844.95000000
1769814000000,2026-01-30T23:00:00+00:00,84180.30000000,84259.80000000,83900.00000000,84212.70000000,122191.70000000
1769817600000,2026-01-31T00:00:00+00:00,84212.70000000,84231.10000000,83982.00000000,84028.80000000,148491.95000000
1769821200000,2026-01-31T01:00:00+00:00,84028.80000000,84224.70000000,83855.70000000,83967.60000000,143456.01000000
1769824800000,2026-01-31T02:00:00+00:00,83967.70000000,84146.50000000,83761.60000000,84082.00000000,161232.18000000
1769828400000,2026-01-31T03:00:00+00:00,84082.10000000,84181.80000000,83975.00000000,83975.20000000,88338.57000000
1769832000000,2026-01-31T04:00:00+00:00,83975.20000000,84096.00000000,83900.00000000,83961.90000000,67730.04000000
1769835600000,2026-01-31T05:00:00+00:00,83962.00000000,84057.50000000,83862.30000000,83957.30000000,87908.77000000
1769839200000,2026-01-31T06:00:00+00:00,83957.30000000,84000.00000000,83603.00000000,83744.10000000,139860.86000000
1769842800000,2026-01-31T07:00:00+00:00,83744.00000000,83771.80000000,83360.30000000,83512.50000000,213251.73000000
1769846400000,2026-01-31T08:00:00+00:00,83512.50000000,83600.00000000,82536.70000000,83025.00000000,665804.06000000
1769850000000,2026-01-31T09:00:00+00:00,83025.00000000,83266.30000000,82850.50000000,83077.40000000,318155.74000000
1769853600000,2026-01-31T10:00:00+00:00,83077.50000000,83166.00000000,82880.00000000,83124.40000000,185679.06000000
1769857200000,2026-01-31T11:00:00+00:00,83124.40000000,83125.90000000,82806.00000000,82981.30000000,132379.89000000
1769860800000,2026-01-31T12:00:00+00:00,82981.20000000,83111.90000000,82672.40000000,82737.40000000,198692.40000000
1769864400000,2026-01-31T13:00:00+00:00,82737.40000000,82895.90000000,82445.50000000,82743.00000000,235239.94000000
1769868000000,2026-01-31T14:00:00+00:00,82743.00000000,82903.40000000,80770.90000000,81441.10000000,1630232.79000000
1769871600000,2026-01-31T15:00:00+00:00,81441.00000000,81750.00000000,81022.70000000,81258.70000000,583110.25000000
1769875200000,2026-01-31T16:00:00+00:00,81258.70000000,82185.00000000,80040.00000000,80313.30000000,1937743.36000000
1769878800000,2026-01-31T17:00:00+00:00,80313.20000000,80499.40000000,78056.40000000,78849.90000000,2505964.50000000
1769882400000,2026-01-31T18:00:00+00:00,78850.00000000,79091.00000000,75658.00000000,78014.30000000,2720649.10000000
1769886000000,2026-01-31T19:00:00+00:00,78014.30000000,78542.30000000,77150.00000000,77712.30000000,910107.21000000
1769889600000,2026-01-31T20:00:00+00:00,77712.20000000,78100.00000000,77043.90000000,77955.00000000,560736.77000000
1769893200000,2026-01-31T21:00:00+00:00,77955.00000000,78337.10000000,77333.00000000,78258.10000000,463206.53000000
1769896800000,2026-01-31T22:00:00+00:00,78258.10000000,78450.00000000,77937.10000000,78114.00000000,250225.82000000
1769900400000,2026-01-31T23:00:00+00:00,78114.00000000,79194.20000000,78031.20000000,78699.60000000,480321.97000000
1769904000000,2026-02-01T00:00:00+00:00,78699.60000000,79376.00000000,78596.80000000,78846.30000000,387246.18000000
1769907600000,2026-02-01T01:00:00+00:00,78846.30000000,78895.80000000,78226.40000000,78496.60000000,308452.87000000
1769911200000,2026-02-01T02:00:00+00:00,78496.70000000,79010.00000000,78338.40000000,78850.60000000,178315.53000000
1769914800000,2026-02-01T03:00:00+00:00,78850.70000000,78963.90000000,78622.40000000,78822.00000000,130972.20000000
1769918400000,2026-02-01T04:00:00+00:00,78822.10000000,79078.80000000,78674.00000000,78929.20000000,158837.15000000
1769922000000,2026-02-01T05:00:00+00:00,78929.30000000,78960.00000000,78485.10000000,78573.70000000,227014.86000000
1769925600000,2026-02-01T06:00:00+00:00,78573.70000000,78804.40000000,78228.00000000,78260.80000000,225937.15000000
1769929200000,2026-02-01T07:00:00+00:00,78260.80000000,78693.50000000,77895.10000000,78315.60000000,361232.66000000
1769932800000,2026-02-01T08:00:00+00:00,78315.50000000,78835.50000000,78210.20000000,78566.50000000,248709.50000000
1769936400000,2026-02-01T09:00:00+00:00,78566.50000000,79123.30000000,78511.30000000,78997.40000000,179260.67000000
1769940000000,2026-02-01T10:00:00+00:00,78997.40000000,79187.90000000,78111.10000000,78245.70000000,397908.02000000
1769943600000,2026-02-01T11:00:00+00:00,78245.70000000,78843.10000000,78245.70000000,78714.30000000,194981.13000000
1769947200000,2026-02-01T12:00:00+00:00,78714.40000000,78734.90000000,78200.00000000,78420.70000000,200481.84000000
1769950800000,2026-02-01T13:00:00+00:00,78420.60000000,78733.10000000,78161.10000000,78287.40000000,221722.45000000
1769954400000,2026-02-01T14:00:00+00:00,78287.40000000,78499.90000000,77192.80000000,78180.10000000,951360.64000000
1769958000000,2026-02-01T15:00:00+00:00,78180.10000000,78228.90000000,76732.00000000,77560.00000000,861938.80000000
1769961600000,2026-02-01T16:00:00+00:00,77559.90000000,77824.50000000,77060.20000000,77463.80000000,413335.91000000
1769965200000,2026-02-01T17:00:00+00:00,77463.80000000,77722.20000000,77263.70000000,77721.60000000,245018.28000000
1769968800000,2026-02-01T18:00:00+00:00,77721.50000000,78408.60000000,77675.40000000,77992.30000000,348968.80000000
1769972400000,2026-02-01T19:00:00+00:00,77992.20000000,78068.40000000,76959.40000000,77142.30000000,251168.68000000
1769976000000,2026-02-01T20:00:00+00:00,77142.20000000,77719.60000000,76562.00000000,77075.10000000,441038.74000000
1769979600000,2026-02-01T21:00:00+00:00,77075.00000000,77150.40000000,76320.00000000,76496.60000000,432259.54000000
1769983200000,2026-02-01T22:00:00+00:00,76496.60000000,77760.00000000,76421.40000000,77221.60000000,398559.92000000
1769986800000,2026-02-01T23:00:00+00:00,77221.50000000,77589.80000000,75671.50000000,76946.40000000,1193928.46000000
1769990400000,2026-02-02T00:00:00+00:00,76946.30000000,78119.50000000,76584.40000000,77641.10000000,503548.92000000
1769994000000,2026-02-02T01:00:00+00:00,77641.10000000,77935.90000000,76595.30000000,77486.40000000,498953.19000000
1769997600000,2026-02-02T02:00:00+00:00,77486.40000000,77530.60000000,76421.00000000,76458.90000000,407685.67000000
1770001200000,2026-02-02T03:00:00+00:00,76459.00000000,76558.90000000,74569.60000000,76281.20000000,2216010.25000000
1770004800000,2026-02-02T04:00:00+00:00,76281.10000000,76579.40000000,75295.00000000,75857.40000000,706210.87000000
1770008400000,2026-02-02T05:00:00+00:00,75857.50000000,75962.40000000,74869.10000000,75454.50000000,733146.15000000
1770012000000,2026-02-02T06:00:00+00:00,75454.50000000,76800.00000000,74905.50000000,76500.00000000,1040446.93000000
1770015600000,2026-02-02T07:00:00+00:00,76500.00000000,76931.70000000,76268.90000000,76604.20000000,431036.89000000
1770019200000,2026-02-02T08:00:00+00:00,76603.90000000,77149.90000000,76576.60000000,76831.80000000,414456.95000000
1770022800000,2026-02-02T09:00:00+00:00,76831.80000000,77773.90000000,76608.00000000,77663.10000000,569438.73000000
1770026400000,2026-02-02T10:00:00+00:00,77663.10000000,77829.50000000,77413.20000000,77453.10000000,297644.23000000
1770030000000,2026-02-02T11:00:00+00:00,77453.10000000,77930.70000000,77400.00000000,77718.80000000,275107.75000000
1770033600000,2026-02-02T12:00:00+00:00,77718.70000000,78396.60000000,77664.50000000,77942.10000000,414516.19000000
1770037200000,2026-02-02T13:00:00+00:00,77942.10000000,78400.00000000,77749.00000000,78173.10000000,329003.75000000
1770040800000,2026-02-02T14:00:00+00:00,78173.10000000,78838.00000000,77558.50000000,77802.00000000,1053583.27000000
1770044400000,2026-02-02T15:00:00+00:00,77802.00000000,79321.80000000,77511.10000000,78797.60000000,1178362.59000000
1770048000000,2026-02-02T16:00:00+00:00,78797.50000000,79244.30000000,78527.90000000,78578.60000000,483122.56000000
1770051600000,2026-02-02T17:00:00+00:00,78578.70000000,79160.00000000,78543.00000000,78931.20000000,359359.27000000
1770055200000,2026-02-02T18:00:00+00:00,78931.20000000,78937.80000000,78307.30000000,78520.00000000,290787.02000000
1770058800000,2026-02-02T19:00:00+00:00,78520.10000000,78650.00000000,78224.60000000,78281.30000000,210541.20000000
1770062400000,2026-02-02T20:00:00+00:00,78281.20000000,78626.60000000,77850.00000000,77963.90000000,374253.69000000
1770066000000,2026-02-02T21:00:00+00:00,77963.90000000,78522.00000000,77875.80000000,78494.80000000,181533.17000000
1770069600000,2026-02-02T22:00:00+00:00,78494.70000000,78815.50000000,78481.60000000,78760.60000000,129550.55000000
1770073200000,2026-02-02T23:00:00+00:00,78760.50000000,78936.30000000,78509.90000000,78698.60000000,158665.54000000
1770076800000,2026-02-03T00:00:00+00:00,78698.60000000,79078.40000000,78375.10000000,79044.10000000,260378.53000000
1770080400000,2026-02-03T01:00:00+00:00,79044.10000000,79171.20000000,78680.00000000,78977.40000000,173564.85000000
1770084000000,2026-02-03T02:00:00+00:00,78977.40000000,78983.10000000,77754.00000000,77774.90000000,358962.87000000
1770087600000,2026-02-03T03:00:00+00:00,77775.00000000,78882.10000000,77619.10000000,78710.00000000,463212.03000000
1770091200000,2026-02-03T04:00:00+00:00,78710.00000000,78963.60000000,78435.10000000,78757.50000000,249981.39000000
1770094800000,2026-02-03T05:00:00+00:00,78757.50000000,78765.00000000,78176.90000000,78199.20000000,207473.42000000
1770098400000,2026-02-03T06:00:00+00:00,78199.30000000,78642.30000000,77900.00000000,78552.50000000,308290.48000000
1770102000000,2026-02-03T07:00:00+00:00,78552.50000000,78887.80000000,78450.00000000,78745.20000000,210534.77000000
1770105600000,2026-02-03T08:00:00+00:00,78745.20000000,79055.90000000,78416.00000000,78706.20000000,328075.61000000
1770109200000,2026-02-03T09:00:00+00:00,78706.10000000,78799.00000000,77880.00000000,78353.50000000,522947.49000000
1770112800000,2026-02-03T10:00:00+00:00,78353.60000000,78520.80000000,78020.00000000,78071.50000000,213668.56000000
1770116400000,2026-02-03T11:00:00+00:00,78071.50000000,78307.20000000,77950.00000000,78036.50000000,209119.56000000
1770120000000,2026-02-03T12:00:00+00:00,78036.40000000,78380.50000000,77936.60000000,78294.20000000,224319.57000000
1770123600000,2026-02-03T13:00:00+00:00,78294.20000000,78413.00000000,78150.00000000,78261.80000000,160636.52000000
1770127200000,2026-02-03T14:00:00+00:00,78261.80000000,78392.10000000,77124.70000000,77168.00000000,850409.85000000
1770130800000,2026-02-03T15:00:00+00:00,77168.00000000,78190.30000000,77014.20000000,78100.10000000,1190158.78000000
1770134400000,2026-02-03T16:00:00+00:00,78100.00000000,78110.50000000,76440.30000000,76461.20000000,1082558.67000000
1770138000000,2026-02-03T17:00:00+00:00,76461.20000000,76507.00000000,74823.60000000,74884.40000000,1444416.16000000
1770141600000,2026-02-03T18:00:00+00:00,74884.40000000,75282.50000000,73117.60000000,73120.40000000,2385727.77000000
1770145200000,2026-02-03T19:00:00+00:00,73120.30000000,75214.30000000,72912.60000000,74900.10000000,1677210.73000000
1770148800000,2026-02-03T20:00:00+00:00,74900.00000000,76671.50000000,74545.30000000,76433.30000000,1275250.07000000
1770152400000,2026-02-03T21:00:00+00:00,76433.30000000,76917.30000000,76069.50000000,76199.00000000,499236.34000000
1770156000000,2026-02-03T22:00:00+00:00,76199.00000000,76265.00000000,75372.80000000,75678.10000000,378562.86000000
1770159600000,2026-02-03T23:00:00+00:00,75678.10000000,75971.00000000,75390.70000000,75744.50000000,306593.18000000
1770163200000,2026-02-04T00:00:00+00:00,75744.50000000,76241.10000000,75431.50000000,75883.90000000,283833.91000000
1770166800000,2026-02-04T01:00:00+00:00,75884.00000000,76745.00000000,75884.00000000,76392.10000000,332847.35000000
1770170400000,2026-02-04T02:00:00+00:00,76392.00000000,76570.00000000,75670.50000000,75926.70000000,336040.67000000
1770174000000,2026-02-04T03:00:00+00:00,75926.80000000,76935.40000000,75878.00000000,76665.90000000,395961.58000000
1770177600000,2026-02-04T04:00:00+00:00,76665.80000000,76796.00000000,76380.00000000,76452.10000000,156206.04000000
1770181200000,2026-02-04T05:00:00+00:00,76452.20000000,76497.80000000,76066.00000000,76260.00000000,187368.21000000
1770184800000,2026-02-04T06:00:00+00:00,76260.00000000,76749.70000000,76222.60000000,76616.80000000,194772.79000000
1770188400000,2026-02-04T07:00:00+00:00,76616.90000000,76630.20000000,76310.00000000,76483.60000000,191699.82000000
1770192000000,2026-02-04T08:00:00+00:00,76483.50000000,76568.00000000,76025.70000000,76546.00000000,314081.44000000
1770195600000,2026-02-04T09:00:00+00:00,76546.10000000,76571.30000000,75921.00000000,76085.50000000,304855.60000000
1770199200000,2026-02-04T10:00:00+00:00,76085.60000000,76312.80000000,76030.00000000,76265.60000000,149242.34000000
1770202800000,2026-02-04T11:00:00+00:00,76265.60000000,76265.60000000,75620.80000000,75990.00000000,442864.03000000
1770206400000,2026-02-04T12:00:00+00:00,75990.10000000,76240.00000000,75974.90000000,76144.30000000,208733.26000000
1770210000000,2026-02-04T13:00:00+00:00,76144.30000000,76156.80000000,74820.20000000,74829.30000000,607569.42000000
1770213600000,2026-02-04T14:00:00+00:00,74829.30000000,75753.00000000,74191.30000000,74324.20000000,1243643.66000000
1770217200000,2026-02-04T15:00:00+00:00,74324.20000000,75312.50000000,73751.30000000,74101.90000000,1787638.06000000
1770220800000,2026-02-04T16:00:00+00:00,74102.00000000,74217.00000000,73038.40000000,73612.30000000,1282257.13000000
1770224400000,2026-02-04T17:00:00+00:00,73612.30000000,73824.40000000,72123.40000000,72548.80000000,1660411.52000000
1770228000000,2026-02-04T18:00:00+00:00,72548.90000000,74116.90000000,72231.50000000,73398.70000000,1329599.93000000
1770231600000,2026-02-04T19:00:00+00:00,73398.70000000,74007.80000000,73004.70000000,73889.90000000,508813.48000000
1770235200000,2026-02-04T20:00:00+00:00,73889.90000000,74120.00000000,73384.70000000,73483.00000000,284418.76000000
1770238800000,2026-02-04T21:00:00+00:00,73483.00000000,73620.00000000,72172.00000000,72766.90000000,501184.96000000
1770242400000,2026-02-04T22:00:00+00:00,72766.80000000,73645.60000000,71818.80000000,72508.00000000,851116.20000000
1770246000000,2026-02-04T23:00:00+00:00,72507.90000000,73490.30000000,72425.50000000,73130.50000000,420338.85000000
1770249600000,2026-02-05T00:00:00+00:00,73130.60000000,73303.30000000,72723.00000000,72838.70000000,261976.69000000
1770253200000,2026-02-05T01:00:00+00:00,72838.70000000,73300.00000000,71954.70000000,72381.70000000,740380.00000000
1770256800000,2026-02-05T02:00:00+00:00,72381.70000000,72814.30000000,71270.90000000,71425.10000000,1130026.74000000
1770260400000,2026-02-05T03:00:00+00:00,71425.20000000,71863.10000000,71111.00000000,71194.90000000,743130.71000000
1770264000000,2026-02-05T04:00:00+00:00,71194.90000000,71414.10000000,70624.40000000,70843.60000000,1070816.62000000
1770267600000,2026-02-05T05:00:00+00:00,70843.60000000,71110.00000000,70100.00000000,70697.70000000,1063621.25000000
1770271200000,2026-02-05T06:00:00+00:00,70697.80000000,70949.90000000,70394.20000000,70910.00000000,571191.03000000
1770274800000,2026-02-05T07:00:00+00:00,70910.00000000,71591.80000000,70600.90000000,70717.10000000,703836.14000000
1770278400000,2026-02-05T08:00:00+00:00,70717.10000000,71527.70000000,70648.00000000,71028.60000000,469142.13000000
1770282000000,2026-02-05T09:00:00+00:00,71028.50000000,71942.00000000,71004.80000000,71534.10000000,558371.90000000
1770285600000,2026-02-05T10:00:00+00:00,71534.20000000,71692.90000000,70620.20000000,70826.00000000,505807.53000000
1770289200000,2026-02-05T11:00:00+00:00,70826.10000000,71029.60000000,69876.00000000,70291.70000000,1230949.65000000
1770292800000,2026-02-05T12:00:00+00:00,70291.70000000,70578.00000000,69110.80000000,69538.00000000,1592820.07000000
1770296400000,2026-02-05T13:00:00+00:00,69538.10000000,69808.00000000,69223.80000000,69652.10000000,635180.91000000
1770300000000,2026-02-05T14:00:00+00:00,69652.20000000,70867.40000000,69254.00000000,69367.10000000,1628392.19000000
1770303600000,2026-02-05T15:00:00+00:00,69367.00000000,69591.00000000,66666.00000000,67456.40000000,4435120.24000000
1770307200000,2026-02-05T16:00:00+00:00,67456.50000000,68656.80000000,66904.10000000,68266.30000000,2008697.46000000
1770310800000,2026-02-05T17:00:00+00:00,68266.30000000,68340.00000000,66123.00000000,66156.00000000,2387913.74000000
1770314400000,2026-02-05T18:00:00+00:00,66156.10000000,66528.00000000,65354.50000000,66305.10000000,1762491.64000000
1770318000000,2026-02-05T19:00:00+00:00,66305.00000000,66611.80000000,65150.10000000,65240.60000000,1113303.81000000
1770321600000,2026-02-05T20:00:00+00:00,65240.70000000,65676.70000000,62225.50000000,63749.40000000,3694404.70000000
1770325200000,2026-02-05T21:00:00+00:00,63749.40000000,64769.20000000,62855.30000000,63200.10000000,2407326.23000000
1770328800000,2026-02-05T22:00:00+00:00,63200.10000000,64589.20000000,62656.20000000,63880.60000000,1229271.06000000
1770332400000,2026-02-05T23:00:00+00:00,63880.70000000,64903.50000000,62678.10000000,62873.60000000,1576926.26000000
1770336000000,2026-02-06T00:00:00+00:00,62873.60000000,63831.60000000,59909.00000000,63465.70000000,5018430.66000000
1770339600000,2026-02-06T01:00:00+00:00,63465.60000000,65717.10000000,63465.10000000,65667.50000000,1792039.85000000
1770343200000,2026-02-06T02:00:00+00:00,65667.60000000,65969.50000000,64180.80000000,64952.60000000,1233536.25000000
1770346800000,2026-02-06T03:00:00+00:00,64952.70000000,65130.40000000,63711.20000000,64146.00000000,777183.32000000
1770350400000,2026-02-06T04:00:00+00:00,64146.00000000,64978.60000000,63934.50000000,64870.10000000,500879.91000000
1770354000000,2026-02-06T05:00:00+00:00,64870.00000000,66789.00000000,64770.40000000,66366.70000000,1074548.63000000
1770357600000,2026-02-06T06:00:00+00:00,66366.60000000,66745.90000000,64813.10000000,64950.50000000,1230472.92000000
1770361200000,2026-02-06T07:00:00+00:00,64950.50000000,65508.40000000,64607.70000000,64809.40000000,985390.82000000
1770364800000,2026-02-06T08:00:00+00:00,64810.00000000,65188.40000000,64416.90000000,64859.80000000,789628.12000000
1770368400000,2026-02-06T09:00:00+00:00,64859.90000000,66134.10000000,64720.00000000,65757.30000000,823526.53000000
1770372000000,2026-02-06T10:00:00+00:00,65757.40000000,66195.80000000,65512.10000000,65930.40000000,408974.98000000
1770375600000,2026-02-06T11:00:00+00:00,65930.30000000,66724.60000000,65721.30000000,66587.90000000,586511.90000000
1770379200000,2026-02-06T12:00:00+00:00,66587.90000000,66606.40000000,66058.50000000,66515.30000000,437889.80000000
1770382800000,2026-02-06T13:00:00+00:00,66515.30000000,67700.00000000,66438.20000000,67278.50000000,1222969.62000000
1770386400000,2026-02-06T14:00:00+00:00,67278.40000000,68602.00000000,66600.20000000,68155.00000000,1880452.30000000
1770390000000,2026-02-06T15:00:00+00:00,68155.00000000,69162.00000000,67728.00000000,68585.60000000,1646679.09000000
1770393600000,2026-02-06T16:00:00+00:00,68585.50000000,70200.00000000,68368.50000000,69920.50000000,1720434.24000000
1770397200000,2026-02-06T17:00:00+00:00,69920.50000000,71475.60000000,69556.00000000,70717.60000000,1576417.34000000
1770400800000,2026-02-06T18:00:00+00:00,70717.70000000,70778.00000000,69305.30000000,69741.40000000,1396643.66000000
1770404400000,2026-02-06T19:00:00+00:00,69741.50000000,70920.90000000,69620.00000000,70677.30000000,716434.08000000
1770408000000,2026-02-06T20:00:00+00:00,70677.20000000,70959.00000000,69946.60000000,69956.00000000,662437.22000000
1770411600000,2026-02-06T21:00:00+00:00,69956.00000000,70465.40000000,69800.00000000,70323.00000000,272778.29000000
1770415200000,2026-02-06T22:00:00+00:00,70323.10000000,71535.00000000,70237.40000000,71316.00000000,456493.83000000
1770418800000,2026-02-06T23:00:00+00:00,71315.90000000,71700.00000000,70467.60000000,70528.90000000,445632.83000000
1770422400000,2026-02-07T00:00:00+00:00,70529.00000000,70560.20000000,69680.30000000,69920.00000000,595156.26000000
1770426000000,2026-02-07T01:00:00+00:00,69919.90000000,70644.10000000,69706.50000000,70432.80000000,362658.63000000
1770429600000,2026-02-07T02:00:00+00:00,70432.80000000,70590.20000000,70094.60000000,70317.40000000,178217.29000000
1770433200000,2026-02-07T03:00:00+00:00,70317.30000000,70888.00000000,70231.30000000,70878.00000000,289626.33000000
1770436800000,2026-02-07T04:00:00+00:00,70878.10000000,71689.30000000,70556.40000000,70724.70000000,631639.84000000
1770440400000,2026-02-07T05:00:00+00:00,70724.60000000,71152.20000000,69900.00000000,70134.80000000,690199.10000000
1770444000000,2026-02-07T06:00:00+00:00,70134.90000000,70283.90000000,68705.00000000,68745.30000000,985330.70000000
1770447600000,2026-02-07T07:00:00+00:00,68745.30000000,69069.60000000,67320.10000000,68077.90000000,1939503.64000000
1770451200000,2026-02-07T08:00:00+00:00,68078.00000000,68778.00000000,67740.10000000,68477.20000000,648685.70000000
1770454800000,2026-02-07T09:00:00+00:00,68477.20000000,68757.50000000,67872.10000000,68120.50000000,466361.73000000
1770458400000,2026-02-07T10:00:00+00:00,68120.50000000,68287.70000000,67582.00000000,67973.60000000,370870.77000000
1770462000000,2026-02-07T11:00:00+00:00,67973.50000000,68138.70000000,67680.00000000,67953.60000000,269613.70000000
1770465600000,2026-02-07T12:00:00+00:00,67953.50000000,69991.80000000,67894.50000000,69001.10000000,1518555.67000000
1770469200000,2026-02-07T13:00:00+00:00,69001.00000000,69331.00000000,68771.70000000,69060.60000000,322860.96000000
1770472800000,2026-02-07T14:00:00+00:00,69060.60000000,69168.00000000,68302.00000000,68616.60000000,370932.29000000
1770476400000,2026-02-07T15:00:00+00:00,68616.60000000,69757.00000000,68516.00000000,69122.30000000,563426.49000000
1770480000000,2026-02-07T16:00:00+00:00,69122.30000000,69881.30000000,68803.00000000,68928.10000000,1292476.30000000
1770483600000,2026-02-07T17:00:00+00:00,68928.10000000,69387.50000000,68500.00000000,69158.60000000,330090.90000000
1770487200000,2026-02-07T18:00:00+00:00,69158.60000000,69666.00000000,68973.40000000,69474.50000000,210359.28000000
1770490800000,2026-02-07T19:00:00+00:00,69474.50000000,69550.00000000,69233.00000000,69341.40000000,144926.72000000
1770494400000,2026-02-07T20:00:00+00:00,69341.30000000,69707.60000000,69211.80000000,69594.50000000,106717.87000000
1770498000000,2026-02-07T21:00:00+00:00,69594.50000000,69662.10000000,69318.40000000,69468.30000000,115971.34000000
1770501600000,2026-02-07T22:00:00+00:00,69468.30000000,69664.00000000,69283.60000000,69374.90000000,94458.16000000
1770505200000,2026-02-07T23:00:00+00:00,69375.00000000,69426.00000000,68738.50000000,69260.00000000,266631.98000000
1770508800000,2026-02-08T00:00:00+00:00,69260.10000000,69400.00000000,68850.50000000,69108.20000000,209057.80000000
1770512400000,2026-02-08T01:00:00+00:00,69108.20000000,69471.60000000,69062.00000000,69345.50000000,164114.67000000
1770516000000,2026-02-08T02:00:00+00:00,69345.60000000,69673.90000000,69122.10000000,69341.80000000,196864.15000000
1770519600000,2026-02-08T03:00:00+00:00,69341.70000000,69414.10000000,69027.00000000,69070.00000000,146201.64000000
1770523200000,2026-02-08T04:00:00+00:00,69069.90000000,69335.00000000,68925.80000000,69317.10000000,143801.58000000
1770526800000,2026-02-08T05:00:00+00:00,69317.10000000,69388.00000000,69121.70000000,69198.50000000,129932.25000000
1770530400000,2026-02-08T06:00:00+00:00,69198.50000000,69384.00000000,69059.10000000,69317.10000000,187247.97000000
1770534000000,2026-02-08T07:00:00+00:00,69317.20000000,69687.90000000,69186.20000000,69666.80000000,231699.28000000
1770537600000,2026-02-08T08:00:00+00:00,69666.80000000,70759.90000000,69467.90000000,70621.50000000,831024.48000000
1770541200000,2026-02-08T09:00:00+00:00,70621.40000000,70681.90000000,70047.50000000,70070.40000000,370616.24000000
1770544800000,2026-02-08T10:00:00+00:00,70070.40000000,70419.60000000,69840.00000000,70232.10000000,384648.49000000
1770548400000,2026-02-08T11:00:00+00:00,70232.10000000,71177.00000000,70180.00000000,70952.80000000,525837.90000000
1770552000000,2026-02-08T12:00:00+00:00,70952.80000000,71255.00000000,70662.00000000,71204.70000000,408253.13000000
1770555600000,2026-02-08T13:00:00+00:00,71204.80000000,71499.90000000,70934.40000000,71476.40000000,430810.35000000
1770559200000,2026-02-08T14:00:00+00:00,71476.50000000,71520.70000000,71053.90000000,71221.60000000,285028.03000000
1770562800000,2026-02-08T15:00:00+00:00,71221.50000000,71423.70000000,70739.10000000,71153.00000000,495768.91000000
1770566400000,2026-02-08T16:00:00+00:00,71153.00000000,71221.90000000,70206.50000000,70390.50000000,492245.01000000
1770570000000,2026-02-08T17:00:00+00:00,70390.40000000,70861.80000000,70381.40000000,70760.80000000,237220.80000000
1770573600000,2026-02-08T18:00:00+00:00,70760.70000000,71389.70000000,70720.30000000,71112.30000000,299414.57000000
1770577200000,2026-02-08T19:00:00+00:00,71112.30000000,71491.70000000,71106.70000000,71385.90000000,129902.55000000
1770580800000,2026-02-08T20:00:00+00:00,71386.00000000,71389.80000000,70664.90000000,70811.10000000,192188.54000000
1770584400000,2026-02-08T21:00:00+00:00,70811.00000000,71097.80000000,70510.10000000,70668.00000000,149476.97000000
1770588000000,2026-02-08T22:00:00+00:00,70668.00000000,71076.20000000,70626.00000000,71043.80000000,118268.91000000
1770591600000,2026-02-08T23:00:00+00:00,71043.80000000,72276.00000000,69933.40000000,70300.10000000,1351601.02000000
1770595200000,2026-02-09T00:00:00+00:00,70300.10000000,70750.00000000,70083.90000000,70460.80000000,344114.47000000
1770598800000,2026-02-09T01:00:00+00:00,70460.80000000,70913.70000000,70019.10000000,70336.70000000,464607.31000000
1770602400000,2026-02-09T02:00:00+00:00,70336.70000000,70975.00000000,70186.00000000,70595.50000000,274883.06000000
1770606000000,2026-02-09T03:00:00+00:00,70595.50000000,71411.00000000,70577.20000000,71269.50000000,378672.36000000
1770609600000,2026-02-09T04:00:00+00:00,71269.50000000,71318.00000000,70868.60000000,70961.00000000,218598.08000000
1770613200000,2026-02-09T05:00:00+00:00,70961.00000000,71081.90000000,70763.70000000,71012.40000000,152044.04000000
1770616800000,2026-02-09T06:00:00+00:00,71012.30000000,71012.30000000,70255.50000000,70630.90000000,358656.63000000
1770620400000,2026-02-09T07:00:00+00:00,70630.80000000,70877.80000000,70319.00000000,70391.30000000,260056.63000000
1770624000000,2026-02-09T08:00:00+00:00,70391.40000000,70582.30000000,69366.70000000,69844.70000000,740204.69000000
1770627600000,2026-02-09T09:00:00+00:00,69844.70000000,70098.30000000,69440.10000000,69599.50000000,408401.04000000
1770631200000,2026-02-09T10:00:00+00:00,69599.40000000,69700.30000000,68387.70000000,68708.30000000,967179.89000000
1770634800000,2026-02-09T11:00:00+00:00,68708.40000000,68999.00000000,68555.00000000,68900.00000000,359830.53000000
1770638400000,2026-02-09T12:00:00+00:00,68899.90000000,69227.70000000,68835.40000000,69113.40000000,304652.62000000
1770642000000,2026-02-09T13:00:00+00:00,69113.40000000,69269.00000000,68560.50000000,68565.30000000,359155.52000000
1770645600000,2026-02-09T14:00:00+00:00,68565.40000000,69734.10000000,68249.20000000,69234.30000000,1071998.04000000
1770649200000,2026-02-09T15:00:00+00:00,69234.20000000,69842.80000000,68777.00000000,69520.10000000,964828.24000000
1770652800000,2026-02-09T16:00:00+00:00,69520.20000000,70388.00000000,69055.00000000,70052.20000000,832544.25000000
1770656400000,2026-02-09T17:00:00+00:00,70052.10000000,70977.80000000,69824.80000000,70575.90000000,668035.41000000
1770660000000,2026-02-09T18:00:00+00:00,70576.00000000,70991.00000000,70051.00000000,70384.20000000,392141.68000000
1770663600000,2026-02-09T19:00:00+00:00,70384.10000000,71049.40000000,70217.00000000,70919.80000000,254088.28000000
1770667200000,2026-02-09T20:00:00+00:00,70919.90000000,71097.70000000,70456.30000000,70698.00000000,326083.76000000
1770670800000,2026-02-09T21:00:00+00:00,70698.10000000,70771.40000000,69772.00000000,70370.00000000,342551.42000000
1770674400000,2026-02-09T22:00:00+00:00,70370.10000000,70696.30000000,70243.70000000,70342.00000000,148707.62000000
1770678000000,2026-02-09T23:00:00+00:00,70342.00000000,70550.60000000,70041.80000000,70115.40000000,150829.26000000
1770681600000,2026-02-10T00:00:00+00:00,70115.50000000,70228.00000000,69701.10000000,69800.60000000,215708.88000000
1770685200000,2026-02-10T01:00:00+00:00,69800.60000000,70508.40000000,69800.60000000,70461.80000000,276311.19000000
1770688800000,2026-02-10T02:00:00+00:00,70461.70000000,70461.70000000,69957.90000000,70083.90000000,185400.43000000
1770692400000,2026-02-10T03:00:00+00:00,70083.90000000,70149.70000000,69161.60000000,69481.80000000,473485.77000000
1770696000000,2026-02-10T04:00:00+00:00,69481.70000000,69873.10000000,69446.90000000,69800.00000000,222307.56000000
1770699600000,2026-02-10T05:00:00+00:00,69799.90000000,69830.10000000,69177.00000000,69416.80000000,249511.09000000
1770703200000,2026-02-10T06:00:00+00:00,69416.80000000,69470.00000000,68616.60000000,68884.80000000,506623.77000000
1770706800000,2026-02-10T07:00:00+00:00,68884.80000000,69200.00000000,68818.50000000,68892.00000000,319829.92000000
1770710400000,2026-02-10T08:00:00+00:00,68891.90000000,69194.20000000,68686.00000000,69093.60000000,293812.88000000
1770714000000,2026-02-10T09:00:00+00:00,69093.50000000,69386.50000000,68913.10000000,69112.10000000,277710.42000000
1770717600000,2026-02-10T10:00:00+00:00,69112.10000000,69236.20000000,68888.00000000,68888.00000000,173287.88000000
1770721200000,2026-02-10T11:00:00+00:00,68888.00000000,69063.60000000,68418.60000000,68490.20000000,409643.82000000
1770724800000,2026-02-10T12:00:00+00:00,68490.20000000,68817.30000000,68384.10000000,68575.10000000,245612.04000000
1770728400000,2026-02-10T13:00:00+00:00,68575.10000000,69124.50000000,68310.00000000,68987.10000000,428199.78000000
1770732000000,2026-02-10T14:00:00+00:00,68987.10000000,69578.90000000,67866.70000000,68418.30000000,1333945.58000000
1770735600000,2026-02-10T15:00:00+00:00,68418.20000000,69474.30000000,68244.80000000,69249.40000000,955164.93000000
1770739200000,2026-02-10T16:00:00+00:00,69249.30000000,69777.80000000,68892.70000000,69476.20000000,543112.76000000
1770742800000,2026-02-10T17:00:00+00:00,69476.10000000,69958.00000000,69273.90000000,69888.10000000,411918.98000000
1770746400000,2026-02-10T18:00:00+00:00,69888.10000000,69907.00000000,68577.70000000,68864.60000000,414982.36000000
1770750000000,2026-02-10T19:00:00+00:00,68864.60000000,69273.30000000,68656.90000000,69036.00000000,219967.40000000
1770753600000,2026-02-10T20:00:00+00:00,69035.90000000,69106.00000000,68604.60000000,68728.50000000,243861.73000000
1770757200000,2026-02-10T21:00:00+00:00,68728.60000000,68986.20000000,68333.00000000,68634.30000000,212062.03000000
1770760800000,2026-02-10T22:00:00+00:00,68634.40000000,68840.20000000,68533.50000000,68667.30000000,130476.52000000
1770764400000,2026-02-10T23:00:00+00:00,68667.30000000,68837.60000000,68466.70000000,68804.20000000,136693.55000000
1770768000000,2026-02-11T00:00:00+00:00,68804.30000000,69224.90000000,68744.60000000,69163.90000000,184941.60000000
1770771600000,2026-02-11T01:00:00+00:00,69163.90000000,69265.70000000,68878.70000000,68949.90000000,143992.06000000
1770775200000,2026-02-11T02:00:00+00:00,68949.90000000,69135.00000000,68567.00000000,68654.00000000,221983.34000000
1770778800000,2026-02-11T03:00:00+00:00,68654.00000000,68732.30000000,67963.00000000,68155.90000000,464238.23000000
1770782400000,2026-02-11T04:00:00+00:00,68156.00000000,68294.20000000,67336.00000000,67565.20000000,725497.52000000
1770786000000,2026-02-11T05:00:00+00:00,67565.20000000,67784.00000000,67365.10000000,67383.40000000,263823.01000000
1770789600000,2026-02-11T06:00:00+00:00,67383.50000000,67473.80000000,66523.70000000,66784.40000000,892408.04000000
1770793200000,2026-02-11T07:00:00+00:00,66784.50000000,67234.40000000,66618.10000000,67000.00000000,427760.45000000
1770796800000,2026-02-11T08:00:00+00:00,67000.10000000,67097.10000000,66754.90000000,66956.60000000,273920.09000000
1770800400000,2026-02-11T09:00:00+00:00,66956.60000000,67080.30000000,66678.30000000,66848.20000000,193904.49000000
1770804000000,2026-02-11T10:00:00+00:00,66848.20000000,66856.40000000,66339.60000000,66498.90000000,412323.78000000
1770807600000,2026-02-11T11:00:00+00:00,66498.90000000,67084.40000000,66482.00000000,67026.20000000,391618.87000000
1770811200000,2026-02-11T12:00:00+00:00,67026.20000000,67407.00000000,66937.00000000,67100.00000000,454259.22000000
1770814800000,2026-02-11T13:00:00+00:00,67100.00000000,67672.70000000,66769.20000000,67421.90000000,916208.33000000
1770818400000,2026-02-11T14:00:00+00:00,67421.90000000,68800.00000000,66404.90000000,66563.90000000,2116872.63000000
1770822000000,2026-02-11T15:00:00+00:00,66564.00000000,66785.50000000,65721.50000000,66488.90000000,1583213.33000000
1770825600000,2026-02-11T16:00:00+00:00,66488.90000000,67267.30000000,65918.00000000,66009.90000000,895936.17000000
1770829200000,2026-02-11T17:00:00+00:00,66009.90000000,66888.00000000,65836.00000000,66495.60000000,501642.62000000
1770832800000,2026-02-11T18:00:00+00:00,66495.60000000,67280.30000000,66122.00000000,67243.00000000,390978.15000000
1770836400000,2026-02-11T19:00:00+00:00,67243.00000000,67826.80000000,67070.40000000,67555.50000000,538624.25000000
1770840000000,2026-02-11T20:00:00+00:00,67555.50000000,67722.70000000,67137.90000000,67519.70000000,303343.89000000
1770843600000,2026-02-11T21:00:00+00:00,67519.90000000,68340.80000000,67380.00000000,67774.60000000,471785.32000000
1770847200000,2026-02-11T22:00:00+00:00,67774.70000000,67840.50000000,67339.60000000,67396.20000000,196506.54000000
1770850800000,2026-02-11T23:00:00+00:00,67396.30000000,67523.10000000,66750.00000000,67051.50000000,337436.76000000
1770854400000,2026-02-12T00:00:00+00:00,67052.70000000,67706.20000000,67019.90000000,67435.00000000,338038.03000000
1770858000000,2026-02-12T01:00:00+00:00,67435.10000000,68043.10000000,67435.00000000,67666.20000000,342562.07000000
1770861600000,2026-02-12T02:00:00+00:00,67666.10000000,67764.70000000,67377.80000000,67407.90000000,272608.15000000
1770865200000,2026-02-12T03:00:00+00:00,67408.00000000,67571.60000000,67283.30000000,67554.90000000,151246.71000000
1770868800000,2026-02-12T04:00:00+00:00,67554.80000000,67659.70000000,66969.90000000,66987.00000000,246021.47000000
1770872400000,2026-02-12T05:00:00+00:00,66987.10000000,67180.70000000,66635.30000000,67108.90000000,334085.12000000
1770876000000,2026-02-12T06:00:00+00:00,67108.90000000,67340.00000000,66982.00000000,67091.50000000,208074.50000000
1770879600000,2026-02-12T07:00:00+00:00,67091.40000000,67300.00000000,66904.00000000,67177.10000000,197749.72000000
1770883200000,2026-02-12T08:00:00+00:00,67177.10000000,67311.30000000,66861.00000000,67109.40000000,229642.88000000
1770886800000,2026-02-12T09:00:00+00:00,67109.40000000,67673.90000000,67019.10000000,67519.20000000,314597.95000000
1770890400000,2026-02-12T10:00:00+00:00,67519.20000000,67999.90000000,67377.20000000,67979.60000000,325812.63000000
1770894000000,2026-02-12T11:00:00+00:00,67979.70000000,68269.70000000,67707.00000000,68043.60000000,464617.11000000
1770897600000,2026-02-12T12:00:00+00:00,68043.00000000,68139.90000000,67687.20000000,67837.20000000,282352.58000000
1770901200000,2026-02-12T13:00:00+00:00,67837.20000000,68377.00000000,67650.10000000,68349.90000000,424233.48000000
1770904800000,2026-02-12T14:00:00+00:00,68349.90000000,68390.00000000,67421.10000000,67552.00000000,728574.52000000
1770908400000,2026-02-12T15:00:00+00:00,67552.10000000,67977.00000000,66970.00000000,67103.20000000,1012670.31000000
1770912000000,2026-02-12T16:00:00+00:00,67103.20000000,67200.00000000,65514.70000000,65832.10000000,1636047.29000000
1770915600000,2026-02-12T17:00:00+00:00,65832.10000000,66239.80000000,65308.40000000,65376.40000000,817120.51000000
1770919200000,2026-02-12T18:00:00+00:00,65376.50000000,65763.70000000,65080.00000000,65561.00000000,625073.18000000
1770922800000,2026-02-12T19:00:00+00:00,65560.90000000,66100.00000000,65230.80000000,65760.30000000,365408.00000000
1770926400000,2026-02-12T20:00:00+00:00,65760.20000000,66013.50000000,65188.00000000,65405.20000000,272040.60000000
1770930000000,2026-02-12T21:00:00+00:00,65405.20000000,65877.90000000,65400.10000000,65816.90000000,193248.17000000
1770933600000,2026-02-12T22:00:00+00:00,65816.80000000,66399.90000000,65613.60000000,66257.30000000,227831.80000000
1770937200000,2026-02-12T23:00:00+00:00,66257.20000000,66463.00000000,66130.30000000,66243.00000000,221229.37000000
1770940800000,2026-02-13T00:00:00+00:00,66242.90000000,66505.00000000,65836.00000000,65888.10000000,296803.83000000
1770944400000,2026-02-13T01:00:00+00:00,65888.10000000,66597.50000000,65888.10000000,66420.40000000,294434.36000000
1770948000000,2026-02-13T02:00:00+00:00,66420.30000000,66737.80000000,66351.90000000,66640.20000000,204905.08000000
1770951600000,2026-02-13T03:00:00+00:00,66640.30000000,66777.00000000,66434.00000000,66535.00000000,229692.68000000
1770955200000,2026-02-13T04:00:00+00:00,66535.00000000,66651.50000000,66287.00000000,66306.00000000,205605.03000000
1770958800000,2026-02-13T05:00:00+00:00,66306.00000000,66488.00000000,66160.00000000,66160.10000000,202506.82000000
1770962400000,2026-02-13T06:00:00+00:00,66160.20000000,66381.00000000,65980.00000000,66345.00000000,250498.47000000
1770966000000,2026-02-13T07:00:00+00:00,66345.10000000,66550.00000000,66020.00000000,66186.90000000,314929.55000000
1770969600000,2026-02-13T08:00:00+00:00,66187.00000000,66725.40000000,66162.00000000,66670.00000000,312730.56000000
1770973200000,2026-02-13T09:00:00+00:00,66670.00000000,67050.20000000,66581.70000000,66926.80000000,472551.05000000
1770976800000,2026-02-13T10:00:00+00:00,66926.90000000,67095.60000000,66773.00000000,66948.10000000,357434.05000000
1770980400000,2026-02-13T11:00:00+00:00,66948.00000000,67216.20000000,66752.10000000,67143.90000000,248220.53000000
1770984000000,2026-02-13T12:00:00+00:00,67143.90000000,67175.00000000,66894.10000000,67047.20000000,201260.48000000
1770987600000,2026-02-13T13:00:00+00:00,67047.20000000,67607.00000000,66909.10000000,67239.70000000,737610.52000000
1770991200000,2026-02-13T14:00:00+00:00,67239.70000000,67991.60000000,66804.10000000,67712.70000000,1231231.22000000
1770994800000,2026-02-13T15:00:00+00:00,67712.70000000,69280.00000000,67658.90000000,68656.50000000,1723921.87000000
1770998400000,2026-02-13T16:00:00+00:00,68656.40000000,69450.00000000,68502.80000000,68919.00000000,773573.79000000
1771002000000,2026-02-13T17:00:00+00:00,68919.00000000,69212.70000000,68593.40000000,69005.30000000,457778.56000000
1771005600000,2026-02-13T18:00:00+00:00,69005.40000000,69371.60000000,68862.60000000,69099.10000000,346382.17000000
1771009200000,2026-02-13T19:00:00+00:00,69099.20000000,69200.00000000,68885.70000000,68904.90000000,226615.78000000
1771012800000,2026-02-13T20:00:00+00:00,68905.00000000,68941.90000000,68650.00000000,68745.10000000,205429.27000000
1771016400000,2026-02-13T21:00:00+00:00,68745.10000000,69052.70000000,68694.70000000,68865.00000000,127751.32000000
1771020000000,2026-02-13T22:00:00+00:00,68865.00000000,68969.80000000,68697.10000000,68965.40000000,121172.77000000
1771023600000,2026-02-13T23:00:00+00:00,68965.40000000,68974.70000000,68791.70000000,68814.90000000,119427.72000000
1771027200000,2026-02-14T00:00:00+00:00,68814.90000000,69107.50000000,68728.10000000,69051.00000000,133044.70000000
1771030800000,2026-02-14T01:00:00+00:00,69051.10000000,69074.40000000,68881.40000000,68923.30000000,105718.38000000
1771034400000,2026-02-14T02:00:00+00:00,68923.30000000,68972.00000000,68800.00000000,68843.20000000,112718.65000000
1771038000000,2026-02-14T03:00:00+00:00,68843.20000000,68988.00000000,68805.60000000,68940.20000000,92902.54000000
1771041600000,2026-02-14T04:00:00+00:00,68940.30000000,68960.00000000,68751.40000000,68758.60000000,92053.73000000
1771045200000,2026-02-14T05:00:00+00:00,68758.50000000,68877.00000000,68713.10000000,68738.60000000,95647.33000000
1771048800000,2026-02-14T06:00:00+00:00,68738.60000000,68904.80000000,68690.10000000,68900.00000000,99917.38000000
1771052400000,2026-02-14T07:00:00+00:00,68900.00000000,69309.00000000,68851.50000000,69180.00000000,259159.37000000
1771056000000,2026-02-14T08:00:00+00:00,69179.90000000,69846.60000000,69171.40000000,69706.40000000,533752.83000000
1771059600000,2026-02-14T09:00:00+00:00,69706.50000000,69874.80000000,69500.30000000,69672.20000000,219113.25000000
1771063200000,2026-02-14T10:00:00+00:00,69672.20000000,69672.20000000,69541.00000000,69639.00000000,103134.82000000
1771066800000,2026-02-14T11:00:00+00:00,69639.00000000,70563.80000000,69638.90000000,70468.80000000,661712.34000000
1771070400000,2026-02-14T12:00:00+00:00,70468.80000000,70498.90000000,69587.20000000,69614.10000000,623855.07000000
1771074000000,2026-02-14T13:00:00+00:00,69614.10000000,69748.00000000,69194.00000000,69443.90000000,626002.65000000
1771077600000,2026-02-14T14:00:00+00:00,69443.90000000,69846.00000000,69312.50000000,69676.50000000,359202.02000000
1771081200000,2026-02-14T15:00:00+00:00,69676.40000000,70021.00000000,69535.60000000,69754.10000000,260932.89000000
1771084800000,2026-02-14T16:00:00+00:00,69754.00000000,69793.60000000,69257.10000000,69734.30000000,308735.55000000
1771088400000,2026-02-14T17:00:00+00:00,69734.20000000,69900.60000000,69583.00000000,69714.30000000,155747.66000000
1771092000000,2026-02-14T18:00:00+00:00,69714.30000000,69837.80000000,69648.00000000,69745.50000000,84881.03000000
1771095600000,2026-02-14T19:00:00+00:00,69745.50000000,69888.50000000,69572.90000000,69844.30000000,77251.70000000
1771099200000,2026-02-14T20:00:00+00:00,69844.30000000,69999.00000000,69700.00000000,69989.10000000,94911.85000000
1771102800000,2026-02-14T21:00:00+00:00,69989.10000000,70224.60000000,69630.50000000,69900.40000000,238666.22000000
1771106400000,2026-02-14T22:00:00+00:00,69900.30000000,70080.00000000,69750.00000000,69932.10000000,123611.16000000
1771110000000,2026-02-14T23:00:00+00:00,69932.00000000,69999.70000000,69681.10000000,69790.30000000,108361.71000000
1771113600000,2026-02-15T00:00:00+00:00,69791.10000000,69835.30000000,69577.00000000,69754.10000000,121011.35000000
1771117200000,2026-02-15T01:00:00+00:00,69754.10000000,69881.70000000,69306.30000000,69690.90000000,277577.07000000
1771120800000,2026-02-15T02:00:00+00:00,69690.90000000,69733.90000000,69327.70000000,69454.80000000,145258.35000000
1771124400000,2026-02-15T03:00:00+00:00,69454.90000000,69967.80000000,69222.20000000,69920.10000000,345040.80000000
1771128000000,2026-02-15T04:00:00+00:00,69920.10000000,70500.00000000,69912.90000000,70161.00000000,544203.01000000
1771131600000,2026-02-15T05:00:00+00:00,70161.00000000,70458.00000000,70093.30000000,70228.80000000,188791.69000000
1771135200000,2026-02-15T06:00:00+00:00,70228.90000000,70499.00000000,70135.50000000,70363.50000000,183688.28000000
1771138800000,2026-02-15T07:00:00+00:00,70363.50000000,70888.00000000,70262.50000000,70776.90000000,518713.42000000
1771142400000,2026-02-15T08:00:00+00:00,70776.90000000,70929.00000000,70098.70000000,70402.70000000,458933.05000000
1771146000000,2026-02-15T09:00:00+00:00,70402.70000000,70632.70000000,70327.70000000,70388.60000000,177016.00000000
1771149600000,2026-02-15T10:00:00+00:00,70388.70000000,70488.30000000,70175.20000000,70394.00000000,160501.13000000
1771153200000,2026-02-15T11:00:00+00:00,70394.00000000,70527.70000000,70241.10000000,70271.90000000,119233.14000000
1771156800000,2026-02-15T12:00:00+00:00,70272.50000000,70400.00000000,69273.60000000,69282.00000000,726818.73000000
1771160400000,2026-02-15T13:00:00+00:00,69282.00000000,69597.40000000,68721.20000000,68907.50000000,880927.23000000
1771164000000,2026-02-15T14:00:00+00:00,68907.50000000,69190.20000000,68812.60000000,69135.10000000,379976.07000000
1771167600000,2026-02-15T15:00:00+00:00,69135.10000000,69228.20000000,68838.60000000,69061.20000000,303744.41000000
1771171200000,2026-02-15T16:00:00+00:00,69061.30000000,69066.30000000,68751.90000000,68980.80000000,219993.57000000
1771174800000,2026-02-15T17:00:00+00:00,68980.80000000,69050.90000000,68154.80000000,68605.10000000,617790.71000000
1771178400000,2026-02-15T18:00:00+00:00,68605.20000000,68771.10000000,68320.10000000,68418.20000000,429136.06000000
1771182000000,2026-02-15T19:00:00+00:00,68418.10000000,68541.30000000,68036.40000000,68258.70000000,433235.73000000
1771185600000,2026-02-15T20:00:00+00:00,68258.80000000,68530.00000000,68100.00000000,68421.50000000,122244.93000000
1771189200000,2026-02-15T21:00:00+00:00,68421.60000000,68941.60000000,68421.60000000,68820.80000000,205354.20000000
1771192800000,2026-02-15T22:00:00+00:00,68820.90000000,69054.00000000,68761.50000000,68966.40000000,131079.79000000
1771196400000,2026-02-15T23:00:00+00:00,68966.30000000,68966.30000000,68285.10000000,68796.60000000,225944.42000000
1771200000000,2026-02-16T00:00:00+00:00,68796.60000000,69050.80000000,68669.70000000,68815.10000000,153166.39000000
1771203600000,2026-02-16T01:00:00+00:00,68815.10000000,69008.50000000,68420.00000000,68602.40000000,166513.89000000
1771207200000,2026-02-16T02:00:00+00:00,68602.40000000,68706.30000000,68213.00000000,68299.10000000,174846.67000000
1771210800000,2026-02-16T03:00:00+00:00,68299.10000000,68440.00000000,68122.90000000,68395.10000000,160261.81000000
1771214400000,2026-02-16T04:00:00+00:00,68395.10000000,68869.00000000,68388.20000000,68840.00000000,249412.82000000
1771218000000,2026-02-16T05:00:00+00:00,68839.90000000,68866.90000000,68255.50000000,68357.50000000,171233.61000000
1771221600000,2026-02-16T06:00:00+00:00,68357.60000000,68507.80000000,68200.00000000,68427.10000000,119764.68000000
1771225200000,2026-02-16T07:00:00+00:00,68427.10000000,68644.90000000,68350.00000000,68557.30000000,179642.71000000
1771228800000,2026-02-16T08:00:00+00:00,68557.30000000,68773.00000000,68514.40000000,68731.40000000,148587.30000000
1771232400000,2026-02-16T09:00:00+00:00,68731.50000000,69027.30000000,68713.40000000,68963.60000000,226274.78000000
1771236000000,2026-02-16T10:00:00+00:00,68963.60000000,68963.60000000,68629.50000000,68764.70000000,155340.43000000
1771239600000,2026-02-16T11:00:00+00:00,68764.70000000,68897.70000000,68300.20000000,68778.50000000,285234.48000000
1771243200000,2026-02-16T12:00:00+00:00,68778.50000000,69819.70000000,68769.90000000,69729.90000000,680381.97000000
1771246800000,2026-02-16T13:00:00+00:00,69730.00000000,70088.90000000,68188.00000000,68366.10000000,1155767.71000000
1771250400000,2026-02-16T14:00:00+00:00,68366.00000000,68685.40000000,68235.00000000,68392.40000000,397000.28000000
1771254000000,2026-02-16T15:00:00+00:00,68392.50000000,68573.00000000,67237.40000000,67493.20000000,1239048.76000000
1771257600000,2026-02-16T16:00:00+00:00,67493.10000000,67958.00000000,67464.60000000,67851.00000000,432727.63000000
1771261200000,2026-02-16T17:00:00+00:00,67850.90000000,68033.60000000,67556.00000000,67905.10000000,236604.44000000
1771264800000,2026-02-16T18:00:00+00:00,67905.10000000,68219.80000000,67796.80000000,67827.40000000,210389.76000000
1771268400000,2026-02-16T19:00:00+00:00,67827.40000000,68099.90000000,67781.30000000,67880.90000000,109113.32000000
1771272000000,2026-02-16T20:00:00+00:00,67881.00000000,68561.20000000,67789.40000000,68498.50000000,311330.48000000
1771275600000,2026-02-16T21:00:00+00:00,68498.30000000,68913.50000000,68384.50000000,68836.90000000,265055.65000000
1771279200000,2026-02-16T22:00:00+00:00,68837.00000000,68862.30000000,68472.30000000,68559.30000000,163058.95000000
1771282800000,2026-02-16T23:00:00+00:00,68559.20000000,68960.60000000,68506.30000000,68864.00000000,204772.47000000
1771286400000,2026-02-17T00:00:00+00:00,68864.10000000,69025.60000000,68667.20000000,68856.00000000,187695.23000000
1771290000000,2026-02-17T01:00:00+00:00,68856.00000000,68975.00000000,68537.00000000,68584.80000000,181031.71000000
1771293600000,2026-02-17T02:00:00+00:00,68584.80000000,69236.20000000,68347.00000000,68802.90000000,316932.58000000
1771297200000,2026-02-17T03:00:00+00:00,68803.00000000,68832.20000000,68439.50000000,68448.00000000,182846.24000000
1771300800000,2026-02-17T04:00:00+00:00,68447.90000000,68680.50000000,68259.20000000,68451.50000000,201800.10000000
1771304400000,2026-02-17T05:00:00+00:00,68451.60000000,68485.90000000,67856.50000000,68211.00000000,319949.69000000
1771308000000,2026-02-17T06:00:00+00:00,68211.00000000,68487.30000000,68200.40000000,68363.80000000,131046.35000000
1771311600000,2026-02-17T07:00:00+00:00,68363.80000000,68448.80000000,68125.00000000,68345.90000000,145804.07000000
1771315200000,2026-02-17T08:00:00+00:00,68345.90000000,68452.90000000,68083.60000000,68139.10000000,155873.14000000
1771318800000,2026-02-17T09:00:00+00:00,68139.10000000,68273.70000000,67955.00000000,68091.00000000,180197.18000000
1771322400000,2026-02-17T10:00:00+00:00,68091.00000000,68170.00000000,67667.00000000,67819.00000000,267375.61000000
1771326000000,2026-02-17T11:00:00+00:00,67819.10000000,67912.00000000,67652.70000000,67827.30000000,187186.98000000
1771329600000,2026-02-17T12:00:00+00:00,67827.30000000,68272.60000000,67809.50000000,67897.90000000,295830.17000000
1771333200000,2026-02-17T13:00:00+00:00,67897.80000000,68333.00000000,67711.60000000,68108.60000000,402097.63000000
1771336800000,2026-02-17T14:00:00+00:00,68108.50000000,68312.40000000,66666.10000000,66842.20000000,1324322.60000000
1771340400000,2026-02-17T15:00:00+00:00,66842.30000000,67374.20000000,66566.00000000,67349.90000000,823129.80000000
1771344000000,2026-02-17T16:00:00+00:00,67349.90000000,68130.40000000,67280.00000000,67496.00000000,1077122.49000000
1771347600000,2026-02-17T17:00:00+00:00,67495.90000000,67690.10000000,66845.70000000,67207.60000000,583427.77000000
1771351200000,2026-02-17T18:00:00+00:00,67207.60000000,68200.00000000,67088.70000000,68056.60000000,419645.09000000
1771354800000,2026-02-17T19:00:00+00:00,68056.50000000,68213.00000000,67699.30000000,67760.00000000,255788.40000000
1771358400000,2026-02-17T20:00:00+00:00,67760.10000000,67939.10000000,67447.00000000,67714.60000000,250574.33000000
1771362000000,2026-02-17T21:00:00+00:00,67714.50000000,67900.00000000,67501.00000000,67645.20000000,128972.13000000
1771365600000,2026-02-17T22:00:00+00:00,67645.10000000,67750.00000000,67466.00000000,67494.20000000,89545.81000000
1771369200000,2026-02-17T23:00:00+00:00,67494.10000000,67587.00000000,67352.10000000,67480.60000000,111291.89000000
1771372800000,2026-02-18T00:00:00+00:00,67480.70000000,67598.50000000,67242.60000000,67270.40000000,145588.22000000
1771376400000,2026-02-18T01:00:00+00:00,67270.50000000,67346.40000000,66860.00000000,67137.40000000,320348.91000000
1771380000000,2026-02-18T02:00:00+00:00,67137.50000000,67399.90000000,67122.20000000,67301.00000000,150849.44000000
1771383600000,2026-02-18T03:00:00+00:00,67301.10000000,67681.90000000,67296.10000000,67589.00000000,168249.39000000
1771387200000,2026-02-18T04:00:00+00:00,67589.10000000,67881.90000000,67449.90000000,67791.50000000,248684.81000000
1771390800000,2026-02-18T05:00:00+00:00,67791.40000000,67900.00000000,67561.30000000,67605.60000000,201392.22000000
1771394400000,2026-02-18T06:00:00+00:00,67605.50000000,67941.60000000,67575.00000000,67811.10000000,157814.60000000
1771398000000,2026-02-18T07:00:00+00:00,67811.20000000,68194.00000000,67657.30000000,68084.10000000,324135.49000000
1771401600000,2026-02-18T08:00:00+00:00,68084.20000000,68437.00000000,68039.10000000,68099.80000000,301731.92000000
1771405200000,2026-02-18T09:00:00+00:00,68099.80000000,68255.00000000,67974.70000000,68128.80000000,185684.09000000
1771408800000,2026-02-18T10:00:00+00:00,68128.90000000,68159.50000000,67700.00000000,67772.20000000,244856.14000000
1771412400000,2026-02-18T11:00:00+00:00,67772.20000000,67774.70000000,67033.80000000,67340.90000000,522273.03000000
1771416000000,2026-02-18T12:00:00+00:00,67340.90000000,67670.10000000,67300.00000000,67434.10000000,238835.47000000
1771419600000,2026-02-18T13:00:00+00:00,67434.10000000,67576.00000000,67003.00000000,67208.60000000,321796.42000000
1771423200000,2026-02-18T14:00:00+00:00,67208.60000000,67338.10000000,66681.40000000,67193.20000000,695992.36000000
1771426800000,2026-02-18T15:00:00+00:00,67193.10000000,68325.30000000,67161.70000000,67670.00000000,913317.86000000
1771430400000,2026-02-18T16:00:00+00:00,67669.90000000,67687.70000000,66950.00000000,67108.50000000,638859.25000000
1771434000000,2026-02-18T17:00:00+00:00,67108.60000000,67453.00000000,67026.00000000,67161.20000000,251767.40000000
1771437600000,2026-02-18T18:00:00+00:00,67161.30000000,67204.60000000,66150.00000000,66332.90000000,739388.09000000
1771441200000,2026-02-18T19:00:00+00:00,66333.00000000,66586.10000000,65826.60000000,66138.20000000,557308.24000000
1771444800000,2026-02-18T20:00:00+00:00,66138.20000000,66518.90000000,66095.20000000,66234.90000000,252586.55000000
1771448400000,2026-02-18T21:00:00+00:00,66235.00000000,66466.60000000,66050.00000000,66304.10000000,173308.21000000
1771452000000,2026-02-18T22:00:00+00:00,66304.20000000,66450.40000000,66200.00000000,66387.30000000,84564.90000000
1771455600000,2026-02-18T23:00:00+00:00,66387.30000000,66479.10000000,66250.00000000,66428.10000000,113418.37000000
1771459200000,2026-02-19T00:00:00+00:00,66428.10000000,66570.80000000,66312.80000000,66415.80000000,95903.27000000
1771462800000,2026-02-19T01:00:00+00:00,66415.70000000,66842.00000000,66411.20000000,66833.60000000,191233.68000000
1771466400000,2026-02-19T02:00:00+00:00,66833.50000000,66935.80000000,66613.00000000,66808.50000000,194841.83000000
1771470000000,2026-02-19T03:00:00+00:00,66808.60000000,66970.00000000,66690.10000000,66950.40000000,107695.53000000
1771473600000,2026-02-19T04:00:00+00:00,66950.40000000,67042.50000000,66725.40000000,66772.20000000,188471.68000000
1771477200000,2026-02-19T05:00:00+00:00,66772.10000000,66858.00000000,66650.30000000,66848.20000000,109536.71000000
1771480800000,2026-02-19T06:00:00+00:00,66848.20000000,67290.10000000,66837.80000000,67121.30000000,294323.53000000
1771484400000,2026-02-19T07:00:00+00:00,67121.40000000,67289.00000000,66986.40000000,67171.70000000,228334.74000000
1771488000000,2026-02-19T08:00:00+00:00,67171.60000000,67171.60000000,66733.10000000,66929.90000000,279653.03000000
1771491600000,2026-02-19T09:00:00+00:00,66930.00000000,67160.60000000,66721.30000000,66808.40000000,267960.47000000
1771495200000,2026-02-19T10:00:00+00:00,66808.40000000,66932.70000000,66703.70000000,66809.00000000,133782.37000000
1771498800000,2026-02-19T11:00:00+00:00,66809.10000000,66909.00000000,66440.00000000,66464.30000000,281217.68000000
1771502400000,2026-02-19T12:00:00+00:00,66464.40000000,66666.00000000,66284.10000000,66491.90000000,364751.13000000
1771506000000,2026-02-19T13:00:00+00:00,66491.80000000,66534.20000000,65715.00000000,65890.00000000,663458.32000000
1771509600000,2026-02-19T14:00:00+00:00,65890.10000000,66640.50000000,65600.00000000,66389.40000000,816190.46000000
1771513200000,2026-02-19T15:00:00+00:00,66389.30000000,66725.00000000,65923.00000000,66370.80000000,703594.20000000
1771516800000,2026-02-19T16:00:00+00:00,66370.90000000,66498.00000000,65860.90000000,66274.00000000,431900.40000000
1771520400000,2026-02-19T17:00:00+00:00,66274.00000000,67037.00000000,66132.50000000,66335.20000000,595703.20000000
1771524000000,2026-02-19T18:00:00+00:00,66335.30000000,67068.30000000,66208.40000000,67009.70000000,412486.48000000
1771527600000,2026-02-19T19:00:00+00:00,67009.80000000,67180.20000000,66670.00000000,67025.60000000,300880.74000000
1771531200000,2026-02-19T20:00:00+00:00,67025.60000000,67141.90000000,66800.00000000,67111.30000000,148784.82000000
1771534800000,2026-02-19T21:00:00+00:00,67111.40000000,67139.90000000,66871.30000000,66891.40000000,87987.27000000
1771538400000,2026-02-19T22:00:00+00:00,66891.50000000,66983.20000000,66620.00000000,66880.60000000,176692.05000000
1771542000000,2026-02-19T23:00:00+00:00,66880.70000000,67006.20000000,66790.40000000,66969.90000000,112962.38000000
1771545600000,2026-02-20T00:00:00+00:00,66969.90000000,67469.00000000,66916.90000000,67200.10000000,314561.27000000
1771549200000,2026-02-20T01:00:00+00:00,67200.10000000,67325.00000000,67123.00000000,67255.50000000,140523.33000000
1771552800000,2026-02-20T02:00:00+00:00,67255.60000000,67320.00000000,67152.00000000,67210.40000000,129609.52000000
1771556400000,2026-02-20T03:00:00+00:00,67210.50000000,67466.00000000,67210.50000000,67333.20000000,192477.58000000
1771560000000,2026-02-20T04:00:00+00:00,67333.20000000,67364.00000000,67078.10000000,67235.70000000,188763.77000000
1771563600000,2026-02-20T05:00:00+00:00,67235.70000000,67993.70000000,67164.50000000,67762.60000000,603870.43000000
1771567200000,2026-02-20T06:00:00+00:00,67762.60000000,67871.10000000,67635.00000000,67811.10000000,230582.03000000
1771570800000,2026-02-20T07:00:00+00:00,67811.00000000,67958.00000000,67733.80000000,67800.00000000,218074.39000000
1771574400000,2026-02-20T08:00:00+00:00,67800.10000000,67929.00000000,67714.70000000,67852.00000000,179224.68000000
1771578000000,2026-02-20T09:00:00+00:00,67851.90000000,68197.70000000,67843.70000000,68172.30000000,409340.42000000
1771581600000,2026-02-20T10:00:00+00:00,68172.40000000,68288.00000000,67822.00000000,67915.80000000,302493.74000000
1771585200000,2026-02-20T11:00:00+00:00,67915.90000000,67955.00000000,67260.40000000,67299.90000000,494762.98000000
1771588800000,2026-02-20T12:00:00+00:00,67300.00000000,67579.40000000,67250.00000000,67515.00000000,322616.98000000
1771592400000,2026-02-20T13:00:00+00:00,67515.00000000,67515.10000000,66428.10000000,66788.60000000,1235919.52000000
1771596000000,2026-02-20T14:00:00+00:00,66788.50000000,67309.10000000,66654.00000000,67054.50000000,777408.90000000
1771599600000,2026-02-20T15:00:00+00:00,67054.40000000,68074.20000000,66526.00000000,67553.80000000,1621676.32000000
1771603200000,2026-02-20T16:00:00+00:00,67553.90000000,67888.00000000,67264.30000000,67765.60000000,629960.36000000
1771606800000,2026-02-20T17:00:00+00:00,67765.50000000,67765.50000000,66928.80000000,67590.90000000,893463.94000000
1771610400000,2026-02-20T18:00:00+00:00,67591.00000000,67983.90000000,67438.60000000,67899.90000000,485454.16000000
1771614000000,2026-02-20T19:00:00+00:00,67900.00000000,67982.10000000,67524.70000000,67613.50000000,197477.65000000
1771617600000,2026-02-20T20:00:00+00:00,67613.50000000,67800.00000000,67472.30000000,67719.90000000,155971.86000000
1771621200000,2026-02-20T21:00:00+00:00,67719.80000000,67808.60000000,67600.00000000,67791.40000000,93585.50000000
1771624800000,2026-02-20T22:00:00+00:00,67791.30000000,68114.30000000,67611.00000000,68051.70000000,281162.31000000
1771628400000,2026-02-20T23:00:00+00:00,68051.60000000,68218.00000000,67883.50000000,67986.40000000,162191.61000000
1771632000000,2026-02-21T00:00:00+00:00,67986.40000000,68025.40000000,67761.40000000,67811.10000000,142653.58000000
1771635600000,2026-02-21T01:00:00+00:00,67811.10000000,67985.90000000,67808.10000000,67924.30000000,83328.81000000
1771639200000,2026-02-21T02:00:00+00:00,67924.40000000,68069.00000000,67880.20000000,67974.10000000,105114.50000000
1771642800000,2026-02-21T03:00:00+00:00,67974.10000000,67974.10000000,67500.00000000,67647.90000000,347211.70000000
1771646400000,2026-02-21T04:00:00+00:00,67647.90000000,67820.00000000,67563.60000000,67787.60000000,109110.63000000
1771650000000,2026-02-21T05:00:00+00:00,67787.50000000,67862.00000000,67777.50000000,67833.00000000,97339.38000000
1771653600000,2026-02-21T06:00:00+00:00,67833.10000000,67898.90000000,67720.80000000,67766.00000000,102624.30000000
1771657200000,2026-02-21T07:00:00+00:00,67766.00000000,67849.90000000,67719.80000000,67825.00000000,49871.97000000
1771660800000,2026-02-21T08:00:00+00:00,67824.90000000,68049.90000000,67765.20000000,68016.80000000,150225.39000000
1771664400000,2026-02-21T09:00:00+00:00,68016.80000000,68282.20000000,67932.40000000,68112.80000000,287307.34000000
1771668000000,2026-02-21T10:00:00+00:00,68112.70000000,68214.30000000,68105.30000000,68179.90000000,132531.57000000
1771671600000,2026-02-21T11:00:00+00:00,68179.90000000,68246.60000000,68044.10000000,68061.20000000,144882.12000000
1771675200000,2026-02-21T12:00:00+00:00,68061.10000000,68199.70000000,67887.90000000,68185.00000000,190435.86000000
1771678800000,2026-02-21T13:00:00+00:00,68184.90000000,68242.90000000,68077.20000000,68232.50000000,189289.76000000
1771682400000,2026-02-21T14:00:00+00:00,68232.50000000,68620.30000000,68152.90000000,68413.10000000,470978.90000000
1771686000000,2026-02-21T15:00:00+00:00,68413.10000000,68685.80000000,68379.00000000,68575.30000000,234674.68000000
1771689600000,2026-02-21T16:00:00+00:00,68575.40000000,68602.90000000,68060.50000000,68301.70000000,424089.12000000
1771693200000,2026-02-21T17:00:00+00:00,68301.70000000,68468.20000000,68167.10000000,68411.90000000,118118.19000000
1771696800000,2026-02-21T18:00:00+00:00,68411.90000000,68633.50000000,68354.50000000,68546.80000000,169586.03000000
1771700400000,2026-02-21T19:00:00+00:00,68546.80000000,68636.10000000,68494.50000000,68516.70000000,69177.33000000
1771704000000,2026-02-21T20:00:00+00:00,68516.70000000,68577.50000000,68121.20000000,68190.60000000,151606.92000000
1771707600000,2026-02-21T21:00:00+00:00,68190.70000000,68363.50000000,68150.90000000,68361.20000000,101053.08000000
1771711200000,2026-02-21T22:00:00+00:00,68361.10000000,68418.80000000,67800.00000000,67944.50000000,240237.28000000
1771714800000,2026-02-21T23:00:00+00:00,67944.50000000,68089.80000000,67913.00000000,67943.50000000,132670.21000000
1771718400000,2026-02-22T00:00:00+00:00,67943.50000000,68040.80000000,67760.00000000,67917.80000000,185202.97000000
1771722000000,2026-02-22T01:00:00+00:00,67917.80000000,68147.40000000,67912.90000000,68130.00000000,154719.45000000
1771725600000,2026-02-22T02:00:00+00:00,68129.90000000,68191.90000000,67813.80000000,67878.20000000,186888.80000000
1771729200000,2026-02-22T03:00:00+00:00,67878.10000000,68055.00000000,67800.00000000,68016.90000000,193553.58000000
1771732800000,2026-02-22T04:00:00+00:00,68016.90000000,68056.00000000,67941.40000000,67958.00000000,75590.22000000
1771736400000,2026-02-22T05:00:00+00:00,67958.10000000,67988.90000000,67850.10000000,67950.00000000,78105.27000000
1771740000000,2026-02-22T06:00:00+00:00,67950.00000000,68156.50000000,67938.50000000,68011.80000000,139819.60000000
1771743600000,2026-02-22T07:00:00+00:00,68011.80000000,68077.50000000,67955.00000000,67976.90000000,95539.96000000
1771747200000,2026-02-22T08:00:00+00:00,67976.90000000,67998.30000000,67882.50000000,67923.20000000,91058.03000000
1771750800000,2026-02-22T09:00:00+00:00,67923.20000000,68075.50000000,67923.20000000,68021.40000000,79803.58000000
1771754400000,2026-02-22T10:00:00+00:00,68021.40000000,68132.80000000,67974.90000000,68095.40000000,95499.76000000
1771758000000,2026-02-22T11:00:00+00:00,68095.50000000,68222.00000000,68095.40000000,68191.60000000,158183.51000000
1771761600000,2026-02-22T12:00:00+00:00,68191.70000000,68209.90000000,67838.10000000,67904.70000000,292565.94000000
1771765200000,2026-02-22T13:00:00+00:00,67904.80000000,68008.90000000,67531.00000000,67632.10000000,547806.30000000
1771768800000,2026-02-22T14:00:00+00:00,67632.10000000,67660.00000000,67307.40000000,67424.80000000,482213.80000000
1771772400000,2026-02-22T15:00:00+00:00,67424.80000000,67806.70000000,67266.60000000,67659.70000000,426013.75000000
1771776000000,2026-02-22T16:00:00+00:00,67659.60000000,67696.80000000,67486.00000000,67603.30000000,169467.34000000
1771779600000,2026-02-22T17:00:00+00:00,67603.30000000,67607.50000000,67112.20000000,67354.00000000,368460.48000000
1771783200000,2026-02-22T18:00:00+00:00,67354.00000000,67427.70000000,67280.00000000,67386.80000000,100859.19000000
1771786800000,2026-02-22T19:00:00+00:00,67386.90000000,67456.10000000,67369.70000000,67390.10000000,51589.64000000
1771790400000,2026-02-22T20:00:00+00:00,67390.00000000,67459.20000000,67317.40000000,67372.30000000,65681.71000000
1771794000000,2026-02-22T21:00:00+00:00,67372.30000000,67601.90000000,67372.20000000,67573.20000000,67839.09000000
1771797600000,2026-02-22T22:00:00+00:00,67573.30000000,67730.00000000,67443.50000000,67641.40000000,191512.63000000
1771801200000,2026-02-22T23:00:00+00:00,67641.50000000,67699.40000000,67439.50000000,67619.70000000,128800.78000000
1771804800000,2026-02-23T00:00:00+00:00,67619.60000000,67664.20000000,66668.00000000,66704.40000000,600977.82000000
1771808400000,2026-02-23T01:00:00+00:00,66704.40000000,66704.40000000,64232.00000000,64393.40000000,3096100.99000000
1771812000000,2026-02-23T02:00:00+00:00,64393.50000000,64877.00000000,64269.70000000,64744.20000000,743454.96000000
1771815600000,2026-02-23T03:00:00+00:00,64744.20000000,65049.70000000,64658.00000000,64899.20000000,388837.96000000
1771819200000,2026-02-23T04:00:00+00:00,64899.20000000,64988.00000000,64631.90000000,64779.50000000,301428.19000000
1771822800000,2026-02-23T05:00:00+00:00,64779.40000000,65188.00000000,64767.00000000,65030.60000000,517205.69000000
1771826400000,2026-02-23T06:00:00+00:00,65030.60000000,65781.00000000,64993.50000000,65726.30000000,723913.11000000
1771830000000,2026-02-23T07:00:00+00:00,65726.20000000,65985.00000000,65613.60000000,65920.10000000,450972.80000000
1771833600000,2026-02-23T08:00:00+00:00,65920.10000000,65924.50000000,65533.40000000,65640.80000000,290023.44000000
1771837200000,2026-02-23T09:00:00+00:00,65640.80000000,66423.00000000,65640.00000000,66373.70000000,475585.97000000
1771840800000,2026-02-23T10:00:00+00:00,66373.70000000,66578.00000000,66168.60000000,66290.70000000,414985.88000000
1771844400000,2026-02-23T11:00:00+00:00,66290.70000000,66459.80000000,66078.00000000,66170.60000000,252352.27000000
1771848000000,2026-02-23T12:00:00+00:00,66170.60000000,66480.50000000,65855.50000000,66244.80000000,449280.51000000
1771851600000,2026-02-23T13:00:00+00:00,66244.70000000,66397.40000000,66068.00000000,66101.00000000,293201.82000000
1771855200000,2026-02-23T14:00:00+00:00,66101.10000000,66238.20000000,65447.90000000,65891.70000000,908154.38000000
1771858800000,2026-02-23T15:00:00+00:00,65891.70000000,66217.30000000,65548.00000000,65631.10000000,544529.02000000
1771862400000,2026-02-23T16:00:00+00:00,65631.10000000,65711.20000000,65100.70000000,65339.00000000,785381.13000000
1771866000000,2026-02-23T17:00:00+00:00,65339.10000000,65428.40000000,64111.20000000,64780.90000000,1616862.31000000
1771869600000,2026-02-23T18:00:00+00:00,64780.80000000,65141.70000000,64545.20000000,64597.60000000,576172.34000000
1771873200000,2026-02-23T19:00:00+00:00,64597.70000000,64819.90000000,64020.50000000,64268.70000000,593719.22000000
1771876800000,2026-02-23T20:00:00+00:00,64268.80000000,64461.20000000,63850.00000000,64442.00000000,527359.46000000
1771880400000,2026-02-23T21:00:00+00:00,64442.00000000,64760.00000000,64420.30000000,64554.20000000,240181.20000000
1771884000000,2026-02-23T22:00:00+00:00,64554.20000000,64999.60000000,64525.00000000,64699.30000000,293889.74000000
1771887600000,2026-02-23T23:00:00+00:00,64699.30000000,64872.80000000,64473.40000000,64624.70000000,216837.83000000
1771891200000,2026-02-24T00:00:00+00:00,64624.80000000,64976.80000000,64624.70000000,64903.70000000,197580.68000000
1771894800000,2026-02-24T01:00:00+00:00,64903.70000000,64903.70000000,63381.10000000,64131.80000000,1460211.36000000
1771898400000,2026-02-24T02:00:00+00:00,64131.90000000,64477.00000000,63968.00000000,64080.10000000,330766.86000000
1771902000000,2026-02-24T03:00:00+00:00,64080.00000000,64080.00000000,63251.70000000,63562.20000000,656885.07000000
1771905600000,2026-02-24T04:00:00+00:00,63562.20000000,63600.00000000,62820.40000000,63344.30000000,960457.93000000
1771909200000,2026-02-24T05:00:00+00:00,63344.30000000,63516.80000000,62666.00000000,63076.00000000,649677.68000000
1771912800000,2026-02-24T06:00:00+00:00,63076.00000000,63296.30000000,62860.10000000,63048.70000000,372506.34000000
1771916400000,2026-02-24T07:00:00+00:00,63048.70000000,63331.20000000,62888.00000000,63160.30000000,345731.63000000
1771920000000,2026-02-24T08:00:00+00:00,63160.30000000,63402.50000000,62975.10000000,63355.50000000,250724.86000000
1771923600000,2026-02-24T09:00:00+00:00,63355.60000000,63383.10000000,62897.80000000,63216.80000000,319384.93000000
1771927200000,2026-02-24T10:00:00+00:00,63216.70000000,63333.00000000,63080.70000000,63247.90000000,151493.54000000
1771930800000,2026-02-24T11:00:00+00:00,63247.90000000,63286.80000000,63029.40000000,63194.30000000,158984.09000000
1771934400000,2026-02-24T12:00:00+00:00,63194.20000000,63320.00000000,62930.80000000,62936.30000000,288699.09000000
1771938000000,2026-02-24T13:00:00+00:00,62936.40000000,63069.20000000,62400.00000000,62875.30000000,896197.59000000
1771941600000,2026-02-24T14:00:00+00:00,62875.20000000,63814.50000000,62735.30000000,63430.00000000,1064084.07000000
1771945200000,2026-02-24T15:00:00+00:00,63430.10000000,63995.00000000,63266.60000000,63938.70000000,765049.19000000
1771948800000,2026-02-24T16:00:00+00:00,63938.60000000,64385.00000000,63656.40000000,64220.70000000,913924.09000000
1771952400000,2026-02-24T17:00:00+00:00,64220.80000000,64519.60000000,64005.90000000,64181.10000000,492107.00000000
1771956000000,2026-02-24T18:00:00+00:00,64181.10000000,64500.00000000,63886.60000000,64387.70000000,348262.83000000
1771959600000,2026-02-24T19:00:00+00:00,64387.60000000,64718.50000000,64200.80000000,64396.00000000,322022.06000000
1771963200000,2026-02-24T20:00:00+00:00,64396.00000000,64550.10000000,64280.00000000,64431.00000000,141362.48000000
1771966800000,2026-02-24T21:00:00+00:00,64430.80000000,64430.80000000,63790.70000000,64005.30000000,271956.88000000
1771970400000,2026-02-24T22:00:00+00:00,64005.30000000,64199.00000000,63932.90000000,64089.90000000,170505.21000000
1771974000000,2026-02-24T23:00:00+00:00,64089.90000000,64219.90000000,63820.00000000,64028.20000000,173989.22000000
1771977600000,2026-02-25T00:00:00+00:00,64028.20000000,64296.00000000,63876.00000000,64188.80000000,203703.86000000
1771981200000,2026-02-25T01:00:00+00:00,64188.70000000,66311.90000000,64102.40000000,65865.90000000,2216509.37000000
1771984800000,2026-02-25T02:00:00+00:00,65866.00000000,66300.00000000,65820.20000000,65850.40000000,560588.68000000
1771988400000,2026-02-25T03:00:00+00:00,65850.50000000,65930.70000000,65324.00000000,65368.70000000,485702.77000000
1771992000000,2026-02-25T04:00:00+00:00,65368.60000000,65639.40000000,65074.00000000,65431.40000000,444025.75000000
1771995600000,2026-02-25T05:00:00+00:00,65431.40000000,65483.80000000,64707.00000000,64847.50000000,727386.98000000
1771999200000,2026-02-25T06:00:00+00:00,64847.60000000,65091.70000000,64820.00000000,64852.50000000,244442.88000000
1772002800000,2026-02-25T07:00:00+00:00,64852.60000000,65161.60000000,64738.10000000,65000.40000000,302787.98000000
1772006400000,2026-02-25T08:00:00+00:00,65000.40000000,65555.50000000,64929.40000000,65489.90000000,458396.53000000
1772010000000,2026-02-25T09:00:00+00:00,65490.00000000,65670.10000000,65377.70000000,65518.30000000,371969.42000000
1772013600000,2026-02-25T10:00:00+00:00,65518.40000000,65655.30000000,65300.00000000,65360.50000000,241868.35000000
1772017200000,2026-02-25T11:00:00+00:00,65360.50000000,65458.00000000,65146.20000000,65395.70000000,265821.61000000
1772020800000,2026-02-25T12:00:00+00:00,65395.70000000,66200.00000000,65271.00000000,66027.70000000,761704.33000000
1772024400000,2026-02-25T13:00:00+00:00,66027.70000000,66662.60000000,65964.40000000,66201.90000000,791379.61000000
1772028000000,2026-02-25T14:00:00+00:00,66202.00000000,66995.00000000,66172.00000000,66938.80000000,937858.47000000
1772031600000,2026-02-25T15:00:00+00:00,66938.70000000,67554.80000000,66672.80000000,67368.00000000,1196796.79000000
1772035200000,2026-02-25T16:00:00+00:00,67368.00000000,68299.90000000,67364.00000000,68253.40000000,1028462.03000000
1772038800000,2026-02-25T17:00:00+00:00,68253.50000000,68874.40000000,67988.60000000,68630.40000000,1222879.53000000
1772042400000,2026-02-25T18:00:00+00:00,68630.40000000,69513.90000000,68343.80000000,69289.50000000,1031242.88000000
1772046000000,2026-02-25T19:00:00+00:00,69289.60000000,69373.50000000,68729.10000000,69001.70000000,546954.84000000
1772049600000,2026-02-25T20:00:00+00:00,69001.80000000,69342.00000000,68582.40000000,69104.80000000,454638.27000000
1772053200000,2026-02-25T21:00:00+00:00,69104.80000000,70090.90000000,68732.00000000,68889.90000000,1033675.07000000
1772056800000,2026-02-25T22:00:00+00:00,68889.80000000,69163.30000000,68041.20000000,68411.40000000,530037.76000000
1772060400000,2026-02-25T23:00:00+00:00,68411.40000000,68666.10000000,67578.40000000,67966.50000000,549919.43000000
1772064000000,2026-02-26T00:00:00+00:00,67966.60000000,68519.40000000,67706.30000000,68316.80000000,436679.15000000
1772067600000,2026-02-26T01:00:00+00:00,68316.80000000,68686.00000000,68195.20000000,68229.90000000,314993.98000000
1772071200000,2026-02-26T02:00:00+00:00,68230.00000000,68344.50000000,67779.00000000,68239.30000000,330713.80000000
1772074800000,2026-02-26T03:00:00+00:00,68239.20000000,68363.00000000,68030.00000000,68200.10000000,220192.37000000
1772078400000,2026-02-26T04:00:00+00:00,68200.10000000,68829.50000000,68166.70000000,68541.80000000,370267.59000000
1772082000000,2026-02-26T05:00:00+00:00,68541.90000000,68541.90000000,68090.90000000,68411.40000000,309222.27000000
1772085600000,2026-02-26T06:00:00+00:00,68411.40000000,68490.50000000,68017.70000000,68145.50000000,261591.87000000
1772089200000,2026-02-26T07:00:00+00:00,68145.40000000,68266.10000000,67800.10000000,67807.70000000,273829.46000000
1772092800000,2026-02-26T08:00:00+00:00,67807.80000000,68222.00000000,67750.00000000,67935.30000000,294168.78000000
1772096400000,2026-02-26T09:00:00+00:00,67935.20000000,68634.40000000,67904.20000000,68549.90000000,364590.35000000
1772100000000,2026-02-26T10:00:00+00:00,68550.00000000,68688.00000000,68205.80000000,68265.60000000,332869.98000000
1772103600000,2026-02-26T11:00:00+00:00,68265.60000000,68367.50000000,67946.20000000,68014.90000000,232188.08000000
1772107200000,2026-02-26T12:00:00+00:00,68015.00000000,68264.40000000,67967.20000000,68138.00000000,255667.74000000
1772110800000,2026-02-26T13:00:00+00:00,68137.90000000,68173.90000000,67812.80000000,67872.50000000,251236.22000000
1772114400000,2026-02-26T14:00:00+00:00,67872.50000000,68244.60000000,67238.00000000,67661.60000000,1162995.34000000
1772118000000,2026-02-26T15:00:00+00:00,67661.50000000,67709.00000000,66731.00000000,67349.90000000,1144517.91000000
1772121600000,2026-02-26T16:00:00+00:00,67349.90000000,67540.40000000,66446.40000000,66619.40000000,1189075.97000000
1772125200000,2026-02-26T17:00:00+00:00,66619.40000000,67028.70000000,66572.30000000,66803.20000000,389478.36000000
1772128800000,2026-02-26T18:00:00+00:00,66803.20000000,67363.30000000,66550.00000000,67279.60000000,456999.73000000
1772132400000,2026-02-26T19:00:00+00:00,67279.60000000,67888.00000000,67252.80000000,67556.20000000,573514.95000000
1772136000000,2026-02-26T20:00:00+00:00,67556.20000000,67797.90000000,67256.10000000,67390.10000000,270594.98000000
1772139600000,2026-02-26T21:00:00+00:00,67390.00000000,67561.70000000,67106.10000000,67439.10000000,166606.80000000
1772143200000,2026-02-26T22:00:00+00:00,67439.00000000,67595.40000000,67280.30000000,67539.90000000,110012.86000000
1772146800000,2026-02-26T23:00:00+00:00,67539.80000000,67628.00000000,67354.70000000,67448.40000000,103427.83000000
1772150400000,2026-02-27T00:00:00+00:00,67448.50000000,67507.30000000,66931.70000000,67200.00000000,211147.43000000
1772154000000,2026-02-27T01:00:00+00:00,67200.00000000,67349.40000000,66847.20000000,67327.30000000,408782.06000000
1772157600000,2026-02-27T02:00:00+00:00,67327.40000000,67508.20000000,67228.50000000,67235.80000000,197650.36000000
1772161200000,2026-02-27T03:00:00+00:00,67235.80000000,67681.60000000,67058.30000000,67564.80000000,309171.11000000
1772164800000,2026-02-27T04:00:00+00:00,67564.80000000,68200.00000000,67538.40000000,67713.50000000,575776.18000000
1772168400000,2026-02-27T05:00:00+00:00,67713.40000000,67891.00000000,67635.30000000,67689.90000000,274190.14000000
1772172000000,2026-02-27T06:00:00+00:00,67690.00000000,67792.50000000,67479.10000000,67617.00000000,196041.55000000
1772175600000,2026-02-27T07:00:00+00:00,67617.00000000,67742.90000000,67415.90000000,67651.30000000,356595.42000000
1772179200000,2026-02-27T08:00:00+00:00,67651.30000000,68050.00000000,67625.80000000,67900.00000000,361160.26000000
1772182800000,2026-02-27T09:00:00+00:00,67900.10000000,68123.20000000,67250.00000000,67325.10000000,476201.65000000
1772186400000,2026-02-27T10:00:00+00:00,67325.00000000,67390.00000000,66533.40000000,66567.50000000,945016.85000000
1772190000000,2026-02-27T11:00:00+00:00,66567.60000000,66743.90000000,65913.80000000,66092.10000000,963183.50000000
1772193600000,2026-02-27T12:00:00+00:00,66092.00000000,66183.10000000,65706.40000000,65903.40000000,567871.55000000
1772197200000,2026-02-27T13:00:00+00:00,65903.30000000,66328.20000000,65626.40000000,66238.90000000,683813.73000000
1772200800000,2026-02-27T14:00:00+00:00,66238.90000000,66298.90000000,65660.00000000,65861.20000000,665674.46000000
1772204400000,2026-02-27T15:00:00+00:00,65861.10000000,66288.10000000,65819.10000000,66068.00000000,473772.93000000
1772208000000,2026-02-27T16:00:00+00:00,66067.90000000,66100.00000000,65439.00000000,65454.80000000,591770.24000000
1772211600000,2026-02-27T17:00:00+00:00,65454.70000000,65733.20000000,65093.00000000,65678.20000000,748954.03000000
1772215200000,2026-02-27T18:00:00+00:00,65678.30000000,65761.40000000,65200.00000000,65290.30000000,307259.13000000
1772218800000,2026-02-27T19:00:00+00:00,65290.20000000,65435.80000000,65137.10000000,65367.20000000,194098.45000000
1772222400000,2026-02-27T20:00:00+00:00,65367.20000000,65641.20000000,65363.60000000,65565.50000000,183771.53000000
1772226000000,2026-02-27T21:00:00+00:00,65565.60000000,65720.00000000,65370.00000000,65506.00000000,143694.38000000
1772229600000,2026-02-27T22:00:00+00:00,65505.90000000,65649.20000000,64888.00000000,65611.60000000,305276.02000000
1772233200000,2026-02-27T23:00:00+00:00,65611.60000000,65928.80000000,65514.80000000,65842.10000000,195081.28000000
1772236800000,2026-02-28T00:00:00+00:00,65842.10000000,65988.80000000,65680.40000000,65908.00000000,186479.56000000
1772240400000,2026-02-28T01:00:00+00:00,65908.00000000,65943.20000000,65716.00000000,65746.10000000,105878.03000000
1772244000000,2026-02-28T02:00:00+00:00,65746.10000000,65985.00000000,65718.70000000,65927.50000000,106701.17000000
1772247600000,2026-02-28T03:00:00+00:00,65927.60000000,65950.00000000,65716.00000000,65763.70000000,135895.45000000
1772251200000,2026-02-28T04:00:00+00:00,65763.60000000,65793.80000000,65446.60000000,65629.50000000,203430.47000000
1772254800000,2026-02-28T05:00:00+00:00,65629.50000000,65702.20000000,65467.30000000,65560.50000000,132910.59000000
1772258400000,2026-02-28T06:00:00+00:00,65560.60000000,65565.00000000,62975.60000000,63178.40000000,2360454.34000000
1772262000000,2026-02-28T07:00:00+00:00,63178.40000000,64299.90000000,62991.00000000,63788.10000000,1270449.89000000
1772265600000,2026-02-28T08:00:00+00:00,63788.10000000,63848.00000000,63367.50000000,63438.00000000,503681.05000000
1772269200000,2026-02-28T09:00:00+00:00,63438.00000000,63925.40000000,63327.70000000,63620.30000000,373849.10000000
1772272800000,2026-02-28T10:00:00+00:00,63620.20000000,64032.40000000,63401.00000000,63965.30000000,370939.68000000
1772276400000,2026-02-28T11:00:00+00:00,63965.20000000,64275.00000000,63750.00000000,63816.20000000,477759.49000000
1772280000000,2026-02-28T12:00:00+00:00,63816.20000000,64050.00000000,63760.00000000,63985.90000000,263001.85000000
1772283600000,2026-02-28T13:00:00+00:00,63985.80000000,65199.80000000,63860.00000000,65075.50000000,962879.57000000
1772287200000,2026-02-28T14:00:00+00:00,65075.50000000,65328.30000000,64220.60000000,64400.70000000,1070626.76000000
1772290800000,2026-02-28T15:00:00+00:00,64400.70000000,64985.00000000,64162.70000000,64800.00000000,438078.91000000
1772294400000,2026-02-28T16:00:00+00:00,64800.00000000,65176.30000000,64636.70000000,65060.10000000,346942.86000000
1772298000000,2026-02-28T17:00:00+00:00,65060.00000000,65555.00000000,64800.00000000,65403.50000000,371072.15000000
1772301600000,2026-02-28T18:00:00+00:00,65403.40000000,66191.60000000,65141.70000000,65875.70000000,565099.59000000
1772305200000,2026-02-28T19:00:00+00:00,65875.60000000,66665.60000000,65560.00000000,66322.20000000,647649.17000000
1772308800000,2026-02-28T20:00:00+00:00,66322.20000000,67137.70000000,66138.70000000,66928.30000000,568033.11000000
1772312400000,2026-02-28T21:00:00+00:00,66928.40000000,66996.90000000,66313.30000000,66690.60000000,397508.70000000
1772316000000,2026-02-28T22:00:00+00:00,66690.50000000,67726.70000000,66579.60000000,67075.00000000,516811.20000000
1772319600000,2026-02-28T23:00:00+00:00,67075.00000000,67179.80000000,66685.00000000,66938.20000000,293871.97000000
1772323200000,2026-03-01T00:00:00+00:00,66938.20000000,67080.00000000,66582.30000000,66753.20000000,216071.95000000
1772326800000,2026-03-01T01:00:00+00:00,66753.20000000,67678.80000000,66009.30000000,67306.90000000,817823.59000000
1772330400000,2026-03-01T02:00:00+00:00,67307.00000000,68181.30000000,67295.10000000,67570.00000000,958751.02000000
1772334000000,2026-03-01T03:00:00+00:00,67569.90000000,67782.70000000,67358.90000000,67470.00000000,309794.61000000
1772337600000,2026-03-01T04:00:00+00:00,67470.00000000,67579.90000000,67040.00000000,67308.00000000,299797.26000000
1772341200000,2026-03-01T05:00:00+00:00,67307.90000000,67540.00000000,67165.30000000,67264.20000000,238097.05000000
1772344800000,2026-03-01T06:00:00+00:00,67264.30000000,67317.70000000,66762.00000000,66901.90000000,423543.58000000
1772348400000,2026-03-01T07:00:00+00:00,66901.80000000,67219.00000000,66759.00000000,67115.30000000,190732.28000000
1772352000000,2026-03-01T08:00:00+00:00,67115.30000000,67268.00000000,66426.30000000,66531.20000000,587257.43000000
1772355600000,2026-03-01T09:00:00+00:00,66531.30000000,66740.00000000,66200.00000000,66377.20000000,519844.99000000
1772359200000,2026-03-01T10:00:00+00:00,66377.20000000,66695.30000000,66160.80000000,66427.90000000,290109.00000000
1772362800000,2026-03-01T11:00:00+00:00,66427.90000000,66637.90000000,66334.60000000,66439.40000000,138667.57000000
1772366400000,2026-03-01T12:00:00+00:00,66439.40000000,66524.40000000,66213.00000000,66266.70000000,189306.06000000
1772370000000,2026-03-01T13:00:00+00:00,66266.70000000,67347.00000000,66073.40000000,66921.50000000,904344.60000000
1772373600000,2026-03-01T14:00:00+00:00,66921.50000000,67291.30000000,66690.80000000,66830.10000000,549689.71000000
1772377200000,2026-03-01T15:00:00+00:00,66830.10000000,67222.00000000,66779.50000000,66812.80000000,358893.15000000
1772380800000,2026-03-01T16:00:00+00:00,66812.80000000,67092.00000000,65712.20000000,66099.90000000,977397.14000000
1772384400000,2026-03-01T17:00:00+00:00,66100.00000000,66182.60000000,65666.10000000,65954.30000000,443614.30000000
1772388000000,2026-03-01T18:00:00+00:00,65954.30000000,66632.80000000,65952.60000000,66285.00000000,401137.27000000
1772391600000,2026-03-01T19:00:00+00:00,66285.00000000,66313.50000000,65728.40000000,65930.70000000,217334.49000000
1772395200000,2026-03-01T20:00:00+00:00,65930.60000000,65931.40000000,65040.00000000,65258.90000000,408707.97000000
1772398800000,2026-03-01T21:00:00+00:00,65259.00000000,65719.10000000,65246.80000000,65631.80000000,165216.90000000
1772402400000,2026-03-01T22:00:00+00:00,65631.80000000,66468.10000000,65005.20000000,65239.00000000,634905.83000000
1772406000000,2026-03-01T23:00:00+00:00,65239.00000000,66054.80000000,65082.50000000,65739.90000000,398627.87000000
1772409600000,2026-03-02T00:00:00+00:00,65739.90000000,66765.00000000,65714.40000000,66483.20000000,605873.74000000
1772413200000,2026-03-02T01:00:00+00:00,66483.30000000,67057.20000000,66285.80000000,66504.90000000,481134.43000000
1772416800000,2026-03-02T02:00:00+00:00,66505.00000000,66589.40000000,65831.50000000,66247.40000000,462874.11000000
1772420400000,2026-03-02T03:00:00+00:00,66247.40000000,67006.30000000,66078.30000000,66792.70000000,381725.13000000
1772424000000,2026-03-02T04:00:00+00:00,66792.70000000,66950.00000000,66586.60000000,66824.90000000,244303.22000000
1772427600000,2026-03-02T05:00:00+00:00,66824.90000000,66962.00000000,66524.10000000,66700.00000000,242579.68000000
1772431200000,2026-03-02T06:00:00+00:00,66700.00000000,66712.00000000,66021.00000000,66178.70000000,388465.23000000
1772434800000,2026-03-02T07:00:00+00:00,66178.70000000,66185.30000000,65518.10000000,65984.00000000,520159.57000000
1772438400000,2026-03-02T08:00:00+00:00,65984.10000000,66283.20000000,65625.10000000,66251.70000000,435802.78000000
1772442000000,2026-03-02T09:00:00+00:00,66251.60000000,66699.00000000,66137.10000000,66137.20000000,470520.50000000
1772445600000,2026-03-02T10:00:00+00:00,66137.10000000,66355.00000000,66048.30000000,66284.90000000,218403.75000000
1772449200000,2026-03-02T11:00:00+00:00,66285.00000000,66467.00000000,65964.10000000,66344.20000000,314393.74000000
1772452800000,2026-03-02T12:00:00+00:00,66344.10000000,66377.90000000,65883.00000000,65941.00000000,245000.27000000
1772456400000,2026-03-02T13:00:00+00:00,65940.90000000,66165.70000000,65313.70000000,65421.40000000,755338.29000000
1772460000000,2026-03-02T14:00:00+00:00,65421.40000000,67195.00000000,65209.50000000,67124.20000000,1640817.07000000
1772463600000,2026-03-02T15:00:00+00:00,67124.10000000,69582.60000000,66934.50000000,69082.60000000,2770898.13000000
1772467200000,2026-03-02T16:00:00+00:00,69082.60000000,70077.40000000,68883.10000000,69397.00000000,1615682.73000000
1772470800000,2026-03-02T17:00:00+00:00,69396.50000000,69545.70000000,68750.00000000,69155.30000000,652659.82000000
1772474400000,2026-03-02T18:00:00+00:00,69155.20000000,69234.70000000,68676.00000000,68848.60000000,457298.57000000
1772478000000,2026-03-02T19:00:00+00:00,68848.60000000,69014.90000000,68529.50000000,68927.50000000,378983.64000000
1772481600000,2026-03-02T20:00:00+00:00,68927.50000000,69493.90000000,68538.40000000,69065.60000000,485013.07000000
1772485200000,2026-03-02T21:00:00+00:00,69065.60000000,69496.10000000,68953.30000000,69369.10000000,249897.74000000
1772488800000,2026-03-02T22:00:00+00:00,69369.20000000,69464.50000000,69095.40000000,69400.00000000,158803.17000000
1772492400000,2026-03-02T23:00:00+00:00,69399.90000000,69450.00000000,68706.30000000,68799.50000000,316431.87000000
1772496000000,2026-03-03T00:00:00+00:00,68799.40000000,69128.60000000,68606.90000000,69054.00000000,263536.97000000
1772499600000,2026-03-03T01:00:00+00:00,69053.90000000,69242.10000000,68700.10000000,68717.40000000,220423.41000000
1772503200000,2026-03-03T02:00:00+00:00,68717.30000000,68737.70000000,68194.10000000,68476.60000000,444899.63000000
1772506800000,2026-03-03T03:00:00+00:00,68476.70000000,68514.70000000,68202.00000000,68349.90000000,215142.11000000
1772510400000,2026-03-03T04:00:00+00:00,68350.00000000,68422.50000000,68012.70000000,68094.50000000,231319.28000000
1772514000000,2026-03-03T05:00:00+00:00,68094.40000000,68566.30000000,67820.60000000,67914.80000000,444935.79000000
1772517600000,2026-03-03T06:00:00+00:00,67914.90000000,68190.40000000,67757.20000000,68075.50000000,325316.99000000
1772521200000,2026-03-03T07:00:00+00:00,68075.40000000,68238.80000000,67920.00000000,68142.20000000,229273.14000000
1772524800000,2026-03-03T08:00:00+00:00,68142.10000000,68287.60000000,66872.50000000,66977.80000000,930114.08000000
1772528400000,2026-03-03T09:00:00+00:00,66977.80000000,67164.10000000,66314.70000000,66621.90000000,977548.57000000
1772532000000,2026-03-03T10:00:00+00:00,66621.80000000,67000.00000000,66410.20000000,66831.90000000,423443.86000000
1772535600000,2026-03-03T11:00:00+00:00,66831.90000000,67141.70000000,66730.70000000,67000.30000000,390353.78000000
1772539200000,2026-03-03T12:00:00+00:00,67000.20000000,67933.50000000,66999.30000000,67363.00000000,733039.68000000
1772542800000,2026-03-03T13:00:00+00:00,67363.10000000,67401.00000000,66559.00000000,66898.80000000,664446.95000000
1772546400000,2026-03-03T14:00:00+00:00,66898.80000000,67547.80000000,66073.80000000,66534.00000000,1319596.57000000
1772550000000,2026-03-03T15:00:00+00:00,66534.00000000,67810.30000000,66425.30000000,67686.90000000,1072079.86000000
1772553600000,2026-03-03T16:00:00+00:00,67686.40000000,68952.80000000,67433.10000000,68122.30000000,1794404.43000000
1772557200000,2026-03-03T17:00:00+00:00,68122.20000000,68359.60000000,67587.70000000,68268.50000000,680521.37000000
1772560800000,2026-03-03T18:00:00+00:00,68268.60000000,68908.10000000,67926.10000000,68588.20000000,579161.71000000
1772564400000,2026-03-03T19:00:00+00:00,68588.20000000,68846.70000000,68265.10000000,68394.90000000,500370.76000000
1772568000000,2026-03-03T20:00:00+00:00,68395.00000000,68561.70000000,68043.60000000,68224.30000000,383337.31000000
1772571600000,2026-03-03T21:00:00+00:00,68224.30000000,68228.30000000,67778.80000000,67980.70000000,314658.08000000
1772575200000,2026-03-03T22:00:00+00:00,67980.80000000,68486.80000000,67980.70000000,68270.70000000,201077.32000000
1772578800000,2026-03-03T23:00:00+00:00,68270.70000000,68825.30000000,68198.60000000,68294.30000000,236849.12000000
1772582400000,2026-03-04T00:00:00+00:00,68294.40000000,68387.90000000,67814.30000000,68062.90000000,295051.88000000
1772586000000,2026-03-04T01:00:00+00:00,68063.00000000,68877.00000000,67914.50000000,68383.90000000,476510.43000000
1772589600000,2026-03-04T02:00:00+00:00,68383.80000000,68423.50000000,67942.60000000,68281.20000000,287531.36000000
1772593200000,2026-03-04T03:00:00+00:00,68281.10000000,68359.00000000,67358.10000000,67687.10000000,663693.86000000
1772596800000,2026-03-04T04:00:00+00:00,67687.20000000,67921.90000000,67418.80000000,67752.90000000,430660.34000000
1772600400000,2026-03-04T05:00:00+00:00,67753.00000000,68340.00000000,67640.00000000,68172.90000000,451588.62000000
1772604000000,2026-03-04T06:00:00+00:00,68172.90000000,68646.50000000,68000.70000000,68464.80000000,465645.68000000
1772607600000,2026-03-04T07:00:00+00:00,68464.90000000,69600.00000000,68310.00000000,69456.90000000,964140.11000000
1772611200000,2026-03-04T08:00:00+00:00,69456.80000000,71178.80000000,69100.00000000,70989.90000000,1823707.07000000
1772614800000,2026-03-04T09:00:00+00:00,70989.90000000,71877.90000000,70694.90000000,71492.40000000,1930961.08000000
1772618400000,2026-03-04T10:00:00+00:00,71492.40000000,71859.40000000,71168.40000000,71316.50000000,699979.54000000
1772622000000,2026-03-04T11:00:00+00:00,71316.50000000,71468.20000000,70895.00000000,71088.40000000,601590.31000000
1772625600000,2026-03-04T12:00:00+00:00,71088.40000000,71338.00000000,70564.10000000,71313.60000000,734243.59000000
1772629200000,2026-03-04T13:00:00+00:00,71313.60000000,71612.90000000,71173.10000000,71445.80000000,521875.77000000
1772632800000,2026-03-04T14:00:00+00:00,71445.70000000,72621.00000000,71259.00000000,71582.30000000,2068984.11000000
1772636400000,2026-03-04T15:00:00+00:00,71582.20000000,73453.00000000,71532.80000000,73352.20000000,1887433.19000000
1772640000000,2026-03-04T16:00:00+00:00,73352.20000000,73480.00000000,72500.10000000,73249.20000000,1011106.35000000
1772643600000,2026-03-04T17:00:00+00:00,73249.20000000,73715.90000000,72894.70000000,73178.80000000,818226.32000000
1772647200000,2026-03-04T18:00:00+00:00,73178.90000000,73668.70000000,72852.10000000,73653.80000000,461393.98000000
1772650800000,2026-03-04T19:00:00+00:00,73653.80000000,74030.00000000,73480.10000000,73587.40000000,807472.96000000
1772654400000,2026-03-04T20:00:00+00:00,73587.40000000,73687.90000000,72956.20000000,72986.30000000,373255.46000000
1772658000000,2026-03-04T21:00:00+00:00,72986.40000000,73289.60000000,72831.40000000,73275.10000000,233978.25000000
1772661600000,2026-03-04T22:00:00+00:00,73275.10000000,73499.50000000,72601.00000000,72684.00000000,278736.42000000
1772665200000,2026-03-04T23:00:00+00:00,72684.00000000,72865.80000000,72288.20000000,72644.40000000,497301.36000000
1772668800000,2026-03-05T00:00:00+00:00,72644.30000000,72977.80000000,72515.20000000,72733.40000000,257553.88000000
1772672400000,2026-03-05T01:00:00+00:00,72733.40000000,73280.90000000,72373.90000000,72508.20000000,399370.57000000
1772676000000,2026-03-05T02:00:00+00:00,72508.20000000,72882.30000000,72303.90000000,72478.60000000,306889.49000000
1772679600000,2026-03-05T03:00:00+00:00,72478.60000000,72750.00000000,72303.50000000,72467.50000000,241641.89000000
1772683200000,2026-03-05T04:00:00+00:00,72467.40000000,73100.00000000,72412.30000000,72790.90000000,414410.78000000
1772686800000,2026-03-05T05:00:00+00:00,72791.00000000,72891.20000000,72180.00000000,72379.90000000,356400.57000000
1772690400000,2026-03-05T06:00:00+00:00,72379.90000000,72656.90000000,72000.00000000,72527.10000000,569589.27000000
1772694000000,2026-03-05T07:00:00+00:00,72527.10000000,72650.00000000,71739.10000000,72029.90000000,525548.72000000
1772697600000,2026-03-05T08:00:00+00:00,72029.90000000,72346.60000000,71718.70000000,72311.90000000,587675.15000000
1772701200000,2026-03-05T09:00:00+00:00,72311.90000000,72859.40000000,72272.90000000,72574.70000000,455658.76000000
1772704800000,2026-03-05T10:00:00+00:00,72574.70000000,73526.00000000,72494.60000000,73354.20000000,787620.08000000
1772708400000,2026-03-05T11:00:00+00:00,73354.30000000,73423.40000000,72750.00000000,72889.70000000,462590.25000000
1772712000000,2026-03-05T12:00:00+00:00,72889.70000000,73052.30000000,72628.90000000,72856.50000000,327114.00000000
1772715600000,2026-03-05T13:00:00+00:00,72856.50000000,72917.50000000,72155.30000000,72427.70000000,534416.06000000
1772719200000,2026-03-05T14:00:00+00:00,72427.60000000,72826.80000000,71888.00000000,72584.10000000,779425.90000000
1772722800000,2026-03-05T15:00:00+00:00,72584.20000000,72737.00000000,71131.00000000,71622.00000000,1549450.00000000
1772726400000,2026-03-05T16:00:00+00:00,71621.90000000,71622.00000000,70755.10000000,71272.90000000,909696.82000000
1772730000000,2026-03-05T17:00:00+00:00,71272.90000000,71546.20000000,70611.10000000,70675.20000000,480306.14000000
1772733600000,2026-03-05T18:00:00+00:00,70675.10000000,71057.90000000,70620.00000000,70959.70000000,297807.41000000
1772737200000,2026-03-05T19:00:00+00:00,70959.70000000,71397.20000000,70829.90000000,70885.20000000,278916.68000000
1772740800000,2026-03-05T20:00:00+00:00,70885.20000000,71355.90000000,70804.20000000,71200.10000000,256510.51000000
1772744400000,2026-03-05T21:00:00+00:00,71200.00000000,71567.90000000,70981.10000000,71100.70000000,279022.68000000
1772748000000,2026-03-05T22:00:00+00:00,71100.70000000,71338.20000000,71036.30000000,71171.60000000,111186.46000000
1772751600000,2026-03-05T23:00:00+00:00,71171.60000000,71263.60000000,70732.60000000,70851.80000000,183768.57000000
1772755200000,2026-03-06T00:00:00+00:00,70851.80000000,71026.20000000,70739.00000000,70958.90000000,137413.43000000
1772758800000,2026-03-06T01:00:00+00:00,70958.90000000,71269.00000000,70343.00000000,71218.20000000,444395.57000000
1772762400000,2026-03-06T02:00:00+00:00,71218.20000000,71397.50000000,70987.40000000,71215.00000000,366552.30000000
1772766000000,2026-03-06T03:00:00+00:00,71215.00000000,71264.90000000,70966.00000000,71049.60000000,171330.62000000
1772769600000,2026-03-06T04:00:00+00:00,71049.70000000,71090.80000000,70214.70000000,70586.30000000,528717.87000000
1772773200000,2026-03-06T05:00:00+00:00,70586.30000000,70634.50000000,70111.00000000,70405.90000000,433257.01000000
1772776800000,2026-03-06T06:00:00+00:00,70405.80000000,70850.00000000,70238.00000000,70570.60000000,322918.82000000
1772780400000,2026-03-06T07:00:00+00:00,70570.50000000,71158.00000000,70440.00000000,71025.80000000,419149.62000000
1772784000000,2026-03-06T08:00:00+00:00,71025.90000000,71038.40000000,70701.30000000,70755.60000000,285290.69000000
1772787600000,2026-03-06T09:00:00+00:00,70755.70000000,70780.00000000,70267.30000000,70529.00000000,411072.29000000
1772791200000,2026-03-06T10:00:00+00:00,70529.00000000,70773.30000000,70433.30000000,70500.40000000,246544.81000000
1772794800000,2026-03-06T11:00:00+00:00,70500.50000000,70620.20000000,70156.80000000,70185.20000000,287241.12000000
1772798400000,2026-03-06T12:00:00+00:00,70185.30000000,70204.10000000,69626.60000000,69895.20000000,859892.14000000
1772802000000,2026-03-06T13:00:00+00:00,69895.10000000,70320.90000000,69180.00000000,69196.00000000,1261488.92000000
1772805600000,2026-03-06T14:00:00+00:00,69195.90000000,69244.30000000,68120.40000000,68373.50000000,1754191.53000000
1772809200000,2026-03-06T15:00:00+00:00,68373.50000000,69066.60000000,68260.00000000,68452.50000000,931091.37000000
1772812800000,2026-03-06T16:00:00+00:00,68452.40000000,68755.00000000,68180.00000000,68413.20000000,493429.09000000
1772816400000,2026-03-06T17:00:00+00:00,68413.10000000,68615.40000000,67707.20000000,67920.90000000,677750.55000000
1772820000000,2026-03-06T18:00:00+00:00,67920.90000000,68442.10000000,67912.60000000,68144.60000000,358793.10000000
1772823600000,2026-03-06T19:00:00+00:00,68144.60000000,68444.00000000,67961.00000000,68091.20000000,200036.49000000
1772827200000,2026-03-06T20:00:00+00:00,68091.20000000,68250.00000000,67725.60000000,68079.30000000,279863.27000000
1772830800000,2026-03-06T21:00:00+00:00,68079.40000000,68295.60000000,67895.50000000,68259.60000000,147566.79000000
1772834400000,2026-03-06T22:00:00+00:00,68259.60000000,68405.90000000,68189.50000000,68296.90000000,96969.89000000
1772838000000,2026-03-06T23:00:00+00:00,68296.90000000,68333.00000000,68061.20000000,68076.90000000,113231.95000000
1772841600000,2026-03-07T00:00:00+00:00,68076.80000000,68362.80000000,68072.00000000,68250.10000000,118891.53000000
1772845200000,2026-03-07T01:00:00+00:00,68250.10000000,68341.00000000,68139.40000000,68225.20000000,88981.15000000
1772848800000,2026-03-07T02:00:00+00:00,68225.30000000,68334.00000000,68017.70000000,68310.90000000,140749.11000000
1772852400000,2026-03-07T03:00:00+00:00,68311.00000000,68524.80000000,68067.10000000,68069.50000000,311021.12000000
1772856000000,2026-03-07T04:00:00+00:00,68069.60000000,68116.10000000,67777.00000000,68031.50000000,226863.53000000
1772859600000,2026-03-07T05:00:00+00:00,68031.60000000,68108.00000000,67872.00000000,67989.50000000,136689.47000000
1772863200000,2026-03-07T06:00:00+00:00,67989.60000000,67990.60000000,67555.10000000,67658.80000000,282626.73000000
1772866800000,2026-03-07T07:00:00+00:00,67658.70000000,67834.60000000,67406.50000000,67808.00000000,427420.90000000
1772870400000,2026-03-07T08:00:00+00:00,67808.10000000,68005.00000000,67676.20000000,67761.00000000,224758.41000000
1772874000000,2026-03-07T09:00:00+00:00,67760.90000000,68040.00000000,67695.00000000,67960.60000000,155637.68000000
1772877600000,2026-03-07T10:00:00+00:00,67960.70000000,68071.00000000,67830.00000000,67847.20000000,119212.21000000
1772881200000,2026-03-07T11:00:00+00:00,67847.10000000,68240.00000000,67796.00000000,67973.20000000,275091.84000000
1772884800000,2026-03-07T12:00:00+00:00,67973.20000000,68053.70000000,67853.30000000,67956.60000000,100527.26000000
1772888400000,2026-03-07T13:00:00+00:00,67956.60000000,68048.30000000,67814.10000000,67898.00000000,112964.52000000
1772892000000,2026-03-07T14:00:00+00:00,67898.10000000,68074.10000000,67576.90000000,67985.90000000,323763.92000000
1772895600000,2026-03-07T15:00:00+00:00,67986.00000000,68010.00000000,67738.30000000,67851.10000000,152604.25000000
1772899200000,2026-03-07T16:00:00+00:00,67851.10000000,67862.80000000,67667.50000000,67760.10000000,87048.09000000
1772902800000,2026-03-07T17:00:00+00:00,67760.00000000,67919.30000000,67735.10000000,67755.50000000,71995.11000000
1772906400000,2026-03-07T18:00:00+00:00,67755.50000000,67755.90000000,67450.00000000,67534.60000000,206945.00000000
1772910000000,2026-03-07T19:00:00+00:00,67534.60000000,67548.20000000,66880.40000000,67040.10000000,470361.74000000
1772913600000,2026-03-07T20:00:00+00:00,67040.00000000,67418.80000000,67022.30000000,67356.50000000,155880.28000000
1772917200000,2026-03-07T21:00:00+00:00,67356.40000000,67444.90000000,67236.10000000,67413.20000000,85957.11000000
1772920800000,2026-03-07T22:00:00+00:00,67413.30000000,67436.30000000,67050.00000000,67227.20000000,110377.84000000
1772924400000,2026-03-07T23:00:00+00:00,67227.20000000,67364.30000000,67153.00000000,67227.70000000,96602.36000000
1772928000000,2026-03-08T00:00:00+00:00,67227.70000000,67463.10000000,67148.80000000,67161.10000000,131257.57000000
1772931600000,2026-03-08T01:00:00+00:00,67161.10000000,67320.00000000,67058.10000000,67265.50000000,136888.85000000
1772935200000,2026-03-08T02:00:00+00:00,67265.50000000,67410.10000000,66800.00000000,66897.50000000,366092.04000000
1772938800000,2026-03-08T03:00:00+00:00,66897.60000000,67066.00000000,66810.20000000,66983.00000000,232868.40000000
1772942400000,2026-03-08T04:00:00+00:00,66983.00000000,67064.00000000,66510.60000000,66612.10000000,339457.43000000
1772946000000,2026-03-08T05:00:00+00:00,66612.00000000,67218.00000000,66572.80000000,67112.30000000,281660.92000000
1772949600000,2026-03-08T06:00:00+00:00,67112.20000000,67208.10000000,67003.50000000,67130.00000000,143010.23000000
1772953200000,2026-03-08T07:00:00+00:00,67130.00000000,67438.50000000,67119.00000000,67275.70000000,203030.61000000
1772956800000,2026-03-08T08:00:00+00:00,67275.70000000,67555.00000000,67121.70000000,67500.00000000,229931.07000000
1772960400000,2026-03-08T09:00:00+00:00,67500.10000000,67866.00000000,67437.80000000,67653.80000000,359299.00000000
1772964000000,2026-03-08T10:00:00+00:00,67653.80000000,68167.60000000,67653.70000000,67865.00000000,483470.64000000
1772967600000,2026-03-08T11:00:00+00:00,67864.90000000,67865.00000000,67363.10000000,67479.00000000,462660.88000000
1772971200000,2026-03-08T12:00:00+00:00,67479.00000000,67619.60000000,66850.70000000,67286.30000000,503372.62000000
1772974800000,2026-03-08T13:00:00+00:00,67286.40000000,67402.30000000,66784.60000000,67207.10000000,531315.66000000
1772978400000,2026-03-08T14:00:00+00:00,67207.20000000,67395.00000000,67023.00000000,67305.50000000,223367.95000000
1772982000000,2026-03-08T15:00:00+00:00,67305.50000000,67338.00000000,67036.10000000,67174.90000000,125209.11000000
1772985600000,2026-03-08T16:00:00+00:00,67174.80000000,67229.00000000,66760.10000000,66840.00000000,206625.30000000
1772989200000,2026-03-08T17:00:00+00:00,66840.00000000,67150.00000000,66763.60000000,67019.00000000,178438.85000000
1772992800000,2026-03-08T18:00:00+00:00,67018.90000000,67060.10000000,66694.50000000,66781.60000000,169124.69000000
1772996400000,2026-03-08T19:00:00+00:00,66781.70000000,67449.20000000,66750.00000000,67300.40000000,242065.39000000
1773000000000,2026-03-08T20:00:00+00:00,67300.30000000,67488.00000000,66992.80000000,67196.80000000,201293.61000000
1773003600000,2026-03-08T21:00:00+00:00,67196.90000000,67228.70000000,66666.00000000,66976.80000000,255594.25000000
1773007200000,2026-03-08T22:00:00+00:00,66977.00000000,67000.00000000,65566.90000000,66207.60000000,1295534.45000000
1773010800000,2026-03-08T23:00:00+00:00,66207.70000000,66541.70000000,65894.60000000,65942.40000000,386791.73000000
1773014400000,2026-03-09T00:00:00+00:00,65942.40000000,66735.80000000,65781.70000000,66333.10000000,458989.48000000
1773018000000,2026-03-09T01:00:00+00:00,66333.10000000,66660.00000000,66074.60000000,66161.00000000,334109.81000000
1773021600000,2026-03-09T02:00:00+00:00,66161.00000000,66670.00000000,65928.20000000,66500.00000000,363406.82000000
1773025200000,2026-03-09T03:00:00+00:00,66500.10000000,67660.00000000,66474.60000000,67168.10000000,799489.45000000
1773028800000,2026-03-09T04:00:00+00:00,67168.10000000,67587.80000000,67064.30000000,67103.10000000,338006.30000000
1773032400000,2026-03-09T05:00:00+00:00,67103.20000000,68030.00000000,67071.50000000,67870.90000000,568040.77000000
1773036000000,2026-03-09T06:00:00+00:00,67870.90000000,67896.00000000,67220.00000000,67236.60000000,380527.43000000
1773039600000,2026-03-09T07:00:00+00:00,67236.60000000,67530.00000000,66833.20000000,67504.50000000,509353.02000000
1773043200000,2026-03-09T08:00:00+00:00,67504.60000000,67896.40000000,67330.00000000,67774.40000000,515625.70000000
1773046800000,2026-03-09T09:00:00+00:00,67774.50000000,68425.60000000,67533.00000000,67943.80000000,634904.10000000
1773050400000,2026-03-09T10:00:00+00:00,67943.90000000,68061.30000000,67520.00000000,67578.30000000,381855.77000000
1773054000000,2026-03-09T11:00:00+00:00,67578.40000000,67877.80000000,67286.30000000,67732.50000000,447718.18000000
1773057600000,2026-03-09T12:00:00+00:00,67732.40000000,68309.60000000,67722.30000000,68119.00000000,467724.58000000
1773061200000,2026-03-09T13:00:00+00:00,68119.00000000,69269.30000000,68095.50000000,68944.70000000,1244621.87000000
1773064800000,2026-03-09T14:00:00+00:00,68944.70000000,69460.00000000,68648.10000000,69116.30000000,986433.90000000
1773068400000,2026-03-09T15:00:00+00:00,69116.30000000,69223.90000000,68695.50000000,68833.80000000,572251.28000000
1773072000000,2026-03-09T16:00:00+00:00,68833.80000000,69199.00000000,68596.50000000,68924.60000000,493005.20000000
1773075600000,2026-03-09T17:00:00+00:00,68924.70000000,69056.00000000,68222.10000000,68561.30000000,467052.64000000
1773079200000,2026-03-09T18:00:00+00:00,68561.20000000,68674.10000000,68210.00000000,68325.00000000,261705.17000000
1773082800000,2026-03-09T19:00:00+00:00,68325.10000000,69547.60000000,68325.10000000,68950.60000000,687022.45000000
1773086400000,2026-03-09T20:00:00+00:00,68950.70000000,69110.90000000,68710.10000000,68912.90000000,185457.19000000
1773090000000,2026-03-09T21:00:00+00:00,68912.90000000,69070.40000000,68623.20000000,68880.00000000,141207.13000000
1773093600000,2026-03-09T22:00:00+00:00,68880.00000000,69003.60000000,68564.00000000,68597.90000000,158997.25000000
1773097200000,2026-03-09T23:00:00+00:00,68597.80000000,68659.90000000,68331.50000000,68387.60000000,165220.88000000
1773100800000,2026-03-10T00:00:00+00:00,68387.60000000,69257.60000000,68350.90000000,69114.10000000,404050.68000000
1773104400000,2026-03-10T01:00:00+00:00,69114.10000000,69358.90000000,68740.70000000,69220.10000000,311162.88000000
1773108000000,2026-03-10T02:00:00+00:00,69220.10000000,70550.00000000,69066.10000000,70235.30000000,1208317.27000000
1773111600000,2026-03-10T03:00:00+00:00,70235.30000000,70332.50000000,69340.00000000,69394.10000000,615768.81000000
1773115200000,2026-03-10T04:00:00+00:00,69394.10000000,70112.20000000,69394.10000000,70037.90000000,440397.07000000
1773118800000,2026-03-10T05:00:00+00:00,70037.90000000,70335.00000000,69853.10000000,69940.90000000,297611.13000000
1773122400000,2026-03-10T06:00:00+00:00,69941.00000000,70170.20000000,69722.00000000,69887.30000000,302775.47000000
1773126000000,2026-03-10T07:00:00+00:00,69887.20000000,70496.20000000,69800.00000000,70369.90000000,482154.51000000
1773129600000,2026-03-10T08:00:00+00:00,70370.00000000,71046.60000000,70331.60000000,70642.10000000,942294.92000000
1773133200000,2026-03-10T09:00:00+00:00,70642.00000000,71262.30000000,70595.60000000,71021.10000000,557793.08000000
1773136800000,2026-03-10T10:00:00+00:00,71021.10000000,71046.30000000,70624.10000000,70742.90000000,345632.68000000
1773140400000,2026-03-10T11:00:00+00:00,70743.00000000,70833.00000000,70500.00000000,70567.30000000,267773.71000000
1773144000000,2026-03-10T12:00:00+00:00,70567.40000000,70598.00000000,70260.00000000,70485.70000000,362161.71000000
1773147600000,2026-03-10T13:00:00+00:00,70485.70000000,70890.00000000,69681.80000000,69883.20000000,1206997.23000000
1773151200000,2026-03-10T14:00:00+00:00,69883.20000000,71491.40000000,69250.00000000,71432.20000000,1752448.83000000
1773154800000,2026-03-10T15:00:00+00:00,71432.10000000,71755.20000000,70865.00000000,71305.40000000,1134516.79000000
1773158400000,2026-03-10T16:00:00+00:00,71305.50000000,71670.00000000,70900.10000000,71225.90000000,563030.23000000
1773162000000,2026-03-10T17:00:00+00:00,71225.90000000,71421.20000000,70454.50000000,70829.20000000,545079.68000000
1773165600000,2026-03-10T18:00:00+00:00,70829.10000000,70878.60000000,69837.90000000,69977.40000000,721789.90000000
1773169200000,2026-03-10T19:00:00+00:00,69977.40000000,70247.90000000,69650.00000000,70003.90000000,452657.83000000
1773172800000,2026-03-10T20:00:00+00:00,70003.90000000,70315.10000000,69963.40000000,70193.10000000,191977.59000000
1773176400000,2026-03-10T21:00:00+00:00,70193.10000000,70375.90000000,69469.30000000,69715.40000000,321877.13000000
1773180000000,2026-03-10T22:00:00+00:00,69715.40000000,69830.00000000,69415.20000000,69660.20000000,238738.81000000
1773183600000,2026-03-10T23:00:00+00:00,69660.20000000,69957.40000000,69650.90000000,69912.90000000,198805.86000000
1773187200000,2026-03-11T00:00:00+00:00,69912.90000000,70143.50000000,69712.40000000,69999.20000000,330975.19000000
1773190800000,2026-03-11T01:00:00+00:00,69999.30000000,70112.30000000,69833.00000000,70034.00000000,190232.94000000
1773194400000,2026-03-11T02:00:00+00:00,70034.10000000,70087.30000000,69571.00000000,69779.80000000,233665.93000000
1773198000000,2026-03-11T03:00:00+00:00,69779.70000000,69862.80000000,69450.00000000,69518.40000000,222522.51000000
1773201600000,2026-03-11T04:00:00+00:00,69518.30000000,70255.90000000,69466.40000000,70098.10000000,378313.64000000
1773205200000,2026-03-11T05:00:00+00:00,70098.10000000,70188.50000000,69360.00000000,69469.00000000,428657.05000000
1773208800000,2026-03-11T06:00:00+00:00,69469.00000000,69971.90000000,69456.10000000,69907.80000000,314938.98000000
1773212400000,2026-03-11T07:00:00+00:00,69907.80000000,70004.40000000,69467.60000000,69625.20000000,264295.18000000
1773216000000,2026-03-11T08:00:00+00:00,69625.20000000,69818.80000000,69468.00000000,69626.40000000,391298.40000000
1773219600000,2026-03-11T09:00:00+00:00,69626.40000000,69760.00000000,69359.00000000,69437.90000000,285243.94000000
1773223200000,2026-03-11T10:00:00+00:00,69437.90000000,69695.00000000,69367.00000000,69586.70000000,219302.89000000
1773226800000,2026-03-11T11:00:00+00:00,69586.90000000,69650.00000000,69100.00000000,69143.90000000,431276.19000000
1773230400000,2026-03-11T12:00:00+00:00,69143.90000000,69750.00000000,68944.40000000,69321.50000000,771990.28000000
1773234000000,2026-03-11T13:00:00+00:00,69321.40000000,71055.30000000,69299.60000000,70138.50000000,1761295.54000000
1773237600000,2026-03-11T14:00:00+00:00,70138.60000000,70943.80000000,69920.00000000,70536.80000000,1212863.58000000
1773241200000,2026-03-11T15:00:00+00:00,70536.80000000,70609.50000000,69618.00000000,70194.20000000,879890.09000000
1773244800000,2026-03-11T16:00:00+00:00,70194.20000000,70799.80000000,70119.40000000,70537.90000000,584790.69000000
1773248400000,2026-03-11T17:00:00+00:00,70537.90000000,71297.70000000,70477.80000000,70750.00000000,1025196.08000000
1773252000000,2026-03-11T18:00:00+00:00,70750.00000000,70871.70000000,70367.70000000,70587.90000000,403242.98000000
1773255600000,2026-03-11T19:00:00+00:00,70587.80000000,70720.20000000,70333.70000000,70611.40000000,170034.92000000
1773259200000,2026-03-11T20:00:00+00:00,70611.80000000,70668.00000000,70352.00000000,70588.50000000,127136.90000000
1773262800000,2026-03-11T21:00:00+00:00,70588.50000000,70766.00000000,70436.20000000,70700.70000000,152380.11000000
1773266400000,2026-03-11T22:00:00+00:00,70700.80000000,70917.90000000,70183.90000000,70328.20000000,319512.40000000
1773270000000,2026-03-11T23:00:00+00:00,70328.10000000,70472.00000000,70080.10000000,70151.50000000,198467.40000000
1773273600000,2026-03-12T00:00:00+00:00,70151.50000000,70311.00000000,70087.50000000,70180.00000000,148783.05000000
1773277200000,2026-03-12T01:00:00+00:00,70180.10000000,70190.70000000,69714.00000000,69808.40000000,416555.20000000
1773280800000,2026-03-12T02:00:00+00:00,69808.30000000,69850.00000000,69172.10000000,69241.90000000,528714.48000000
1773284400000,2026-03-12T03:00:00+00:00,69241.90000000,69588.00000000,69192.80000000,69409.90000000,331741.13000000
1773288000000,2026-03-12T04:00:00+00:00,69409.90000000,69646.20000000,69250.10000000,69328.30000000,227286.25000000
1773291600000,2026-03-12T05:00:00+00:00,69328.20000000,69507.50000000,69156.00000000,69432.70000000,243029.76000000
1773295200000,2026-03-12T06:00:00+00:00,69432.70000000,69525.00000000,69325.00000000,69468.00000000,155778.58000000
1773298800000,2026-03-12T07:00:00+00:00,69468.00000000,69812.80000000,69387.80000000,69783.80000000,330112.53000000
1773302400000,2026-03-12T08:00:00+00:00,69783.70000000,70112.10000000,69663.00000000,69873.70000000,496476.08000000
1773306000000,2026-03-12T09:00:00+00:00,69873.80000000,70368.50000000,69531.00000000,69919.30000000,562872.92000000
1773309600000,2026-03-12T10:00:00+00:00,69919.30000000,70499.80000000,69822.00000000,70373.30000000,475979.99000000
1773313200000,2026-03-12T11:00:00+00:00,70373.40000000,70779.20000000,70328.80000000,70381.60000000,460713.23000000
1773316800000,2026-03-12T12:00:00+00:00,70381.60000000,70587.80000000,70222.00000000,70349.90000000,362941.97000000
1773320400000,2026-03-12T13:00:00+00:00,70349.90000000,70498.40000000,69643.80000000,69940.20000000,802688.89000000
1773324000000,2026-03-12T14:00:00+00:00,69940.30000000,70647.60000000,69304.70000000,69556.00000000,1295598.01000000
1773327600000,2026-03-12T15:00:00+00:00,69556.10000000,70529.30000000,69428.60000000,70291.00000000,928390.78000000
1773331200000,2026-03-12T16:00:00+00:00,70291.10000000,70542.70000000,69864.30000000,70340.90000000,684497.75000000
1773334800000,2026-03-12T17:00:00+00:00,70340.90000000,70511.40000000,70027.30000000,70179.20000000,333850.99000000
1773338400000,2026-03-12T18:00:00+00:00,70179.10000000,70273.60000000,69763.30000000,69781.70000000,285264.35000000
1773342000000,2026-03-12T19:00:00+00:00,69781.70000000,70519.40000000,69722.60000000,70393.80000000,347837.43000000
1773345600000,2026-03-12T20:00:00+00:00,70393.80000000,70519.00000000,70067.70000000,70129.30000000,141174.76000000
1773349200000,2026-03-12T21:00:00+00:00,70129.30000000,70440.00000000,70129.30000000,70246.80000000,101973.08000000
1773352800000,2026-03-12T22:00:00+00:00,70246.70000000,70278.80000000,69975.10000000,70134.00000000,135505.26000000
1773356400000,2026-03-12T23:00:00+00:00,70133.90000000,70711.70000000,70118.00000000,70479.60000000,333978.11000000
1773360000000,2026-03-13T00:00:00+00:00,70479.50000000,71988.00000000,70345.20000000,71444.00000000,1341525.90000000
1773363600000,2026-03-13T01:00:00+00:00,71443.90000000,71720.00000000,71232.70000000,71626.60000000,378661.30000000
1773367200000,2026-03-13T02:00:00+00:00,71626.70000000,71659.00000000,71017.90000000,71120.10000000,365375.80000000
1773370800000,2026-03-13T03:00:00+00:00,71120.10000000,71485.00000000,70926.70000000,71372.00000000,333484.32000000
1773374400000,2026-03-13T04:00:00+00:00,71372.00000000,71465.00000000,71204.20000000,71353.20000000,163142.06000000
1773378000000,2026-03-13T05:00:00+00:00,71353.20000000,71599.00000000,71212.60000000,71516.90000000,256927.57000000
1773381600000,2026-03-13T06:00:00+00:00,71516.90000000,71558.10000000,71125.20000000,71311.90000000,235739.59000000
1773385200000,2026-03-13T07:00:00+00:00,71312.00000000,71647.60000000,71200.00000000,71586.90000000,343949.27000000
1773388800000,2026-03-13T08:00:00+00:00,71586.80000000,72183.00000000,71360.00000000,71795.40000000,827687.61000000
1773392400000,2026-03-13T09:00:00+00:00,71795.30000000,72072.60000000,71528.20000000,71974.00000000,519374.94000000
1773396000000,2026-03-13T10:00:00+00:00,71974.00000000,72555.90000000,71960.80000000,72420.90000000,830809.84000000
1773399600000,2026-03-13T11:00:00+00:00,72421.00000000,72498.00000000,72169.00000000,72200.10000000,333694.46000000
1773403200000,2026-03-13T12:00:00+00:00,72200.00000000,72870.00000000,72154.90000000,72741.90000000,631242.71000000
1773406800000,2026-03-13T13:00:00+00:00,72741.90000000,73554.40000000,72633.70000000,73342.10000000,1400029.10000000
1773410400000,2026-03-13T14:00:00+00:00,73342.00000000,73866.70000000,72327.60000000,72360.00000000,1760717.65000000
1773414000000,2026-03-13T15:00:00+00:00,72360.00000000,72798.00000000,71701.00000000,71800.00000000,1348302.25000000
1773417600000,2026-03-13T16:00:00+00:00,71800.10000000,72063.50000000,71124.80000000,71841.80000000,1394160.14000000
1773421200000,2026-03-13T17:00:00+00:00,71841.70000000,72216.80000000,70862.00000000,70996.70000000,971214.88000000
1773424800000,2026-03-13T18:00:00+00:00,70996.60000000,71314.80000000,70777.20000000,71017.10000000,522917.48000000
1773428400000,2026-03-13T19:00:00+00:00,71017.10000000,71273.00000000,70966.60000000,71140.90000000,265582.25000000
1773432000000,2026-03-13T20:00:00+00:00,71141.00000000,71445.20000000,71100.00000000,71309.10000000,210080.38000000
1773435600000,2026-03-13T21:00:00+00:00,71309.00000000,71460.50000000,71029.80000000,71060.60000000,143863.03000000
1773439200000,2026-03-13T22:00:00+00:00,71060.60000000,71156.10000000,70517.20000000,70785.20000000,388492.82000000
1773442800000,2026-03-13T23:00:00+00:00,70785.10000000,70970.00000000,70668.60000000,70897.00000000,188295.86000000
1773446400000,2026-03-14T00:00:00+00:00,70897.00000000,70920.00000000,70517.20000000,70605.10000000,247103.23000000
1773450000000,2026-03-14T01:00:00+00:00,70605.20000000,70874.20000000,70400.00000000,70795.60000000,263118.20000000
1773453600000,2026-03-14T02:00:00+00:00,70795.60000000,70868.50000000,70700.00000000,70754.80000000,132905.69000000
1773457200000,2026-03-14T03:00:00+00:00,70754.70000000,71132.00000000,70754.70000000,71039.10000000,254093.91000000
1773460800000,2026-03-14T04:00:00+00:00,71039.10000000,71275.20000000,70980.60000000,71003.50000000,218323.25000000
1773464400000,2026-03-14T05:00:00+00:00,71003.50000000,71117.00000000,70881.80000000,70981.70000000,153295.19000000
1773468000000,2026-03-14T06:00:00+00:00,70981.60000000,70981.70000000,70250.20000000,70591.60000000,536030.88000000
1773471600000,2026-03-14T07:00:00+00:00,70591.70000000,70698.70000000,70427.60000000,70560.30000000,216124.26000000
1773475200000,2026-03-14T08:00:00+00:00,70560.20000000,70694.10000000,70499.90000000,70548.50000000,116232.24000000
1773478800000,2026-03-14T09:00:00+00:00,70548.40000000,70688.00000000,70354.50000000,70472.60000000,225989.24000000
1773482400000,2026-03-14T10:00:00+00:00,70472.60000000,70542.30000000,70330.40000000,70525.10000000,145930.78000000
1773486000000,2026-03-14T11:00:00+00:00,70525.00000000,70782.90000000,70519.10000000,70703.00000000,177070.78000000
1773489600000,2026-03-14T12:00:00+00:00,70702.90000000,70812.10000000,70565.50000000,70728.50000000,141564.38000000
1773493200000,2026-03-14T13:00:00+00:00,70728.50000000,70888.00000000,70672.00000000,70815.80000000,176278.59000000
1773496800000,2026-03-14T14:00:00+00:00,70815.80000000,70915.60000000,70525.70000000,70565.40000000,227949.12000000
1773500400000,2026-03-14T15:00:00+00:00,70565.40000000,70692.00000000,70450.10000000,70555.70000000,156685.79000000
1773504000000,2026-03-14T16:00:00+00:00,70555.60000000,70673.00000000,70455.00000000,70633.40000000,107025.45000000
1773507600000,2026-03-14T17:00:00+00:00,70633.40000000,70696.10000000,70550.00000000,70587.40000000,57441.77000000
1773511200000,2026-03-14T18:00:00+00:00,70587.50000000,70670.00000000,70516.70000000,70622.70000000,53833.93000000
1773514800000,2026-03-14T19:00:00+00:00,70622.60000000,70709.60000000,70555.60000000,70665.70000000,48698.36000000
1773518400000,2026-03-14T20:00:00+00:00,70665.80000000,70829.00000000,70605.10000000,70769.80000000,63907.31000000
1773522000000,2026-03-14T21:00:00+00:00,70769.70000000,70786.00000000,70623.40000000,70765.80000000,62811.65000000
1773525600000,2026-03-14T22:00:00+00:00,70765.80000000,70775.00000000,70656.10000000,70675.70000000,42992.18000000
1773529200000,2026-03-14T23:00:00+00:00,70675.70000000,71212.10000000,70675.70000000,71172.80000000,262732.42000000
1773532800000,2026-03-15T00:00:00+00:00,71172.80000000,71176.90000000,70925.00000000,70944.90000000,145711.83000000
1773536400000,2026-03-15T01:00:00+00:00,70944.90000000,71003.70000000,70810.50000000,70955.70000000,101426.62000000
1773540000000,2026-03-15T02:00:00+00:00,70955.70000000,71598.70000000,70955.70000000,71410.10000000,468574.31000000
1773543600000,2026-03-15T03:00:00+00:00,71410.10000000,71488.00000000,71189.40000000,71318.90000000,199328.02000000
1773547200000,2026-03-15T04:00:00+00:00,71318.90000000,71644.50000000,71286.70000000,71543.90000000,241116.56000000
1773550800000,2026-03-15T05:00:00+00:00,71544.00000000,71786.20000000,71435.10000000,71460.20000000,236437.90000000
1773554400000,2026-03-15T06:00:00+00:00,71460.30000000,71563.90000000,71350.20000000,71423.30000000,148484.11000000
1773558000000,2026-03-15T07:00:00+00:00,71423.20000000,71633.60000000,71370.00000000,71416.00000000,166354.08000000
1773561600000,2026-03-15T08:00:00+00:00,71416.10000000,71680.00000000,71416.10000000,71680.00000000,149032.83000000
1773565200000,2026-03-15T09:00:00+00:00,71679.90000000,71900.00000000,71663.40000000,71750.00000000,306504.86000000
1773568800000,2026-03-15T10:00:00+00:00,71750.10000000,71882.20000000,71672.20000000,71738.40000000,103531.81000000
1773572400000,2026-03-15T11:00:00+00:00,71738.40000000,71878.90000000,71610.20000000,71802.80000000,173098.53000000
1773576000000,2026-03-15T12:00:00+00:00,71802.80000000,71805.50000000,71518.00000000,71574.70000000,151962.59000000
1773579600000,2026-03-15T13:00:00+00:00,71574.80000000,71646.10000000,71223.00000000,71568.40000000,485011.50000000
1773583200000,2026-03-15T14:00:00+00:00,71568.30000000,71599.70000000,71310.00000000,71596.20000000,204039.32000000
1773586800000,2026-03-15T15:00:00+00:00,71596.20000000,71600.00000000,71380.00000000,71450.10000000,115687.98000000
1773590400000,2026-03-15T16:00:00+00:00,71450.00000000,71556.10000000,71237.00000000,71400.00000000,198965.64000000
1773594000000,2026-03-15T17:00:00+00:00,71400.00000000,71969.50000000,71372.10000000,71781.70000000,331102.15000000
1773597600000,2026-03-15T18:00:00+00:00,71781.80000000,71855.30000000,71288.00000000,71350.10000000,197857.09000000
1773601200000,2026-03-15T19:00:00+00:00,71350.10000000,71538.80000000,71296.00000000,71511.10000000,146096.47000000
1773604800000,2026-03-15T20:00:00+00:00,71511.10000000,71914.20000000,71390.10000000,71690.30000000,155252.65000000
1773608400000,2026-03-15T21:00:00+00:00,71690.40000000,72188.00000000,71595.10000000,72075.40000000,269752.25000000
1773612000000,2026-03-15T22:00:00+00:00,72075.50000000,73099.90000000,71682.30000000,72709.90000000,784537.10000000
1773615600000,2026-03-15T23:00:00+00:00,72709.90000000,73179.60000000,72373.40000000,72774.10000000,636263.31000000
1773619200000,2026-03-16T00:00:00+00:00,72774.10000000,72977.00000000,72415.00000000,72496.10000000,260440.15000000
1773622800000,2026-03-16T01:00:00+00:00,72496.10000000,72825.00000000,72213.70000000,72723.00000000,296290.80000000
1773626400000,2026-03-16T02:00:00+00:00,72723.00000000,72829.50000000,72327.50000000,72480.10000000,202146.27000000
1773630000000,2026-03-16T03:00:00+00:00,72480.10000000,74316.50000000,72392.40000000,73548.00000000,1481177.09000000
1773633600000,2026-03-16T04:00:00+00:00,73548.00000000,74449.70000000,73547.90000000,73807.90000000,853731.60000000
1773637200000,2026-03-16T05:00:00+00:00,73807.90000000,74229.90000000,73688.00000000,74166.10000000,484688.59000000
1773640800000,2026-03-16T06:00:00+00:00,74166.10000000,74180.30000000,73543.40000000,73677.90000000,343681.06000000
1773644400000,2026-03-16T07:00:00+00:00,73678.00000000,73896.20000000,73352.00000000,73428.80000000,383011.54000000
1773648000000,2026-03-16T08:00:00+00:00,73428.80000000,73750.00000000,72828.80000000,73109.20000000,580968.44000000
1773651600000,2026-03-16T09:00:00+00:00,73109.20000000,73316.90000000,73030.00000000,73232.60000000,213411.02000000
1773655200000,2026-03-16T10:00:00+00:00,73232.70000000,73778.40000000,73164.60000000,73750.80000000,391131.86000000
1773658800000,2026-03-16T11:00:00+00:00,73750.80000000,73805.90000000,73479.90000000,73518.30000000,251657.11000000
1773662400000,2026-03-16T12:00:00+00:00,73518.20000000,74024.80000000,73420.00000000,73832.10000000,472978.59000000
1773666000000,2026-03-16T13:00:00+00:00,73832.10000000,74499.90000000,73750.00000000,74077.80000000,851186.55000000
1773669600000,2026-03-16T14:00:00+00:00,74077.90000000,74430.00000000,72950.20000000,73523.90000000,1152298.76000000
1773673200000,2026-03-16T15:00:00+00:00,73524.00000000,73996.00000000,73146.50000000,73240.90000000,641690.60000000
1773676800000,2026-03-16T16:00:00+00:00,73240.80000000,73900.00000000,73102.30000000,73726.80000000,410638.12000000
1773680400000,2026-03-16T17:00:00+00:00,73726.80000000,74042.90000000,73610.30000000,73910.50000000,341433.15000000
1773684000000,2026-03-16T18:00:00+00:00,73910.50000000,74332.00000000,73790.10000000,73879.90000000,535104.26000000
1773687600000,2026-03-16T19:00:00+00:00,73880.00000000,74388.00000000,73726.20000000,73930.00000000,345595.21000000
1773691200000,2026-03-16T20:00:00+00:00,73930.00000000,74222.10000000,73829.60000000,74196.80000000,117063.65000000
1773694800000,2026-03-16T21:00:00+00:00,74196.90000000,74794.90000000,74100.10000000,74362.70000000,556287.66000000
1773698400000,2026-03-16T22:00:00+00:00,74362.70000000,74880.00000000,74328.00000000,74720.30000000,388841.34000000
1773702000000,2026-03-16T23:00:00+00:00,74720.40000000,74877.80000000,74206.60000000,74842.30000000,366647.11000000
1773705600000,2026-03-17T00:00:00+00:00,74842.20000000,75500.00000000,74572.60000000,75287.50000000,964616.79000000
1773709200000,2026-03-17T01:00:00+00:00,75287.50000000,75983.80000000,75027.30000000,75584.10000000,939562.33000000
1773712800000,2026-03-17T02:00:00+00:00,75584.10000000,75649.90000000,75081.60000000,75170.00000000,370003.35000000
1773716400000,2026-03-17T03:00:00+00:00,75169.90000000,75298.10000000,74227.50000000,74438.80000000,790933.91000000
1773720000000,2026-03-17T04:00:00+00:00,74438.80000000,74650.00000000,73957.00000000,74214.90000000,582162.58000000
1773723600000,2026-03-17T05:00:00+00:00,74214.80000000,74426.10000000,73750.00000000,74006.10000000,418320.05000000
1773727200000,2026-03-17T06:00:00+00:00,74006.10000000,74252.70000000,73845.70000000,74045.30000000,336314.04000000
1773730800000,2026-03-17T07:00:00+00:00,74045.30000000,74444.20000000,74030.10000000,74215.80000000,229168.95000000
1773734400000,2026-03-17T08:00:00+00:00,74215.90000000,74420.60000000,74070.00000000,74154.50000000,230337.59000000
1773738000000,2026-03-17T09:00:00+00:00,74154.60000000,74379.00000000,73800.30000000,73906.00000000,326916.15000000
1773741600000,2026-03-17T10:00:00+00:00,73905.90000000,73933.00000000,73518.00000000,73707.80000000,474149.37000000
1773745200000,2026-03-17T11:00:00+00:00,73707.80000000,74188.00000000,73652.90000000,73989.60000000,324912.55000000
1773748800000,2026-03-17T12:00:00+00:00,73989.50000000,74142.00000000,73626.00000000,73708.80000000,297167.38000000
1773752400000,2026-03-17T13:00:00+00:00,73708.80000000,74141.10000000,73249.40000000,73581.90000000,775712.74000000
1773756000000,2026-03-17T14:00:00+00:00,73581.90000000,74383.30000000,73380.60000000,74344.40000000,634523.65000000
1773759600000,2026-03-17T15:00:00+00:00,74344.50000000,74850.00000000,73627.60000000,73878.00000000,948741.79000000
1773763200000,2026-03-17T16:00:00+00:00,73878.00000000,74319.60000000,73817.50000000,74119.90000000,328809.92000000
1773766800000,2026-03-17T17:00:00+00:00,74120.00000000,74567.70000000,73968.30000000,74492.30000000,278592.28000000
1773770400000,2026-03-17T18:00:00+00:00,74492.30000000,74739.00000000,74340.10000000,74645.60000000,289505.82000000
1773774000000,2026-03-17T19:00:00+00:00,74645.60000000,74773.30000000,74388.10000000,74472.10000000,205841.04000000
1773777600000,2026-03-17T20:00:00+00:00,74472.00000000,74660.30000000,74321.90000000,74480.00000000,112489.46000000
1773781200000,2026-03-17T21:00:00+00:00,74480.00000000,74771.70000000,74424.40000000,74651.20000000,121767.47000000
1773784800000,2026-03-17T22:00:00+00:00,74651.30000000,74733.10000000,73880.00000000,74272.00000000,224929.33000000
1773788400000,2026-03-17T23:00:00+00:00,74272.00000000,74368.10000000,73831.30000000,73870.60000000,190946.45000000
1773792000000,2026-03-18T00:00:00+00:00,73870.60000000,74029.70000000,73485.70000000,73820.00000000,324535.64000000
1773795600000,2026-03-18T01:00:00+00:00,73820.00000000,74172.00000000,73764.40000000,74036.80000000,253629.81000000
1773799200000,2026-03-18T02:00:00+00:00,74036.80000000,74443.80000000,74004.20000000,74299.90000000,198230.74000000
1773802800000,2026-03-18T03:00:00+00:00,74299.90000000,74644.40000000,74205.60000000,74415.00000000,243616.98000000
1773806400000,2026-03-18T04:00:00+00:00,74414.90000000,74459.00000000,74102.40000000,74144.30000000,174440.58000000
1773810000000,2026-03-18T05:00:00+00:00,74144.20000000,74273.80000000,73800.10000000,73920.30000000,233336.52000000
1773813600000,2026-03-18T06:00:00+00:00,73920.20000000,74192.60000000,73900.10000000,73915.30000000,203741.38000000
1773817200000,2026-03-18T07:00:00+00:00,73915.30000000,73960.00000000,73650.00000000,73851.90000000,320074.55000000
1773820800000,2026-03-18T08:00:00+00:00,73852.00000000,74090.00000000,73834.00000000,74008.90000000,205471.76000000
1773824400000,2026-03-18T09:00:00+00:00,74008.90000000,74248.80000000,74000.00000000,74140.00000000,167622.28000000
1773828000000,2026-03-18T10:00:00+00:00,74139.90000000,74223.60000000,73750.50000000,73900.10000000,236627.60000000
1773831600000,2026-03-18T11:00:00+00:00,73900.10000000,74047.30000000,72750.00000000,72913.40000000,1212507.72000000
1773835200000,2026-03-18T12:00:00+00:00,72913.50000000,72948.90000000,72222.00000000,72324.00000000,978051.58000000
1773838800000,2026-03-18T13:00:00+00:00,72324.00000000,72525.50000000,71930.00000000,72097.20000000,838361.07000000
1773842400000,2026-03-18T14:00:00+00:00,72097.20000000,72184.20000000,71032.40000000,71154.20000000,1206936.55000000
1773846000000,2026-03-18T15:00:00+00:00,71154.20000000,71500.30000000,70812.10000000,71436.40000000,1075072.36000000
1773849600000,2026-03-18T16:00:00+00:00,71436.40000000,71539.20000000,70984.50000000,71280.60000000,487757.41000000
1773853200000,2026-03-18T17:00:00+00:00,71280.70000000,71712.60000000,71157.30000000,71553.00000000,447112.76000000
1773856800000,2026-03-18T18:00:00+00:00,71553.10000000,71964.90000000,70895.80000000,71056.70000000,785683.38000000
1773860400000,2026-03-18T19:00:00+00:00,71056.70000000,71453.70000000,70880.00000000,71022.40000000,356654.48000000
1773864000000,2026-03-18T20:00:00+00:00,71022.40000000,71293.40000000,70452.80000000,71171.70000000,579027.81000000
1773867600000,2026-03-18T21:00:00+00:00,71171.70000000,71390.00000000,71125.00000000,71226.70000000,153238.16000000
1773871200000,2026-03-18T22:00:00+00:00,71226.70000000,71232.10000000,70910.00000000,71114.90000000,177155.73000000
1773874800000,2026-03-18T23:00:00+00:00,71114.90000000,71330.00000000,71026.90000000,71211.60000000,135197.54000000
1773878400000,2026-03-19T00:00:00+00:00,71211.60000000,71287.90000000,70943.60000000,70970.60000000,165837.24000000
1773882000000,2026-03-19T01:00:00+00:00,70970.50000000,71151.90000000,70920.10000000,71081.40000000,164631.02000000
1773885600000,2026-03-19T02:00:00+00:00,71081.40000000,71220.00000000,70862.50000000,71016.50000000,166426.36000000
1773889200000,2026-03-19T03:00:00+00:00,71016.50000000,71582.90000000,71010.00000000,71180.00000000,356607.18000000
1773892800000,2026-03-19T04:00:00+00:00,71180.00000000,71180.10000000,70628.00000000,70792.60000000,427014.40000000
1773896400000,2026-03-19T05:00:00+00:00,70792.60000000,70880.00000000,70630.00000000,70795.10000000,152684.61000000
1773900000000,2026-03-19T06:00:00+00:00,70795.00000000,70933.00000000,70448.20000000,70548.20000000,295706.04000000
1773903600000,2026-03-19T07:00:00+00:00,70548.20000000,70574.00000000,69438.00000000,70149.00000000,1407559.89000000
1773907200000,2026-03-19T08:00:00+00:00,70149.00000000,70260.00000000,69856.50000000,69952.20000000,340332.53000000
1773910800000,2026-03-19T09:00:00+00:00,69952.20000000,70533.80000000,69936.40000000,70461.20000000,453054.63000000
1773914400000,2026-03-19T10:00:00+00:00,70461.20000000,70508.30000000,70071.20000000,70091.50000000,227740.58000000
1773918000000,2026-03-19T11:00:00+00:00,70091.50000000,70238.30000000,69868.90000000,69920.20000000,289025.21000000
1773921600000,2026-03-19T12:00:00+00:00,69920.20000000,69920.30000000,69056.80000000,69266.90000000,851101.78000000
1773925200000,2026-03-19T13:00:00+00:00,69266.90000000,70055.30000000,69036.10000000,69875.30000000,916012.81000000
1773928800000,2026-03-19T14:00:00+00:00,69875.40000000,70130.90000000,69068.60000000,69453.40000000,817243.86000000
1773932400000,2026-03-19T15:00:00+00:00,69453.40000000,69898.70000000,68755.00000000,69375.00000000,1181357.60000000
1773936000000,2026-03-19T16:00:00+00:00,69375.00000000,69614.20000000,69131.70000000,69427.00000000,478520.02000000
1773939600000,2026-03-19T17:00:00+00:00,69427.00000000,69927.70000000,69090.70000000,69817.90000000,476662.60000000
1773943200000,2026-03-19T18:00:00+00:00,69817.90000000,69897.60000000,69542.30000000,69783.00000000,245102.71000000
1773946800000,2026-03-19T19:00:00+00:00,69782.90000000,70564.40000000,69760.10000000,70230.00000000,745932.63000000
1773950400000,2026-03-19T20:00:00+00:00,70230.00000000,70638.00000000,70150.90000000,70444.00000000,175886.33000000
1773954000000,2026-03-19T21:00:00+00:00,70444.00000000,70655.20000000,70324.80000000,70369.90000000,197101.75000000
1773957600000,2026-03-19T22:00:00+00:00,70369.90000000,70466.00000000,69913.70000000,70149.70000000,197472.90000000
1773961200000,2026-03-19T23:00:00+00:00,70149.60000000,70254.60000000,69676.40000000,69884.80000000,259103.40000000
1773964800000,2026-03-20T00:00:00+00:00,69884.80000000,70277.00000000,69800.00000000,70164.90000000,203466.91000000
1773968400000,2026-03-20T01:00:00+00:00,70164.90000000,70554.90000000,70142.00000000,70370.00000000,226407.65000000
1773972000000,2026-03-20T02:00:00+00:00,70370.00000000,70483.20000000,70042.10000000,70379.00000000,242462.56000000
1773975600000,2026-03-20T03:00:00+00:00,70379.10000000,70778.80000000,70347.80000000,70693.20000000,391871.57000000
1773979200000,2026-03-20T04:00:00+00:00,70693.10000000,70930.00000000,70511.00000000,70738.10000000,360491.20000000
1773982800000,2026-03-20T05:00:00+00:00,70738.10000000,70833.30000000,70460.00000000,70560.00000000,189558.23000000
1773986400000,2026-03-20T06:00:00+00:00,70560.10000000,70616.70000000,70314.80000000,70463.70000000,245279.61000000
1773990000000,2026-03-20T07:00:00+00:00,70463.60000000,70906.80000000,70174.10000000,70821.90000000,500395.62000000
1773993600000,2026-03-20T08:00:00+00:00,70821.90000000,71343.70000000,70757.70000000,71010.70000000,665359.84000000
1773997200000,2026-03-20T09:00:00+00:00,71010.70000000,71022.00000000,70380.00000000,70554.00000000,619179.89000000
1774000800000,2026-03-20T10:00:00+00:00,70553.90000000,70648.00000000,70181.60000000,70585.60000000,388559.50000000
1774004400000,2026-03-20T11:00:00+00:00,70585.50000000,70776.80000000,70270.10000000,70445.10000000,342875.35000000
1774008000000,2026-03-20T12:00:00+00:00,70445.00000000,70652.00000000,70207.00000000,70310.10000000,302243.77000000
1774011600000,2026-03-20T13:00:00+00:00,70310.00000000,70587.80000000,69759.70000000,69837.50000000,875922.67000000
1774015200000,2026-03-20T14:00:00+00:00,69837.50000000,70240.00000000,69555.10000000,69708.00000000,1120331.20000000
1774018800000,2026-03-20T15:00:00+00:00,69708.10000000,69976.90000000,69453.80000000,69840.10000000,585636.39000000
1774022400000,2026-03-20T16:00:00+00:00,69840.00000000,70072.30000000,69580.00000000,69804.00000000,372806.02000000
1774026000000,2026-03-20T17:00:00+00:00,69804.00000000,69998.00000000,69354.60000000,69965.20000000,428888.04000000
1774029600000,2026-03-20T18:00:00+00:00,69965.20000000,70049.70000000,69478.20000000,69730.00000000,426339.39000000
1774033200000,2026-03-20T19:00:00+00:00,69730.10000000,70154.50000000,69631.60000000,70146.90000000,371997.39000000
1774036800000,2026-03-20T20:00:00+00:00,70146.90000000,70222.00000000,69720.00000000,70014.80000000,236155.84000000
1774040400000,2026-03-20T21:00:00+00:00,70014.80000000,70733.00000000,69909.60000000,70506.80000000,364788.23000000
1774044000000,2026-03-20T22:00:00+00:00,70506.90000000,70911.20000000,70479.60000000,70733.10000000,262344.42000000
1774047600000,2026-03-20T23:00:00+00:00,70733.20000000,70741.00000000,70400.00000000,70476.20000000,171624.05000000
1774051200000,2026-03-21T00:00:00+00:00,70476.20000000,70797.00000000,70434.80000000,70653.70000000,158860.73000000
1774054800000,2026-03-21T01:00:00+00:00,70653.80000000,70735.00000000,70433.80000000,70439.40000000,115976.31000000
1774058400000,2026-03-21T02:00:00+00:00,70439.50000000,70750.00000000,70407.10000000,70699.90000000,152693.26000000
1774062000000,2026-03-21T03:00:00+00:00,70699.80000000,70750.00000000,70590.10000000,70637.20000000,93131.50000000
1774065600000,2026-03-21T04:00:00+00:00,70637.10000000,70784.90000000,70580.00000000,70604.10000000,122600.47000000
1774069200000,2026-03-21T05:00:00+00:00,70604.10000000,70794.80000000,70588.00000000,70666.40000000,116872.25000000
1774072800000,2026-03-21T06:00:00+00:00,70666.30000000,70784.40000000,70657.70000000,70732.40000000,87013.21000000
1774076400000,2026-03-21T07:00:00+00:00,70732.40000000,70835.00000000,70636.80000000,70682.90000000,149975.05000000
1774080000000,2026-03-21T08:00:00+00:00,70682.90000000,70723.70000000,70416.50000000,70557.90000000,254333.38000000
1774083600000,2026-03-21T09:00:00+00:00,70557.90000000,70710.30000000,70514.90000000,70627.70000000,109251.75000000
1774087200000,2026-03-21T10:00:00+00:00,70627.80000000,70692.40000000,70525.50000000,70575.60000000,66096.86000000
1774090800000,2026-03-21T11:00:00+00:00,70575.70000000,70620.00000000,70528.10000000,70618.10000000,57947.35000000
1774094400000,2026-03-21T12:00:00+00:00,70618.10000000,70764.50000000,70618.10000000,70671.20000000,118193.87000000
1774098000000,2026-03-21T13:00:00+00:00,70671.20000000,70772.00000000,70650.90000000,70693.90000000,94373.77000000
1774101600000,2026-03-21T14:00:00+00:00,70694.00000000,71087.70000000,70550.10000000,70588.60000000,435263.06000000
1774105200000,2026-03-21T15:00:00+00:00,70588.50000000,70732.10000000,70426.00000000,70588.20000000,196935.10000000
1774108800000,2026-03-21T16:00:00+00:00,70588.30000000,70623.00000000,70200.00000000,70275.80000000,302449.13000000
1774112400000,2026-03-21T17:00:00+00:00,70275.70000000,70393.90000000,70164.50000000,70276.50000000,136988.02000000
1774116000000,2026-03-21T18:00:00+00:00,70276.50000000,70498.50000000,70259.00000000,70364.80000000,90129.20000000
1774119600000,2026-03-21T19:00:00+00:00,70364.80000000,70415.50000000,70288.50000000,70360.90000000,54785.69000000
1774123200000,2026-03-21T20:00:00+00:00,70360.80000000,70467.40000000,70325.70000000,70423.50000000,86942.65000000
1774126800000,2026-03-21T21:00:00+00:00,70423.50000000,70472.70000000,70231.00000000,70320.80000000,112942.69000000
1774130400000,2026-03-21T22:00:00+00:00,70320.90000000,70378.00000000,70234.10000000,70252.70000000,86685.82000000
1774134000000,2026-03-21T23:00:00+00:00,70252.70000000,70276.70000000,68518.80000000,68889.30000000,1111002.54000000
1774137600000,2026-03-22T00:00:00+00:00,68889.30000000,69122.50000000,68188.00000000,68905.60000000,1066109.87000000
1774141200000,2026-03-22T01:00:00+00:00,68905.60000000,69055.00000000,68722.00000000,68925.40000000,338087.46000000
1774144800000,2026-03-22T02:00:00+00:00,68925.30000000,69376.40000000,68903.80000000,69235.20000000,328269.31000000
1774148400000,2026-03-22T03:00:00+00:00,69235.10000000,69576.80000000,69080.70000000,69304.60000000,313002.24000000
1774152000000,2026-03-22T04:00:00+00:00,69304.50000000,69485.00000000,69171.60000000,69306.90000000,228252.89000000
1774155600000,2026-03-22T05:00:00+00:00,69306.90000000,69321.20000000,69095.70000000,69115.60000000,158351.68000000
1774159200000,2026-03-22T06:00:00+00:00,69115.50000000,69209.40000000,69030.10000000,69126.10000000,160836.42000000
1774162800000,2026-03-22T07:00:00+00:00,69126.10000000,69217.10000000,68850.00000000,68883.50000000,198509.22000000
1774166400000,2026-03-22T08:00:00+00:00,68883.40000000,68951.00000000,68466.70000000,68770.00000000,587628.21000000
1774170000000,2026-03-22T09:00:00+00:00,68770.00000000,68870.00000000,68536.70000000,68780.00000000,223325.76000000
1774173600000,2026-03-22T10:00:00+00:00,68780.00000000,68801.00000000,68548.00000000,68600.60000000,247414.85000000
1774177200000,2026-03-22T11:00:00+00:00,68600.60000000,68651.90000000,68001.00000000,68182.00000000,460074.10000000
1774180800000,2026-03-22T12:00:00+00:00,68182.10000000,68741.00000000,68160.20000000,68615.70000000,352682.63000000
1774184400000,2026-03-22T13:00:00+00:00,68615.80000000,68924.50000000,68501.00000000,68657.10000000,387594.14000000
1774188000000,2026-03-22T14:00:00+00:00,68657.20000000,68874.20000000,68472.70000000,68675.60000000,229401.46000000
1774191600000,2026-03-22T15:00:00+00:00,68675.60000000,68981.40000000,68666.00000000,68810.10000000,310189.68000000
1774195200000,2026-03-22T16:00:00+00:00,68810.00000000,68850.00000000,68618.40000000,68762.30000000,122772.13000000
1774198800000,2026-03-22T17:00:00+00:00,68762.20000000,68817.20000000,68632.70000000,68632.70000000,92903.93000000
1774202400000,2026-03-22T18:00:00+00:00,68632.70000000,68709.80000000,68289.50000000,68578.80000000,206641.03000000
1774206000000,2026-03-22T19:00:00+00:00,68578.80000000,68589.60000000,68101.30000000,68166.70000000,266970.88000000
1774209600000,2026-03-22T20:00:00+00:00,68166.70000000,68465.00000000,68019.10000000,68131.00000000,159211.94000000
1774213200000,2026-03-22T21:00:00+00:00,68131.00000000,68186.00000000,67307.60000000,67862.20000000,875434.70000000
1774216800000,2026-03-22T22:00:00+00:00,67862.00000000,68362.60000000,67531.80000000,68299.30000000,442891.98000000
1774220400000,2026-03-22T23:00:00+00:00,68299.40000000,68437.40000000,67803.00000000,67830.90000000,300196.47000000
1774224000000,2026-03-23T00:00:00+00:00,67830.90000000,68139.30000000,67417.00000000,67640.60000000,535154.78000000
1774227600000,2026-03-23T01:00:00+00:00,67640.50000000,68120.00000000,67500.10000000,67881.30000000,405222.85000000
1774231200000,2026-03-23T02:00:00+00:00,67881.30000000,68360.00000000,67767.60000000,68275.90000000,357413.69000000
1774234800000,2026-03-23T03:00:00+00:00,68275.90000000,68562.00000000,68022.90000000,68049.00000000,278578.63000000
1774238400000,2026-03-23T04:00:00+00:00,68049.10000000,68513.10000000,68025.90000000,68504.90000000,216329.15000000
1774242000000,2026-03-23T05:00:00+00:00,68505.00000000,68874.00000000,68504.90000000,68865.40000000,548204.24000000
1774245600000,2026-03-23T06:00:00+00:00,68865.30000000,68867.50000000,67666.00000000,67850.00000000,674923.46000000
1774249200000,2026-03-23T07:00:00+00:00,67850.00000000,68424.00000000,67469.70000000,68303.60000000,839828.18000000
1774252800000,2026-03-23T08:00:00+00:00,68303.70000000,68679.00000000,68287.90000000,68400.00000000,420431.02000000
1774256400000,2026-03-23T09:00:00+00:00,68400.10000000,68443.70000000,67876.30000000,68312.80000000,370597.33000000
1774260000000,2026-03-23T10:00:00+00:00,68312.80000000,68696.80000000,68262.30000000,68510.20000000,375089.39000000
1774263600000,2026-03-23T11:00:00+00:00,68510.30000000,71487.00000000,68502.90000000,70099.90000000,4314533.46000000
1774267200000,2026-03-23T12:00:00+00:00,70099.90000000,70850.60000000,69656.20000000,70711.30000000,1176400.82000000
1774270800000,2026-03-23T13:00:00+00:00,70711.40000000,71571.20000000,70556.80000000,71449.90000000,961697.07000000
1774274400000,2026-03-23T14:00:00+00:00,71449.90000000,71777.00000000,71081.10000000,71410.70000000,896515.67000000
1774278000000,2026-03-23T15:00:00+00:00,71410.80000000,71638.00000000,70069.90000000,70099.00000000,1124454.60000000
1774281600000,2026-03-23T16:00:00+00:00,70098.90000000,70735.40000000,70095.00000000,70543.50000000,665165.72000000
1774285200000,2026-03-23T17:00:00+00:00,70543.50000000,71090.80000000,70325.30000000,71053.00000000,393238.70000000
1774288800000,2026-03-23T18:00:00+00:00,71053.00000000,71169.70000000,70839.30000000,71041.10000000,304303.85000000
1774292400000,2026-03-23T19:00:00+00:00,71041.10000000,71213.00000000,70603.50000000,70643.70000000,426318.56000000
1774296000000,2026-03-23T20:00:00+00:00,70643.70000000,70953.50000000,70513.40000000,70878.40000000,151772.91000000
1774299600000,2026-03-23T21:00:00+00:00,70878.50000000,70950.00000000,70778.50000000,70816.70000000,91239.81000000
1774303200000,2026-03-23T22:00:00+00:00,70816.80000000,70865.60000000,70475.00000000,70742.00000000,134482.57000000
1774306800000,2026-03-23T23:00:00+00:00,70742.00000000,70974.50000000,70366.00000000,70862.00000000,217340.64000000
1774310400000,2026-03-24T00:00:00+00:00,70862.00000000,71058.40000000,70383.10000000,70645.80000000,318060.01000000
1774314000000,2026-03-24T01:00:00+00:00,70645.90000000,70847.60000000,70235.10000000,70483.90000000,303477.12000000
1774317600000,2026-03-24T02:00:00+00:00,70483.90000000,70668.60000000,70325.00000000,70421.50000000,245094.03000000
1774321200000,2026-03-24T03:00:00+00:00,70421.50000000,70559.90000000,70370.60000000,70519.80000000,124270.29000000
1774324800000,2026-03-24T04:00:00+00:00,70519.80000000,70726.70000000,70226.40000000,70353.00000000,243040.78000000
1774328400000,2026-03-24T05:00:00+00:00,70353.00000000,70356.90000000,70093.00000000,70254.60000000,280061.79000000
1774332000000,2026-03-24T06:00:00+00:00,70254.60000000,70550.00000000,70224.00000000,70511.20000000,218858.17000000
1774335600000,2026-03-24T07:00:00+00:00,70511.20000000,71375.00000000,70454.90000000,71260.70000000,758186.15000000
1774339200000,2026-03-24T08:00:00+00:00,71260.70000000,71312.50000000,70827.60000000,70935.70000000,437796.50000000
1774342800000,2026-03-24T09:00:00+00:00,70935.70000000,71339.70000000,70814.00000000,71290.70000000,321862.06000000
1774346400000,2026-03-24T10:00:00+00:00,71290.60000000,71300.00000000,71056.70000000,71243.20000000,223128.17000000
1774350000000,2026-03-24T11:00:00+00:00,71243.20000000,71287.90000000,70920.00000000,71128.10000000,335660.68000000
1774353600000,2026-03-24T12:00:00+00:00,71128.90000000,71157.30000000,70833.00000000,70930.70000000,227832.20000000
1774357200000,2026-03-24T13:00:00+00:00,70930.80000000,71035.00000000,69942.00000000,70075.00000000,1003121.75000000
1774360800000,2026-03-24T14:00:00+00:00,70074.90000000,70435.60000000,69460.00000000,69847.40000000,1317394.26000000
1774364400000,2026-03-24T15:00:00+00:00,69847.40000000,70222.00000000,69721.10000000,69832.10000000,760732.94000000
1774368000000,2026-03-24T16:00:00+00:00,69832.00000000,69980.70000000,69230.90000000,69446.90000000,610358.50000000
1774371600000,2026-03-24T17:00:00+00:00,69446.90000000,69490.00000000,68868.10000000,69206.20000000,926759.25000000
1774375200000,2026-03-24T18:00:00+00:00,69206.20000000,69720.10000000,69119.30000000,69388.40000000,475809.53000000
1774378800000,2026-03-24T19:00:00+00:00,69388.40000000,69666.00000000,69232.30000000,69336.50000000,227120.64000000
1774382400000,2026-03-24T20:00:00+00:00,69336.50000000,70263.00000000,69251.80000000,70063.90000000,587859.21000000
1774386000000,2026-03-24T21:00:00+00:00,70063.90000000,70373.70000000,69864.10000000,70291.10000000,338875.93000000
1774389600000,2026-03-24T22:00:00+00:00,70291.10000000,70553.00000000,70081.00000000,70272.00000000,335962.20000000
1774393200000,2026-03-24T23:00:00+00:00,70272.10000000,70804.90000000,70230.00000000,70523.80000000,384007.31000000
1774396800000,2026-03-25T00:00:00+00:00,70523.90000000,71022.60000000,70417.60000000,70805.00000000,375529.29000000
1774400400000,2026-03-25T01:00:00+00:00,70805.00000000,70950.00000000,70596.20000000,70648.90000000,256521.52000000
1774404000000,2026-03-25T02:00:00+00:00,70649.20000000,70735.00000000,70450.00000000,70499.90000000,222545.26000000
1774407600000,2026-03-25T03:00:00+00:00,70499.90000000,70791.90000000,70362.30000000,70688.70000000,271577.86000000
1774411200000,2026-03-25T04:00:00+00:00,70688.80000000,70968.60000000,70673.20000000,70940.80000000,186419.42000000
1774414800000,2026-03-25T05:00:00+00:00,70940.90000000,71315.00000000,70903.50000000,71083.00000000,451115.91000000
1774418400000,2026-03-25T06:00:00+00:00,71083.00000000,71220.00000000,70941.50000000,70949.10000000,247367.42000000
1774422000000,2026-03-25T07:00:00+00:00,70949.20000000,71234.00000000,70841.50000000,70891.20000000,332913.06000000
1774425600000,2026-03-25T08:00:00+00:00,70891.20000000,71494.00000000,70752.20000000,71200.00000000,601739.57000000
1774429200000,2026-03-25T09:00:00+00:00,71200.10000000,71369.20000000,71040.00000000,71293.80000000,305386.54000000
1774432800000,2026-03-25T10:00:00+00:00,71293.70000000,71651.20000000,71233.90000000,71457.30000000,385867.47000000
1774436400000,2026-03-25T11:00:00+00:00,71457.30000000,71989.00000000,71428.70000000,71643.60000000,765135.79000000
1774440000000,2026-03-25T12:00:00+00:00,71643.60000000,71932.90000000,71056.30000000,71680.00000000,805273.81000000
1774443600000,2026-03-25T13:00:00+00:00,71680.10000000,71968.00000000,71462.10000000,71539.30000000,493317.98000000
1774447200000,2026-03-25T14:00:00+00:00,71539.30000000,71666.70000000,71191.90000000,71209.80000000,452930.82000000
1774450800000,2026-03-25T15:00:00+00:00,71209.70000000,71283.70000000,70550.00000000,70799.00000000,970100.98000000
1774454400000,2026-03-25T16:00:00+00:00,70799.00000000,71720.80000000,70681.90000000,71289.90000000,850560.27000000
1774458000000,2026-03-25T17:00:00+00:00,71290.00000000,71358.00000000,70688.00000000,70749.40000000,364407.44000000
1774461600000,2026-03-25T18:00:00+00:00,70749.40000000,71125.10000000,70650.00000000,70787.40000000,295458.51000000
1774465200000,2026-03-25T19:00:00+00:00,70787.40000000,71068.10000000,70736.70000000,70855.70000000,189586.65000000
1774468800000,2026-03-25T20:00:00+00:00,70855.80000000,71030.00000000,70606.00000000,70972.90000000,186852.14000000
1774472400000,2026-03-25T21:00:00+00:00,70973.00000000,71158.50000000,70913.10000000,70999.90000000,109337.69000000
1774476000000,2026-03-25T22:00:00+00:00,70999.90000000,71647.10000000,70913.60000000,71342.60000000,388268.93000000
1774479600000,2026-03-25T23:00:00+00:00,71342.70000000,71427.30000000,71156.00000000,71307.00000000,174811.06000000
1774483200000,2026-03-26T00:00:00+00:00,71307.00000000,71416.70000000,71102.00000000,71270.90000000,194789.79000000
1774486800000,2026-03-26T01:00:00+00:00,71270.90000000,71359.80000000,71128.00000000,71220.00000000,160955.01000000
1774490400000,2026-03-26T02:00:00+00:00,71220.00000000,71265.40000000,70650.00000000,70865.50000000,402419.09000000
1774494000000,2026-03-26T03:00:00+00:00,70865.40000000,70951.80000000,70655.00000000,70879.60000000,263930.07000000
1774497600000,2026-03-26T04:00:00+00:00,70880.00000000,70884.60000000,70686.00000000,70743.00000000,114857.78000000
1774501200000,2026-03-26T05:00:00+00:00,70743.00000000,70773.80000000,69917.30000000,69994.70000000,660396.24000000
1774504800000,2026-03-26T06:00:00+00:00,69994.70000000,70133.00000000,69833.70000000,70063.50000000,422351.52000000
1774508400000,2026-03-26T07:00:00+00:00,70063.60000000,70153.50000000,69751.00000000,70061.60000000,320051.36000000
1774512000000,2026-03-26T08:00:00+00:00,70061.50000000,70100.00000000,69764.40000000,69992.10000000,303194.37000000
1774515600000,2026-03-26T09:00:00+00:00,69992.10000000,70120.10000000,69366.10000000,69550.10000000,690153.94000000
1774519200000,2026-03-26T10:00:00+00:00,69550.10000000,69694.30000000,69408.50000000,69485.70000000,299853.81000000
1774522800000,2026-03-26T11:00:00+00:00,69485.70000000,69627.00000000,69156.00000000,69238.10000000,404553.94000000
1774526400000,2026-03-26T12:00:00+00:00,69238.10000000,69432.90000000,69181.40000000,69400.10000000,234125.29000000
1774530000000,2026-03-26T13:00:00+00:00,69400.10000000,69843.30000000,69172.90000000,69614.10000000,692835.84000000
1774533600000,2026-03-26T14:00:00+00:00,69614.10000000,69800.00000000,69219.90000000,69451.80000000,447885.99000000
1774537200000,2026-03-26T15:00:00+00:00,69451.90000000,69473.20000000,68495.10000000,69052.10000000,1095844.53000000
1774540800000,2026-03-26T16:00:00+00:00,69052.00000000,69052.00000000,68791.20000000,68906.20000000,305245.28000000
1774544400000,2026-03-26T17:00:00+00:00,68906.10000000,69142.00000000,68300.00000000,68460.70000000,563379.33000000
1774548000000,2026-03-26T18:00:00+00:00,68460.80000000,68575.00000000,68115.80000000,68466.30000000,574294.91000000
1774551600000,2026-03-26T19:00:00+00:00,68466.40000000,68650.40000000,68323.10000000,68507.00000000,191020.25000000
1774555200000,2026-03-26T20:00:00+00:00,68507.00000000,69456.00000000,68400.00000000,68972.60000000,714062.15000000
1774558800000,2026-03-26T21:00:00+00:00,68972.60000000,69170.40000000,68840.70000000,68888.30000000,134258.00000000
1774562400000,2026-03-26T22:00:00+00:00,68888.30000000,68999.90000000,68574.60000000,68863.80000000,183043.46000000
1774566000000,2026-03-26T23:00:00+00:00,68863.70000000,68981.30000000,68610.50000000,68799.50000000,196395.04000000
1774569600000,2026-03-27T00:00:00+00:00,68799.50000000,68944.00000000,68501.30000000,68754.80000000,216735.26000000
1774573200000,2026-03-27T01:00:00+00:00,68754.70000000,69041.60000000,68674.00000000,69029.50000000,151060.90000000
1774576800000,2026-03-27T02:00:00+00:00,69029.50000000,69164.00000000,68832.10000000,68872.30000000,172708.91000000
1774580400000,2026-03-27T03:00:00+00:00,68872.40000000,68886.20000000,68641.50000000,68732.80000000,175009.99000000
1774584000000,2026-03-27T04:00:00+00:00,68732.80000000,68774.20000000,68258.00000000,68543.00000000,425078.42000000
1774587600000,2026-03-27T05:00:00+00:00,68543.00000000,68842.40000000,68474.40000000,68592.30000000,242841.71000000
1774591200000,2026-03-27T06:00:00+00:00,68592.30000000,68836.50000000,68536.00000000,68630.60000000,137491.08000000
1774594800000,2026-03-27T07:00:00+00:00,68630.70000000,68930.00000000,68415.00000000,68506.60000000,493426.15000000
1774598400000,2026-03-27T08:00:00+00:00,68506.70000000,68605.20000000,67576.30000000,67874.00000000,1058012.84000000
1774602000000,2026-03-27T09:00:00+00:00,67874.10000000,67912.10000000,67513.00000000,67653.60000000,509105.59000000
1774605600000,2026-03-27T10:00:00+00:00,67653.60000000,67743.20000000,66214.00000000,66452.10000000,1748701.06000000
1774609200000,2026-03-27T11:00:00+00:00,66452.20000000,66814.90000000,66170.50000000,66659.90000000,610533.02000000
1774612800000,2026-03-27T12:00:00+00:00,66659.90000000,66742.60000000,66382.90000000,66573.30000000,325765.66000000
1774616400000,2026-03-27T13:00:00+00:00,66573.20000000,66688.20000000,65943.80000000,66144.90000000,949584.41000000
1774620000000,2026-03-27T14:00:00+00:00,66144.80000000,66370.00000000,65682.40000000,66157.70000000,1045140.41000000
1774623600000,2026-03-27T15:00:00+00:00,66157.70000000,66614.40000000,65931.90000000,66091.40000000,781688.63000000
1774627200000,2026-03-27T16:00:00+00:00,66091.50000000,66160.00000000,65777.00000000,65946.90000000,554216.82000000
1774630800000,2026-03-27T17:00:00+00:00,65946.90000000,66267.80000000,65531.10000000,65605.30000000,533968.77000000
1774634400000,2026-03-27T18:00:00+00:00,65605.30000000,65921.20000000,65511.60000000,65806.10000000,317944.08000000
1774638000000,2026-03-27T19:00:00+00:00,65806.00000000,66125.00000000,65659.10000000,66000.80000000,290071.80000000
1774641600000,2026-03-27T20:00:00+00:00,66000.90000000,66122.60000000,65775.10000000,65987.50000000,173111.51000000
1774645200000,2026-03-27T21:00:00+00:00,65987.50000000,66162.10000000,65976.60000000,66049.90000000,120213.14000000
1774648800000,2026-03-27T22:00:00+00:00,66050.00000000,66060.00000000,65880.00000000,65990.00000000,101398.74000000
1774652400000,2026-03-27T23:00:00+00:00,65990.10000000,66404.10000000,65934.90000000,66363.10000000,184711.13000000
1774656000000,2026-03-28T00:00:00+00:00,66363.00000000,66487.80000000,66255.90000000,66395.30000000,183146.79000000
1774659600000,2026-03-28T01:00:00+00:00,66395.20000000,66398.00000000,66023.20000000,66145.10000000,196532.56000000
1774663200000,2026-03-28T02:00:00+00:00,66145.10000000,66220.40000000,65901.00000000,66022.30000000,166818.61000000
1774666800000,2026-03-28T03:00:00+00:00,66022.40000000,66212.10000000,66022.30000000,66198.20000000,120546.82000000
1774670400000,2026-03-28T04:00:00+00:00,66198.20000000,66272.00000000,66066.60000000,66249.90000000,129709.80000000
1774674000000,2026-03-28T05:00:00+00:00,66249.90000000,66377.90000000,66170.00000000,66314.50000000,148105.17000000
1774677600000,2026-03-28T06:00:00+00:00,66314.60000000,66467.90000000,66273.50000000,66353.00000000,206435.20000000
1774681200000,2026-03-28T07:00:00+00:00,66353.00000000,66542.00000000,66346.40000000,66534.80000000,171607.88000000
1774684800000,2026-03-28T08:00:00+00:00,66534.80000000,66541.90000000,66355.10000000,66376.90000000,163206.12000000
1774688400000,2026-03-28T09:00:00+00:00,66377.00000000,66377.00000000,66209.80000000,66274.70000000,135737.67000000
1774692000000,2026-03-28T10:00:00+00:00,66274.70000000,66384.70000000,66090.00000000,66190.00000000,157891.05000000
1774695600000,2026-03-28T11:00:00+00:00,66189.90000000,66322.60000000,66164.10000000,66290.10000000,104794.66000000
1774699200000,2026-03-28T12:00:00+00:00,66290.00000000,66496.00000000,66195.10000000,66414.90000000,212061.59000000
1774702800000,2026-03-28T13:00:00+00:00,66415.00000000,67147.30000000,66361.50000000,66808.50000000,713629.18000000
1774706400000,2026-03-28T14:00:00+00:00,66808.40000000,66938.80000000,66633.10000000,66711.60000000,266287.72000000
1774710000000,2026-03-28T15:00:00+00:00,66711.60000000,67294.40000000,66681.00000000,66984.00000000,529988.04000000
1774713600000,2026-03-28T16:00:00+00:00,66984.00000000,67079.50000000,66818.70000000,66890.80000000,176468.53000000
1774717200000,2026-03-28T17:00:00+00:00,66890.80000000,66960.00000000,66666.70000000,66811.80000000,215937.09000000
1774720800000,2026-03-28T18:00:00+00:00,66811.80000000,66920.00000000,66794.60000000,66880.00000000,75385.57000000
1774724400000,2026-03-28T19:00:00+00:00,66880.00000000,66920.00000000,66766.70000000,66879.90000000,52514.05000000
1774728000000,2026-03-28T20:00:00+00:00,66879.90000000,66977.50000000,66877.90000000,66884.80000000,88616.96000000
1774731600000,2026-03-28T21:00:00+00:00,66884.90000000,66893.30000000,66558.10000000,66643.70000000,108746.07000000
1774735200000,2026-03-28T22:00:00+00:00,66643.80000000,66758.10000000,66562.00000000,66720.00000000,143121.92000000
1774738800000,2026-03-28T23:00:00+00:00,66719.90000000,66719.90000000,66223.00000000,66340.00000000,323640.14000000
1774742400000,2026-03-29T00:00:00+00:00,66340.10000000,66471.90000000,66249.00000000,66452.40000000,135305.79000000
1774746000000,2026-03-29T01:00:00+00:00,66452.30000000,66593.00000000,66341.00000000,66539.00000000,197850.56000000
1774749600000,2026-03-29T02:00:00+00:00,66539.00000000,66825.70000000,66501.90000000,66781.00000000,177078.36000000
1774753200000,2026-03-29T03:00:00+00:00,66781.00000000,67114.20000000,66722.20000000,66872.00000000,237452.65000000
1774756800000,2026-03-29T04:00:00+00:00,66872.00000000,66907.50000000,66673.00000000,66699.40000000,129379.08000000
1774760400000,2026-03-29T05:00:00+00:00,66699.40000000,66796.40000000,66560.10000000,66733.00000000,183535.32000000
1774764000000,2026-03-29T06:00:00+00:00,66733.10000000,66844.90000000,66588.00000000,66692.00000000,153707.93000000
1774767600000,2026-03-29T07:00:00+00:00,66691.90000000,66719.40000000,66504.80000000,66631.10000000,154602.09000000
1774771200000,2026-03-29T08:00:00+00:00,66631.10000000,66761.70000000,66552.70000000,66681.80000000,150872.42000000
1774774800000,2026-03-29T09:00:00+00:00,66681.70000000,66736.40000000,66510.10000000,66595.10000000,152193.43000000
1774778400000,2026-03-29T10:00:00+00:00,66595.10000000,66595.10000000,66370.30000000,66473.10000000,177540.12000000
1774782000000,2026-03-29T11:00:00+00:00,66473.20000000,66956.00000000,66473.10000000,66777.00000000,338663.86000000
1774785600000,2026-03-29T12:00:00+00:00,66777.10000000,66845.10000000,66666.00000000,66810.00000000,160936.51000000
1774789200000,2026-03-29T13:00:00+00:00,66810.10000000,66848.60000000,66485.10000000,66544.00000000,266501.43000000
1774792800000,2026-03-29T14:00:00+00:00,66544.00000000,66766.00000000,66420.00000000,66564.20000000,247914.47000000
1774796400000,2026-03-29T15:00:00+00:00,66564.30000000,66697.90000000,66277.20000000,66500.20000000,349262.37000000
1774800000000,2026-03-29T16:00:00+00:00,66500.20000000,66633.90000000,66400.10000000,66471.70000000,156625.22000000
1774803600000,2026-03-29T17:00:00+00:00,66471.60000000,66519.20000000,66123.00000000,66353.30000000,241012.61000000
1774807200000,2026-03-29T18:00:00+00:00,66353.30000000,66515.80000000,66290.00000000,66397.10000000,83217.01000000
1774810800000,2026-03-29T19:00:00+00:00,66397.00000000,66451.50000000,66285.00000000,66319.60000000,72757.30000000
1774814400000,2026-03-29T20:00:00+00:00,66319.60000000,66768.70000000,66319.60000000,66580.10000000,182672.31000000
1774818000000,2026-03-29T21:00:00+00:00,66580.00000000,66723.30000000,66473.70000000,66667.70000000,103967.81000000
1774821600000,2026-03-29T22:00:00+00:00,66668.30000000,66679.00000000,64930.80000000,65817.90000000,1205923.57000000
1774825200000,2026-03-29T23:00:00+00:00,65818.00000000,66348.40000000,65817.90000000,65980.40000000,470349.82000000
1774828800000,2026-03-30T00:00:00+00:00,65980.50000000,67036.90000000,65762.00000000,66248.10000000,830252.24000000
1774832400000,2026-03-30T01:00:00+00:00,66248.10000000,66800.00000000,66248.00000000,66614.80000000,399237.42000000
1774836000000,2026-03-30T02:00:00+00:00,66614.80000000,67496.20000000,66529.70000000,67086.00000000,696158.44000000
1774839600000,2026-03-30T03:00:00+00:00,67086.10000000,67299.90000000,66936.80000000,67146.50000000,288273.63000000
1774843200000,2026-03-30T04:00:00+00:00,67146.40000000,67643.30000000,67131.60000000,67593.90000000,454152.66000000
1774846800000,2026-03-30T05:00:00+00:00,67593.90000000,67788.00000000,67393.10000000,67459.90000000,519904.41000000
1774850400000,2026-03-30T06:00:00+00:00,67460.00000000,67550.00000000,67222.10000000,67271.00000000,319521.36000000
1774854000000,2026-03-30T07:00:00+00:00,67271.00000000,67599.40000000,67188.00000000,67598.60000000,255820.13000000
1774857600000,2026-03-30T08:00:00+00:00,67598.60000000,67928.90000000,67574.10000000,67635.90000000,548621.40000000
1774861200000,2026-03-30T09:00:00+00:00,67636.00000000,67666.60000000,67404.90000000,67465.00000000,341360.41000000
1774864800000,2026-03-30T10:00:00+00:00,67465.10000000,67495.70000000,67331.00000000,67464.10000000,165493.84000000
1774868400000,2026-03-30T11:00:00+00:00,67464.20000000,67985.00000000,67455.50000000,67642.00000000,511977.47000000
1774872000000,2026-03-30T12:00:00+00:00,67642.00000000,67962.50000000,67625.90000000,67860.20000000,514111.24000000
1774875600000,2026-03-30T13:00:00+00:00,67860.20000000,68198.90000000,67405.00000000,67495.00000000,936376.11000000
1774879200000,2026-03-30T14:00:00+00:00,67495.10000000,67848.80000000,67054.20000000,67770.10000000,831388.00000000
1774882800000,2026-03-30T15:00:00+00:00,67770.20000000,67888.80000000,67375.30000000,67601.20000000,627097.05000000
1774886400000,2026-03-30T16:00:00+00:00,67601.20000000,67621.80000000,67180.60000000,67338.00000000,357514.05000000
1774890000000,2026-03-30T17:00:00+00:00,67338.00000000,67439.80000000,66600.10000000,66811.60000000,681425.37000000
1774893600000,2026-03-30T18:00:00+00:00,66811.50000000,66900.80000000,66462.10000000,66629.60000000,531658.85000000
1774897200000,2026-03-30T19:00:00+00:00,66629.50000000,66653.50000000,66210.80000000,66521.50000000,388525.40000000
1774900800000,2026-03-30T20:00:00+00:00,66521.50000000,66666.80000000,66498.00000000,66617.80000000,160260.07000000
1774904400000,2026-03-30T21:00:00+00:00,66617.70000000,66963.30000000,66559.50000000,66771.40000000,298250.89000000
1774908000000,2026-03-30T22:00:00+00:00,66771.30000000,66966.90000000,66635.30000000,66744.00000000,131220.91000000
1774911600000,2026-03-30T23:00:00+00:00,66744.00000000,66765.40000000,66377.40000000,66765.20000000,349803.17000000
1774915200000,2026-03-31T00:00:00+00:00,66765.10000000,67276.00000000,66510.00000000,67178.10000000,415421.02000000
1774918800000,2026-03-31T01:00:00+00:00,67178.10000000,68388.90000000,67020.00000000,67915.30000000,1101895.74000000
1774922400000,2026-03-31T02:00:00+00:00,67915.30000000,68084.00000000,67751.40000000,67928.70000000,320989.43000000
1774926000000,2026-03-31T03:00:00+00:00,67928.60000000,67996.10000000,67612.00000000,67683.80000000,240854.05000000
1774929600000,2026-03-31T04:00:00+00:00,67683.80000000,67870.20000000,67454.50000000,67520.90000000,328705.46000000
1774933200000,2026-03-31T05:00:00+00:00,67520.80000000,67768.90000000,67370.40000000,67658.70000000,274499.75000000
1774936800000,2026-03-31T06:00:00+00:00,67658.70000000,67690.90000000,67311.00000000,67475.30000000,217956.81000000
1774940400000,2026-03-31T07:00:00+00:00,67475.30000000,67508.70000000,67064.10000000,67346.90000000,364812.87000000
1774944000000,2026-03-31T08:00:00+00:00,67346.80000000,67489.30000000,66650.00000000,66739.30000000,733790.05000000
1774947600000,2026-03-31T09:00:00+00:00,66739.40000000,66890.00000000,65946.00000000,66090.00000000,900385.40000000
1774951200000,2026-03-31T10:00:00+00:00,66090.00000000,66438.00000000,66062.20000000,66319.80000000,476414.20000000
1774954800000,2026-03-31T11:00:00+00:00,66319.80000000,66887.00000000,66181.10000000,66653.50000000,701560.15000000
1774958400000,2026-03-31T12:00:00+00:00,66653.50000000,66927.90000000,66488.10000000,66624.30000000,422401.61000000
1774962000000,2026-03-31T13:00:00+00:00,66624.20000000,67398.60000000,66620.00000000,67267.60000000,749787.61000000
1774965600000,2026-03-31T14:00:00+00:00,67267.60000000,67770.30000000,66389.00000000,66552.70000000,1358563.70000000
1774969200000,2026-03-31T15:00:00+00:00,66552.80000000,67263.10000000,66552.80000000,66705.00000000,784248.16000000
1774972800000,2026-03-31T16:00:00+00:00,66705.00000000,67993.30000000,66696.20000000,67643.10000000,814938.37000000
1774976400000,2026-03-31T17:00:00+00:00,67643.00000000,68575.10000000,67373.30000000,67500.60000000,1305059.84000000
1774980000000,2026-03-31T18:00:00+00:00,67500.60000000,67928.20000000,67500.00000000,67812.70000000,325716.13000000
1774983600000,2026-03-31T19:00:00+00:00,67812.80000000,67998.00000000,67662.70000000,67809.40000000,208734.35000000
1774987200000,2026-03-31T20:00:00+00:00,67808.40000000,68236.00000000,67794.40000000,68228.90000000,248935.99000000
1774990800000,2026-03-31T21:00:00+00:00,68229.00000000,68382.70000000,67841.40000000,68241.50000000,214124.64000000
1774994400000,2026-03-31T22:00:00+00:00,68241.50000000,68316.20000000,67930.00000000,68148.90000000,162605.23000000
1774998000000,2026-03-31T23:00:00+00:00,68149.00000000,68342.40000000,68057.90000000,68241.20000000,178283.11000000
1775001600000,2026-04-01T00:00:00+00:00,68241.10000000,68318.50000000,67815.00000000,68299.90000000,298221.50000000
1775005200000,2026-04-01T01:00:00+00:00,68300.00000000,68333.30000000,67714.00000000,67755.40000000,279703.26000000
1775008800000,2026-04-01T02:00:00+00:00,67755.40000000,67876.50000000,67550.10000000,67636.30000000,256395.02000000
1775012400000,2026-04-01T03:00:00+00:00,67636.30000000,68220.00000000,67636.30000000,68130.40000000,287589.76000000
1775016000000,2026-04-01T04:00:00+00:00,68130.30000000,68456.30000000,67967.60000000,68272.20000000,337033.89000000
1775019600000,2026-04-01T05:00:00+00:00,68272.20000000,68739.50000000,68108.20000000,68424.80000000,493937.97000000
1775023200000,2026-04-01T06:00:00+00:00,68424.70000000,69222.00000000,68424.70000000,69069.30000000,798767.46000000
1775026800000,2026-04-01T07:00:00+00:00,69069.40000000,69315.80000000,68633.00000000,68655.20000000,692356.33000000
1775030400000,2026-04-01T08:00:00+00:00,68655.20000000,68834.80000000,68419.00000000,68631.00000000,480494.16000000
1775034000000,2026-04-01T09:00:00+00:00,68630.90000000,68700.00000000,68350.10000000,68619.80000000,348725.57000000
1775037600000,2026-04-01T10:00:00+00:00,68619.90000000,68636.50000000,68377.90000000,68555.40000000,215156.47000000
1775041200000,2026-04-01T11:00:00+00:00,68555.40000000,68721.00000000,68479.90000000,68687.90000000,220752.58000000
1775044800000,2026-04-01T12:00:00+00:00,68688.00000000,68766.00000000,68222.20000000,68367.00000000,589027.98000000
1775048400000,2026-04-01T13:00:00+00:00,68366.90000000,68654.20000000,67892.50000000,68091.60000000,740609.42000000
1775052000000,2026-04-01T14:00:00+00:00,68091.60000000,68650.00000000,68019.60000000,68562.70000000,426238.78000000
1775055600000,2026-04-01T15:00:00+00:00,68562.70000000,68932.90000000,68383.00000000,68887.60000000,430864.97000000
1775059200000,2026-04-01T16:00:00+00:00,68887.60000000,68969.90000000,68574.20000000,68784.20000000,379097.28000000
1775062800000,2026-04-01T17:00:00+00:00,68784.20000000,69170.30000000,68210.10000000,68234.30000000,575746.70000000
1775066400000,2026-04-01T18:00:00+00:00,68234.30000000,68290.60000000,67907.30000000,68054.20000000,445193.51000000
1775070000000,2026-04-01T19:00:00+00:00,68054.10000000,68260.00000000,67993.80000000,68142.70000000,246789.49000000
1775073600000,2026-04-01T20:00:00+00:00,68142.70000000,68217.30000000,67926.20000000,68159.90000000,144928.27000000
1775077200000,2026-04-01T21:00:00+00:00,68159.90000000,68521.80000000,68139.80000000,68330.40000000,191242.26000000
1775080800000,2026-04-01T22:00:00+00:00,68330.30000000,68330.30000000,68030.00000000,68085.90000000,144357.29000000
1775084400000,2026-04-01T23:00:00+00:00,68085.90000000,68220.00000000,67955.00000000,68079.10000000,154215.57000000
1775088000000,2026-04-02T00:00:00+00:00,68079.00000000,68626.60000000,68013.20000000,68563.30000000,267375.87000000
1775091600000,2026-04-02T01:00:00+00:00,68563.20000000,68563.30000000,67012.00000000,67326.70000000,1520462.83000000
1775095200000,2026-04-02T02:00:00+00:00,67326.70000000,67331.20000000,66588.00000000,66828.30000000,618836.79000000
1775098800000,2026-04-02T03:00:00+00:00,66828.20000000,66943.80000000,66450.80000000,66541.50000000,459946.43000000
1775102400000,2026-04-02T04:00:00+00:00,66541.50000000,66613.60000000,66175.80000000,66295.80000000,526509.77000000
1775106000000,2026-04-02T05:00:00+00:00,66295.70000000,66613.00000000,66266.00000000,66558.00000000,407876.41000000
1775109600000,2026-04-02T06:00:00+00:00,66558.00000000,66791.10000000,66508.00000000,66650.00000000,306598.46000000
1775113200000,2026-04-02T07:00:00+00:00,66650.00000000,66898.90000000,66519.80000000,66885.00000000,304305.24000000
1775116800000,2026-04-02T08:00:00+00:00,66885.00000000,66885.00000000,66360.00000000,66414.80000000,312378.16000000
1775120400000,2026-04-02T09:00:00+00:00,66414.80000000,66500.00000000,66250.10000000,66431.60000000,237104.28000000
1775124000000,2026-04-02T10:00:00+00:00,66431.60000000,66480.10000000,66177.50000000,66428.90000000,220671.56000000
1775127600000,2026-04-02T11:00:00+00:00,66429.00000000,66455.00000000,66107.30000000,66179.50000000,339071.20000000
1775131200000,2026-04-02T12:00:00+00:00,66179.50000000,66216.70000000,65914.20000000,66016.60000000,497139.79000000
1775134800000,2026-04-02T13:00:00+00:00,66016.50000000,66236.50000000,65653.00000000,66228.30000000,757584.20000000
1775138400000,2026-04-02T14:00:00+00:00,66228.30000000,67077.00000000,66121.00000000,66827.00000000,1239773.79000000
1775142000000,2026-04-02T15:00:00+00:00,66827.00000000,66960.00000000,66595.10000000,66818.10000000,473484.79000000
1775145600000,2026-04-02T16:00:00+00:00,66818.00000000,67273.70000000,66723.40000000,67058.20000000,505815.27000000
1775149200000,2026-04-02T17:00:00+00:00,67058.10000000,67400.00000000,66627.00000000,66653.40000000,631747.58000000
1775152800000,2026-04-02T18:00:00+00:00,66653.50000000,67040.50000000,66555.20000000,66949.90000000,306944.44000000
1775156400000,2026-04-02T19:00:00+00:00,66950.00000000,67077.90000000,66843.10000000,66949.90000000,175003.30000000
1775160000000,2026-04-02T20:00:00+00:00,66950.00000000,67070.70000000,66766.00000000,66913.80000000,122125.87000000
1775163600000,2026-04-02T21:00:00+00:00,66913.80000000,66990.70000000,66682.70000000,66907.90000000,94985.97000000
1775167200000,2026-04-02T22:00:00+00:00,66907.90000000,67013.80000000,66790.10000000,66951.80000000,92559.01000000
1775170800000,2026-04-02T23:00:00+00:00,66951.70000000,67070.00000000,66814.50000000,66864.50000000,125930.85000000
1775174400000,2026-04-03T00:00:00+00:00,66864.60000000,66974.00000000,66675.00000000,66755.00000000,124478.22000000
1775178000000,2026-04-03T01:00:00+00:00,66755.00000000,66872.00000000,66458.00000000,66591.50000000,246030.39000000
1775181600000,2026-04-03T02:00:00+00:00,66591.40000000,66719.90000000,66250.00000000,66501.20000000,340136.92000000
1775185200000,2026-04-03T03:00:00+00:00,66501.20000000,66688.00000000,66457.90000000,66553.30000000,181976.27000000
1775188800000,2026-04-03T04:00:00+00:00,66553.10000000,66661.80000000,66470.80000000,66578.60000000,125860.02000000
1775192400000,2026-04-03T05:00:00+00:00,66578.70000000,66783.30000000,66380.00000000,66583.10000000,209504.42000000
1775196000000,2026-04-03T06:00:00+00:00,66583.10000000,66775.00000000,66529.40000000,66769.00000000,131504.17000000
1775199600000,2026-04-03T07:00:00+00:00,66769.00000000,67239.20000000,66726.20000000,67015.20000000,376802.92000000
1775203200000,2026-04-03T08:00:00+00:00,67015.20000000,67279.30000000,66875.00000000,66941.40000000,308225.73000000
1775206800000,2026-04-03T09:00:00+00:00,66941.30000000,66986.00000000,66720.00000000,66841.00000000,201059.66000000
1775210400000,2026-04-03T10:00:00+00:00,66841.00000000,66869.00000000,66650.20000000,66848.20000000,147842.79000000
1775214000000,2026-04-03T11:00:00+00:00,66848.20000000,67038.40000000,66789.40000000,66987.20000000,177255.37000000
1775217600000,2026-04-03T12:00:00+00:00,66987.20000000,67350.00000000,66607.00000000,66697.40000000,573516.24000000
1775221200000,2026-04-03T13:00:00+00:00,66697.40000000,66711.00000000,66478.50000000,66646.50000000,324159.96000000
1775224800000,2026-04-03T14:00:00+00:00,66646.50000000,66960.00000000,66595.30000000,66901.00000000,262543.52000000
1775228400000,2026-04-03T15:00:00+00:00,66900.90000000,66999.00000000,66783.80000000,66808.00000000,178414.84000000
1775232000000,2026-04-03T16:00:00+00:00,66808.10000000,67036.00000000,66792.90000000,66974.00000000,129155.91000000
1775235600000,2026-04-03T17:00:00+00:00,66974.00000000,67035.00000000,66721.50000000,66808.60000000,155353.09000000
1775239200000,2026-04-03T18:00:00+00:00,66808.50000000,66895.80000000,66745.00000000,66777.40000000,79516.68000000
1775242800000,2026-04-03T19:00:00+00:00,66777.40000000,66879.30000000,66737.00000000,66854.00000000,63433.50000000
1775246400000,2026-04-03T20:00:00+00:00,66854.10000000,66888.90000000,66791.10000000,66791.10000000,39004.97000000
1775250000000,2026-04-03T21:00:00+00:00,66791.10000000,66954.70000000,66784.30000000,66928.60000000,56486.31000000
1775253600000,2026-04-03T22:00:00+00:00,66928.50000000,66948.40000000,66808.90000000,66855.10000000,51693.88000000
1775257200000,2026-04-03T23:00:00+00:00,66855.10000000,66929.00000000,66799.10000000,66929.00000000,57632.66000000
1775260800000,2026-04-04T00:00:00+00:00,66928.90000000,66937.40000000,66839.00000000,66868.10000000,51879.02000000
1775264400000,2026-04-04T01:00:00+00:00,66868.20000000,66894.40000000,66800.00000000,66824.60000000,75111.36000000
1775268000000,2026-04-04T02:00:00+00:00,66824.60000000,66889.50000000,66780.00000000,66816.00000000,48398.14000000
1775271600000,2026-04-04T03:00:00+00:00,66816.10000000,66870.00000000,66800.00000000,66800.30000000,44785.29000000
1775275200000,2026-04-04T04:00:00+00:00,66800.30000000,66838.00000000,66734.50000000,66828.20000000,59166.63000000
1775278800000,2026-04-04T05:00:00+00:00,66828.30000000,66900.00000000,66808.20000000,66875.30000000,76550.72000000
1775282400000,2026-04-04T06:00:00+00:00,66875.30000000,67013.40000000,66870.20000000,66973.60000000,103931.11000000
1775286000000,2026-04-04T07:00:00+00:00,66973.60000000,67011.60000000,66896.60000000,66980.00000000,110511.34000000
1775289600000,2026-04-04T08:00:00+00:00,66980.00000000,67048.90000000,66873.90000000,66908.50000000,135863.29000000
1775293200000,2026-04-04T09:00:00+00:00,66908.60000000,66959.10000000,66882.60000000,66949.90000000,86044.69000000
1775296800000,2026-04-04T10:00:00+00:00,66950.00000000,67142.90000000,66875.90000000,67132.60000000,162574.77000000
1775300400000,2026-04-04T11:00:00+00:00,67132.60000000,67199.80000000,67052.10000000,67129.90000000,176714.69000000
1775304000000,2026-04-04T12:00:00+00:00,67129.90000000,67163.30000000,67025.70000000,67064.50000000,98163.45000000
1775307600000,2026-04-04T13:00:00+00:00,67064.50000000,67250.00000000,67050.00000000,67160.40000000,156415.18000000
1775311200000,2026-04-04T14:00:00+00:00,67160.30000000,67191.70000000,66980.00000000,67172.60000000,192025.52000000
1775314800000,2026-04-04T15:00:00+00:00,67172.60000000,67550.00000000,67140.30000000,67346.00000000,481737.83000000
1775318400000,2026-04-04T16:00:00+00:00,67346.00000000,67484.20000000,67285.20000000,67331.70000000,214566.68000000
1775322000000,2026-04-04T17:00:00+00:00,67331.70000000,67386.90000000,67258.00000000,67305.50000000,158697.09000000
1775325600000,2026-04-04T18:00:00+00:00,67305.50000000,67350.00000000,67215.00000000,67260.40000000,97057.71000000
1775329200000,2026-04-04T19:00:00+00:00,67260.30000000,67517.40000000,67241.50000000,67262.30000000,159249.92000000
1775332800000,2026-04-04T20:00:00+00:00,67262.20000000,67279.20000000,67150.50000000,67240.00000000,86515.54000000
1775336400000,2026-04-04T21:00:00+00:00,67239.90000000,67449.50000000,67180.00000000,67316.30000000,64467.38000000
1775340000000,2026-04-04T22:00:00+00:00,67316.40000000,67429.40000000,67303.00000000,67362.10000000,71362.85000000
1775343600000,2026-04-04T23:00:00+00:00,67362.00000000,67364.40000000,67222.60000000,67267.40000000,92427.32000000
1775347200000,2026-04-05T00:00:00+00:00,67267.30000000,67288.10000000,67122.70000000,67178.20000000,102613.89000000
1775350800000,2026-04-05T01:00:00+00:00,67178.20000000,67198.10000000,67042.30000000,67056.30000000,107734.79000000
1775354400000,2026-04-05T02:00:00+00:00,67056.20000000,67143.80000000,66880.20000000,67136.30000000,200283.23000000
1775358000000,2026-04-05T03:00:00+00:00,67136.30000000,67157.90000000,67051.00000000,67115.10000000,71145.93000000
1775361600000,2026-04-05T04:00:00+00:00,67115.20000000,67157.60000000,67044.50000000,67070.10000000,84605.39000000
1775365200000,2026-04-05T05:00:00+00:00,67070.10000000,67125.90000000,66850.30000000,66904.30000000,141366.02000000
1775368800000,2026-04-05T06:00:00+00:00,66904.30000000,66920.90000000,66572.30000000,66767.10000000,427443.41000000
1775372400000,2026-04-05T07:00:00+00:00,66767.10000000,66888.80000000,66679.50000000,66785.20000000,154002.35000000
1775376000000,2026-04-05T08:00:00+00:00,66785.10000000,66900.00000000,66779.00000000,66894.60000000,124665.47000000
1775379600000,2026-04-05T09:00:00+00:00,66894.70000000,67049.90000000,66861.20000000,66996.80000000,146950.61000000
1775383200000,2026-04-05T10:00:00+00:00,66996.80000000,67116.70000000,66923.60000000,67007.20000000,140871.52000000
1775386800000,2026-04-05T11:00:00+00:00,67007.30000000,67050.90000000,66938.20000000,66971.80000000,74295.73000000
1775390400000,2026-04-05T12:00:00+00:00,66971.80000000,66971.90000000,66650.10000000,66756.20000000,268583.50000000
1775394000000,2026-04-05T13:00:00+00:00,66756.20000000,66891.00000000,66666.70000000,66861.50000000,176025.99000000
1775397600000,2026-04-05T14:00:00+00:00,66861.40000000,66937.10000000,66766.60000000,66893.10000000,144466.87000000
1775401200000,2026-04-05T15:00:00+00:00,66893.20000000,67846.10000000,66800.10000000,67281.00000000,971872.73000000
1775404800000,2026-04-05T16:00:00+00:00,67281.00000000,67386.00000000,67146.90000000,67187.30000000,217630.12000000
1775408400000,2026-04-05T17:00:00+00:00,67187.30000000,67382.50000000,67160.00000000,67349.70000000,125668.09000000
1775412000000,2026-04-05T18:00:00+00:00,67349.80000000,67433.80000000,67246.40000000,67387.50000000,105752.45000000
1775415600000,2026-04-05T19:00:00+00:00,67387.60000000,67537.50000000,67254.70000000,67335.00000000,109854.77000000
1775419200000,2026-04-05T20:00:00+00:00,67334.90000000,67685.90000000,67309.80000000,67630.30000000,133836.29000000
1775422800000,2026-04-05T21:00:00+00:00,67630.30000000,67650.30000000,67381.00000000,67519.70000000,138119.72000000
1775426400000,2026-04-05T22:00:00+00:00,67519.70000000,68347.00000000,67300.00000000,68320.80000000,819613.60000000
1775430000000,2026-04-05T23:00:00+00:00,68320.70000000,69118.00000000,68234.40000000,69008.00000000,974049.61000000
1775433600000,2026-04-06T00:00:00+00:00,69008.00000000,69587.90000000,69005.50000000,69061.70000000,975180.86000000
1775437200000,2026-04-06T01:00:00+00:00,69061.70000000,69118.10000000,68767.70000000,68791.60000000,426162.51000000
1775440800000,2026-04-06T02:00:00+00:00,68791.60000000,69380.00000000,68748.00000000,69180.10000000,500225.23000000
1775444400000,2026-04-06T03:00:00+00:00,69180.10000000,69233.50000000,69031.20000000,69099.90000000,190513.47000000
1775448000000,2026-04-06T04:00:00+00:00,69100.00000000,69191.50000000,68948.30000000,69109.40000000,183357.21000000
1775451600000,2026-04-06T05:00:00+00:00,69109.40000000,69213.00000000,69058.00000000,69169.30000000,116836.34000000
1775455200000,2026-04-06T06:00:00+00:00,69169.30000000,69327.70000000,68736.90000000,68948.00000000,566935.45000000
1775458800000,2026-04-06T07:00:00+00:00,68948.10000000,69179.50000000,68782.80000000,69074.80000000,223688.60000000
1775462400000,2026-04-06T08:00:00+00:00,69074.80000000,69318.00000000,69040.60000000,69180.00000000,206725.75000000
1775466000000,2026-04-06T09:00:00+00:00,69180.00000000,70276.80000000,69169.80000000,69700.10000000,1274859.20000000
1775469600000,2026-04-06T10:00:00+00:00,69700.10000000,69952.00000000,69678.00000000,69749.90000000,293689.73000000
1775473200000,2026-04-06T11:00:00+00:00,69749.90000000,69749.90000000,69536.90000000,69592.50000000,212896.61000000
1775476800000,2026-04-06T12:00:00+00:00,69592.40000000,69615.00000000,69302.00000000,69349.50000000,352163.08000000
1775480400000,2026-04-06T13:00:00+00:00,69349.60000000,69532.80000000,69201.00000000,69405.10000000,443824.10000000
1775484000000,2026-04-06T14:00:00+00:00,69405.00000000,69798.80000000,69130.00000000,69618.70000000,748518.68000000
1775487600000,2026-04-06T15:00:00+00:00,69618.70000000,69935.00000000,69486.30000000,69923.00000000,472412.53000000
1775491200000,2026-04-06T16:00:00+00:00,69923.00000000,70322.80000000,69734.90000000,69750.10000000,623068.77000000
1775494800000,2026-04-06T17:00:00+00:00,69750.20000000,69777.90000000,69225.00000000,69530.90000000,553613.03000000
1775498400000,2026-04-06T18:00:00+00:00,69531.00000000,69933.30000000,69434.60000000,69849.90000000,326380.24000000
1775502000000,2026-04-06T19:00:00+00:00,69850.00000000,69864.70000000,69536.90000000,69699.80000000,170336.82000000
1775505600000,2026-04-06T20:00:00+00:00,69699.80000000,69947.50000000,69584.20000000,69782.20000000,125246.37000000
1775509200000,2026-04-06T21:00:00+00:00,69782.10000000,69786.90000000,69380.20000000,69473.00000000,148026.03000000
1775512800000,2026-04-06T22:00:00+00:00,69472.90000000,69545.50000000,68765.00000000,68768.00000000,426779.65000000
1775516400000,2026-04-06T23:00:00+00:00,68768.10000000,68887.70000000,68269.00000000,68812.90000000,704064.14000000
1775520000000,2026-04-07T00:00:00+00:00,68812.90000000,69100.60000000,68690.00000000,68743.80000000,341059.62000000
1775523600000,2026-04-07T01:00:00+00:00,68743.70000000,68868.70000000,68300.10000000,68368.10000000,420082.72000000
1775527200000,2026-04-07T02:00:00+00:00,68368.00000000,68685.10000000,68233.50000000,68636.90000000,301861.86000000
1775530800000,2026-04-07T03:00:00+00:00,68636.90000000,68773.30000000,68589.20000000,68745.20000000,160054.22000000
1775534400000,2026-04-07T04:00:00+00:00,68745.10000000,68958.80000000,68510.70000000,68814.90000000,236617.57000000
1775538000000,2026-04-07T05:00:00+00:00,68814.90000000,68843.20000000,68588.00000000,68632.10000000,155707.66000000
1775541600000,2026-04-07T06:00:00+00:00,68632.00000000,68632.10000000,68408.40000000,68546.20000000,192484.23000000
1775545200000,2026-04-07T07:00:00+00:00,68546.20000000,68690.40000000,68470.70000000,68585.40000000,125295.79000000
1775548800000,2026-04-07T08:00:00+00:00,68585.30000000,68955.00000000,68566.10000000,68907.80000000,301028.40000000
1775552400000,2026-04-07T09:00:00+00:00,68907.80000000,69217.70000000,68888.80000000,69106.40000000,399282.25000000
1775556000000,2026-04-07T10:00:00+00:00,69106.40000000,69165.10000000,68155.00000000,68199.30000000,853110.26000000
1775559600000,2026-04-07T11:00:00+00:00,68199.30000000,68421.00000000,68006.40000000,68308.10000000,551985.44000000
1775563200000,2026-04-07T12:00:00+00:00,68308.10000000,68583.20000000,68044.20000000,68368.60000000,448506.21000000
1775566800000,2026-04-07T13:00:00+00:00,68368.60000000,68613.80000000,68167.90000000,68205.10000000,415645.13000000
1775570400000,2026-04-07T14:00:00+00:00,68205.00000000,68230.00000000,67721.10000000,67828.90000000,779549.92000000
1775574000000,2026-04-07T15:00:00+00:00,67829.00000000,68248.00000000,67680.20000000,68138.70000000,502577.25000000
1775577600000,2026-04-07T16:00:00+00:00,68138.60000000,68426.60000000,68050.00000000,68208.20000000,348103.78000000
1775581200000,2026-04-07T17:00:00+00:00,68208.30000000,68979.50000000,68153.20000000,68669.90000000,563301.99000000
1775584800000,2026-04-07T18:00:00+00:00,68670.00000000,68745.30000000,68313.70000000,68413.30000000,318341.62000000
1775588400000,2026-04-07T19:00:00+00:00,68413.40000000,69058.80000000,68325.00000000,68975.60000000,486811.94000000
1775592000000,2026-04-07T20:00:00+00:00,68975.60000000,69520.00000000,68975.60000000,69280.50000000,551634.68000000
1775595600000,2026-04-07T21:00:00+00:00,69280.40000000,70186.10000000,69268.50000000,69898.00000000,823863.54000000
1775599200000,2026-04-07T22:00:00+00:00,69898.10000000,71500.00000000,69898.10000000,71479.00000000,1690012.17000000
1775602800000,2026-04-07T23:00:00+00:00,71479.00000000,72773.90000000,71154.10000000,71904.60000000,2312753.62000000
1775606400000,2026-04-08T00:00:00+00:00,71904.70000000,72101.70000000,71518.40000000,71696.00000000,633394.12000000
1775610000000,2026-04-08T01:00:00+00:00,71696.00000000,71749.80000000,71430.00000000,71467.60000000,288307.36000000
1775613600000,2026-04-08T02:00:00+00:00,71467.60000000,71711.90000000,71219.30000000,71350.00000000,371225.33000000
1775617200000,2026-04-08T03:00:00+00:00,71350.00000000,71500.00000000,71258.60000000,71280.10000000,187186.86000000
1775620800000,2026-04-08T04:00:00+00:00,71280.00000000,71677.60000000,71279.00000000,71551.50000000,339104.96000000
1775624400000,2026-04-08T05:00:00+00:00,71551.50000000,71830.40000000,71535.20000000,71715.00000000,232507.53000000
1775628000000,2026-04-08T06:00:00+00:00,71715.00000000,71935.00000000,71566.10000000,71719.90000000,342326.30000000
1775631600000,2026-04-08T07:00:00+00:00,71720.00000000,71894.20000000,71567.70000000,71624.20000000,261742.97000000
1775635200000,2026-04-08T08:00:00+00:00,71624.20000000,71819.70000000,71624.20000000,71790.00000000,221112.34000000
1775638800000,2026-04-08T09:00:00+00:00,71790.00000000,71965.10000000,71575.00000000,71672.00000000,236306.84000000
1775642400000,2026-04-08T10:00:00+00:00,71672.10000000,71780.00000000,71443.20000000,71462.40000000,162840.32000000
1775646000000,2026-04-08T11:00:00+00:00,71462.30000000,71713.00000000,71388.00000000,71661.30000000,259645.31000000
1775649600000,2026-04-08T12:00:00+00:00,71661.40000000,72156.00000000,71555.00000000,72036.20000000,499259.86000000
1775653200000,2026-04-08T13:00:00+00:00,72036.30000000,72876.50000000,71477.00000000,71567.40000000,1934027.83000000
1775656800000,2026-04-08T14:00:00+00:00,71567.40000000,71724.50000000,70670.00000000,70886.90000000,1013159.79000000
1775660400000,2026-04-08T15:00:00+00:00,70887.00000000,71315.10000000,70797.90000000,71265.30000000,548745.44000000
1775664000000,2026-04-08T16:00:00+00:00,71265.30000000,71700.00000000,71210.90000000,71561.30000000,456095.81000000
1775667600000,2026-04-08T17:00:00+00:00,71561.40000000,71929.90000000,71440.90000000,71854.50000000,454160.68000000
1775671200000,2026-04-08T18:00:00+00:00,71854.60000000,71857.40000000,71054.20000000,71073.60000000,491677.45000000
1775674800000,2026-04-08T19:00:00+00:00,71073.60000000,71346.60000000,70983.50000000,71294.00000000,215596.79000000
1775678400000,2026-04-08T20:00:00+00:00,71294.00000000,71457.60000000,71252.30000000,71350.50000000,138296.19000000
1775682000000,2026-04-08T21:00:00+00:00,71350.60000000,71718.80000000,71300.00000000,71519.90000000,138909.55000000
1775685600000,2026-04-08T22:00:00+00:00,71520.00000000,71546.70000000,71024.40000000,71027.80000000,184421.78000000
1775689200000,2026-04-08T23:00:00+00:00,71027.70000000,71179.00000000,70863.50000000,71041.70000000,223538.16000000
1775692800000,2026-04-09T00:00:00+00:00,71041.80000000,71109.40000000,70606.00000000,70780.00000000,303881.52000000
1775696400000,2026-04-09T01:00:00+00:00,70780.00000000,70929.90000000,70422.00000000,70892.70000000,457527.62000000
1775700000000,2026-04-09T02:00:00+00:00,70892.60000000,71170.00000000,70774.40000000,71026.90000000,278409.90000000
1775703600000,2026-04-09T03:00:00+00:00,71026.90000000,71087.90000000,70810.10000000,70965.70000000,172019.18000000
1775707200000,2026-04-09T04:00:00+00:00,70965.70000000,70985.00000000,70680.00000000,70757.00000000,167374.72000000
1775710800000,2026-04-09T05:00:00+00:00,70757.00000000,71071.30000000,70660.70000000,70959.70000000,185833.32000000
1775714400000,2026-04-09T06:00:00+00:00,70959.70000000,71067.10000000,70778.60000000,70994.10000000,181544.33000000
1775718000000,2026-04-09T07:00:00+00:00,70994.10000000,71086.20000000,70921.20000000,70953.80000000,152002.62000000
1775721600000,2026-04-09T08:00:00+00:00,70953.80000000,71358.30000000,70831.50000000,71225.80000000,378204.47000000
1775725200000,2026-04-09T09:00:00+00:00,71225.80000000,71548.00000000,71079.20000000,71502.50000000,444617.99000000
1775728800000,2026-04-09T10:00:00+00:00,71502.60000000,71505.90000000,71246.40000000,71246.50000000,165749.53000000
1775732400000,2026-04-09T11:00:00+00:00,71246.50000000,71325.00000000,71020.10000000,71124.50000000,253712.65000000
1775736000000,2026-04-09T12:00:00+00:00,71124.50000000,71316.60000000,71013.00000000,71263.60000000,233998.30000000
1775739600000,2026-04-09T13:00:00+00:00,71263.70000000,71337.60000000,70609.50000000,70779.80000000,599273.37000000
1775743200000,2026-04-09T14:00:00+00:00,70779.80000000,71228.00000000,70505.00000000,71090.70000000,695093.90000000
1775746800000,2026-04-09T15:00:00+00:00,71090.80000000,72333.70000000,70900.00000000,72105.70000000,1447394.89000000
1775750400000,2026-04-09T16:00:00+00:00,72105.60000000,72379.30000000,71666.70000000,72047.50000000,839697.96000000
1775754000000,2026-04-09T17:00:00+00:00,72047.60000000,72518.30000000,72037.20000000,72308.60000000,708292.04000000
1775757600000,2026-04-09T18:00:00+00:00,72308.60000000,72341.70000000,71708.50000000,71858.30000000,403241.97000000
1775761200000,2026-04-09T19:00:00+00:00,71858.20000000,72270.00000000,71718.00000000,72060.70000000,331870.79000000
1775764800000,2026-04-09T20:00:00+00:00,72060.70000000,72418.50000000,71929.10000000,72374.80000000,193540.60000000
1775768400000,2026-04-09T21:00:00+00:00,72374.80000000,72676.00000000,72107.10000000,72226.50000000,279496.94000000
1775772000000,2026-04-09T22:00:00+00:00,72226.50000000,73146.10000000,71911.10000000,71911.20000000,776714.58000000
1775775600000,2026-04-09T23:00:00+00:00,71911.10000000,71995.10000000,71541.90000000,71759.00000000,507415.11000000
1775779200000,2026-04-10T00:00:00+00:00,71759.10000000,72020.30000000,71543.00000000,71945.60000000,334171.79000000
1775782800000,2026-04-10T01:00:00+00:00,71945.70000000,72355.40000000,71632.70000000,72133.40000000,437285.52000000
1775786400000,2026-04-10T02:00:00+00:00,72133.30000000,72264.50000000,71868.80000000,71924.90000000,222835.48000000
1775790000000,2026-04-10T03:00:00+00:00,71924.90000000,71999.90000000,71780.00000000,71838.20000000,164980.84000000
1775793600000,2026-04-10T04:00:00+00:00,71838.30000000,72194.60000000,71784.10000000,72086.80000000,206026.15000000
1775797200000,2026-04-10T05:00:00+00:00,72086.90000000,72258.00000000,71960.40000000,72097.00000000,169317.58000000
1775800800000,2026-04-10T06:00:00+00:00,72096.90000000,72150.00000000,71754.60000000,71777.00000000,168118.79000000
1775804400000,2026-04-10T07:00:00+00:00,71777.00000000,71819.50000000,71404.10000000,71463.50000000,418943.43000000
1775808000000,2026-04-10T08:00:00+00:00,71463.50000000,71730.00000000,71388.90000000,71581.20000000,377281.92000000
1775811600000,2026-04-10T09:00:00+00:00,71581.10000000,71846.90000000,71560.50000000,71748.10000000,195568.74000000
1775815200000,2026-04-10T10:00:00+00:00,71748.10000000,71896.30000000,71667.60000000,71863.20000000,161443.35000000
1775818800000,2026-04-10T11:00:00+00:00,71863.10000000,72222.00000000,71858.40000000,72084.80000000,365823.26000000
1775822400000,2026-04-10T12:00:00+00:00,72084.70000000,72420.00000000,71960.00000000,72220.00000000,621306.45000000
1775826000000,2026-04-10T13:00:00+00:00,72220.00000000,72381.00000000,71868.80000000,72289.00000000,589488.13000000
1775829600000,2026-04-10T14:00:00+00:00,72289.00000000,73125.50000000,72215.20000000,72878.50000000,1308279.65000000
1775833200000,2026-04-10T15:00:00+00:00,72878.60000000,73288.00000000,72285.80000000,72418.30000000,770351.82000000
1775836800000,2026-04-10T16:00:00+00:00,72418.20000000,73056.70000000,72348.40000000,72965.80000000,538770.61000000
1775840400000,2026-04-10T17:00:00+00:00,72965.80000000,73123.00000000,72768.10000000,73092.00000000,250899.77000000
1775844000000,2026-04-10T18:00:00+00:00,73091.90000000,73149.50000000,72840.00000000,73071.10000000,193789.77000000
1775847600000,2026-04-10T19:00:00+00:00,73071.20000000,73248.80000000,72863.80000000,73194.00000000,220556.58000000
1775851200000,2026-04-10T20:00:00+00:00,73194.50000000,73452.30000000,73012.80000000,73321.20000000,319830.31000000
1775854800000,2026-04-10T21:00:00+00:00,73321.30000000,73321.30000000,72900.00000000,73163.00000000,147295.39000000
1775858400000,2026-04-10T22:00:00+00:00,73162.90000000,73220.00000000,72678.50000000,72840.80000000,239777.72000000
1775862000000,2026-04-10T23:00:00+00:00,72840.80000000,72933.30000000,72746.00000000,72925.80000000,99300.94000000
1775865600000,2026-04-11T00:00:00+00:00,72925.70000000,72925.80000000,72750.00000000,72799.20000000,102403.81000000
1775869200000,2026-04-11T01:00:00+00:00,72799.30000000,72975.00000000,72616.70000000,72927.50000000,139871.05000000
1775872800000,2026-04-11T02:00:00+00:00,72927.50000000,73073.80000000,72868.10000000,72928.80000000,143405.49000000
1775876400000,2026-04-11T03:00:00+00:00,72928.80000000,73047.20000000,72785.80000000,72836.90000000,108653.64000000
1775880000000,2026-04-11T04:00:00+00:00,72837.00000000,72925.20000000,72650.60000000,72781.10000000,149800.48000000
1775883600000,2026-04-11T05:00:00+00:00,72781.20000000,72812.00000000,72642.80000000,72696.40000000,99069.34000000
1775887200000,2026-04-11T06:00:00+00:00,72696.30000000,72755.10000000,72570.30000000,72738.90000000,119441.57000000
1775890800000,2026-04-11T07:00:00+00:00,72739.00000000,72809.70000000,72633.60000000,72719.70000000,112411.22000000
1775894400000,2026-04-11T08:00:00+00:00,72719.80000000,72779.90000000,72601.00000000,72636.30000000,94421.28000000
1775898000000,2026-04-11T09:00:00+00:00,72636.30000000,72884.00000000,72600.00000000,72875.20000000,183876.84000000
1775901600000,2026-04-11T10:00:00+00:00,72875.10000000,72898.40000000,72728.00000000,72811.20000000,120527.89000000
1775905200000,2026-04-11T11:00:00+00:00,72811.20000000,72896.00000000,72787.00000000,72883.80000000,77161.34000000
1775908800000,2026-04-11T12:00:00+00:00,72883.70000000,72956.50000000,72787.00000000,72900.00000000,128447.29000000
1775912400000,2026-04-11T13:00:00+00:00,72900.00000000,72900.00000000,72480.40000000,72628.10000000,334889.39000000
1775916000000,2026-04-11T14:00:00+00:00,72628.20000000,72749.40000000,72578.00000000,72669.30000000,106063.24000000
1775919600000,2026-04-11T15:00:00+00:00,72669.30000000,72874.10000000,72648.60000000,72826.60000000,162324.12000000
1775923200000,2026-04-11T16:00:00+00:00,72826.50000000,73200.00000000,72790.00000000,73000.40000000,301061.86000000
1775926800000,2026-04-11T17:00:00+00:00,73000.40000000,73142.00000000,72903.00000000,73060.30000000,140491.03000000
1775930400000,2026-04-11T18:00:00+00:00,73060.40000000,73748.50000000,73002.80000000,73527.30000000,546266.16000000
1775934000000,2026-04-11T19:00:00+00:00,73527.40000000,73799.10000000,73433.80000000,73659.60000000,319181.24000000
1775937600000,2026-04-11T20:00:00+00:00,73659.60000000,73670.70000000,73201.60000000,73274.80000000,208809.91000000
1775941200000,2026-04-11T21:00:00+00:00,73274.80000000,73530.40000000,73166.00000000,73406.30000000,134447.91000000
1775944800000,2026-04-11T22:00:00+00:00,73406.20000000,73546.30000000,73210.80000000,73341.10000000,128116.76000000
1775948400000,2026-04-11T23:00:00+00:00,73341.10000000,73341.20000000,72864.00000000,73014.70000000,239979.75000000
1775952000000,2026-04-12T00:00:00+00:00,73014.70000000,73088.00000000,72823.40000000,73049.80000000,157857.11000000
1775955600000,2026-04-12T01:00:00+00:00,73049.90000000,73107.10000000,71270.20000000,71610.00000000,1246856.37000000
1775959200000,2026-04-12T02:00:00+00:00,71609.90000000,71934.70000000,71310.50000000,71725.80000000,523885.87000000
1775962800000,2026-04-12T03:00:00+00:00,71725.80000000,71829.50000000,71557.00000000,71557.70000000,262524.52000000
1775966400000,2026-04-12T04:00:00+00:00,71557.60000000,71650.00000000,71411.00000000,71437.90000000,205248.84000000
1775970000000,2026-04-12T05:00:00+00:00,71437.90000000,71750.00000000,71380.00000000,71664.10000000,220222.19000000
1775973600000,2026-04-12T06:00:00+00:00,71664.20000000,71726.50000000,71600.00000000,71617.10000000,103361.43000000
1775977200000,2026-04-12T07:00:00+00:00,71617.00000000,71720.00000000,71541.10000000,71635.90000000,126279.60000000
1775980800000,2026-04-12T08:00:00+00:00,71635.90000000,71772.00000000,71553.40000000,71591.50000000,162766.43000000
1775984400000,2026-04-12T09:00:00+00:00,71591.40000000,71607.40000000,71480.90000000,71507.40000000,118292.85000000
1775988000000,2026-04-12T10:00:00+00:00,71507.30000000,71655.00000000,71323.00000000,71425.00000000,184950.54000000
1775991600000,2026-04-12T11:00:00+00:00,71425.00000000,71519.70000000,71387.80000000,71441.40000000,113648.42000000
1775995200000,2026-04-12T12:00:00+00:00,71441.30000000,71477.70000000,71027.00000000,71053.90000000,442302.20000000
1775998800000,2026-04-12T13:00:00+00:00,71053.90000000,71121.40000000,70830.40000000,70861.60000000,506772.24000000
1776002400000,2026-04-12T14:00:00+00:00,70861.60000000,71076.20000000,70660.70000000,70721.90000000,382967.88000000
1776006000000,2026-04-12T15:00:00+00:00,70722.00000000,70917.00000000,70570.00000000,70869.50000000,306455.25000000
1776009600000,2026-04-12T16:00:00+00:00,70869.50000000,70934.60000000,70778.00000000,70900.10000000,140240.65000000
1776013200000,2026-04-12T17:00:00+00:00,70900.10000000,71175.90000000,70866.00000000,71120.20000000,238923.09000000
1776016800000,2026-04-12T18:00:00+00:00,71120.30000000,71187.50000000,71026.00000000,71094.80000000,115313.21000000
1776020400000,2026-04-12T19:00:00+00:00,71094.90000000,71189.20000000,71040.20000000,71060.70000000,61568.62000000
1776024000000,2026-04-12T20:00:00+00:00,71060.70000000,71410.90000000,70921.00000000,71302.00000000,167910.28000000
1776027600000,2026-04-12T21:00:00+00:00,71301.90000000,71425.20000000,71132.20000000,71325.60000000,106979.16000000
1776031200000,2026-04-12T22:00:00+00:00,71325.60000000,71333.00000000,70456.00000000,70875.90000000,597544.04000000
1776034800000,2026-04-12T23:00:00+00:00,70875.80000000,70882.50000000,70530.10000000,70707.90000000,222212.96000000
1776038400000,2026-04-13T00:00:00+00:00,70707.90000000,71273.10000000,70580.00000000,71140.00000000,340865.55000000
1776042000000,2026-04-13T01:00:00+00:00,71140.00000000,71200.00000000,71008.00000000,71166.10000000,237698.95000000
1776045600000,2026-04-13T02:00:00+00:00,71166.10000000,71255.00000000,70955.60000000,71059.90000000,214234.60000000
1776049200000,2026-04-13T03:00:00+00:00,71059.90000000,71134.80000000,70883.40000000,70950.10000000,164255.36000000
1776052800000,2026-04-13T04:00:00+00:00,70950.20000000,71120.00000000,70821.70000000,70868.40000000,155198.98000000
1776056400000,2026-04-13T05:00:00+00:00,70868.50000000,70893.50000000,70637.20000000,70858.20000000,189388.53000000
1776060000000,2026-04-13T06:00:00+00:00,70858.10000000,71073.70000000,70853.40000000,70999.30000000,156050.76000000
1776063600000,2026-04-13T07:00:00+00:00,70999.60000000,71046.10000000,70660.00000000,70796.50000000,216947.48000000
1776067200000,2026-04-13T08:00:00+00:00,70796.50000000,70842.50000000,70542.10000000,70657.20000000,207263.03000000
1776070800000,2026-04-13T09:00:00+00:00,70657.10000000,70889.90000000,70643.90000000,70766.40000000,189097.20000000
1776074400000,2026-04-13T10:00:00+00:00,70766.40000000,70823.60000000,70654.00000000,70728.50000000,107334.47000000
1776078000000,2026-04-13T11:00:00+00:00,70728.60000000,70966.00000000,70710.10000000,70892.60000000,178184.60000000
1776081600000,2026-04-13T12:00:00+00:00,70892.60000000,71185.00000000,70730.30000000,71040.50000000,362222.12000000
1776085200000,2026-04-13T13:00:00+00:00,71040.50000000,71665.40000000,70766.70000000,71610.00000000,952866.75000000
1776088800000,2026-04-13T14:00:00+00:00,71610.00000000,72374.80000000,71326.30000000,72347.00000000,1169592.91000000
1776092400000,2026-04-13T15:00:00+00:00,72347.00000000,72424.00000000,71618.20000000,71831.10000000,746607.63000000
1776096000000,2026-04-13T16:00:00+00:00,71831.00000000,72400.00000000,71637.80000000,72162.10000000,672939.96000000
1776099600000,2026-04-13T17:00:00+00:00,72162.00000000,72583.00000000,72023.70000000,72111.80000000,506399.13000000
1776103200000,2026-04-13T18:00:00+00:00,72111.80000000,72424.70000000,72012.00000000,72386.50000000,275732.27000000
1776106800000,2026-04-13T19:00:00+00:00,72386.50000000,73468.00000000,72260.00000000,73287.60000000,1046991.77000000
1776110400000,2026-04-13T20:00:00+00:00,73287.60000000,73367.50000000,72977.80000000,73122.30000000,457527.91000000
1776114000000,2026-04-13T21:00:00+00:00,73122.30000000,73369.60000000,73045.80000000,73152.40000000,203231.66000000
1776117600000,2026-04-13T22:00:00+00:00,73152.30000000,74746.70000000,73138.00000000,74597.70000000,1463667.94000000
1776121200000,2026-04-13T23:00:00+00:00,74597.60000000,74876.50000000,74342.10000000,74385.50000000,699665.26000000
1776124800000,2026-04-14T00:00:00+00:00,74385.40000000,74494.40000000,74074.80000000,74138.10000000,385890.25000000
1776128400000,2026-04-14T01:00:00+00:00,74138.10000000,74418.10000000,73935.50000000,74356.80000000,277921.28000000
1776132000000,2026-04-14T02:00:00+00:00,74356.80000000,74567.60000000,74250.00000000,74307.90000000,199586.58000000
1776135600000,2026-04-14T03:00:00+00:00,74307.90000000,74472.80000000,74211.70000000,74418.40000000,161212.09000000
1776139200000,2026-04-14T04:00:00+00:00,74418.50000000,74478.20000000,74324.60000000,74362.40000000,119860.15000000
1776142800000,2026-04-14T05:00:00+00:00,74362.30000000,74407.00000000,74127.20000000,74188.60000000,139083.74000000
1776146400000,2026-04-14T06:00:00+00:00,74188.60000000,74526.90000000,74188.60000000,74490.90000000,156733.76000000
1776150000000,2026-04-14T07:00:00+00:00,74490.90000000,74920.40000000,74402.80000000,74518.00000000,409766.26000000
1776153600000,2026-04-14T08:00:00+00:00,74518.10000000,74870.00000000,74420.40000000,74718.30000000,304284.37000000
1776157200000,2026-04-14T09:00:00+00:00,74718.30000000,74800.00000000,74386.50000000,74468.30000000,219111.56000000
1776160800000,2026-04-14T10:00:00+00:00,74468.40000000,74574.00000000,74300.00000000,74318.20000000,148669.86000000
1776164400000,2026-04-14T11:00:00+00:00,74318.20000000,74422.00000000,74276.70000000,74350.10000000,186616.23000000
1776168000000,2026-04-14T12:00:00+00:00,74350.00000000,74475.70000000,74250.00000000,74423.80000000,239844.84000000
1776171600000,2026-04-14T13:00:00+00:00,74423.80000000,75488.00000000,74366.90000000,75468.50000000,1072862.49000000
1776175200000,2026-04-14T14:00:00+00:00,75468.50000000,76000.00000000,74970.00000000,74970.00000000,1547848.07000000
1776178800000,2026-04-14T15:00:00+00:00,74970.00000000,75415.40000000,74505.60000000,75280.40000000,1016919.09000000
1776182400000,2026-04-14T16:00:00+00:00,75280.40000000,75668.30000000,74465.20000000,74600.30000000,720720.18000000
1776186000000,2026-04-14T17:00:00+00:00,74600.40000000,74919.70000000,74200.00000000,74694.80000000,587654.37000000
1776189600000,2026-04-14T18:00:00+00:00,74694.90000000,74765.70000000,73777.00000000,74056.30000000,570633.47000000
1776193200000,2026-04-14T19:00:00+00:00,74056.30000000,74350.00000000,73829.30000000,74175.00000000,377838.44000000
1776196800000,2026-04-14T20:00:00+00:00,74175.00000000,74391.20000000,73966.00000000,74055.30000000,189920.80000000
1776200400000,2026-04-14T21:00:00+00:00,74055.30000000,74285.20000000,73901.00000000,74230.40000000,133182.78000000
1776204000000,2026-04-14T22:00:00+00:00,74230.30000000,74333.00000000,73743.90000000,73982.70000000,289274.94000000
1776207600000,2026-04-14T23:00:00+00:00,73982.60000000,74212.20000000,73966.00000000,74100.10000000,193888.60000000
1776211200000,2026-04-15T00:00:00+00:00,74100.00000000,74648.20000000,74079.60000000,74515.90000000,391056.27000000
1776214800000,2026-04-15T01:00:00+00:00,74515.90000000,74749.00000000,74444.60000000,74560.00000000,232891.37000000
1776218400000,2026-04-15T02:00:00+00:00,74560.00000000,74650.00000000,74135.90000000,74281.10000000,221093.39000000
1776222000000,2026-04-15T03:00:00+00:00,74281.10000000,74330.00000000,74130.00000000,74296.30000000,125827.96000000
1776225600000,2026-04-15T04:00:00+00:00,74296.30000000,74400.00000000,74220.00000000,74292.80000000,124277.93000000
1776229200000,2026-04-15T05:00:00+00:00,74292.80000000,74397.10000000,73830.10000000,73985.20000000,382483.54000000
1776232800000,2026-04-15T06:00:00+00:00,73985.10000000,74022.50000000,73834.00000000,73860.80000000,190265.35000000
1776236400000,2026-04-15T07:00:00+00:00,73860.90000000,73986.00000000,73443.00000000,73706.90000000,565096.38000000
1776240000000,2026-04-15T08:00:00+00:00,73706.90000000,74152.30000000,73644.00000000,74077.10000000,332687.75000000
1776243600000,2026-04-15T09:00:00+00:00,74077.00000000,74150.00000000,73852.40000000,73975.10000000,191065.82000000
1776247200000,2026-04-15T10:00:00+00:00,73975.00000000,74243.20000000,73741.40000000,73826.10000000,354792.37000000
1776250800000,2026-04-15T11:00:00+00:00,73826.10000000,74232.00000000,73826.10000000,74163.10000000,193843.41000000
1776254400000,2026-04-15T12:00:00+00:00,74163.10000000,74444.00000000,74006.60000000,74226.40000000,301888.27000000
1776258000000,2026-04-15T13:00:00+00:00,74226.40000000,74391.50000000,73772.90000000,74016.70000000,484434.45000000
1776261600000,2026-04-15T14:00:00+00:00,74016.70000000,74479.80000000,73780.00000000,74111.00000000,597375.78000000
1776265200000,2026-04-15T15:00:00+00:00,74111.00000000,74271.90000000,73542.00000000,73802.40000000,499499.01000000
1776268800000,2026-04-15T16:00:00+00:00,73802.30000000,74144.00000000,73721.80000000,73907.60000000,312358.05000000
1776272400000,2026-04-15T17:00:00+00:00,73907.70000000,74211.00000000,73877.50000000,74099.60000000,229742.19000000
1776276000000,2026-04-15T18:00:00+00:00,74099.50000000,74372.70000000,74034.80000000,74354.80000000,210790.69000000
1776279600000,2026-04-15T19:00:00+00:00,74354.80000000,75250.00000000,74317.30000000,74963.00000000,607102.12000000
1776283200000,2026-04-15T20:00:00+00:00,74962.20000000,75013.40000000,74469.10000000,74794.40000000,316545.94000000
1776286800000,2026-04-15T21:00:00+00:00,74794.40000000,74820.00000000,74502.00000000,74706.00000000,206086.02000000
1776290400000,2026-04-15T22:00:00+00:00,74706.10000000,75391.90000000,74692.80000000,74929.50000000,394090.16000000
1776294000000,2026-04-15T23:00:00+00:00,74929.60000000,74929.60000000,74572.60000000,74773.40000000,296477.08000000
1776297600000,2026-04-16T00:00:00+00:00,74773.40000000,74847.40000000,74400.50000000,74766.00000000,230753.24000000
1776301200000,2026-04-16T01:00:00+00:00,74765.90000000,74765.90000000,74410.30000000,74609.60000000,116591.23000000
1776304800000,2026-04-16T02:00:00+00:00,74609.60000000,75220.40000000,74556.80000000,74843.10000000,351525.76000000
1776308400000,2026-04-16T03:00:00+00:00,74843.00000000,75126.70000000,74822.20000000,74844.60000000,164700.61000000
1776312000000,2026-04-16T04:00:00+00:00,74844.60000000,75129.60000000,74680.00000000,74900.10000000,221334.31000000
1776315600000,2026-04-16T05:00:00+00:00,74900.00000000,75104.10000000,74850.10000000,75002.90000000,147579.49000000
1776319200000,2026-04-16T06:00:00+00:00,75002.90000000,75083.10000000,74813.70000000,74987.80000000,145350.72000000
1776322800000,2026-04-16T07:00:00+00:00,74987.80000000,75043.10000000,74600.00000000,74673.40000000,201722.25000000
1776326400000,2026-04-16T08:00:00+00:00,74673.50000000,74718.60000000,74474.00000000,74635.90000000,302982.79000000
1776330000000,2026-04-16T09:00:00+00:00,74635.80000000,74860.00000000,74555.00000000,74559.60000000,204740.10000000
1776333600000,2026-04-16T10:00:00+00:00,74559.70000000,74611.20000000,74240.00000000,74276.20000000,362410.27000000
1776337200000,2026-04-16T11:00:00+00:00,74276.30000000,74544.20000000,74250.10000000,74532.30000000,271465.75000000
1776340800000,2026-04-16T12:00:00+00:00,74532.40000000,74827.20000000,74532.30000000,74581.20000000,283747.14000000
1776344400000,2026-04-16T13:00:00+00:00,74581.30000000,74990.00000000,73220.20000000,73750.00000000,1170368.58000000
1776348000000,2026-04-16T14:00:00+00:00,73750.00000000,74150.00000000,73377.80000000,73937.10000000,893367.25000000
1776351600000,2026-04-16T15:00:00+00:00,73937.00000000,74855.00000000,73896.50000000,74660.00000000,777874.75000000
1776355200000,2026-04-16T16:00:00+00:00,74660.10000000,74899.80000000,74025.00000000,74136.90000000,488141.67000000
1776358800000,2026-04-16T17:00:00+00:00,74137.00000000,74414.40000000,73866.50000000,74302.80000000,391950.90000000
1776362400000,2026-04-16T18:00:00+00:00,74302.70000000,75088.00000000,74196.00000000,75003.90000000,388373.26000000
1776366000000,2026-04-16T19:00:00+00:00,75003.90000000,75388.00000000,74700.00000000,75317.00000000,416526.36000000
1776369600000,2026-04-16T20:00:00+00:00,75317.00000000,75522.30000000,74959.20000000,75185.60000000,300430.56000000
1776373200000,2026-04-16T21:00:00+00:00,75185.70000000,75244.00000000,74747.00000000,74903.20000000,197186.63000000
1776376800000,2026-04-16T22:00:00+00:00,74903.20000000,75083.40000000,74784.40000000,74833.50000000,156913.45000000
1776380400000,2026-04-16T23:00:00+00:00,74833.60000000,75148.90000000,74797.30000000,75106.70000000,138477.61000000
1776384000000,2026-04-17T00:00:00+00:00,75106.70000000,75114.30000000,74840.90000000,74900.10000000,126584.41000000
1776387600000,2026-04-17T01:00:00+00:00,74900.10000000,75000.00000000,74525.00000000,74699.00000000,239233.04000000
1776391200000,2026-04-17T02:00:00+00:00,74699.00000000,74772.40000000,74495.20000000,74660.50000000,145586.17000000
1776394800000,2026-04-17T03:00:00+00:00,74660.50000000,74798.90000000,74558.60000000,74577.30000000,176692.73000000
1776398400000,2026-04-17T04:00:00+00:00,74577.20000000,74820.50000000,74550.10000000,74749.00000000,130889.32000000
1776402000000,2026-04-17T05:00:00+00:00,74749.00000000,74766.60000000,74510.30000000,74606.00000000,155932.40000000
1776405600000,2026-04-17T06:00:00+00:00,74606.10000000,74909.30000000,74555.00000000,74896.70000000,189233.52000000
1776409200000,2026-04-17T07:00:00+00:00,74896.80000000,75064.70000000,74892.60000000,75043.80000000,338244.89000000
1776412800000,2026-04-17T08:00:00+00:00,75043.70000000,75849.20000000,74961.40000000,75739.30000000,781758.43000000
1776416400000,2026-04-17T09:00:00+00:00,75739.30000000,76348.00000000,75471.90000000,75736.00000000,1263043.83000000
1776420000000,2026-04-17T10:00:00+00:00,75736.00000000,75850.00000000,75037.00000000,75233.80000000,598645.78000000
1776423600000,2026-04-17T11:00:00+00:00,75233.70000000,75564.60000000,75200.70000000,75544.10000000,252539.00000000
1776427200000,2026-04-17T12:00:00+00:00,75544.10000000,76229.20000000,75483.00000000,76190.00000000,699751.09000000
1776430800000,2026-04-17T13:00:00+00:00,76190.00000000,77397.20000000,76005.60000000,77299.90000000,2846085.91000000
1776434400000,2026-04-17T14:00:00+00:00,77299.90000000,78036.10000000,76980.00000000,77844.10000000,1643053.17000000
1776438000000,2026-04-17T15:00:00+00:00,77844.20000000,77939.30000000,77389.50000000,77740.10000000,736550.15000000
1776441600000,2026-04-17T16:00:00+00:00,77740.10000000,78323.00000000,77656.90000000,77826.00000000,811003.38000000
1776445200000,2026-04-17T17:00:00+00:00,77825.90000000,77886.30000000,77075.10000000,77487.90000000,772904.42000000
1776448800000,2026-04-17T18:00:00+00:00,77487.80000000,77536.70000000,77058.00000000,77129.50000000,357864.68000000
1776452400000,2026-04-17T19:00:00+00:00,77129.60000000,77440.90000000,76920.60000000,77354.60000000,337037.26000000
1776456000000,2026-04-17T20:00:00+00:00,77354.60000000,77598.40000000,77125.00000000,77292.80000000,201342.43000000
1776459600000,2026-04-17T21:00:00+00:00,77292.80000000,77460.00000000,77244.10000000,77404.20000000,102478.05000000
1776463200000,2026-04-17T22:00:00+00:00,77404.10000000,77473.60000000,77230.00000000,77260.00000000,133640.08000000
1776466800000,2026-04-17T23:00:00+00:00,77259.90000000,77270.30000000,76856.10000000,77033.10000000,249114.24000000
1776470400000,2026-04-18T00:00:00+00:00,77033.00000000,77220.00000000,76930.70000000,77134.20000000,180276.26000000
1776474000000,2026-04-18T01:00:00+00:00,77134.20000000,77293.50000000,77076.50000000,77178.50000000,124257.55000000
1776477600000,2026-04-18T02:00:00+00:00,77178.50000000,77392.40000000,77080.00000000,77243.50000000,130276.22000000
1776481200000,2026-04-18T03:00:00+00:00,77243.60000000,77255.20000000,76922.00000000,76975.20000000,180467.59000000
1776484800000,2026-04-18T04:00:00+00:00,76975.10000000,77141.40000000,76824.40000000,77072.20000000,194016.31000000
1776488400000,2026-04-18T05:00:00+00:00,77072.20000000,77250.00000000,77072.10000000,77086.80000000,113804.24000000
1776492000000,2026-04-18T06:00:00+00:00,77086.80000000,77187.90000000,77014.50000000,77094.40000000,101467.55000000
1776495600000,2026-04-18T07:00:00+00:00,77094.40000000,77094.40000000,76863.80000000,76969.30000000,130867.46000000
1776499200000,2026-04-18T08:00:00+00:00,76969.30000000,77016.00000000,76459.00000000,76700.00000000,625609.03000000
1776502800000,2026-04-18T09:00:00+00:00,76700.00000000,76700.00000000,76370.20000000,76560.90000000,260591.40000000
1776506400000,2026-04-18T10:00:00+00:00,76560.90000000,76561.00000000,76100.00000000,76164.60000000,539719.98000000
1776510000000,2026-04-18T11:00:00+00:00,76164.60000000,76164.70000000,75733.30000000,76008.50000000,542661.13000000
1776513600000,2026-04-18T12:00:00+00:00,76008.50000000,76267.30000000,76004.10000000,76167.60000000,233420.56000000
1776517200000,2026-04-18T13:00:00+00:00,76167.60000000,76176.80000000,75760.00000000,76083.70000000,248056.85000000
1776520800000,2026-04-18T14:00:00+00:00,76083.60000000,76266.10000000,75939.80000000,76214.70000000,268656.62000000
1776524400000,2026-04-18T15:00:00+00:00,76214.70000000,76345.20000000,75928.80000000,76121.90000000,185678.35000000
1776528000000,2026-04-18T16:00:00+00:00,76121.80000000,76172.00000000,75623.20000000,75903.80000000,427420.20000000
1776531600000,2026-04-18T17:00:00+00:00,75903.70000000,75939.30000000,75738.30000000,75788.00000000,259923.71000000
1776535200000,2026-04-18T18:00:00+00:00,75788.00000000,75800.00000000,75370.00000000,75603.60000000,347862.05000000
1776538800000,2026-04-18T19:00:00+00:00,75603.60000000,75761.50000000,75526.50000000,75609.80000000,116696.17000000
1776542400000,2026-04-18T20:00:00+00:00,75609.80000000,75798.30000000,75564.30000000,75707.60000000,106892.39000000
1776546000000,2026-04-18T21:00:00+00:00,75707.70000000,75796.30000000,75547.70000000,75776.50000000,71121.68000000
1776549600000,2026-04-18T22:00:00+00:00,75776.60000000,75835.90000000,75570.00000000,75768.60000000,82813.49000000
1776553200000,2026-04-18T23:00:00+00:00,75768.60000000,75861.10000000,75649.50000000,75649.60000000,80666.11000000
1776556800000,2026-04-19T00:00:00+00:00,75649.50000000,75811.10000000,75503.00000000,75629.00000000,160550.97000000
1776560400000,2026-04-19T01:00:00+00:00,75629.10000000,75745.50000000,75403.00000000,75576.10000000,177052.74000000
1776564000000,2026-04-19T02:00:00+00:00,75576.20000000,75679.80000000,75343.10000000,75444.50000000,185877.07000000
1776567600000,2026-04-19T03:00:00+00:00,75444.40000000,75607.70000000,75310.40000000,75473.40000000,179642.23000000
1776571200000,2026-04-19T04:00:00+00:00,75473.30000000,75755.00000000,75379.70000000,75633.00000000,262264.19000000
1776574800000,2026-04-19T05:00:00+00:00,75633.00000000,75656.00000000,75480.00000000,75508.20000000,87247.34000000
1776578400000,2026-04-19T06:00:00+00:00,75508.10000000,75513.90000000,75250.50000000,75364.70000000,192145.83000000
1776582000000,2026-04-19T07:00:00+00:00,75364.70000000,75365.00000000,74837.40000000,75210.30000000,583340.11000000
1776585600000,2026-04-19T08:00:00+00:00,75210.20000000,75268.70000000,75015.20000000,75223.00000000,146056.02000000
1776589200000,2026-04-19T09:00:00+00:00,75223.00000000,75234.20000000,74888.00000000,74989.10000000,197993.47000000
1776592800000,2026-04-19T10:00:00+00:00,74989.20000000,75223.10000000,74900.10000000,75197.20000000,184329.62000000
1776596400000,2026-04-19T11:00:00+00:00,75197.30000000,75595.80000000,75186.00000000,75560.70000000,386705.64000000
1776600000000,2026-04-19T12:00:00+00:00,75560.70000000,75658.00000000,75380.00000000,75535.70000000,269204.69000000
1776603600000,2026-04-19T13:00:00+00:00,75535.80000000,76219.30000000,75508.40000000,75884.80000000,613712.45000000
1776607200000,2026-04-19T14:00:00+00:00,75884.90000000,76108.90000000,75623.80000000,75980.00000000,329551.72000000
1776610800000,2026-04-19T15:00:00+00:00,75980.00000000,76120.00000000,75337.20000000,75806.80000000,371979.01000000
1776614400000,2026-04-19T16:00:00+00:00,75806.70000000,75816.10000000,75255.20000000,75347.00000000,263036.77000000
1776618000000,2026-04-19T17:00:00+00:00,75347.10000000,75359.50000000,74571.60000000,74750.90000000,579126.86000000
1776621600000,2026-04-19T18:00:00+00:00,74751.00000000,74875.70000000,74550.00000000,74744.10000000,321997.98000000
1776625200000,2026-04-19T19:00:00+00:00,74744.10000000,75049.00000000,74744.10000000,74935.00000000,163453.04000000
1776628800000,2026-04-19T20:00:00+00:00,74935.00000000,74935.00000000,74367.30000000,74603.10000000,284560.47000000
1776632400000,2026-04-19T21:00:00+00:00,74603.00000000,74791.20000000,74300.00000000,74387.00000000,205140.49000000
1776636000000,2026-04-19T22:00:00+00:00,74387.00000000,74387.00000000,73716.30000000,74010.10000000,767372.91000000
1776639600000,2026-04-19T23:00:00+00:00,74010.10000000,74032.90000000,73750.00000000,73767.80000000,330034.64000000
1776643200000,2026-04-20T00:00:00+00:00,73768.40000000,74326.70000000,73666.00000000,74241.30000000,567189.15000000
1776646800000,2026-04-20T01:00:00+00:00,74241.40000000,74727.10000000,74180.00000000,74563.90000000,416202.10000000
1776650400000,2026-04-20T02:00:00+00:00,74564.00000000,74600.00000000,74265.60000000,74382.20000000,235801.43000000
1776654000000,2026-04-20T03:00:00+00:00,74382.20000000,74604.10000000,74314.60000000,74600.10000000,145172.13000000
1776657600000,2026-04-20T04:00:00+00:00,74600.10000000,74608.70000000,74400.50000000,74532.00000000,105950.95000000
1776661200000,2026-04-20T05:00:00+00:00,74531.90000000,74531.90000000,74073.60000000,74240.10000000,257921.07000000
1776664800000,2026-04-20T06:00:00+00:00,74240.10000000,74872.00000000,74218.30000000,74755.70000000,371213.35000000
1776668400000,2026-04-20T07:00:00+00:00,74755.70000000,75562.20000000,74618.00000000,74799.90000000,1136539.31000000
1776672000000,2026-04-20T08:00:00+00:00,74799.90000000,74966.50000000,74579.00000000,74692.60000000,287895.90000000
1776675600000,2026-04-20T09:00:00+00:00,74692.50000000,75199.00000000,74662.40000000,75027.30000000,513190.26000000
1776679200000,2026-04-20T10:00:00+00:00,75027.40000000,75363.60000000,74955.00000000,74987.90000000,266238.26000000
1776682800000,2026-04-20T11:00:00+00:00,74988.00000000,75246.00000000,74912.60000000,75154.00000000,165536.03000000
1776686400000,2026-04-20T12:00:00+00:00,75154.00000000,75624.70000000,75000.00000000,75251.50000000,462817.27000000
1776690000000,2026-04-20T13:00:00+00:00,75251.50000000,75379.40000000,74811.00000000,75231.30000000,576500.01000000
1776693600000,2026-04-20T14:00:00+00:00,75231.30000000,75742.30000000,74868.40000000,74995.00000000,726641.24000000
1776697200000,2026-04-20T15:00:00+00:00,74995.00000000,75741.90000000,74654.20000000,75669.80000000,733337.72000000
1776700800000,2026-04-20T16:00:00+00:00,75669.90000000,75679.00000000,75243.50000000,75300.60000000,280375.35000000
1776704400000,2026-04-20T17:00:00+00:00,75299.90000000,75937.70000000,75237.90000000,75849.60000000,389172.72000000
1776708000000,2026-04-20T18:00:00+00:00,75849.60000000,76430.90000000,75849.60000000,76389.90000000,752698.44000000
1776711600000,2026-04-20T19:00:00+00:00,76390.00000000,76448.00000000,76085.00000000,76248.00000000,263842.84000000
1776715200000,2026-04-20T20:00:00+00:00,76247.90000000,76548.50000000,76069.80000000,76233.50000000,218269.20000000
1776718800000,2026-04-20T21:00:00+00:00,76233.40000000,76334.20000000,75733.60000000,75911.90000000,202480.20000000
1776722400000,2026-04-20T22:00:00+00:00,75911.90000000,76108.30000000,75856.80000000,75928.70000000,140262.33000000
1776726000000,2026-04-20T23:00:00+00:00,75928.70000000,75928.70000000,75564.80000000,75803.40000000,283531.86000000
1776729600000,2026-04-21T00:00:00+00:00,75803.40000000,76078.80000000,75665.50000000,76073.00000000,298610.74000000
1776733200000,2026-04-21T01:00:00+00:00,76073.00000000,76249.90000000,75823.10000000,75897.50000000,279972.43000000
1776736800000,2026-04-21T02:00:00+00:00,75897.50000000,75897.90000000,75543.90000000,75553.20000000,250782.42000000
1776740400000,2026-04-21T03:00:00+00:00,75553.10000000,75699.90000000,75441.00000000,75684.30000000,219172.38000000
1776744000000,2026-04-21T04:00:00+00:00,75684.40000000,75797.80000000,75565.90000000,75779.90000000,151179.97000000
1776747600000,2026-04-21T05:00:00+00:00,75779.80000000,75957.70000000,75741.00000000,75771.70000000,159206.47000000
1776751200000,2026-04-21T06:00:00+00:00,75771.60000000,76100.00000000,75659.00000000,75930.10000000,215147.62000000
1776754800000,2026-04-21T07:00:00+00:00,75930.00000000,76275.00000000,75774.00000000,76051.40000000,326847.02000000
1776758400000,2026-04-21T08:00:00+00:00,76051.50000000,76924.50000000,76025.00000000,76472.10000000,654211.66000000
1776762000000,2026-04-21T09:00:00+00:00,76472.00000000,76561.70000000,76118.00000000,76330.90000000,354107.87000000
1776765600000,2026-04-21T10:00:00+00:00,76331.00000000,76849.90000000,76312.60000000,76705.00000000,307916.73000000
1776769200000,2026-04-21T11:00:00+00:00,76705.00000000,76725.90000000,76287.00000000,76406.70000000,371708.52000000
1776772800000,2026-04-21T12:00:00+00:00,76406.60000000,76500.00000000,75680.00000000,75985.20000000,675555.69000000
1776776400000,2026-04-21T13:00:00+00:00,75985.20000000,76158.00000000,75696.20000000,75862.20000000,448540.69000000
1776780000000,2026-04-21T14:00:00+00:00,75862.20000000,76567.20000000,75567.20000000,75631.30000000,742741.87000000
1776783600000,2026-04-21T15:00:00+00:00,75631.30000000,75940.00000000,75300.00000000,75795.60000000,647562.55000000
1776787200000,2026-04-21T16:00:00+00:00,75795.60000000,76166.00000000,75722.60000000,75746.00000000,306327.17000000
1776790800000,2026-04-21T17:00:00+00:00,75746.00000000,75868.70000000,75009.00000000,75507.90000000,834491.51000000
1776794400000,2026-04-21T18:00:00+00:00,75508.00000000,75628.40000000,75267.40000000,75565.40000000,252079.07000000
1776798000000,2026-04-21T19:00:00+00:00,75565.40000000,75869.80000000,74766.10000000,74985.70000000,587601.19000000
1776801600000,2026-04-21T20:00:00+00:00,74985.70000000,75815.00000000,74943.60000000,75650.10000000,435903.27000000
1776805200000,2026-04-21T21:00:00+00:00,75650.00000000,75724.80000000,75404.50000000,75502.10000000,89465.00000000
1776808800000,2026-04-21T22:00:00+00:00,75502.00000000,75611.40000000,75250.00000000,75598.00000000,162783.88000000
1776812400000,2026-04-21T23:00:00+00:00,75597.90000000,76400.00000000,75572.70000000,76302.10000000,499489.71000000
1776816000000,2026-04-22T00:00:00+00:00,76302.20000000,76480.00000000,76190.50000000,76339.90000000,292256.31000000
1776819600000,2026-04-22T01:00:00+00:00,76339.90000000,76399.90000000,76111.00000000,76273.80000000,219601.03000000
1776823200000,2026-04-22T02:00:00+00:00,76273.80000000,77633.50000000,76190.60000000,77580.30000000,1345759.33000000
1776826800000,2026-04-22T03:00:00+00:00,77580.20000000,77717.80000000,77368.70000000,77493.70000000,493941.82000000
1776830400000,2026-04-22T04:00:00+00:00,77493.80000000,77685.00000000,77323.40000000,77487.40000000,319632.20000000
1776834000000,2026-04-22T05:00:00+00:00,77487.40000000,78420.20000000,77413.60000000,77950.00000000,1292434.53000000
1776837600000,2026-04-22T06:00:00+00:00,77950.00000000,77997.70000000,77850.10000000,77970.10000000,241384.90000000
1776841200000,2026-04-22T07:00:00+00:00,77970.10000000,78075.00000000,77765.90000000,77977.80000000,302885.22000000
1776844800000,2026-04-22T08:00:00+00:00,77977.90000000,78168.00000000,77899.20000000,77970.50000000,239694.57000000
1776848400000,2026-04-22T09:00:00+00:00,77970.60000000,78150.00000000,77907.80000000,77964.80000000,161585.53000000
1776852000000,2026-04-22T10:00:00+00:00,77964.80000000,78148.00000000,77904.50000000,78122.00000000,160456.34000000
1776855600000,2026-04-22T11:00:00+00:00,78122.00000000,78361.20000000,78050.30000000,78262.60000000,329907.38000000
1776859200000,2026-04-22T12:00:00+00:00,78262.60000000,78499.80000000,78062.50000000,78191.00000000,561886.64000000
1776862800000,2026-04-22T13:00:00+00:00,78191.10000000,78794.00000000,78118.00000000,78786.20000000,741252.62000000
1776866400000,2026-04-22T14:00:00+00:00,78786.30000000,79167.50000000,78540.60000000,79000.80000000,1214485.66000000
1776870000000,2026-04-22T15:00:00+00:00,79000.90000000,79375.30000000,78785.50000000,79233.10000000,695129.10000000
1776873600000,2026-04-22T16:00:00+00:00,79233.10000000,79443.40000000,78592.00000000,78703.40000000,679166.08000000
1776877200000,2026-04-22T17:00:00+00:00,78703.40000000,79000.00000000,78658.00000000,78858.30000000,308572.94000000
1776880800000,2026-04-22T18:00:00+00:00,78858.40000000,79132.90000000,78777.00000000,78984.00000000,202424.53000000
1776884400000,2026-04-22T19:00:00+00:00,78984.10000000,79028.00000000,78661.00000000,78798.40000000,325470.85000000
1776888000000,2026-04-22T20:00:00+00:00,78798.50000000,78887.80000000,78373.40000000,78404.00000000,272871.93000000
1776891600000,2026-04-22T21:00:00+00:00,78404.10000000,78791.80000000,78384.30000000,78715.30000000,166962.98000000
1776895200000,2026-04-22T22:00:00+00:00,78715.30000000,78783.80000000,78414.20000000,78555.10000000,138126.09000000
1776898800000,2026-04-22T23:00:00+00:00,78555.10000000,78566.00000000,78112.00000000,78147.00000000,229633.32000000
1776902400000,2026-04-23T00:00:00+00:00,78147.10000000,78545.90000000,77544.00000000,78399.90000000,692874.92000000
1776906000000,2026-04-23T01:00:00+00:00,78399.90000000,78437.00000000,78015.00000000,78314.30000000,285718.19000000
1776909600000,2026-04-23T02:00:00+00:00,78314.40000000,78320.00000000,77702.10000000,77894.20000000,436414.28000000
1776913200000,2026-04-23T03:00:00+00:00,77894.20000000,77978.00000000,77425.90000000,77704.30000000,487924.67000000
1776916800000,2026-04-23T04:00:00+00:00,77704.20000000,77917.00000000,77636.40000000,77873.80000000,220133.17000000
1776920400000,2026-04-23T05:00:00+00:00,77873.80000000,78080.00000000,77727.70000000,77990.90000000,253526.25000000
1776924000000,2026-04-23T06:00:00+00:00,77990.80000000,78299.30000000,77990.80000000,78158.00000000,330278.97000000
1776927600000,2026-04-23T07:00:00+00:00,78158.00000000,78200.20000000,77936.10000000,78004.00000000,178280.25000000
1776931200000,2026-04-23T08:00:00+00:00,78004.00000000,78142.00000000,77684.00000000,77816.30000000,308240.40000000
1776934800000,2026-04-23T09:00:00+00:00,77816.20000000,77822.90000000,77366.50000000,77619.00000000,442557.12000000
1776938400000,2026-04-23T10:00:00+00:00,77619.00000000,77684.00000000,77130.60000000,77370.30000000,551524.80000000
1776942000000,2026-04-23T11:00:00+00:00,77370.40000000,77717.90000000,77328.60000000,77659.30000000,262487.41000000
1776945600000,2026-04-23T12:00:00+00:00,77659.30000000,77842.40000000,77476.70000000,77819.40000000,419492.87000000
1776949200000,2026-04-23T13:00:00+00:00,77819.50000000,77871.80000000,77350.00000000,77494.20000000,358648.48000000
1776952800000,2026-04-23T14:00:00+00:00,77494.20000000,78167.40000000,77380.00000000,78135.20000000,571255.49000000
1776956400000,2026-04-23T15:00:00+00:00,78135.10000000,78620.00000000,77932.10000000,78331.30000000,979793.01000000
1776960000000,2026-04-23T16:00:00+00:00,78331.20000000,78470.00000000,77974.90000000,78051.70000000,367614.91000000
1776963600000,2026-04-23T17:00:00+00:00,78051.70000000,78138.40000000,76911.10000000,77717.90000000,1260980.31000000
1776967200000,2026-04-23T18:00:00+00:00,77717.90000000,78100.00000000,77628.60000000,77636.30000000,565131.91000000
1776970800000,2026-04-23T19:00:00+00:00,77636.30000000,77855.30000000,77557.20000000,77674.20000000,245713.78000000
1776974400000,2026-04-23T20:00:00+00:00,77674.10000000,78023.80000000,77601.90000000,77844.90000000,190727.80000000
1776978000000,2026-04-23T21:00:00+00:00,77844.90000000,78038.00000000,77760.00000000,77828.50000000,94311.02000000
1776981600000,2026-04-23T22:00:00+00:00,77828.40000000,78299.70000000,77825.60000000,78191.00000000,198842.54000000
1776985200000,2026-04-23T23:00:00+00:00,78191.00000000,78263.20000000,77976.50000000,78209.70000000,141178.88000000
1776988800000,2026-04-24T00:00:00+00:00,78209.80000000,78449.60000000,78120.00000000,78379.40000000,191935.58000000
1776992400000,2026-04-24T01:00:00+00:00,78379.30000000,78465.30000000,77905.70000000,78390.10000000,467799.77000000
1776996000000,2026-04-24T02:00:00+00:00,78390.00000000,78546.90000000,78038.50000000,78092.30000000,358055.66000000
1776999600000,2026-04-24T03:00:00+00:00,78092.30000000,78152.80000000,77521.00000000,77702.20000000,502104.80000000
1777003200000,2026-04-24T04:00:00+00:00,77702.30000000,77843.10000000,77435.40000000,77628.30000000,333360.31000000
1777006800000,2026-04-24T05:00:00+00:00,77628.30000000,77997.80000000,77400.70000000,77909.90000000,283170.49000000
1777010400000,2026-04-24T06:00:00+00:00,77909.90000000,77949.50000000,77714.60000000,77741.10000000,163549.41000000
1777014000000,2026-04-24T07:00:00+00:00,77741.10000000,77811.00000000,77504.90000000,77623.00000000,251390.44000000
1777017600000,2026-04-24T08:00:00+00:00,77623.10000000,77975.00000000,77534.80000000,77746.30000000,246694.86000000
1777021200000,2026-04-24T09:00:00+00:00,77746.30000000,77784.80000000,77328.50000000,77499.50000000,358382.50000000
1777024800000,2026-04-24T10:00:00+00:00,77499.50000000,77745.90000000,77409.80000000,77709.80000000,187609.49000000
1777028400000,2026-04-24T11:00:00+00:00,77709.80000000,78347.10000000,77709.80000000,78191.30000000,744915.84000000
1777032000000,2026-04-24T12:00:00+00:00,78191.30000000,78299.60000000,77956.30000000,78233.30000000,287973.03000000
1777035600000,2026-04-24T13:00:00+00:00,78233.20000000,78440.00000000,77864.80000000,78051.90000000,568225.99000000
1777039200000,2026-04-24T14:00:00+00:00,78051.80000000,78051.80000000,77638.00000000,77990.50000000,434847.93000000
1777042800000,2026-04-24T15:00:00+00:00,77990.40000000,78200.00000000,77524.40000000,78006.80000000,612449.82000000
1777046400000,2026-04-24T16:00:00+00:00,78006.80000000,78033.90000000,77550.00000000,77733.50000000,347878.16000000
1777050000000,2026-04-24T17:00:00+00:00,77733.50000000,77794.40000000,77450.00000000,77648.30000000,376995.22000000
1777053600000,2026-04-24T18:00:00+00:00,77648.40000000,77695.80000000,77309.60000000,77582.60000000,226326.02000000
1777057200000,2026-04-24T19:00:00+00:00,77582.70000000,77715.60000000,77485.10000000,77600.00000000,169434.92000000
1777060800000,2026-04-24T20:00:00+00:00,77599.90000000,77726.30000000,77412.30000000,77691.80000000,136486.51000000
1777064400000,2026-04-24T21:00:00+00:00,77691.70000000,77716.00000000,77500.00000000,77500.00000000,124208.81000000
1777068000000,2026-04-24T22:00:00+00:00,77500.10000000,77570.60000000,77202.20000000,77283.00000000,337236.02000000
1777071600000,2026-04-24T23:00:00+00:00,77283.00000000,77408.00000000,77283.00000000,77386.80000000,128120.01000000
1777075200000,2026-04-25T00:00:00+00:00,77386.70000000,77444.10000000,77258.90000000,77410.10000000,107508.73000000
1777078800000,2026-04-25T01:00:00+00:00,77410.10000000,77568.80000000,77390.70000000,77487.10000000,107664.54000000
1777082400000,2026-04-25T02:00:00+00:00,77487.00000000,77598.90000000,77450.00000000,77555.40000000,102295.61000000
1777086000000,2026-04-25T03:00:00+00:00,77555.40000000,77674.70000000,77492.80000000,77625.70000000,118002.75000000
1777089600000,2026-04-25T04:00:00+00:00,77625.70000000,77655.10000000,77551.40000000,77582.60000000,63792.62000000
1777093200000,2026-04-25T05:00:00+00:00,77582.50000000,77582.50000000,77425.00000000,77480.80000000,81146.30000000
1777096800000,2026-04-25T06:00:00+00:00,77480.90000000,77557.30000000,77448.60000000,77468.50000000,59507.00000000
1777100400000,2026-04-25T07:00:00+00:00,77468.50000000,77530.60000000,77409.70000000,77454.20000000,86569.62000000
1777104000000,2026-04-25T08:00:00+00:00,77454.30000000,77620.80000000,77439.10000000,77600.00000000,132941.44000000
1777107600000,2026-04-25T09:00:00+00:00,77600.00000000,77734.90000000,77542.80000000,77666.80000000,123162.66000000
1777111200000,2026-04-25T10:00:00+00:00,77666.90000000,77839.60000000,77666.80000000,77743.80000000,168497.76000000
1777114800000,2026-04-25T11:00:00+00:00,77743.80000000,77743.80000000,77569.10000000,77655.80000000,149220.51000000
1777118400000,2026-04-25T12:00:00+00:00,77655.80000000,77687.30000000,77501.00000000,77520.10000000,149650.08000000
1777122000000,2026-04-25T13:00:00+00:00,77520.20000000,77677.50000000,77516.00000000,77645.00000000,82913.87000000
1777125600000,2026-04-25T14:00:00+00:00,77645.00000000,77715.40000000,77590.00000000,77616.90000000,95149.81000000
1777129200000,2026-04-25T15:00:00+00:00,77617.00000000,77682.10000000,77256.10000000,77290.00000000,267762.46000000
1777132800000,2026-04-25T16:00:00+00:00,77289.90000000,77413.30000000,77034.50000000,77361.50000000,457436.75000000
1777136400000,2026-04-25T17:00:00+00:00,77361.50000000,77371.20000000,77171.90000000,77216.00000000,92054.10000000
1777140000000,2026-04-25T18:00:00+00:00,77216.10000000,77352.60000000,77177.20000000,77257.10000000,100862.77000000
1777143600000,2026-04-25T19:00:00+00:00,77257.10000000,77312.50000000,77151.10000000,77292.00000000,77922.56000000
1777147200000,2026-04-25T20:00:00+00:00,77292.00000000,77440.30000000,77263.00000000,77432.50000000,80622.59000000
1777150800000,2026-04-25T21:00:00+00:00,77432.60000000,77513.20000000,77375.00000000,77496.80000000,80639.61000000
1777154400000,2026-04-25T22:00:00+00:00,77496.90000000,77607.60000000,77459.60000000,77524.80000000,107742.28000000
1777158000000,2026-04-25T23:00:00+00:00,77524.80000000,77616.00000000,77480.50000000,77587.90000000,78223.90000000
1777161600000,2026-04-26T00:00:00+00:00,77588.00000000,77600.00000000,77403.10000000,77467.70000000,107901.35000000
1777165200000,2026-04-26T01:00:00+00:00,77467.70000000,77535.00000000,77411.90000000,77416.80000000,82101.83000000
1777168800000,2026-04-26T02:00:00+00:00,77416.80000000,77560.00000000,77408.30000000,77481.00000000,70386.27000000
1777172400000,2026-04-26T03:00:00+00:00,77481.00000000,77510.00000000,77289.80000000,77359.60000000,111035.04000000
1777176000000,2026-04-26T04:00:00+00:00,77359.50000000,77788.00000000,77336.90000000,77740.10000000,215867.00000000
1777179600000,2026-04-26T05:00:00+00:00,77740.00000000,78174.70000000,77680.00000000,77944.10000000,522746.54000000
1777183200000,2026-04-26T06:00:00+00:00,77944.00000000,78022.70000000,77854.40000000,77979.90000000,151642.77000000
1777186800000,2026-04-26T07:00:00+00:00,77980.00000000,78093.40000000,77926.30000000,78072.80000000,104803.40000000
1777190400000,2026-04-26T08:00:00+00:00,78072.80000000,78185.10000000,77968.80000000,77993.70000000,181443.65000000
1777194000000,2026-04-26T09:00:00+00:00,77993.60000000,78025.00000000,77888.00000000,77964.70000000,111930.59000000
1777197600000,2026-04-26T10:00:00+00:00,77964.80000000,78025.30000000,77912.30000000,77964.90000000,108918.11000000
1777201200000,2026-04-26T11:00:00+00:00,77964.90000000,78117.30000000,77964.90000000,78052.70000000,97521.23000000
1777204800000,2026-04-26T12:00:00+00:00,78052.70000000,78063.00000000,77705.20000000,77792.80000000,223891.91000000
1777208400000,2026-04-26T13:00:00+00:00,77792.70000000,77969.70000000,77751.70000000,77928.50000000,141168.94000000
1777212000000,2026-04-26T14:00:00+00:00,77928.50000000,78138.90000000,77842.30000000,78050.00000000,221764.06000000
1777215600000,2026-04-26T15:00:00+00:00,78050.10000000,78084.90000000,77950.00000000,78005.20000000,113284.90000000
1777219200000,2026-04-26T16:00:00+00:00,78005.30000000,78050.00000000,77888.00000000,77891.50000000,94181.07000000
1777222800000,2026-04-26T17:00:00+00:00,77891.50000000,78020.00000000,77803.00000000,77980.00000000,164916.78000000
1777226400000,2026-04-26T18:00:00+00:00,77980.00000000,78319.80000000,77950.00000000,78230.60000000,377173.01000000
1777230000000,2026-04-26T19:00:00+00:00,78230.60000000,78470.50000000,77950.20000000,78179.90000000,568533.28000000
1777233600000,2026-04-26T20:00:00+00:00,78180.00000000,78351.20000000,78108.00000000,78140.80000000,120868.57000000
1777237200000,2026-04-26T21:00:00+00:00,78140.90000000,78958.90000000,77767.00000000,78382.80000000,811604.15000000
1777240800000,2026-04-26T22:00:00+00:00,78382.90000000,78854.20000000,77911.20000000,78281.70000000,781116.63000000
1777244400000,2026-04-26T23:00:00+00:00,78281.70000000,78898.90000000,77973.30000000,78621.50000000,879430.35000000
1777248000000,2026-04-27T00:00:00+00:00,78621.60000000,79355.00000000,78340.00000000,79262.70000000,470118.59000000
1777251600000,2026-04-27T01:00:00+00:00,79262.80000000,79489.90000000,78666.00000000,79236.90000000,859562.26000000
1777255200000,2026-04-27T02:00:00+00:00,79236.90000000,79259.20000000,78979.90000000,79077.50000000,216191.90000000
1777258800000,2026-04-27T03:00:00+00:00,79077.50000000,79290.40000000,79023.30000000,79055.90000000,154865.14000000
1777262400000,2026-04-27T04:00:00+00:00,79055.90000000,79122.70000000,78832.00000000,78879.60000000,162073.78000000
1777266000000,2026-04-27T05:00:00+00:00,78879.70000000,78906.40000000,77512.40000000,77740.10000000,1393928.21000000
1777269600000,2026-04-27T06:00:00+00:00,77740.10000000,77829.60000000,77410.00000000,77663.90000000,420900.42000000
1777273200000,2026-04-27T07:00:00+00:00,77663.90000000,77700.00000000,77526.00000000,77558.20000000,223902.87000000
1777276800000,2026-04-27T08:00:00+00:00,77558.20000000,77777.00000000,77502.20000000,77763.80000000,256794.07000000
1777280400000,2026-04-27T09:00:00+00:00,77763.80000000,77936.30000000,77650.00000000,77853.10000000,282982.48000000
1777284000000,2026-04-27T10:00:00+00:00,77853.10000000,77899.00000000,77740.00000000,77804.70000000,119600.47000000
1777287600000,2026-04-27T11:00:00+00:00,77804.60000000,77839.70000000,77684.50000000,77795.50000000,131443.22000000
1777291200000,2026-04-27T12:00:00+00:00,77795.50000000,77826.60000000,77583.40000000,77630.00000000,227964.57000000
1777294800000,2026-04-27T13:00:00+00:00,77629.90000000,77922.60000000,77533.40000000,77713.10000000,409888.70000000
1777298400000,2026-04-27T14:00:00+00:00,77713.20000000,78233.00000000,77640.00000000,77775.90000000,641977.46000000
1777302000000,2026-04-27T15:00:00+00:00,77775.90000000,77788.70000000,76518.00000000,76758.10000000,1781795.72000000
1777305600000,2026-04-27T16:00:00+00:00,76758.10000000,76833.00000000,76501.00000000,76590.00000000,381372.93000000
1777309200000,2026-04-27T17:00:00+00:00,76590.00000000,76904.60000000,76581.10000000,76698.20000000,343765.15000000
1777312800000,2026-04-27T18:00:00+00:00,76698.30000000,76864.30000000,76615.40000000,76791.00000000,177924.63000000
1777316400000,2026-04-27T19:00:00+00:00,76791.00000000,76858.00000000,76400.00000000,76835.40000000,560761.01000000
1777320000000,2026-04-27T20:00:00+00:00,76835.30000000,77032.90000000,76789.80000000,76908.50000000,157633.02000000
1777323600000,2026-04-27T21:00:00+00:00,76908.60000000,76939.80000000,76733.00000000,76733.00000000,103796.38000000
1777327200000,2026-04-27T22:00:00+00:00,76733.10000000,77045.20000000,76720.00000000,77019.10000000,152449.32000000
1777330800000,2026-04-27T23:00:00+00:00,77019.10000000,77410.00000000,76962.50000000,77327.60000000,359387.85000000
1777334400000,2026-04-28T00:00:00+00:00,77327.60000000,77444.00000000,77168.50000000,77341.50000000,253928.65000000
1777338000000,2026-04-28T01:00:00+00:00,77341.40000000,77359.40000000,76987.50000000,77040.10000000,197699.08000000
1777341600000,2026-04-28T02:00:00+00:00,77040.10000000,77198.80000000,76611.00000000,76848.00000000,407442.63000000
1777345200000,2026-04-28T03:00:00+00:00,76848.10000000,76856.50000000,76636.00000000,76770.30000000,146498.68000000
1777348800000,2026-04-28T04:00:00+00:00,76770.40000000,76919.00000000,76650.00000000,76844.90000000,165050.74000000
1777352400000,2026-04-28T05:00:00+00:00,76845.00000000,77120.90000000,76761.00000000,76840.70000000,219131.40000000
1777356000000,2026-04-28T06:00:00+00:00,76840.70000000,76976.50000000,76518.10000000,76658.80000000,264481.10000000
1777359600000,2026-04-28T07:00:00+00:00,76658.70000000,76881.60000000,76355.10000000,76828.00000000,363711.62000000
1777363200000,2026-04-28T08:00:00+00:00,76828.00000000,76947.10000000,76689.30000000,76813.90000000,198905.08000000
1777366800000,2026-04-28T09:00:00+00:00,76813.90000000,76822.00000000,76452.90000000,76554.20000000,175375.75000000
1777370400000,2026-04-28T10:00:00+00:00,76554.10000000,76652.90000000,76440.00000000,76579.40000000,139905.36000000
1777374000000,2026-04-28T11:00:00+00:00,76579.40000000,76602.20000000,76088.00000000,76199.90000000,480816.15000000
1777377600000,2026-04-28T12:00:00+00:00,76200.00000000,76389.00000000,76121.20000000,76347.40000000,305787.24000000
1777381200000,2026-04-28T13:00:00+00:00,76347.40000000,76386.00000000,75929.40000000,76159.60000000,584289.36000000
1777384800000,2026-04-28T14:00:00+00:00,76159.60000000,76168.40000000,75624.70000000,75917.70000000,718733.57000000
1777388400000,2026-04-28T15:00:00+00:00,75917.60000000,76050.00000000,75805.00000000,76026.30000000,316689.85000000
1777392000000,2026-04-28T16:00:00+00:00,76026.40000000,76209.60000000,75854.30000000,76096.70000000,236654.64000000
1777395600000,2026-04-28T17:00:00+00:00,76096.60000000,76241.50000000,75920.20000000,76155.00000000,231329.44000000
1777399200000,2026-04-28T18:00:00+00:00,76154.90000000,76250.00000000,76097.10000000,76205.30000000,227243.29000000
1777402800000,2026-04-28T19:00:00+00:00,76205.40000000,76359.00000000,76036.40000000,76295.90000000,173195.68000000
1777406400000,2026-04-28T20:00:00+00:00,76295.80000000,76445.00000000,76290.90000000,76432.60000000,140475.69000000
1777410000000,2026-04-28T21:00:00+00:00,76432.50000000,76449.90000000,76231.60000000,76325.20000000,108351.47000000
1777413600000,2026-04-28T22:00:00+00:00,76325.20000000,76418.60000000,76178.60000000,76207.70000000,88814.07000000
1777417200000,2026-04-28T23:00:00+00:00,76207.60000000,76347.00000000,76143.80000000,76301.90000000,87038.95000000
1777420800000,2026-04-29T00:00:00+00:00,76301.90000000,76525.00000000,76237.00000000,76477.10000000,164329.51000000
1777424400000,2026-04-29T01:00:00+00:00,76477.20000000,76630.00000000,76132.70000000,76534.30000000,293679.21000000
1777428000000,2026-04-29T02:00:00+00:00,76534.40000000,76624.60000000,76364.00000000,76491.20000000,143281.41000000
1777431600000,2026-04-29T03:00:00+00:00,76491.10000000,77086.70000000,76475.60000000,76946.40000000,483080.44000000
1777435200000,2026-04-29T04:00:00+00:00,76946.50000000,77416.70000000,76837.60000000,77216.90000000,599887.63000000
1777438800000,2026-04-29T05:00:00+00:00,77216.80000000,77278.90000000,77148.30000000,77244.90000000,317366.75000000
1777442400000,2026-04-29T06:00:00+00:00,77244.90000000,77288.00000000,76888.00000000,76984.70000000,375953.98000000
1777446000000,2026-04-29T07:00:00+00:00,76984.80000000,77147.80000000,76973.00000000,77017.90000000,202808.57000000
1777449600000,2026-04-29T08:00:00+00:00,77017.90000000,77113.80000000,76922.20000000,77001.20000000,161521.83000000
1777453200000,2026-04-29T09:00:00+00:00,77001.10000000,77773.50000000,76922.00000000,77610.20000000,591544.22000000
1777456800000,2026-04-29T10:00:00+00:00,77610.20000000,77882.30000000,77513.60000000,77580.00000000,425758.97000000
1777460400000,2026-04-29T11:00:00+00:00,77580.00000000,77642.20000000,77435.60000000,77543.60000000,276858.74000000
1777464000000,2026-04-29T12:00:00+00:00,77543.60000000,77553.00000000,76938.00000000,77108.00000000,557723.64000000
1777467600000,2026-04-29T13:00:00+00:00,77108.00000000,77211.10000000,76382.20000000,76735.10000000,785330.35000000
1777471200000,2026-04-29T14:00:00+00:00,76735.20000000,76833.20000000,76444.00000000,76540.00000000,368351.57000000
1777474800000,2026-04-29T15:00:00+00:00,76540.00000000,76602.50000000,75669.00000000,75892.40000000,800008.80000000
1777478400000,2026-04-29T16:00:00+00:00,75892.40000000,76095.30000000,75645.00000000,75770.90000000,570664.96000000
1777482000000,2026-04-29T17:00:00+00:00,75771.00000000,76163.00000000,75764.40000000,76154.40000000,313885.87000000
1777485600000,2026-04-29T18:00:00+00:00,76154.40000000,76225.60000000,74893.30000000,75470.90000000,1490006.79000000
1777489200000,2026-04-29T19:00:00+00:00,75470.90000000,75552.60000000,75260.00000000,75510.60000000,332063.61000000
1777492800000,2026-04-29T20:00:00+00:00,75510.50000000,75834.20000000,75452.40000000,75634.40000000,503780.30000000
1777496400000,2026-04-29T21:00:00+00:00,75634.30000000,76063.90000000,75568.60000000,75900.00000000,171376.11000000
1777500000000,2026-04-29T22:00:00+00:00,75900.00000000,75969.90000000,75782.10000000,75885.20000000,142747.63000000
1777503600000,2026-04-29T23:00:00+00:00,75885.10000000,75963.20000000,75651.20000000,75755.00000000,184940.30000000
1777507200000,2026-04-30T00:00:00+00:00,75755.00000000,76300.00000000,75612.90000000,76210.10000000,373296.19000000
1777510800000,2026-04-30T01:00:00+00:00,76210.00000000,76432.30000000,76134.00000000,76193.30000000,236699.83000000
1777514400000,2026-04-30T02:00:00+00:00,76193.30000000,76313.90000000,75454.20000000,75669.50000000,406297.35000000
1777518000000,2026-04-30T03:00:00+00:00,75669.40000000,75950.00000000,75620.70000000,75886.00000000,209581.01000000
1777521600000,2026-04-30T04:00:00+00:00,75886.10000000,75928.00000000,75364.00000000,75461.10000000,289238.61000000
1777525200000,2026-04-30T05:00:00+00:00,75461.10000000,75722.60000000,75276.90000000,75562.40000000,202664.10000000
1777528800000,2026-04-30T06:00:00+00:00,75562.50000000,75835.80000000,75538.00000000,75715.00000000,192645.78000000
1777532400000,2026-04-30T07:00:00+00:00,75715.10000000,76142.90000000,75675.80000000,76123.10000000,269026.24000000
1777536000000,2026-04-30T08:00:00+00:00,76123.20000000,76173.10000000,75969.00000000,76019.70000000,245613.55000000
1777539600000,2026-04-30T09:00:00+00:00,76019.70000000,76315.80000000,75962.80000000,76066.10000000,224955.92000000
1777543200000,2026-04-30T10:00:00+00:00,76066.00000000,76133.70000000,75940.00000000,75999.50000000,139566.33000000
1777546800000,2026-04-30T11:00:00+00:00,75999.50000000,76209.40000000,75850.00000000,76026.40000000,396106.95000000
1777550400000,2026-04-30T12:00:00+00:00,76026.40000000,76377.30000000,76001.00000000,76256.70000000,388310.64000000
1777554000000,2026-04-30T13:00:00+00:00,76256.60000000,76621.00000000,76063.00000000,76369.50000000,633736.55000000
1777557600000,2026-04-30T14:00:00+00:00,76369.50000000,76540.00000000,76050.90000000,76249.50000000,724432.01000000
1777561200000,2026-04-30T15:00:00+00:00,76249.60000000,76611.00000000,76113.30000000,76416.30000000,293300.30000000
1777564800000,2026-04-30T16:00:00+00:00,76416.30000000,76438.60000000,76183.60000000,76220.00000000,178212.42000000
1777568400000,2026-04-30T17:00:00+00:00,76220.00000000,76290.10000000,76063.00000000,76202.80000000,217814.41000000
1777572000000,2026-04-30T18:00:00+00:00,76202.80000000,76445.00000000,76143.20000000,76300.00000000,314513.98000000
1777575600000,2026-04-30T19:00:00+00:00,76300.00000000,76465.00000000,76258.60000000,76357.40000000,183899.88000000
1777579200000,2026-04-30T20:00:00+00:00,76357.30000000,76544.00000000,76243.70000000,76453.10000000,329371.33000000
1777582800000,2026-04-30T21:00:00+00:00,76453.10000000,76497.60000000,76191.10000000,76198.00000000,87735.61000000
1777586400000,2026-04-30T22:00:00+00:00,76197.90000000,76419.50000000,76169.00000000,76204.80000000,84050.82000000
1777590000000,2026-04-30T23:00:00+00:00,76204.80000000,76359.50000000,76181.00000000,76312.80000000,108703.09000000
1777593600000,2026-05-01T00:00:00+00:00,76312.90000000,76550.00000000,76275.40000000,76417.90000000,157626.95000000
1777597200000,2026-05-01T01:00:00+00:00,76417.90000000,76742.10000000,76405.30000000,76642.20000000,205111.57000000
1777600800000,2026-05-01T02:00:00+00:00,76642.30000000,76700.00000000,76490.00000000,76560.80000000,133945.59000000
1777604400000,2026-05-01T03:00:00+00:00,76560.80000000,77426.90000000,76501.30000000,77087.30000000,951976.29000000
1777608000000,2026-05-01T04:00:00+00:00,77087.40000000,77166.00000000,76922.40000000,77009.20000000,297528.10000000
1777611600000,2026-05-01T05:00:00+00:00,77009.20000000,77157.40000000,77007.00000000,77132.70000000,144572.88000000
1777615200000,2026-05-01T06:00:00+00:00,77132.70000000,77145.00000000,76827.60000000,76958.10000000,233141.87000000
1777618800000,2026-05-01T07:00:00+00:00,76958.00000000,77111.00000000,76924.10000000,77104.00000000,203209.38000000
1777622400000,2026-05-01T08:00:00+00:00,77103.90000000,77470.00000000,77014.10000000,77325.60000000,369993.15000000
1777626000000,2026-05-01T09:00:00+00:00,77325.50000000,77355.10000000,77157.30000000,77235.90000000,190249.82000000
1777629600000,2026-05-01T10:00:00+00:00,77235.90000000,77400.00000000,77108.90000000,77262.10000000,240460.52000000
1777633200000,2026-05-01T11:00:00+00:00,77262.10000000,77562.40000000,77222.20000000,77419.60000000,326260.92000000
1777636800000,2026-05-01T12:00:00+00:00,77419.70000000,78170.00000000,77353.50000000,77857.70000000,1059576.38000000
1777640400000,2026-05-01T13:00:00+00:00,77857.80000000,78888.00000000,77857.70000000,78697.20000000,1275559.04000000
1777644000000,2026-05-01T14:00:00+00:00,78697.10000000,78856.20000000,78014.00000000,78310.30000000,746087.40000000
1777647600000,2026-05-01T15:00:00+00:00,78310.30000000,78700.00000000,78129.70000000,78400.00000000,523752.59000000
1777651200000,2026-05-01T16:00:00+00:00,78400.00000000,78643.90000000,78116.70000000,78169.80000000,411620.19000000
1777654800000,2026-05-01T17:00:00+00:00,78169.70000000,78547.00000000,78090.10000000,78507.20000000,249713.71000000
1777658400000,2026-05-01T18:00:00+00:00,78507.20000000,78588.80000000,78330.00000000,78390.00000000,171321.48000000
1777662000000,2026-05-01T19:00:00+00:00,78389.90000000,78499.90000000,78269.30000000,78322.20000000,135666.18000000
1777665600000,2026-05-01T20:00:00+00:00,78322.20000000,78398.40000000,77715.00000000,77845.60000000,300246.71000000
1777669200000,2026-05-01T21:00:00+00:00,77845.60000000,78169.00000000,77826.00000000,78164.10000000,147987.22000000
1777672800000,2026-05-01T22:00:00+00:00,78164.10000000,78367.70000000,78088.40000000,78108.20000000,127100.56000000
1777676400000,2026-05-01T23:00:00+00:00,78108.10000000,78204.30000000,77991.50000000,78195.40000000,101919.03000000
1777680000000,2026-05-02T00:00:00+00:00,78195.40000000,78350.00000000,78116.20000000,78299.90000000,97409.10000000
1777683600000,2026-05-02T01:00:00+00:00,78300.00000000,78399.60000000,78250.40000000,78296.00000000,83828.41000000
1777687200000,2026-05-02T02:00:00+00:00,78296.00000000,78493.30000000,78205.70000000,78313.80000000,118468.40000000
1777690800000,2026-05-02T03:00:00+00:00,78313.90000000,78495.30000000,78188.70000000,78374.00000000,123169.89000000
1777694400000,2026-05-02T04:00:00+00:00,78374.10000000,78412.80000000,78075.20000000,78147.40000000,152931.57000000
1777698000000,2026-05-02T05:00:00+00:00,78147.30000000,78228.30000000,78006.30000000,78151.00000000,179172.14000000
1777701600000,2026-05-02T06:00:00+00:00,78151.00000000,78348.30000000,78100.90000000,78292.20000000,99311.86000000
1777705200000,2026-05-02T07:00:00+00:00,78292.20000000,78322.70000000,78164.30000000,78186.50000000,75562.74000000
1777708800000,2026-05-02T08:00:00+00:00,78186.50000000,78324.00000000,78116.90000000,78283.30000000,92973.71000000
1777712400000,2026-05-02T09:00:00+00:00,78283.40000000,78370.90000000,78163.70000000,78262.10000000,87945.31000000
1777716000000,2026-05-02T10:00:00+00:00,78262.10000000,78281.00000000,78188.00000000,78211.60000000,57787.30000000
1777719600000,2026-05-02T11:00:00+00:00,78211.60000000,78211.60000000,78062.30000000,78115.40000000,126618.01000000
1777723200000,2026-05-02T12:00:00+00:00,78115.40000000,78245.90000000,78074.10000000,78174.30000000,91166.80000000
1777726800000,2026-05-02T13:00:00+00:00,78174.30000000,78411.50000000,78174.30000000,78331.30000000,117860.16000000
1777730400000,2026-05-02T14:00:00+00:00,78331.30000000,78460.70000000,78272.80000000,78376.10000000,135562.97000000
1777734000000,2026-05-02T15:00:00+00:00,78376.00000000,78450.00000000,78317.50000000,78448.00000000,80909.58000000
1777737600000,2026-05-02T16:00:00+00:00,78448.10000000,78569.90000000,78373.80000000,78415.60000000,147339.26000000
1777741200000,2026-05-02T17:00:00+00:00,78415.60000000,78458.80000000,78316.40000000,78359.20000000,54205.82000000
1777744800000,2026-05-02T18:00:00+00:00,78359.30000000,78472.10000000,78266.90000000,78428.40000000,84090.48000000
1777748400000,2026-05-02T19:00:00+00:00,78428.50000000,78488.00000000,78400.70000000,78448.90000000,32300.33000000
1777752000000,2026-05-02T20:00:00+00:00,78448.90000000,78456.50000000,78370.60000000,78413.60000000,23006.04000000
1777755600000,2026-05-02T21:00:00+00:00,78413.60000000,79172.90000000,78400.00000000,78697.80000000,417405.68000000
1777759200000,2026-05-02T22:00:00+00:00,78697.80000000,78843.90000000,78576.00000000,78800.00000000,146766.41000000
1777762800000,2026-05-02T23:00:00+00:00,78800.00000000,78800.00000000,78584.20000000,78656.00000000,86285.39000000
1777766400000,2026-05-03T00:00:00+00:00,78655.90000000,78728.00000000,78450.00000000,78510.20000000,151641.70000000
1777770000000,2026-05-03T01:00:00+00:00,78510.20000000,78510.30000000,78100.00000000,78200.00000000,283582.10000000
1777773600000,2026-05-03T02:00:00+00:00,78200.00000000,78273.40000000,78050.20000000,78132.00000000,182054.88000000
1777777200000,2026-05-03T03:00:00+00:00,78132.00000000,78168.60000000,78060.00000000,78163.80000000,110062.12000000
1777780800000,2026-05-03T04:00:00+00:00,78163.70000000,78196.00000000,78067.90000000,78125.70000000,87205.19000000
1777784400000,2026-05-03T05:00:00+00:00,78125.70000000,78218.80000000,78118.00000000,78202.50000000,66530.00000000
1777788000000,2026-05-03T06:00:00+00:00,78202.60000000,78315.20000000,78011.70000000,78244.70000000,161755.19000000
1777791600000,2026-05-03T07:00:00+00:00,78244.60000000,78406.80000000,78244.60000000,78317.60000000,170118.88000000
1777795200000,2026-05-03T08:00:00+00:00,78317.60000000,78466.00000000,78317.50000000,78350.00000000,97902.98000000
1777798800000,2026-05-03T09:00:00+00:00,78350.00000000,78575.00000000,78300.10000000,78500.70000000,169719.58000000
1777802400000,2026-05-03T10:00:00+00:00,78500.80000000,78505.90000000,78369.90000000,78375.90000000,73334.84000000
1777806000000,2026-05-03T11:00:00+00:00,78375.90000000,78833.00000000,78342.50000000,78620.50000000,285337.64000000
1777809600000,2026-05-03T12:00:00+00:00,78620.50000000,78863.80000000,78620.50000000,78717.60000000,210715.55000000
1777813200000,2026-05-03T13:00:00+00:00,78717.60000000,78739.80000000,78540.90000000,78638.20000000,165427.53000000
1777816800000,2026-05-03T14:00:00+00:00,78638.20000000,78760.90000000,78582.00000000,78708.00000000,99191.12000000
1777820400000,2026-05-03T15:00:00+00:00,78708.10000000,78780.00000000,78583.10000000,78632.20000000,109716.69000000
1777824000000,2026-05-03T16:00:00+00:00,78632.20000000,78752.00000000,78562.00000000,78630.10000000,95353.39000000
1777827600000,2026-05-03T17:00:00+00:00,78630.00000000,78793.00000000,78524.00000000,78697.90000000,106218.33000000
1777831200000,2026-05-03T18:00:00+00:00,78697.80000000,78722.80000000,78595.30000000,78696.40000000,61452.65000000
1777834800000,2026-05-03T19:00:00+00:00,78696.30000000,78821.00000000,78638.00000000,78733.90000000,64351.67000000
1777838400000,2026-05-03T20:00:00+00:00,78733.80000000,79266.80000000,78691.00000000,78877.20000000,336702.22000000
1777842000000,2026-05-03T21:00:00+00:00,78877.20000000,79032.30000000,78614.10000000,78797.00000000,158773.91000000
1777845600000,2026-05-03T22:00:00+00:00,78797.10000000,79428.40000000,78797.10000000,79141.30000000,449761.14000000
1777849200000,2026-05-03T23:00:00+00:00,79141.40000000,79266.70000000,78444.40000000,78531.00000000,376450.37000000
1777852800000,2026-05-04T00:00:00+00:00,78531.10000000,78533.30000000,78225.00000000,78507.10000000,339228.32000000
1777856400000,2026-05-04T01:00:00+00:00,78507.20000000,79855.00000000,78369.40000000,79754.90000000,1032437.33000000
1777860000000,2026-05-04T02:00:00+00:00,79754.90000000,80430.00000000,79500.00000000,80138.10000000,1458598.50000000
1777863600000,2026-05-04T03:00:00+00:00,80138.10000000,80465.40000000,79888.00000000,80284.60000000,554433.43000000
1777867200000,2026-05-04T04:00:00+00:00,80284.70000000,80597.40000000,80200.00000000,80309.30000000,571961.04000000
1777870800000,2026-05-04T05:00:00+00:00,80309.30000000,80377.00000000,79912.60000000,79993.90000000,358427.81000000
1777874400000,2026-05-04T06:00:00+00:00,79994.00000000,80027.30000000,79450.10000000,79833.50000000,462090.64000000
1777878000000,2026-05-04T07:00:00+00:00,79833.50000000,79914.70000000,79635.20000000,79665.30000000,193953.64000000
1777881600000,2026-05-04T08:00:00+00:00,79665.20000000,79774.50000000,79560.00000000,79677.50000000,199378.14000000
1777885200000,2026-05-04T09:00:00+00:00,79677.40000000,79894.90000000,79606.00000000,79801.30000000,169506.95000000
1777888800000,2026-05-04T10:00:00+00:00,79801.30000000,79862.70000000,78146.80000000,78897.20000000,2189751.92000000
1777892400000,2026-05-04T11:00:00+00:00,78897.20000000,79080.00000000,78652.90000000,78756.90000000,279577.99000000
1777896000000,2026-05-04T12:00:00+00:00,78756.80000000,78983.60000000,78667.40000000,78801.80000000,218684.01000000
1777899600000,2026-05-04T13:00:00+00:00,78801.80000000,79100.00000000,78522.50000000,78743.10000000,498329.58000000
1777903200000,2026-05-04T14:00:00+00:00,78743.10000000,80513.00000000,78423.50000000,80184.60000000,1613513.54000000
1777906800000,2026-05-04T15:00:00+00:00,80184.60000000,80345.50000000,79276.80000000,79990.60000000,1427926.47000000
1777910400000,2026-05-04T16:00:00+00:00,79990.60000000,80366.00000000,79571.60000000,79981.70000000,718895.92000000
1777914000000,2026-05-04T17:00:00+00:00,79981.70000000,80746.50000000,79981.60000000,80347.80000000,559225.68000000
1777917600000,2026-05-04T18:00:00+00:00,80347.90000000,80409.50000000,80000.00000000,80076.60000000,307791.45000000
1777921200000,2026-05-04T19:00:00+00:00,80076.50000000,80103.30000000,79841.60000000,80006.10000000,221291.81000000
1777924800000,2026-05-04T20:00:00+00:00,80006.00000000,80113.40000000,79826.30000000,79888.10000000,129425.62000000
1777928400000,2026-05-04T21:00:00+00:00,79888.20000000,80341.30000000,79888.20000000,80216.90000000,110268.56000000
1777932000000,2026-05-04T22:00:00+00:00,80216.90000000,80360.00000000,80000.00000000,80025.10000000,142306.15000000
1777935600000,2026-05-04T23:00:00+00:00,80025.20000000,80025.20000000,79706.50000000,79821.40000000,208636.38000000
1777939200000,2026-05-05T00:00:00+00:00,79821.30000000,80144.00000000,79756.80000000,80129.90000000,171059.61000000
1777942800000,2026-05-05T01:00:00+00:00,80129.80000000,80343.30000000,80035.40000000,80306.50000000,189125.04000000
1777946400000,2026-05-05T02:00:00+00:00,80306.40000000,80888.00000000,80253.80000000,80526.70000000,549228.04000000
1777950000000,2026-05-05T03:00:00+00:00,80526.80000000,81076.50000000,80407.50000000,80848.70000000,512330.42000000
1777953600000,2026-05-05T04:00:00+00:00,80848.60000000,80966.00000000,80686.90000000,80861.10000000,262171.15000000
1777957200000,2026-05-05T05:00:00+00:00,80861.10000000,81309.90000000,80800.00000000,80940.60000000,558621.18000000
1777960800000,2026-05-05T06:00:00+00:00,80940.70000000,80985.50000000,80751.40000000,80938.10000000,240635.11000000
1777964400000,2026-05-05T07:00:00+00:00,80938.00000000,81127.10000000,80793.40000000,80821.90000000,279404.30000000
1777968000000,2026-05-05T08:00:00+00:00,80821.80000000,80860.00000000,80659.20000000,80779.10000000,197128.44000000
1777971600000,2026-05-05T09:00:00+00:00,80779.20000000,80779.20000000,80483.40000000,80552.30000000,259512.01000000
1777975200000,2026-05-05T10:00:00+00:00,80552.30000000,80820.60000000,80490.00000000,80799.50000000,223170.15000000
1777978800000,2026-05-05T11:00:00+00:00,80799.50000000,81080.50000000,80741.00000000,80979.90000000,324068.12000000
1777982400000,2026-05-05T12:00:00+00:00,80980.00000000,81275.60000000,80889.40000000,81234.00000000,341371.12000000
1777986000000,2026-05-05T13:00:00+00:00,81234.10000000,81688.00000000,81147.20000000,81290.40000000,1103394.03000000
1777989600000,2026-05-05T14:00:00+00:00,81290.30000000,81472.60000000,80900.40000000,81284.60000000,647061.05000000
1777993200000,2026-05-05T15:00:00+00:00,81284.60000000,81665.30000000,81181.50000000,81484.30000000,399270.48000000
1777996800000,2026-05-05T16:00:00+00:00,81484.40000000,81573.60000000,81000.00000000,81249.60000000,483390.48000000
1778000400000,2026-05-05T17:00:00+00:00,81249.60000000,81435.40000000,81144.10000000,81237.00000000,200443.62000000
1778004000000,2026-05-05T18:00:00+00:00,81237.10000000,81588.00000000,81237.10000000,81470.60000000,163742.53000000
1778007600000,2026-05-05T19:00:00+00:00,81470.60000000,81645.80000000,81361.90000000,81557.20000000,161500.85000000
1778011200000,2026-05-05T20:00:00+00:00,81557.20000000,81792.40000000,81468.00000000,81609.90000000,365223.65000000
1778014800000,2026-05-05T21:00:00+00:00,81609.80000000,81750.00000000,81268.60000000,81371.90000000,200926.01000000
1778018400000,2026-05-05T22:00:00+00:00,81371.90000000,81569.80000000,80762.10000000,81073.50000000,512925.36000000
1778022000000,2026-05-05T23:00:00+00:00,81073.60000000,81180.40000000,80738.60000000,80875.30000000,272074.50000000
1778025600000,2026-05-06T00:00:00+00:00,80875.30000000,81224.00000000,80653.90000000,80993.80000000,324377.88000000
1778029200000,2026-05-06T01:00:00+00:00,80993.80000000,81500.00000000,80945.50000000,81388.80000000,283366.59000000
1778032800000,2026-05-06T02:00:00+00:00,81388.80000000,81405.70000000,80995.20000000,81327.90000000,192838.79000000
1778036400000,2026-05-06T03:00:00+00:00,81327.90000000,81721.80000000,81313.20000000,81535.90000000,395133.11000000
1778040000000,2026-05-06T04:00:00+00:00,81536.00000000,81614.40000000,81207.20000000,81280.20000000,220849.18000000
1778043600000,2026-05-06T05:00:00+00:00,81280.20000000,81300.00000000,81010.40000000,81287.00000000,231945.00000000
1778047200000,2026-05-06T06:00:00+00:00,81287.00000000,81475.50000000,81166.70000000,81431.10000000,222567.14000000
1778050800000,2026-05-06T07:00:00+00:00,81431.00000000,81570.10000000,81270.00000000,81333.80000000,239851.90000000
1778054400000,2026-05-06T08:00:00+00:00,81333.70000000,81972.00000000,81281.00000000,81911.00000000,597426.52000000
1778058000000,2026-05-06T09:00:00+00:00,81911.00000000,82080.80000000,81630.00000000,81960.10000000,621042.88000000
1778061600000,2026-05-06T10:00:00+00:00,81960.10000000,82380.00000000,81921.50000000,82240.10000000,651037.98000000
1778065200000,2026-05-06T11:00:00+00:00,82240.10000000,82800.00000000,82211.10000000,82489.90000000,924510.00000000
1778068800000,2026-05-06T12:00:00+00:00,82490.00000000,82518.80000000,82071.50000000,82189.20000000,656891.59000000
1778072400000,2026-05-06T13:00:00+00:00,82189.20000000,82189.50000000,81551.10000000,81631.80000000,981350.62000000
1778076000000,2026-05-06T14:00:00+00:00,81631.70000000,81955.00000000,81090.50000000,81479.30000000,1104457.77000000
1778079600000,2026-05-06T15:00:00+00:00,81479.20000000,81786.40000000,81271.00000000,81658.30000000,357028.81000000
1778083200000,2026-05-06T16:00:00+00:00,81658.30000000,81853.80000000,81380.00000000,81574.00000000,283465.30000000
1778086800000,2026-05-06T17:00:00+00:00,81573.90000000,81659.40000000,81340.00000000,81408.30000000,199777.53000000
1778090400000,2026-05-06T18:00:00+00:00,81408.30000000,81525.70000000,81210.00000000,81305.20000000,166332.10000000
1778094000000,2026-05-06T19:00:00+00:00,81305.10000000,81480.00000000,81157.60000000,81422.20000000,122309.08000000
1778097600000,2026-05-06T20:00:00+00:00,81422.10000000,81668.00000000,81248.70000000,81383.80000000,178824.29000000
1778101200000,2026-05-06T21:00:00+00:00,81383.80000000,81566.40000000,81244.90000000,81499.90000000,71922.95000000
1778104800000,2026-05-06T22:00:00+00:00,81499.90000000,81502.80000000,81196.90000000,81294.10000000,124549.02000000
1778108400000,2026-05-06T23:00:00+00:00,81294.10000000,81406.90000000,80944.60000000,81395.70000000,315833.72000000
1778112000000,2026-05-07T00:00:00+00:00,81395.70000000,81448.30000000,80910.00000000,80976.20000000,245769.99000000
1778115600000,2026-05-07T01:00:00+00:00,80976.20000000,81266.40000000,80786.10000000,81132.00000000,413205.94000000
1778119200000,2026-05-07T02:00:00+00:00,81132.10000000,81144.00000000,80848.50000000,81084.50000000,272559.38000000
1778122800000,2026-05-07T03:00:00+00:00,81084.60000000,81084.60000000,80796.80000000,80808.00000000,219301.50000000
1778126400000,2026-05-07T04:00:00+00:00,80808.00000000,80950.00000000,80666.10000000,80949.90000000,272456.62000000
1778130000000,2026-05-07T05:00:00+00:00,80949.90000000,81133.80000000,80932.80000000,81049.90000000,188269.19000000
1778133600000,2026-05-07T06:00:00+00:00,81050.00000000,81411.00000000,80846.50000000,81405.70000000,363057.61000000
1778137200000,2026-05-07T07:00:00+00:00,81405.70000000,81683.90000000,81352.00000000,81482.10000000,390524.40000000
1778140800000,2026-05-07T08:00:00+00:00,81482.20000000,81556.00000000,81157.40000000,81188.30000000,216520.49000000
1778144400000,2026-05-07T09:00:00+00:00,81188.40000000,81190.00000000,80810.00000000,80892.00000000,418563.97000000
1778148000000,2026-05-07T10:00:00+00:00,80892.00000000,80978.50000000,80525.50000000,80817.70000000,401216.77000000
1778151600000,2026-05-07T11:00:00+00:00,80817.70000000,81025.60000000,80749.90000000,80836.60000000,255580.80000000
1778155200000,2026-05-07T12:00:00+00:00,80836.50000000,81155.00000000,80802.90000000,81118.20000000,206493.22000000
1778158800000,2026-05-07T13:00:00+00:00,81118.30000000,81121.00000000,80221.00000000,80470.60000000,688850.31000000
1778162400000,2026-05-07T14:00:00+00:00,80470.60000000,80654.70000000,80010.40000000,80143.50000000,823635.26000000
1778166000000,2026-05-07T15:00:00+00:00,80143.50000000,80255.00000000,79640.70000000,79862.20000000,987290.19000000
1778169600000,2026-05-07T16:00:00+00:00,79862.10000000,79983.00000000,79658.30000000,79763.50000000,452696.47000000
1778173200000,2026-05-07T17:00:00+00:00,79763.50000000,80112.50000000,79421.00000000,80056.30000000,482576.34000000
1778176800000,2026-05-07T18:00:00+00:00,80056.30000000,80235.00000000,79952.50000000,80160.10000000,287245.95000000
1778180400000,2026-05-07T19:00:00+00:00,80160.10000000,80187.10000000,79894.30000000,80109.90000000,158705.61000000
1778184000000,2026-05-07T20:00:00+00:00,80110.00000000,80352.10000000,79822.50000000,79847.00000000,190030.68000000
1778187600000,2026-05-07T21:00:00+00:00,79847.00000000,79908.00000000,79612.10000000,79695.80000000,178103.90000000
1778191200000,2026-05-07T22:00:00+00:00,79695.70000000,79973.00000000,79540.60000000,79878.50000000,201689.90000000
1778194800000,2026-05-07T23:00:00+00:00,79878.50000000,80036.30000000,79829.00000000,79979.20000000,114102.09000000
1778198400000,2026-05-08T00:00:00+00:00,79979.20000000,80111.90000000,79688.00000000,79800.00000000,175329.71000000
1778202000000,2026-05-08T01:00:00+00:00,79800.00000000,79869.50000000,79570.90000000,79707.90000000,143704.66000000
1778205600000,2026-05-08T02:00:00+00:00,79708.00000000,79729.60000000,79305.60000000,79440.10000000,399385.67000000
1778209200000,2026-05-08T03:00:00+00:00,79440.10000000,79631.90000000,79118.70000000,79535.00000000,368095.41000000
1778212800000,2026-05-08T04:00:00+00:00,79535.00000000,79720.00000000,79501.10000000,79614.90000000,157079.85000000
1778216400000,2026-05-08T05:00:00+00:00,79614.90000000,79750.00000000,79555.00000000,79555.00000000,109290.83000000
1778220000000,2026-05-08T06:00:00+00:00,79555.00000000,79613.60000000,79366.60000000,79481.00000000,199493.69000000
1778223600000,2026-05-08T07:00:00+00:00,79481.10000000,79695.40000000,79205.90000000,79636.30000000,300986.27000000
1778227200000,2026-05-08T08:00:00+00:00,79636.30000000,79951.00000000,79621.20000000,79850.00000000,280264.76000000
1778230800000,2026-05-08T09:00:00+00:00,79849.90000000,80024.40000000,79735.20000000,79828.40000000,281195.95000000
1778234400000,2026-05-08T10:00:00+00:00,79828.30000000,80249.00000000,79731.60000000,80177.60000000,341613.35000000
1778238000000,2026-05-08T11:00:00+00:00,80177.70000000,80305.50000000,80090.30000000,80193.20000000,336665.87000000
1778241600000,2026-05-08T12:00:00+00:00,80193.20000000,80520.00000000,79922.00000000,79991.80000000,490836.30000000
1778245200000,2026-05-08T13:00:00+00:00,79991.70000000,80058.80000000,79500.00000000,79607.90000000,666010.55000000
1778248800000,2026-05-08T14:00:00+00:00,79608.00000000,80428.10000000,79608.00000000,80112.10000000,780124.90000000
1778252400000,2026-05-08T15:00:00+00:00,80112.10000000,80175.40000000,79578.90000000,80118.50000000,402315.96000000
1778256000000,2026-05-08T16:00:00+00:00,80118.60000000,80164.20000000,79706.50000000,79770.10000000,329318.99000000
1778259600000,2026-05-08T17:00:00+00:00,79770.00000000,80237.70000000,79715.00000000,80038.60000000,371836.01000000
1778263200000,2026-05-08T18:00:00+00:00,80038.60000000,80272.70000000,80030.90000000,80048.40000000,212505.94000000
1778266800000,2026-05-08T19:00:00+00:00,80048.40000000,80149.80000000,79888.70000000,80141.60000000,146157.77000000
1778270400000,2026-05-08T20:00:00+00:00,80141.70000000,80259.70000000,80038.90000000,80100.00000000,88944.40000000
1778274000000,2026-05-08T21:00:00+00:00,80100.00000000,80223.80000000,80074.80000000,80215.90000000,54215.62000000
1778277600000,2026-05-08T22:00:00+00:00,80215.80000000,80367.20000000,80187.90000000,80235.00000000,132069.60000000
1778281200000,2026-05-08T23:00:00+00:00,80235.00000000,80250.00000000,80051.40000000,80152.40000000,91334.23000000
1778284800000,2026-05-09T00:00:00+00:00,80152.50000000,80212.60000000,80089.70000000,80203.30000000,72473.14000000
1778288400000,2026-05-09T01:00:00+00:00,80203.30000000,80410.00000000,80180.00000000,80285.00000000,114688.81000000
1778292000000,2026-05-09T02:00:00+00:00,80285.10000000,80440.00000000,80285.00000000,80384.00000000,107510.66000000
1778295600000,2026-05-09T03:00:00+00:00,80384.00000000,80541.80000000,80263.60000000,80346.10000000,131693.91000000
1778299200000,2026-05-09T04:00:00+00:00,80346.20000000,80649.90000000,80331.00000000,80351.40000000,272763.86000000
1778302800000,2026-05-09T05:00:00+00:00,80351.50000000,80455.00000000,80315.00000000,80340.10000000,91752.91000000
1778306400000,2026-05-09T06:00:00+00:00,80340.10000000,80404.50000000,80161.00000000,80221.80000000,192042.47000000
1778310000000,2026-05-09T07:00:00+00:00,80221.90000000,80270.70000000,80090.00000000,80190.00000000,130994.08000000
1778313600000,2026-05-09T08:00:00+00:00,80190.10000000,80415.80000000,80175.20000000,80369.10000000,152258.03000000
1778317200000,2026-05-09T09:00:00+00:00,80369.10000000,80373.90000000,80170.00000000,80200.00000000,92021.50000000
1778320800000,2026-05-09T10:00:00+00:00,80200.00000000,80312.30000000,80120.10000000,80223.80000000,112415.40000000
1778324400000,2026-05-09T11:00:00+00:00,80223.90000000,80333.00000000,80207.10000000,80303.40000000,63927.72000000
1778328000000,2026-05-09T12:00:00+00:00,80303.50000000,80373.00000000,80220.00000000,80363.20000000,80497.03000000
1778331600000,2026-05-09T13:00:00+00:00,80363.20000000,80368.00000000,80268.00000000,80355.10000000,59106.05000000
1778335200000,2026-05-09T14:00:00+00:00,80355.10000000,80388.70000000,80200.20000000,80286.40000000,155665.57000000
1778338800000,2026-05-09T15:00:00+00:00,80286.30000000,80569.10000000,80182.50000000,80484.70000000,271253.15000000
1778342400000,2026-05-09T16:00:00+00:00,80484.80000000,80770.70000000,80439.40000000,80580.00000000,358296.40000000
1778346000000,2026-05-09T17:00:00+00:00,80580.00000000,80895.00000000,80580.00000000,80771.50000000,309932.29000000
1778349600000,2026-05-09T18:00:00+00:00,80771.50000000,81047.80000000,80746.80000000,80880.00000000,281686.87000000
1778353200000,2026-05-09T19:00:00+00:00,80880.10000000,80932.70000000,80742.00000000,80900.00000000,116163.83000000
1778356800000,2026-05-09T20:00:00+00:00,80900.00000000,80908.90000000,80700.20000000,80768.40000000,64775.24000000
1778360400000,2026-05-09T21:00:00+00:00,80768.30000000,80873.10000000,80705.10000000,80740.00000000,70739.12000000
1778364000000,2026-05-09T22:00:00+00:00,80740.10000000,80785.80000000,80631.40000000,80731.00000000,67230.86000000
1778367600000,2026-05-09T23:00:00+00:00,80731.00000000,80814.30000000,80583.80000000,80631.60000000,70205.92000000
1778371200000,2026-05-10T00:00:00+00:00,80631.60000000,80742.00000000,80588.00000000,80638.30000000,89704.27000000
1778374800000,2026-05-10T01:00:00+00:00,80638.20000000,80655.00000000,80534.50000000,80645.70000000,93454.51000000
1778378400000,2026-05-10T02:00:00+00:00,80645.80000000,80755.00000000,80571.90000000,80746.30000000,86366.49000000
1778382000000,2026-05-10T03:00:00+00:00,80746.30000000,80847.00000000,80666.00000000,80731.50000000,104752.70000000
1778385600000,2026-05-10T04:00:00+00:00,80731.40000000,80808.00000000,80688.20000000,80721.40000000,57670.07000000
1778389200000,2026-05-10T05:00:00+00:00,80721.40000000,80777.10000000,80631.50000000,80660.10000000,57516.64000000
1778392800000,2026-05-10T06:00:00+00:00,80660.00000000,80726.30000000,80620.00000000,80709.20000000,73643.64000000
1778396400000,2026-05-10T07:00:00+00:00,80709.20000000,80760.60000000,80680.10000000,80700.10000000,56653.75000000
1778400000000,2026-05-10T08:00:00+00:00,80700.10000000,80900.00000000,80672.20000000,80803.60000000,129372.24000000
1778403600000,2026-05-10T09:00:00+00:00,80803.70000000,80895.20000000,80715.00000000,80774.90000000,94788.45000000
1778407200000,2026-05-10T10:00:00+00:00,80774.90000000,80850.00000000,80650.10000000,80840.10000000,133887.66000000
1778410800000,2026-05-10T11:00:00+00:00,80840.10000000,80936.30000000,80707.00000000,80781.60000000,127006.59000000
1778414400000,2026-05-10T12:00:00+00:00,80781.70000000,80915.00000000,80732.20000000,80882.00000000,86827.06000000
1778418000000,2026-05-10T13:00:00+00:00,80882.00000000,80975.00000000,80820.80000000,80929.90000000,105709.34000000
1778421600000,2026-05-10T14:00:00+00:00,80930.00000000,80960.00000000,80759.50000000,80938.80000000,123183.36000000
1778425200000,2026-05-10T15:00:00+00:00,80938.70000000,81435.40000000,80888.00000000,81374.50000000,499249.11000000
1778428800000,2026-05-10T16:00:00+00:00,81374.60000000,81464.30000000,81150.10000000,81332.20000000,345899.69000000
1778432400000,2026-05-10T17:00:00+00:00,81332.30000000,81550.00000000,81172.50000000,81439.70000000,234283.46000000
1778436000000,2026-05-10T18:00:00+00:00,81439.70000000,81459.60000000,81188.20000000,81225.40000000,115583.59000000
1778439600000,2026-05-10T19:00:00+00:00,81225.40000000,81442.10000000,81104.00000000,81393.10000000,114561.45000000
1778443200000,2026-05-10T20:00:00+00:00,81393.20000000,81415.90000000,80228.00000000,80696.20000000,622130.74000000
1778446800000,2026-05-10T21:00:00+00:00,80696.20000000,80907.70000000,80514.00000000,80671.20000000,374028.70000000
1778450400000,2026-05-10T22:00:00+00:00,80671.10000000,82166.70000000,80621.00000000,82016.00000000,1168661.11000000
1778454000000,2026-05-10T23:00:00+00:00,82015.90000000,82464.10000000,82015.90000000,82182.80000000,666650.50000000
1778457600000,2026-05-11T00:00:00+00:00,82182.90000000,82364.30000000,81250.00000000,81442.90000000,740790.00000000
1778461200000,2026-05-11T01:00:00+00:00,81442.90000000,81736.30000000,81256.10000000,81471.50000000,291681.43000000
1778464800000,2026-05-11T02:00:00+00:00,81471.60000000,81546.60000000,81080.10000000,81155.50000000,265066.05000000
1778468400000,2026-05-11T03:00:00+00:00,81155.60000000,81169.60000000,80500.00000000,80700.70000000,727502.05000000
1778472000000,2026-05-11T04:00:00+00:00,80700.80000000,80864.50000000,80612.70000000,80780.10000000,173242.78000000
1778475600000,2026-05-11T05:00:00+00:00,80780.00000000,80950.00000000,80729.00000000,80808.00000000,159844.45000000
1778479200000,2026-05-11T06:00:00+00:00,80807.90000000,81021.70000000,80725.70000000,80797.00000000,150858.40000000
1778482800000,2026-05-11T07:00:00+00:00,80797.10000000,80805.10000000,80634.90000000,80706.30000000,144329.79000000
1778486400000,2026-05-11T08:00:00+00:00,80706.30000000,80838.50000000,80577.50000000,80725.00000000,175896.39000000
1778490000000,2026-05-11T09:00:00+00:00,80724.90000000,80968.90000000,80716.90000000,80918.80000000,141533.50000000
1778493600000,2026-05-11T10:00:00+00:00,80918.80000000,81157.10000000,80859.50000000,80894.10000000,246973.27000000
1778497200000,2026-05-11T11:00:00+00:00,80894.10000000,81153.00000000,80848.10000000,81152.90000000,126342.21000000
1778500800000,2026-05-11T12:00:00+00:00,81153.00000000,81326.00000000,80978.50000000,81013.90000000,361203.70000000
1778504400000,2026-05-11T13:00:00+00:00,81013.90000000,81296.40000000,80722.10000000,81030.80000000,507787.41000000
1778508000000,2026-05-11T14:00:00+00:00,81030.90000000,81221.40000000,80404.50000000,80910.10000000,568865.82000000
1778511600000,2026-05-11T15:00:00+00:00,80910.10000000,81434.80000000,80788.10000000,81405.40000000,425681.00000000
1778515200000,2026-05-11T16:00:00+00:00,81405.50000000,81879.70000000,81303.10000000,81534.20000000,744601.56000000
1778518800000,2026-05-11T17:00:00+00:00,81534.20000000,82033.20000000,81321.80000000,81893.00000000,410873.50000000
1778522400000,2026-05-11T18:00:00+00:00,81893.10000000,82100.00000000,81769.50000000,81820.80000000,323298.79000000
1778526000000,2026-05-11T19:00:00+00:00,81820.80000000,82055.00000000,81670.30000000,81916.10000000,243325.27000000
1778529600000,2026-05-11T20:00:00+00:00,81916.10000000,82032.20000000,81688.00000000,81774.90000000,163138.71000000
1778533200000,2026-05-11T21:00:00+00:00,81775.00000000,81861.60000000,81537.50000000,81779.20000000,118277.16000000
1778536800000,2026-05-11T22:00:00+00:00,81779.20000000,81929.40000000,81688.80000000,81791.00000000,116443.14000000
1778540400000,2026-05-11T23:00:00+00:00,81791.00000000,81791.10000000,81562.40000000,81696.60000000,96951.34000000
1778544000000,2026-05-12T00:00:00+00:00,81696.60000000,81751.10000000,81432.90000000,81505.80000000,183081.89000000
1778547600000,2026-05-12T01:00:00+00:00,81505.70000000,81580.00000000,80666.00000000,81151.00000000,772776.12000000
1778551200000,2026-05-12T02:00:00+00:00,81151.00000000,81302.50000000,81032.00000000,81226.40000000,205233.82000000
1778554800000,2026-05-12T03:00:00+00:00,81226.30000000,81266.90000000,80987.00000000,81020.40000000,131040.88000000
1778558400000,2026-05-12T04:00:00+00:00,81020.50000000,81275.00000000,80962.70000000,81178.90000000,159891.15000000
1778562000000,2026-05-12T05:00:00+00:00,81178.90000000,81287.30000000,81150.90000000,81181.10000000,99868.54000000
1778565600000,2026-05-12T06:00:00+00:00,81181.00000000,81279.50000000,80970.70000000,80985.10000000,201015.38000000
1778569200000,2026-05-12T07:00:00+00:00,80985.00000000,81096.60000000,80770.70000000,80809.90000000,466203.23000000
1778572800000,2026-05-12T08:00:00+00:00,80810.00000000,80924.90000000,80710.00000000,80800.20000000,245840.54000000
1778576400000,2026-05-12T09:00:00+00:00,80800.10000000,80916.10000000,80667.80000000,80795.10000000,241770.14000000
1778580000000,2026-05-12T10:00:00+00:00,80795.10000000,80803.20000000,80568.00000000,80630.90000000,247874.96000000
1778583600000,2026-05-12T11:00:00+00:00,80630.90000000,80738.00000000,80457.80000000,80733.30000000,277610.96000000
1778587200000,2026-05-12T12:00:00+00:00,80733.30000000,80962.00000000,80569.00000000,80835.60000000,499662.61000000
1778590800000,2026-05-12T13:00:00+00:00,80835.70000000,80888.00000000,80338.30000000,80418.10000000,658317.31000000
1778594400000,2026-05-12T14:00:00+00:00,80418.00000000,80846.90000000,80338.30000000,80502.00000000,721946.95000000
1778598000000,2026-05-12T15:00:00+00:00,80501.90000000,80623.00000000,80135.00000000,80286.80000000,603033.82000000
1778601600000,2026-05-12T16:00:00+00:00,80286.90000000,80392.20000000,79779.00000000,79949.90000000,710373.90000000
1778605200000,2026-05-12T17:00:00+00:00,79950.00000000,80545.00000000,79900.00000000,80473.20000000,445374.94000000
1778608800000,2026-05-12T18:00:00+00:00,80473.20000000,80724.10000000,80375.00000000,80628.90000000,216096.06000000
1778612400000,2026-05-12T19:00:00+00:00,80629.00000000,80829.80000000,80622.80000000,80788.50000000,223515.00000000
1778616000000,2026-05-12T20:00:00+00:00,80788.50000000,80843.10000000,80593.00000000,80651.10000000,103868.97000000
1778619600000,2026-05-12T21:00:00+00:00,80651.10000000,80700.00000000,80444.00000000,80542.20000000,105162.24000000
1778623200000,2026-05-12T22:00:00+00:00,80542.30000000,80755.30000000,80542.30000000,80604.90000000,109628.36000000
1778626800000,2026-05-12T23:00:00+00:00,80605.00000000,80671.40000000,80387.80000000,80460.20000000,116102.93000000
1778630400000,2026-05-13T00:00:00+00:00,80460.20000000,80736.10000000,80363.50000000,80670.00000000,157579.06000000
1778634000000,2026-05-13T01:00:00+00:00,80670.10000000,81167.90000000,80633.60000000,80959.50000000,395672.95000000
1778637600000,2026-05-13T02:00:00+00:00,80959.50000000,81234.90000000,80888.00000000,81019.00000000,211517.07000000
1778641200000,2026-05-13T03:00:00+00:00,81019.00000000,81274.30000000,80938.60000000,81211.90000000,218538.11000000
1778644800000,2026-05-13T04:00:00+00:00,81212.00000000,81250.00000000,81068.40000000,81200.00000000,195560.89000000
1778648400000,2026-05-13T05:00:00+00:00,81199.90000000,81210.70000000,80952.70000000,80993.40000000,180760.08000000
1778652000000,2026-05-13T06:00:00+00:00,80993.30000000,81130.90000000,80935.90000000,80943.70000000,150199.97000000
1778655600000,2026-05-13T07:00:00+00:00,80943.70000000,81013.00000000,80851.00000000,80983.30000000,160583.54000000
1778659200000,2026-05-13T08:00:00+00:00,80983.30000000,81166.00000000,80902.60000000,81159.40000000,277683.39000000
1778662800000,2026-05-13T09:00:00+00:00,81159.30000000,81320.10000000,81100.00000000,81256.90000000,301782.97000000
1778666400000,2026-05-13T10:00:00+00:00,81256.90000000,81271.50000000,80768.60000000,80778.80000000,345532.26000000
1778670000000,2026-05-13T11:00:00+00:00,80778.80000000,80825.00000000,80462.00000000,80468.30000000,415866.04000000
1778673600000,2026-05-13T12:00:00+00:00,80468.30000000,80565.70000000,79814.30000000,80159.10000000,924547.77000000
1778677200000,2026-05-13T13:00:00+00:00,80159.20000000,80317.00000000,79543.00000000,79620.10000000,866566.69000000
1778680800000,2026-05-13T14:00:00+00:00,79620.10000000,79863.20000000,79420.00000000,79727.40000000,572980.25000000
1778684400000,2026-05-13T15:00:00+00:00,79727.40000000,79823.00000000,78764.10000000,78800.10000000,1248143.31000000
1778688000000,2026-05-13T16:00:00+00:00,78800.10000000,79200.10000000,78721.50000000,79081.70000000,716040.94000000
1778691600000,2026-05-13T17:00:00+00:00,79081.80000000,79539.80000000,79074.30000000,79477.10000000,381369.07000000
1778695200000,2026-05-13T18:00:00+00:00,79477.10000000,79768.00000000,79477.10000000,79557.40000000,283115.35000000
1778698800000,2026-05-13T19:00:00+00:00,79557.40000000,79619.00000000,79360.00000000,79607.70000000,210738.51000000
1778702400000,2026-05-13T20:00:00+00:00,79607.70000000,79728.40000000,79590.70000000,79676.70000000,132374.06000000
1778706000000,2026-05-13T21:00:00+00:00,79676.60000000,79676.70000000,79301.30000000,79362.30000000,140993.48000000
1778709600000,2026-05-13T22:00:00+00:00,79362.30000000,79440.00000000,79170.80000000,79394.10000000,147683.42000000
1778713200000,2026-05-13T23:00:00+00:00,79394.20000000,79470.00000000,79199.30000000,79288.20000000,115960.35000000
1778716800000,2026-05-14T00:00:00+00:00,79288.20000000,79658.20000000,79280.70000000,79535.70000000,227302.23000000
1778720400000,2026-05-14T01:00:00+00:00,79535.60000000,79650.80000000,79341.30000000,79560.40000000,179521.64000000
1778724000000,2026-05-14T02:00:00+00:00,79560.30000000,79638.30000000,79174.30000000,79324.70000000,262841.38000000
1778727600000,2026-05-14T03:00:00+00:00,79324.70000000,79416.60000000,78863.00000000,79008.10000000,520004.26000000
1778731200000,2026-05-14T04:00:00+00:00,79008.20000000,79444.70000000,78940.00000000,79411.20000000,236695.26000000
1778734800000,2026-05-14T05:00:00+00:00,79411.20000000,79970.00000000,79337.20000000,79775.90000000,468298.68000000
1778738400000,2026-05-14T06:00:00+00:00,79776.00000000,79912.50000000,79716.80000000,79772.30000000,232574.33000000
1778742000000,2026-05-14T07:00:00+00:00,79772.30000000,79900.00000000,79663.00000000,79708.20000000,191671.76000000
1778745600000,2026-05-14T08:00:00+00:00,79708.20000000,79908.00000000,79587.20000000,79782.50000000,246343.47000000
1778749200000,2026-05-14T09:00:00+00:00,79782.50000000,79882.60000000,79535.00000000,79600.00000000,241023.64000000
1778752800000,2026-05-14T10:00:00+00:00,79599.90000000,79740.60000000,79370.50000000,79542.30000000,273985.03000000
1778756400000,2026-05-14T11:00:00+00:00,79542.30000000,79580.00000000,79190.10000000,79225.00000000,230840.25000000
1778760000000,2026-05-14T12:00:00+00:00,79225.00000000,79746.90000000,79199.20000000,79730.10000000,395007.75000000
1778763600000,2026-05-14T13:00:00+00:00,79730.20000000,80043.70000000,79619.50000000,79655.70000000,669962.53000000
1778767200000,2026-05-14T14:00:00+00:00,79655.70000000,80975.90000000,79516.90000000,80917.70000000,1438748.60000000
1778770800000,2026-05-14T15:00:00+00:00,80917.70000000,81286.80000000,80759.10000000,81241.80000000,1072942.30000000
1778774400000,2026-05-14T16:00:00+00:00,81241.90000000,81874.20000000,81015.60000000,81840.10000000,1280309.21000000
1778778000000,2026-05-14T17:00:00+00:00,81840.10000000,82001.00000000,81228.80000000,81633.00000000,1061509.66000000
1778781600000,2026-05-14T18:00:00+00:00,81633.00000000,81925.70000000,81388.70000000,81539.90000000,433580.02000000
1778785200000,2026-05-14T19:00:00+00:00,81539.90000000,81675.00000000,81280.00000000,81380.80000000,244802.58000000
1778788800000,2026-05-14T20:00:00+00:00,81380.90000000,81550.00000000,81125.40000000,81388.00000000,203920.52000000
1778792400000,2026-05-14T21:00:00+00:00,81387.90000000,81497.90000000,81228.30000000,81360.70000000,115489.11000000
1778796000000,2026-05-14T22:00:00+00:00,81360.70000000,81523.60000000,81300.00000000,81421.90000000,106474.02000000
1778799600000,2026-05-14T23:00:00+00:00,81421.90000000,81421.90000000,81012.00000000,81060.00000000,227377.01000000
1778803200000,2026-05-15T00:00:00+00:00,81059.90000000,81630.50000000,81030.00000000,81471.80000000,293321.33000000
1778806800000,2026-05-15T01:00:00+00:00,81471.80000000,81583.30000000,81056.10000000,81088.00000000,264295.35000000
1778810400000,2026-05-15T02:00:00+00:00,81088.00000000,81315.90000000,80691.60000000,81261.30000000,740979.09000000
1778814000000,2026-05-15T03:00:00+00:00,81261.30000000,81309.60000000,80868.30000000,81021.10000000,347057.87000000
1778817600000,2026-05-15T04:00:00+00:00,81021.20000000,81067.70000000,80660.00000000,80693.10000000,251958.80000000
1778821200000,2026-05-15T05:00:00+00:00,80693.10000000,80849.90000000,80251.50000000,80322.30000000,685241.21000000
1778824800000,2026-05-15T06:00:00+00:00,80322.30000000,80600.00000000,80275.00000000,80553.00000000,335228.82000000
1778828400000,2026-05-15T07:00:00+00:00,80553.00000000,80984.80000000,80523.20000000,80787.20000000,491974.08000000
1778832000000,2026-05-15T08:00:00+00:00,80787.20000000,80799.90000000,80370.10000000,80614.00000000,299504.06000000
1778835600000,2026-05-15T09:00:00+00:00,80614.00000000,80648.80000000,80333.00000000,80458.60000000,240257.44000000
1778839200000,2026-05-15T10:00:00+00:00,80458.50000000,80744.50000000,80370.60000000,80684.40000000,274338.85000000
1778842800000,2026-05-15T11:00:00+00:00,80684.50000000,80728.30000000,80555.00000000,80592.00000000,131755.93000000
1778846400000,2026-05-15T12:00:00+00:00,80591.90000000,80609.60000000,80279.30000000,80353.70000000,375404.86000000
1778850000000,2026-05-15T13:00:00+00:00,80353.70000000,80354.50000000,78628.80000000,78709.50000000,2346977.07000000
1778853600000,2026-05-15T14:00:00+00:00,78709.50000000,79312.20000000,78588.20000000,79110.10000000,1123638.53000000
1778857200000,2026-05-15T15:00:00+00:00,79110.00000000,79333.00000000,78970.00000000,79117.20000000,350083.05000000
1778860800000,2026-05-15T16:00:00+00:00,79117.10000000,79348.50000000,79067.00000000,79254.30000000,278830.30000000
1778864400000,2026-05-15T17:00:00+00:00,79254.40000000,79473.70000000,79183.50000000,79424.50000000,306248.53000000
1778868000000,2026-05-15T18:00:00+00:00,79424.40000000,79530.00000000,79123.80000000,79244.20000000,221827.53000000
1778871600000,2026-05-15T19:00:00+00:00,79244.20000000,79259.30000000,79017.50000000,79101.30000000,146128.94000000
1778875200000,2026-05-15T20:00:00+00:00,79101.40000000,79184.10000000,78951.50000000,79089.40000000,107362.50000000
1778878800000,2026-05-15T21:00:00+00:00,79089.40000000,79165.90000000,78856.50000000,78940.40000000,103263.84000000
1778882400000,2026-05-15T22:00:00+00:00,78940.30000000,79120.00000000,78934.20000000,79076.10000000,63777.75000000
1778886000000,2026-05-15T23:00:00+00:00,79076.10000000,79133.60000000,79045.60000000,79082.40000000,58917.31000000
1778889600000,2026-05-16T00:00:00+00:00,79082.40000000,79197.40000000,79042.10000000,79080.20000000,89209.27000000
1778893200000,2026-05-16T01:00:00+00:00,79080.10000000,79155.80000000,78978.20000000,79131.90000000,110293.89000000
1778896800000,2026-05-16T02:00:00+00:00,79131.90000000,79189.40000000,79045.00000000,79120.20000000,98862.67000000
1778900400000,2026-05-16T03:00:00+00:00,79120.30000000,79160.00000000,79025.60000000,79053.50000000,69113.59000000
1778904000000,2026-05-16T04:00:00+00:00,79053.60000000,79100.00000000,78821.10000000,79006.50000000,169042.88000000
1778907600000,2026-05-16T05:00:00+00:00,79006.60000000,79012.90000000,78900.00000000,78992.50000000,78689.16000000
1778911200000,2026-05-16T06:00:00+00:00,78992.50000000,79023.70000000,78388.60000000,78616.80000000,463807.69000000
1778914800000,2026-05-16T07:00:00+00:00,78616.80000000,78618.20000000,78002.00000000,78333.40000000,735046.04000000
1778918400000,2026-05-16T08:00:00+00:00,78333.40000000,78499.90000000,78300.00000000,78376.90000000,225261.51000000
1778922000000,2026-05-16T09:00:00+00:00,78376.90000000,78398.70000000,77839.40000000,78050.20000000,640164.85000000
1778925600000,2026-05-16T10:00:00+00:00,78050.30000000,78075.30000000,77600.00000000,77943.90000000,594982.13000000
1778929200000,2026-05-16T11:00:00+00:00,77943.90000000,78166.20000000,77943.90000000,78055.20000000,206685.19000000
1778932800000,2026-05-16T12:00:00+00:00,78055.30000000,78105.00000000,77900.00000000,77978.70000000,180886.22000000
1778936400000,2026-05-16T13:00:00+00:00,77978.60000000,77998.90000000,77807.20000000,77998.90000000,151523.01000000
1778940000000,2026-05-16T14:00:00+00:00,77998.90000000,78324.30000000,77867.80000000,78090.40000000,289929.42000000
1778943600000,2026-05-16T15:00:00+00:00,78090.50000000,78256.00000000,78039.60000000,78200.00000000,159224.76000000
1778947200000,2026-05-16T16:00:00+00:00,78200.10000000,78337.40000000,78078.10000000,78166.50000000,206059.87000000
1778950800000,2026-05-16T17:00:00+00:00,78166.50000000,78287.90000000,78160.70000000,78168.90000000,60974.07000000
1778954400000,2026-05-16T18:00:00+00:00,78168.80000000,78295.60000000,78110.00000000,78204.70000000,96893.17000000
1778958000000,2026-05-16T19:00:00+00:00,78204.60000000,78270.00000000,78171.40000000,78226.70000000,40596.42000000
1778961600000,2026-05-16T20:00:00+00:00,78226.80000000,78288.70000000,78165.60000000,78218.20000000,77224.48000000
1778965200000,2026-05-16T21:00:00+00:00,78218.10000000,78280.00000000,78169.20000000,78230.50000000,61149.31000000
1778968800000,2026-05-16T22:00:00+00:00,78230.40000000,78252.50000000,78138.70000000,78146.70000000,66760.69000000
1778972400000,2026-05-16T23:00:00+00:00,78146.70000000,78239.60000000,78089.30000000,78106.90000000,75027.89000000
1778976000000,2026-05-17T00:00:00+00:00,78106.90000000,78208.00000000,77741.90000000,77911.10000000,206558.56000000
1778979600000,2026-05-17T01:00:00+00:00,77911.20000000,78078.80000000,77672.40000000,77675.70000000,295830.06000000
1778983200000,2026-05-17T02:00:00+00:00,77675.70000000,77904.50000000,77675.70000000,77860.80000000,162497.08000000
1778986800000,2026-05-17T03:00:00+00:00,77860.70000000,78053.40000000,77844.10000000,77991.60000000,128849.64000000
1778990400000,2026-05-17T04:00:00+00:00,77991.60000000,78175.00000000,77964.00000000,78116.40000000,120824.07000000
1778994000000,2026-05-17T05:00:00+00:00,78116.40000000,78285.40000000,78066.00000000,78092.70000000,129438.78000000
1778997600000,2026-05-17T06:00:00+00:00,78092.80000000,78181.10000000,77983.50000000,78080.20000000,88721.64000000
1779001200000,2026-05-17T07:00:00+00:00,78080.10000000,78178.70000000,78013.20000000,78149.00000000,115111.66000000
1779004800000,2026-05-17T08:00:00+00:00,78148.90000000,78164.00000000,77996.80000000,78061.40000000,89085.91000000
1779008400000,2026-05-17T09:00:00+00:00,78061.40000000,78272.70000000,78050.00000000,78217.30000000,112400.88000000
1779012000000,2026-05-17T10:00:00+00:00,78217.30000000,78571.40000000,78208.00000000,78434.50000000,376996.36000000
1779015600000,2026-05-17T11:00:00+00:00,78434.60000000,78443.40000000,78250.00000000,78369.00000000,179182.70000000
1779019200000,2026-05-17T12:00:00+00:00,78369.00000000,78520.30000000,78289.70000000,78321.30000000,124878.94000000
1779022800000,2026-05-17T13:00:00+00:00,78321.30000000,78330.80000000,78121.00000000,78164.00000000,188377.97000000
1779026400000,2026-05-17T14:00:00+00:00,78164.10000000,78176.30000000,77777.00000000,78004.90000000,328327.28000000
1779030000000,2026-05-17T15:00:00+00:00,78004.90000000,78087.90000000,77869.60000000,78003.60000000,126926.75000000
1779033600000,2026-05-17T16:00:00+00:00,78003.60000000,78160.70000000,77983.10000000,77990.80000000,142526.02000000
1779037200000,2026-05-17T17:00:00+00:00,77990.80000000,78056.60000000,77811.50000000,78050.10000000,166739.34000000
1779040800000,2026-05-17T18:00:00+00:00,78050.10000000,78241.50000000,77961.00000000,78224.60000000,128116.42000000
1779044400000,2026-05-17T19:00:00+00:00,78224.60000000,78432.80000000,78177.30000000,78369.10000000,97298.53000000
1779048000000,2026-05-17T20:00:00+00:00,78369.00000000,78397.50000000,78208.40000000,78231.60000000,101479.26000000
1779051600000,2026-05-17T21:00:00+00:00,78231.60000000,78449.00000000,78198.80000000,78362.90000000,97616.52000000
1779055200000,2026-05-17T22:00:00+00:00,78362.90000000,78373.00000000,77779.40000000,77964.90000000,350565.52000000
1779058800000,2026-05-17T23:00:00+00:00,77964.90000000,77970.20000000,76633.30000000,77415.00000000,1373245.01000000
1779062400000,2026-05-18T00:00:00+00:00,77415.00000000,77444.80000000,76871.10000000,77174.90000000,567918.94000000
1779066000000,2026-05-18T01:00:00+00:00,77174.80000000,77250.00000000,76710.00000000,77088.40000000,509308.44000000
1779069600000,2026-05-18T02:00:00+00:00,77088.30000000,77200.00000000,76666.00000000,76803.70000000,339394.68000000
1779073200000,2026-05-18T03:00:00+00:00,76803.70000000,76997.60000000,76781.00000000,76896.90000000,232395.96000000
1779076800000,2026-05-18T04:00:00+00:00,76896.90000000,77050.00000000,76741.30000000,77011.50000000,231912.40000000
1779080400000,2026-05-18T05:00:00+00:00,77011.50000000,77055.70000000,76849.90000000,76885.50000000,171062.74000000
1779084000000,2026-05-18T06:00:00+00:00,76885.40000000,76946.90000000,76535.80000000,76882.00000000,516764.07000000
1779087600000,2026-05-18T07:00:00+00:00,76882.00000000,77051.10000000,76726.30000000,77036.90000000,274898.40000000
1779091200000,2026-05-18T08:00:00+00:00,77036.90000000,77169.90000000,76850.00000000,77000.10000000,198512.63000000
1779094800000,2026-05-18T09:00:00+00:00,77000.00000000,77023.30000000,76843.50000000,76899.90000000,70424.99000000
1779098400000,2026-05-18T10:00:00+00:00,76900.00000000,76923.70000000,76680.00000000,76737.30000000,227963.13000000
1779102000000,2026-05-18T11:00:00+00:00,76737.30000000,77373.70000000,76634.80000000,77253.60000000,479900.74000000
1779105600000,2026-05-18T12:00:00+00:00,77253.70000000,77772.60000000,77246.50000000,77602.50000000,811557.17000000
1779109200000,2026-05-18T13:00:00+00:00,77602.50000000,77605.00000000,76666.00000000,76909.20000000,1051448.61000000
1779112800000,2026-05-18T14:00:00+00:00,76909.20000000,76929.50000000,76181.10000000,76369.60000000,1204758.07000000
1779116400000,2026-05-18T15:00:00+00:00,76369.50000000,76463.20000000,76018.00000000,76384.00000000,836793.68000000
1779120000000,2026-05-18T16:00:00+00:00,76384.00000000,76631.00000000,76180.20000000,76389.00000000,530651.39000000
1779123600000,2026-05-18T17:00:00+00:00,76389.00000000,76732.00000000,76333.00000000,76677.90000000,239372.23000000
1779127200000,2026-05-18T18:00:00+00:00,76677.90000000,76678.00000000,76111.00000000,76222.60000000,300808.64000000
1779130800000,2026-05-18T19:00:00+00:00,76222.60000000,76980.00000000,76200.30000000,76907.50000000,613637.17000000
1779134400000,2026-05-18T20:00:00+00:00,76907.60000000,77165.50000000,76851.00000000,76880.60000000,302213.08000000
1779138000000,2026-05-18T21:00:00+00:00,76880.60000000,77156.00000000,76766.30000000,77065.40000000,164927.43000000
1779141600000,2026-05-18T22:00:00+00:00,77065.50000000,77194.90000000,76876.90000000,77039.90000000,240721.82000000
1779145200000,2026-05-18T23:00:00+00:00,77039.90000000,77125.90000000,76901.40000000,76962.20000000,107435.49000000
1779148800000,2026-05-19T00:00:00+00:00,76962.20000000,77379.90000000,76911.80000000,77101.80000000,290023.80000000
1779152400000,2026-05-19T01:00:00+00:00,77101.70000000,77118.80000000,76612.40000000,76628.80000000,356006.16000000
1779156000000,2026-05-19T02:00:00+00:00,76628.80000000,76958.80000000,76432.00000000,76587.80000000,299908.92000000
1779159600000,2026-05-19T03:00:00+00:00,76587.80000000,76840.00000000,76556.70000000,76753.80000000,118816.07000000
1779163200000,2026-05-19T04:00:00+00:00,76753.80000000,76912.40000000,76666.60000000,76889.90000000,171219.45000000
1779166800000,2026-05-19T05:00:00+00:00,76890.00000000,76977.00000000,76604.40000000,76870.10000000,191364.03000000
1779170400000,2026-05-19T06:00:00+00:00,76870.00000000,77075.80000000,76846.50000000,76988.10000000,191386.39000000
1779174000000,2026-05-19T07:00:00+00:00,76988.10000000,77242.30000000,76930.40000000,77194.10000000,237613.59000000
1779177600000,2026-05-19T08:00:00+00:00,77194.10000000,77288.00000000,76918.50000000,77010.00000000,258552.71000000
1779181200000,2026-05-19T09:00:00+00:00,77010.00000000,77034.50000000,76666.60000000,76783.70000000,391333.41000000
1779184800000,2026-05-19T10:00:00+00:00,76783.70000000,77068.70000000,76675.00000000,77006.50000000,286967.86000000
1779188400000,2026-05-19T11:00:00+00:00,77006.50000000,77046.00000000,76601.00000000,76678.60000000,228927.13000000
1779192000000,2026-05-19T12:00:00+00:00,76678.70000000,76961.80000000,76608.70000000,76912.30000000,200639.48000000
1779195600000,2026-05-19T13:00:00+00:00,76912.40000000,77026.20000000,76557.50000000,76846.30000000,584643.38000000
1779199200000,2026-05-19T14:00:00+00:00,76846.40000000,76980.00000000,76116.00000000,76370.30000000,880603.47000000
1779202800000,2026-05-19T15:00:00+00:00,76370.30000000,76665.90000000,76310.00000000,76498.20000000,320269.02000000
1779206400000,2026-05-19T16:00:00+00:00,76498.30000000,76897.90000000,76381.40000000,76864.60000000,313530.80000000
1779210000000,2026-05-19T17:00:00+00:00,76864.60000000,76999.50000000,76722.00000000,76819.90000000,364099.33000000
1779213600000,2026-05-19T18:00:00+00:00,76820.00000000,76914.40000000,76706.00000000,76769.80000000,120765.97000000
1779217200000,2026-05-19T19:00:00+00:00,76769.90000000,77043.50000000,76728.80000000,76785.00000000,126351.79000000
1779220800000,2026-05-19T20:00:00+00:00,76785.40000000,77002.00000000,76785.40000000,76984.60000000,84492.73000000
1779224400000,2026-05-19T21:00:00+00:00,76984.60000000,77011.50000000,76914.80000000,76949.90000000,77608.00000000
1779228000000,2026-05-19T22:00:00+00:00,76949.90000000,76949.90000000,76612.80000000,76678.60000000,195000.77000000
1779231600000,2026-05-19T23:00:00+00:00,76678.70000000,76948.00000000,76630.60000000,76800.00000000,101397.76000000
1779235200000,2026-05-20T00:00:00+00:00,76799.90000000,76866.70000000,76469.00000000,76759.90000000,209350.86000000
1779238800000,2026-05-20T01:00:00+00:00,76759.90000000,76891.70000000,76480.30000000,76786.90000000,292659.30000000
1779242400000,2026-05-20T02:00:00+00:00,76787.00000000,76873.90000000,76563.30000000,76650.40000000,164977.55000000
1779246000000,2026-05-20T03:00:00+00:00,76650.50000000,76799.90000000,76567.50000000,76688.10000000,105622.24000000
1779249600000,2026-05-20T04:00:00+00:00,76688.10000000,76800.00000000,76650.00000000,76748.00000000,111609.93000000
1779253200000,2026-05-20T05:00:00+00:00,76748.00000000,77288.00000000,76748.00000000,77160.40000000,559322.88000000
1779256800000,2026-05-20T06:00:00+00:00,77160.30000000,77377.00000000,77147.80000000,77369.00000000,210373.23000000
1779260400000,2026-05-20T07:00:00+00:00,77369.00000000,77450.00000000,77192.90000000,77246.00000000,257040.36000000
1779264000000,2026-05-20T08:00:00+00:00,77246.00000000,77622.00000000,77161.80000000,77415.20000000,390247.34000000
1779267600000,2026-05-20T09:00:00+00:00,77415.30000000,77500.00000000,77317.20000000,77440.90000000,173191.01000000
1779271200000,2026-05-20T10:00:00+00:00,77440.90000000,77627.50000000,77440.90000000,77466.30000000,206501.56000000
1779274800000,2026-05-20T11:00:00+00:00,77466.30000000,77524.80000000,77270.80000000,77346.10000000,202256.61000000
1779278400000,2026-05-20T12:00:00+00:00,77346.00000000,77716.00000000,77320.30000000,77587.40000000,218202.30000000
1779282000000,2026-05-20T13:00:00+00:00,77587.40000000,77618.10000000,76916.00000000,77181.70000000,750714.95000000
1779285600000,2026-05-20T14:00:00+00:00,77181.70000000,77546.60000000,76858.20000000,77414.80000000,858113.41000000
1779289200000,2026-05-20T15:00:00+00:00,77414.70000000,77830.70000000,77270.90000000,77424.60000000,636258.60000000
1779292800000,2026-05-20T16:00:00+00:00,77424.60000000,77521.20000000,76981.50000000,77305.10000000,449847.00000000
1779296400000,2026-05-20T17:00:00+00:00,77305.00000000,77690.00000000,77197.10000000,77533.20000000,317881.56000000
1779300000000,2026-05-20T18:00:00+00:00,77533.10000000,77600.90000000,77350.00000000,77374.60000000,164823.63000000
1779303600000,2026-05-20T19:00:00+00:00,77374.60000000,77683.90000000,77307.00000000,77635.20000000,165492.30000000
1779307200000,2026-05-20T20:00:00+00:00,77635.10000000,77730.00000000,77441.00000000,77670.40000000,195859.11000000
1779310800000,2026-05-20T21:00:00+00:00,77670.50000000,77729.90000000,77460.80000000,77460.90000000,90742.33000000
1779314400000,2026-05-20T22:00:00+00:00,77460.80000000,77464.90000000,77180.10000000,77464.40000000,232219.84000000
1779318000000,2026-05-20T23:00:00+00:00,77464.40000000,77520.00000000,77341.00000000,77512.30000000,106545.44000000
1779321600000,2026-05-21T00:00:00+00:00,77512.40000000,78066.50000000,77476.10000000,77922.70000000,504306.26000000
1779325200000,2026-05-21T01:00:00+00:00,77922.80000000,78161.50000000,77760.00000000,77820.70000000,356702.17000000
1779328800000,2026-05-21T02:00:00+00:00,77820.70000000,78059.00000000,77782.00000000,77917.00000000,194124.76000000
1779332400000,2026-05-21T03:00:00+00:00,77917.00000000,78061.00000000,77866.00000000,78033.10000000,109458.81000000
1779336000000,2026-05-21T04:00:00+00:00,78033.20000000,78130.60000000,77914.20000000,78001.20000000,142058.13000000
1779339600000,2026-05-21T05:00:00+00:00,78001.10000000,78100.00000000,77650.00000000,77791.20000000,289111.42000000
1779343200000,2026-05-21T06:00:00+00:00,77791.10000000,77842.60000000,77457.40000000,77581.90000000,287753.02000000
1779346800000,2026-05-21T07:00:00+00:00,77581.90000000,77875.00000000,77482.00000000,77848.50000000,274353.14000000
1779350400000,2026-05-21T08:00:00+00:00,77848.50000000,78155.00000000,77848.50000000,77881.10000000,400920.14000000
1779354000000,2026-05-21T09:00:00+00:00,77881.10000000,77940.00000000,77582.60000000,77592.00000000,250752.52000000
1779357600000,2026-05-21T10:00:00+00:00,77592.00000000,77650.80000000,77136.50000000,77176.10000000,598337.81000000
1779361200000,2026-05-21T11:00:00+00:00,77176.20000000,77354.40000000,77116.70000000,77168.60000000,288783.42000000
1779364800000,2026-05-21T12:00:00+00:00,77168.70000000,77354.70000000,77045.70000000,77250.50000000,370647.02000000
1779368400000,2026-05-21T13:00:00+00:00,77250.40000000,77330.00000000,76688.20000000,77097.50000000,764597.03000000
1779372000000,2026-05-21T14:00:00+00:00,77097.60000000,77220.00000000,76760.00000000,76943.30000000,431643.45000000
1779375600000,2026-05-21T15:00:00+00:00,76943.20000000,77379.80000000,76863.10000000,77223.70000000,396609.37000000
1779379200000,2026-05-21T16:00:00+00:00,77223.70000000,77318.00000000,76970.60000000,77162.20000000,245380.95000000
1779382800000,2026-05-21T17:00:00+00:00,77162.30000000,78056.00000000,77134.70000000,77832.90000000,1005295.70000000
1779386400000,2026-05-21T18:00:00+00:00,77832.90000000,77883.50000000,77206.00000000,77344.80000000,496307.74000000
1779390000000,2026-05-21T19:00:00+00:00,77344.90000000,77762.90000000,77312.40000000,77653.40000000,221494.95000000
1779393600000,2026-05-21T20:00:00+00:00,77653.40000000,77765.50000000,77601.50000000,77670.10000000,78522.79000000
1779397200000,2026-05-21T21:00:00+00:00,77670.00000000,77776.00000000,77600.00000000,77635.20000000,106151.76000000
1779400800000,2026-05-21T22:00:00+00:00,77635.30000000,77717.00000000,77510.00000000,77586.40000000,97857.75000000
1779404400000,2026-05-21T23:00:00+00:00,77586.40000000,77712.00000000,77487.20000000,77583.00000000,105240.73000000
1779408000000,2026-05-22T00:00:00+00:00,77583.10000000,77599.50000000,77325.00000000,77344.20000000,177604.36000000
1779411600000,2026-05-22T01:00:00+00:00,77344.20000000,77639.70000000,77288.00000000,77582.40000000,154380.09000000
1779415200000,2026-05-22T02:00:00+00:00,77582.40000000,77700.00000000,77543.90000000,77638.70000000,144578.54000000
1779418800000,2026-05-22T03:00:00+00:00,77638.70000000,77776.00000000,77633.20000000,77739.90000000,115773.73000000
1779422400000,2026-05-22T04:00:00+00:00,77739.90000000,77866.60000000,77602.00000000,77615.20000000,183905.04000000
1779426000000,2026-05-22T05:00:00+00:00,77615.10000000,77686.40000000,77420.80000000,77453.10000000,154165.03000000
1779429600000,2026-05-22T06:00:00+00:00,77453.10000000,77492.90000000,77333.00000000,77392.80000000,202975.55000000
1779433200000,2026-05-22T07:00:00+00:00,77392.70000000,77515.70000000,77220.00000000,77369.80000000,236368.32000000
1779436800000,2026-05-22T08:00:00+00:00,77369.80000000,77511.10000000,77171.70000000,77242.60000000,230443.76000000
1779440400000,2026-05-22T09:00:00+00:00,77242.60000000,77340.70000000,77171.40000000,77277.70000000,198005.68000000
1779444000000,2026-05-22T10:00:00+00:00,77277.80000000,77339.40000000,77228.10000000,77290.00000000,64080.70000000
1779447600000,2026-05-22T11:00:00+00:00,77289.90000000,77400.00000000,77140.00000000,77399.90000000,148336.34000000
1779451200000,2026-05-22T12:00:00+00:00,77399.90000000,77549.90000000,77355.50000000,77499.00000000,224698.74000000
1779454800000,2026-05-22T13:00:00+00:00,77499.00000000,77518.00000000,77074.50000000,77250.00000000,371379.71000000
1779458400000,2026-05-22T14:00:00+00:00,77249.90000000,77249.90000000,76715.10000000,76742.80000000,682687.61000000
1779462000000,2026-05-22T15:00:00+00:00,76742.80000000,77022.10000000,76531.30000000,76765.00000000,682327.50000000
1779465600000,2026-05-22T16:00:00+00:00,76765.10000000,76969.30000000,76738.00000000,76920.60000000,173981.77000000
1779469200000,2026-05-22T17:00:00+00:00,76920.70000000,77091.30000000,76710.60000000,76712.50000000,295196.36000000
1779472800000,2026-05-22T18:00:00+00:00,76712.40000000,76871.40000000,76031.50000000,76500.00000000,679183.65000000
1779476400000,2026-05-22T19:00:00+00:00,76500.00000000,76554.70000000,75620.00000000,75830.40000000,942120.98000000
1779480000000,2026-05-22T20:00:00+00:00,75830.40000000,76055.00000000,75775.10000000,75948.60000000,291929.93000000
1779483600000,2026-05-22T21:00:00+00:00,75948.50000000,76050.10000000,75891.50000000,75935.90000000,126039.50000000
1779487200000,2026-05-22T22:00:00+00:00,75935.80000000,75950.80000000,75428.60000000,75693.40000000,383427.30000000
1779490800000,2026-05-22T23:00:00+00:00,75693.50000000,75848.00000000,75300.00000000,75508.70000000,315638.37000000
1779494400000,2026-05-23T00:00:00+00:00,75508.70000000,75600.00000000,75180.00000000,75327.70000000,516555.19000000
1779498000000,2026-05-23T01:00:00+00:00,75327.70000000,75476.80000000,75301.60000000,75461.10000000,208245.67000000
1779501600000,2026-05-23T02:00:00+00:00,75461.00000000,75552.70000000,75377.00000000,75538.60000000,174212.53000000
1779505200000,2026-05-23T03:00:00+00:00,75538.60000000,75644.20000000,75519.90000000,75605.00000000,99991.47000000
1779508800000,2026-05-23T04:00:00+00:00,75605.10000000,75612.60000000,75460.30000000,75504.60000000,145382.74000000
1779512400000,2026-05-23T05:00:00+00:00,75504.50000000,75527.40000000,75429.50000000,75449.80000000,127384.29000000
1779516000000,2026-05-23T06:00:00+00:00,75449.90000000,75466.80000000,75343.00000000,75366.90000000,92502.28000000
1779519600000,2026-05-23T07:00:00+00:00,75366.80000000,75405.60000000,74200.00000000,74576.30000000,1544959.58000000
1779523200000,2026-05-23T08:00:00+00:00,74576.30000000,74726.90000000,74301.10000000,74646.30000000,737455.91000000
1779526800000,2026-05-23T09:00:00+00:00,74646.30000000,74732.00000000,74574.10000000,74621.80000000,187527.66000000
1779530400000,2026-05-23T10:00:00+00:00,74621.90000000,74760.10000000,74621.90000000,74678.30000000,153261.75000000
1779534000000,2026-05-23T11:00:00+00:00,74678.30000000,74850.00000000,74672.10000000,74753.90000000,148171.75000000
1779537600000,2026-05-23T12:00:00+00:00,74753.90000000,74757.20000000,74621.70000000,74724.90000000,114499.07000000
1779541200000,2026-05-23T13:00:00+00:00,74724.80000000,75235.90000000,74714.00000000,75179.90000000,618239.99000000
1779544800000,2026-05-23T14:00:00+00:00,75180.00000000,75652.40000000,75064.60000000,75491.00000000,587294.31000000
1779548400000,2026-05-23T15:00:00+00:00,75491.00000000,75640.00000000,75341.10000000,75482.70000000,444800.99000000
1779552000000,2026-05-23T16:00:00+00:00,75482.70000000,75607.20000000,75358.30000000,75401.10000000,233160.44000000
1779555600000,2026-05-23T17:00:00+00:00,75401.20000000,75488.60000000,75326.30000000,75452.70000000,147827.83000000
1779559200000,2026-05-23T18:00:00+00:00,75452.80000000,75999.40000000,75425.30000000,75816.00000000,425950.19000000
1779562800000,2026-05-23T19:00:00+00:00,75815.90000000,75980.60000000,75745.40000000,75949.80000000,154617.93000000
1779566400000,2026-05-23T20:00:00+00:00,75949.80000000,77288.00000000,75909.10000000,77257.20000000,1290535.99000000
1779570000000,2026-05-23T21:00:00+00:00,77257.10000000,77378.80000000,76513.10000000,76780.00000000,792448.45000000
1779573600000,2026-05-23T22:00:00+00:00,76780.00000000,76870.40000000,76360.70000000,76552.40000000,271627.14000000
1779577200000,2026-05-23T23:00:00+00:00,76552.50000000,76788.20000000,76500.00000000,76709.20000000,160866.74000000
1779580800000,2026-05-24T00:00:00+00:00,76709.20000000,76889.70000000,76588.70000000,76799.90000000,179110.43000000
1779584400000,2026-05-24T01:00:00+00:00,76799.90000000,76887.90000000,76706.70000000,76849.80000000,134409.82000000
1779588000000,2026-05-24T02:00:00+00:00,76849.70000000,76935.90000000,76666.70000000,76785.50000000,143727.81000000
1779591600000,2026-05-24T03:00:00+00:00,76785.40000000,76976.70000000,76683.40000000,76704.20000000,169896.57000000
1779595200000,2026-05-24T04:00:00+00:00,76704.20000000,76815.70000000,76683.50000000,76745.50000000,89248.07000000
1779598800000,2026-05-24T05:00:00+00:00,76745.40000000,76831.50000000,76608.00000000,76780.00000000,142839.65000000
1779602400000,2026-05-24T06:00:00+00:00,76780.00000000,77040.00000000,76680.00000000,76953.90000000,183948.22000000
1779606000000,2026-05-24T07:00:00+00:00,76953.90000000,76989.90000000,76739.00000000,76770.10000000,120601.75000000
1779609600000,2026-05-24T08:00:00+00:00,76770.10000000,76840.10000000,76700.00000000,76807.20000000,112287.94000000
1779613200000,2026-05-24T09:00:00+00:00,76807.20000000,77018.20000000,76783.40000000,76992.00000000,142850.72000000
1779616800000,2026-05-24T10:00:00+00:00,76992.00000000,77528.50000000,76879.20000000,77149.90000000,542778.43000000
1779620400000,2026-05-24T11:00:00+00:00,77149.90000000,77325.00000000,77140.20000000,77279.90000000,176279.09000000
1779624000000,2026-05-24T12:00:00+00:00,77280.00000000,77298.60000000,76992.40000000,77078.30000000,219154.65000000
1779627600000,2026-05-24T13:00:00+00:00,77078.30000000,77088.90000000,76644.50000000,76764.50000000,335445.19000000
1779631200000,2026-05-24T14:00:00+00:00,76764.50000000,76810.80000000,76150.00000000,76424.70000000,806822.59000000
1779634800000,2026-05-24T15:00:00+00:00,76424.70000000,76507.40000000,76325.00000000,76340.30000000,144561.09000000
1779638400000,2026-05-24T16:00:00+00:00,76340.40000000,76722.30000000,76340.30000000,76644.60000000,317761.54000000
1779642000000,2026-05-24T17:00:00+00:00,76644.70000000,76784.40000000,76513.60000000,76657.10000000,140179.85000000
1779645600000,2026-05-24T18:00:00+00:00,76657.00000000,76756.00000000,76555.80000000,76629.60000000,74405.98000000
1779649200000,2026-05-24T19:00:00+00:00,76629.70000000,76756.30000000,76575.40000000,76738.00000000,72156.85000000
1779652800000,2026-05-24T20:00:00+00:00,76737.90000000,76764.10000000,76566.60000000,76629.20000000,76047.75000000
1779656400000,2026-05-24T21:00:00+00:00,76629.20000000,76716.30000000,76050.20000000,76111.50000000,387687.75000000
1779660000000,2026-05-24T22:00:00+00:00,76111.50000000,76986.20000000,76090.00000000,76759.60000000,455003.12000000
1779663600000,2026-05-24T23:00:00+00:00,76759.60000000,77198.00000000,76750.00000000,77029.90000000,299632.03000000
1779667200000,2026-05-25T00:00:00+00:00,77030.00000000,77280.20000000,77029.90000000,77124.90000000,212785.70000000
1779670800000,2026-05-25T01:00:00+00:00,77124.90000000,77223.90000000,76845.70000000,76898.60000000,298044.67000000
1779674400000,2026-05-25T02:00:00+00:00,76898.60000000,77450.00000000,76898.50000000,77070.50000000,370666.72000000
1779678000000,2026-05-25T03:00:00+00:00,77070.40000000,77129.00000000,76946.20000000,76986.30000000,114153.37000000
1779681600000,2026-05-25T04:00:00+00:00,76986.30000000,77419.90000000,76945.40000000,77354.60000000,217164.61000000
1779685200000,2026-05-25T05:00:00+00:00,77354.60000000,77470.10000000,77280.70000000,77374.20000000,238227.93000000
1779688800000,2026-05-25T06:00:00+00:00,77374.20000000,77654.90000000,77175.00000000,77385.10000000,403970.79000000
1779692400000,2026-05-25T07:00:00+00:00,77385.20000000,77485.80000000,77138.30000000,77374.90000000,210379.95000000
1779696000000,2026-05-25T08:00:00+00:00,77375.00000000,77436.00000000,77224.80000000,77427.40000000,139704.36000000
1779699600000,2026-05-25T09:00:00+00:00,77427.40000000,77733.00000000,77382.80000000,77560.10000000,298058.15000000
1779703200000,2026-05-25T10:00:00+00:00,77560.10000000,77650.00000000,77450.00000000,77506.30000000,138958.10000000
1779706800000,2026-05-25T11:00:00+00:00,77506.30000000,77506.40000000,77286.50000000,77319.10000000,237163.85000000
1779710400000,2026-05-25T12:00:00+00:00,77319.20000000,77407.90000000,77238.30000000,77320.10000000,190364.17000000
1779714000000,2026-05-25T13:00:00+00:00,77320.10000000,77421.00000000,77242.50000000,77301.90000000,134101.84000000
1779717600000,2026-05-25T14:00:00+00:00,77302.00000000,77750.40000000,77275.00000000,77679.80000000,388305.76000000
1779721200000,2026-05-25T15:00:00+00:00,77679.80000000,77876.50000000,77518.10000000,77591.70000000,403148.18000000
1779724800000,2026-05-25T16:00:00+00:00,77591.60000000,77784.50000000,77457.40000000,77699.80000000,200007.79000000
1779728400000,2026-05-25T17:00:00+00:00,77699.90000000,77777.00000000,77513.00000000,77523.60000000,162934.85000000
1779732000000,2026-05-25T18:00:00+00:00,77523.50000000,77627.20000000,77503.00000000,77509.90000000,58277.73000000
1779735600000,2026-05-25T19:00:00+00:00,77509.90000000,77516.70000000,77309.20000000,77404.20000000,153560.08000000
1779739200000,2026-05-25T20:00:00+00:00,77404.00000000,77475.00000000,77163.60000000,77248.00000000,142573.60000000
1779742800000,2026-05-25T21:00:00+00:00,77248.00000000,77365.30000000,77241.40000000,77341.70000000,74130.57000000
1779746400000,2026-05-25T22:00:00+00:00,77342.80000000,77419.10000000,77006.00000000,77081.00000000,254570.14000000
1779750000000,2026-05-25T23:00:00+00:00,77080.90000000,77336.60000000,77030.60000000,77283.30000000,96553.33000000
1779753600000,2026-05-26T00:00:00+00:00,77283.40000000,77315.00000000,76529.10000000,76750.10000000,501349.09000000
1779757200000,2026-05-26T01:00:00+00:00,76750.00000000,76854.20000000,76554.50000000,76717.90000000,312465.47000000
1779760800000,2026-05-26T02:00:00+00:00,76717.90000000,76788.00000000,76455.10000000,76627.60000000,308313.97000000
1779764400000,2026-05-26T03:00:00+00:00,76627.60000000,76680.00000000,76430.00000000,76626.10000000,170510.10000000
1779768000000,2026-05-26T04:00:00+00:00,76626.10000000,76787.30000000,76566.00000000,76708.10000000,160561.43000000
1779771600000,2026-05-26T05:00:00+00:00,76708.10000000,76946.90000000,76664.80000000,76881.50000000,222096.77000000
1779775200000,2026-05-26T06:00:00+00:00,76881.40000000,77035.00000000,76730.60000000,76864.90000000,207028.78000000
1779778800000,2026-05-26T07:00:00+00:00,76865.00000000,76884.30000000,76560.00000000,76684.00000000,252151.83000000
1779782400000,2026-05-26T08:00:00+00:00,76684.00000000,76820.00000000,76650.50000000,76693.50000000,111382.84000000
1779786000000,2026-05-26T09:00:00+00:00,76693.50000000,76775.40000000,76605.50000000,76636.60000000,143863.54000000
1779789600000,2026-05-26T10:00:00+00:00,76636.60000000,77594.10000000,76533.60000000,77397.80000000,706716.65000000
1779793200000,2026-05-26T11:00:00+00:00,77397.70000000,77479.90000000,77140.00000000,77155.30000000,322718.93000000
1779796800000,2026-05-26T12:00:00+00:00,77155.30000000,77200.00000000,76850.20000000,77105.80000000,426545.42000000
1779800400000,2026-05-26T13:00:00+00:00,77105.90000000,77436.20000000,76655.00000000,77192.50000000,637070.08000000
1779804000000,2026-05-26T14:00:00+00:00,77192.50000000,78066.70000000,76688.00000000,76873.40000000,1932869.27000000
1779807600000,2026-05-26T15:00:00+00:00,76873.50000000,76990.00000000,76230.00000000,76474.50000000,1014642.05000000
1779811200000,2026-05-26T16:00:00+00:00,76474.50000000,76689.60000000,76155.50000000,76531.70000000,629022.11000000
1779814800000,2026-05-26T17:00:00+00:00,76531.70000000,76617.10000000,75806.20000000,75900.00000000,762313.16000000
1779818400000,2026-05-26T18:00:00+00:00,75900.10000000,76246.40000000,75730.80000000,75813.80000000,388488.22000000
1779822000000,2026-05-26T19:00:00+00:00,75813.80000000,76071.50000000,75770.00000000,76022.40000000,169850.20000000
1779825600000,2026-05-26T20:00:00+00:00,76022.40000000,76144.90000000,75939.70000000,76075.40000000,145591.53000000
1779829200000,2026-05-26T21:00:00+00:00,76075.30000000,76088.10000000,75810.00000000,75858.90000000,116323.88000000
1779832800000,2026-05-26T22:00:00+00:00,75858.90000000,75964.80000000,75626.00000000,75717.90000000,250750.76000000
1779836400000,2026-05-26T23:00:00+00:00,75717.90000000,75962.40000000,75717.90000000,75898.20000000,142320.75000000
1779840000000,2026-05-27T00:00:00+00:00,75898.20000000,76066.70000000,75850.00000000,76044.90000000,153344.48000000
1779843600000,2026-05-27T01:00:00+00:00,76044.90000000,76080.00000000,75779.10000000,75839.60000000,187841.30000000
1779847200000,2026-05-27T02:00:00+00:00,75839.60000000,75860.70000000,75649.90000000,75843.90000000,177415.04000000
1779850800000,2026-05-27T03:00:00+00:00,75844.00000000,75939.20000000,75561.30000000,75630.40000000,257575.95000000
1779854400000,2026-05-27T04:00:00+00:00,75630.40000000,75670.80000000,75267.60000000,75540.00000000,508461.35000000
1779858000000,2026-05-27T05:00:00+00:00,75540.00000000,75699.00000000,75540.00000000,75660.90000000,223764.34000000
1779861600000,2026-05-27T06:00:00+00:00,75660.90000000,75870.50000000,75645.60000000,75793.60000000,202656.35000000
1779865200000,2026-05-27T07:00:00+00:00,75793.50000000,75932.50000000,75714.90000000,75921.30000000,219473.49000000
1779868800000,2026-05-27T08:00:00+00:00,75921.30000000,76024.00000000,75794.20000000,75835.40000000,278192.51000000
1779872400000,2026-05-27T09:00:00+00:00,75835.30000000,75941.70000000,75673.70000000,75876.80000000,235334.43000000
1779876000000,2026-05-27T10:00:00+00:00,75876.70000000,76009.60000000,75840.00000000,75862.70000000,157732.16000000
1779879600000,2026-05-27T11:00:00+00:00,75862.60000000,75997.20000000,75718.60000000,75741.30000000,198522.96000000
1779883200000,2026-05-27T12:00:00+00:00,75741.30000000,76157.10000000,75537.10000000,75656.00000000,464276.40000000
1779886800000,2026-05-27T13:00:00+00:00,75656.00000000,75740.20000000,74835.00000000,75053.10000000,1223438.62000000
1779890400000,2026-05-27T14:00:00+00:00,75053.00000000,75247.60000000,74710.00000000,75010.20000000,704575.79000000
1779894000000,2026-05-27T15:00:00+00:00,75010.20000000,75474.00000000,74944.00000000,75297.00000000,467774.76000000
1779897600000,2026-05-27T16:00:00+00:00,75297.00000000,75375.00000000,74956.70000000,75270.00000000,275588.88000000
1779901200000,2026-05-27T17:00:00+00:00,75270.00000000,75319.20000000,74633.20000000,74837.50000000,389358.23000000
1779904800000,2026-05-27T18:00:00+00:00,74837.40000000,75010.20000000,74621.10000000,74998.90000000,265111.57000000
1779908400000,2026-05-27T19:00:00+00:00,74998.80000000,75073.60000000,74920.70000000,75040.70000000,170407.98000000
1779912000000,2026-05-27T20:00:00+00:00,75040.70000000,75385.20000000,75029.10000000,75237.30000000,245642.38000000
1779915600000,2026-05-27T21:00:00+00:00,75237.30000000,75237.40000000,74310.00000000,74439.70000000,522204.36000000
1779919200000,2026-05-27T22:00:00+00:00,74439.70000000,74740.70000000,74222.00000000,74389.40000000,400484.42000000
1779922800000,2026-05-27T23:00:00+00:00,74389.40000000,74539.60000000,74210.00000000,74414.10000000,287099.57000000
1779926400000,2026-05-28T00:00:00+00:00,74414.00000000,74555.00000000,74329.10000000,74536.10000000,215503.96000000
1779930000000,2026-05-28T01:00:00+00:00,74536.10000000,74559.90000000,74116.60000000,74306.60000000,366660.58000000
1779933600000,2026-05-28T02:00:00+00:00,74306.60000000,74367.60000000,74061.10000000,74248.60000000,242866.94000000
1779937200000,2026-05-28T03:00:00+00:00,74248.50000000,74350.00000000,73031.30000000,73228.10000000,1916371.55000000
1779940800000,2026-05-28T04:00:00+00:00,73228.00000000,73232.40000000,72678.10000000,73155.00000000,1053255.34000000
1779944400000,2026-05-28T05:00:00+00:00,73154.90000000,73162.50000000,72872.50000000,72960.20000000,350815.64000000
1779948000000,2026-05-28T06:00:00+00:00,72960.20000000,73187.80000000,72713.60000000,73174.40000000,403914.46000000
1779951600000,2026-05-28T07:00:00+00:00,73174.40000000,73468.00000000,73119.70000000,73457.40000000,352618.38000000
1779955200000,2026-05-28T08:00:00+00:00,73457.40000000,73467.90000000,73172.60000000,73283.80000000,202734.94000000
1779958800000,2026-05-28T09:00:00+00:00,73283.70000000,73539.10000000,73225.90000000,73500.50000000,191095.11000000
1779962400000,2026-05-28T10:00:00+00:00,73500.60000000,73592.70000000,73306.60000000,73354.60000000,234665.76000000
1779966000000,2026-05-28T11:00:00+00:00,73354.60000000,73504.70000000,73274.60000000,73474.10000000,171955.60000000
1779969600000,2026-05-28T12:00:00+00:00,73474.00000000,73550.00000000,73220.00000000,73494.50000000,224797.61000000
1779973200000,2026-05-28T13:00:00+00:00,73494.40000000,73545.00000000,72742.10000000,72994.00000000,739289.48000000
1779976800000,2026-05-28T14:00:00+00:00,72994.00000000,73545.00000000,72554.00000000,73000.80000000,1352395.44000000
1779980400000,2026-05-28T15:00:00+00:00,73000.90000000,73166.70000000,72672.90000000,72898.20000000,469027.49000000
1779984000000,2026-05-28T16:00:00+00:00,72898.30000000,73420.00000000,72714.70000000,73418.70000000,463777.71000000
1779987600000,2026-05-28T17:00:00+00:00,73418.70000000,73726.20000000,73278.40000000,73513.50000000,474960.88000000
1779991200000,2026-05-28T18:00:00+00:00,73513.50000000,73719.90000000,73480.10000000,73627.40000000,212011.20000000
1779994800000,2026-05-28T19:00:00+00:00,73627.50000000,73627.50000000,73321.00000000,73388.70000000,214114.33000000
1779998400000,2026-05-28T20:00:00+00:00,73388.70000000,73686.00000000,73207.70000000,73547.30000000,331136.90000000
1780002000000,2026-05-28T21:00:00+00:00,73547.30000000,73923.90000000,73522.70000000,73790.40000000,219695.36000000
1780005600000,2026-05-28T22:00:00+00:00,73790.40000000,73920.00000000,73420.00000000,73434.00000000,152150.42000000
1780009200000,2026-05-28T23:00:00+00:00,73434.00000000,73698.80000000,73433.90000000,73586.00000000,118885.60000000
1780012800000,2026-05-29T00:00:00+00:00,73586.10000000,73832.50000000,73586.00000000,73694.90000000,187560.31000000
1780016400000,2026-05-29T01:00:00+00:00,73694.90000000,73837.00000000,73435.00000000,73560.20000000,211047.21000000
1780020000000,2026-05-29T02:00:00+00:00,73560.10000000,73628.70000000,73160.20000000,73202.60000000,266541.29000000
1780023600000,2026-05-29T03:00:00+00:00,73202.60000000,73431.90000000,73202.50000000,73275.10000000,125998.29000000
1780027200000,2026-05-29T04:00:00+00:00,73275.10000000,73497.00000000,73181.00000000,73471.90000000,148987.17000000
1780030800000,2026-05-29T05:00:00+00:00,73471.80000000,73690.00000000,73463.80000000,73664.10000000,198049.69000000
1780034400000,2026-05-29T06:00:00+00:00,73664.00000000,73899.00000000,73600.00000000,73744.60000000,267349.17000000
1780038000000,2026-05-29T07:00:00+00:00,73744.50000000,73786.50000000,73335.00000000,73480.10000000,409730.71000000
1780041600000,2026-05-29T08:00:00+00:00,73480.10000000,73793.20000000,73480.10000000,73611.20000000,301232.50000000
1780045200000,2026-05-29T09:00:00+00:00,73611.20000000,73877.50000000,73603.70000000,73698.20000000,264149.17000000
1780048800000,2026-05-29T10:00:00+00:00,73698.20000000,73698.50000000,73542.50000000,73597.00000000,162682.76000000
1780052400000,2026-05-29T11:00:00+00:00,73597.00000000,73665.70000000,73303.70000000,73440.00000000,160235.10000000
1780056000000,2026-05-29T12:00:00+00:00,73440.00000000,73440.30000000,73170.00000000,73264.80000000,256292.27000000
1780059600000,2026-05-29T13:00:00+00:00,73264.80000000,73319.00000000,72870.20000000,73114.20000000,588648.01000000
1780063200000,2026-05-29T14:00:00+00:00,73114.20000000,73177.60000000,72436.90000000,73059.20000000,1215571.86000000
1780066800000,2026-05-29T15:00:00+00:00,73059.20000000,74159.00000000,72966.40000000,73764.60000000,1581997.55000000
1780070400000,2026-05-29T16:00:00+00:00,73764.70000000,74077.00000000,73520.10000000,74006.50000000,660886.30000000
1780074000000,2026-05-29T17:00:00+00:00,74006.60000000,74299.00000000,73874.00000000,73939.10000000,613548.91000000
1780077600000,2026-05-29T18:00:00+00:00,73939.20000000,74025.00000000,73132.80000000,73339.80000000,600759.43000000
1780081200000,2026-05-29T19:00:00+00:00,73339.70000000,73697.20000000,73200.00000000,73487.20000000,353452.78000000
1780084800000,2026-05-29T20:00:00+00:00,73487.10000000,73724.80000000,73480.00000000,73636.00000000,150321.45000000
1780088400000,2026-05-29T21:00:00+00:00,73635.90000000,73822.80000000,73375.40000000,73385.20000000,155494.89000000
1780092000000,2026-05-29T22:00:00+00:00,73385.30000000,73539.10000000,73341.70000000,73450.00000000,113889.33000000
1780095600000,2026-05-29T23:00:00+00:00,73450.00000000,73478.60000000,73280.60000000,73431.40000000,121455.22000000
1780099200000,2026-05-30T00:00:00+00:00,73431.40000000,73550.00000000,73377.20000000,73468.60000000,116003.70000000
1780102800000,2026-05-30T01:00:00+00:00,73468.50000000,73632.20000000,73432.10000000,73620.00000000,109079.25000000
1780106400000,2026-05-30T02:00:00+00:00,73620.00000000,73749.90000000,73570.40000000,73749.80000000,92084.96000000
1780110000000,2026-05-30T03:00:00+00:00,73749.90000000,73758.50000000,73479.10000000,73492.00000000,133848.08000000
1780113600000,2026-05-30T04:00:00+00:00,73492.00000000,73544.00000000,73155.10000000,73361.20000000,296094.05000000
1780117200000,2026-05-30T05:00:00+00:00,73361.20000000,73599.90000000,73306.50000000,73561.90000000,194084.73000000
1780120800000,2026-05-30T06:00:00+00:00,73561.90000000,73680.00000000,73481.40000000,73536.00000000,134545.49000000
1780124400000,2026-05-30T07:00:00+00:00,73536.00000000,73546.50000000,73441.30000000,73519.70000000,91138.34000000
1780128000000,2026-05-30T08:00:00+00:00,73519.70000000,73524.40000000,73463.60000000,73483.70000000,64375.80000000
1780131600000,2026-05-30T09:00:00+00:00,73483.70000000,73575.00000000,73465.00000000,73568.80000000,56278.66000000
1780135200000,2026-05-30T10:00:00+00:00,73568.80000000,73649.90000000,73553.20000000,73610.00000000,81285.96000000
1780138800000,2026-05-30T11:00:00+00:00,73609.90000000,73615.00000000,73518.50000000,73564.00000000,63515.99000000
1780142400000,2026-05-30T12:00:00+00:00,73564.10000000,73688.00000000,73551.90000000,73657.60000000,88850.09000000
1780146000000,2026-05-30T13:00:00+00:00,73657.50000000,73797.80000000,73629.70000000,73788.30000000,185555.45000000
1780149600000,2026-05-30T14:00:00+00:00,73788.30000000,74069.30000000,73773.80000000,73887.90000000,338734.34000000
1780153200000,2026-05-30T15:00:00+00:00,73887.90000000,74008.00000000,73789.30000000,73889.60000000,201795.17000000
1780156800000,2026-05-30T16:00:00+00:00,73889.70000000,73950.00000000,73846.50000000,73901.40000000,71794.63000000
1780160400000,2026-05-30T17:00:00+00:00,73901.50000000,73991.60000000,73768.30000000,73984.30000000,114551.58000000
1780164000000,2026-05-30T18:00:00+00:00,73984.30000000,74119.80000000,73909.70000000,74000.10000000,138270.42000000
1780167600000,2026-05-30T19:00:00+00:00,74000.10000000,74031.70000000,73931.40000000,73976.10000000,79886.10000000
1780171200000,2026-05-30T20:00:00+00:00,73976.20000000,73979.70000000,73884.00000000,73941.30000000,51151.29000000
1780174800000,2026-05-30T21:00:00+00:00,73941.30000000,74019.10000000,73888.60000000,73944.10000000,49331.73000000
1780178400000,2026-05-30T22:00:00+00:00,73944.10000000,73944.20000000,73750.00000000,73836.80000000,76821.02000000
1780182000000,2026-05-30T23:00:00+00:00,73836.90000000,73959.90000000,73742.70000000,73850.00000000,90734.99000000
1780185600000,2026-05-31T00:00:00+00:00,73850.10000000,73997.90000000,73814.10000000,73992.20000000,94167.51000000
1780189200000,2026-05-31T01:00:00+00:00,73992.20000000,74244.70000000,73980.70000000,74011.40000000,231072.13000000
1780192800000,2026-05-31T02:00:00+00:00,74011.40000000,74200.00000000,73850.00000000,74052.30000000,166559.35000000
1780196400000,2026-05-31T03:00:00+00:00,74052.40000000,74192.20000000,74029.80000000,74110.10000000,97113.48000000
1780200000000,2026-05-31T04:00:00+00:00,74110.10000000,74180.00000000,74062.70000000,74140.00000000,63117.76000000
1780203600000,2026-05-31T05:00:00+00:00,74140.00000000,74167.40000000,74011.00000000,74021.00000000,63930.53000000
1780207200000,2026-05-31T06:00:00+00:00,74021.00000000,74074.30000000,73948.00000000,74021.60000000,72654.07000000
1780210800000,2026-05-31T07:00:00+00:00,74021.50000000,74021.50000000,73796.00000000,73830.00000000,150514.83000000
1780214400000,2026-05-31T08:00:00+00:00,73829.90000000,73943.10000000,73808.10000000,73900.30000000,107081.14000000
1780218000000,2026-05-31T09:00:00+00:00,73900.30000000,73986.80000000,73766.00000000,73806.30000000,110649.40000000
1780221600000,2026-05-31T10:00:00+00:00,73806.40000000,73864.70000000,73668.00000000,73859.50000000,139071.40000000
1780225200000,2026-05-31T11:00:00+00:00,73859.40000000,73943.00000000,73851.50000000,73910.60000000,75499.53000000
1780228800000,2026-05-31T12:00:00+00:00,73910.70000000,73975.20000000,73834.80000000,73886.10000000,98575.38000000
1780232400000,2026-05-31T13:00:00+00:00,73886.20000000,73999.00000000,73773.50000000,73835.40000000,72787.94000000
1780236000000,2026-05-31T14:00:00+00:00,73835.30000000,73835.40000000,73467.10000000,73571.70000000,498917.83000000
1780239600000,2026-05-31T15:00:00+00:00,73571.70000000,73752.80000000,73549.30000000,73622.60000000,164612.51000000
1780243200000,2026-05-31T16:00:00+00:00,73622.60000000,73694.00000000,73353.00000000,73494.40000000,252927.75000000
1780246800000,2026-05-31T17:00:00+00:00,73494.40000000,73704.10000000,73420.50000000,73680.00000000,118658.73000000
1780250400000,2026-05-31T18:00:00+00:00,73680.00000000,73700.00000000,73544.90000000,73577.50000000,92649.77000000
1780254000000,2026-05-31T19:00:00+00:00,73577.50000000,73626.30000000,73418.90000000,73527.50000000,80431.67000000
1780257600000,2026-05-31T20:00:00+00:00,73527.60000000,73740.50000000,73527.60000000,73712.90000000,102645.69000000
1780261200000,2026-05-31T21:00:00+00:00,73712.90000000,73919.10000000,73591.40000000,73855.00000000,155859.59000000
1780264800000,2026-05-31T22:00:00+00:00,73855.00000000,73971.50000000,73644.30000000,73909.70000000,146295.62000000
1780268400000,2026-05-31T23:00:00+00:00,73909.80000000,74168.00000000,73456.10000000,73649.10000000,290567.44000000
1780272000000,2026-06-01T00:00:00+00:00,73649.20000000,74061.00000000,73616.50000000,73850.90000000,209505.73000000
1780275600000,2026-06-01T01:00:00+00:00,73851.00000000,73879.50000000,73235.00000000,73255.30000000,320000.17000000
1780279200000,2026-06-01T02:00:00+00:00,73255.20000000,73848.00000000,73166.90000000,73751.70000000,364457.38000000
1780282800000,2026-06-01T03:00:00+00:00,73751.80000000,73986.10000000,73678.00000000,73722.20000000,298122.15000000
1780286400000,2026-06-01T04:00:00+00:00,73722.30000000,73800.00000000,73304.50000000,73485.60000000,302969.05000000
1780290000000,2026-06-01T05:00:00+00:00,73485.60000000,73496.80000000,73285.00000000,73318.90000000,141797.76000000
1780293600000,2026-06-01T06:00:00+00:00,73318.90000000,73340.10000000,72924.70000000,73108.90000000,431339.26000000
1780297200000,2026-06-01T07:00:00+00:00,73109.00000000,73168.00000000,72665.00000000,72777.00000000,395533.09000000
1780300800000,2026-06-01T08:00:00+00:00,72777.00000000,72896.00000000,72588.00000000,72881.80000000,350682.19000000
1780304400000,2026-06-01T09:00:00+00:00,72881.80000000,73078.60000000,72779.10000000,72862.70000000,302812.90000000
1780308000000,2026-06-01T10:00:00+00:00,72862.70000000,72880.00000000,72555.00000000,72730.30000000,343621.11000000
1780311600000,2026-06-01T11:00:00+00:00,72730.30000000,72748.90000000,72235.70000000,72453.90000000,590736.63000000
1780315200000,2026-06-01T12:00:00+00:00,72453.90000000,72576.60000000,71878.10000000,72186.70000000,1205264.07000000
1780318800000,2026-06-01T13:00:00+00:00,72186.70000000,72210.90000000,71343.20000000,71685.10000000,1743280.72000000
1780322400000,2026-06-01T14:00:00+00:00,71685.10000000,71862.90000000,71397.60000000,71551.10000000,851030.70000000
1780326000000,2026-06-01T15:00:00+00:00,71551.10000000,71655.00000000,71023.10000000,71108.00000000,1010791.91000000
1780329600000,2026-06-01T16:00:00+00:00,71107.90000000,71578.90000000,70668.00000000,71535.50000000,1340131.70000000
1780333200000,2026-06-01T17:00:00+00:00,71535.50000000,71779.70000000,71433.80000000,71609.50000000,582888.17000000
1780336800000,2026-06-01T18:00:00+00:00,71609.50000000,71666.00000000,71344.50000000,71464.70000000,259842.73000000
1780340400000,2026-06-01T19:00:00+00:00,71464.80000000,71649.90000000,71351.10000000,71574.50000000,196998.07000000
1780344000000,2026-06-01T20:00:00+00:00,71574.50000000,71679.20000000,71394.00000000,71424.80000000,128994.56000000
1780347600000,2026-06-01T21:00:00+00:00,71424.80000000,71424.90000000,70906.00000000,71012.20000000,309036.37000000
1780351200000,2026-06-01T22:00:00+00:00,71012.30000000,71443.50000000,70812.10000000,71383.00000000,329278.12000000
1780354800000,2026-06-01T23:00:00+00:00,71383.00000000,71572.70000000,71200.00000000,71389.70000000,262320.83000000
1780358400000,2026-06-02T00:00:00+00:00,71389.70000000,71391.80000000,71067.40000000,71265.40000000,180379.26000000
1780362000000,2026-06-02T01:00:00+00:00,71265.50000000,71353.00000000,70568.00000000,70630.20000000,428956.87000000
1780365600000,2026-06-02T02:00:00+00:00,70630.20000000,70858.00000000,70039.90000000,70829.00000000,1161169.08000000
1780369200000,2026-06-02T03:00:00+00:00,70828.90000000,71020.00000000,70779.30000000,70930.10000000,318468.85000000
1780372800000,2026-06-02T04:00:00+00:00,70930.10000000,71031.00000000,70681.60000000,70789.10000000,363874.76000000
1780376400000,2026-06-02T05:00:00+00:00,70789.00000000,70821.70000000,70241.00000000,70247.30000000,634742.79000000
1780380000000,2026-06-02T06:00:00+00:00,70247.20000000,70433.80000000,69891.50000000,70091.10000000,779242.04000000
1780383600000,2026-06-02T07:00:00+00:00,70091.10000000,70253.60000000,69690.20000000,70087.00000000,885239.62000000
1780387200000,2026-06-02T08:00:00+00:00,70086.90000000,70153.50000000,69671.10000000,69800.80000000,423885.46000000
1780390800000,2026-06-02T09:00:00+00:00,69800.90000000,69836.80000000,69288.00000000,69402.00000000,857412.98000000
1780394400000,2026-06-02T10:00:00+00:00,69402.00000000,69740.50000000,69330.40000000,69625.00000000,558265.50000000
1780398000000,2026-06-02T11:00:00+00:00,69625.00000000,69640.00000000,69370.00000000,69435.10000000,230149.79000000
1780401600000,2026-06-02T12:00:00+00:00,69435.20000000,69532.90000000,68950.00000000,68990.70000000,905808.76000000
1780405200000,2026-06-02T13:00:00+00:00,68990.60000000,69160.00000000,68748.90000000,68795.30000000,1039034.56000000
1780408800000,2026-06-02T14:00:00+00:00,68795.30000000,68820.60000000,67586.00000000,68007.30000000,2787189.72000000
1780412400000,2026-06-02T15:00:00+00:00,68007.30000000,68083.60000000,67055.00000000,67281.00000000,2064271.87000000
1780416000000,2026-06-02T16:00:00+00:00,67281.10000000,68132.30000000,67204.00000000,67392.30000000,1411984.19000000
1780419600000,2026-06-02T17:00:00+00:00,67392.30000000,67821.90000000,67352.50000000,67461.60000000,547912.22000000
1780423200000,2026-06-02T18:00:00+00:00,67461.60000000,67633.00000000,67088.00000000,67310.10000000,486050.36000000
1780426800000,2026-06-02T19:00:00+00:00,67310.10000000,67474.90000000,66351.20000000,67284.40000000,1529666.64000000
1780430400000,2026-06-02T20:00:00+00:00,67284.50000000,67650.00000000,66878.00000000,67548.00000000,645869.17000000
1780434000000,2026-06-02T21:00:00+00:00,67548.00000000,67907.00000000,67372.60000000,67533.50000000,394864.04000000
1780437600000,2026-06-02T22:00:00+00:00,67533.50000000,67533.60000000,66175.20000000,66365.10000000,970076.11000000
1780441200000,2026-06-02T23:00:00+00:00,66365.20000000,66840.00000000,66155.10000000,66722.60000000,879177.13000000
1780444800000,2026-06-03T00:00:00+00:00,66722.70000000,67182.90000000,66613.80000000,66904.60000000,591328.97000000
1780448400000,2026-06-03T01:00:00+00:00,66904.60000000,67027.80000000,66432.10000000,66881.90000000,500527.78000000
1780452000000,2026-06-03T02:00:00+00:00,66881.90000000,66919.20000000,66550.80000000,66589.90000000,253188.57000000
1780455600000,2026-06-03T03:00:00+00:00,66589.90000000,66639.30000000,65398.30000000,65823.70000000,1359219.77000000
1780459200000,2026-06-03T04:00:00+00:00,65823.60000000,66598.30000000,65790.50000000,66436.80000000,743015.72000000
1780462800000,2026-06-03T05:00:00+00:00,66436.80000000,67367.90000000,66436.80000000,67286.90000000,1090464.97000000
1780466400000,2026-06-03T06:00:00+00:00,67286.90000000,67477.50000000,66916.40000000,66945.00000000,636100.08000000
1780470000000,2026-06-03T07:00:00+00:00,66945.00000000,67300.00000000,66828.50000000,67187.50000000,393605.59000000
1780473600000,2026-06-03T08:00:00+00:00,67185.60000000,67222.00000000,66940.40000000,66993.50000000,293933.65000000
1780477200000,2026-06-03T09:00:00+00:00,66993.60000000,67302.30000000,66620.80000000,67043.40000000,669281.95000000
1780480800000,2026-06-03T10:00:00+00:00,67043.40000000,67450.00000000,67033.90000000,67260.00000000,425689.44000000
1780484400000,2026-06-03T11:00:00+00:00,67260.00000000,67342.90000000,67022.00000000,67039.80000000,216191.85000000
1780488000000,2026-06-03T12:00:00+00:00,67039.90000000,67140.10000000,66754.90000000,67053.00000000,469123.43000000
1780491600000,2026-06-03T13:00:00+00:00,67052.90000000,67224.50000000,66610.40000000,66886.20000000,732126.22000000
1780495200000,2026-06-03T14:00:00+00:00,66886.10000000,66978.20000000,66633.00000000,66840.10000000,460683.95000000
1780498800000,2026-06-03T15:00:00+00:00,66840.20000000,66880.20000000,66050.00000000,66057.60000000,1101919.00000000
1780502400000,2026-06-03T16:00:00+00:00,66057.60000000,66353.70000000,65528.50000000,66040.10000000,1423221.85000000
1780506000000,2026-06-03T17:00:00+00:00,66040.20000000,66174.80000000,65688.00000000,65943.30000000,483453.88000000
1780509600000,2026-06-03T18:00:00+00:00,65943.30000000,66143.50000000,65685.60000000,66011.40000000,405901.45000000
1780513200000,2026-06-03T19:00:00+00:00,66011.40000000,66032.50000000,65215.30000000,65436.60000000,650985.98000000
1780516800000,2026-06-03T20:00:00+00:00,65436.60000000,65587.60000000,64684.30000000,64970.40000000,1035853.46000000
1780520400000,2026-06-03T21:00:00+00:00,64970.40000000,65826.80000000,64923.00000000,65743.00000000,581449.86000000
1780524000000,2026-06-03T22:00:00+00:00,65743.00000000,65815.90000000,64745.10000000,64887.90000000,683579.04000000
1780527600000,2026-06-03T23:00:00+00:00,64887.80000000,64953.20000000,64056.00000000,64117.30000000,1048389.16000000
1780531200000,2026-06-04T00:00:00+00:00,64117.20000000,64400.00000000,62934.50000000,63316.00000000,2135604.36000000
1780534800000,2026-06-04T01:00:00+00:00,63316.10000000,63472.40000000,62071.50000000,62152.00000000,2110219.02000000
1780538400000,2026-06-04T02:00:00+00:00,62152.00000000,63598.00000000,61339.50000000,63191.80000000,3175680.71000000
1780542000000,2026-06-04T03:00:00+00:00,63191.70000000,64500.00000000,63184.40000000,64330.40000000,1563588.63000000
1780545600000,2026-06-04T04:00:00+00:00,64330.40000000,64737.30000000,64229.00000000,64359.00000000,758445.94000000
1780549200000,2026-06-04T05:00:00+00:00,64359.10000000,64359.10000000,63607.00000000,63927.60000000,1096977.61000000
1780552800000,2026-06-04T06:00:00+00:00,63927.60000000,64458.90000000,63860.00000000,64009.90000000,483065.37000000
1780556400000,2026-06-04T07:00:00+00:00,64010.00000000,64041.80000000,63438.50000000,63564.90000000,989017.58000000
1780560000000,2026-06-04T08:00:00+00:00,63564.80000000,63879.20000000,63212.70000000,63600.20000000,907989.68000000
1780563600000,2026-06-04T09:00:00+00:00,63600.20000000,63621.70000000,62688.00000000,63249.60000000,1138471.76000000
1780567200000,2026-06-04T10:00:00+00:00,63249.60000000,63269.00000000,62255.00000000,62389.00000000,1458229.67000000
1780570800000,2026-06-04T11:00:00+00:00,62389.00000000,62816.50000000,62157.00000000,62516.70000000,1018434.27000000
1780574400000,2026-06-04T12:00:00+00:00,62516.70000000,63936.00000000,62352.00000000,63729.30000000,1460220.63000000
1780578000000,2026-06-04T13:00:00+00:00,63729.30000000,64219.20000000,63024.80000000,64198.80000000,1748590.78000000
1780581600000,2026-06-04T14:00:00+00:00,64198.70000000,64455.00000000,63747.20000000,63924.00000000,954256.10000000
1780585200000,2026-06-04T15:00:00+00:00,63924.10000000,64378.00000000,63630.00000000,63863.90000000,823160.45000000
1780588800000,2026-06-04T16:00:00+00:00,63863.90000000,63899.50000000,63422.80000000,63539.40000000,567053.62000000
1780592400000,2026-06-04T17:00:00+00:00,63539.40000000,63691.80000000,62910.00000000,63506.50000000,832121.58000000
1780596000000,2026-06-04T18:00:00+00:00,63506.40000000,64089.50000000,63113.20000000,63785.40000000,786071.93000000
1780599600000,2026-06-04T19:00:00+00:00,63785.40000000,64137.80000000,63492.30000000,63600.70000000,533924.80000000
1780603200000,2026-06-04T20:00:00+00:00,63600.70000000,63630.20000000,63150.00000000,63602.90000000,359214.17000000
1780606800000,2026-06-04T21:00:00+00:00,63602.90000000,63859.30000000,63070.70000000,63253.10000000,371148.36000000
1780610400000,2026-06-04T22:00:00+00:00,63253.10000000,63744.00000000,63160.10000000,63702.10000000,360534.57000000
1780614000000,2026-06-04T23:00:00+00:00,63702.20000000,63887.00000000,63342.10000000,63847.80000000,315497.58000000
1780617600000,2026-06-05T00:00:00+00:00,63847.70000000,63958.10000000,63358.50000000,63389.70000000,351184.81000000
1780621200000,2026-06-05T01:00:00+00:00,63389.70000000,63540.60000000,63014.70000000,63339.90000000,473451.13000000
1780624800000,2026-06-05T02:00:00+00:00,63339.90000000,63415.60000000,62559.60000000,62589.40000000,755917.55000000
1780628400000,2026-06-05T03:00:00+00:00,62589.30000000,62869.10000000,62300.00000000,62706.40000000,745806.65000000
1780632000000,2026-06-05T04:00:00+00:00,62706.40000000,63636.60000000,62461.30000000,63590.00000000,891176.22000000
1780635600000,2026-06-05T05:00:00+00:00,63589.90000000,63664.80000000,62237.00000000,62298.00000000,1004487.94000000
1780639200000,2026-06-05T06:00:00+00:00,62298.00000000,62610.00000000,61075.10000000,61915.40000000,2784944.64000000
1780642800000,2026-06-05T07:00:00+00:00,61915.30000000,63078.70000000,61336.00000000,63067.40000000,1413674.65000000
1780646400000,2026-06-05T08:00:00+00:00,63067.30000000,63092.00000000,62246.90000000,62431.80000000,736131.78000000
1780650000000,2026-06-05T09:00:00+00:00,62431.80000000,63262.20000000,62410.00000000,62827.30000000,736994.71000000
1780653600000,2026-06-05T10:00:00+00:00,62827.30000000,62905.40000000,62347.00000000,62506.40000000,405784.49000000
1780657200000,2026-06-05T11:00:00+00:00,62506.10000000,62619.40000000,61922.60000000,61935.00000000,597341.44000000
1780660800000,2026-06-05T12:00:00+00:00,61935.00000000,62427.90000000,61584.70000000,61934.50000000,1030334.75000000
1780664400000,2026-06-05T13:00:00+00:00,61934.40000000,62299.00000000,60688.00000000,60688.10000000,1715692.31000000
1780668000000,2026-06-05T14:00:00+00:00,60688.00000000,61179.70000000,60264.40000000,60825.20000000,2714414.73000000
1780671600000,2026-06-05T15:00:00+00:00,60825.30000000,61086.80000000,60011.00000000,60394.30000000,1705056.26000000
1780675200000,2026-06-05T16:00:00+00:00,60394.40000000,61542.30000000,59727.10000000,61354.90000000,3009062.60000000
1780678800000,2026-06-05T17:00:00+00:00,61354.90000000,61482.20000000,60608.00000000,60782.70000000,622940.69000000
1780682400000,2026-06-05T18:00:00+00:00,60782.80000000,60925.00000000,59100.00000000,59362.40000000,1758215.55000000
1780686000000,2026-06-05T19:00:00+00:00,59362.50000000,60434.00000000,59078.40000000,60267.20000000,1205572.50000000
1780689600000,2026-06-05T20:00:00+00:00,60267.20000000,61756.30000000,59906.40000000,61584.10000000,1327398.66000000
1780693200000,2026-06-05T21:00:00+00:00,61584.00000000,61999.20000000,61411.00000000,61635.00000000,639034.63000000
1780696800000,2026-06-05T22:00:00+00:00,61635.00000000,61938.80000000,61177.50000000,61560.00000000,881115.24000000
1780700400000,2026-06-05T23:00:00+00:00,61560.00000000,61767.30000000,60466.80000000,61025.20000000,734494.83000000
1780704000000,2026-06-06T00:00:00+00:00,61025.10000000,61493.00000000,61012.10000000,61243.70000000,380868.39000000
1780707600000,2026-06-06T01:00:00+00:00,61243.80000000,61347.00000000,60918.00000000,61025.00000000,283885.48000000
1780711200000,2026-06-06T02:00:00+00:00,61025.10000000,61156.80000000,60627.20000000,60921.10000000,357016.80000000
1780714800000,2026-06-06T03:00:00+00:00,60921.10000000,60937.50000000,60480.60000000,60654.10000000,392839.84000000
1780718400000,2026-06-06T04:00:00+00:00,60654.20000000,60832.00000000,59447.50000000,60070.80000000,1300629.26000000
1780722000000,2026-06-06T05:00:00+00:00,60070.90000000,61066.70000000,59575.80000000,60918.80000000,1269145.60000000
1780725600000,2026-06-06T06:00:00+00:00,60918.70000000,61265.50000000,60644.50000000,60757.80000000,613749.96000000
1780729200000,2026-06-06T07:00:00+00:00,60757.70000000,61206.20000000,60700.10000000,60971.60000000,389860.86000000
1780732800000,2026-06-06T08:00:00+00:00,60971.50000000,61476.80000000,60841.70000000,61230.00000000,486656.09000000
1780736400000,2026-06-06T09:00:00+00:00,61229.90000000,61296.50000000,60833.30000000,60944.50000000,312485.87000000
1780740000000,2026-06-06T10:00:00+00:00,60944.60000000,60953.10000000,60152.60000000,60558.00000000,787875.71000000
1780743600000,2026-06-06T11:00:00+00:00,60558.00000000,60947.60000000,60506.90000000,60774.90000000,376938.54000000
1780747200000,2026-06-06T12:00:00+00:00,60774.90000000,61178.70000000,60601.00000000,61005.10000000,497060.58000000
1780750800000,2026-06-06T13:00:00+00:00,61005.40000000,61075.00000000,60675.00000000,60779.10000000,225368.15000000
1780754400000,2026-06-06T14:00:00+00:00,60779.10000000,60988.60000000,60738.00000000,60765.10000000,163978.70000000
1780758000000,2026-06-06T15:00:00+00:00,60765.10000000,60911.40000000,60356.50000000,60750.00000000,471683.37000000
1780761600000,2026-06-06T16:00:00+00:00,60750.10000000,60944.10000000,60430.50000000,60750.00000000,336192.24000000
1780765200000,2026-06-06T17:00:00+00:00,60750.00000000,60817.50000000,60466.70000000,60547.00000000,207813.22000000
1780768800000,2026-06-06T18:00:00+00:00,60547.00000000,60720.00000000,60373.60000000,60603.70000000,181693.09000000
1780772400000,2026-06-06T19:00:00+00:00,60603.70000000,60756.70000000,60500.90000000,60565.20000000,122431.14000000
1780776000000,2026-06-06T20:00:00+00:00,60565.20000000,60725.00000000,60485.10000000,60681.60000000,128381.67000000
1780779600000,2026-06-06T21:00:00+00:00,60681.50000000,60974.50000000,60673.00000000,60720.30000000,165550.60000000
1780783200000,2026-06-06T22:00:00+00:00,60720.30000000,60790.30000000,60393.60000000,60513.80000000,225291.79000000
1780786800000,2026-06-06T23:00:00+00:00,60513.80000000,60913.30000000,60512.40000000,60849.20000000,157847.25000000
1780790400000,2026-06-07T00:00:00+00:00,60849.30000000,60966.00000000,60707.60000000,60746.00000000,138580.73000000
1780794000000,2026-06-07T01:00:00+00:00,60745.90000000,61632.80000000,60723.30000000,61437.40000000,793225.44000000
1780797600000,2026-06-07T02:00:00+00:00,61437.40000000,61533.00000000,61135.60000000,61461.90000000,342220.48000000
1780801200000,2026-06-07T03:00:00+00:00,61462.00000000,61741.70000000,61373.20000000,61661.20000000,383847.33000000
1780804800000,2026-06-07T04:00:00+00:00,61661.20000000,61865.90000000,61440.00000000,61847.80000000,326410.78000000
1780808400000,2026-06-07T05:00:00+00:00,61847.90000000,62189.30000000,61607.30000000,61711.70000000,616529.75000000
1780812000000,2026-06-07T06:00:00+00:00,61711.80000000,62245.50000000,61573.90000000,62072.30000000,578963.01000000
1780815600000,2026-06-07T07:00:00+00:00,62072.20000000,62387.90000000,61950.00000000,62372.10000000,503415.79000000
1780819200000,2026-06-07T08:00:00+00:00,62372.00000000,62937.00000000,62219.80000000,62817.00000000,1236288.18000000
1780822800000,2026-06-07T09:00:00+00:00,62817.00000000,62873.10000000,62350.00000000,62503.00000000,503504.35000000
1780826400000,2026-06-07T10:00:00+00:00,62502.90000000,62550.00000000,62250.20000000,62342.20000000,337156.66000000
1780830000000,2026-06-07T11:00:00+00:00,62342.20000000,62724.60000000,62331.30000000,62598.60000000,371330.81000000
1780833600000,2026-06-07T12:00:00+00:00,62598.50000000,62618.70000000,61520.10000000,61867.10000000,1251106.38000000
1780837200000,2026-06-07T13:00:00+00:00,61867.00000000,61884.20000000,61633.00000000,61678.00000000,391433.02000000
1780840800000,2026-06-07T14:00:00+00:00,61678.00000000,62322.30000000,61672.40000000,61876.10000000,664288.45000000
1780844400000,2026-06-07T15:00:00+00:00,61876.00000000,62181.50000000,61640.10000000,62065.00000000,433441.96000000
1780848000000,2026-06-07T16:00:00+00:00,62065.00000000,62299.00000000,61938.30000000,62049.90000000,332605.79000000
1780851600000,2026-06-07T17:00:00+00:00,62049.90000000,62291.00000000,62011.10000000,62121.00000000,238646.77000000
1780855200000,2026-06-07T18:00:00+00:00,62121.00000000,62269.90000000,61984.00000000,61999.10000000,150378.16000000
1780858800000,2026-06-07T19:00:00+00:00,61999.10000000,62006.50000000,61147.00000000,61300.00000000,949536.63000000
1780862400000,2026-06-07T20:00:00+00:00,61299.90000000,61942.00000000,61192.00000000,61844.00000000,482041.53000000
1780866000000,2026-06-07T21:00:00+00:00,61844.10000000,61984.00000000,61626.00000000,61750.00000000,223860.73000000
1780869600000,2026-06-07T22:00:00+00:00,61750.00000000,64407.50000000,61696.00000000,62832.70000000,2703714.92000000
1780873200000,2026-06-07T23:00:00+00:00,62832.60000000,63445.10000000,62768.10000000,63308.00000000,513078.02000000
1780876800000,2026-06-08T00:00:00+00:00,63308.00000000,63838.00000000,63120.70000000,63604.10000000,612637.92000000
1780880400000,2026-06-08T01:00:00+00:00,63604.10000000,63622.00000000,62681.60000000,63187.60000000,741704.01000000
1780884000000,2026-06-08T02:00:00+00:00,63187.60000000,63235.00000000,62862.50000000,63092.90000000,314891.58000000
1780887600000,2026-06-08T03:00:00+00:00,63092.90000000,63435.40000000,62947.00000000,63099.90000000,333349.37000000
1780891200000,2026-06-08T04:00:00+00:00,63099.90000000,63145.00000000,62623.00000000,62654.20000000,371136.17000000
1780894800000,2026-06-08T05:00:00+00:00,62654.20000000,62799.30000000,62376.10000000,62741.60000000,585822.09000000
1780898400000,2026-06-08T06:00:00+00:00,62741.70000000,63125.00000000,62705.40000000,62964.30000000,426815.77000000
1780902000000,2026-06-08T07:00:00+00:00,62964.30000000,63324.90000000,62778.70000000,63254.50000000,403816.38000000
1780905600000,2026-06-08T08:00:00+00:00,63254.50000000,63254.50000000,62950.10000000,63105.00000000,254573.45000000
1780909200000,2026-06-08T09:00:00+00:00,63104.90000000,63569.30000000,63091.60000000,63460.70000000,523071.56000000
1780912800000,2026-06-08T10:00:00+00:00,63460.60000000,63527.50000000,63058.70000000,63119.80000000,445455.48000000
1780916400000,2026-06-08T11:00:00+00:00,63119.70000000,63852.40000000,63009.80000000,63444.90000000,898705.30000000
1780920000000,2026-06-08T12:00:00+00:00,63444.90000000,63920.40000000,62653.10000000,63830.00000000,1494481.63000000
1780923600000,2026-06-08T13:00:00+00:00,63830.00000000,63920.40000000,63313.20000000,63720.30000000,748990.92000000
1780927200000,2026-06-08T14:00:00+00:00,63720.20000000,64074.70000000,63526.30000000,63931.90000000,646426.38000000
1780930800000,2026-06-08T15:00:00+00:00,63932.00000000,64202.40000000,63664.40000000,63744.00000000,683043.03000000
1780934400000,2026-06-08T16:00:00+00:00,63744.10000000,64026.30000000,63431.10000000,63493.20000000,413498.71000000
1780938000000,2026-06-08T17:00:00+00:00,63493.30000000,63625.90000000,63246.70000000,63518.80000000,388801.80000000
1780941600000,2026-06-08T18:00:00+00:00,63518.70000000,63665.00000000,63303.00000000,63437.90000000,177699.25000000
1780945200000,2026-06-08T19:00:00+00:00,63437.90000000,63569.60000000,63317.50000000,63341.70000000,150265.98000000
1780948800000,2026-06-08T20:00:00+00:00,63341.70000000,63453.00000000,63123.90000000,63452.90000000,210909.76000000
1780952400000,2026-06-08T21:00:00+00:00,63453.00000000,63840.50000000,63450.00000000,63685.00000000,192842.53000000
1780956000000,2026-06-08T22:00:00+00:00,63685.00000000,63685.00000000,63175.80000000,63408.00000000,214731.18000000
1780959600000,2026-06-08T23:00:00+00:00,63407.90000000,63564.10000000,62939.00000000,63061.90000000,389909.99000000
1780963200000,2026-06-09T00:00:00+00:00,63061.80000000,63154.90000000,62380.00000000,62532.90000000,915746.15000000
1780966800000,2026-06-09T01:00:00+00:00,62532.90000000,62854.00000000,62518.00000000,62736.00000000,308065.37000000
1780970400000,2026-06-09T02:00:00+00:00,62736.10000000,62841.20000000,62507.40000000,62841.20000000,238055.15000000
1780974000000,2026-06-09T03:00:00+00:00,62841.20000000,62945.00000000,62668.00000000,62839.40000000,216242.15000000
1780977600000,2026-06-09T04:00:00+00:00,62839.40000000,63396.00000000,62718.40000000,63211.90000000,511284.65000000
1780981200000,2026-06-09T05:00:00+00:00,63211.90000000,63493.50000000,63087.00000000,63311.60000000,294082.71000000
1780984800000,2026-06-09T06:00:00+00:00,63311.60000000,63472.10000000,63203.40000000,63267.10000000,253702.84000000
1780988400000,2026-06-09T07:00:00+00:00,63267.20000000,63410.00000000,62950.60000000,63169.30000000,310353.57000000
1780992000000,2026-06-09T08:00:00+00:00,63169.40000000,63187.20000000,62740.00000000,62819.50000000,545844.17000000
1780995600000,2026-06-09T09:00:00+00:00,62819.50000000,62925.60000000,62556.10000000,62687.90000000,332562.33000000
1780999200000,2026-06-09T10:00:00+00:00,62687.80000000,62803.90000000,62566.10000000,62755.80000000,206234.30000000
1781002800000,2026-06-09T11:00:00+00:00,62755.70000000,62784.00000000,62461.80000000,62678.80000000,313199.21000000
1781006400000,2026-06-09T12:00:00+00:00,62678.80000000,62880.30000000,62400.80000000,62612.70000000,506597.65000000
1781010000000,2026-06-09T13:00:00+00:00,62612.70000000,62709.90000000,62117.40000000,62242.10000000,820770.51000000
1781013600000,2026-06-09T14:00:00+00:00,62242.10000000,62366.50000000,61122.00000000,61513.60000000,2028419.26000000
1781017200000,2026-06-09T15:00:00+00:00,61513.60000000,61680.00000000,61002.00000000,61102.70000000,1026290.05000000
1781020800000,2026-06-09T16:00:00+00:00,61102.80000000,61475.00000000,60728.40000000,61365.20000000,1317262.60000000
1781024400000,2026-06-09T17:00:00+00:00,61365.20000000,61880.00000000,61360.10000000,61665.00000000,671909.06000000
1781028000000,2026-06-09T18:00:00+00:00,61665.00000000,61947.30000000,61563.60000000,61759.90000000,352818.86000000
1781031600000,2026-06-09T19:00:00+00:00,61759.90000000,62077.00000000,61684.20000000,62066.00000000,355241.23000000
1781035200000,2026-06-09T20:00:00+00:00,62066.00000000,62242.00000000,61920.00000000,62137.60000000,240743.61000000
1781038800000,2026-06-09T21:00:00+00:00,62137.50000000,62194.80000000,61668.00000000,61742.80000000,304455.02000000
1781042400000,2026-06-09T22:00:00+00:00,61742.80000000,61956.40000000,61634.10000000,61695.70000000,215447.44000000
1781046000000,2026-06-09T23:00:00+00:00,61695.80000000,61858.00000000,61521.70000000,61698.20000000,225021.34000000
1781049600000,2026-06-10T00:00:00+00:00,61698.20000000,61904.60000000,61410.50000000,61888.00000000,302542.79000000
1781053200000,2026-06-10T01:00:00+00:00,61888.00000000,61953.00000000,61551.70000000,61688.50000000,245297.21000000
1781056800000,2026-06-10T02:00:00+00:00,61688.60000000,61809.00000000,61200.20000000,61276.50000000,366339.49000000
1781060400000,2026-06-10T03:00:00+00:00,61276.40000000,61568.00000000,61251.00000000,61516.20000000,222642.96000000
1781064000000,2026-06-10T04:00:00+00:00,61516.30000000,61536.60000000,61155.10000000,61266.00000000,232180.23000000
1781067600000,2026-06-10T05:00:00+00:00,61266.00000000,61370.00000000,61045.70000000,61326.20000000,228029.16000000
1781071200000,2026-06-10T06:00:00+00:00,61326.20000000,61498.20000000,61110.00000000,61433.20000000,269416.24000000
1781074800000,2026-06-10T07:00:00+00:00,61433.20000000,61764.20000000,61397.20000000,61654.80000000,315930.31000000
1781078400000,2026-06-10T08:00:00+00:00,61654.90000000,61708.70000000,61130.00000000,61234.00000000,443626.52000000
1781082000000,2026-06-10T09:00:00+00:00,61234.00000000,61392.90000000,60638.30000000,61308.10000000,866623.13000000
1781085600000,2026-06-10T10:00:00+00:00,61308.20000000,61428.60000000,61123.00000000,61353.30000000,244848.47000000
1781089200000,2026-06-10T11:00:00+00:00,61353.40000000,61407.10000000,60823.10000000,61003.10000000,626968.67000000
1781092800000,2026-06-10T12:00:00+00:00,61003.20000000,61948.00000000,60921.50000000,61531.10000000,1007235.30000000
1781096400000,2026-06-10T13:00:00+00:00,61531.00000000,62464.60000000,61408.00000000,62112.30000000,1188549.75000000
1781100000000,2026-06-10T14:00:00+00:00,62112.20000000,62225.10000000,61781.00000000,62166.10000000,664997.45000000
1781103600000,2026-06-10T15:00:00+00:00,62166.20000000,62840.40000000,61816.00000000,62598.80000000,1180224.25000000
1781107200000,2026-06-10T16:00:00+00:00,62598.80000000,62615.30000000,61888.00000000,62187.40000000,654890.38000000
1781110800000,2026-06-10T17:00:00+00:00,62187.50000000,62329.50000000,61610.20000000,61942.60000000,594519.44000000
1781114400000,2026-06-10T18:00:00+00:00,61942.60000000,62131.50000000,61573.70000000,61863.90000000,267985.57000000
1781118000000,2026-06-10T19:00:00+00:00,61863.80000000,62038.20000000,61650.00000000,61915.00000000,219904.86000000
1781121600000,2026-06-10T20:00:00+00:00,61914.90000000,61924.90000000,61655.00000000,61773.10000000,149455.40000000
1781125200000,2026-06-10T21:00:00+00:00,61773.10000000,61773.10000000,61122.10000000,61321.40000000,497052.97000000
1781128800000,2026-06-10T22:00:00+00:00,61321.40000000,61538.60000000,61060.30000000,61344.20000000,366174.39000000
1781132400000,2026-06-10T23:00:00+00:00,61344.10000000,61578.10000000,61125.10000000,61475.30000000,240553.61000000
1781136000000,2026-06-11T00:00:00+00:00,61475.30000000,61950.00000000,61475.30000000,61791.70000000,326217.54000000
1781139600000,2026-06-11T01:00:00+00:00,61791.60000000,62396.20000000,61786.80000000,62176.40000000,387863.00000000
1781143200000,2026-06-11T02:00:00+00:00,62176.50000000,62276.10000000,61905.50000000,62108.20000000,256161.92000000
1781146800000,2026-06-11T03:00:00+00:00,62108.10000000,62823.40000000,61968.40000000,62650.00000000,615943.22000000
1781150400000,2026-06-11T04:00:00+00:00,62650.10000000,62820.00000000,62502.50000000,62684.50000000,329562.24000000
1781154000000,2026-06-11T05:00:00+00:00,62684.40000000,62692.30000000,62510.60000000,62579.30000000,196603.50000000
1781157600000,2026-06-11T06:00:00+00:00,62579.30000000,62998.90000000,62510.00000000,62728.20000000,530444.14000000
1781161200000,2026-06-11T07:00:00+00:00,62728.10000000,62817.90000000,62571.40000000,62683.70000000,286701.08000000
1781164800000,2026-06-11T08:00:00+00:00,62683.60000000,63041.40000000,62678.00000000,62920.00000000,301419.56000000
1781168400000,2026-06-11T09:00:00+00:00,62920.00000000,62960.00000000,62750.00000000,62892.00000000,187378.72000000
1781172000000,2026-06-11T10:00:00+00:00,62891.90000000,63187.70000000,62760.50000000,63105.00000000,396936.77000000
1781175600000,2026-06-11T11:00:00+00:00,63105.00000000,63239.10000000,63012.00000000,63075.00000000,372932.06000000
1781179200000,2026-06-11T12:00:00+00:00,63075.10000000,63180.70000000,62456.00000000,62966.50000000,998438.89000000
1781182800000,2026-06-11T13:00:00+00:00,62966.50000000,63212.10000000,62642.60000000,63048.20000000,601274.09000000
1781186400000,2026-06-11T14:00:00+00:00,63048.30000000,63070.40000000,62692.50000000,62700.10000000,397346.56000000
1781190000000,2026-06-11T15:00:00+00:00,62700.20000000,62852.90000000,62483.80000000,62724.00000000,459542.07000000
1781193600000,2026-06-11T16:00:00+00:00,62724.00000000,62817.70000000,62522.90000000,62550.00000000,334424.08000000
1781197200000,2026-06-11T17:00:00+00:00,62550.00000000,63670.00000000,62310.00000000,63616.10000000,1418029.55000000
1781200800000,2026-06-11T18:00:00+00:00,63616.20000000,63773.30000000,63300.00000000,63427.20000000,558506.45000000
1781204400000,2026-06-11T19:00:00+00:00,63427.60000000,63900.00000000,63354.60000000,63570.00000000,438371.17000000
1781208000000,2026-06-11T20:00:00+00:00,63570.00000000,63629.90000000,63232.50000000,63362.20000000,287884.38000000
1781211600000,2026-06-11T21:00:00+00:00,63362.20000000,63581.40000000,63355.40000000,63486.00000000,112834.99000000
1781215200000,2026-06-11T22:00:00+00:00,63486.00000000,63643.30000000,63428.50000000,63465.10000000,111183.39000000
1781218800000,2026-06-11T23:00:00+00:00,63465.10000000,63684.40000000,63331.00000000,63596.90000000,168899.09000000
1781222400000,2026-06-12T00:00:00+00:00,63597.00000000,63764.30000000,63481.30000000,63608.20000000,188197.79000000
1781226000000,2026-06-12T01:00:00+00:00,63608.30000000,63614.10000000,63262.40000000,63398.60000000,248754.89000000
1781229600000,2026-06-12T02:00:00+00:00,63398.70000000,63750.00000000,63398.60000000,63586.30000000,185531.30000000
1781233200000,2026-06-12T03:00:00+00:00,63586.40000000,63616.00000000,63319.80000000,63491.40000000,153112.75000000
1781236800000,2026-06-12T04:00:00+00:00,63491.50000000,63834.90000000,63388.10000000,63668.10000000,277078.11000000
1781240400000,2026-06-12T05:00:00+00:00,63668.10000000,63694.30000000,63276.00000000,63325.50000000,349696.16000000
1781244000000,2026-06-12T06:00:00+00:00,63325.50000000,63383.90000000,62814.40000000,62960.20000000,546617.83000000
1781247600000,2026-06-12T07:00:00+00:00,62960.20000000,63183.70000000,62921.20000000,63063.00000000,321133.92000000
1781251200000,2026-06-12T08:00:00+00:00,63063.00000000,63590.30000000,63063.00000000,63439.70000000,417816.82000000
1781254800000,2026-06-12T09:00:00+00:00,63439.60000000,63950.00000000,63405.00000000,63720.00000000,529312.15000000
1781258400000,2026-06-12T10:00:00+00:00,63719.90000000,63818.00000000,63550.00000000,63661.40000000,239406.09000000
1781262000000,2026-06-12T11:00:00+00:00,63661.50000000,63856.00000000,63644.30000000,63721.50000000,254252.37000000
1781265600000,2026-06-12T12:00:00+00:00,63721.50000000,63740.60000000,63329.60000000,63429.90000000,346860.20000000
1781269200000,2026-06-12T13:00:00+00:00,63429.90000000,63504.40000000,63000.00000000,63194.50000000,567067.96000000
1781272800000,2026-06-12T14:00:00+00:00,63194.60000000,63991.70000000,63150.10000000,63970.50000000,770856.23000000
1781276400000,2026-06-12T15:00:00+00:00,63970.40000000,64378.80000000,63520.70000000,63564.20000000,1327166.33000000
1781280000000,2026-06-12T16:00:00+00:00,63564.20000000,63976.00000000,63477.00000000,63950.20000000,519401.86000000
1781283600000,2026-06-12T17:00:00+00:00,63950.20000000,64089.00000000,63710.00000000,63836.20000000,247352.11000000
1781287200000,2026-06-12T18:00:00+00:00,63836.30000000,63907.20000000,63647.40000000,63655.60000000,221932.53000000
1781290800000,2026-06-12T19:00:00+00:00,63655.60000000,63787.70000000,63547.10000000,63552.80000000,188483.45000000
1781294400000,2026-06-12T20:00:00+00:00,63553.10000000,63668.40000000,63345.60000000,63413.70000000,177782.42000000
1781298000000,2026-06-12T21:00:00+00:00,63413.70000000,63597.90000000,63404.80000000,63447.80000000,123766.70000000
1781301600000,2026-06-12T22:00:00+00:00,63447.80000000,63631.00000000,63435.00000000,63477.00000000,102943.98000000
1781305200000,2026-06-12T23:00:00+00:00,63476.90000000,63550.00000000,63387.40000000,63541.90000000,98749.01000000
1781308800000,2026-06-13T00:00:00+00:00,63541.90000000,63617.00000000,63473.80000000,63578.00000000,147664.94000000
1781312400000,2026-06-13T01:00:00+00:00,63578.30000000,63817.20000000,63578.30000000,63799.60000000,163357.90000000
1781316000000,2026-06-13T02:00:00+00:00,63799.60000000,63804.50000000,63520.10000000,63610.60000000,135963.41000000
1781319600000,2026-06-13T03:00:00+00:00,63610.60000000,63696.70000000,63390.00000000,63497.60000000,153539.26000000
1781323200000,2026-06-13T04:00:00+00:00,63497.60000000,63616.60000000,63459.00000000,63475.30000000,93818.28000000
1781326800000,2026-06-13T05:00:00+00:00,63475.20000000,63570.70000000,63452.50000000,63557.50000000,99812.29000000
1781330400000,2026-06-13T06:00:00+00:00,63557.50000000,63715.30000000,63519.10000000,63702.90000000,83953.99000000
1781334000000,2026-06-13T07:00:00+00:00,63702.90000000,63859.00000000,63637.80000000,63812.50000000,202823.19000000
1781337600000,2026-06-13T08:00:00+00:00,63812.60000000,63878.30000000,63721.80000000,63765.10000000,178987.68000000
1781341200000,2026-06-13T09:00:00+00:00,63765.20000000,63828.00000000,63700.00000000,63702.30000000,85436.10000000
1781344800000,2026-06-13T10:00:00+00:00,63702.20000000,63888.00000000,63680.00000000,63805.80000000,123299.40000000
1781348400000,2026-06-13T11:00:00+00:00,63805.90000000,63937.10000000,63802.10000000,63934.80000000,125015.76000000
1781352000000,2026-06-13T12:00:00+00:00,63934.80000000,64188.00000000,63881.10000000,64098.40000000,311040.03000000
1781355600000,2026-06-13T13:00:00+00:00,64098.50000000,64217.30000000,64019.10000000,64069.60000000,254665.37000000
1781359200000,2026-06-13T14:00:00+00:00,64069.60000000,64200.00000000,64050.40000000,64189.60000000,106139.69000000
1781362800000,2026-06-13T15:00:00+00:00,64189.70000000,64312.40000000,64139.10000000,64262.50000000,263152.76000000
1781366400000,2026-06-13T16:00:00+00:00,64262.50000000,64279.70000000,63850.20000000,63997.70000000,429991.21000000
1781370000000,2026-06-13T17:00:00+00:00,63997.70000000,64095.20000000,63907.20000000,63942.10000000,141825.34000000
1781373600000,2026-06-13T18:00:00+00:00,63942.10000000,64259.60000000,63942.10000000,64123.50000000,172639.31000000
1781377200000,2026-06-13T19:00:00+00:00,64123.50000000,64315.80000000,64111.90000000,64262.50000000,162068.40000000
1781380800000,2026-06-13T20:00:00+00:00,64262.60000000,64262.60000000,64197.60000000,64249.90000000,69358.43000000
1781384400000,2026-06-13T21:00:00+00:00,64250.00000000,64745.00000000,64185.30000000,64438.70000000,501186.64000000
1781388000000,2026-06-13T22:00:00+00:00,64438.60000000,64528.00000000,64353.80000000,64416.70000000,158881.96000000
1781391600000,2026-06-13T23:00:00+00:00,64416.70000000,64566.70000000,64351.70000000,64417.10000000,123700.39000000
1781395200000,2026-06-14T00:00:00+00:00,64417.20000000,64546.80000000,64338.80000000,64524.50000000,126567.16000000
1781398800000,2026-06-14T01:00:00+00:00,64524.50000000,64685.60000000,64470.00000000,64538.40000000,178370.86000000
1781402400000,2026-06-14T02:00:00+00:00,64538.40000000,64599.00000000,64430.00000000,64450.70000000,113927.95000000
1781406000000,2026-06-14T03:00:00+00:00,64450.60000000,64508.80000000,64420.30000000,64507.80000000,104404.75000000
1781409600000,2026-06-14T04:00:00+00:00,64507.80000000,64518.50000000,64277.60000000,64308.90000000,195758.25000000
1781413200000,2026-06-14T05:00:00+00:00,64309.00000000,64381.80000000,64255.50000000,64317.40000000,114573.54000000
1781416800000,2026-06-14T06:00:00+00:00,64317.50000000,64454.40000000,64215.00000000,64254.00000000,148696.21000000
1781420400000,2026-06-14T07:00:00+00:00,64254.00000000,64418.70000000,64179.60000000,64402.50000000,127777.36000000
1781424000000,2026-06-14T08:00:00+00:00,64402.60000000,64492.40000000,64360.00000000,64424.10000000,94922.41000000
1781427600000,2026-06-14T09:00:00+00:00,64424.00000000,64588.90000000,64282.20000000,64581.90000000,160661.86000000
1781431200000,2026-06-14T10:00:00+00:00,64581.90000000,64635.90000000,64460.20000000,64484.30000000,145351.82000000
1781434800000,2026-06-14T11:00:00+00:00,64484.30000000,64600.00000000,64413.30000000,64509.90000000,116272.29000000
1781438400000,2026-06-14T12:00:00+00:00,64509.90000000,64525.60000000,64261.00000000,64296.60000000,174470.77000000
1781442000000,2026-06-14T13:00:00+00:00,64296.60000000,64371.90000000,64201.60000000,64287.50000000,156697.18000000
1781445600000,2026-06-14T14:00:00+00:00,64287.50000000,64312.00000000,63822.00000000,63946.20000000,586771.06000000
1781449200000,2026-06-14T15:00:00+00:00,63946.20000000,64111.10000000,63933.90000000,63984.90000000,235692.71000000
1781452800000,2026-06-14T16:00:00+00:00,63984.90000000,64179.80000000,63885.90000000,63907.30000000,221688.48000000
1781456400000,2026-06-14T17:00:00+00:00,63907.30000000,63992.50000000,63658.00000000,63703.40000000,297114.26000000
1781460000000,2026-06-14T18:00:00+00:00,63703.30000000,63790.10000000,63644.80000000,63781.70000000,146513.19000000
1781463600000,2026-06-14T19:00:00+00:00,63781.70000000,63843.50000000,63705.10000000,63768.60000000,88303.67000000
1781467200000,2026-06-14T20:00:00+00:00,63768.60000000,64069.30000000,63760.00000000,63974.80000000,150063.49000000
1781470800000,2026-06-14T21:00:00+00:00,63974.80000000,65678.00000000,63971.50000000,65276.80000000,1421053.34000000
1781474400000,2026-06-14T22:00:00+00:00,65276.90000000,65538.40000000,64898.40000000,65384.20000000,720856.70000000
1781478000000,2026-06-14T23:00:00+00:00,65384.20000000,65764.40000000,65220.00000000,65697.70000000,468140.26000000
1781481600000,2026-06-15T00:00:00+00:00,65697.80000000,65935.10000000,65436.90000000,65586.00000000,575843.04000000
1781485200000,2026-06-15T01:00:00+00:00,65586.00000000,65688.00000000,65310.60000000,65471.60000000,289805.05000000
1781488800000,2026-06-15T02:00:00+00:00,65471.60000000,65745.70000000,65364.90000000,65430.10000000,227253.14000000
1781492400000,2026-06-15T03:00:00+00:00,65430.10000000,65996.90000000,65391.80000000,65883.70000000,409234.64000000
1781496000000,2026-06-15T04:00:00+00:00,65883.70000000,65883.70000000,65582.70000000,65600.10000000,209748.08000000
1781499600000,2026-06-15T05:00:00+00:00,65600.10000000,65835.20000000,65566.50000000,65816.60000000,235991.23000000
1781503200000,2026-06-15T06:00:00+00:00,65816.60000000,65927.40000000,65722.00000000,65770.10000000,286914.81000000
1781506800000,2026-06-15T07:00:00+00:00,65770.10000000,65980.00000000,65594.10000000,65648.50000000,384297.14000000
1781510400000,2026-06-15T08:00:00+00:00,65648.50000000,65774.00000000,65583.00000000,65630.10000000,207436.46000000
1781514000000,2026-06-15T09:00:00+00:00,65630.20000000,65749.90000000,65471.00000000,65563.60000000,226954.53000000
1781517600000,2026-06-15T10:00:00+00:00,65563.60000000,65934.90000000,65547.10000000,65887.90000000,298884.55000000
1781521200000,2026-06-15T11:00:00+00:00,65887.90000000,66370.00000000,65808.80000000,66197.90000000,1032907.07000000
1781524800000,2026-06-15T12:00:00+00:00,66198.00000000,66590.10000000,66070.00000000,66533.00000000,741731.09000000
1781528400000,2026-06-15T13:00:00+00:00,66533.00000000,66925.30000000,66372.60000000,66411.40000000,1277000.48000000
1781532000000,2026-06-15T14:00:00+00:00,66411.40000000,66632.20000000,66262.90000000,66542.90000000,497451.52000000
