open_time_ms,open_time_iso,open,high,low,close,volume
1775484000000,2026-04-06T14:00:00+00:00,342.50000000,344.30000000,340.87000000,342.80000000,975.45000000
1775484900000,2026-04-06T14:15:00+00:00,341.60000000,343.70000000,341.60000000,343.37000000,247.45000000
1775485800000,2026-04-06T14:30:00+00:00,343.37000000,343.84000000,342.01000000,342.25000000,130.37000000
1775486700000,2026-04-06T14:45:00+00:00,342.07000000,342.32000000,341.13000000,342.05000000,100.86000000
1775487600000,2026-04-06T15:00:00+00:00,342.04000000,342.75000000,341.16000000,341.33000000,89.05000000
1775488500000,2026-04-06T15:15:00+00:00,341.33000000,341.69000000,340.63000000,340.96000000,98.34000000
1775489400000,2026-04-06T15:30:00+00:00,341.15000000,341.48000000,340.54000000,341.08000000,35.42000000
1775490300000,2026-04-06T15:45:00+00:00,341.32000000,342.53000000,341.05000000,341.80000000,52.45000000
1775491200000,2026-04-06T16:00:00+00:00,342.11000000,342.24000000,341.05000000,341.10000000,55.25000000
1775492100000,2026-04-06T16:15:00+00:00,341.19000000,341.55000000,340.92000000,341.33000000,29.77000000
1775493000000,2026-04-06T16:30:00+00:00,341.03000000,341.64000000,340.76000000,341.47000000,37.91000000
1775493900000,2026-04-06T16:45:00+00:00,341.20000000,341.48000000,340.58000000,340.67000000,45.93000000
1775494800000,2026-04-06T17:00:00+00:00,340.67000000,341.05000000,338.65000000,339.23000000,107.21000000
1775495700000,2026-04-06T17:15:00+00:00,339.34000000,341.04000000,338.93000000,341.04000000,15.72000000
1775496600000,2026-04-06T17:30:00+00:00,340.62000000,341.27000000,340.18000000,340.31000000,36.14000000
1775497500000,2026-04-06T17:45:00+00:00,340.44000000,340.44000000,339.72000000,340.13000000,18.58000000
1775498400000,2026-04-06T18:00:00+00:00,340.08000000,340.90000000,339.57000000,340.63000000,69.61000000
1775499300000,2026-04-06T18:15:00+00:00,340.63000000,341.37000000,340.55000000,340.75000000,20.36000000
1775500200000,2026-04-06T18:30:00+00:00,340.93000000,341.16000000,340.41000000,340.44000000,15.91000000
1775501100000,2026-04-06T18:45:00+00:00,340.61000000,340.86000000,340.30000000,340.51000000,6.49000000
1775502000000,2026-04-06T19:00:00+00:00,340.51000000,340.64000000,339.98000000,340.28000000,22.36000000
1775502900000,2026-04-06T19:15:00+00:00,340.48000000,340.60000000,340.28000000,340.42000000,12.87000000
1775503800000,2026-04-06T19:30:00+00:00,340.48000000,340.69000000,339.97000000,340.29000000,30.52000000
1775504700000,2026-04-06T19:45:00+00:00,340.27000000,341.77000000,340.16000000,341.77000000,51.92000000
1775505600000,2026-04-06T20:00:00+00:00,341.82000000,341.82000000,340.91000000,341.38000000,12.63000000
1775506500000,2026-04-06T20:15:00+00:00,341.45000000,341.88000000,341.00000000,341.43000000,76.47000000
1775507400000,2026-04-06T20:30:00+00:00,341.43000000,342.08000000,340.20000000,341.09000000,88.29000000
1775508300000,2026-04-06T20:45:00+00:00,341.27000000,341.35000000,341.20000000,341.35000000,2.06000000
1775509200000,2026-04-06T21:00:00+00:00,341.35000000,341.46000000,341.25000000,341.42000000,5.58000000
1775510100000,2026-04-06T21:15:00+00:00,341.57000000,342.65000000,341.46000000,342.48000000,22.29000000
1775511000000,2026-04-06T21:30:00+00:00,342.53000000,342.61000000,341.98000000,341.98000000,26.27000000
1775511900000,2026-04-06T21:45:00+00:00,342.13000000,342.36000000,341.97000000,342.33000000,31.70000000
1775512800000,2026-04-06T22:00:00+00:00,342.48000000,342.64000000,342.13000000,342.16000000,11.92000000
1775513700000,2026-04-06T22:15:00+00:00,342.15000000,342.80000000,341.82000000,341.84000000,22.89000000
1775514600000,2026-04-06T22:30:00+00:00,341.84000000,341.86000000,341.32000000,341.86000000,14.89000000
1775515500000,2026-04-06T22:45:00+00:00,341.70000000,341.73000000,341.49000000,341.49000000,6.10000000
1775516400000,2026-04-06T23:00:00+00:00,341.46000000,341.90000000,341.22000000,341.72000000,50.08000000
1775517300000,2026-04-06T23:15:00+00:00,341.58000000,342.03000000,341.55000000,341.86000000,17.76000000
1775518200000,2026-04-06T23:30:00+00:00,341.98000000,341.98000000,341.73000000,341.75000000,25.97000000
1775519100000,2026-04-06T23:45:00+00:00,341.76000000,341.88000000,341.73000000,341.87000000,9.93000000
1775520000000,2026-04-07T00:00:00+00:00,341.75000000,341.99000000,339.59000000,341.92000000,87.96000000
1775520900000,2026-04-07T00:15:00+00:00,341.91000000,343.23000000,341.89000000,342.68000000,66.72000000
1775521800000,2026-04-07T00:30:00+00:00,342.74000000,342.74000000,341.50000000,342.10000000,16.35000000
1775522700000,2026-04-07T00:45:00+00:00,341.92000000,342.26000000,341.92000000,342.16000000,4.98000000
1775523600000,2026-04-07T01:00:00+00:00,342.03000000,342.18000000,340.27000000,340.96000000,55.84000000
1775524500000,2026-04-07T01:15:00+00:00,340.96000000,341.01000000,340.37000000,340.60000000,6.85000000
1775525400000,2026-04-07T01:30:00+00:00,340.61000000,341.60000000,339.69000000,339.69000000,29.91000000
1775526300000,2026-04-07T01:45:00+00:00,339.83000000,339.83000000,338.03000000,338.03000000,19.79000000
1775527200000,2026-04-07T02:00:00+00:00,338.14000000,339.05000000,336.69000000,337.52000000,66.77000000
1775528100000,2026-04-07T02:15:00+00:00,337.53000000,339.18000000,337.53000000,339.02000000,21.43000000
1775529000000,2026-04-07T02:30:00+00:00,339.13000000,339.16000000,338.80000000,339.00000000,8.21000000
1775529900000,2026-04-07T02:45:00+00:00,339.15000000,339.97000000,339.10000000,339.45000000,12.06000000
1775530800000,2026-04-07T03:00:00+00:00,339.52000000,339.83000000,338.89000000,339.08000000,5.53000000
1775531700000,2026-04-07T03:15:00+00:00,339.15000000,339.15000000,338.80000000,339.03000000,3.75000000
1775532600000,2026-04-07T03:30:00+00:00,339.30000000,348.46000000,336.33000000,339.33000000,154.83000000
1775533500000,2026-04-07T03:45:00+00:00,339.42000000,339.43000000,339.24000000,339.37000000,4.94000000
1775534400000,2026-04-07T04:00:00+00:00,339.29000000,339.44000000,338.85000000,339.04000000,30.38000000
1775535300000,2026-04-07T04:15:00+00:00,339.04000000,339.04000000,338.65000000,338.99000000,4.83000000
1775536200000,2026-04-07T04:30:00+00:00,339.00000000,339.44000000,338.91000000,339.20000000,15.31000000
1775537100000,2026-04-07T04:45:00+00:00,339.43000000,339.44000000,339.13000000,339.13000000,12.48000000
1775538000000,2026-04-07T05:00:00+00:00,339.15000000,339.32000000,339.06000000,339.24000000,9.48000000
1775538900000,2026-04-07T05:15:00+00:00,339.17000000,339.44000000,339.06000000,339.31000000,27.21000000
1775539800000,2026-04-07T05:30:00+00:00,339.27000000,339.44000000,338.97000000,339.44000000,31.35000000
1775540700000,2026-04-07T05:45:00+00:00,339.32000000,340.04000000,338.76000000,339.74000000,43.49000000
1775541600000,2026-04-07T06:00:00+00:00,339.59000000,341.15000000,339.35000000,339.98000000,22.59000000
1775542500000,2026-04-07T06:15:00+00:00,339.86000000,340.80000000,339.70000000,340.49000000,4.89000000
1775543400000,2026-04-07T06:30:00+00:00,340.55000000,341.45000000,339.35000000,340.26000000,70.88000000
1775544300000,2026-04-07T06:45:00+00:00,340.26000000,340.65000000,339.94000000,340.56000000,7.06000000
1775545200000,2026-04-07T07:00:00+00:00,340.56000000,341.21000000,340.03000000,340.40000000,56.36000000
1775546100000,2026-04-07T07:15:00+00:00,340.27000000,340.45000000,340.05000000,340.06000000,3.60000000
1775547000000,2026-04-07T07:30:00+00:00,340.06000000,340.52000000,339.92000000,340.31000000,18.53000000
1775547900000,2026-04-07T07:45:00+00:00,340.32000000,340.59000000,339.69000000,340.25000000,26.19000000
1775548800000,2026-04-07T08:00:00+00:00,340.25000000,342.55000000,340.25000000,341.95000000,35.11000000
1775549700000,2026-04-07T08:15:00+00:00,341.95000000,343.14000000,341.12000000,342.28000000,42.10000000
1775550600000,2026-04-07T08:30:00+00:00,342.85000000,343.10000000,342.23000000,343.10000000,27.06000000
1775551500000,2026-04-07T08:45:00+00:00,342.77000000,344.02000000,342.74000000,343.97000000,107.26000000
1775552400000,2026-04-07T09:00:00+00:00,344.03000000,345.20000000,343.36000000,343.87000000,106.01000000
1775553300000,2026-04-07T09:15:00+00:00,343.87000000,344.98000000,343.85000000,344.98000000,19.59000000
1775554200000,2026-04-07T09:30:00+00:00,344.39000000,345.29000000,344.39000000,344.41000000,50.01000000
1775555100000,2026-04-07T09:45:00+00:00,344.41000000,344.71000000,343.95000000,344.57000000,9.25000000
1775556000000,2026-04-07T10:00:00+00:00,343.97000000,344.57000000,342.49000000,343.01000000,14.35000000
1775556900000,2026-04-07T10:15:00+00:00,343.50000000,344.04000000,342.33000000,342.96000000,11.09000000
1775557800000,2026-04-07T10:30:00+00:00,343.01000000,343.73000000,341.58000000,342.03000000,34.74000000
1775558700000,2026-04-07T10:45:00+00:00,341.55000000,341.70000000,339.54000000,340.00000000,37.66000000
1775559600000,2026-04-07T11:00:00+00:00,340.31000000,340.98000000,338.44000000,340.55000000,93.23000000
1775560500000,2026-04-07T11:15:00+00:00,340.70000000,341.15000000,340.32000000,340.50000000,15.33000000
1775561400000,2026-04-07T11:30:00+00:00,340.40000000,340.88000000,339.29000000,340.08000000,15.11000000
1775562300000,2026-04-07T11:45:00+00:00,340.26000000,340.27000000,339.69000000,340.00000000,3.34000000
1775563200000,2026-04-07T12:00:00+00:00,339.41000000,340.74000000,338.17000000,338.69000000,108.19000000
1775564100000,2026-04-07T12:15:00+00:00,338.73000000,340.46000000,338.01000000,339.63000000,23.12000000
1775565000000,2026-04-07T12:30:00+00:00,339.94000000,340.27000000,339.11000000,340.02000000,13.10000000
1775565900000,2026-04-07T12:45:00+00:00,339.71000000,340.69000000,339.20000000,339.87000000,3.79000000
1775566800000,2026-04-07T13:00:00+00:00,339.58000000,341.09000000,339.29000000,340.23000000,21.27000000
1775567700000,2026-04-07T13:15:00+00:00,340.14000000,340.42000000,339.39000000,339.47000000,6.83000000
1775568600000,2026-04-07T13:30:00+00:00,340.47000000,343.14000000,339.30000000,340.86000000,36.48000000
1775569500000,2026-04-07T13:45:00+00:00,340.38000000,341.20000000,338.63000000,339.23000000,71.67000000
1775570400000,2026-04-07T14:00:00+00:00,339.14000000,339.14000000,335.63000000,338.21000000,186.48000000
1775571300000,2026-04-07T14:15:00+00:00,338.36000000,339.94000000,338.11000000,339.40000000,54.71000000
1775572200000,2026-04-07T14:30:00+00:00,339.05000000,339.86000000,338.10000000,338.27000000,27.19000000
1775573100000,2026-04-07T14:45:00+00:00,338.64000000,339.16000000,337.04000000,337.32000000,61.27000000
1775574000000,2026-04-07T15:00:00+00:00,337.12000000,337.48000000,335.70000000,336.57000000,309.70000000
1775574900000,2026-04-07T15:15:00+00:00,336.57000000,338.39000000,336.44000000,338.10000000,165.50000000
1775575800000,2026-04-07T15:30:00+00:00,338.10000000,338.85000000,337.24000000,337.78000000,41.44000000
1775576700000,2026-04-07T15:45:00+00:00,338.03000000,339.07000000,337.50000000,337.80000000,83.55000000
1775577600000,2026-04-07T16:00:00+00:00,338.16000000,340.91000000,337.80000000,339.56000000,46.01000000
1775578500000,2026-04-07T16:15:00+00:00,339.24000000,340.40000000,338.94000000,340.08000000,29.97000000
1775579400000,2026-04-07T16:30:00+00:00,340.08000000,340.50000000,339.89000000,340.20000000,10.52000000
1775580300000,2026-04-07T16:45:00+00:00,340.50000000,341.19000000,340.06000000,340.45000000,54.72000000
1775581200000,2026-04-07T17:00:00+00:00,340.75000000,341.72000000,340.54000000,340.64000000,69.17000000
1775582100000,2026-04-07T17:15:00+00:00,340.75000000,341.08000000,339.84000000,340.10000000,11.89000000
1775583000000,2026-04-07T17:30:00+00:00,340.09000000,342.42000000,340.04000000,341.14000000,28.42000000
1775583900000,2026-04-07T17:45:00+00:00,341.02000000,341.37000000,340.67000000,340.67000000,4.12000000
1775584800000,2026-04-07T18:00:00+00:00,340.94000000,342.02000000,340.67000000,340.77000000,81.83000000
1775585700000,2026-04-07T18:15:00+00:00,340.92000000,341.61000000,340.76000000,341.07000000,7.58000000
1775586600000,2026-04-07T18:30:00+00:00,340.71000000,340.93000000,340.04000000,340.25000000,13.36000000
1775587500000,2026-04-07T18:45:00+00:00,340.31000000,340.31000000,338.91000000,339.24000000,15.26000000
1775588400000,2026-04-07T19:00:00+00:00,339.24000000,340.54000000,339.20000000,340.39000000,30.47000000
1775589300000,2026-04-07T19:15:00+00:00,340.19000000,343.25000000,340.19000000,341.84000000,13.10000000
1775590200000,2026-04-07T19:30:00+00:00,341.80000000,342.84000000,341.20000000,342.62000000,49.13000000
1775591100000,2026-04-07T19:45:00+00:00,342.70000000,345.13000000,342.02000000,344.58000000,93.00000000
1775592000000,2026-04-07T20:00:00+00:00,345.00000000,346.68000000,343.94000000,344.80000000,183.58000000
1775592900000,2026-04-07T20:15:00+00:00,345.33000000,345.33000000,344.58000000,344.58000000,1.22000000
1775593800000,2026-04-07T20:30:00+00:00,344.72000000,345.60000000,344.42000000,345.10000000,32.47000000
1775594700000,2026-04-07T20:45:00+00:00,345.10000000,345.16000000,344.45000000,344.88000000,5.57000000
1775595600000,2026-04-07T21:00:00+00:00,344.51000000,345.37000000,344.48000000,344.90000000,20.25000000
1775596500000,2026-04-07T21:15:00+00:00,344.70000000,344.88000000,344.47000000,344.87000000,5.15000000
1775597400000,2026-04-07T21:30:00+00:00,344.68000000,345.02000000,344.68000000,345.02000000,7.44000000
1775598300000,2026-04-07T21:45:00+00:00,345.01000000,345.97000000,345.01000000,345.41000000,45.61000000
1775599200000,2026-04-07T22:00:00+00:00,345.46000000,348.27000000,345.45000000,347.77000000,34.77000000
1775600100000,2026-04-07T22:15:00+00:00,347.77000000,348.63000000,347.77000000,348.33000000,70.71000000
1775601000000,2026-04-07T22:30:00+00:00,348.26000000,354.88000000,348.26000000,352.97000000,174.84000000
1775601900000,2026-04-07T22:45:00+00:00,352.48000000,357.80000000,352.04000000,357.66000000,107.47000000
1775602800000,2026-04-07T23:00:00+00:00,357.42000000,360.32000000,357.42000000,360.03000000,89.29000000
1775603700000,2026-04-07T23:15:00+00:00,360.03000000,364.83000000,359.34000000,363.65000000,134.75000000
1775604600000,2026-04-07T23:30:00+00:00,363.38000000,363.49000000,359.94000000,360.31000000,55.72000000
1775605500000,2026-04-07T23:45:00+00:00,360.42000000,361.13000000,359.98000000,360.59000000,57.42000000
1775606400000,2026-04-08T00:00:00+00:00,360.57000000,363.84000000,360.57000000,363.43000000,122.34000000
1775607300000,2026-04-08T00:15:00+00:00,363.29000000,364.84000000,362.22000000,362.34000000,89.71000000
1775608200000,2026-04-08T00:30:00+00:00,362.29000000,362.51000000,360.00000000,360.84000000,28.37000000
1775609100000,2026-04-08T00:45:00+00:00,360.54000000,361.50000000,359.13000000,361.02000000,90.09000000
1775610000000,2026-04-08T01:00:00+00:00,361.01000000,361.53000000,360.36000000,361.13000000,35.76000000
1775610900000,2026-04-08T01:15:00+00:00,361.29000000,361.34000000,359.70000000,359.76000000,23.56000000
1775611800000,2026-04-08T01:30:00+00:00,359.92000000,360.80000000,359.86000000,360.20000000,10.82000000
1775612700000,2026-04-08T01:45:00+00:00,360.20000000,361.55000000,360.20000000,360.97000000,19.23000000
1775613600000,2026-04-08T02:00:00+00:00,361.38000000,362.43000000,361.31000000,361.76000000,58.23000000
1775614500000,2026-04-08T02:15:00+00:00,361.80000000,362.52000000,361.20000000,361.82000000,24.52000000
1775615400000,2026-04-08T02:30:00+00:00,362.16000000,362.49000000,361.39000000,361.97000000,19.94000000
1775616300000,2026-04-08T02:45:00+00:00,361.88000000,362.53000000,361.69000000,361.69000000,6.19000000
1775617200000,2026-04-08T03:00:00+00:00,361.92000000,362.92000000,361.81000000,362.59000000,42.26000000
1775618100000,2026-04-08T03:15:00+00:00,362.28000000,362.28000000,361.32000000,361.54000000,20.35000000
1775619000000,2026-04-08T03:30:00+00:00,361.52000000,362.57000000,361.37000000,361.61000000,26.32000000
1775619900000,2026-04-08T03:45:00+00:00,361.53000000,361.79000000,361.43000000,361.70000000,2.80000000
1775620800000,2026-04-08T04:00:00+00:00,361.57000000,362.63000000,361.57000000,362.25000000,23.80000000
1775621700000,2026-04-08T04:15:00+00:00,362.16000000,362.62000000,362.16000000,362.62000000,18.59000000
1775622600000,2026-04-08T04:30:00+00:00,362.61000000,363.29000000,362.61000000,363.17000000,34.25000000
1775623500000,2026-04-08T04:45:00+00:00,363.13000000,363.73000000,362.83000000,363.21000000,49.41000000
1775624400000,2026-04-08T05:00:00+00:00,363.05000000,364.63000000,363.01000000,363.78000000,43.02000000
1775625300000,2026-04-08T05:15:00+00:00,363.83000000,364.43000000,363.80000000,364.20000000,1.35000000
1775626200000,2026-04-08T05:30:00+00:00,364.13000000,364.46000000,363.78000000,363.97000000,27.44000000
1775627100000,2026-04-08T05:45:00+00:00,364.15000000,365.48000000,363.78000000,364.86000000,47.34000000
1775628000000,2026-04-08T06:00:00+00:00,364.64000000,365.31000000,364.33000000,364.77000000,38.81000000
1775628900000,2026-04-08T06:15:00+00:00,365.01000000,365.67000000,364.61000000,364.67000000,24.18000000
1775629800000,2026-04-08T06:30:00+00:00,364.79000000,365.02000000,364.51000000,364.51000000,10.48000000
1775630700000,2026-04-08T06:45:00+00:00,364.70000000,365.37000000,364.22000000,364.77000000,15.48000000
1775631600000,2026-04-08T07:00:00+00:00,364.77000000,364.77000000,363.30000000,363.62000000,25.25000000
1775632500000,2026-04-08T07:15:00+00:00,363.41000000,365.11000000,362.53000000,364.40000000,83.35000000
1775633400000,2026-04-08T07:30:00+00:00,364.37000000,364.38000000,363.27000000,363.48000000,18.85000000
1775634300000,2026-04-08T07:45:00+00:00,363.47000000,364.11000000,363.37000000,363.79000000,14.32000000
1775635200000,2026-04-08T08:00:00+00:00,363.43000000,364.40000000,363.43000000,363.75000000,23.87000000
1775636100000,2026-04-08T08:15:00+00:00,363.75000000,364.83000000,363.47000000,364.55000000,33.27000000
1775637000000,2026-04-08T08:30:00+00:00,364.55000000,365.34000000,364.55000000,364.79000000,32.42000000
1775637900000,2026-04-08T08:45:00+00:00,364.90000000,366.50000000,364.68000000,366.50000000,15.77000000
1775638800000,2026-04-08T09:00:00+00:00,366.50000000,367.61000000,366.21000000,367.28000000,16.17000000
1775639700000,2026-04-08T09:15:00+00:00,367.04000000,368.70000000,366.75000000,366.81000000,92.11000000
1775640600000,2026-04-08T09:30:00+00:00,366.89000000,367.50000000,366.23000000,366.23000000,7.85000000
1775641500000,2026-04-08T09:45:00+00:00,366.19000000,367.49000000,365.94000000,366.35000000,51.21000000
1775642400000,2026-04-08T10:00:00+00:00,366.53000000,366.96000000,366.21000000,366.44000000,26.76000000
1775643300000,2026-04-08T10:15:00+00:00,366.32000000,367.39000000,365.98000000,367.33000000,6.24000000
1775644200000,2026-04-08T10:30:00+00:00,367.39000000,367.50000000,366.27000000,366.67000000,12.01000000
1775645100000,2026-04-08T10:45:00+00:00,366.82000000,366.82000000,365.99000000,366.22000000,36.97000000
1775646000000,2026-04-08T11:00:00+00:00,365.89000000,366.29000000,365.54000000,366.12000000,23.00000000
1775646900000,2026-04-08T11:15:00+00:00,365.96000000,366.31000000,365.28000000,365.85000000,14.18000000
1775647800000,2026-04-08T11:30:00+00:00,365.84000000,366.45000000,364.79000000,366.45000000,31.07000000
1775648700000,2026-04-08T11:45:00+00:00,366.31000000,367.25000000,366.13000000,366.43000000,18.70000000
1775649600000,2026-04-08T12:00:00+00:00,366.45000000,368.15000000,366.45000000,368.05000000,21.64000000
1775650500000,2026-04-08T12:15:00+00:00,368.19000000,369.00000000,366.09000000,366.54000000,90.78000000
1775651400000,2026-04-08T12:30:00+00:00,366.54000000,368.16000000,366.44000000,367.82000000,26.16000000
1775652300000,2026-04-08T12:45:00+00:00,367.89000000,368.23000000,367.42000000,367.58000000,26.55000000
1775653200000,2026-04-08T13:00:00+00:00,367.58000000,369.12000000,367.42000000,368.60000000,68.36000000
1775654100000,2026-04-08T13:15:00+00:00,368.75000000,370.78000000,368.26000000,370.58000000,100.69000000
1775655000000,2026-04-08T13:30:00+00:00,370.70000000,375.31000000,366.52000000,366.97000000,171.55000000
1775655900000,2026-04-08T13:45:00+00:00,367.20000000,368.22000000,364.92000000,365.68000000,193.72000000
1775656800000,2026-04-08T14:00:00+00:00,365.74000000,365.95000000,363.67000000,365.06000000,159.51000000
1775657700000,2026-04-08T14:15:00+00:00,364.90000000,365.38000000,363.83000000,364.58000000,152.99000000
1775658600000,2026-04-08T14:30:00+00:00,364.95000000,365.01000000,361.13000000,361.13000000,135.69000000
1775659500000,2026-04-08T14:45:00+00:00,361.20000000,362.08000000,359.19000000,360.53000000,165.32000000
1775660400000,2026-04-08T15:00:00+00:00,360.86000000,363.70000000,360.86000000,363.15000000,188.20000000
1775661300000,2026-04-08T15:15:00+00:00,363.33000000,364.33000000,363.10000000,364.15000000,85.12000000
1775662200000,2026-04-08T15:30:00+00:00,363.98000000,365.66000000,363.80000000,365.63000000,53.13000000
1775663100000,2026-04-08T15:45:00+00:00,365.69000000,366.44000000,365.23000000,365.29000000,87.04000000
1775664000000,2026-04-08T16:00:00+00:00,365.80000000,366.04000000,365.03000000,365.25000000,90.81000000
1775664900000,2026-04-08T16:15:00+00:00,365.08000000,365.64000000,364.59000000,365.57000000,38.08000000
1775665800000,2026-04-08T16:30:00+00:00,365.29000000,366.37000000,365.29000000,366.07000000,56.96000000
1775666700000,2026-04-08T16:45:00+00:00,366.00000000,366.81000000,365.85000000,366.39000000,49.95000000
1775667600000,2026-04-08T17:00:00+00:00,366.63000000,366.95000000,366.20000000,366.59000000,19.80000000
1775668500000,2026-04-08T17:15:00+00:00,366.65000000,366.79000000,366.06000000,366.49000000,73.43000000
1775669400000,2026-04-08T17:30:00+00:00,366.46000000,366.72000000,365.68000000,366.69000000,30.01000000
1775670300000,2026-04-08T17:45:00+00:00,366.71000000,367.02000000,366.19000000,366.81000000,46.77000000
1775671200000,2026-04-08T18:00:00+00:00,366.84000000,367.45000000,366.84000000,367.45000000,36.26000000
1775672100000,2026-04-08T18:15:00+00:00,367.45000000,367.58000000,365.75000000,365.75000000,109.63000000
1775673000000,2026-04-08T18:30:00+00:00,365.77000000,366.42000000,364.78000000,364.78000000,39.56000000
1775673900000,2026-04-08T18:45:00+00:00,364.93000000,365.45000000,362.92000000,363.22000000,63.99000000
1775674800000,2026-04-08T19:00:00+00:00,363.16000000,364.53000000,362.98000000,364.02000000,28.50000000
1775675700000,2026-04-08T19:15:00+00:00,364.07000000,364.30000000,363.52000000,363.85000000,33.70000000
1775676600000,2026-04-08T19:30:00+00:00,363.86000000,364.39000000,363.78000000,364.29000000,38.06000000
1775677500000,2026-04-08T19:45:00+00:00,364.36000000,365.63000000,363.78000000,365.63000000,44.11000000
1775678400000,2026-04-08T20:00:00+00:00,365.70000000,366.30000000,365.70000000,366.02000000,10.29000000
1775679300000,2026-04-08T20:15:00+00:00,365.98000000,366.04000000,365.68000000,365.89000000,16.33000000
1775680200000,2026-04-08T20:30:00+00:00,365.91000000,365.99000000,365.69000000,365.77000000,24.44000000
1775681100000,2026-04-08T20:45:00+00:00,365.70000000,366.16000000,365.69000000,366.03000000,25.32000000
1775682000000,2026-04-08T21:00:00+00:00,365.84000000,366.04000000,365.34000000,365.34000000,11.84000000
1775682900000,2026-04-08T21:15:00+00:00,365.43000000,365.56000000,364.91000000,365.05000000,6.77000000
1775683800000,2026-04-08T21:30:00+00:00,365.05000000,365.05000000,364.78000000,364.87000000,4.94000000
1775684700000,2026-04-08T21:45:00+00:00,364.99000000,365.04000000,364.30000000,364.42000000,8.66000000
1775685600000,2026-04-08T22:00:00+00:00,364.42000000,364.59000000,364.25000000,364.46000000,16.94000000
1775686500000,2026-04-08T22:15:00+00:00,364.14000000,364.14000000,363.54000000,363.96000000,9.80000000
1775687400000,2026-04-08T22:30:00+00:00,363.53000000,364.01000000,363.53000000,363.58000000,1.74000000
1775688300000,2026-04-08T22:45:00+00:00,363.72000000,363.72000000,363.03000000,363.03000000,6.39000000
1775689200000,2026-04-08T23:00:00+00:00,363.04000000,363.59000000,363.00000000,363.25000000,41.96000000
1775690100000,2026-04-08T23:15:00+00:00,363.24000000,363.42000000,362.70000000,363.16000000,16.23000000
1775691000000,2026-04-08T23:30:00+00:00,362.97000000,362.97000000,362.44000000,362.44000000,4.08000000
1775691900000,2026-04-08T23:45:00+00:00,362.43000000,362.91000000,361.62000000,362.91000000,41.78000000
1775692800000,2026-04-09T00:00:00+00:00,362.88000000,363.03000000,361.23000000,361.69000000,42.13000000
1775693700000,2026-04-09T00:15:00+00:00,361.72000000,362.38000000,361.53000000,361.94000000,29.69000000
1775694600000,2026-04-09T00:30:00+00:00,361.89000000,362.05000000,361.67000000,361.84000000,28.23000000
1775695500000,2026-04-09T00:45:00+00:00,361.74000000,361.81000000,361.45000000,361.78000000,10.94000000
1775696400000,2026-04-09T01:00:00+00:00,361.78000000,361.78000000,360.11000000,360.23000000,51.07000000
1775697300000,2026-04-09T01:15:00+00:00,360.27000000,360.57000000,359.23000000,359.23000000,33.33000000
1775698200000,2026-04-09T01:30:00+00:00,359.44000000,359.69000000,359.26000000,359.65000000,18.76000000
1775699100000,2026-04-09T01:45:00+00:00,359.94000000,360.74000000,359.87000000,360.46000000,15.51000000
1775700000000,2026-04-09T02:00:00+00:00,360.46000000,360.83000000,360.09000000,360.21000000,57.70000000
1775700900000,2026-04-09T02:15:00+00:00,360.20000000,360.71000000,360.18000000,360.44000000,10.29000000
1775701800000,2026-04-09T02:30:00+00:00,360.33000000,361.05000000,360.33000000,361.05000000,8.54000000
1775702700000,2026-04-09T02:45:00+00:00,360.98000000,362.03000000,360.98000000,361.50000000,153.96000000
1775703600000,2026-04-09T03:00:00+00:00,361.44000000,361.66000000,361.17000000,361.29000000,75.38000000
1775704500000,2026-04-09T03:15:00+00:00,361.22000000,361.59000000,361.06000000,361.57000000,10.79000000
1775705400000,2026-04-09T03:30:00+00:00,361.57000000,361.65000000,361.40000000,361.41000000,5.60000000
1775706300000,2026-04-09T03:45:00+00:00,361.20000000,361.24000000,360.72000000,361.08000000,59.59000000
1775707200000,2026-04-09T04:00:00+00:00,360.96000000,361.09000000,359.95000000,361.07000000,83.73000000
1775708100000,2026-04-09T04:15:00+00:00,361.07000000,361.19000000,360.81000000,360.97000000,4.09000000
1775709000000,2026-04-09T04:30:00+00:00,361.03000000,361.24000000,360.96000000,361.24000000,4.94000000
1775709900000,2026-04-09T04:45:00+00:00,361.22000000,361.48000000,360.69000000,361.39000000,23.99000000
1775710800000,2026-04-09T05:00:00+00:00,361.39000000,361.57000000,360.99000000,361.09000000,16.34000000
1775711700000,2026-04-09T05:15:00+00:00,361.10000000,362.08000000,361.09000000,361.90000000,31.08000000
1775712600000,2026-04-09T05:30:00+00:00,362.00000000,362.43000000,362.00000000,362.33000000,18.36000000
1775713500000,2026-04-09T05:45:00+00:00,362.33000000,362.52000000,362.21000000,362.23000000,10.71000000
1775714400000,2026-04-09T06:00:00+00:00,362.40000000,363.01000000,362.40000000,362.76000000,14.84000000
1775715300000,2026-04-09T06:15:00+00:00,362.78000000,362.78000000,362.28000000,362.48000000,5.85000000
1775716200000,2026-04-09T06:30:00+00:00,362.46000000,362.97000000,362.42000000,362.97000000,2.69000000
1775717100000,2026-04-09T06:45:00+00:00,362.96000000,363.11000000,362.78000000,362.92000000,5.46000000
1775718000000,2026-04-09T07:00:00+00:00,362.98000000,363.32000000,362.49000000,362.68000000,17.47000000
1775718900000,2026-04-09T07:15:00+00:00,362.70000000,362.80000000,362.14000000,362.14000000,5.06000000
1775719800000,2026-04-09T07:30:00+00:00,362.14000000,362.30000000,361.57000000,361.61000000,7.64000000
1775720700000,2026-04-09T07:45:00+00:00,361.58000000,362.59000000,361.32000000,362.04000000,52.09000000
1775721600000,2026-04-09T08:00:00+00:00,362.04000000,362.83000000,361.06000000,361.21000000,25.21000000
1775722500000,2026-04-09T08:15:00+00:00,361.15000000,361.36000000,359.88000000,361.36000000,52.69000000
1775723400000,2026-04-09T08:30:00+00:00,361.30000000,362.47000000,361.30000000,362.11000000,24.35000000
1775724300000,2026-04-09T08:45:00+00:00,362.52000000,362.52000000,360.43000000,361.60000000,42.33000000
1775725200000,2026-04-09T09:00:00+00:00,361.59000000,361.61000000,361.14000000,361.37000000,16.47000000
1775726100000,2026-04-09T09:15:00+00:00,361.37000000,362.36000000,361.37000000,362.30000000,9.13000000
1775727000000,2026-04-09T09:30:00+00:00,362.34000000,362.41000000,361.79000000,362.20000000,7.60000000
1775727900000,2026-04-09T09:45:00+00:00,362.15000000,362.63000000,362.02000000,362.61000000,15.46000000
1775728800000,2026-04-09T10:00:00+00:00,362.62000000,362.93000000,362.61000000,362.61000000,28.86000000
1775729700000,2026-04-09T10:15:00+00:00,362.81000000,363.18000000,362.14000000,363.09000000,11.27000000
1775730600000,2026-04-09T10:30:00+00:00,363.17000000,363.17000000,362.26000000,362.47000000,12.94000000
1775731500000,2026-04-09T10:45:00+00:00,362.53000000,362.85000000,362.08000000,362.08000000,17.09000000
1775732400000,2026-04-09T11:00:00+00:00,362.07000000,362.44000000,362.01000000,362.02000000,9.35000000
1775733300000,2026-04-09T11:15:00+00:00,361.97000000,362.20000000,361.84000000,361.84000000,1.64000000
1775734200000,2026-04-09T11:30:00+00:00,361.82000000,363.04000000,361.82000000,362.94000000,6.56000000
1775735100000,2026-04-09T11:45:00+00:00,362.86000000,363.33000000,362.86000000,363.33000000,3.20000000
1775736000000,2026-04-09T12:00:00+00:00,363.26000000,363.69000000,362.94000000,362.99000000,21.98000000
1775736900000,2026-04-09T12:15:00+00:00,362.66000000,362.93000000,362.14000000,362.48000000,15.73000000
1775737800000,2026-04-09T12:30:00+00:00,362.59000000,363.25000000,362.42000000,363.15000000,10.09000000
1775738700000,2026-04-09T12:45:00+00:00,363.15000000,363.18000000,362.50000000,362.61000000,12.01000000
1775739600000,2026-04-09T13:00:00+00:00,362.74000000,362.74000000,361.71000000,361.89000000,20.28000000
1775740500000,2026-04-09T13:15:00+00:00,361.98000000,363.64000000,361.66000000,363.13000000,46.90000000
1775741400000,2026-04-09T13:30:00+00:00,363.09000000,368.52000000,363.07000000,368.18000000,193.97000000
1775742300000,2026-04-09T13:45:00+00:00,368.18000000,368.18000000,364.64000000,364.97000000,116.95000000
1775743200000,2026-04-09T14:00:00+00:00,365.02000000,365.05000000,362.87000000,363.03000000,74.63000000
1775744100000,2026-04-09T14:15:00+00:00,362.93000000,362.93000000,361.04000000,361.08000000,38.95000000
1775745000000,2026-04-09T14:30:00+00:00,361.20000000,361.85000000,360.76000000,361.45000000,31.91000000
1775745900000,2026-04-09T14:45:00+00:00,361.46000000,363.68000000,361.46000000,362.91000000,94.18000000
1775746800000,2026-04-09T15:00:00+00:00,363.04000000,363.63000000,362.40000000,363.56000000,12.78000000
1775747700000,2026-04-09T15:15:00+00:00,363.68000000,364.34000000,363.06000000,363.63000000,16.79000000
1775748600000,2026-04-09T15:30:00+00:00,363.63000000,365.80000000,363.63000000,365.02000000,74.50000000
1775749500000,2026-04-09T15:45:00+00:00,364.92000000,365.69000000,364.44000000,365.35000000,33.85000000
1775750400000,2026-04-09T16:00:00+00:00,365.33000000,366.18000000,364.94000000,364.94000000,27.38000000
1775751300000,2026-04-09T16:15:00+00:00,364.83000000,366.01000000,364.81000000,365.92000000,26.05000000
1775752200000,2026-04-09T16:30:00+00:00,365.78000000,365.96000000,365.01000000,365.38000000,22.75000000
1775753100000,2026-04-09T16:45:00+00:00,365.16000000,365.55000000,364.74000000,364.96000000,10.52000000
1775754000000,2026-04-09T17:00:00+00:00,364.95000000,365.43000000,364.68000000,365.29000000,21.26000000
1775754900000,2026-04-09T17:15:00+00:00,365.28000000,365.80000000,365.28000000,365.42000000,10.67000000
1775755800000,2026-04-09T17:30:00+00:00,365.40000000,366.12000000,365.09000000,365.55000000,14.95000000
1775756700000,2026-04-09T17:45:00+00:00,365.59000000,366.08000000,365.43000000,365.56000000,9.47000000
1775757600000,2026-04-09T18:00:00+00:00,365.41000000,365.58000000,363.82000000,364.18000000,48.00000000
1775758500000,2026-04-09T18:15:00+00:00,364.45000000,364.53000000,363.63000000,363.68000000,12.35000000
1775759400000,2026-04-09T18:30:00+00:00,363.51000000,364.31000000,363.17000000,363.94000000,29.12000000
1775760300000,2026-04-09T18:45:00+00:00,364.05000000,364.53000000,363.95000000,364.22000000,311.89000000
1775761200000,2026-04-09T19:00:00+00:00,364.27000000,364.98000000,364.27000000,364.73000000,3.99000000
1775762100000,2026-04-09T19:15:00+00:00,364.81000000,364.84000000,364.49000000,364.62000000,5.73000000
1775763000000,2026-04-09T19:30:00+00:00,364.66000000,365.15000000,364.66000000,364.76000000,1.90000000
1775763900000,2026-04-09T19:45:00+00:00,364.75000000,365.48000000,364.44000000,365.48000000,6.03000000
1775764800000,2026-04-09T20:00:00+00:00,365.49000000,365.58000000,365.00000000,365.16000000,8.40000000
1775765700000,2026-04-09T20:15:00+00:00,365.32000000,365.74000000,365.24000000,365.74000000,18.97000000
1775766600000,2026-04-09T20:30:00+00:00,365.73000000,366.03000000,365.73000000,365.73000000,3.59000000
1775767500000,2026-04-09T20:45:00+00:00,365.90000000,366.31000000,365.79000000,366.27000000,5.75000000
1775768400000,2026-04-09T21:00:00+00:00,366.27000000,366.53000000,365.56000000,365.56000000,7.72000000
1775769300000,2026-04-09T21:15:00+00:00,365.67000000,366.17000000,365.18000000,366.17000000,26.66000000
1775770200000,2026-04-09T21:30:00+00:00,366.13000000,366.16000000,365.64000000,366.16000000,12.59000000
1775771100000,2026-04-09T21:45:00+00:00,366.04000000,366.20000000,366.02000000,366.02000000,6.54000000
1775772000000,2026-04-09T22:00:00+00:00,366.02000000,366.79000000,365.99000000,366.71000000,20.63000000
1775772900000,2026-04-09T22:15:00+00:00,366.76000000,367.08000000,366.34000000,366.60000000,27.66000000
1775773800000,2026-04-09T22:30:00+00:00,366.60000000,366.66000000,366.17000000,366.26000000,7.69000000
1775774700000,2026-04-09T22:45:00+00:00,366.06000000,366.06000000,365.57000000,365.61000000,2.40000000
1775775600000,2026-04-09T23:00:00+00:00,365.61000000,366.19000000,365.44000000,366.18000000,11.58000000
1775776500000,2026-04-09T23:15:00+00:00,366.25000000,366.48000000,365.88000000,366.11000000,1.78000000
1775777400000,2026-04-09T23:30:00+00:00,366.32000000,366.32000000,365.72000000,365.96000000,25.07000000
1775778300000,2026-04-09T23:45:00+00:00,366.34000000,366.46000000,366.26000000,366.27000000,1.57000000
1775779200000,2026-04-10T00:00:00+00:00,366.49000000,366.49000000,366.07000000,366.16000000,19.70000000
1775780100000,2026-04-10T00:15:00+00:00,366.16000000,366.50000000,366.09000000,366.47000000,2.82000000
1775781000000,2026-04-10T00:30:00+00:00,366.47000000,366.99000000,366.28000000,366.28000000,5.65000000
1775781900000,2026-04-10T00:45:00+00:00,366.36000000,366.52000000,366.25000000,366.52000000,0.30000000
1775782800000,2026-04-10T01:00:00+00:00,366.54000000,367.43000000,366.54000000,367.36000000,18.46000000
1775783700000,2026-04-10T01:15:00+00:00,367.41000000,368.37000000,367.41000000,368.30000000,319.05000000
1775784600000,2026-04-10T01:30:00+00:00,368.33000000,369.00000000,367.61000000,367.61000000,14.25000000
1775785500000,2026-04-10T01:45:00+00:00,367.62000000,368.12000000,367.62000000,367.74000000,33.89000000
1775786400000,2026-04-10T02:00:00+00:00,367.83000000,367.88000000,367.65000000,367.65000000,10.96000000
1775787300000,2026-04-10T02:15:00+00:00,367.58000000,367.59000000,367.12000000,367.12000000,12.79000000
1775788200000,2026-04-10T02:30:00+00:00,367.64000000,367.88000000,367.58000000,367.88000000,3.45000000
1775789100000,2026-04-10T02:45:00+00:00,367.94000000,368.63000000,367.51000000,368.63000000,89.42000000
1775790000000,2026-04-10T03:00:00+00:00,368.72000000,370.05000000,368.69000000,369.67000000,154.14000000
1775790900000,2026-04-10T03:15:00+00:00,369.54000000,369.67000000,369.37000000,369.41000000,3.96000000
1775791800000,2026-04-10T03:30:00+00:00,369.08000000,369.54000000,369.08000000,369.29000000,20.62000000
1775792700000,2026-04-10T03:45:00+00:00,369.29000000,369.74000000,369.29000000,369.64000000,4.04000000
1775793600000,2026-04-10T04:00:00+00:00,369.52000000,370.08000000,369.43000000,369.72000000,77.06000000
1775794500000,2026-04-10T04:15:00+00:00,369.72000000,369.83000000,369.72000000,369.83000000,11.08000000
1775795400000,2026-04-10T04:30:00+00:00,369.73000000,369.95000000,369.72000000,369.72000000,23.92000000
1775796300000,2026-04-10T04:45:00+00:00,369.73000000,369.74000000,369.41000000,369.61000000,13.07000000
1775797200000,2026-04-10T05:00:00+00:00,369.39000000,370.39000000,369.39000000,370.29000000,16.10000000
1775798100000,2026-04-10T05:15:00+00:00,370.51000000,371.40000000,370.51000000,371.01000000,21.78000000
1775799000000,2026-04-10T05:30:00+00:00,370.80000000,375.69000000,370.73000000,373.41000000,501.36000000
1775799900000,2026-04-10T05:45:00+00:00,373.52000000,373.62000000,371.85000000,372.11000000,115.96000000
1775800800000,2026-04-10T06:00:00+00:00,372.24000000,372.98000000,372.14000000,372.30000000,90.23000000
1775801700000,2026-04-10T06:15:00+00:00,372.20000000,372.87000000,371.95000000,372.44000000,36.07000000
1775802600000,2026-04-10T06:30:00+00:00,372.52000000,372.55000000,371.87000000,371.87000000,37.56000000
1775803500000,2026-04-10T06:45:00+00:00,371.81000000,372.78000000,371.78000000,371.84000000,7.47000000
1775804400000,2026-04-10T07:00:00+00:00,371.76000000,371.76000000,370.20000000,370.52000000,46.83000000
1775805300000,2026-04-10T07:15:00+00:00,370.52000000,370.86000000,369.62000000,370.86000000,27.01000000
1775806200000,2026-04-10T07:30:00+00:00,370.88000000,371.30000000,370.74000000,370.92000000,23.86000000
1775807100000,2026-04-10T07:45:00+00:00,371.01000000,371.65000000,370.92000000,371.09000000,13.67000000
1775808000000,2026-04-10T08:00:00+00:00,371.12000000,372.40000000,370.69000000,372.25000000,78.37000000
1775808900000,2026-04-10T08:15:00+00:00,372.29000000,372.29000000,371.52000000,372.05000000,51.02000000
1775809800000,2026-04-10T08:30:00+00:00,372.25000000,372.91000000,372.07000000,372.80000000,30.88000000
1775810700000,2026-04-10T08:45:00+00:00,372.80000000,373.14000000,372.15000000,372.55000000,65.36000000
1775811600000,2026-04-10T09:00:00+00:00,372.33000000,372.79000000,372.22000000,372.49000000,25.86000000
1775812500000,2026-04-10T09:15:00+00:00,372.59000000,373.15000000,371.38000000,372.80000000,74.10000000
1775813400000,2026-04-10T09:30:00+00:00,372.80000000,373.63000000,372.61000000,373.44000000,86.22000000
1775814300000,2026-04-10T09:45:00+00:00,373.45000000,373.76000000,373.23000000,373.76000000,29.41000000
1775815200000,2026-04-10T10:00:00+00:00,373.73000000,374.32000000,373.59000000,374.32000000,44.14000000
1775816100000,2026-04-10T10:15:00+00:00,374.32000000,374.71000000,373.92000000,374.71000000,7.10000000
1775817000000,2026-04-10T10:30:00+00:00,374.64000000,374.64000000,373.30000000,373.30000000,16.97000000
1775817900000,2026-04-10T10:45:00+00:00,373.20000000,373.25000000,372.78000000,373.12000000,29.34000000
1775818800000,2026-04-10T11:00:00+00:00,373.15000000,374.48000000,373.15000000,374.48000000,11.98000000
1775819700000,2026-04-10T11:15:00+00:00,374.48000000,374.48000000,373.86000000,374.37000000,50.24000000
1775820600000,2026-04-10T11:30:00+00:00,374.37000000,374.54000000,373.81000000,373.84000000,44.23000000
1775821500000,2026-04-10T11:45:00+00:00,374.01000000,374.01000000,373.46000000,373.55000000,4.93000000
1775822400000,2026-04-10T12:00:00+00:00,373.46000000,373.57000000,373.26000000,373.56000000,2.05000000
1775823300000,2026-04-10T12:15:00+00:00,373.63000000,374.08000000,373.61000000,374.08000000,16.32000000
1775824200000,2026-04-10T12:30:00+00:00,374.03000000,374.70000000,373.84000000,374.47000000,222.66000000
1775825100000,2026-04-10T12:45:00+00:00,374.42000000,374.42000000,373.83000000,373.83000000,193.83000000
1775826000000,2026-04-10T13:00:00+00:00,373.67000000,374.38000000,373.37000000,374.38000000,13.47000000
1775826900000,2026-04-10T13:15:00+00:00,374.34000000,375.91000000,374.00000000,375.56000000,35.83000000
1775827800000,2026-04-10T13:30:00+00:00,375.34000000,377.52000000,374.12000000,374.96000000,548.40000000
1775828700000,2026-04-10T13:45:00+00:00,375.49000000,378.00000000,375.33000000,377.22000000,295.68000000
1775829600000,2026-04-10T14:00:00+00:00,376.86000000,376.90000000,374.06000000,375.14000000,183.40000000
1775830500000,2026-04-10T14:15:00+00:00,375.39000000,376.96000000,375.39000000,376.70000000,49.88000000
1775831400000,2026-04-10T14:30:00+00:00,376.77000000,377.48000000,375.10000000,375.65000000,92.18000000
1775832300000,2026-04-10T14:45:00+00:00,375.52000000,377.01000000,375.06000000,375.70000000,50.76000000
1775833200000,2026-04-10T15:00:00+00:00,375.77000000,375.95000000,375.14000000,375.70000000,21.18000000
1775834100000,2026-04-10T15:15:00+00:00,375.90000000,376.76000000,375.68000000,375.74000000,53.32000000
1775835000000,2026-04-10T15:30:00+00:00,375.78000000,375.85000000,373.53000000,373.73000000,52.49000000
1775835900000,2026-04-10T15:45:00+00:00,373.79000000,373.92000000,372.50000000,372.59000000,94.54000000
1775836800000,2026-04-10T16:00:00+00:00,372.65000000,373.57000000,372.50000000,373.57000000,26.31000000
1775837700000,2026-04-10T16:15:00+00:00,373.58000000,373.61000000,372.74000000,372.98000000,38.77000000
1775838600000,2026-04-10T16:30:00+00:00,373.12000000,373.33000000,371.80000000,372.17000000,16.60000000
1775839500000,2026-04-10T16:45:00+00:00,372.11000000,372.91000000,372.11000000,372.91000000,11.48000000
1775840400000,2026-04-10T17:00:00+00:00,373.18000000,373.18000000,372.30000000,372.59000000,9.97000000
1775841300000,2026-04-10T17:15:00+00:00,372.37000000,372.57000000,371.80000000,371.95000000,240.32000000
1775842200000,2026-04-10T17:30:00+00:00,371.98000000,373.05000000,371.84000000,372.87000000,138.67000000
1775843100000,2026-04-10T17:45:00+00:00,373.05000000,373.11000000,372.68000000,372.85000000,14.61000000
1775844000000,2026-04-10T18:00:00+00:00,372.84000000,372.88000000,372.10000000,372.51000000,144.79000000
1775844900000,2026-04-10T18:15:00+00:00,372.72000000,373.15000000,372.47000000,372.81000000,17.86000000
1775845800000,2026-04-10T18:30:00+00:00,372.79000000,372.87000000,372.21000000,372.33000000,11.82000000
1775846700000,2026-04-10T18:45:00+00:00,372.30000000,372.37000000,371.89000000,371.92000000,217.84000000
1775847600000,2026-04-10T19:00:00+00:00,372.02000000,372.35000000,371.75000000,372.35000000,14.60000000
1775848500000,2026-04-10T19:15:00+00:00,372.10000000,373.11000000,372.10000000,372.43000000,16.66000000
1775849400000,2026-04-10T19:30:00+00:00,372.30000000,372.30000000,370.83000000,370.91000000,12.27000000
1775850300000,2026-04-10T19:45:00+00:00,370.94000000,371.22000000,369.79000000,370.56000000,111.10000000
1775851200000,2026-04-10T20:00:00+00:00,370.59000000,371.09000000,370.59000000,371.09000000,11.81000000
1775852100000,2026-04-10T20:15:00+00:00,371.09000000,371.33000000,370.99000000,371.11000000,2.40000000
1775853000000,2026-04-10T20:30:00+00:00,371.20000000,371.32000000,370.98000000,371.04000000,3.59000000
1775853900000,2026-04-10T20:45:00+00:00,371.03000000,371.23000000,370.96000000,371.14000000,30.78000000
1775854800000,2026-04-10T21:00:00+00:00,371.19000000,371.38000000,370.71000000,371.08000000,34.71000000
1775855700000,2026-04-10T21:15:00+00:00,371.34000000,371.58000000,371.28000000,371.51000000,2.07000000
1775856600000,2026-04-10T21:30:00+00:00,371.63000000,371.74000000,370.95000000,371.19000000,8.77000000
1775857500000,2026-04-10T21:45:00+00:00,371.14000000,371.19000000,370.94000000,371.19000000,2.35000000
1775858400000,2026-04-10T22:00:00+00:00,371.13000000,371.61000000,370.37000000,371.08000000,17.22000000
1775859300000,2026-04-10T22:15:00+00:00,370.92000000,371.17000000,370.48000000,370.90000000,16.05000000
1775860200000,2026-04-10T22:30:00+00:00,371.06000000,371.68000000,370.95000000,371.20000000,16.04000000
1775861100000,2026-04-10T22:45:00+00:00,371.14000000,371.30000000,370.95000000,370.97000000,0.64000000
1775862000000,2026-04-10T23:00:00+00:00,371.12000000,371.32000000,370.46000000,371.32000000,15.72000000
1775862900000,2026-04-10T23:15:00+00:00,371.27000000,371.45000000,371.16000000,371.29000000,4.76000000
1775863800000,2026-04-10T23:30:00+00:00,371.29000000,371.39000000,370.67000000,371.09000000,32.40000000
1775864700000,2026-04-10T23:45:00+00:00,371.09000000,371.61000000,370.71000000,371.49000000,12.67000000
1775865600000,2026-04-11T00:00:00+00:00,371.29000000,371.34000000,370.23000000,370.58000000,23.37000000
1775866500000,2026-04-11T00:15:00+00:00,370.31000000,370.36000000,369.65000000,370.10000000,14.05000000
1775867400000,2026-04-11T00:30:00+00:00,370.10000000,370.68000000,370.06000000,370.42000000,9.93000000
1775868300000,2026-04-11T00:45:00+00:00,370.66000000,370.80000000,370.41000000,370.80000000,4.72000000
1775869200000,2026-04-11T01:00:00+00:00,370.67000000,371.14000000,370.67000000,370.92000000,8.88000000
1775870100000,2026-04-11T01:15:00+00:00,370.95000000,370.97000000,370.54000000,370.54000000,1.52000000
1775871000000,2026-04-11T01:30:00+00:00,370.57000000,370.96000000,370.57000000,370.88000000,0.34000000
1775871900000,2026-04-11T01:45:00+00:00,370.97000000,371.10000000,370.78000000,370.82000000,2.63000000
1775872800000,2026-04-11T02:00:00+00:00,370.89000000,371.00000000,370.84000000,370.86000000,21.64000000
1775873700000,2026-04-11T02:15:00+00:00,370.92000000,370.97000000,370.84000000,370.89000000,2.25000000
1775874600000,2026-04-11T02:30:00+00:00,371.00000000,371.00000000,370.84000000,371.00000000,77.24000000
1775875500000,2026-04-11T02:45:00+00:00,370.88000000,370.97000000,370.80000000,370.97000000,0.77000000
1775876400000,2026-04-11T03:00:00+00:00,370.89000000,371.00000000,370.80000000,370.99000000,9.52000000
1775877300000,2026-04-11T03:15:00+00:00,370.80000000,370.82000000,370.80000000,370.82000000,0.58000000
1775878200000,2026-04-11T03:30:00+00:00,370.90000000,371.00000000,370.80000000,370.80000000,4.63000000
1775879100000,2026-04-11T03:45:00+00:00,370.80000000,370.80000000,370.80000000,370.80000000,0.00000000
1775880000000,2026-04-11T04:00:00+00:00,370.91000000,371.28000000,370.80000000,371.07000000,12.54000000
1775880900000,2026-04-11T04:15:00+00:00,371.07000000,371.26000000,370.89000000,370.89000000,0.46000000
1775881800000,2026-04-11T04:30:00+00:00,371.07000000,371.42000000,370.59000000,370.61000000,6.02000000
1775882700000,2026-04-11T04:45:00+00:00,370.72000000,370.80000000,370.60000000,370.60000000,2.06000000
1775883600000,2026-04-11T05:00:00+00:00,370.64000000,370.80000000,370.60000000,370.60000000,4.04000000
1775884500000,2026-04-11T05:15:00+00:00,370.61000000,370.81000000,370.61000000,370.81000000,2.62000000
1775885400000,2026-04-11T05:30:00+00:00,370.76000000,371.01000000,370.69000000,370.97000000,1.89000000
1775886300000,2026-04-11T05:45:00+00:00,370.97000000,370.97000000,370.54000000,370.89000000,5.17000000
1775887200000,2026-04-11T06:00:00+00:00,370.68000000,371.28000000,370.68000000,371.12000000,5.86000000
1775888100000,2026-04-11T06:15:00+00:00,371.22000000,371.40000000,371.19000000,371.27000000,1.93000000
1775889000000,2026-04-11T06:30:00+00:00,371.15000000,372.35000000,371.15000000,371.30000000,12.89000000
1775889900000,2026-04-11T06:45:00+00:00,371.26000000,371.47000000,370.98000000,371.17000000,1.33000000
1775890800000,2026-04-11T07:00:00+00:00,370.96000000,371.96000000,370.96000000,371.12000000,8.83000000
1775891700000,2026-04-11T07:15:00+00:00,371.16000000,371.45000000,371.04000000,371.16000000,5.12000000
1775892600000,2026-04-11T07:30:00+00:00,371.53000000,371.53000000,371.04000000,371.48000000,3.24000000
1775893500000,2026-04-11T07:45:00+00:00,371.16000000,371.47000000,371.04000000,371.04000000,1.21000000
1775894400000,2026-04-11T08:00:00+00:00,371.41000000,371.47000000,371.08000000,371.25000000,4.39000000
1775895300000,2026-04-11T08:15:00+00:00,371.25000000,371.65000000,371.25000000,371.50000000,3.72000000
1775896200000,2026-04-11T08:30:00+00:00,371.53000000,371.67000000,371.27000000,371.34000000,3.17000000
1775897100000,2026-04-11T08:45:00+00:00,371.42000000,371.42000000,371.27000000,371.27000000,0.29000000
1775898000000,2026-04-11T09:00:00+00:00,371.28000000,371.79000000,371.27000000,371.27000000,11.95000000
1775898900000,2026-04-11T09:15:00+00:00,371.27000000,371.55000000,371.27000000,371.36000000,2.87000000
1775899800000,2026-04-11T09:30:00+00:00,371.70000000,371.70000000,370.93000000,371.09000000,27.61000000
1775900700000,2026-04-11T09:45:00+00:00,371.57000000,371.57000000,371.00000000,371.00000000,2.10000000
1775901600000,2026-04-11T10:00:00+00:00,371.27000000,371.27000000,371.27000000,371.27000000,1.85000000
1775902500000,2026-04-11T10:15:00+00:00,371.21000000,371.47000000,371.20000000,371.32000000,0.58000000
1775903400000,2026-04-11T10:30:00+00:00,371.36000000,371.79000000,371.36000000,371.53000000,4.08000000
1775904300000,2026-04-11T10:45:00+00:00,371.57000000,371.93000000,371.33000000,371.33000000,3.27000000
1775905200000,2026-04-11T11:00:00+00:00,371.34000000,371.60000000,371.34000000,371.60000000,0.06000000
1775906100000,2026-04-11T11:15:00+00:00,371.32000000,371.32000000,371.32000000,371.32000000,0.34000000
1775907000000,2026-04-11T11:30:00+00:00,371.37000000,371.64000000,371.04000000,371.59000000,4.80000000
1775907900000,2026-04-11T11:45:00+00:00,371.34000000,371.59000000,371.30000000,371.50000000,0.24000000
1775908800000,2026-04-11T12:00:00+00:00,371.59000000,371.59000000,371.17000000,371.18000000,1.56000000
1775909700000,2026-04-11T12:15:00+00:00,371.18000000,371.18000000,371.18000000,371.18000000,0.00000000
1775910600000,2026-04-11T12:30:00+00:00,371.17000000,371.83000000,371.10000000,371.15000000,9.33000000
1775911500000,2026-04-11T12:45:00+00:00,371.80000000,371.97000000,371.11000000,371.31000000,5.45000000
1775912400000,2026-04-11T13:00:00+00:00,371.39000000,371.70000000,371.18000000,371.46000000,5.38000000
1775913300000,2026-04-11T13:15:00+00:00,371.34000000,371.74000000,371.10000000,371.10000000,6.56000000
1775914200000,2026-04-11T13:30:00+00:00,371.10000000,371.15000000,371.10000000,371.15000000,1.42000000
1775915100000,2026-04-11T13:45:00+00:00,371.10000000,371.10000000,370.50000000,370.76000000,21.99000000
1775916000000,2026-04-11T14:00:00+00:00,370.91000000,371.43000000,370.63000000,370.73000000,6.11000000
1775916900000,2026-04-11T14:15:00+00:00,370.69000000,371.92000000,370.50000000,371.64000000,16.42000000
1775917800000,2026-04-11T14:30:00+00:00,371.64000000,371.69000000,371.23000000,371.40000000,9.19000000
1775918700000,2026-04-11T14:45:00+00:00,371.36000000,371.44000000,371.13000000,371.19000000,6.90000000
1775919600000,2026-04-11T15:00:00+00:00,371.33000000,371.74000000,371.01000000,371.21000000,4.84000000
1775920500000,2026-04-11T15:15:00+00:00,371.31000000,371.56000000,370.77000000,371.27000000,10.99000000
1775921400000,2026-04-11T15:30:00+00:00,371.16000000,371.75000000,370.72000000,371.63000000,32.37000000
1775922300000,2026-04-11T15:45:00+00:00,371.63000000,371.84000000,370.70000000,371.61000000,38.35000000
1775923200000,2026-04-11T16:00:00+00:00,370.70000000,372.10000000,370.70000000,370.72000000,37.44000000
1775924100000,2026-04-11T16:15:00+00:00,370.92000000,371.92000000,370.74000000,370.88000000,4.09000000
1775925000000,2026-04-11T16:30:00+00:00,371.46000000,371.67000000,370.76000000,371.65000000,5.21000000
1775925900000,2026-04-11T16:45:00+00:00,371.42000000,372.49000000,370.97000000,372.27000000,36.36000000
1775926800000,2026-04-11T17:00:00+00:00,371.60000000,372.03000000,371.20000000,371.88000000,6.18000000
1775927700000,2026-04-11T17:15:00+00:00,371.89000000,371.99000000,371.89000000,371.97000000,3.36000000
1775928600000,2026-04-11T17:30:00+00:00,372.00000000,372.00000000,371.63000000,372.00000000,3.75000000
1775929500000,2026-04-11T17:45:00+00:00,371.96000000,372.00000000,371.73000000,371.73000000,0.82000000
1775930400000,2026-04-11T18:00:00+00:00,371.65000000,372.09000000,371.03000000,371.74000000,5.35000000
1775931300000,2026-04-11T18:15:00+00:00,371.74000000,372.02000000,371.74000000,372.02000000,0.44000000
1775932200000,2026-04-11T18:30:00+00:00,372.00000000,372.53000000,371.52000000,372.17000000,114.28000000
1775933100000,2026-04-11T18:45:00+00:00,371.51000000,371.51000000,371.43000000,371.43000000,1.53000000
1775934000000,2026-04-11T19:00:00+00:00,371.39000000,371.77000000,371.34000000,371.50000000,0.50000000
1775934900000,2026-04-11T19:15:00+00:00,372.03000000,372.03000000,371.50000000,372.02000000,0.49000000
1775935800000,2026-04-11T19:30:00+00:00,372.03000000,372.04000000,371.21000000,371.93000000,14.19000000
1775936700000,2026-04-11T19:45:00+00:00,371.04000000,371.85000000,371.04000000,371.73000000,2.29000000
1775937600000,2026-04-11T20:00:00+00:00,372.14000000,372.14000000,371.40000000,372.10000000,1.84000000
1775938500000,2026-04-11T20:15:00+00:00,371.67000000,371.67000000,371.67000000,371.67000000,0.06000000
1775939400000,2026-04-11T20:30:00+00:00,371.97000000,372.03000000,370.99000000,370.99000000,1.21000000
1775940300000,2026-04-11T20:45:00+00:00,370.99000000,370.99000000,370.99000000,370.99000000,0.00000000
1775941200000,2026-04-11T21:00:00+00:00,371.00000000,371.35000000,371.00000000,371.09000000,0.56000000
1775942100000,2026-04-11T21:15:00+00:00,371.08000000,371.08000000,371.08000000,371.08000000,0.54000000
1775943000000,2026-04-11T21:30:00+00:00,371.08000000,371.47000000,370.87000000,371.47000000,1.18000000
1775943900000,2026-04-11T21:45:00+00:00,370.72000000,371.47000000,370.70000000,370.70000000,33.77000000
1775944800000,2026-04-11T22:00:00+00:00,370.70000000,370.98000000,370.70000000,370.71000000,0.61000000
1775945700000,2026-04-11T22:15:00+00:00,370.78000000,371.26000000,370.78000000,371.13000000,0.77000000
1775946600000,2026-04-11T22:30:00+00:00,371.12000000,372.03000000,370.70000000,370.91000000,4.12000000
1775947500000,2026-04-11T22:45:00+00:00,370.90000000,370.90000000,370.90000000,370.90000000,0.01000000
1775948400000,2026-04-11T23:00:00+00:00,371.74000000,372.34000000,371.23000000,371.93000000,20.76000000
1775949300000,2026-04-11T23:15:00+00:00,371.15000000,371.15000000,371.15000000,371.15000000,0.22000000
1775950200000,2026-04-11T23:30:00+00:00,371.15000000,371.15000000,371.15000000,371.15000000,0.00000000
1775951100000,2026-04-11T23:45:00+00:00,371.15000000,371.19000000,370.91000000,371.19000000,0.64000000
1775952000000,2026-04-12T00:00:00+00:00,371.19000000,371.19000000,371.19000000,371.19000000,0.00000000
1775952900000,2026-04-12T00:15:00+00:00,371.19000000,371.19000000,371.19000000,371.19000000,0.00000000
1775953800000,2026-04-12T00:30:00+00:00,370.99000000,372.08000000,370.99000000,372.08000000,2.98000000
1775954700000,2026-04-12T00:45:00+00:00,372.08000000,372.15000000,371.56000000,371.56000000,3.42000000
1775955600000,2026-04-12T01:00:00+00:00,371.56000000,372.13000000,371.31000000,371.31000000,3.02000000
1775956500000,2026-04-12T01:15:00+00:00,372.03000000,372.03000000,371.72000000,371.99000000,1.60000000
1775957400000,2026-04-12T01:30:00+00:00,371.51000000,371.87000000,370.70000000,370.70000000,36.04000000
1775958300000,2026-04-12T01:45:00+00:00,370.70000000,371.05000000,369.00000000,370.09000000,104.25000000
1775959200000,2026-04-12T02:00:00+00:00,370.04000000,370.65000000,369.01000000,370.22000000,103.30000000
1775960100000,2026-04-12T02:15:00+00:00,370.27000000,370.98000000,369.07000000,370.27000000,72.04000000
1775961000000,2026-04-12T02:30:00+00:00,370.31000000,370.49000000,370.23000000,370.35000000,19.32000000
1775961900000,2026-04-12T02:45:00+00:00,370.35000000,370.35000000,369.38000000,370.08000000,104.04000000
1775962800000,2026-04-12T03:00:00+00:00,370.18000000,370.32000000,370.18000000,370.24000000,2.51000000
1775963700000,2026-04-12T03:15:00+00:00,370.29000000,370.30000000,370.04000000,370.19000000,29.63000000
1775964600000,2026-04-12T03:30:00+00:00,370.19000000,370.32000000,370.19000000,370.23000000,6.72000000
1775965500000,2026-04-12T03:45:00+00:00,370.23000000,370.30000000,370.23000000,370.30000000,9.98000000
1775966400000,2026-04-12T04:00:00+00:00,370.25000000,370.33000000,370.24000000,370.24000000,17.30000000
1775967300000,2026-04-12T04:15:00+00:00,370.24000000,370.33000000,370.24000000,370.26000000,17.08000000
1775968200000,2026-04-12T04:30:00+00:00,370.33000000,370.34000000,370.24000000,370.24000000,8.57000000
1775969100000,2026-04-12T04:45:00+00:00,370.34000000,370.34000000,370.15000000,370.17000000,14.89000000
1775970000000,2026-04-12T05:00:00+00:00,370.22000000,370.22000000,370.22000000,370.22000000,2.20000000
1775970900000,2026-04-12T05:15:00+00:00,370.22000000,370.34000000,369.83000000,370.17000000,25.00000000
1775971800000,2026-04-12T05:30:00+00:00,370.33000000,370.34000000,370.23000000,370.23000000,3.81000000
1775972700000,2026-04-12T05:45:00+00:00,370.23000000,370.34000000,370.06000000,370.32000000,35.06000000
1775973600000,2026-04-12T06:00:00+00:00,370.23000000,370.34000000,369.70000000,370.01000000,33.78000000
1775974500000,2026-04-12T06:15:00+00:00,369.70000000,369.95000000,369.34000000,369.41000000,22.92000000
1775975400000,2026-04-12T06:30:00+00:00,369.65000000,369.66000000,369.33000000,369.33000000,8.56000000
1775976300000,2026-04-12T06:45:00+00:00,369.65000000,369.66000000,369.25000000,369.66000000,9.37000000
1775977200000,2026-04-12T07:00:00+00:00,369.66000000,369.66000000,369.44000000,369.66000000,0.59000000
1775978100000,2026-04-12T07:15:00+00:00,369.40000000,370.00000000,369.40000000,369.91000000,9.97000000
1775979000000,2026-04-12T07:30:00+00:00,369.91000000,370.22000000,369.40000000,369.64000000,36.66000000
1775979900000,2026-04-12T07:45:00+00:00,370.15000000,370.34000000,369.19000000,369.48000000,21.32000000
1775980800000,2026-04-12T08:00:00+00:00,370.00000000,370.00000000,368.64000000,369.04000000,7.54000000
1775981700000,2026-04-12T08:15:00+00:00,369.04000000,369.47000000,369.04000000,369.30000000,13.44000000
1775982600000,2026-04-12T08:30:00+00:00,369.59000000,369.82000000,369.57000000,369.57000000,0.65000000
1775983500000,2026-04-12T08:45:00+00:00,369.57000000,369.57000000,369.05000000,369.05000000,31.06000000
1775984400000,2026-04-12T09:00:00+00:00,369.78000000,369.89000000,368.66000000,369.04000000,60.60000000
1775985300000,2026-04-12T09:15:00+00:00,369.40000000,369.82000000,368.86000000,369.57000000,99.07000000
1775986200000,2026-04-12T09:30:00+00:00,369.20000000,369.87000000,368.73000000,369.41000000,106.73000000
1775987100000,2026-04-12T09:45:00+00:00,369.41000000,369.49000000,368.97000000,369.05000000,77.09000000
1775988000000,2026-04-12T10:00:00+00:00,369.40000000,369.47000000,369.05000000,369.05000000,3.44000000
1775988900000,2026-04-12T10:15:00+00:00,369.28000000,369.28000000,369.04000000,369.25000000,2.12000000
1775989800000,2026-04-12T10:30:00+00:00,369.05000000,369.24000000,369.05000000,369.24000000,2.94000000
1775990700000,2026-04-12T10:45:00+00:00,369.05000000,369.26000000,369.05000000,369.07000000,12.46000000
1775991600000,2026-04-12T11:00:00+00:00,369.25000000,369.26000000,369.07000000,369.07000000,8.87000000
1775992500000,2026-04-12T11:15:00+00:00,369.15000000,369.23000000,369.07000000,369.08000000,25.50000000
1775993400000,2026-04-12T11:30:00+00:00,369.17000000,369.29000000,369.08000000,369.08000000,38.29000000
1775994300000,2026-04-12T11:45:00+00:00,369.26000000,369.26000000,368.83000000,369.06000000,6.88000000
1775995200000,2026-04-12T12:00:00+00:00,369.24000000,369.26000000,368.65000000,369.15000000,182.25000000
1775996100000,2026-04-12T12:15:00+00:00,369.19000000,369.26000000,369.00000000,369.26000000,5.20000000
1775997000000,2026-04-12T12:30:00+00:00,369.26000000,369.26000000,369.02000000,369.04000000,21.66000000
1775997900000,2026-04-12T12:45:00+00:00,369.26000000,369.26000000,369.04000000,369.26000000,143.93000000
1775998800000,2026-04-12T13:00:00+00:00,369.33000000,369.48000000,369.03000000,369.11000000,61.99000000
1775999700000,2026-04-12T13:15:00+00:00,369.31000000,369.41000000,369.10000000,369.41000000,10.79000000
1776000600000,2026-04-12T13:30:00+00:00,369.36000000,369.83000000,368.46000000,369.29000000,122.14000000
1776001500000,2026-04-12T13:45:00+00:00,369.29000000,369.34000000,369.05000000,369.32000000,4.64000000
1776002400000,2026-04-12T14:00:00+00:00,369.23000000,369.33000000,369.08000000,369.31000000,25.47000000
1776003300000,2026-04-12T14:15:00+00:00,369.31000000,369.34000000,369.07000000,369.33000000,5.32000000
1776004200000,2026-04-12T14:30:00+00:00,369.33000000,369.51000000,368.81000000,369.36000000,22.41000000
1776005100000,2026-04-12T14:45:00+00:00,369.36000000,369.36000000,368.60000000,369.15000000,4.87000000
1776006000000,2026-04-12T15:00:00+00:00,369.06000000,369.08000000,368.37000000,368.64000000,48.75000000
1776006900000,2026-04-12T15:15:00+00:00,368.82000000,368.99000000,368.35000000,368.35000000,17.33000000
1776007800000,2026-04-12T15:30:00+00:00,368.29000000,369.04000000,368.20000000,368.87000000,20.03000000
1776008700000,2026-04-12T15:45:00+00:00,368.87000000,369.23000000,368.31000000,369.10000000,20.17000000
1776009600000,2026-04-12T16:00:00+00:00,369.22000000,369.77000000,365.00000000,367.60000000,95.38000000
1776010500000,2026-04-12T16:15:00+00:00,368.14000000,368.46000000,366.97000000,367.52000000,41.77000000
1776011400000,2026-04-12T16:30:00+00:00,367.64000000,367.96000000,367.03000000,367.71000000,10.10000000
1776012300000,2026-04-12T16:45:00+00:00,367.75000000,368.49000000,367.47000000,368.49000000,4.89000000
1776013200000,2026-04-12T17:00:00+00:00,368.26000000,368.26000000,366.88000000,367.43000000,20.49000000
1776014100000,2026-04-12T17:15:00+00:00,366.94000000,367.35000000,366.62000000,367.02000000,47.01000000
1776015000000,2026-04-12T17:30:00+00:00,367.02000000,367.18000000,366.68000000,367.16000000,25.48000000
1776015900000,2026-04-12T17:45:00+00:00,367.13000000,368.00000000,366.46000000,367.03000000,75.02000000
1776016800000,2026-04-12T18:00:00+00:00,367.09000000,368.37000000,366.77000000,367.66000000,56.90000000
1776017700000,2026-04-12T18:15:00+00:00,368.24000000,368.63000000,367.25000000,368.09000000,34.38000000
1776018600000,2026-04-12T18:30:00+00:00,368.52000000,369.28000000,367.99000000,369.15000000,37.72000000
1776019500000,2026-04-12T18:45:00+00:00,369.21000000,369.45000000,368.52000000,369.45000000,20.31000000
1776020400000,2026-04-12T19:00:00+00:00,369.43000000,369.51000000,368.40000000,369.11000000,40.19000000
1776021300000,2026-04-12T19:15:00+00:00,368.69000000,369.25000000,367.78000000,369.18000000,60.96000000
1776022200000,2026-04-12T19:30:00+00:00,369.11000000,369.55000000,368.09000000,368.77000000,59.93000000
1776023100000,2026-04-12T19:45:00+00:00,368.10000000,369.47000000,366.74000000,369.47000000,92.83000000
1776024000000,2026-04-12T20:00:00+00:00,369.44000000,369.44000000,368.03000000,368.57000000,13.59000000
1776024900000,2026-04-12T20:15:00+00:00,368.55000000,369.22000000,367.49000000,367.57000000,69.43000000
1776025800000,2026-04-12T20:30:00+00:00,367.47000000,368.25000000,366.20000000,368.03000000,15.37000000
1776026700000,2026-04-12T20:45:00+00:00,368.08000000,368.40000000,366.76000000,368.40000000,6.74000000
1776027600000,2026-04-12T21:00:00+00:00,368.40000000,368.44000000,366.85000000,367.30000000,11.08000000
1776028500000,2026-04-12T21:15:00+00:00,366.81000000,367.54000000,366.74000000,367.54000000,7.33000000
1776029400000,2026-04-12T21:30:00+00:00,367.39000000,367.56000000,367.23000000,367.44000000,1.63000000
1776030300000,2026-04-12T21:45:00+00:00,367.35000000,367.36000000,366.59000000,366.82000000,6.37000000
1776031200000,2026-04-12T22:00:00+00:00,366.82000000,368.75000000,366.38000000,367.88000000,61.11000000
1776032100000,2026-04-12T22:15:00+00:00,367.87000000,368.09000000,367.36000000,367.68000000,21.15000000
1776033000000,2026-04-12T22:30:00+00:00,367.68000000,367.97000000,365.71000000,366.64000000,149.44000000
1776033900000,2026-04-12T22:45:00+00:00,366.43000000,368.08000000,366.43000000,368.08000000,6.88000000
1776034800000,2026-04-12T23:00:00+00:00,367.93000000,368.04000000,366.86000000,366.90000000,15.04000000
1776035700000,2026-04-12T23:15:00+00:00,367.16000000,367.68000000,366.74000000,367.68000000,14.17000000
1776036600000,2026-04-12T23:30:00+00:00,367.46000000,368.62000000,367.43000000,368.28000000,21.89000000
1776037500000,2026-04-12T23:45:00+00:00,368.52000000,369.56000000,368.30000000,369.55000000,24.18000000
1776038400000,2026-04-13T00:00:00+00:00,370.05000000,370.66000000,358.90000000,362.70000000,346.68000000
1776039300000,2026-04-13T00:15:00+00:00,362.77000000,362.87000000,361.82000000,362.24000000,52.58000000
1776040200000,2026-04-13T00:30:00+00:00,362.24000000,362.72000000,361.19000000,362.46000000,45.06000000
1776041100000,2026-04-13T00:45:00+00:00,362.95000000,366.99000000,362.93000000,366.51000000,103.33000000
1776042000000,2026-04-13T01:00:00+00:00,366.61000000,367.34000000,365.32000000,366.02000000,106.24000000
1776042900000,2026-04-13T01:15:00+00:00,366.03000000,366.39000000,365.24000000,366.26000000,44.22000000
1776043800000,2026-04-13T01:30:00+00:00,366.42000000,367.63000000,366.36000000,367.49000000,55.94000000
1776044700000,2026-04-13T01:45:00+00:00,367.40000000,368.26000000,367.35000000,368.22000000,4.18000000
1776045600000,2026-04-13T02:00:00+00:00,368.29000000,368.29000000,366.62000000,366.83000000,9.61000000
1776046500000,2026-04-13T02:15:00+00:00,367.04000000,367.04000000,365.98000000,365.98000000,13.45000000
1776047400000,2026-04-13T02:30:00+00:00,366.17000000,366.46000000,365.97000000,366.15000000,3.93000000
1776048300000,2026-04-13T02:45:00+00:00,366.49000000,367.13000000,366.49000000,366.82000000,11.86000000
1776049200000,2026-04-13T03:00:00+00:00,366.76000000,367.12000000,366.76000000,366.99000000,4.04000000
1776050100000,2026-04-13T03:15:00+00:00,367.11000000,368.00000000,366.84000000,367.45000000,27.08000000
1776051000000,2026-04-13T03:30:00+00:00,367.47000000,367.47000000,365.69000000,366.31000000,282.80000000
1776051900000,2026-04-13T03:45:00+00:00,366.34000000,366.34000000,365.50000000,365.51000000,8.98000000
1776052800000,2026-04-13T04:00:00+00:00,365.68000000,365.82000000,364.38000000,365.03000000,61.34000000
1776053700000,2026-04-13T04:15:00+00:00,365.18000000,366.27000000,365.18000000,366.13000000,34.38000000
1776054600000,2026-04-13T04:30:00+00:00,366.13000000,366.16000000,365.85000000,366.01000000,12.05000000
1776055500000,2026-04-13T04:45:00+00:00,365.80000000,366.03000000,365.40000000,365.91000000,19.70000000
1776056400000,2026-04-13T05:00:00+00:00,365.86000000,366.30000000,365.69000000,366.20000000,7.46000000
1776057300000,2026-04-13T05:15:00+00:00,366.13000000,367.34000000,366.10000000,367.27000000,9.80000000
1776058200000,2026-04-13T05:30:00+00:00,367.05000000,367.31000000,366.78000000,367.05000000,15.25000000
1776059100000,2026-04-13T05:45:00+00:00,367.14000000,367.35000000,366.88000000,367.02000000,11.32000000
1776060000000,2026-04-13T06:00:00+00:00,366.97000000,367.89000000,366.58000000,367.53000000,21.94000000
1776060900000,2026-04-13T06:15:00+00:00,367.36000000,368.46000000,367.36000000,368.25000000,44.87000000
1776061800000,2026-04-13T06:30:00+00:00,368.17000000,369.25000000,367.89000000,368.15000000,100.88000000
1776062700000,2026-04-13T06:45:00+00:00,368.23000000,369.07000000,368.20000000,368.64000000,150.47000000
1776063600000,2026-04-13T07:00:00+00:00,368.59000000,369.22000000,368.49000000,369.22000000,122.25000000
1776064500000,2026-04-13T07:15:00+00:00,369.27000000,369.27000000,368.00000000,368.28000000,18.50000000
1776065400000,2026-04-13T07:30:00+00:00,368.20000000,368.53000000,367.82000000,368.06000000,16.55000000
1776066300000,2026-04-13T07:45:00+00:00,368.19000000,368.26000000,367.42000000,367.55000000,31.86000000
1776067200000,2026-04-13T08:00:00+00:00,367.55000000,367.93000000,367.01000000,367.30000000,35.73000000
1776068100000,2026-04-13T08:15:00+00:00,367.49000000,367.93000000,366.99000000,367.93000000,12.22000000
1776069000000,2026-04-13T08:30:00+00:00,367.65000000,367.65000000,367.14000000,367.46000000,4.73000000
1776069900000,2026-04-13T08:45:00+00:00,367.50000000,367.55000000,366.96000000,367.16000000,30.86000000
1776070800000,2026-04-13T09:00:00+00:00,367.35000000,367.79000000,366.91000000,367.13000000,16.79000000
1776071700000,2026-04-13T09:15:00+00:00,367.16000000,367.51000000,367.08000000,367.48000000,1.08000000
1776072600000,2026-04-13T09:30:00+00:00,367.78000000,368.91000000,367.78000000,368.35000000,5.30000000
1776073500000,2026-04-13T09:45:00+00:00,367.97000000,368.02000000,367.40000000,367.61000000,2.45000000
1776074400000,2026-04-13T10:00:00+00:00,367.82000000,368.26000000,367.58000000,367.58000000,10.59000000
1776075300000,2026-04-13T10:15:00+00:00,367.57000000,367.71000000,367.24000000,367.68000000,6.23000000
1776076200000,2026-04-13T10:30:00+00:00,367.68000000,367.70000000,367.30000000,367.42000000,5.08000000
1776077100000,2026-04-13T10:45:00+00:00,367.72000000,368.20000000,367.62000000,368.20000000,1.83000000
1776078000000,2026-04-13T11:00:00+00:00,368.20000000,368.75000000,368.20000000,368.75000000,1.63000000
1776078900000,2026-04-13T11:15:00+00:00,368.80000000,369.06000000,368.54000000,368.91000000,19.69000000
1776079800000,2026-04-13T11:30:00+00:00,368.48000000,368.63000000,367.71000000,368.03000000,9.89000000
1776080700000,2026-04-13T11:45:00+00:00,368.28000000,368.29000000,367.45000000,367.54000000,18.57000000
1776081600000,2026-04-13T12:00:00+00:00,367.45000000,367.83000000,367.26000000,367.60000000,29.62000000
1776082500000,2026-04-13T12:15:00+00:00,367.83000000,368.05000000,367.74000000,368.05000000,15.25000000
1776083400000,2026-04-13T12:30:00+00:00,367.93000000,369.05000000,367.93000000,368.85000000,16.38000000
1776084300000,2026-04-13T12:45:00+00:00,368.87000000,369.26000000,368.85000000,369.05000000,160.03000000
1776085200000,2026-04-13T13:00:00+00:00,368.92000000,369.39000000,368.85000000,369.39000000,47.17000000
1776086100000,2026-04-13T13:15:00+00:00,369.39000000,370.53000000,369.24000000,369.97000000,101.85000000
1776087000000,2026-04-13T13:30:00+00:00,370.04000000,370.34000000,368.19000000,368.44000000,330.41000000
1776087900000,2026-04-13T13:45:00+00:00,368.20000000,369.50000000,366.24000000,369.50000000,287.63000000
1776088800000,2026-04-13T14:00:00+00:00,369.92000000,369.93000000,367.62000000,367.66000000,88.22000000
1776089700000,2026-04-13T14:15:00+00:00,367.99000000,368.95000000,367.38000000,368.53000000,96.65000000
1776090600000,2026-04-13T14:30:00+00:00,368.58000000,369.40000000,368.43000000,369.40000000,92.81000000
1776091500000,2026-04-13T14:45:00+00:00,369.61000000,370.69000000,369.48000000,370.38000000,182.97000000
1776092400000,2026-04-13T15:00:00+00:00,370.35000000,371.06000000,369.57000000,370.78000000,80.98000000
1776093300000,2026-04-13T15:15:00+00:00,370.84000000,371.48000000,370.62000000,370.86000000,77.48000000
1776094200000,2026-04-13T15:30:00+00:00,370.74000000,370.90000000,370.08000000,370.21000000,55.60000000
1776095100000,2026-04-13T15:45:00+00:00,370.28000000,370.44000000,368.69000000,368.91000000,58.83000000
1776096000000,2026-04-13T16:00:00+00:00,368.88000000,370.04000000,368.13000000,369.39000000,91.38000000
1776096900000,2026-04-13T16:15:00+00:00,369.17000000,370.10000000,369.08000000,369.99000000,21.59000000
1776097800000,2026-04-13T16:30:00+00:00,369.86000000,370.97000000,369.71000000,370.82000000,66.99000000
1776098700000,2026-04-13T16:45:00+00:00,370.64000000,371.10000000,370.21000000,370.76000000,48.47000000
1776099600000,2026-04-13T17:00:00+00:00,370.67000000,371.07000000,370.14000000,370.14000000,20.14000000
1776100500000,2026-04-13T17:15:00+00:00,370.40000000,370.67000000,370.15000000,370.23000000,20.76000000
1776101400000,2026-04-13T17:30:00+00:00,370.10000000,370.45000000,370.04000000,370.20000000,9.81000000
1776102300000,2026-04-13T17:45:00+00:00,370.10000000,370.26000000,369.78000000,369.88000000,9.25000000
1776103200000,2026-04-13T18:00:00+00:00,369.74000000,370.40000000,369.74000000,370.21000000,24.73000000
1776104100000,2026-04-13T18:15:00+00:00,370.16000000,370.20000000,369.77000000,369.99000000,3.35000000
1776105000000,2026-04-13T18:30:00+00:00,369.89000000,370.41000000,369.89000000,370.08000000,5.87000000
1776105900000,2026-04-13T18:45:00+00:00,370.27000000,371.12000000,370.15000000,370.95000000,16.79000000
1776106800000,2026-04-13T19:00:00+00:00,370.79000000,371.10000000,370.64000000,370.87000000,17.19000000
1776107700000,2026-04-13T19:15:00+00:00,370.90000000,371.54000000,370.82000000,371.20000000,14.00000000
1776108600000,2026-04-13T19:30:00+00:00,370.92000000,371.24000000,369.84000000,369.91000000,13.69000000
1776109500000,2026-04-13T19:45:00+00:00,370.01000000,370.59000000,369.47000000,369.78000000,27.50000000
1776110400000,2026-04-13T20:00:00+00:00,369.87000000,370.30000000,369.59000000,370.05000000,14.32000000
1776111300000,2026-04-13T20:15:00+00:00,370.07000000,370.67000000,369.84000000,370.56000000,8.42000000
1776112200000,2026-04-13T20:30:00+00:00,370.54000000,370.72000000,370.30000000,370.60000000,27.25000000
1776113100000,2026-04-13T20:45:00+00:00,370.67000000,371.22000000,370.67000000,371.18000000,7.73000000
1776114000000,2026-04-13T21:00:00+00:00,371.09000000,371.16000000,370.68000000,370.79000000,11.66000000
1776114900000,2026-04-13T21:15:00+00:00,370.87000000,371.33000000,370.79000000,371.14000000,11.05000000
1776115800000,2026-04-13T21:30:00+00:00,371.08000000,371.16000000,370.48000000,370.84000000,10.81000000
1776116700000,2026-04-13T21:45:00+00:00,370.86000000,371.01000000,370.84000000,371.01000000,4.50000000
1776117600000,2026-04-13T22:00:00+00:00,370.86000000,371.29000000,370.86000000,371.25000000,12.90000000
1776118500000,2026-04-13T22:15:00+00:00,371.09000000,371.64000000,371.06000000,371.64000000,167.73000000
1776119400000,2026-04-13T22:30:00+00:00,371.53000000,371.64000000,371.13000000,371.33000000,8.84000000
1776120300000,2026-04-13T22:45:00+00:00,371.33000000,371.90000000,371.33000000,371.85000000,8.39000000
1776121200000,2026-04-13T23:00:00+00:00,371.86000000,371.97000000,371.64000000,371.85000000,14.56000000
1776122100000,2026-04-13T23:15:00+00:00,371.85000000,371.98000000,371.69000000,371.96000000,17.99000000
1776123000000,2026-04-13T23:30:00+00:00,371.74000000,371.76000000,371.71000000,371.76000000,0.32000000
1776123900000,2026-04-13T23:45:00+00:00,371.79000000,371.92000000,371.41000000,371.50000000,5.46000000
1776124800000,2026-04-14T00:00:00+00:00,371.34000000,372.80000000,370.94000000,372.76000000,34.35000000
1776125700000,2026-04-14T00:15:00+00:00,372.91000000,372.94000000,372.68000000,372.75000000,5.89000000
1776126600000,2026-04-14T00:30:00+00:00,372.86000000,373.02000000,372.72000000,372.80000000,14.47000000
1776127500000,2026-04-14T00:45:00+00:00,372.72000000,372.78000000,372.10000000,372.58000000,13.10000000
1776128400000,2026-04-14T01:00:00+00:00,372.81000000,373.70000000,372.68000000,373.54000000,30.31000000
1776129300000,2026-04-14T01:15:00+00:00,373.54000000,374.43000000,373.22000000,374.35000000,39.81000000
1776130200000,2026-04-14T01:30:00+00:00,374.47000000,375.28000000,374.35000000,374.87000000,107.73000000
1776131100000,2026-04-14T01:45:00+00:00,374.96000000,374.98000000,374.49000000,374.50000000,11.21000000
1776132000000,2026-04-14T02:00:00+00:00,374.43000000,375.98000000,374.33000000,374.77000000,36.29000000
1776132900000,2026-04-14T02:15:00+00:00,374.78000000,375.54000000,374.78000000,375.17000000,9.58000000
1776133800000,2026-04-14T02:30:00+00:00,375.42000000,377.73000000,375.35000000,377.28000000,78.13000000
1776134700000,2026-04-14T02:45:00+00:00,377.30000000,377.30000000,376.98000000,377.13000000,5.16000000
1776135600000,2026-04-14T03:00:00+00:00,377.40000000,377.60000000,377.04000000,377.05000000,15.94000000
1776136500000,2026-04-14T03:15:00+00:00,377.52000000,377.78000000,377.34000000,377.74000000,11.83000000
1776137400000,2026-04-14T03:30:00+00:00,377.57000000,377.92000000,377.26000000,377.72000000,67.72000000
1776138300000,2026-04-14T03:45:00+00:00,377.72000000,378.77000000,377.72000000,378.61000000,69.94000000
1776139200000,2026-04-14T04:00:00+00:00,378.39000000,379.61000000,378.39000000,379.47000000,57.41000000
1776140100000,2026-04-14T04:15:00+00:00,379.42000000,379.88000000,379.29000000,379.29000000,57.20000000
1776141000000,2026-04-14T04:30:00+00:00,379.54000000,379.55000000,378.55000000,379.09000000,15.63000000
1776141900000,2026-04-14T04:45:00+00:00,379.08000000,379.45000000,378.78000000,379.45000000,6.16000000
1776142800000,2026-04-14T05:00:00+00:00,379.32000000,379.41000000,378.79000000,379.01000000,13.59000000
1776143700000,2026-04-14T05:15:00+00:00,378.81000000,378.82000000,378.25000000,378.25000000,17.97000000
1776144600000,2026-04-14T05:30:00+00:00,378.28000000,378.48000000,377.64000000,377.96000000,19.72000000
1776145500000,2026-04-14T05:45:00+00:00,378.08000000,378.24000000,377.92000000,378.06000000,8.73000000
1776146400000,2026-04-14T06:00:00+00:00,378.17000000,378.27000000,376.14000000,377.18000000,147.50000000
1776147300000,2026-04-14T06:15:00+00:00,377.01000000,377.48000000,376.64000000,377.48000000,6.34000000
1776148200000,2026-04-14T06:30:00+00:00,377.55000000,377.69000000,377.10000000,377.69000000,6.73000000
1776149100000,2026-04-14T06:45:00+00:00,377.74000000,377.80000000,377.25000000,377.28000000,0.69000000
1776150000000,2026-04-14T07:00:00+00:00,377.68000000,379.42000000,377.56000000,378.80000000,18.58000000
1776150900000,2026-04-14T07:15:00+00:00,379.20000000,379.29000000,378.87000000,379.07000000,29.73000000
1776151800000,2026-04-14T07:30:00+00:00,379.14000000,379.38000000,379.07000000,379.22000000,40.28000000
1776152700000,2026-04-14T07:45:00+00:00,379.22000000,379.29000000,377.92000000,377.98000000,76.20000000
1776153600000,2026-04-14T08:00:00+00:00,378.01000000,378.77000000,377.96000000,378.73000000,24.26000000
1776154500000,2026-04-14T08:15:00+00:00,378.67000000,379.16000000,378.58000000,379.13000000,3.37000000
1776155400000,2026-04-14T08:30:00+00:00,379.40000000,379.63000000,379.36000000,379.55000000,23.07000000
1776156300000,2026-04-14T08:45:00+00:00,379.57000000,379.93000000,379.55000000,379.78000000,99.17000000
1776157200000,2026-04-14T09:00:00+00:00,379.94000000,379.97000000,379.71000000,379.71000000,8.88000000
1776158100000,2026-04-14T09:15:00+00:00,379.87000000,379.97000000,379.36000000,379.36000000,17.85000000
1776159000000,2026-04-14T09:30:00+00:00,379.36000000,379.36000000,378.68000000,379.36000000,54.69000000
1776159900000,2026-04-14T09:45:00+00:00,379.74000000,379.90000000,378.98000000,379.05000000,6.20000000
1776160800000,2026-04-14T10:00:00+00:00,379.11000000,379.33000000,378.64000000,379.01000000,56.28000000
1776161700000,2026-04-14T10:15:00+00:00,379.10000000,379.55000000,378.95000000,379.27000000,14.34000000
1776162600000,2026-04-14T10:30:00+00:00,379.41000000,379.41000000,378.18000000,378.28000000,55.53000000
1776163500000,2026-04-14T10:45:00+00:00,378.25000000,378.55000000,377.03000000,378.40000000,75.35000000
1776164400000,2026-04-14T11:00:00+00:00,378.37000000,378.60000000,378.00000000,378.43000000,21.03000000
1776165300000,2026-04-14T11:15:00+00:00,378.50000000,378.60000000,377.89000000,378.60000000,67.67000000
1776166200000,2026-04-14T11:30:00+00:00,378.62000000,378.85000000,378.43000000,378.85000000,21.13000000
1776167100000,2026-04-14T11:45:00+00:00,378.75000000,379.18000000,378.70000000,378.85000000,22.17000000
1776168000000,2026-04-14T12:00:00+00:00,378.67000000,378.95000000,378.48000000,378.55000000,21.95000000
1776168900000,2026-04-14T12:15:00+00:00,378.55000000,378.55000000,377.95000000,378.32000000,9.09000000
1776169800000,2026-04-14T12:30:00+00:00,378.48000000,378.82000000,377.72000000,378.11000000,36.67000000
1776170700000,2026-04-14T12:45:00+00:00,378.19000000,378.23000000,377.71000000,378.01000000,19.00000000
1776171600000,2026-04-14T13:00:00+00:00,378.05000000,378.23000000,377.82000000,377.84000000,20.89000000
1776172500000,2026-04-14T13:15:00+00:00,378.07000000,379.64000000,377.92000000,379.15000000,46.61000000
1776173400000,2026-04-14T13:30:00+00:00,379.23000000,379.74000000,373.32000000,375.82000000,415.03000000
1776174300000,2026-04-14T13:45:00+00:00,376.00000000,376.32000000,374.18000000,375.66000000,107.96000000
1776175200000,2026-04-14T14:00:00+00:00,375.66000000,377.32000000,374.72000000,377.15000000,85.09000000
1776176100000,2026-04-14T14:15:00+00:00,377.06000000,377.06000000,375.88000000,376.49000000,115.97000000
1776177000000,2026-04-14T14:30:00+00:00,376.38000000,376.50000000,375.26000000,375.39000000,72.98000000
1776177900000,2026-04-14T14:45:00+00:00,375.40000000,376.36000000,375.27000000,376.29000000,66.41000000
1776178800000,2026-04-14T15:00:00+00:00,376.30000000,376.30000000,375.21000000,375.58000000,55.97000000
1776179700000,2026-04-14T15:15:00+00:00,375.50000000,376.89000000,375.50000000,376.54000000,33.86000000
1776180600000,2026-04-14T15:30:00+00:00,376.58000000,378.21000000,376.54000000,378.21000000,43.04000000
1776181500000,2026-04-14T15:45:00+00:00,378.10000000,379.43000000,378.10000000,378.75000000,122.47000000
1776182400000,2026-04-14T16:00:00+00:00,378.70000000,379.70000000,378.58000000,379.42000000,101.45000000
1776183300000,2026-04-14T16:15:00+00:00,379.32000000,379.65000000,379.14000000,379.64000000,40.33000000
1776184200000,2026-04-14T16:30:00+00:00,379.63000000,379.63000000,379.12000000,379.46000000,23.30000000
1776185100000,2026-04-14T16:45:00+00:00,379.45000000,379.58000000,379.08000000,379.58000000,13.97000000
1776186000000,2026-04-14T17:00:00+00:00,379.53000000,380.59000000,379.36000000,380.50000000,62.98000000
1776186900000,2026-04-14T17:15:00+00:00,380.40000000,382.01000000,380.40000000,381.86000000,63.52000000
1776187800000,2026-04-14T17:30:00+00:00,381.92000000,382.22000000,381.60000000,381.70000000,39.30000000
1776188700000,2026-04-14T17:45:00+00:00,381.71000000,381.93000000,381.34000000,381.34000000,38.26000000
1776189600000,2026-04-14T18:00:00+00:00,381.43000000,382.32000000,381.43000000,381.81000000,55.92000000
1776190500000,2026-04-14T18:15:00+00:00,381.83000000,381.83000000,380.05000000,380.17000000,52.52000000
1776191400000,2026-04-14T18:30:00+00:00,380.28000000,380.96000000,380.28000000,380.57000000,14.81000000
1776192300000,2026-04-14T18:45:00+00:00,380.51000000,382.12000000,379.70000000,380.66000000,105.40000000
1776193200000,2026-04-14T19:00:00+00:00,380.78000000,381.77000000,380.78000000,381.64000000,12.87000000
1776194100000,2026-04-14T19:15:00+00:00,381.50000000,381.95000000,381.50000000,381.60000000,5.49000000
1776195000000,2026-04-14T19:30:00+00:00,381.50000000,381.66000000,380.32000000,380.35000000,16.61000000
1776195900000,2026-04-14T19:45:00+00:00,380.48000000,380.48000000,379.66000000,379.88000000,52.84000000
1776196800000,2026-04-14T20:00:00+00:00,380.07000000,380.71000000,380.07000000,380.71000000,36.93000000
1776197700000,2026-04-14T20:15:00+00:00,380.96000000,381.03000000,380.79000000,380.79000000,1.07000000
1776198600000,2026-04-14T20:30:00+00:00,380.85000000,381.26000000,380.62000000,381.13000000,18.04000000
1776199500000,2026-04-14T20:45:00+00:00,381.19000000,381.58000000,381.19000000,381.37000000,7.54000000
1776200400000,2026-04-14T21:00:00+00:00,381.39000000,381.48000000,381.01000000,381.01000000,2.99000000
1776201300000,2026-04-14T21:15:00+00:00,381.13000000,381.33000000,380.66000000,380.75000000,5.98000000
1776202200000,2026-04-14T21:30:00+00:00,380.68000000,381.23000000,380.49000000,381.23000000,10.91000000
1776203100000,2026-04-14T21:45:00+00:00,381.25000000,381.25000000,380.97000000,381.24000000,2.81000000
1776204000000,2026-04-14T22:00:00+00:00,381.28000000,381.56000000,381.18000000,381.54000000,33.59000000
1776204900000,2026-04-14T22:15:00+00:00,381.45000000,381.63000000,381.17000000,381.62000000,13.50000000
1776205800000,2026-04-14T22:30:00+00:00,381.65000000,381.85000000,381.65000000,381.81000000,3.99000000
1776206700000,2026-04-14T22:45:00+00:00,381.87000000,382.38000000,381.87000000,382.38000000,6.80000000
1776207600000,2026-04-14T23:00:00+00:00,382.42000000,383.88000000,382.42000000,383.88000000,109.26000000
1776208500000,2026-04-14T23:15:00+00:00,384.00000000,384.43000000,383.77000000,384.14000000,8.80000000
1776209400000,2026-04-14T23:30:00+00:00,384.33000000,384.90000000,384.05000000,384.58000000,9.06000000
1776210300000,2026-04-14T23:45:00+00:00,384.62000000,384.97000000,384.41000000,384.41000000,40.31000000
1776211200000,2026-04-15T00:00:00+00:00,384.53000000,385.40000000,384.01000000,385.28000000,56.06000000
1776212100000,2026-04-15T00:15:00+00:00,385.45000000,386.06000000,385.30000000,385.75000000,38.84000000
1776213000000,2026-04-15T00:30:00+00:00,385.54000000,385.68000000,384.32000000,384.45000000,9.00000000
1776213900000,2026-04-15T00:45:00+00:00,384.20000000,384.91000000,383.92000000,384.91000000,28.72000000
1776214800000,2026-04-15T01:00:00+00:00,384.88000000,385.28000000,384.18000000,384.71000000,35.85000000
1776215700000,2026-04-15T01:15:00+00:00,384.54000000,385.03000000,384.44000000,384.63000000,15.97000000
1776216600000,2026-04-15T01:30:00+00:00,384.64000000,384.98000000,384.03000000,384.85000000,23.99000000
1776217500000,2026-04-15T01:45:00+00:00,384.92000000,385.81000000,384.92000000,385.57000000,17.10000000
1776218400000,2026-04-15T02:00:00+00:00,385.80000000,386.16000000,385.65000000,385.83000000,22.50000000
1776219300000,2026-04-15T02:15:00+00:00,385.88000000,386.01000000,385.34000000,385.51000000,46.73000000
1776220200000,2026-04-15T02:30:00+00:00,385.55000000,385.69000000,384.69000000,384.87000000,255.22000000
1776221100000,2026-04-15T02:45:00+00:00,385.10000000,385.30000000,384.99000000,385.19000000,1.73000000
1776222000000,2026-04-15T03:00:00+00:00,385.19000000,385.37000000,385.19000000,385.37000000,18.74000000
1776222900000,2026-04-15T03:15:00+00:00,385.37000000,385.47000000,385.23000000,385.47000000,14.59000000
1776223800000,2026-04-15T03:30:00+00:00,385.53000000,385.53000000,385.37000000,385.40000000,4.93000000
1776224700000,2026-04-15T03:45:00+00:00,385.43000000,385.79000000,385.39000000,385.79000000,2.40000000
1776225600000,2026-04-15T04:00:00+00:00,385.84000000,386.07000000,385.66000000,385.82000000,10.79000000
1776226500000,2026-04-15T04:15:00+00:00,385.57000000,385.71000000,385.39000000,385.64000000,4.45000000
1776227400000,2026-04-15T04:30:00+00:00,385.72000000,385.72000000,385.00000000,385.00000000,13.92000000
1776228300000,2026-04-15T04:45:00+00:00,384.92000000,384.92000000,383.62000000,383.65000000,31.78000000
1776229200000,2026-04-15T05:00:00+00:00,383.60000000,384.24000000,380.10000000,381.25000000,608.19000000
1776230100000,2026-04-15T05:15:00+00:00,381.33000000,382.54000000,379.55000000,379.82000000,406.11000000
1776231000000,2026-04-15T05:30:00+00:00,379.81000000,381.37000000,379.25000000,380.19000000,69.10000000
1776231900000,2026-04-15T05:45:00+00:00,380.01000000,381.45000000,378.32000000,381.45000000,305.18000000
1776232800000,2026-04-15T06:00:00+00:00,381.44000000,382.09000000,380.45000000,381.89000000,75.64000000
1776233700000,2026-04-15T06:15:00+00:00,381.89000000,382.29000000,381.45000000,382.29000000,56.96000000
1776234600000,2026-04-15T06:30:00+00:00,382.31000000,382.67000000,381.87000000,382.66000000,291.31000000
1776235500000,2026-04-15T06:45:00+00:00,382.56000000,382.64000000,382.12000000,382.12000000,127.57000000
1776236400000,2026-04-15T07:00:00+00:00,382.12000000,384.30000000,382.12000000,384.29000000,96.15000000
1776237300000,2026-04-15T07:15:00+00:00,384.04000000,384.10000000,383.65000000,383.68000000,104.69000000
1776238200000,2026-04-15T07:30:00+00:00,383.55000000,384.77000000,383.45000000,384.47000000,61.98000000
1776239100000,2026-04-15T07:45:00+00:00,384.39000000,384.60000000,383.29000000,383.50000000,16.46000000
1776240000000,2026-04-15T08:00:00+00:00,383.42000000,385.53000000,383.42000000,384.62000000,72.42000000
1776240900000,2026-04-15T08:15:00+00:00,384.47000000,385.18000000,384.32000000,384.65000000,33.82000000
1776241800000,2026-04-15T08:30:00+00:00,384.84000000,386.22000000,384.84000000,385.79000000,35.93000000
1776242700000,2026-04-15T08:45:00+00:00,385.69000000,386.27000000,385.63000000,386.27000000,42.01000000
1776243600000,2026-04-15T09:00:00+00:00,386.26000000,386.27000000,384.26000000,384.60000000,39.75000000
1776244500000,2026-04-15T09:15:00+00:00,384.62000000,385.48000000,384.53000000,384.74000000,25.28000000
1776245400000,2026-04-15T09:30:00+00:00,384.82000000,384.82000000,384.31000000,384.31000000,6.99000000
1776246300000,2026-04-15T09:45:00+00:00,384.39000000,385.04000000,383.58000000,384.55000000,111.75000000
1776247200000,2026-04-15T10:00:00+00:00,384.53000000,384.53000000,383.92000000,384.01000000,21.78000000
1776248100000,2026-04-15T10:15:00+00:00,384.10000000,384.10000000,382.43000000,382.65000000,139.35000000
1776249000000,2026-04-15T10:30:00+00:00,382.82000000,383.15000000,381.46000000,382.21000000,24.34000000
1776249900000,2026-04-15T10:45:00+00:00,382.24000000,382.41000000,382.19000000,382.33000000,23.93000000
1776250800000,2026-04-15T11:00:00+00:00,382.33000000,382.73000000,382.12000000,382.73000000,39.29000000
1776251700000,2026-04-15T11:15:00+00:00,382.67000000,382.67000000,381.24000000,381.24000000,65.27000000
1776252600000,2026-04-15T11:30:00+00:00,381.09000000,382.45000000,381.03000000,382.45000000,11.42000000
1776253500000,2026-04-15T11:45:00+00:00,382.52000000,383.00000000,382.49000000,382.96000000,49.45000000
1776254400000,2026-04-15T12:00:00+00:00,382.79000000,382.79000000,380.92000000,380.95000000,166.94000000
1776255300000,2026-04-15T12:15:00+00:00,380.85000000,381.54000000,380.48000000,381.04000000,42.27000000
1776256200000,2026-04-15T12:30:00+00:00,381.08000000,381.42000000,381.07000000,381.32000000,61.50000000
1776257100000,2026-04-15T12:45:00+00:00,381.32000000,381.53000000,380.94000000,381.24000000,40.47000000
1776258000000,2026-04-15T13:00:00+00:00,381.02000000,381.22000000,380.69000000,381.05000000,16.98000000
1776258900000,2026-04-15T13:15:00+00:00,381.25000000,381.87000000,381.14000000,381.51000000,44.98000000
1776259800000,2026-04-15T13:30:00+00:00,381.62000000,382.20000000,376.65000000,377.34000000,424.61000000
1776260700000,2026-04-15T13:45:00+00:00,377.18000000,379.12000000,376.32000000,378.61000000,201.80000000
1776261600000,2026-04-15T14:00:00+00:00,378.96000000,379.78000000,378.32000000,378.95000000,40.45000000
1776262500000,2026-04-15T14:15:00+00:00,378.83000000,379.69000000,377.73000000,379.60000000,209.13000000
1776263400000,2026-04-15T14:30:00+00:00,379.25000000,381.19000000,378.81000000,381.16000000,333.62000000
1776264300000,2026-04-15T14:45:00+00:00,381.25000000,381.33000000,380.07000000,380.07000000,29.39000000
1776265200000,2026-04-15T15:00:00+00:00,380.01000000,381.08000000,379.97000000,380.90000000,68.82000000
1776266100000,2026-04-15T15:15:00+00:00,381.04000000,381.05000000,380.50000000,380.55000000,37.85000000
1776267000000,2026-04-15T15:30:00+00:00,380.31000000,380.31000000,378.95000000,379.30000000,68.47000000
1776267900000,2026-04-15T15:45:00+00:00,379.59000000,379.59000000,377.13000000,377.29000000,93.94000000
1776268800000,2026-04-15T16:00:00+00:00,377.30000000,377.55000000,377.00000000,377.34000000,208.61000000
1776269700000,2026-04-15T16:15:00+00:00,377.45000000,378.37000000,377.04000000,377.05000000,46.73000000
1776270600000,2026-04-15T16:30:00+00:00,377.04000000,377.26000000,374.20000000,374.49000000,222.57000000
1776271500000,2026-04-15T16:45:00+00:00,374.60000000,374.77000000,372.38000000,374.09000000,53.78000000
1776272400000,2026-04-15T17:00:00+00:00,373.92000000,375.26000000,373.92000000,374.76000000,61.08000000
1776273300000,2026-04-15T17:15:00+00:00,374.91000000,375.73000000,374.91000000,375.08000000,13.72000000
1776274200000,2026-04-15T17:30:00+00:00,375.09000000,375.56000000,374.50000000,374.66000000,19.66000000
1776275100000,2026-04-15T17:45:00+00:00,374.70000000,375.21000000,374.64000000,374.84000000,8.44000000
1776276000000,2026-04-15T18:00:00+00:00,374.73000000,375.36000000,374.37000000,375.14000000,15.56000000
1776276900000,2026-04-15T18:15:00+00:00,375.17000000,375.80000000,375.16000000,375.80000000,10.55000000
1776277800000,2026-04-15T18:30:00+00:00,375.86000000,375.92000000,375.36000000,375.87000000,6.90000000
1776278700000,2026-04-15T18:45:00+00:00,375.72000000,376.05000000,375.50000000,375.77000000,23.14000000
1776279600000,2026-04-15T19:00:00+00:00,375.95000000,376.84000000,375.64000000,376.63000000,37.30000000
1776280500000,2026-04-15T19:15:00+00:00,376.63000000,376.89000000,375.98000000,376.89000000,52.09000000
1776281400000,2026-04-15T19:30:00+00:00,376.83000000,377.12000000,375.25000000,375.98000000,279.94000000
1776282300000,2026-04-15T19:45:00+00:00,375.95000000,376.59000000,375.80000000,375.95000000,21.84000000
1776283200000,2026-04-15T20:00:00+00:00,375.91000000,376.63000000,375.91000000,376.51000000,13.15000000
1776284100000,2026-04-15T20:15:00+00:00,376.62000000,376.97000000,376.61000000,376.74000000,7.89000000
1776285000000,2026-04-15T20:30:00+00:00,376.68000000,376.95000000,376.66000000,376.82000000,0.69000000
1776285900000,2026-04-15T20:45:00+00:00,376.74000000,377.14000000,376.65000000,377.14000000,2.32000000
1776286800000,2026-04-15T21:00:00+00:00,377.20000000,377.31000000,377.05000000,377.31000000,10.14000000
1776287700000,2026-04-15T21:15:00+00:00,377.17000000,377.65000000,377.11000000,377.54000000,17.57000000
1776288600000,2026-04-15T21:30:00+00:00,377.63000000,377.94000000,377.60000000,377.79000000,0.28000000
1776289500000,2026-04-15T21:45:00+00:00,377.78000000,377.89000000,376.42000000,377.58000000,75.98000000
1776290400000,2026-04-15T22:00:00+00:00,377.73000000,377.73000000,377.44000000,377.64000000,24.88000000
1776291300000,2026-04-15T22:15:00+00:00,377.53000000,377.53000000,377.45000000,377.45000000,0.25000000
1776292200000,2026-04-15T22:30:00+00:00,377.42000000,377.47000000,376.53000000,377.28000000,299.36000000
1776293100000,2026-04-15T22:45:00+00:00,377.27000000,377.50000000,377.27000000,377.50000000,6.20000000
1776294000000,2026-04-15T23:00:00+00:00,377.50000000,377.50000000,376.29000000,377.02000000,103.16000000
1776294900000,2026-04-15T23:15:00+00:00,377.00000000,377.03000000,376.32000000,376.62000000,31.52000000
1776295800000,2026-04-15T23:30:00+00:00,376.61000000,377.13000000,376.61000000,377.01000000,11.82000000
1776296700000,2026-04-15T23:45:00+00:00,377.09000000,377.24000000,377.09000000,377.12000000,2.90000000
1776297600000,2026-04-16T00:00:00+00:00,377.19000000,378.53000000,377.19000000,378.28000000,28.80000000
1776298500000,2026-04-16T00:15:00+00:00,378.23000000,378.79000000,378.06000000,378.63000000,17.30000000
1776299400000,2026-04-16T00:30:00+00:00,378.23000000,378.50000000,378.17000000,378.40000000,16.15000000
1776300300000,2026-04-16T00:45:00+00:00,378.96000000,380.06000000,378.96000000,379.59000000,35.23000000
1776301200000,2026-04-16T01:00:00+00:00,379.53000000,379.53000000,377.51000000,378.02000000,54.28000000
1776302100000,2026-04-16T01:15:00+00:00,378.04000000,378.40000000,377.92000000,378.27000000,14.30000000
1776303000000,2026-04-16T01:30:00+00:00,378.36000000,379.24000000,376.43000000,377.08000000,457.87000000
1776303900000,2026-04-16T01:45:00+00:00,377.05000000,377.46000000,376.88000000,377.13000000,91.04000000
1776304800000,2026-04-16T02:00:00+00:00,377.05000000,377.53000000,376.98000000,377.53000000,22.61000000
1776305700000,2026-04-16T02:15:00+00:00,377.51000000,377.98000000,377.39000000,377.82000000,2.14000000
1776306600000,2026-04-16T02:30:00+00:00,377.71000000,378.32000000,377.71000000,377.86000000,7.94000000
1776307500000,2026-04-16T02:45:00+00:00,378.11000000,378.90000000,378.02000000,378.44000000,30.95000000
1776308400000,2026-04-16T03:00:00+00:00,378.29000000,378.92000000,377.32000000,377.68000000,119.21000000
1776309300000,2026-04-16T03:15:00+00:00,378.32000000,378.73000000,377.57000000,377.76000000,8.28000000
1776310200000,2026-04-16T03:30:00+00:00,377.82000000,377.92000000,377.53000000,377.72000000,5.37000000
1776311100000,2026-04-16T03:45:00+00:00,377.85000000,377.91000000,377.23000000,377.23000000,57.48000000
1776312000000,2026-04-16T04:00:00+00:00,377.37000000,377.85000000,377.02000000,377.78000000,50.23000000
1776312900000,2026-04-16T04:15:00+00:00,377.81000000,378.89000000,377.62000000,378.54000000,5.93000000
1776313800000,2026-04-16T04:30:00+00:00,378.58000000,378.58000000,378.11000000,378.23000000,7.49000000
1776314700000,2026-04-16T04:45:00+00:00,378.23000000,378.34000000,377.57000000,377.90000000,34.00000000
1776315600000,2026-04-16T05:00:00+00:00,377.55000000,377.63000000,377.05000000,377.61000000,8.12000000
1776316500000,2026-04-16T05:15:00+00:00,377.64000000,381.87000000,377.64000000,379.94000000,180.25000000
1776317400000,2026-04-16T05:30:00+00:00,379.90000000,385.84000000,379.89000000,383.56000000,887.97000000
1776318300000,2026-04-16T05:45:00+00:00,383.75000000,384.20000000,382.31000000,383.92000000,353.11000000
1776319200000,2026-04-16T06:00:00+00:00,383.93000000,386.78000000,382.09000000,384.05000000,852.98000000
1776320100000,2026-04-16T06:15:00+00:00,384.24000000,384.36000000,382.22000000,382.31000000,310.40000000
1776321000000,2026-04-16T06:30:00+00:00,382.41000000,382.57000000,377.61000000,382.29000000,352.13000000
1776321900000,2026-04-16T06:45:00+00:00,382.29000000,384.28000000,382.17000000,383.60000000,156.31000000
1776322800000,2026-04-16T07:00:00+00:00,383.38000000,383.38000000,378.55000000,379.67000000,366.05000000
1776323700000,2026-04-16T07:15:00+00:00,379.71000000,380.23000000,379.42000000,379.99000000,97.65000000
1776324600000,2026-04-16T07:30:00+00:00,380.05000000,380.65000000,378.94000000,380.24000000,166.09000000
1776325500000,2026-04-16T07:45:00+00:00,380.22000000,380.24000000,379.06000000,379.85000000,83.40000000
1776326400000,2026-04-16T08:00:00+00:00,379.79000000,380.07000000,375.37000000,376.48000000,166.01000000
1776327300000,2026-04-16T08:15:00+00:00,376.66000000,377.57000000,376.11000000,376.88000000,91.29000000
1776328200000,2026-04-16T08:30:00+00:00,376.86000000,379.76000000,375.08000000,379.74000000,160.22000000
1776329100000,2026-04-16T08:45:00+00:00,379.91000000,380.08000000,378.00000000,379.51000000,65.15000000
1776330000000,2026-04-16T09:00:00+00:00,379.13000000,379.57000000,378.29000000,379.16000000,32.23000000
1776330900000,2026-04-16T09:15:00+00:00,379.53000000,379.91000000,377.10000000,377.81000000,80.41000000
1776331800000,2026-04-16T09:30:00+00:00,377.70000000,378.76000000,377.36000000,377.59000000,94.14000000
1776332700000,2026-04-16T09:45:00+00:00,377.58000000,377.60000000,374.61000000,374.89000000,130.75000000
1776333600000,2026-04-16T10:00:00+00:00,374.74000000,375.16000000,371.19000000,371.66000000,169.66000000
1776334500000,2026-04-16T10:15:00+00:00,371.51000000,372.22000000,366.38000000,368.33000000,267.69000000
1776335400000,2026-04-16T10:30:00+00:00,368.37000000,368.76000000,362.02000000,362.57000000,878.28000000
1776336300000,2026-04-16T10:45:00+00:00,362.06000000,368.10000000,355.26000000,368.10000000,1142.86000000
1776337200000,2026-04-16T11:00:00+00:00,368.30000000,369.48000000,364.82000000,366.15000000,640.80000000
1776338100000,2026-04-16T11:15:00+00:00,365.74000000,367.87000000,365.58000000,366.96000000,84.53000000
1776339000000,2026-04-16T11:30:00+00:00,367.29000000,369.46000000,366.63000000,368.85000000,397.29000000
1776339900000,2026-04-16T11:45:00+00:00,368.90000000,371.85000000,368.10000000,371.75000000,251.28000000
1776340800000,2026-04-16T12:00:00+00:00,371.39000000,372.92000000,369.66000000,370.75000000,228.24000000
1776341700000,2026-04-16T12:15:00+00:00,370.46000000,370.94000000,368.48000000,370.75000000,97.14000000
1776342600000,2026-04-16T12:30:00+00:00,371.07000000,371.22000000,367.83000000,368.25000000,128.95000000
1776343500000,2026-04-16T12:45:00+00:00,368.34000000,369.89000000,366.50000000,369.17000000,141.77000000
1776344400000,2026-04-16T13:00:00+00:00,368.85000000,372.20000000,368.17000000,369.74000000,782.87000000
1776345300000,2026-04-16T13:15:00+00:00,369.92000000,373.85000000,367.93000000,369.35000000,456.64000000
1776346200000,2026-04-16T13:30:00+00:00,369.35000000,370.50000000,364.80000000,367.33000000,826.22000000
1776347100000,2026-04-16T13:45:00+00:00,367.10000000,367.29000000,363.81000000,365.95000000,569.48000000
1776348000000,2026-04-16T14:00:00+00:00,366.07000000,369.91000000,365.35000000,368.83000000,212.77000000
1776348900000,2026-04-16T14:15:00+00:00,369.05000000,369.09000000,366.54000000,366.77000000,114.99000000
1776349800000,2026-04-16T14:30:00+00:00,366.69000000,366.91000000,365.80000000,366.27000000,50.10000000
1776350700000,2026-04-16T14:45:00+00:00,366.50000000,368.20000000,366.50000000,367.53000000,57.91000000
1776351600000,2026-04-16T15:00:00+00:00,367.84000000,370.46000000,367.81000000,369.64000000,346.37000000
1776352500000,2026-04-16T15:15:00+00:00,369.81000000,369.87000000,366.65000000,367.55000000,126.64000000
1776353400000,2026-04-16T15:30:00+00:00,367.39000000,369.16000000,367.34000000,368.71000000,188.73000000
1776354300000,2026-04-16T15:45:00+00:00,368.72000000,369.07000000,366.14000000,366.28000000,171.77000000
1776355200000,2026-04-16T16:00:00+00:00,366.30000000,366.53000000,365.32000000,366.00000000,78.10000000
1776356100000,2026-04-16T16:15:00+00:00,366.19000000,366.19000000,365.00000000,365.00000000,213.19000000
1776357000000,2026-04-16T16:30:00+00:00,365.00000000,365.02000000,363.62000000,364.18000000,550.12000000
1776357900000,2026-04-16T16:45:00+00:00,364.28000000,365.01000000,363.93000000,364.28000000,207.01000000
1776358800000,2026-04-16T17:00:00+00:00,364.07000000,364.23000000,362.46000000,363.94000000,588.33000000
1776359700000,2026-04-16T17:15:00+00:00,363.96000000,364.68000000,363.76000000,364.53000000,75.63000000
1776360600000,2026-04-16T17:30:00+00:00,364.64000000,364.79000000,364.16000000,364.52000000,29.42000000
1776361500000,2026-04-16T17:45:00+00:00,364.14000000,364.47000000,362.83000000,363.06000000,62.54000000
1776362400000,2026-04-16T18:00:00+00:00,363.35000000,363.71000000,361.10000000,362.16000000,102.52000000
1776363300000,2026-04-16T18:15:00+00:00,362.18000000,362.49000000,361.26000000,361.58000000,135.18000000
1776364200000,2026-04-16T18:30:00+00:00,361.49000000,363.26000000,361.49000000,363.26000000,157.98000000
1776365100000,2026-04-16T18:45:00+00:00,363.26000000,364.00000000,363.13000000,363.13000000,36.59000000
1776366000000,2026-04-16T19:00:00+00:00,363.36000000,363.75000000,362.63000000,362.89000000,60.83000000
1776366900000,2026-04-16T19:15:00+00:00,362.96000000,363.53000000,362.25000000,363.08000000,44.68000000
1776367800000,2026-04-16T19:30:00+00:00,363.25000000,363.62000000,362.93000000,363.29000000,14.30000000
1776368700000,2026-04-16T19:45:00+00:00,363.33000000,364.09000000,362.94000000,363.83000000,19.65000000
1776369600000,2026-04-16T20:00:00+00:00,363.82000000,364.30000000,363.47000000,364.13000000,33.56000000
1776370500000,2026-04-16T20:15:00+00:00,364.12000000,364.93000000,363.79000000,364.82000000,16.19000000
1776371400000,2026-04-16T20:30:00+00:00,364.89000000,365.36000000,364.52000000,364.79000000,53.41000000
1776372300000,2026-04-16T20:45:00+00:00,364.86000000,364.87000000,364.60000000,364.60000000,12.06000000
1776373200000,2026-04-16T21:00:00+00:00,364.49000000,364.73000000,363.96000000,364.39000000,27.47000000
1776374100000,2026-04-16T21:15:00+00:00,364.40000000,364.48000000,363.75000000,364.30000000,16.09000000
1776375000000,2026-04-16T21:30:00+00:00,364.29000000,364.51000000,363.95000000,364.51000000,23.92000000
1776375900000,2026-04-16T21:45:00+00:00,363.96000000,364.49000000,363.96000000,364.18000000,27.22000000
1776376800000,2026-04-16T22:00:00+00:00,364.19000000,365.05000000,363.99000000,364.81000000,109.29000000
1776377700000,2026-04-16T22:15:00+00:00,364.26000000,366.17000000,364.18000000,364.85000000,188.64000000
1776378600000,2026-04-16T22:30:00+00:00,364.85000000,366.21000000,364.35000000,364.95000000,268.91000000
1776379500000,2026-04-16T22:45:00+00:00,365.42000000,366.38000000,364.59000000,365.34000000,210.97000000
1776380400000,2026-04-16T23:00:00+00:00,365.01000000,365.45000000,364.80000000,365.07000000,206.88000000
1776381300000,2026-04-16T23:15:00+00:00,365.05000000,365.33000000,364.70000000,364.87000000,145.54000000
1776382200000,2026-04-16T23:30:00+00:00,364.80000000,365.59000000,364.55000000,365.16000000,137.09000000
1776383100000,2026-04-16T23:45:00+00:00,365.18000000,365.59000000,365.02000000,365.04000000,25.78000000
1776384000000,2026-04-17T00:00:00+00:00,365.11000000,366.99000000,365.00000000,366.19000000,48.91000000
1776384900000,2026-04-17T00:15:00+00:00,366.14000000,366.14000000,365.37000000,366.02000000,6.06000000
1776385800000,2026-04-17T00:30:00+00:00,366.03000000,366.62000000,365.70000000,365.92000000,144.54000000
1776386700000,2026-04-17T00:45:00+00:00,365.83000000,366.54000000,365.08000000,366.32000000,103.38000000
1776387600000,2026-04-17T01:00:00+00:00,366.32000000,366.46000000,365.96000000,366.32000000,4.82000000
1776388500000,2026-04-17T01:15:00+00:00,366.54000000,366.55000000,365.39000000,365.64000000,24.55000000
1776389400000,2026-04-17T01:30:00+00:00,365.34000000,365.96000000,365.16000000,365.41000000,118.60000000
1776390300000,2026-04-17T01:45:00+00:00,365.39000000,366.05000000,364.36000000,365.66000000,94.22000000
1776391200000,2026-04-17T02:00:00+00:00,365.87000000,365.87000000,364.81000000,365.53000000,38.19000000
1776392100000,2026-04-17T02:15:00+00:00,365.54000000,366.00000000,365.31000000,365.94000000,17.66000000
1776393000000,2026-04-17T02:30:00+00:00,365.87000000,366.15000000,365.66000000,365.81000000,18.33000000
1776393900000,2026-04-17T02:45:00+00:00,365.85000000,366.09000000,365.22000000,365.35000000,73.89000000
1776394800000,2026-04-17T03:00:00+00:00,365.25000000,365.63000000,365.25000000,365.46000000,4.89000000
1776395700000,2026-04-17T03:15:00+00:00,365.43000000,366.01000000,365.24000000,365.65000000,27.42000000
1776396600000,2026-04-17T03:30:00+00:00,365.47000000,365.48000000,364.74000000,365.15000000,38.95000000
1776397500000,2026-04-17T03:45:00+00:00,364.95000000,365.30000000,364.65000000,365.06000000,6.24000000
1776398400000,2026-04-17T04:00:00+00:00,365.30000000,365.69000000,365.02000000,365.49000000,7.41000000
1776399300000,2026-04-17T04:15:00+00:00,365.79000000,366.03000000,365.53000000,365.60000000,16.94000000
1776400200000,2026-04-17T04:30:00+00:00,365.82000000,366.20000000,365.60000000,366.13000000,7.43000000
1776401100000,2026-04-17T04:45:00+00:00,365.68000000,365.84000000,365.19000000,365.38000000,11.82000000
1776402000000,2026-04-17T05:00:00+00:00,365.37000000,365.48000000,364.91000000,365.22000000,26.91000000
1776402900000,2026-04-17T05:15:00+00:00,365.38000000,365.43000000,364.97000000,365.01000000,57.09000000
1776403800000,2026-04-17T05:30:00+00:00,365.00000000,365.17000000,364.78000000,365.07000000,7.33000000
1776404700000,2026-04-17T05:45:00+00:00,365.07000000,365.30000000,365.07000000,365.30000000,9.31000000
1776405600000,2026-04-17T06:00:00+00:00,365.26000000,365.58000000,365.25000000,365.50000000,6.08000000
1776406500000,2026-04-17T06:15:00+00:00,365.72000000,365.91000000,365.48000000,365.68000000,50.23000000
1776407400000,2026-04-17T06:30:00+00:00,365.68000000,365.71000000,364.55000000,364.69000000,74.79000000
1776408300000,2026-04-17T06:45:00+00:00,364.86000000,365.30000000,364.86000000,365.04000000,7.93000000
1776409200000,2026-04-17T07:00:00+00:00,365.22000000,365.49000000,365.22000000,365.49000000,5.22000000
1776410100000,2026-04-17T07:15:00+00:00,365.33000000,365.39000000,365.06000000,365.06000000,1.78000000
1776411000000,2026-04-17T07:30:00+00:00,365.12000000,365.30000000,364.90000000,365.28000000,4.23000000
1776411900000,2026-04-17T07:45:00+00:00,365.27000000,365.74000000,365.02000000,365.27000000,30.73000000
1776412800000,2026-04-17T08:00:00+00:00,365.53000000,365.59000000,364.70000000,364.70000000,25.20000000
1776413700000,2026-04-17T08:15:00+00:00,365.20000000,365.74000000,365.20000000,365.74000000,21.27000000
1776414600000,2026-04-17T08:30:00+00:00,365.74000000,366.42000000,365.36000000,366.09000000,28.64000000
1776415500000,2026-04-17T08:45:00+00:00,366.04000000,367.28000000,366.04000000,367.14000000,41.56000000
1776416400000,2026-04-17T09:00:00+00:00,366.91000000,367.16000000,366.61000000,366.93000000,44.44000000
1776417300000,2026-04-17T09:15:00+00:00,366.66000000,367.73000000,366.66000000,367.72000000,23.46000000
1776418200000,2026-04-17T09:30:00+00:00,367.83000000,367.83000000,366.70000000,367.31000000,32.39000000
1776419100000,2026-04-17T09:45:00+00:00,367.31000000,368.24000000,367.31000000,368.24000000,65.85000000
1776420000000,2026-04-17T10:00:00+00:00,368.00000000,368.25000000,367.53000000,367.93000000,23.06000000
1776420900000,2026-04-17T10:15:00+00:00,367.90000000,367.91000000,367.28000000,367.71000000,10.53000000
1776421800000,2026-04-17T10:30:00+00:00,367.63000000,367.63000000,367.00000000,367.14000000,194.92000000
1776422700000,2026-04-17T10:45:00+00:00,367.06000000,367.26000000,365.37000000,366.71000000,149.77000000
1776423600000,2026-04-17T11:00:00+00:00,366.49000000,367.83000000,366.49000000,367.25000000,25.72000000
1776424500000,2026-04-17T11:15:00+00:00,367.52000000,367.59000000,367.12000000,367.37000000,8.68000000
1776425400000,2026-04-17T11:30:00+00:00,367.40000000,367.73000000,367.17000000,367.64000000,34.64000000
1776426300000,2026-04-17T11:45:00+00:00,367.60000000,367.65000000,367.18000000,367.30000000,7.79000000
1776427200000,2026-04-17T12:00:00+00:00,367.18000000,368.92000000,367.18000000,368.44000000,82.04000000
1776428100000,2026-04-17T12:15:00+00:00,368.38000000,369.36000000,368.26000000,369.18000000,58.08000000
1776429000000,2026-04-17T12:30:00+00:00,369.00000000,369.62000000,368.76000000,369.41000000,74.39000000
1776429900000,2026-04-17T12:45:00+00:00,369.28000000,373.07000000,368.87000000,372.92000000,277.65000000
1776430800000,2026-04-17T13:00:00+00:00,372.92000000,374.95000000,371.73000000,373.56000000,253.89000000
1776431700000,2026-04-17T13:15:00+00:00,373.49000000,373.76000000,371.21000000,372.75000000,472.58000000
1776432600000,2026-04-17T13:30:00+00:00,372.88000000,375.91000000,370.81000000,373.16000000,336.24000000
1776433500000,2026-04-17T13:45:00+00:00,372.86000000,373.77000000,371.43000000,372.54000000,219.35000000
1776434400000,2026-04-17T14:00:00+00:00,372.90000000,374.24000000,370.00000000,373.32000000,286.15000000
1776435300000,2026-04-17T14:15:00+00:00,373.07000000,374.13000000,371.65000000,373.42000000,141.15000000
1776436200000,2026-04-17T14:30:00+00:00,373.42000000,373.61000000,372.03000000,372.15000000,70.03000000
1776437100000,2026-04-17T14:45:00+00:00,372.47000000,373.31000000,370.62000000,370.70000000,90.90000000
1776438000000,2026-04-17T15:00:00+00:00,370.74000000,370.82000000,368.60000000,369.84000000,214.82000000
1776438900000,2026-04-17T15:15:00+00:00,370.04000000,370.27000000,367.48000000,367.81000000,152.65000000
1776439800000,2026-04-17T15:30:00+00:00,367.68000000,369.89000000,367.68000000,368.96000000,60.85000000
1776440700000,2026-04-17T15:45:00+00:00,368.84000000,368.84000000,366.98000000,366.98000000,76.39000000
1776441600000,2026-04-17T16:00:00+00:00,367.04000000,368.71000000,366.57000000,368.42000000,111.99000000
1776442500000,2026-04-17T16:15:00+00:00,368.67000000,369.43000000,368.33000000,369.07000000,136.85000000
1776443400000,2026-04-17T16:30:00+00:00,369.25000000,369.90000000,368.62000000,369.03000000,15.27000000
1776444300000,2026-04-17T16:45:00+00:00,369.02000000,369.48000000,368.44000000,368.80000000,10.02000000
1776445200000,2026-04-17T17:00:00+00:00,368.66000000,369.00000000,367.28000000,367.55000000,49.37000000
1776446100000,2026-04-17T17:15:00+00:00,367.89000000,368.13000000,365.78000000,366.51000000,51.67000000
1776447000000,2026-04-17T17:30:00+00:00,366.57000000,367.16000000,366.19000000,366.94000000,13.66000000
1776447900000,2026-04-17T17:45:00+00:00,367.03000000,367.96000000,367.01000000,367.48000000,42.78000000
1776448800000,2026-04-17T18:00:00+00:00,367.47000000,367.68000000,366.90000000,366.90000000,49.74000000
1776449700000,2026-04-17T18:15:00+00:00,367.22000000,368.72000000,366.59000000,368.59000000,52.99000000
1776450600000,2026-04-17T18:30:00+00:00,368.78000000,369.36000000,368.57000000,369.36000000,44.67000000
1776451500000,2026-04-17T18:45:00+00:00,369.44000000,370.04000000,368.98000000,369.68000000,50.34000000
1776452400000,2026-04-17T19:00:00+00:00,369.64000000,370.63000000,369.55000000,369.77000000,71.86000000
1776453300000,2026-04-17T19:15:00+00:00,370.06000000,370.68000000,369.72000000,369.72000000,17.86000000
1776454200000,2026-04-17T19:30:00+00:00,370.16000000,370.39000000,369.77000000,370.25000000,3.68000000
1776455100000,2026-04-17T19:45:00+00:00,370.28000000,371.31000000,369.99000000,371.02000000,21.17000000
1776456000000,2026-04-17T20:00:00+00:00,371.31000000,372.46000000,371.11000000,371.46000000,11.41000000
1776456900000,2026-04-17T20:15:00+00:00,371.18000000,371.18000000,370.42000000,370.60000000,28.28000000
1776457800000,2026-04-17T20:30:00+00:00,371.00000000,371.04000000,370.69000000,370.71000000,4.52000000
1776458700000,2026-04-17T20:45:00+00:00,370.89000000,371.04000000,370.89000000,370.90000000,0.55000000
1776459600000,2026-04-17T21:00:00+00:00,370.74000000,371.95000000,370.51000000,371.19000000,97.84000000
1776460500000,2026-04-17T21:15:00+00:00,370.77000000,371.10000000,370.75000000,371.10000000,3.84000000
1776461400000,2026-04-17T21:30:00+00:00,370.99000000,371.00000000,370.11000000,370.59000000,16.55000000
1776462300000,2026-04-17T21:45:00+00:00,370.20000000,370.35000000,369.91000000,370.12000000,2.68000000
1776463200000,2026-04-17T22:00:00+00:00,369.92000000,369.92000000,369.78000000,369.78000000,2.79000000
1776464100000,2026-04-17T22:15:00+00:00,369.78000000,370.27000000,369.21000000,370.27000000,9.75000000
1776465000000,2026-04-17T22:30:00+00:00,369.66000000,370.31000000,369.65000000,370.31000000,2.17000000
1776465900000,2026-04-17T22:45:00+00:00,370.31000000,370.31000000,370.31000000,370.31000000,0.00000000
1776466800000,2026-04-17T23:00:00+00:00,369.55000000,369.88000000,369.54000000,369.88000000,0.80000000
1776467700000,2026-04-17T23:15:00+00:00,369.55000000,369.88000000,369.55000000,369.86000000,0.12000000
1776468600000,2026-04-17T23:30:00+00:00,369.86000000,369.86000000,369.26000000,369.26000000,1.84000000
1776469500000,2026-04-17T23:45:00+00:00,369.27000000,369.83000000,369.07000000,369.83000000,4.61000000
1776470400000,2026-04-18T00:00:00+00:00,369.84000000,370.66000000,369.50000000,370.04000000,27.52000000
1776471300000,2026-04-18T00:15:00+00:00,370.51000000,370.51000000,369.30000000,369.31000000,33.94000000
1776472200000,2026-04-18T00:30:00+00:00,369.30000000,370.18000000,369.30000000,369.30000000,1.49000000
1776473100000,2026-04-18T00:45:00+00:00,369.58000000,369.58000000,369.28000000,369.28000000,3.03000000
1776474000000,2026-04-18T01:00:00+00:00,369.28000000,369.78000000,369.21000000,369.28000000,3.69000000
1776474900000,2026-04-18T01:15:00+00:00,369.35000000,370.66000000,368.44000000,369.51000000,40.26000000
1776475800000,2026-04-18T01:30:00+00:00,369.12000000,370.34000000,369.12000000,369.61000000,5.63000000
1776476700000,2026-04-18T01:45:00+00:00,370.15000000,370.18000000,369.27000000,369.28000000,2.36000000
1776477600000,2026-04-18T02:00:00+00:00,369.78000000,369.79000000,369.78000000,369.79000000,0.53000000
1776478500000,2026-04-18T02:15:00+00:00,369.79000000,369.79000000,369.62000000,369.62000000,0.30000000
1776479400000,2026-04-18T02:30:00+00:00,369.77000000,370.00000000,369.77000000,369.99000000,4.31000000
1776480300000,2026-04-18T02:45:00+00:00,369.99000000,370.00000000,369.51000000,370.00000000,0.90000000
1776481200000,2026-04-18T03:00:00+00:00,370.00000000,370.00000000,369.67000000,369.90000000,6.70000000
1776482100000,2026-04-18T03:15:00+00:00,369.64000000,369.90000000,369.59000000,369.59000000,2.76000000
1776483000000,2026-04-18T03:30:00+00:00,369.68000000,369.90000000,369.47000000,369.50000000,21.09000000
1776483900000,2026-04-18T03:45:00+00:00,369.89000000,369.90000000,369.49000000,369.49000000,0.95000000
1776484800000,2026-04-18T04:00:00+00:00,369.83000000,369.90000000,369.83000000,369.89000000,0.89000000
1776485700000,2026-04-18T04:15:00+00:00,369.88000000,369.88000000,369.88000000,369.88000000,0.45000000
1776486600000,2026-04-18T04:30:00+00:00,369.42000000,369.82000000,369.26000000,369.82000000,11.83000000
1776487500000,2026-04-18T04:45:00+00:00,369.82000000,369.82000000,369.26000000,369.81000000,23.47000000
1776488400000,2026-04-18T05:00:00+00:00,369.30000000,369.80000000,369.27000000,369.80000000,2.86000000
1776489300000,2026-04-18T05:15:00+00:00,369.29000000,370.00000000,369.27000000,369.43000000,5.00000000
1776490200000,2026-04-18T05:30:00+00:00,369.43000000,369.99000000,369.36000000,369.38000000,8.01000000
1776491100000,2026-04-18T05:45:00+00:00,369.30000000,369.30000000,369.30000000,369.30000000,0.05000000
1776492000000,2026-04-18T06:00:00+00:00,369.31000000,369.94000000,369.26000000,369.94000000,27.03000000
1776492900000,2026-04-18T06:15:00+00:00,369.94000000,369.99000000,369.25000000,369.79000000,5.06000000
1776493800000,2026-04-18T06:30:00+00:00,369.44000000,369.80000000,369.44000000,369.53000000,1.13000000
1776494700000,2026-04-18T06:45:00+00:00,369.97000000,369.97000000,369.37000000,369.37000000,1.30000000
1776495600000,2026-04-18T07:00:00+00:00,369.38000000,369.66000000,369.37000000,369.66000000,12.61000000
1776496500000,2026-04-18T07:15:00+00:00,369.66000000,370.17000000,369.49000000,370.17000000,39.87000000
1776497400000,2026-04-18T07:30:00+00:00,370.19000000,370.82000000,370.00000000,370.60000000,13.48000000
1776498300000,2026-04-18T07:45:00+00:00,370.07000000,370.59000000,369.90000000,370.59000000,0.97000000
1776499200000,2026-04-18T08:00:00+00:00,369.90000000,370.60000000,369.88000000,369.88000000,5.03000000
1776500100000,2026-04-18T08:15:00+00:00,369.89000000,369.89000000,369.89000000,369.89000000,0.09000000
1776501000000,2026-04-18T08:30:00+00:00,369.90000000,370.57000000,369.45000000,369.47000000,31.38000000
1776501900000,2026-04-18T08:45:00+00:00,370.14000000,370.27000000,369.27000000,369.30000000,18.81000000
1776502800000,2026-04-18T09:00:00+00:00,369.38000000,369.90000000,369.26000000,369.26000000,8.22000000
1776503700000,2026-04-18T09:15:00+00:00,369.26000000,369.88000000,369.24000000,369.24000000,12.61000000
1776504600000,2026-04-18T09:30:00+00:00,369.24000000,369.87000000,369.24000000,369.24000000,13.22000000
1776505500000,2026-04-18T09:45:00+00:00,369.87000000,370.11000000,368.36000000,369.54000000,67.88000000
1776506400000,2026-04-18T10:00:00+00:00,368.68000000,369.88000000,368.63000000,368.88000000,35.57000000
1776507300000,2026-04-18T10:15:00+00:00,369.96000000,369.96000000,368.83000000,369.45000000,20.28000000
1776508200000,2026-04-18T10:30:00+00:00,369.50000000,369.63000000,368.97000000,369.42000000,35.33000000
1776509100000,2026-04-18T10:45:00+00:00,369.30000000,369.57000000,369.13000000,369.30000000,29.62000000
1776510000000,2026-04-18T11:00:00+00:00,369.30000000,369.40000000,368.97000000,369.21000000,173.06000000
1776510900000,2026-04-18T11:15:00+00:00,369.21000000,369.37000000,369.21000000,369.21000000,6.38000000
1776511800000,2026-04-18T11:30:00+00:00,369.43000000,369.52000000,369.20000000,369.20000000,11.68000000
1776512700000,2026-04-18T11:45:00+00:00,369.20000000,369.46000000,369.20000000,369.21000000,13.19000000
1776513600000,2026-04-18T12:00:00+00:00,369.24000000,369.56000000,369.10000000,369.38000000,14.57000000
1776514500000,2026-04-18T12:15:00+00:00,369.55000000,369.64000000,368.84000000,369.49000000,37.60000000
1776515400000,2026-04-18T12:30:00+00:00,369.49000000,369.66000000,368.79000000,369.11000000,22.35000000
1776516300000,2026-04-18T12:45:00+00:00,369.16000000,369.51000000,369.16000000,369.51000000,1.31000000
1776517200000,2026-04-18T13:00:00+00:00,369.57000000,369.78000000,369.19000000,369.21000000,15.38000000
1776518100000,2026-04-18T13:15:00+00:00,369.54000000,369.54000000,369.17000000,369.17000000,3.87000000
1776519000000,2026-04-18T13:30:00+00:00,369.17000000,369.63000000,368.07000000,369.22000000,189.20000000
1776519900000,2026-04-18T13:45:00+00:00,369.32000000,369.77000000,369.15000000,369.77000000,9.21000000
1776520800000,2026-04-18T14:00:00+00:00,369.77000000,369.77000000,369.15000000,369.77000000,0.43000000
1776521700000,2026-04-18T14:15:00+00:00,369.77000000,369.77000000,369.77000000,369.77000000,0.00000000
1776522600000,2026-04-18T14:30:00+00:00,369.76000000,369.78000000,369.18000000,369.77000000,16.57000000
1776523500000,2026-04-18T14:45:00+00:00,369.76000000,369.78000000,369.18000000,369.25000000,9.94000000
1776524400000,2026-04-18T15:00:00+00:00,369.77000000,369.78000000,369.18000000,369.49000000,6.87000000
1776525300000,2026-04-18T15:15:00+00:00,369.56000000,369.78000000,368.63000000,369.78000000,35.73000000
1776526200000,2026-04-18T15:30:00+00:00,369.78000000,369.78000000,368.90000000,369.27000000,7.61000000
1776527100000,2026-04-18T15:45:00+00:00,369.47000000,369.78000000,369.30000000,369.61000000,9.81000000
1776528000000,2026-04-18T16:00:00+00:00,369.60000000,369.61000000,369.29000000,369.29000000,1.08000000
1776528900000,2026-04-18T16:15:00+00:00,369.41000000,369.70000000,369.12000000,369.35000000,14.95000000
1776529800000,2026-04-18T16:30:00+00:00,369.48000000,369.51000000,369.15000000,369.15000000,1.84000000
1776530700000,2026-04-18T16:45:00+00:00,369.20000000,369.49000000,369.14000000,369.49000000,3.11000000
1776531600000,2026-04-18T17:00:00+00:00,369.55000000,369.55000000,369.55000000,369.55000000,0.02000000
1776532500000,2026-04-18T17:15:00+00:00,369.55000000,369.55000000,369.14000000,369.14000000,9.29000000
1776533400000,2026-04-18T17:30:00+00:00,369.50000000,369.78000000,368.98000000,369.78000000,6.20000000
1776534300000,2026-04-18T17:45:00+00:00,369.50000000,369.77000000,369.08000000,369.75000000,0.88000000
1776535200000,2026-04-18T18:00:00+00:00,369.77000000,369.77000000,369.09000000,369.12000000,7.50000000
1776536100000,2026-04-18T18:15:00+00:00,369.77000000,369.78000000,369.04000000,369.04000000,15.94000000
1776537000000,2026-04-18T18:30:00+00:00,369.76000000,369.76000000,368.03000000,368.19000000,54.61000000
1776537900000,2026-04-18T18:45:00+00:00,369.36000000,369.55000000,368.23000000,368.27000000,0.10000000
1776538800000,2026-04-18T19:00:00+00:00,368.97000000,369.78000000,368.02000000,369.10000000,50.85000000
1776539700000,2026-04-18T19:15:00+00:00,369.58000000,369.64000000,369.09000000,369.09000000,3.03000000
1776540600000,2026-04-18T19:30:00+00:00,369.09000000,369.60000000,369.08000000,369.08000000,13.27000000
1776541500000,2026-04-18T19:45:00+00:00,369.08000000,369.78000000,369.07000000,369.07000000,1.18000000
1776542400000,2026-04-18T20:00:00+00:00,369.59000000,369.77000000,369.07000000,369.08000000,2.38000000
1776543300000,2026-04-18T20:15:00+00:00,369.08000000,369.08000000,369.08000000,369.08000000,0.00000000
1776544200000,2026-04-18T20:30:00+00:00,369.73000000,369.73000000,369.06000000,369.06000000,0.57000000
1776545100000,2026-04-18T20:45:00+00:00,369.04000000,369.04000000,369.04000000,369.04000000,2.21000000
1776546000000,2026-04-18T21:00:00+00:00,369.03000000,369.52000000,369.03000000,369.52000000,0.37000000
1776546900000,2026-04-18T21:15:00+00:00,369.02000000,369.78000000,369.01000000,369.01000000,12.79000000
1776547800000,2026-04-18T21:30:00+00:00,369.01000000,369.01000000,369.00000000,369.00000000,0.06000000
1776548700000,2026-04-18T21:45:00+00:00,369.76000000,369.76000000,368.55000000,368.72000000,5.03000000
1776549600000,2026-04-18T22:00:00+00:00,369.59000000,369.77000000,369.13000000,369.16000000,0.36000000
1776550500000,2026-04-18T22:15:00+00:00,369.39000000,369.39000000,368.94000000,368.94000000,0.86000000
1776551400000,2026-04-18T22:30:00+00:00,368.94000000,368.94000000,368.94000000,368.94000000,0.00000000
1776552300000,2026-04-18T22:45:00+00:00,368.94000000,368.94000000,368.94000000,368.94000000,0.00000000
1776553200000,2026-04-18T23:00:00+00:00,369.39000000,369.39000000,369.39000000,369.39000000,0.02000000
1776554100000,2026-04-18T23:15:00+00:00,369.39000000,369.69000000,369.39000000,369.69000000,0.81000000
1776555000000,2026-04-18T23:30:00+00:00,369.77000000,369.78000000,369.12000000,369.12000000,2.07000000
1776555900000,2026-04-18T23:45:00+00:00,369.12000000,369.12000000,369.12000000,369.12000000,0.05000000
1776556800000,2026-04-19T00:00:00+00:00,369.12000000,369.52000000,369.12000000,369.51000000,0.17000000
1776557700000,2026-04-19T00:15:00+00:00,369.12000000,369.37000000,369.01000000,369.37000000,0.54000000
1776558600000,2026-04-19T00:30:00+00:00,369.25000000,369.77000000,368.14000000,369.02000000,30.13000000
1776559500000,2026-04-19T00:45:00+00:00,369.02000000,369.33000000,368.94000000,368.94000000,1.15000000
1776560400000,2026-04-19T01:00:00+00:00,369.33000000,369.61000000,369.00000000,369.19000000,6.66000000
1776561300000,2026-04-19T01:15:00+00:00,369.25000000,369.25000000,369.25000000,369.25000000,0.12000000
1776562200000,2026-04-19T01:30:00+00:00,369.31000000,369.59000000,368.70000000,369.59000000,7.50000000
1776563100000,2026-04-19T01:45:00+00:00,369.27000000,369.86000000,369.12000000,369.33000000,14.53000000
1776564000000,2026-04-19T02:00:00+00:00,369.49000000,369.91000000,369.05000000,369.79000000,14.06000000
1776564900000,2026-04-19T02:15:00+00:00,369.79000000,370.01000000,369.10000000,369.37000000,18.18000000
1776565800000,2026-04-19T02:30:00+00:00,369.48000000,369.67000000,369.39000000,369.62000000,3.95000000
1776566700000,2026-04-19T02:45:00+00:00,369.59000000,369.76000000,369.38000000,369.59000000,4.34000000
1776567600000,2026-04-19T03:00:00+00:00,369.60000000,369.70000000,369.09000000,369.70000000,10.47000000
1776568500000,2026-04-19T03:15:00+00:00,369.73000000,369.77000000,369.20000000,369.40000000,12.08000000
1776569400000,2026-04-19T03:30:00+00:00,369.46000000,369.75000000,369.16000000,369.30000000,4.34000000
1776570300000,2026-04-19T03:45:00+00:00,369.27000000,369.43000000,368.82000000,369.23000000,8.73000000
1776571200000,2026-04-19T04:00:00+00:00,369.16000000,369.45000000,368.96000000,369.28000000,19.82000000
1776572100000,2026-04-19T04:15:00+00:00,369.30000000,369.58000000,368.80000000,369.39000000,23.34000000
1776573000000,2026-04-19T04:30:00+00:00,369.41000000,369.60000000,369.10000000,369.31000000,33.48000000
1776573900000,2026-04-19T04:45:00+00:00,369.28000000,369.56000000,369.02000000,369.34000000,30.17000000
1776574800000,2026-04-19T05:00:00+00:00,369.41000000,369.73000000,369.18000000,369.48000000,40.06000000
1776575700000,2026-04-19T05:15:00+00:00,369.35000000,369.56000000,368.89000000,369.30000000,10.83000000
1776576600000,2026-04-19T05:30:00+00:00,369.42000000,369.54000000,368.80000000,368.86000000,11.04000000
1776577500000,2026-04-19T05:45:00+00:00,368.93000000,369.39000000,368.80000000,368.88000000,7.89000000
1776578400000,2026-04-19T06:00:00+00:00,368.91000000,369.80000000,368.80000000,369.71000000,9.55000000
1776579300000,2026-04-19T06:15:00+00:00,369.74000000,369.82000000,368.67000000,368.95000000,17.15000000
1776580200000,2026-04-19T06:30:00+00:00,369.07000000,369.27000000,368.52000000,368.65000000,5.50000000
1776581100000,2026-04-19T06:45:00+00:00,368.67000000,369.03000000,367.50000000,368.65000000,19.16000000
1776582000000,2026-04-19T07:00:00+00:00,368.57000000,368.85000000,368.04000000,368.62000000,22.22000000
1776582900000,2026-04-19T07:15:00+00:00,368.60000000,369.02000000,368.53000000,368.65000000,32.36000000
1776583800000,2026-04-19T07:30:00+00:00,368.67000000,368.77000000,368.26000000,368.68000000,6.69000000
1776584700000,2026-04-19T07:45:00+00:00,368.67000000,368.72000000,368.65000000,368.72000000,3.03000000
1776585600000,2026-04-19T08:00:00+00:00,368.72000000,369.59000000,368.10000000,369.46000000,24.89000000
1776586500000,2026-04-19T08:15:00+00:00,369.42000000,369.44000000,369.35000000,369.35000000,0.17000000
1776587400000,2026-04-19T08:30:00+00:00,369.24000000,369.63000000,369.24000000,369.43000000,3.51000000
1776588300000,2026-04-19T08:45:00+00:00,369.50000000,369.75000000,369.24000000,369.47000000,4.50000000
1776589200000,2026-04-19T09:00:00+00:00,369.40000000,369.42000000,369.40000000,369.41000000,0.25000000
1776590100000,2026-04-19T09:15:00+00:00,369.41000000,369.41000000,368.33000000,368.88000000,23.72000000
1776591000000,2026-04-19T09:30:00+00:00,369.00000000,369.24000000,367.85000000,368.85000000,6.97000000
1776591900000,2026-04-19T09:45:00+00:00,368.60000000,368.75000000,368.60000000,368.60000000,1.10000000
1776592800000,2026-04-19T10:00:00+00:00,368.71000000,368.81000000,368.57000000,368.63000000,4.49000000
1776593700000,2026-04-19T10:15:00+00:00,368.74000000,369.47000000,368.18000000,369.47000000,5.74000000
1776594600000,2026-04-19T10:30:00+00:00,369.49000000,369.52000000,368.77000000,368.77000000,1.60000000
1776595500000,2026-04-19T10:45:00+00:00,368.80000000,369.51000000,368.76000000,369.02000000,7.23000000
1776596400000,2026-04-19T11:00:00+00:00,368.93000000,368.97000000,368.53000000,368.67000000,9.15000000
1776597300000,2026-04-19T11:15:00+00:00,368.54000000,368.75000000,368.54000000,368.63000000,5.54000000
1776598200000,2026-04-19T11:30:00+00:00,368.73000000,369.47000000,368.73000000,369.27000000,16.29000000
1776599100000,2026-04-19T11:45:00+00:00,369.29000000,369.50000000,369.21000000,369.50000000,5.63000000
1776600000000,2026-04-19T12:00:00+00:00,369.50000000,370.43000000,369.36000000,370.36000000,73.37000000
1776600900000,2026-04-19T12:15:00+00:00,370.37000000,370.44000000,370.37000000,370.43000000,6.52000000
1776601800000,2026-04-19T12:30:00+00:00,370.44000000,370.44000000,369.44000000,370.17000000,44.92000000
1776602700000,2026-04-19T12:45:00+00:00,370.19000000,370.25000000,369.58000000,369.61000000,5.26000000
1776603600000,2026-04-19T13:00:00+00:00,369.56000000,370.31000000,369.33000000,370.28000000,10.85000000
1776604500000,2026-04-19T13:15:00+00:00,370.31000000,370.46000000,370.00000000,370.38000000,12.24000000
1776605400000,2026-04-19T13:30:00+00:00,370.41000000,370.49000000,370.41000000,370.48000000,2.14000000
1776606300000,2026-04-19T13:45:00+00:00,370.49000000,370.49000000,370.13000000,370.13000000,1.20000000
1776607200000,2026-04-19T14:00:00+00:00,370.17000000,370.50000000,370.17000000,370.32000000,11.40000000
1776608100000,2026-04-19T14:15:00+00:00,370.34000000,370.50000000,370.34000000,370.50000000,1.60000000
1776609000000,2026-04-19T14:30:00+00:00,370.50000000,370.50000000,370.10000000,370.19000000,4.49000000
1776609900000,2026-04-19T14:45:00+00:00,370.17000000,370.26000000,369.36000000,369.69000000,12.90000000
1776610800000,2026-04-19T15:00:00+00:00,369.65000000,369.65000000,369.01000000,369.01000000,3.29000000
1776611700000,2026-04-19T15:15:00+00:00,369.05000000,370.38000000,369.05000000,370.19000000,11.91000000
1776612600000,2026-04-19T15:30:00+00:00,370.19000000,370.48000000,369.00000000,370.01000000,44.42000000
1776613500000,2026-04-19T15:45:00+00:00,370.04000000,370.42000000,369.92000000,370.38000000,13.94000000
1776614400000,2026-04-19T16:00:00+00:00,370.36000000,370.60000000,369.36000000,370.00000000,11.50000000
1776615300000,2026-04-19T16:15:00+00:00,370.15000000,370.29000000,369.43000000,369.74000000,7.78000000
1776616200000,2026-04-19T16:30:00+00:00,369.74000000,370.10000000,369.40000000,370.10000000,5.61000000
1776617100000,2026-04-19T16:45:00+00:00,369.93000000,369.93000000,369.17000000,369.48000000,4.86000000
1776618000000,2026-04-19T17:00:00+00:00,369.37000000,369.90000000,368.77000000,369.47000000,40.77000000
1776618900000,2026-04-19T17:15:00+00:00,369.36000000,369.90000000,368.60000000,368.72000000,9.63000000
1776619800000,2026-04-19T17:30:00+00:00,368.73000000,369.48000000,368.70000000,368.90000000,12.46000000
1776620700000,2026-04-19T17:45:00+00:00,368.91000000,368.91000000,368.50000000,368.50000000,30.34000000
1776621600000,2026-04-19T18:00:00+00:00,368.50000000,368.88000000,368.18000000,368.87000000,5.36000000
1776622500000,2026-04-19T18:15:00+00:00,368.87000000,368.91000000,367.36000000,367.73000000,88.66000000
1776623400000,2026-04-19T18:30:00+00:00,367.61000000,367.83000000,365.83000000,366.31000000,922.12000000
1776624300000,2026-04-19T18:45:00+00:00,366.53000000,367.95000000,366.30000000,367.19000000,33.50000000
1776625200000,2026-04-19T19:00:00+00:00,367.19000000,367.88000000,365.96000000,367.78000000,31.18000000
1776626100000,2026-04-19T19:15:00+00:00,367.88000000,368.23000000,367.60000000,367.78000000,3.35000000
1776627000000,2026-04-19T19:30:00+00:00,367.87000000,368.91000000,367.37000000,367.63000000,20.75000000
1776627900000,2026-04-19T19:45:00+00:00,367.89000000,368.35000000,367.58000000,368.35000000,3.12000000
1776628800000,2026-04-19T20:00:00+00:00,368.10000000,368.21000000,367.19000000,368.06000000,18.86000000
1776629700000,2026-04-19T20:15:00+00:00,368.06000000,368.21000000,367.47000000,367.87000000,1.98000000
1776630600000,2026-04-19T20:30:00+00:00,367.87000000,368.55000000,367.43000000,367.43000000,21.58000000
1776631500000,2026-04-19T20:45:00+00:00,367.67000000,367.80000000,366.16000000,366.85000000,68.03000000
1776632400000,2026-04-19T21:00:00+00:00,366.76000000,366.92000000,366.62000000,366.92000000,106.78000000
1776633300000,2026-04-19T21:15:00+00:00,367.16000000,367.81000000,366.21000000,366.94000000,66.37000000
1776634200000,2026-04-19T21:30:00+00:00,366.87000000,367.20000000,366.64000000,367.17000000,36.90000000
1776635100000,2026-04-19T21:45:00+00:00,367.18000000,367.23000000,366.92000000,367.22000000,6.88000000
1776636000000,2026-04-19T22:00:00+00:00,367.17000000,367.98000000,366.75000000,367.98000000,59.94000000
1776636900000,2026-04-19T22:15:00+00:00,367.98000000,368.53000000,367.26000000,368.42000000,109.71000000
1776637800000,2026-04-19T22:30:00+00:00,368.36000000,369.16000000,367.26000000,368.88000000,74.74000000
1776638700000,2026-04-19T22:45:00+00:00,368.87000000,369.21000000,368.19000000,368.80000000,18.30000000
1776639600000,2026-04-19T23:00:00+00:00,369.00000000,369.88000000,367.15000000,368.32000000,142.97000000
1776640500000,2026-04-19T23:15:00+00:00,368.32000000,368.97000000,366.19000000,368.14000000,61.83000000
1776641400000,2026-04-19T23:30:00+00:00,368.14000000,368.32000000,367.88000000,368.27000000,4.10000000
1776642300000,2026-04-19T23:45:00+00:00,368.26000000,369.28000000,367.81000000,369.13000000,39.08000000
1776643200000,2026-04-20T00:00:00+00:00,369.02000000,369.03000000,365.00000000,366.72000000,132.40000000
1776644100000,2026-04-20T00:15:00+00:00,366.30000000,367.00000000,365.55000000,366.58000000,29.69000000
1776645000000,2026-04-20T00:30:00+00:00,366.58000000,368.62000000,366.58000000,367.44000000,39.67000000
1776645900000,2026-04-20T00:45:00+00:00,367.42000000,368.39000000,366.99000000,367.51000000,48.00000000
1776646800000,2026-04-20T01:00:00+00:00,367.46000000,368.86000000,366.92000000,368.47000000,128.66000000
1776647700000,2026-04-20T01:15:00+00:00,368.41000000,368.93000000,367.56000000,367.93000000,50.86000000
1776648600000,2026-04-20T01:30:00+00:00,368.22000000,369.23000000,367.98000000,368.84000000,68.94000000
1776649500000,2026-04-20T01:45:00+00:00,368.94000000,369.33000000,368.21000000,368.42000000,27.77000000
1776650400000,2026-04-20T02:00:00+00:00,368.42000000,368.42000000,367.77000000,368.00000000,15.93000000
1776651300000,2026-04-20T02:15:00+00:00,368.00000000,368.00000000,367.32000000,367.67000000,15.87000000
1776652200000,2026-04-20T02:30:00+00:00,367.68000000,368.01000000,367.30000000,368.01000000,2.89000000
1776653100000,2026-04-20T02:45:00+00:00,368.16000000,368.31000000,367.20000000,367.66000000,9.66000000
1776654000000,2026-04-20T03:00:00+00:00,367.64000000,368.51000000,367.36000000,367.36000000,22.80000000
1776654900000,2026-04-20T03:15:00+00:00,367.48000000,368.12000000,367.37000000,368.01000000,9.25000000
1776655800000,2026-04-20T03:30:00+00:00,367.93000000,368.13000000,367.93000000,368.13000000,0.66000000
1776656700000,2026-04-20T03:45:00+00:00,368.20000000,368.25000000,367.45000000,367.56000000,8.21000000
1776657600000,2026-04-20T04:00:00+00:00,367.45000000,367.56000000,365.00000000,366.84000000,605.17000000
1776658500000,2026-04-20T04:15:00+00:00,367.02000000,367.20000000,366.53000000,367.08000000,7.53000000
1776659400000,2026-04-20T04:30:00+00:00,366.98000000,367.01000000,366.25000000,366.89000000,14.93000000
1776660300000,2026-04-20T04:45:00+00:00,366.98000000,367.12000000,366.54000000,366.93000000,7.81000000
1776661200000,2026-04-20T05:00:00+00:00,366.93000000,367.22000000,366.50000000,366.62000000,9.32000000
1776662100000,2026-04-20T05:15:00+00:00,366.62000000,367.05000000,366.60000000,366.60000000,4.91000000
1776663000000,2026-04-20T05:30:00+00:00,366.57000000,366.57000000,365.00000000,365.60000000,58.02000000
1776663900000,2026-04-20T05:45:00+00:00,365.51000000,366.19000000,365.43000000,365.95000000,12.54000000
1776664800000,2026-04-20T06:00:00+00:00,365.91000000,366.54000000,365.85000000,365.92000000,17.56000000
1776665700000,2026-04-20T06:15:00+00:00,366.07000000,366.15000000,365.77000000,365.86000000,6.36000000
1776666600000,2026-04-20T06:30:00+00:00,365.89000000,366.33000000,365.49000000,365.65000000,25.32000000
1776667500000,2026-04-20T06:45:00+00:00,365.61000000,366.17000000,365.28000000,365.89000000,15.80000000
1776668400000,2026-04-20T07:00:00+00:00,365.88000000,366.87000000,365.62000000,365.91000000,78.72000000
1776669300000,2026-04-20T07:15:00+00:00,365.77000000,366.97000000,365.48000000,366.57000000,32.90000000
1776670200000,2026-04-20T07:30:00+00:00,366.57000000,366.82000000,365.82000000,366.24000000,43.61000000
1776671100000,2026-04-20T07:45:00+00:00,366.24000000,366.32000000,365.87000000,366.17000000,16.58000000
1776672000000,2026-04-20T08:00:00+00:00,366.17000000,366.81000000,365.01000000,365.62000000,50.91000000
1776672900000,2026-04-20T08:15:00+00:00,365.71000000,366.31000000,365.38000000,366.25000000,17.86000000
1776673800000,2026-04-20T08:30:00+00:00,366.18000000,366.42000000,365.87000000,366.14000000,17.39000000
1776674700000,2026-04-20T08:45:00+00:00,366.27000000,366.67000000,366.13000000,366.61000000,19.80000000
1776675600000,2026-04-20T09:00:00+00:00,366.63000000,367.11000000,366.63000000,366.70000000,11.92000000
1776676500000,2026-04-20T09:15:00+00:00,366.81000000,367.55000000,366.28000000,367.20000000,48.52000000
1776677400000,2026-04-20T09:30:00+00:00,367.28000000,367.78000000,367.19000000,367.63000000,4.39000000
1776678300000,2026-04-20T09:45:00+00:00,367.61000000,367.67000000,367.21000000,367.35000000,6.05000000
1776679200000,2026-04-20T10:00:00+00:00,367.24000000,367.71000000,367.16000000,367.53000000,18.15000000
1776680100000,2026-04-20T10:15:00+00:00,367.53000000,367.82000000,367.40000000,367.45000000,2.82000000
1776681000000,2026-04-20T10:30:00+00:00,367.24000000,367.55000000,367.01000000,367.03000000,5.53000000
1776681900000,2026-04-20T10:45:00+00:00,367.14000000,367.38000000,367.00000000,367.33000000,8.68000000
1776682800000,2026-04-20T11:00:00+00:00,367.42000000,367.80000000,367.00000000,367.73000000,17.10000000
1776683700000,2026-04-20T11:15:00+00:00,367.93000000,368.03000000,367.60000000,367.81000000,45.36000000
1776684600000,2026-04-20T11:30:00+00:00,367.74000000,367.97000000,367.28000000,367.68000000,23.48000000
1776685500000,2026-04-20T11:45:00+00:00,367.77000000,367.91000000,367.60000000,367.60000000,18.22000000
1776686400000,2026-04-20T12:00:00+00:00,367.69000000,368.10000000,367.46000000,367.86000000,21.64000000
1776687300000,2026-04-20T12:15:00+00:00,367.75000000,368.12000000,366.76000000,368.12000000,26.39000000
1776688200000,2026-04-20T12:30:00+00:00,368.15000000,368.63000000,368.12000000,368.33000000,35.99000000
1776689100000,2026-04-20T12:45:00+00:00,368.45000000,368.93000000,368.45000000,368.58000000,59.01000000
1776690000000,2026-04-20T13:00:00+00:00,368.61000000,369.41000000,368.47000000,369.02000000,16.92000000
1776690900000,2026-04-20T13:15:00+00:00,369.31000000,369.67000000,368.92000000,369.52000000,27.39000000
1776691800000,2026-04-20T13:30:00+00:00,369.60000000,369.92000000,365.57000000,367.61000000,270.60000000
1776692700000,2026-04-20T13:45:00+00:00,367.70000000,368.68000000,366.33000000,368.66000000,105.16000000
1776693600000,2026-04-20T14:00:00+00:00,368.72000000,370.39000000,368.05000000,369.33000000,110.37000000
1776694500000,2026-04-20T14:15:00+00:00,369.28000000,369.81000000,368.46000000,369.19000000,33.07000000
1776695400000,2026-04-20T14:30:00+00:00,369.00000000,369.21000000,367.92000000,368.13000000,26.79000000
1776696300000,2026-04-20T14:45:00+00:00,368.00000000,368.44000000,366.31000000,366.56000000,43.31000000
1776697200000,2026-04-20T15:00:00+00:00,366.43000000,366.96000000,363.62000000,366.12000000,715.73000000
1776698100000,2026-04-20T15:15:00+00:00,366.07000000,367.85000000,365.14000000,367.85000000,79.48000000
1776699000000,2026-04-20T15:30:00+00:00,367.85000000,367.97000000,366.80000000,366.94000000,17.36000000
1776699900000,2026-04-20T15:45:00+00:00,366.87000000,368.14000000,366.87000000,367.82000000,41.14000000
1776700800000,2026-04-20T16:00:00+00:00,367.94000000,368.17000000,366.77000000,367.53000000,63.61000000
1776701700000,2026-04-20T16:15:00+00:00,367.54000000,367.97000000,367.18000000,367.77000000,7.11000000
1776702600000,2026-04-20T16:30:00+00:00,367.73000000,367.99000000,367.14000000,367.66000000,48.48000000
1776703500000,2026-04-20T16:45:00+00:00,367.52000000,368.24000000,367.50000000,367.83000000,36.17000000
1776704400000,2026-04-20T17:00:00+00:00,367.80000000,367.84000000,367.38000000,367.57000000,29.20000000
1776705300000,2026-04-20T17:15:00+00:00,367.55000000,368.11000000,367.41000000,367.77000000,37.30000000
1776706200000,2026-04-20T17:30:00+00:00,367.82000000,368.39000000,367.53000000,368.19000000,17.42000000
1776707100000,2026-04-20T17:45:00+00:00,368.36000000,368.76000000,368.18000000,368.18000000,7.19000000
1776708000000,2026-04-20T18:00:00+00:00,368.12000000,368.62000000,367.92000000,368.34000000,72.21000000
1776708900000,2026-04-20T18:15:00+00:00,368.44000000,368.47000000,367.98000000,368.36000000,6.82000000
1776709800000,2026-04-20T18:30:00+00:00,368.18000000,368.38000000,367.13000000,367.21000000,31.77000000
1776710700000,2026-04-20T18:45:00+00:00,367.19000000,367.87000000,367.19000000,367.66000000,13.82000000
1776711600000,2026-04-20T19:00:00+00:00,367.64000000,367.97000000,367.31000000,367.60000000,165.43000000
1776712500000,2026-04-20T19:15:00+00:00,367.43000000,367.62000000,367.01000000,367.34000000,119.88000000
1776713400000,2026-04-20T19:30:00+00:00,367.09000000,367.33000000,366.70000000,366.94000000,14.67000000
1776714300000,2026-04-20T19:45:00+00:00,366.86000000,366.99000000,366.41000000,366.72000000,11.19000000
1776715200000,2026-04-20T20:00:00+00:00,366.63000000,367.15000000,366.57000000,366.86000000,91.66000000
1776716100000,2026-04-20T20:15:00+00:00,366.81000000,367.17000000,366.59000000,367.17000000,20.26000000
1776717000000,2026-04-20T20:30:00+00:00,367.23000000,367.32000000,366.34000000,366.34000000,16.69000000
1776717900000,2026-04-20T20:45:00+00:00,366.26000000,366.34000000,365.58000000,366.10000000,23.89000000
1776718800000,2026-04-20T21:00:00+00:00,366.23000000,366.49000000,365.77000000,366.00000000,31.88000000
1776719700000,2026-04-20T21:15:00+00:00,365.99000000,366.40000000,365.85000000,366.15000000,12.17000000
1776720600000,2026-04-20T21:30:00+00:00,366.21000000,366.49000000,366.03000000,366.22000000,15.55000000
1776721500000,2026-04-20T21:45:00+00:00,366.06000000,366.42000000,365.93000000,366.37000000,31.19000000
1776722400000,2026-04-20T22:00:00+00:00,366.22000000,366.94000000,366.08000000,366.65000000,90.96000000
1776723300000,2026-04-20T22:15:00+00:00,366.70000000,366.91000000,366.46000000,366.60000000,105.85000000
1776724200000,2026-04-20T22:30:00+00:00,366.52000000,367.05000000,366.48000000,366.67000000,64.24000000
1776725100000,2026-04-20T22:45:00+00:00,366.76000000,367.28000000,366.76000000,367.09000000,16.06000000
1776726000000,2026-04-20T23:00:00+00:00,367.14000000,367.32000000,366.93000000,367.12000000,11.12000000
1776726900000,2026-04-20T23:15:00+00:00,366.92000000,367.29000000,366.88000000,366.89000000,30.90000000
1776727800000,2026-04-20T23:30:00+00:00,366.88000000,367.06000000,366.64000000,366.99000000,43.56000000
1776728700000,2026-04-20T23:45:00+00:00,366.78000000,367.02000000,366.64000000,366.67000000,19.70000000
1776729600000,2026-04-21T00:00:00+00:00,366.57000000,367.39000000,366.49000000,367.26000000,28.39000000
1776730500000,2026-04-21T00:15:00+00:00,367.29000000,368.07000000,367.29000000,367.47000000,70.70000000
1776731400000,2026-04-21T00:30:00+00:00,367.48000000,367.51000000,366.97000000,367.20000000,39.44000000
1776732300000,2026-04-21T00:45:00+00:00,367.22000000,367.80000000,366.88000000,367.51000000,28.93000000
1776733200000,2026-04-21T01:00:00+00:00,367.93000000,369.02000000,367.91000000,368.14000000,131.97000000
1776734100000,2026-04-21T01:15:00+00:00,368.20000000,368.52000000,367.72000000,367.90000000,83.38000000
1776735000000,2026-04-21T01:30:00+00:00,368.09000000,368.20000000,367.55000000,367.92000000,61.18000000
1776735900000,2026-04-21T01:45:00+00:00,367.83000000,368.21000000,366.62000000,367.07000000,134.79000000
1776736800000,2026-04-21T02:00:00+00:00,366.91000000,368.29000000,366.85000000,368.29000000,26.11000000
1776737700000,2026-04-21T02:15:00+00:00,367.90000000,368.19000000,367.83000000,368.17000000,18.90000000
1776738600000,2026-04-21T02:30:00+00:00,368.03000000,368.53000000,368.00000000,368.16000000,3.34000000
1776739500000,2026-04-21T02:45:00+00:00,368.03000000,368.06000000,368.00000000,368.01000000,0.76000000
1776740400000,2026-04-21T03:00:00+00:00,368.07000000,368.08000000,368.07000000,368.08000000,0.06000000
1776741300000,2026-04-21T03:15:00+00:00,368.07000000,368.13000000,367.35000000,367.76000000,11.05000000
1776742200000,2026-04-21T03:30:00+00:00,367.76000000,367.76000000,367.76000000,367.76000000,0.00000000
1776743100000,2026-04-21T03:45:00+00:00,368.04000000,368.04000000,368.04000000,368.04000000,0.24000000
1776744000000,2026-04-21T04:00:00+00:00,367.98000000,368.29000000,367.98000000,368.01000000,0.99000000
1776744900000,2026-04-21T04:15:00+00:00,368.35000000,368.38000000,367.95000000,368.30000000,37.76000000
1776745800000,2026-04-21T04:30:00+00:00,368.40000000,368.40000000,367.96000000,368.39000000,3.34000000
1776746700000,2026-04-21T04:45:00+00:00,368.08000000,368.15000000,367.82000000,367.83000000,27.64000000
1776747600000,2026-04-21T05:00:00+00:00,368.21000000,368.73000000,368.01000000,368.51000000,19.65000000
1776748500000,2026-04-21T05:15:00+00:00,368.65000000,369.00000000,368.41000000,368.74000000,2.13000000
1776749400000,2026-04-21T05:30:00+00:00,368.74000000,368.74000000,368.12000000,368.21000000,5.44000000
1776750300000,2026-04-21T05:45:00+00:00,368.17000000,368.44000000,367.75000000,367.75000000,8.11000000
1776751200000,2026-04-21T06:00:00+00:00,368.01000000,368.90000000,367.95000000,368.90000000,8.01000000
1776752100000,2026-04-21T06:15:00+00:00,368.72000000,368.80000000,368.24000000,368.50000000,23.77000000
1776753000000,2026-04-21T06:30:00+00:00,368.12000000,368.80000000,368.12000000,368.27000000,4.61000000
1776753900000,2026-04-21T06:45:00+00:00,368.37000000,368.80000000,368.30000000,368.44000000,64.14000000
1776754800000,2026-04-21T07:00:00+00:00,368.44000000,369.05000000,368.25000000,368.59000000,7.09000000
1776755700000,2026-04-21T07:15:00+00:00,368.60000000,369.11000000,368.20000000,368.91000000,17.89000000
1776756600000,2026-04-21T07:30:00+00:00,368.92000000,369.02000000,368.56000000,368.73000000,1.79000000
1776757500000,2026-04-21T07:45:00+00:00,368.91000000,369.24000000,368.73000000,369.09000000,13.43000000
1776758400000,2026-04-21T08:00:00+00:00,369.09000000,369.28000000,368.73000000,369.19000000,22.64000000
1776759300000,2026-04-21T08:15:00+00:00,368.75000000,369.36000000,368.75000000,369.36000000,9.73000000
1776760200000,2026-04-21T08:30:00+00:00,369.36000000,369.50000000,368.97000000,369.25000000,8.98000000
1776761100000,2026-04-21T08:45:00+00:00,369.49000000,369.75000000,369.20000000,369.40000000,27.81000000
1776762000000,2026-04-21T09:00:00+00:00,369.33000000,369.55000000,369.02000000,369.48000000,35.87000000
1776762900000,2026-04-21T09:15:00+00:00,369.43000000,369.68000000,369.25000000,369.47000000,0.57000000
1776763800000,2026-04-21T09:30:00+00:00,369.44000000,369.44000000,369.02000000,369.39000000,27.78000000
1776764700000,2026-04-21T09:45:00+00:00,369.37000000,369.69000000,369.24000000,369.69000000,1.71000000
1776765600000,2026-04-21T10:00:00+00:00,369.70000000,370.20000000,369.61000000,369.89000000,372.86000000
1776766500000,2026-04-21T10:15:00+00:00,369.66000000,370.49000000,369.20000000,369.39000000,293.08000000
1776767400000,2026-04-21T10:30:00+00:00,369.70000000,369.91000000,369.19000000,369.75000000,7.56000000
1776768300000,2026-04-21T10:45:00+00:00,369.83000000,370.03000000,369.79000000,369.80000000,13.73000000
1776769200000,2026-04-21T11:00:00+00:00,369.81000000,369.87000000,369.02000000,369.26000000,27.56000000
1776770100000,2026-04-21T11:15:00+00:00,369.27000000,369.33000000,368.95000000,369.33000000,15.97000000
1776771000000,2026-04-21T11:30:00+00:00,369.46000000,369.70000000,369.27000000,369.47000000,10.97000000
1776771900000,2026-04-21T11:45:00+00:00,369.16000000,369.58000000,369.03000000,369.29000000,39.31000000
1776772800000,2026-04-21T12:00:00+00:00,369.43000000,369.46000000,368.86000000,369.25000000,4.54000000
1776773700000,2026-04-21T12:15:00+00:00,369.11000000,369.11000000,368.79000000,368.88000000,0.83000000
1776774600000,2026-04-21T12:30:00+00:00,369.05000000,369.08000000,367.29000000,367.54000000,8.40000000
1776775500000,2026-04-21T12:45:00+00:00,367.58000000,367.84000000,367.25000000,367.39000000,9.11000000
1776776400000,2026-04-21T13:00:00+00:00,367.33000000,367.83000000,367.32000000,367.72000000,29.51000000
1776777300000,2026-04-21T13:15:00+00:00,367.87000000,368.47000000,367.74000000,368.47000000,18.99000000
1776778200000,2026-04-21T13:30:00+00:00,368.37000000,370.85000000,368.25000000,369.46000000,184.39000000
1776779100000,2026-04-21T13:45:00+00:00,369.55000000,370.17000000,368.69000000,369.98000000,42.53000000
1776780000000,2026-04-21T14:00:00+00:00,370.12000000,371.18000000,369.82000000,370.32000000,52.75000000
1776780900000,2026-04-21T14:15:00+00:00,370.31000000,370.57000000,369.13000000,369.46000000,19.58000000
1776781800000,2026-04-21T14:30:00+00:00,369.49000000,369.58000000,368.40000000,368.93000000,42.66000000
1776782700000,2026-04-21T14:45:00+00:00,368.26000000,368.58000000,366.73000000,366.90000000,36.41000000
1776783600000,2026-04-21T15:00:00+00:00,366.78000000,368.35000000,365.88000000,368.35000000,55.94000000
1776784500000,2026-04-21T15:15:00+00:00,368.23000000,368.84000000,367.53000000,367.62000000,4.01000000
1776785400000,2026-04-21T15:30:00+00:00,367.90000000,368.22000000,367.31000000,368.03000000,2.57000000
1776786300000,2026-04-21T15:45:00+00:00,368.03000000,368.36000000,367.60000000,368.32000000,11.80000000
1776787200000,2026-04-21T16:00:00+00:00,368.35000000,368.96000000,368.03000000,368.45000000,41.31000000
1776788100000,2026-04-21T16:15:00+00:00,368.14000000,368.47000000,367.56000000,367.62000000,6.63000000
1776789000000,2026-04-21T16:30:00+00:00,367.50000000,368.11000000,367.50000000,368.06000000,1.30000000
1776789900000,2026-04-21T16:45:00+00:00,367.98000000,368.63000000,367.98000000,367.99000000,18.97000000
1776790800000,2026-04-21T17:00:00+00:00,368.04000000,368.64000000,366.63000000,366.91000000,39.54000000
1776791700000,2026-04-21T17:15:00+00:00,367.11000000,367.28000000,364.88000000,366.30000000,94.63000000
1776792600000,2026-04-21T17:30:00+00:00,365.83000000,368.50000000,365.83000000,368.29000000,16.32000000
1776793500000,2026-04-21T17:45:00+00:00,368.15000000,368.56000000,367.71000000,368.41000000,4.11000000
1776794400000,2026-04-21T18:00:00+00:00,368.16000000,369.15000000,367.83000000,368.61000000,28.55000000
1776795300000,2026-04-21T18:15:00+00:00,369.01000000,369.01000000,367.89000000,368.47000000,27.41000000
1776796200000,2026-04-21T18:30:00+00:00,368.43000000,368.98000000,368.33000000,368.53000000,23.40000000
1776797100000,2026-04-21T18:45:00+00:00,368.19000000,369.23000000,367.74000000,368.32000000,6.23000000
1776798000000,2026-04-21T19:00:00+00:00,368.33000000,369.18000000,368.33000000,368.53000000,22.13000000
1776798900000,2026-04-21T19:15:00+00:00,368.86000000,369.69000000,368.19000000,369.53000000,7.40000000
1776799800000,2026-04-21T19:30:00+00:00,369.32000000,369.55000000,366.00000000,366.10000000,27.99000000
1776800700000,2026-04-21T19:45:00+00:00,366.63000000,368.06000000,366.11000000,368.06000000,22.13000000
1776801600000,2026-04-21T20:00:00+00:00,367.41000000,369.63000000,367.41000000,369.00000000,10.73000000
1776802500000,2026-04-21T20:15:00+00:00,369.07000000,369.95000000,369.00000000,369.65000000,13.32000000
1776803400000,2026-04-21T20:30:00+00:00,369.76000000,370.21000000,369.51000000,369.58000000,5.52000000
1776804300000,2026-04-21T20:45:00+00:00,369.32000000,369.87000000,369.32000000,369.68000000,0.68000000
1776805200000,2026-04-21T21:00:00+00:00,369.89000000,369.98000000,369.22000000,369.45000000,22.97000000
1776806100000,2026-04-21T21:15:00+00:00,369.71000000,369.71000000,369.19000000,369.22000000,3.69000000
1776807000000,2026-04-21T21:30:00+00:00,369.52000000,369.75000000,369.52000000,369.75000000,0.07000000
1776807900000,2026-04-21T21:45:00+00:00,369.81000000,369.83000000,369.40000000,369.51000000,2.33000000
1776808800000,2026-04-21T22:00:00+00:00,369.57000000,369.89000000,369.31000000,369.56000000,1.56000000
1776809700000,2026-04-21T22:15:00+00:00,369.78000000,369.78000000,369.59000000,369.59000000,1.92000000
1776810600000,2026-04-21T22:30:00+00:00,369.66000000,369.78000000,369.42000000,369.42000000,5.12000000
1776811500000,2026-04-21T22:45:00+00:00,369.38000000,369.38000000,369.00000000,369.03000000,0.51000000
1776812400000,2026-04-21T23:00:00+00:00,369.20000000,369.28000000,369.04000000,369.21000000,4.35000000
1776813300000,2026-04-21T23:15:00+00:00,369.21000000,369.47000000,369.03000000,369.47000000,0.94000000
1776814200000,2026-04-21T23:30:00+00:00,369.47000000,369.77000000,369.45000000,369.64000000,0.57000000
1776815100000,2026-04-21T23:45:00+00:00,369.90000000,370.10000000,369.54000000,369.94000000,6.58000000
1776816000000,2026-04-22T00:00:00+00:00,370.09000000,370.87000000,369.76000000,370.86000000,20.48000000
1776816900000,2026-04-22T00:15:00+00:00,370.48000000,371.86000000,370.38000000,371.32000000,28.44000000
1776817800000,2026-04-22T00:30:00+00:00,371.19000000,371.74000000,370.82000000,370.82000000,27.05000000
1776818700000,2026-04-22T00:45:00+00:00,370.75000000,371.00000000,370.14000000,370.31000000,5.39000000
1776819600000,2026-04-22T01:00:00+00:00,370.37000000,370.66000000,370.17000000,370.31000000,3.64000000
1776820500000,2026-04-22T01:15:00+00:00,370.47000000,370.89000000,370.34000000,370.61000000,6.33000000
1776821400000,2026-04-22T01:30:00+00:00,370.68000000,370.88000000,370.42000000,370.72000000,3.37000000
1776822300000,2026-04-22T01:45:00+00:00,370.79000000,370.79000000,370.56000000,370.60000000,0.64000000
1776823200000,2026-04-22T02:00:00+00:00,370.71000000,370.88000000,370.56000000,370.60000000,5.15000000
1776824100000,2026-04-22T02:15:00+00:00,370.83000000,371.03000000,370.40000000,370.46000000,23.68000000
1776825000000,2026-04-22T02:30:00+00:00,370.46000000,370.58000000,370.29000000,370.45000000,0.88000000
1776825900000,2026-04-22T02:45:00+00:00,370.66000000,370.68000000,370.44000000,370.61000000,2.42000000
1776826800000,2026-04-22T03:00:00+00:00,370.64000000,370.71000000,370.37000000,370.70000000,48.10000000
1776827700000,2026-04-22T03:15:00+00:00,370.59000000,370.59000000,369.86000000,370.00000000,18.27000000
1776828600000,2026-04-22T03:30:00+00:00,370.32000000,370.55000000,370.02000000,370.48000000,3.88000000
1776829500000,2026-04-22T03:45:00+00:00,370.50000000,370.97000000,370.21000000,370.21000000,60.93000000
1776830400000,2026-04-22T04:00:00+00:00,370.59000000,370.78000000,370.21000000,370.78000000,1.20000000
1776831300000,2026-04-22T04:15:00+00:00,370.52000000,370.75000000,370.37000000,370.37000000,0.42000000
1776832200000,2026-04-22T04:30:00+00:00,370.33000000,370.37000000,369.77000000,369.83000000,9.81000000
1776833100000,2026-04-22T04:45:00+00:00,370.08000000,370.39000000,369.74000000,369.79000000,14.88000000
1776834000000,2026-04-22T05:00:00+00:00,369.99000000,370.46000000,369.99000000,370.29000000,8.85000000
1776834900000,2026-04-22T05:15:00+00:00,370.28000000,371.05000000,370.17000000,370.57000000,97.62000000
1776835800000,2026-04-22T05:30:00+00:00,370.87000000,371.23000000,370.57000000,371.23000000,33.85000000
1776836700000,2026-04-22T05:45:00+00:00,371.05000000,371.35000000,370.78000000,370.87000000,3.43000000
1776837600000,2026-04-22T06:00:00+00:00,370.76000000,371.32000000,370.65000000,370.75000000,26.44000000
1776838500000,2026-04-22T06:15:00+00:00,371.08000000,371.16000000,370.92000000,371.16000000,30.15000000
1776839400000,2026-04-22T06:30:00+00:00,371.47000000,371.47000000,371.01000000,371.01000000,0.16000000
1776840300000,2026-04-22T06:45:00+00:00,371.20000000,371.20000000,370.87000000,371.19000000,3.14000000
1776841200000,2026-04-22T07:00:00+00:00,370.94000000,371.50000000,370.94000000,371.50000000,147.54000000
1776842100000,2026-04-22T07:15:00+00:00,371.50000000,371.50000000,371.11000000,371.48000000,42.40000000
1776843000000,2026-04-22T07:30:00+00:00,371.48000000,371.56000000,371.18000000,371.45000000,1.85000000
1776843900000,2026-04-22T07:45:00+00:00,371.73000000,371.73000000,371.36000000,371.46000000,2.73000000
1776844800000,2026-04-22T08:00:00+00:00,371.78000000,371.81000000,371.20000000,371.68000000,1.56000000
1776845700000,2026-04-22T08:15:00+00:00,371.62000000,371.62000000,370.89000000,370.89000000,0.14000000
1776846600000,2026-04-22T08:30:00+00:00,370.57000000,371.10000000,370.50000000,370.87000000,7.32000000
1776847500000,2026-04-22T08:45:00+00:00,370.83000000,371.37000000,370.50000000,371.37000000,26.33000000
1776848400000,2026-04-22T09:00:00+00:00,371.33000000,371.59000000,370.85000000,371.42000000,13.81000000
1776849300000,2026-04-22T09:15:00+00:00,371.33000000,371.34000000,371.03000000,371.03000000,0.37000000
1776850200000,2026-04-22T09:30:00+00:00,371.13000000,371.64000000,371.13000000,371.39000000,4.94000000
1776851100000,2026-04-22T09:45:00+00:00,371.40000000,371.40000000,370.72000000,370.72000000,5.13000000
1776852000000,2026-04-22T10:00:00+00:00,371.03000000,371.31000000,370.54000000,370.76000000,9.75000000
1776852900000,2026-04-22T10:15:00+00:00,370.84000000,370.92000000,370.51000000,370.80000000,1.15000000
1776853800000,2026-04-22T10:30:00+00:00,370.75000000,370.87000000,370.50000000,370.77000000,7.07000000
1776854700000,2026-04-22T10:45:00+00:00,370.78000000,370.81000000,370.50000000,370.63000000,9.73000000
1776855600000,2026-04-22T11:00:00+00:00,370.67000000,371.01000000,370.27000000,370.60000000,19.59000000
1776856500000,2026-04-22T11:15:00+00:00,370.40000000,370.80000000,370.30000000,370.37000000,2.55000000
1776857400000,2026-04-22T11:30:00+00:00,370.76000000,371.06000000,370.38000000,370.56000000,33.05000000
1776858300000,2026-04-22T11:45:00+00:00,370.41000000,370.79000000,370.31000000,370.64000000,7.94000000
1776859200000,2026-04-22T12:00:00+00:00,370.50000000,371.49000000,370.50000000,371.00000000,53.30000000
1776860100000,2026-04-22T12:15:00+00:00,371.12000000,371.44000000,371.00000000,371.39000000,5.24000000
1776861000000,2026-04-22T12:30:00+00:00,371.00000000,371.21000000,370.42000000,370.55000000,15.61000000
1776861900000,2026-04-22T12:45:00+00:00,370.95000000,371.09000000,370.89000000,371.00000000,5.96000000
1776862800000,2026-04-22T13:00:00+00:00,370.89000000,371.36000000,370.71000000,370.99000000,9.08000000
1776863700000,2026-04-22T13:15:00+00:00,371.23000000,372.28000000,371.13000000,372.28000000,16.69000000
1776864600000,2026-04-22T13:30:00+00:00,372.28000000,373.79000000,371.25000000,373.79000000,156.97000000
1776865500000,2026-04-22T13:45:00+00:00,373.80000000,374.12000000,371.39000000,372.09000000,71.86000000
1776866400000,2026-04-22T14:00:00+00:00,372.73000000,373.71000000,371.72000000,373.71000000,182.56000000
1776867300000,2026-04-22T14:15:00+00:00,373.75000000,374.55000000,373.47000000,374.48000000,340.23000000
1776868200000,2026-04-22T14:30:00+00:00,374.57000000,375.99000000,373.82000000,374.59000000,215.04000000
1776869100000,2026-04-22T14:45:00+00:00,374.82000000,375.38000000,374.26000000,375.20000000,49.19000000
1776870000000,2026-04-22T15:00:00+00:00,375.20000000,375.56000000,374.80000000,374.94000000,77.39000000
1776870900000,2026-04-22T15:15:00+00:00,374.84000000,375.44000000,374.82000000,375.40000000,38.61000000
1776871800000,2026-04-22T15:30:00+00:00,375.63000000,377.76000000,375.52000000,376.49000000,118.41000000
1776872700000,2026-04-22T15:45:00+00:00,376.67000000,378.65000000,376.49000000,378.65000000,140.14000000
1776873600000,2026-04-22T16:00:00+00:00,378.61000000,380.13000000,378.27000000,379.81000000,157.42000000
1776874500000,2026-04-22T16:15:00+00:00,380.01000000,380.92000000,379.46000000,379.64000000,81.81000000
1776875400000,2026-04-22T16:30:00+00:00,379.92000000,380.39000000,379.14000000,379.63000000,28.48000000
1776876300000,2026-04-22T16:45:00+00:00,379.82000000,380.80000000,379.82000000,380.48000000,10.39000000
1776877200000,2026-04-22T17:00:00+00:00,380.29000000,381.66000000,380.29000000,381.37000000,58.84000000
1776878100000,2026-04-22T17:15:00+00:00,381.33000000,381.99000000,381.01000000,381.30000000,69.68000000
1776879000000,2026-04-22T17:30:00+00:00,381.51000000,382.38000000,381.23000000,382.36000000,45.16000000
1776879900000,2026-04-22T17:45:00+00:00,382.38000000,383.00000000,381.83000000,382.80000000,68.19000000
1776880800000,2026-04-22T18:00:00+00:00,382.96000000,383.55000000,382.31000000,383.47000000,33.01000000
1776881700000,2026-04-22T18:15:00+00:00,383.48000000,383.54000000,382.82000000,383.43000000,12.37000000
1776882600000,2026-04-22T18:30:00+00:00,383.36000000,383.78000000,383.36000000,383.36000000,2.66000000
1776883500000,2026-04-22T18:45:00+00:00,383.27000000,384.22000000,383.23000000,383.87000000,21.25000000
1776884400000,2026-04-22T19:00:00+00:00,384.01000000,384.97000000,381.70000000,384.57000000,136.66000000
1776885300000,2026-04-22T19:15:00+00:00,384.60000000,386.74000000,384.39000000,385.68000000,109.71000000
1776886200000,2026-04-22T19:30:00+00:00,385.79000000,387.12000000,385.65000000,387.12000000,66.26000000
1776887100000,2026-04-22T19:45:00+00:00,387.12000000,388.24000000,386.44000000,388.10000000,55.74000000
1776888000000,2026-04-22T20:00:00+00:00,388.19000000,388.51000000,387.30000000,387.51000000,60.83000000
1776888900000,2026-04-22T20:15:00+00:00,387.68000000,387.68000000,386.13000000,386.77000000,20.56000000
1776889800000,2026-04-22T20:30:00+00:00,386.54000000,386.95000000,386.29000000,386.58000000,8.82000000
1776890700000,2026-04-22T20:45:00+00:00,387.14000000,387.54000000,386.61000000,387.00000000,134.42000000
1776891600000,2026-04-22T21:00:00+00:00,386.80000000,387.49000000,386.73000000,386.77000000,128.03000000
1776892500000,2026-04-22T21:15:00+00:00,386.92000000,386.95000000,386.48000000,386.87000000,61.87000000
1776893400000,2026-04-22T21:30:00+00:00,386.83000000,386.92000000,386.52000000,386.61000000,55.98000000
1776894300000,2026-04-22T21:45:00+00:00,386.59000000,386.67000000,386.40000000,386.46000000,50.07000000
1776895200000,2026-04-22T22:00:00+00:00,386.47000000,386.59000000,386.14000000,386.21000000,174.24000000
1776896100000,2026-04-22T22:15:00+00:00,386.28000000,386.28000000,385.53000000,385.53000000,85.85000000
1776897000000,2026-04-22T22:30:00+00:00,385.53000000,385.66000000,385.37000000,385.41000000,34.13000000
1776897900000,2026-04-22T22:45:00+00:00,385.55000000,385.61000000,385.27000000,385.61000000,43.07000000
1776898800000,2026-04-22T23:00:00+00:00,385.50000000,385.60000000,385.35000000,385.50000000,32.97000000
1776899700000,2026-04-22T23:15:00+00:00,385.50000000,385.82000000,385.50000000,385.82000000,75.09000000
1776900600000,2026-04-22T23:30:00+00:00,385.72000000,385.79000000,385.33000000,385.34000000,112.99000000
1776901500000,2026-04-22T23:45:00+00:00,385.34000000,385.52000000,385.31000000,385.46000000,43.20000000
1776902400000,2026-04-23T00:00:00+00:00,385.41000000,385.58000000,382.54000000,382.82000000,299.86000000
1776903300000,2026-04-23T00:15:00+00:00,382.88000000,384.23000000,380.84000000,384.14000000,472.72000000
1776904200000,2026-04-23T00:30:00+00:00,384.18000000,384.92000000,384.15000000,384.70000000,141.77000000
1776905100000,2026-04-23T00:45:00+00:00,384.61000000,384.61000000,383.53000000,383.96000000,195.14000000
1776906000000,2026-04-23T01:00:00+00:00,384.03000000,385.44000000,384.02000000,384.62000000,111.48000000
1776906900000,2026-04-23T01:15:00+00:00,384.59000000,385.80000000,384.59000000,384.83000000,99.83000000
1776907800000,2026-04-23T01:30:00+00:00,384.96000000,385.09000000,383.54000000,383.57000000,182.70000000
1776908700000,2026-04-23T01:45:00+00:00,383.50000000,383.61000000,381.71000000,381.84000000,147.00000000
1776909600000,2026-04-23T02:00:00+00:00,381.78000000,381.95000000,379.24000000,379.24000000,244.27000000
1776910500000,2026-04-23T02:15:00+00:00,379.24000000,381.92000000,378.81000000,381.12000000,194.24000000
1776911400000,2026-04-23T02:30:00+00:00,381.14000000,381.24000000,379.06000000,379.43000000,214.51000000
1776912300000,2026-04-23T02:45:00+00:00,379.68000000,379.68000000,377.53000000,378.81000000,907.21000000
1776913200000,2026-04-23T03:00:00+00:00,379.17000000,379.24000000,376.91000000,377.29000000,215.48000000
1776914100000,2026-04-23T03:15:00+00:00,377.13000000,377.47000000,376.63000000,376.83000000,88.95000000
1776915000000,2026-04-23T03:30:00+00:00,377.21000000,377.29000000,376.04000000,376.46000000,127.59000000
1776915900000,2026-04-23T03:45:00+00:00,376.57000000,378.99000000,376.53000000,378.51000000,66.57000000
1776916800000,2026-04-23T04:00:00+00:00,378.64000000,379.29000000,378.35000000,378.98000000,73.01000000
1776917700000,2026-04-23T04:15:00+00:00,379.05000000,379.32000000,378.46000000,378.91000000,121.34000000
1776918600000,2026-04-23T04:30:00+00:00,378.91000000,380.27000000,378.86000000,380.25000000,32.99000000
1776919500000,2026-04-23T04:45:00+00:00,380.25000000,380.55000000,379.56000000,380.50000000,67.14000000
1776920400000,2026-04-23T05:00:00+00:00,380.51000000,380.51000000,379.64000000,379.88000000,23.11000000
1776921300000,2026-04-23T05:15:00+00:00,379.90000000,380.33000000,378.36000000,379.11000000,54.56000000
1776922200000,2026-04-23T05:30:00+00:00,379.12000000,379.12000000,377.93000000,377.96000000,51.72000000
1776923100000,2026-04-23T05:45:00+00:00,378.06000000,379.18000000,377.60000000,379.09000000,70.05000000
1776924000000,2026-04-23T06:00:00+00:00,379.04000000,381.25000000,378.91000000,380.96000000,114.82000000
1776924900000,2026-04-23T06:15:00+00:00,381.07000000,381.50000000,380.80000000,381.50000000,35.37000000
1776925800000,2026-04-23T06:30:00+00:00,381.35000000,381.63000000,380.74000000,381.39000000,20.07000000
1776926700000,2026-04-23T06:45:00+00:00,381.31000000,381.86000000,381.12000000,381.59000000,66.99000000
1776927600000,2026-04-23T07:00:00+00:00,381.59000000,381.98000000,381.59000000,381.98000000,3.85000000
1776928500000,2026-04-23T07:15:00+00:00,381.97000000,381.99000000,381.13000000,381.13000000,7.74000000
1776929400000,2026-04-23T07:30:00+00:00,381.38000000,381.75000000,381.13000000,381.75000000,12.84000000
1776930300000,2026-04-23T07:45:00+00:00,382.00000000,382.42000000,381.91000000,381.98000000,10.00000000
1776931200000,2026-04-23T08:00:00+00:00,381.69000000,382.20000000,380.88000000,382.11000000,93.35000000
1776932100000,2026-04-23T08:15:00+00:00,382.11000000,382.22000000,381.83000000,382.22000000,13.71000000
1776933000000,2026-04-23T08:30:00+00:00,382.18000000,382.18000000,381.20000000,381.20000000,7.00000000
1776933900000,2026-04-23T08:45:00+00:00,381.21000000,381.56000000,379.84000000,380.87000000,32.16000000
1776934800000,2026-04-23T09:00:00+00:00,380.84000000,380.84000000,379.37000000,379.76000000,20.67000000
1776935700000,2026-04-23T09:15:00+00:00,379.79000000,381.37000000,379.15000000,380.53000000,103.92000000
1776936600000,2026-04-23T09:30:00+00:00,380.53000000,381.50000000,380.53000000,381.40000000,1.72000000
1776937500000,2026-04-23T09:45:00+00:00,381.37000000,382.03000000,381.33000000,381.82000000,30.74000000
1776938400000,2026-04-23T10:00:00+00:00,381.77000000,382.01000000,381.38000000,381.38000000,19.87000000
1776939300000,2026-04-23T10:15:00+00:00,381.29000000,382.00000000,381.28000000,381.58000000,19.48000000
1776940200000,2026-04-23T10:30:00+00:00,381.65000000,382.68000000,381.65000000,382.28000000,31.15000000
1776941100000,2026-04-23T10:45:00+00:00,382.12000000,382.50000000,382.12000000,382.44000000,117.42000000
1776942000000,2026-04-23T11:00:00+00:00,382.50000000,383.08000000,382.28000000,382.59000000,305.38000000
1776942900000,2026-04-23T11:15:00+00:00,383.00000000,383.09000000,382.02000000,382.93000000,9.72000000
1776943800000,2026-04-23T11:30:00+00:00,382.84000000,382.93000000,382.34000000,382.68000000,66.14000000
1776944700000,2026-04-23T11:45:00+00:00,382.91000000,384.36000000,382.91000000,384.03000000,83.52000000
1776945600000,2026-04-23T12:00:00+00:00,383.70000000,385.00000000,383.70000000,384.99000000,35.40000000
1776946500000,2026-04-23T12:15:00+00:00,384.98000000,384.98000000,383.93000000,383.93000000,16.15000000
1776947400000,2026-04-23T12:30:00+00:00,384.06000000,384.76000000,383.95000000,384.21000000,38.92000000
1776948300000,2026-04-23T12:45:00+00:00,384.10000000,384.10000000,382.90000000,383.32000000,101.65000000
1776949200000,2026-04-23T13:00:00+00:00,383.32000000,384.22000000,383.32000000,383.95000000,52.99000000
1776950100000,2026-04-23T13:15:00+00:00,383.89000000,385.04000000,383.64000000,384.98000000,124.00000000
1776951000000,2026-04-23T13:30:00+00:00,384.96000000,387.76000000,383.17000000,386.88000000,301.58000000
1776951900000,2026-04-23T13:45:00+00:00,386.79000000,388.00000000,384.78000000,385.35000000,335.76000000
1776952800000,2026-04-23T14:00:00+00:00,385.66000000,386.32000000,383.32000000,383.60000000,196.12000000
1776953700000,2026-04-23T14:15:00+00:00,383.45000000,385.83000000,383.45000000,385.40000000,86.12000000
1776954600000,2026-04-23T14:30:00+00:00,385.46000000,386.91000000,384.67000000,386.70000000,161.86000000
1776955500000,2026-04-23T14:45:00+00:00,386.73000000,388.38000000,386.50000000,388.38000000,76.40000000
1776956400000,2026-04-23T15:00:00+00:00,388.46000000,389.57000000,387.94000000,389.10000000,166.33000000
1776957300000,2026-04-23T15:15:00+00:00,389.24000000,389.25000000,386.64000000,386.76000000,110.12000000
1776958200000,2026-04-23T15:30:00+00:00,386.64000000,387.93000000,386.10000000,387.36000000,55.03000000
1776959100000,2026-04-23T15:45:00+00:00,387.55000000,387.65000000,386.18000000,386.78000000,115.81000000
1776960000000,2026-04-23T16:00:00+00:00,386.73000000,386.78000000,385.39000000,386.39000000,109.15000000
1776960900000,2026-04-23T16:15:00+00:00,386.32000000,386.89000000,385.48000000,386.89000000,41.45000000
1776961800000,2026-04-23T16:30:00+00:00,386.81000000,387.72000000,386.51000000,386.77000000,24.03000000
1776962700000,2026-04-23T16:45:00+00:00,386.82000000,386.82000000,385.58000000,385.58000000,52.20000000
1776963600000,2026-04-23T17:00:00+00:00,385.62000000,386.34000000,382.02000000,382.55000000,89.43000000
1776964500000,2026-04-23T17:15:00+00:00,382.05000000,382.48000000,380.74000000,380.79000000,106.69000000
1776965400000,2026-04-23T17:30:00+00:00,380.88000000,382.24000000,377.20000000,377.49000000,113.61000000
1776966300000,2026-04-23T17:45:00+00:00,377.26000000,380.89000000,376.53000000,380.75000000,103.69000000
1776967200000,2026-04-23T18:00:00+00:00,380.37000000,381.81000000,380.06000000,380.75000000,89.40000000
1776968100000,2026-04-23T18:15:00+00:00,380.75000000,381.09000000,379.84000000,380.84000000,29.08000000
1776969000000,2026-04-23T18:30:00+00:00,380.75000000,381.94000000,380.67000000,381.77000000,111.22000000
1776969900000,2026-04-23T18:45:00+00:00,381.70000000,381.81000000,379.88000000,379.88000000,50.80000000
1776970800000,2026-04-23T19:00:00+00:00,379.66000000,380.58000000,379.23000000,380.44000000,25.20000000
1776971700000,2026-04-23T19:15:00+00:00,380.52000000,381.44000000,380.42000000,381.29000000,21.73000000
1776972600000,2026-04-23T19:30:00+00:00,381.25000000,381.73000000,380.61000000,381.52000000,25.72000000
1776973500000,2026-04-23T19:45:00+00:00,381.50000000,383.00000000,380.84000000,383.00000000,57.99000000
1776974400000,2026-04-23T20:00:00+00:00,382.78000000,384.00000000,382.48000000,383.22000000,40.37000000
1776975300000,2026-04-23T20:15:00+00:00,383.00000000,383.05000000,382.14000000,382.35000000,10.95000000
1776976200000,2026-04-23T20:30:00+00:00,382.38000000,382.71000000,382.15000000,382.40000000,7.01000000
1776977100000,2026-04-23T20:45:00+00:00,381.99000000,381.99000000,381.22000000,381.50000000,9.27000000
1776978000000,2026-04-23T21:00:00+00:00,381.41000000,382.19000000,381.28000000,381.62000000,7.18000000
1776978900000,2026-04-23T21:15:00+00:00,381.66000000,382.34000000,381.66000000,382.03000000,41.45000000
1776979800000,2026-04-23T21:30:00+00:00,382.00000000,382.48000000,381.81000000,382.27000000,26.13000000
1776980700000,2026-04-23T21:45:00+00:00,382.25000000,382.61000000,381.87000000,382.05000000,9.84000000
1776981600000,2026-04-23T22:00:00+00:00,381.82000000,382.05000000,381.55000000,381.66000000,21.72000000
1776982500000,2026-04-23T22:15:00+00:00,381.48000000,381.73000000,381.12000000,381.64000000,20.08000000
1776983400000,2026-04-23T22:30:00+00:00,381.65000000,382.39000000,381.64000000,382.31000000,7.64000000
1776984300000,2026-04-23T22:45:00+00:00,382.31000000,382.92000000,382.31000000,382.92000000,2.67000000
1776985200000,2026-04-23T23:00:00+00:00,382.99000000,382.99000000,382.64000000,382.64000000,25.11000000
1776986100000,2026-04-23T23:15:00+00:00,382.64000000,383.30000000,382.55000000,383.30000000,47.67000000
1776987000000,2026-04-23T23:30:00+00:00,383.11000000,383.90000000,383.01000000,383.70000000,32.06000000
1776987900000,2026-04-23T23:45:00+00:00,383.63000000,384.22000000,383.53000000,384.05000000,11.61000000
1776988800000,2026-04-24T00:00:00+00:00,383.90000000,386.60000000,383.32000000,386.60000000,223.60000000
1776989700000,2026-04-24T00:15:00+00:00,386.75000000,386.96000000,386.03000000,386.48000000,46.39000000
1776990600000,2026-04-24T00:30:00+00:00,386.30000000,386.66000000,386.09000000,386.27000000,38.59000000
1776991500000,2026-04-24T00:45:00+00:00,386.35000000,386.67000000,386.19000000,386.38000000,37.14000000
1776992400000,2026-04-24T01:00:00+00:00,386.32000000,386.50000000,386.10000000,386.41000000,18.21000000
1776993300000,2026-04-24T01:15:00+00:00,386.06000000,386.26000000,385.69000000,385.93000000,26.44000000
1776994200000,2026-04-24T01:30:00+00:00,386.11000000,386.67000000,386.11000000,386.66000000,35.09000000
1776995100000,2026-04-24T01:45:00+00:00,386.47000000,388.97000000,386.40000000,388.77000000,429.09000000
1776996000000,2026-04-24T02:00:00+00:00,388.74000000,389.36000000,388.26000000,388.61000000,462.93000000
1776996900000,2026-04-24T02:15:00+00:00,388.49000000,388.69000000,387.22000000,387.27000000,79.10000000
1776997800000,2026-04-24T02:30:00+00:00,387.52000000,388.41000000,387.29000000,387.84000000,102.21000000
1776998700000,2026-04-24T02:45:00+00:00,387.90000000,388.15000000,386.81000000,387.46000000,112.61000000
1776999600000,2026-04-24T03:00:00+00:00,387.51000000,388.17000000,387.02000000,388.17000000,29.57000000
1777000500000,2026-04-24T03:15:00+00:00,387.84000000,388.79000000,387.83000000,387.98000000,130.58000000
1777001400000,2026-04-24T03:30:00+00:00,387.88000000,387.92000000,386.78000000,387.34000000,38.31000000
1777002300000,2026-04-24T03:45:00+00:00,387.12000000,387.98000000,386.50000000,387.50000000,32.48000000
1777003200000,2026-04-24T04:00:00+00:00,387.48000000,388.80000000,387.14000000,388.61000000,50.20000000
1777004100000,2026-04-24T04:15:00+00:00,388.70000000,391.44000000,388.44000000,389.21000000,273.67000000
1777005000000,2026-04-24T04:30:00+00:00,389.48000000,389.95000000,388.67000000,389.08000000,30.51000000
1777005900000,2026-04-24T04:45:00+00:00,389.12000000,390.42000000,389.08000000,390.19000000,14.43000000
1777006800000,2026-04-24T05:00:00+00:00,390.20000000,394.18000000,389.40000000,392.10000000,201.16000000
1777007700000,2026-04-24T05:15:00+00:00,392.07000000,394.45000000,391.24000000,394.35000000,185.01000000
1777008600000,2026-04-24T05:30:00+00:00,394.49000000,394.50000000,393.26000000,393.60000000,71.12000000
1777009500000,2026-04-24T05:45:00+00:00,393.67000000,394.44000000,393.49000000,394.44000000,33.73000000
1777010400000,2026-04-24T06:00:00+00:00,394.37000000,394.58000000,392.72000000,393.05000000,74.92000000
1777011300000,2026-04-24T06:15:00+00:00,393.00000000,393.73000000,392.85000000,393.13000000,34.57000000
1777012200000,2026-04-24T06:30:00+00:00,393.12000000,394.21000000,392.72000000,394.16000000,22.41000000
1777013100000,2026-04-24T06:45:00+00:00,394.19000000,395.62000000,392.34000000,393.83000000,208.60000000
1777014000000,2026-04-24T07:00:00+00:00,394.17000000,394.50000000,393.24000000,394.01000000,126.34000000
1777014900000,2026-04-24T07:15:00+00:00,394.19000000,394.24000000,392.98000000,393.42000000,27.72000000
1777015800000,2026-04-24T07:30:00+00:00,393.67000000,393.68000000,393.39000000,393.44000000,9.62000000
1777016700000,2026-04-24T07:45:00+00:00,393.54000000,394.14000000,393.42000000,393.88000000,32.68000000
1777017600000,2026-04-24T08:00:00+00:00,393.72000000,395.36000000,393.00000000,395.17000000,141.62000000
1777018500000,2026-04-24T08:15:00+00:00,394.98000000,397.07000000,394.81000000,395.92000000,164.58000000
1777019400000,2026-04-24T08:30:00+00:00,395.99000000,396.34000000,394.77000000,395.52000000,84.56000000
1777020300000,2026-04-24T08:45:00+00:00,395.46000000,395.82000000,395.01000000,395.38000000,23.51000000
1777021200000,2026-04-24T09:00:00+00:00,395.32000000,395.89000000,394.59000000,395.10000000,26.81000000
1777022100000,2026-04-24T09:15:00+00:00,395.15000000,395.96000000,394.88000000,395.67000000,22.74000000
1777023000000,2026-04-24T09:30:00+00:00,395.53000000,395.90000000,395.30000000,395.40000000,36.04000000
1777023900000,2026-04-24T09:45:00+00:00,395.45000000,395.45000000,393.81000000,394.23000000,12.33000000
1777024800000,2026-04-24T10:00:00+00:00,394.04000000,395.82000000,394.01000000,394.50000000,197.23000000
1777025700000,2026-04-24T10:15:00+00:00,394.43000000,396.09000000,394.42000000,395.80000000,167.83000000
1777026600000,2026-04-24T10:30:00+00:00,395.87000000,396.00000000,395.31000000,395.75000000,23.12000000
1777027500000,2026-04-24T10:45:00+00:00,395.85000000,395.97000000,395.03000000,395.03000000,77.26000000
1777028400000,2026-04-24T11:00:00+00:00,394.97000000,397.11000000,394.58000000,396.84000000,131.21000000
1777029300000,2026-04-24T11:15:00+00:00,396.52000000,398.78000000,396.09000000,397.68000000,74.57000000
1777030200000,2026-04-24T11:30:00+00:00,398.98000000,399.07000000,397.16000000,397.16000000,116.71000000
1777031100000,2026-04-24T11:45:00+00:00,397.16000000,397.28000000,395.85000000,395.93000000,26.33000000
1777032000000,2026-04-24T12:00:00+00:00,395.95000000,396.84000000,395.82000000,396.24000000,124.55000000
1777032900000,2026-04-24T12:15:00+00:00,396.18000000,397.97000000,396.01000000,397.62000000,102.63000000
1777033800000,2026-04-24T12:30:00+00:00,397.90000000,397.99000000,396.02000000,396.09000000,47.44000000
1777034700000,2026-04-24T12:45:00+00:00,395.82000000,396.72000000,395.36000000,396.37000000,96.34000000
1777035600000,2026-04-24T13:00:00+00:00,396.45000000,397.15000000,395.88000000,396.51000000,60.73000000
1777036500000,2026-04-24T13:15:00+00:00,396.39000000,397.96000000,395.83000000,396.72000000,108.61000000
1777037400000,2026-04-24T13:30:00+00:00,396.01000000,403.39000000,394.51000000,401.54000000,1073.82000000
1777038300000,2026-04-24T13:45:00+00:00,401.40000000,402.78000000,396.93000000,398.98000000,752.35000000
1777039200000,2026-04-24T14:00:00+00:00,398.81000000,400.12000000,398.32000000,399.33000000,194.70000000
1777040100000,2026-04-24T14:15:00+00:00,399.28000000,399.57000000,396.28000000,397.49000000,135.23000000
1777041000000,2026-04-24T14:30:00+00:00,397.74000000,399.29000000,396.52000000,398.86000000,156.17000000
1777041900000,2026-04-24T14:45:00+00:00,399.12000000,401.97000000,398.94000000,401.97000000,333.04000000
1777042800000,2026-04-24T15:00:00+00:00,401.99000000,403.81000000,401.90000000,402.92000000,461.89000000
1777043700000,2026-04-24T15:15:00+00:00,402.92000000,403.12000000,401.45000000,402.54000000,189.54000000
1777044600000,2026-04-24T15:30:00+00:00,402.66000000,405.54000000,402.56000000,405.54000000,293.46000000
1777045500000,2026-04-24T15:45:00+00:00,405.54000000,407.12000000,405.23000000,406.89000000,403.39000000
1777046400000,2026-04-24T16:00:00+00:00,407.00000000,409.87000000,406.74000000,409.35000000,186.03000000
1777047300000,2026-04-24T16:15:00+00:00,409.44000000,410.73000000,408.45000000,409.04000000,422.37000000
1777048200000,2026-04-24T16:30:00+00:00,409.15000000,409.74000000,406.94000000,407.86000000,262.56000000
1777049100000,2026-04-24T16:45:00+00:00,407.86000000,408.41000000,407.05000000,407.96000000,156.64000000
1777050000000,2026-04-24T17:00:00+00:00,408.27000000,408.33000000,405.50000000,406.27000000,179.94000000
1777050900000,2026-04-24T17:15:00+00:00,406.09000000,406.50000000,404.44000000,404.78000000,193.64000000
1777051800000,2026-04-24T17:30:00+00:00,404.48000000,406.33000000,404.27000000,406.05000000,82.51000000
1777052700000,2026-04-24T17:45:00+00:00,406.27000000,407.43000000,405.72000000,406.92000000,172.54000000
1777053600000,2026-04-24T18:00:00+00:00,407.03000000,407.72000000,406.54000000,406.90000000,121.54000000
1777054500000,2026-04-24T18:15:00+00:00,406.91000000,407.08000000,405.21000000,406.00000000,129.16000000
1777055400000,2026-04-24T18:30:00+00:00,406.30000000,407.35000000,406.18000000,406.75000000,66.60000000
1777056300000,2026-04-24T18:45:00+00:00,406.73000000,407.24000000,405.59000000,407.03000000,60.97000000
1777057200000,2026-04-24T19:00:00+00:00,407.03000000,407.39000000,406.39000000,407.20000000,78.24000000
1777058100000,2026-04-24T19:15:00+00:00,407.30000000,407.37000000,404.67000000,404.74000000,51.48000000
1777059000000,2026-04-24T19:30:00+00:00,404.80000000,404.80000000,403.89000000,404.31000000,113.23000000
1777059900000,2026-04-24T19:45:00+00:00,403.73000000,403.90000000,401.23000000,402.95000000,204.84000000
1777060800000,2026-04-24T20:00:00+00:00,402.82000000,403.50000000,402.31000000,403.04000000,59.28000000
1777061700000,2026-04-24T20:15:00+00:00,402.63000000,403.42000000,402.43000000,402.60000000,34.38000000
1777062600000,2026-04-24T20:30:00+00:00,402.60000000,404.00000000,402.60000000,403.28000000,14.37000000
1777063500000,2026-04-24T20:45:00+00:00,403.28000000,403.84000000,402.97000000,402.98000000,3.74000000
1777064400000,2026-04-24T21:00:00+00:00,403.36000000,403.78000000,402.74000000,402.76000000,11.89000000
1777065300000,2026-04-24T21:15:00+00:00,402.76000000,403.77000000,402.76000000,403.07000000,3.92000000
1777066200000,2026-04-24T21:30:00+00:00,403.07000000,403.93000000,402.89000000,403.82000000,10.88000000
1777067100000,2026-04-24T21:45:00+00:00,403.75000000,404.14000000,402.87000000,403.69000000,9.12000000
1777068000000,2026-04-24T22:00:00+00:00,403.25000000,403.96000000,402.37000000,403.61000000,58.88000000
1777068900000,2026-04-24T22:15:00+00:00,403.80000000,404.07000000,403.55000000,404.07000000,16.56000000
1777069800000,2026-04-24T22:30:00+00:00,403.84000000,404.12000000,403.11000000,403.64000000,35.99000000
1777070700000,2026-04-24T22:45:00+00:00,403.58000000,403.84000000,403.39000000,403.74000000,1.63000000
1777071600000,2026-04-24T23:00:00+00:00,403.35000000,403.93000000,403.35000000,403.93000000,2.72000000
1777072500000,2026-04-24T23:15:00+00:00,403.93000000,403.95000000,403.65000000,403.87000000,3.83000000
1777073400000,2026-04-24T23:30:00+00:00,403.64000000,404.01000000,402.77000000,403.66000000,76.07000000
1777074300000,2026-04-24T23:45:00+00:00,403.66000000,404.56000000,400.70000000,404.56000000,123.25000000
1777075200000,2026-04-25T00:00:00+00:00,404.20000000,409.24000000,403.80000000,406.08000000,315.07000000
1777076100000,2026-04-25T00:15:00+00:00,405.87000000,407.07000000,404.76000000,405.32000000,299.68000000
1777077000000,2026-04-25T00:30:00+00:00,405.32000000,405.54000000,404.75000000,405.04000000,60.76000000
1777077900000,2026-04-25T00:45:00+00:00,404.85000000,405.39000000,404.46000000,405.39000000,32.22000000
1777078800000,2026-04-25T01:00:00+00:00,405.12000000,405.30000000,403.81000000,405.27000000,84.65000000
1777079700000,2026-04-25T01:15:00+00:00,405.27000000,405.29000000,404.50000000,405.15000000,27.14000000
1777080600000,2026-04-25T01:30:00+00:00,404.51000000,405.15000000,404.51000000,404.51000000,21.88000000
1777081500000,2026-04-25T01:45:00+00:00,404.51000000,404.86000000,403.54000000,403.57000000,30.92000000
1777082400000,2026-04-25T02:00:00+00:00,403.57000000,404.19000000,403.52000000,403.59000000,20.41000000
1777083300000,2026-04-25T02:15:00+00:00,403.62000000,404.30000000,403.60000000,404.10000000,18.95000000
1777084200000,2026-04-25T02:30:00+00:00,403.59000000,404.30000000,403.57000000,403.64000000,29.23000000
1777085100000,2026-04-25T02:45:00+00:00,403.65000000,404.26000000,403.65000000,403.66000000,17.75000000
1777086000000,2026-04-25T03:00:00+00:00,403.66000000,404.29000000,403.65000000,403.68000000,20.03000000
1777086900000,2026-04-25T03:15:00+00:00,403.68000000,404.50000000,403.58000000,403.83000000,66.60000000
1777087800000,2026-04-25T03:30:00+00:00,403.83000000,404.50000000,403.62000000,403.66000000,12.08000000
1777088700000,2026-04-25T03:45:00+00:00,403.66000000,404.21000000,403.62000000,403.62000000,6.91000000
1777089600000,2026-04-25T04:00:00+00:00,403.62000000,404.20000000,403.62000000,404.19000000,2.17000000
1777090500000,2026-04-25T04:15:00+00:00,404.19000000,404.69000000,403.62000000,403.76000000,31.47000000
1777091400000,2026-04-25T04:30:00+00:00,403.76000000,404.68000000,403.60000000,403.60000000,8.52000000
1777092300000,2026-04-25T04:45:00+00:00,403.60000000,404.65000000,403.60000000,404.63000000,12.38000000
1777093200000,2026-04-25T05:00:00+00:00,404.63000000,404.66000000,403.63000000,403.63000000,26.77000000
1777094100000,2026-04-25T05:15:00+00:00,403.63000000,404.54000000,403.63000000,404.53000000,1.15000000
1777095000000,2026-04-25T05:30:00+00:00,404.50000000,404.50000000,403.65000000,403.65000000,1.19000000
1777095900000,2026-04-25T05:45:00+00:00,404.33000000,404.34000000,403.66000000,404.33000000,8.30000000
1777096800000,2026-04-25T06:00:00+00:00,404.01000000,404.19000000,403.62000000,403.62000000,36.13000000
1777097700000,2026-04-25T06:15:00+00:00,403.62000000,404.67000000,403.62000000,404.67000000,17.30000000
1777098600000,2026-04-25T06:30:00+00:00,404.51000000,404.68000000,403.62000000,403.65000000,8.75000000
1777099500000,2026-04-25T06:45:00+00:00,403.73000000,404.50000000,403.73000000,403.90000000,23.37000000
1777100400000,2026-04-25T07:00:00+00:00,403.90000000,404.68000000,403.90000000,404.23000000,9.17000000
1777101300000,2026-04-25T07:15:00+00:00,404.23000000,404.23000000,404.08000000,404.08000000,2.04000000
1777102200000,2026-04-25T07:30:00+00:00,404.42000000,404.42000000,403.70000000,404.08000000,1.13000000
1777103100000,2026-04-25T07:45:00+00:00,404.00000000,405.99000000,403.83000000,403.83000000,211.55000000
1777104000000,2026-04-25T08:00:00+00:00,404.54000000,405.10000000,403.79000000,404.32000000,51.82000000
1777104900000,2026-04-25T08:15:00+00:00,404.29000000,404.98000000,404.21000000,404.23000000,3.69000000
1777105800000,2026-04-25T08:30:00+00:00,404.23000000,404.96000000,404.23000000,404.23000000,0.52000000
1777106700000,2026-04-25T08:45:00+00:00,404.95000000,404.98000000,404.00000000,404.10000000,74.49000000
1777107600000,2026-04-25T09:00:00+00:00,404.00000000,404.73000000,403.81000000,403.83000000,18.87000000
1777108500000,2026-04-25T09:15:00+00:00,403.84000000,404.60000000,403.84000000,403.85000000,5.55000000
1777109400000,2026-04-25T09:30:00+00:00,403.85000000,404.59000000,403.85000000,404.59000000,0.78000000
1777110300000,2026-04-25T09:45:00+00:00,404.59000000,404.89000000,403.86000000,404.42000000,7.47000000
1777111200000,2026-04-25T10:00:00+00:00,404.72000000,404.72000000,403.86000000,403.88000000,13.55000000
1777112100000,2026-04-25T10:15:00+00:00,403.88000000,404.72000000,403.88000000,404.71000000,6.19000000
1777113000000,2026-04-25T10:30:00+00:00,404.71000000,404.99000000,403.89000000,403.96000000,15.44000000
1777113900000,2026-04-25T10:45:00+00:00,403.96000000,405.10000000,403.91000000,404.00000000,20.32000000
1777114800000,2026-04-25T11:00:00+00:00,404.00000000,404.50000000,403.91000000,404.00000000,79.73000000
1777115700000,2026-04-25T11:15:00+00:00,404.49000000,404.50000000,403.93000000,404.30000000,17.08000000
1777116600000,2026-04-25T11:30:00+00:00,403.92000000,404.50000000,403.90000000,403.91000000,71.33000000
1777117500000,2026-04-25T11:45:00+00:00,403.91000000,404.50000000,403.91000000,404.49000000,10.03000000
1777118400000,2026-04-25T12:00:00+00:00,403.93000000,404.50000000,403.91000000,404.50000000,45.83000000
1777119300000,2026-04-25T12:15:00+00:00,403.91000000,404.60000000,403.91000000,404.05000000,24.19000000
1777120200000,2026-04-25T12:30:00+00:00,404.05000000,404.35000000,403.70000000,404.33000000,96.45000000
1777121100000,2026-04-25T12:45:00+00:00,403.80000000,404.70000000,403.64000000,403.82000000,9.55000000
1777122000000,2026-04-25T13:00:00+00:00,403.96000000,405.49000000,403.83000000,404.50000000,58.44000000
1777122900000,2026-04-25T13:15:00+00:00,404.50000000,405.41000000,404.31000000,404.40000000,28.30000000
1777123800000,2026-04-25T13:30:00+00:00,404.40000000,405.31000000,404.09000000,404.09000000,11.05000000
1777124700000,2026-04-25T13:45:00+00:00,404.02000000,404.64000000,404.02000000,404.10000000,17.74000000
1777125600000,2026-04-25T14:00:00+00:00,404.10000000,404.57000000,403.97000000,403.97000000,11.19000000
1777126500000,2026-04-25T14:15:00+00:00,403.98000000,404.57000000,403.97000000,404.00000000,2.98000000
1777127400000,2026-04-25T14:30:00+00:00,404.56000000,405.20000000,404.01000000,404.09000000,32.18000000
1777128300000,2026-04-25T14:45:00+00:00,404.09000000,404.97000000,404.09000000,404.12000000,79.53000000
1777129200000,2026-04-25T15:00:00+00:00,404.12000000,404.64000000,403.97000000,404.56000000,38.19000000
1777130100000,2026-04-25T15:15:00+00:00,404.06000000,405.72000000,403.97000000,405.31000000,246.15000000
1777131000000,2026-04-25T15:30:00+00:00,404.21000000,405.27000000,404.21000000,405.23000000,22.30000000
1777131900000,2026-04-25T15:45:00+00:00,404.38000000,405.13000000,404.17000000,404.74000000,85.91000000
1777132800000,2026-04-25T16:00:00+00:00,404.81000000,404.98000000,404.24000000,404.94000000,13.69000000
1777133700000,2026-04-25T16:15:00+00:00,404.25000000,404.90000000,404.25000000,404.31000000,13.37000000
1777134600000,2026-04-25T16:30:00+00:00,404.90000000,404.96000000,404.25000000,404.88000000,27.30000000
1777135500000,2026-04-25T16:45:00+00:00,404.87000000,404.87000000,404.30000000,404.33000000,4.24000000
1777136400000,2026-04-25T17:00:00+00:00,404.80000000,404.80000000,404.27000000,404.51000000,43.10000000
1777137300000,2026-04-25T17:15:00+00:00,404.51000000,404.80000000,404.33000000,404.68000000,19.62000000
1777138200000,2026-04-25T17:30:00+00:00,404.79000000,404.80000000,404.25000000,404.26000000,18.28000000
1777139100000,2026-04-25T17:45:00+00:00,404.79000000,404.80000000,404.25000000,404.25000000,19.37000000
1777140000000,2026-04-25T18:00:00+00:00,404.25000000,404.78000000,404.25000000,404.26000000,3.02000000
1777140900000,2026-04-25T18:15:00+00:00,404.77000000,404.79000000,404.26000000,404.26000000,4.72000000
1777141800000,2026-04-25T18:30:00+00:00,404.27000000,404.29000000,404.27000000,404.29000000,0.50000000
1777142700000,2026-04-25T18:45:00+00:00,404.66000000,404.79000000,404.27000000,404.79000000,3.19000000
1777143600000,2026-04-25T19:00:00+00:00,404.79000000,404.85000000,404.25000000,404.26000000,16.71000000
1777144500000,2026-04-25T19:15:00+00:00,404.26000000,404.90000000,404.25000000,404.27000000,9.91000000
1777145400000,2026-04-25T19:30:00+00:00,404.27000000,404.89000000,404.27000000,404.27000000,6.71000000
1777146300000,2026-04-25T19:45:00+00:00,404.80000000,404.89000000,404.27000000,404.89000000,2.87000000
1777147200000,2026-04-25T20:00:00+00:00,404.89000000,404.89000000,404.28000000,404.28000000,0.31000000
1777148100000,2026-04-25T20:15:00+00:00,404.73000000,404.73000000,404.29000000,404.29000000,0.27000000
1777149000000,2026-04-25T20:30:00+00:00,404.73000000,404.90000000,404.28000000,404.28000000,10.37000000
1777149900000,2026-04-25T20:45:00+00:00,404.29000000,405.31000000,403.95000000,403.96000000,107.90000000
1777150800000,2026-04-25T21:00:00+00:00,403.96000000,405.29000000,403.95000000,403.95000000,24.19000000
1777151700000,2026-04-25T21:15:00+00:00,403.95000000,404.79000000,403.95000000,403.95000000,3.79000000
1777152600000,2026-04-25T21:30:00+00:00,403.97000000,405.10000000,403.95000000,404.96000000,16.43000000
1777153500000,2026-04-25T21:45:00+00:00,404.82000000,405.21000000,404.02000000,405.20000000,11.90000000
1777154400000,2026-04-25T22:00:00+00:00,404.30000000,405.09000000,404.30000000,404.30000000,7.68000000
1777155300000,2026-04-25T22:15:00+00:00,404.85000000,404.85000000,404.30000000,404.30000000,25.61000000
1777156200000,2026-04-25T22:30:00+00:00,404.30000000,404.77000000,404.21000000,404.71000000,1.62000000
1777157100000,2026-04-25T22:45:00+00:00,404.69000000,404.86000000,404.28000000,404.32000000,18.03000000
1777158000000,2026-04-25T23:00:00+00:00,404.32000000,404.84000000,404.32000000,404.84000000,1.22000000
1777158900000,2026-04-25T23:15:00+00:00,404.32000000,404.83000000,404.32000000,404.75000000,0.45000000
1777159800000,2026-04-25T23:30:00+00:00,404.63000000,404.80000000,404.30000000,404.34000000,17.50000000
1777160700000,2026-04-25T23:45:00+00:00,404.31000000,404.80000000,403.95000000,404.57000000,116.89000000
1777161600000,2026-04-26T00:00:00+00:00,404.61000000,404.80000000,404.15000000,404.80000000,35.90000000
1777162500000,2026-04-26T00:15:00+00:00,404.68000000,405.28000000,404.55000000,405.20000000,88.51000000
1777163400000,2026-04-26T00:30:00+00:00,404.96000000,405.30000000,404.70000000,405.30000000,27.70000000
1777164300000,2026-04-26T00:45:00+00:00,405.30000000,405.40000000,404.66000000,405.26000000,32.58000000
1777165200000,2026-04-26T01:00:00+00:00,405.28000000,405.50000000,404.87000000,405.27000000,50.69000000
1777166100000,2026-04-26T01:15:00+00:00,405.13000000,405.49000000,405.13000000,405.44000000,7.30000000
1777167000000,2026-04-26T01:30:00+00:00,405.43000000,405.49000000,404.77000000,405.29000000,47.89000000
1777167900000,2026-04-26T01:45:00+00:00,405.12000000,405.60000000,404.61000000,404.86000000,68.28000000
1777168800000,2026-04-26T02:00:00+00:00,405.45000000,405.46000000,405.00000000,405.46000000,39.20000000
1777169700000,2026-04-26T02:15:00+00:00,405.38000000,405.69000000,405.00000000,405.61000000,87.77000000
1777170600000,2026-04-26T02:30:00+00:00,405.61000000,405.69000000,405.24000000,405.66000000,30.55000000
1777171500000,2026-04-26T02:45:00+00:00,405.63000000,405.67000000,405.56000000,405.63000000,17.50000000
1777172400000,2026-04-26T03:00:00+00:00,405.64000000,405.67000000,405.42000000,405.42000000,23.05000000
1777173300000,2026-04-26T03:15:00+00:00,405.36000000,405.59000000,404.83000000,405.38000000,41.32000000
1777174200000,2026-04-26T03:30:00+00:00,405.49000000,405.63000000,405.02000000,405.55000000,38.83000000
1777175100000,2026-04-26T03:45:00+00:00,405.55000000,405.60000000,404.90000000,405.48000000,78.38000000
1777176000000,2026-04-26T04:00:00+00:00,405.43000000,405.55000000,405.00000000,405.50000000,94.44000000
1777176900000,2026-04-26T04:15:00+00:00,405.48000000,405.58000000,405.24000000,405.32000000,15.70000000
1777177800000,2026-04-26T04:30:00+00:00,405.32000000,405.49000000,405.16000000,405.20000000,15.04000000
1777178700000,2026-04-26T04:45:00+00:00,405.20000000,405.20000000,405.00000000,405.00000000,16.39000000
1777179600000,2026-04-26T05:00:00+00:00,405.07000000,405.27000000,404.70000000,404.99000000,51.08000000
1777180500000,2026-04-26T05:15:00+00:00,404.81000000,405.09000000,404.62000000,404.89000000,91.99000000
1777181400000,2026-04-26T05:30:00+00:00,404.84000000,405.00000000,404.71000000,404.77000000,20.65000000
1777182300000,2026-04-26T05:45:00+00:00,404.79000000,405.00000000,404.61000000,404.62000000,48.74000000
1777183200000,2026-04-26T06:00:00+00:00,404.61000000,404.71000000,404.50000000,404.71000000,29.52000000
1777184100000,2026-04-26T06:15:00+00:00,404.55000000,404.79000000,404.50000000,404.50000000,44.46000000
1777185000000,2026-04-26T06:30:00+00:00,404.50000000,404.90000000,404.37000000,404.60000000,23.83000000
1777185900000,2026-04-26T06:45:00+00:00,404.40000000,404.59000000,404.31000000,404.33000000,27.60000000
1777186800000,2026-04-26T07:00:00+00:00,404.33000000,405.00000000,404.31000000,404.82000000,140.26000000
1777187700000,2026-04-26T07:15:00+00:00,404.82000000,404.89000000,404.21000000,404.47000000,38.84000000
1777188600000,2026-04-26T07:30:00+00:00,404.79000000,404.79000000,403.58000000,404.23000000,337.58000000
1777189500000,2026-04-26T07:45:00+00:00,404.42000000,404.42000000,403.53000000,403.53000000,92.99000000
1777190400000,2026-04-26T08:00:00+00:00,403.84000000,405.00000000,403.50000000,404.25000000,396.40000000
1777191300000,2026-04-26T08:15:00+00:00,404.25000000,405.00000000,404.25000000,404.65000000,45.72000000
1777192200000,2026-04-26T08:30:00+00:00,404.65000000,404.98000000,404.65000000,404.74000000,5.18000000
1777193100000,2026-04-26T08:45:00+00:00,404.97000000,405.21000000,404.75000000,404.84000000,42.57000000
1777194000000,2026-04-26T09:00:00+00:00,404.78000000,405.11000000,404.19000000,404.78000000,55.39000000
1777194900000,2026-04-26T09:15:00+00:00,404.78000000,405.03000000,404.01000000,404.94000000,151.25000000
1777195800000,2026-04-26T09:30:00+00:00,405.04000000,405.19000000,404.91000000,404.91000000,7.66000000
1777196700000,2026-04-26T09:45:00+00:00,404.91000000,405.20000000,404.50000000,404.64000000,69.55000000
1777197600000,2026-04-26T10:00:00+00:00,404.63000000,405.90000000,404.63000000,405.27000000,208.29000000
1777198500000,2026-04-26T10:15:00+00:00,405.27000000,405.68000000,405.27000000,405.28000000,5.44000000
1777199400000,2026-04-26T10:30:00+00:00,405.28000000,405.67000000,405.28000000,405.28000000,9.19000000
1777200300000,2026-04-26T10:45:00+00:00,405.28000000,405.93000000,405.28000000,405.30000000,44.49000000
1777201200000,2026-04-26T11:00:00+00:00,405.30000000,406.91000000,405.30000000,406.67000000,240.24000000
1777202100000,2026-04-26T11:15:00+00:00,406.68000000,407.03000000,406.23000000,406.38000000,64.33000000
1777203000000,2026-04-26T11:30:00+00:00,406.37000000,406.93000000,403.70000000,405.70000000,1348.34000000
1777203900000,2026-04-26T11:45:00+00:00,405.09000000,405.98000000,405.09000000,405.98000000,67.49000000
1777204800000,2026-04-26T12:00:00+00:00,405.97000000,405.98000000,405.21000000,405.98000000,41.12000000
1777205700000,2026-04-26T12:15:00+00:00,405.54000000,405.94000000,405.50000000,405.87000000,40.64000000
1777206600000,2026-04-26T12:30:00+00:00,405.51000000,405.78000000,405.50000000,405.52000000,12.80000000
1777207500000,2026-04-26T12:45:00+00:00,405.52000000,405.93000000,405.50000000,405.50000000,53.19000000
1777208400000,2026-04-26T13:00:00+00:00,405.58000000,405.89000000,405.05000000,405.73000000,58.19000000
1777209300000,2026-04-26T13:15:00+00:00,405.42000000,405.79000000,405.42000000,405.52000000,20.49000000
1777210200000,2026-04-26T13:30:00+00:00,405.53000000,405.79000000,405.50000000,405.55000000,50.51000000
1777211100000,2026-04-26T13:45:00+00:00,405.54000000,405.72000000,405.00000000,405.02000000,50.82000000
1777212000000,2026-04-26T14:00:00+00:00,405.02000000,405.88000000,405.02000000,405.22000000,123.23000000
1777212900000,2026-04-26T14:15:00+00:00,405.64000000,405.98000000,405.16000000,405.57000000,259.05000000
1777213800000,2026-04-26T14:30:00+00:00,405.34000000,405.80000000,405.01000000,405.49000000,65.18000000
1777214700000,2026-04-26T14:45:00+00:00,405.49000000,405.49000000,404.90000000,405.40000000,209.65000000
1777215600000,2026-04-26T15:00:00+00:00,405.03000000,405.42000000,405.02000000,405.15000000,156.12000000
1777216500000,2026-04-26T15:15:00+00:00,405.18000000,405.42000000,405.04000000,405.16000000,146.83000000
1777217400000,2026-04-26T15:30:00+00:00,405.17000000,405.17000000,404.53000000,404.54000000,409.79000000
1777218300000,2026-04-26T15:45:00+00:00,404.55000000,404.69000000,404.01000000,404.01000000,587.07000000
1777219200000,2026-04-26T16:00:00+00:00,404.30000000,407.02000000,404.30000000,407.00000000,696.76000000
1777220100000,2026-04-26T16:15:00+00:00,406.90000000,407.19000000,404.53000000,406.80000000,431.97000000
1777221000000,2026-04-26T16:30:00+00:00,406.79000000,410.39000000,406.75000000,409.76000000,488.56000000
1777221900000,2026-04-26T16:45:00+00:00,409.97000000,410.27000000,407.51000000,409.45000000,286.92000000
1777222800000,2026-04-26T17:00:00+00:00,408.98000000,409.54000000,407.79000000,408.71000000,44.98000000
1777223700000,2026-04-26T17:15:00+00:00,408.71000000,409.20000000,407.80000000,407.80000000,79.00000000
1777224600000,2026-04-26T17:30:00+00:00,407.81000000,408.51000000,407.80000000,407.95000000,67.02000000
1777225500000,2026-04-26T17:45:00+00:00,407.81000000,408.18000000,407.20000000,407.40000000,93.45000000
1777226400000,2026-04-26T18:00:00+00:00,407.20000000,407.65000000,406.43000000,407.30000000,126.50000000
1777227300000,2026-04-26T18:15:00+00:00,407.29000000,407.55000000,406.50000000,406.51000000,61.69000000
1777228200000,2026-04-26T18:30:00+00:00,406.51000000,407.93000000,405.92000000,407.62000000,63.67000000
1777229100000,2026-04-26T18:45:00+00:00,407.28000000,408.08000000,406.10000000,406.10000000,20.56000000
1777230000000,2026-04-26T19:00:00+00:00,406.12000000,407.14000000,405.80000000,407.03000000,49.92000000
1777230900000,2026-04-26T19:15:00+00:00,406.99000000,408.87000000,406.98000000,408.15000000,95.98000000
1777231800000,2026-04-26T19:30:00+00:00,408.15000000,409.05000000,408.15000000,409.05000000,38.42000000
1777232700000,2026-04-26T19:45:00+00:00,408.91000000,409.10000000,406.84000000,408.15000000,65.98000000
1777233600000,2026-04-26T20:00:00+00:00,408.02000000,408.02000000,406.01000000,406.32000000,28.49000000
1777234500000,2026-04-26T20:15:00+00:00,406.01000000,407.55000000,405.99000000,407.32000000,18.54000000
1777235400000,2026-04-26T20:30:00+00:00,407.34000000,407.71000000,405.98000000,407.13000000,26.48000000
1777236300000,2026-04-26T20:45:00+00:00,406.92000000,407.07000000,405.98000000,406.78000000,18.44000000
1777237200000,2026-04-26T21:00:00+00:00,406.24000000,406.70000000,405.81000000,405.81000000,23.70000000
1777238100000,2026-04-26T21:15:00+00:00,406.06000000,406.50000000,405.81000000,406.50000000,50.59000000
1777239000000,2026-04-26T21:30:00+00:00,406.50000000,406.74000000,406.02000000,406.51000000,70.06000000
1777239900000,2026-04-26T21:45:00+00:00,406.26000000,407.00000000,405.80000000,406.05000000,24.11000000
1777240800000,2026-04-26T22:00:00+00:00,406.05000000,406.59000000,405.51000000,405.58000000,47.94000000
1777241700000,2026-04-26T22:15:00+00:00,405.53000000,406.19000000,405.51000000,406.12000000,32.53000000
1777242600000,2026-04-26T22:30:00+00:00,405.79000000,406.22000000,405.56000000,405.69000000,29.29000000
1777243500000,2026-04-26T22:45:00+00:00,405.57000000,406.45000000,405.56000000,405.57000000,24.06000000
1777244400000,2026-04-26T23:00:00+00:00,405.57000000,406.48000000,405.00000000,406.14000000,177.30000000
1777245300000,2026-04-26T23:15:00+00:00,406.39000000,406.43000000,404.54000000,406.31000000,135.18000000
1777246200000,2026-04-26T23:30:00+00:00,406.14000000,406.50000000,404.80000000,405.35000000,205.55000000
1777247100000,2026-04-26T23:45:00+00:00,405.13000000,406.30000000,404.01000000,404.26000000,512.73000000
1777248000000,2026-04-27T00:00:00+00:00,404.04000000,414.00000000,404.01000000,413.36000000,1770.51000000
1777248900000,2026-04-27T00:15:00+00:00,413.09000000,415.91000000,412.94000000,414.88000000,792.41000000
1777249800000,2026-04-27T00:30:00+00:00,414.89000000,422.43000000,413.38000000,413.84000000,1209.40000000
1777250700000,2026-04-27T00:45:00+00:00,414.40000000,417.53000000,413.88000000,414.25000000,460.05000000
1777251600000,2026-04-27T01:00:00+00:00,414.26000000,418.00000000,414.11000000,416.34000000,697.12000000
1777252500000,2026-04-27T01:15:00+00:00,416.34000000,417.50000000,415.35000000,416.99000000,291.24000000
1777253400000,2026-04-27T01:30:00+00:00,416.76000000,419.29000000,416.13000000,418.61000000,408.64000000
1777254300000,2026-04-27T01:45:00+00:00,418.68000000,419.79000000,416.78000000,418.26000000,578.11000000
1777255200000,2026-04-27T02:00:00+00:00,418.26000000,420.14000000,417.70000000,418.31000000,474.39000000
1777256100000,2026-04-27T02:15:00+00:00,418.32000000,420.28000000,418.02000000,418.91000000,224.93000000
1777257000000,2026-04-27T02:30:00+00:00,418.83000000,418.97000000,416.53000000,417.27000000,122.98000000
1777257900000,2026-04-27T02:45:00+00:00,417.28000000,418.58000000,417.07000000,417.70000000,99.64000000
1777258800000,2026-04-27T03:00:00+00:00,417.73000000,418.05000000,415.42000000,416.16000000,282.07000000
1777259700000,2026-04-27T03:15:00+00:00,416.41000000,418.10000000,415.41000000,417.20000000,386.92000000
1777260600000,2026-04-27T03:30:00+00:00,417.20000000,418.35000000,416.76000000,417.52000000,413.64000000
1777261500000,2026-04-27T03:45:00+00:00,417.61000000,419.00000000,417.51000000,418.59000000,473.67000000
1777262400000,2026-04-27T04:00:00+00:00,418.88000000,419.86000000,417.83000000,419.06000000,340.66000000
1777263300000,2026-04-27T04:15:00+00:00,419.29000000,419.31000000,418.19000000,418.81000000,187.57000000
1777264200000,2026-04-27T04:30:00+00:00,418.81000000,419.20000000,418.51000000,419.02000000,64.30000000
1777265100000,2026-04-27T04:45:00+00:00,419.06000000,419.35000000,417.81000000,418.07000000,325.83000000
1777266000000,2026-04-27T05:00:00+00:00,418.07000000,418.08000000,416.80000000,416.80000000,227.56000000
1777266900000,2026-04-27T05:15:00+00:00,416.80000000,418.69000000,414.51000000,414.51000000,766.90000000
1777267800000,2026-04-27T05:30:00+00:00,414.41000000,414.41000000,410.29000000,411.71000000,584.01000000
1777268700000,2026-04-27T05:45:00+00:00,411.87000000,411.87000000,409.02000000,410.99000000,320.52000000
1777269600000,2026-04-27T06:00:00+00:00,410.97000000,411.36000000,409.10000000,410.40000000,215.89000000
1777270500000,2026-04-27T06:15:00+00:00,410.40000000,412.49000000,409.64000000,412.03000000,98.06000000
1777271400000,2026-04-27T06:30:00+00:00,412.39000000,412.70000000,411.25000000,411.95000000,75.28000000
1777272300000,2026-04-27T06:45:00+00:00,412.00000000,412.46000000,411.06000000,411.22000000,43.84000000
1777273200000,2026-04-27T07:00:00+00:00,411.54000000,411.82000000,410.04000000,410.71000000,139.36000000
1777274100000,2026-04-27T07:15:00+00:00,410.76000000,411.31000000,409.67000000,410.48000000,272.01000000
1777275000000,2026-04-27T07:30:00+00:00,410.53000000,410.73000000,409.50000000,410.36000000,62.25000000
1777275900000,2026-04-27T07:45:00+00:00,410.78000000,411.55000000,410.08000000,410.08000000,146.11000000
1777276800000,2026-04-27T08:00:00+00:00,410.33000000,411.98000000,409.22000000,409.29000000,239.86000000
1777277700000,2026-04-27T08:15:00+00:00,409.76000000,411.47000000,409.29000000,410.73000000,488.11000000
1777278600000,2026-04-27T08:30:00+00:00,411.18000000,412.55000000,410.60000000,412.10000000,27.14000000
1777279500000,2026-04-27T08:45:00+00:00,412.48000000,414.48000000,412.31000000,413.30000000,117.82000000
1777280400000,2026-04-27T09:00:00+00:00,413.30000000,413.70000000,413.00000000,413.35000000,86.87000000
1777281300000,2026-04-27T09:15:00+00:00,413.42000000,414.39000000,413.26000000,414.35000000,123.78000000
1777282200000,2026-04-27T09:30:00+00:00,414.36000000,415.05000000,413.47000000,413.70000000,79.45000000
1777283100000,2026-04-27T09:45:00+00:00,413.80000000,415.37000000,413.75000000,415.37000000,23.23000000
1777284000000,2026-04-27T10:00:00+00:00,415.31000000,415.60000000,414.17000000,414.20000000,95.55000000
1777284900000,2026-04-27T10:15:00+00:00,414.51000000,415.20000000,414.35000000,414.44000000,27.66000000
1777285800000,2026-04-27T10:30:00+00:00,414.66000000,415.90000000,414.47000000,415.77000000,103.30000000
1777286700000,2026-04-27T10:45:00+00:00,415.87000000,416.49000000,414.57000000,415.90000000,318.82000000
1777287600000,2026-04-27T11:00:00+00:00,415.86000000,417.57000000,415.73000000,417.30000000,56.10000000
1777288500000,2026-04-27T11:15:00+00:00,417.30000000,417.49000000,416.58000000,417.43000000,30.60000000
1777289400000,2026-04-27T11:30:00+00:00,417.36000000,417.96000000,416.71000000,417.39000000,60.98000000
1777290300000,2026-04-27T11:45:00+00:00,417.39000000,417.89000000,416.00000000,416.00000000,31.26000000
1777291200000,2026-04-27T12:00:00+00:00,416.02000000,416.02000000,413.90000000,414.16000000,167.45000000
1777292100000,2026-04-27T12:15:00+00:00,414.39000000,414.48000000,411.01000000,411.23000000,135.08000000
1777293000000,2026-04-27T12:30:00+00:00,411.49000000,412.47000000,411.00000000,411.86000000,145.32000000
1777293900000,2026-04-27T12:45:00+00:00,412.18000000,413.46000000,411.52000000,412.74000000,155.69000000
1777294800000,2026-04-27T13:00:00+00:00,412.75000000,412.75000000,410.08000000,411.60000000,216.50000000
1777295700000,2026-04-27T13:15:00+00:00,411.62000000,415.11000000,411.56000000,414.81000000,340.67000000
1777296600000,2026-04-27T13:30:00+00:00,414.70000000,415.13000000,406.78000000,406.90000000,1056.08000000
1777297500000,2026-04-27T13:45:00+00:00,406.90000000,408.95000000,402.00000000,408.22000000,1604.92000000
1777298400000,2026-04-27T14:00:00+00:00,408.42000000,408.42000000,405.31000000,406.54000000,549.46000000
1777299300000,2026-04-27T14:15:00+00:00,406.43000000,406.43000000,401.85000000,403.25000000,565.49000000
1777300200000,2026-04-27T14:30:00+00:00,403.00000000,404.95000000,400.93000000,404.36000000,551.56000000
1777301100000,2026-04-27T14:45:00+00:00,404.36000000,404.78000000,403.31000000,404.35000000,132.42000000
1777302000000,2026-04-27T15:00:00+00:00,404.35000000,404.55000000,402.89000000,403.55000000,162.54000000
1777302900000,2026-04-27T15:15:00+00:00,403.40000000,404.71000000,402.54000000,404.71000000,308.87000000
1777303800000,2026-04-27T15:30:00+00:00,404.77000000,405.46000000,404.01000000,405.01000000,123.80000000
1777304700000,2026-04-27T15:45:00+00:00,404.82000000,405.26000000,404.40000000,405.03000000,187.71000000
1777305600000,2026-04-27T16:00:00+00:00,405.28000000,405.28000000,403.92000000,404.22000000,137.60000000
1777306500000,2026-04-27T16:15:00+00:00,404.22000000,404.97000000,403.72000000,403.82000000,61.54000000
1777307400000,2026-04-27T16:30:00+00:00,403.82000000,404.52000000,403.50000000,404.40000000,131.68000000
1777308300000,2026-04-27T16:45:00+00:00,404.54000000,404.59000000,402.17000000,402.47000000,181.50000000
1777309200000,2026-04-27T17:00:00+00:00,402.43000000,403.23000000,402.43000000,402.61000000,37.61000000
1777310100000,2026-04-27T17:15:00+00:00,402.78000000,402.86000000,401.84000000,402.86000000,145.08000000
1777311000000,2026-04-27T17:30:00+00:00,402.91000000,403.91000000,402.76000000,403.77000000,19.92000000
1777311900000,2026-04-27T17:45:00+00:00,403.96000000,404.24000000,403.55000000,403.86000000,21.30000000
1777312800000,2026-04-27T18:00:00+00:00,404.04000000,404.36000000,403.68000000,403.78000000,30.83000000
1777313700000,2026-04-27T18:15:00+00:00,403.74000000,404.14000000,403.30000000,403.31000000,33.98000000
1777314600000,2026-04-27T18:30:00+00:00,403.49000000,403.95000000,403.32000000,403.47000000,55.01000000
1777315500000,2026-04-27T18:45:00+00:00,403.62000000,403.83000000,402.76000000,403.35000000,20.84000000
1777316400000,2026-04-27T19:00:00+00:00,403.27000000,404.61000000,403.06000000,404.61000000,12.04000000
1777317300000,2026-04-27T19:15:00+00:00,404.83000000,405.36000000,404.44000000,404.68000000,13.40000000
1777318200000,2026-04-27T19:30:00+00:00,404.41000000,404.98000000,403.75000000,404.17000000,6.89000000
1777319100000,2026-04-27T19:45:00+00:00,404.41000000,405.76000000,404.32000000,405.42000000,85.01000000
1777320000000,2026-04-27T20:00:00+00:00,405.59000000,406.21000000,405.37000000,405.64000000,17.37000000
1777320900000,2026-04-27T20:15:00+00:00,405.45000000,405.76000000,405.36000000,405.65000000,3.81000000
1777321800000,2026-04-27T20:30:00+00:00,405.54000000,406.01000000,405.39000000,406.01000000,37.50000000
1777322700000,2026-04-27T20:45:00+00:00,406.01000000,406.09000000,405.31000000,406.09000000,30.20000000
1777323600000,2026-04-27T21:00:00+00:00,406.09000000,406.41000000,405.71000000,406.38000000,70.90000000
1777324500000,2026-04-27T21:15:00+00:00,406.10000000,406.41000000,406.01000000,406.01000000,32.49000000
1777325400000,2026-04-27T21:30:00+00:00,406.26000000,406.28000000,405.09000000,405.56000000,20.90000000
1777326300000,2026-04-27T21:45:00+00:00,405.60000000,405.95000000,405.39000000,405.53000000,3.09000000
1777327200000,2026-04-27T22:00:00+00:00,405.85000000,406.32000000,405.05000000,406.03000000,20.93000000
1777328100000,2026-04-27T22:15:00+00:00,406.28000000,406.74000000,406.01000000,406.67000000,13.57000000
1777329000000,2026-04-27T22:30:00+00:00,406.69000000,407.00000000,406.48000000,406.93000000,9.99000000
1777329900000,2026-04-27T22:45:00+00:00,406.89000000,406.97000000,406.28000000,406.97000000,9.55000000
1777330800000,2026-04-27T23:00:00+00:00,407.00000000,407.70000000,406.74000000,407.25000000,31.58000000
1777331700000,2026-04-27T23:15:00+00:00,407.21000000,407.46000000,406.94000000,407.20000000,28.87000000
1777332600000,2026-04-27T23:30:00+00:00,407.20000000,407.49000000,406.86000000,407.04000000,65.22000000
1777333500000,2026-04-27T23:45:00+00:00,407.20000000,407.37000000,406.52000000,406.80000000,21.30000000
1777334400000,2026-04-28T00:00:00+00:00,406.94000000,408.23000000,406.94000000,407.16000000,61.31000000
1777335300000,2026-04-28T00:15:00+00:00,407.18000000,409.98000000,407.08000000,409.08000000,108.57000000
1777336200000,2026-04-28T00:30:00+00:00,409.05000000,409.93000000,408.34000000,409.93000000,14.86000000
1777337100000,2026-04-28T00:45:00+00:00,409.73000000,409.73000000,408.25000000,408.47000000,67.53000000
1777338000000,2026-04-28T01:00:00+00:00,408.49000000,408.57000000,406.59000000,408.01000000,86.68000000
1777338900000,2026-04-28T01:15:00+00:00,407.97000000,409.73000000,407.72000000,409.35000000,103.72000000
1777339800000,2026-04-28T01:30:00+00:00,409.23000000,409.45000000,408.64000000,408.70000000,60.33000000
1777340700000,2026-04-28T01:45:00+00:00,408.68000000,408.68000000,406.25000000,406.25000000,52.49000000
1777341600000,2026-04-28T02:00:00+00:00,406.25000000,407.02000000,405.22000000,405.56000000,95.20000000
1777342500000,2026-04-28T02:15:00+00:00,405.83000000,406.65000000,405.58000000,406.04000000,43.89000000
1777343400000,2026-04-28T02:30:00+00:00,406.04000000,406.11000000,404.37000000,404.71000000,49.87000000
1777344300000,2026-04-28T02:45:00+00:00,404.51000000,405.40000000,404.35000000,405.20000000,74.01000000
1777345200000,2026-04-28T03:00:00+00:00,405.20000000,405.54000000,404.40000000,405.22000000,33.38000000
1777346100000,2026-04-28T03:15:00+00:00,405.20000000,405.89000000,404.47000000,405.09000000,54.15000000
1777347000000,2026-04-28T03:30:00+00:00,405.12000000,406.21000000,405.03000000,405.68000000,33.73000000
1777347900000,2026-04-28T03:45:00+00:00,405.73000000,405.73000000,404.84000000,405.13000000,21.95000000
1777348800000,2026-04-28T04:00:00+00:00,405.17000000,405.80000000,404.60000000,405.64000000,36.82000000
1777349700000,2026-04-28T04:15:00+00:00,405.44000000,405.64000000,404.88000000,405.58000000,37.51000000
1777350600000,2026-04-28T04:30:00+00:00,405.57000000,406.64000000,405.49000000,406.46000000,9.19000000
1777351500000,2026-04-28T04:45:00+00:00,406.62000000,406.66000000,405.29000000,405.72000000,21.42000000
1777352400000,2026-04-28T05:00:00+00:00,405.90000000,405.91000000,403.40000000,403.40000000,64.04000000
1777353300000,2026-04-28T05:15:00+00:00,403.55000000,404.01000000,402.32000000,402.32000000,56.79000000
1777354200000,2026-04-28T05:30:00+00:00,402.54000000,402.54000000,400.51000000,400.59000000,83.18000000
1777355100000,2026-04-28T05:45:00+00:00,400.80000000,401.77000000,400.21000000,401.21000000,134.84000000
1777356000000,2026-04-28T06:00:00+00:00,401.05000000,402.22000000,400.75000000,401.36000000,37.14000000
1777356900000,2026-04-28T06:15:00+00:00,401.36000000,401.50000000,399.41000000,400.41000000,470.58000000
1777357800000,2026-04-28T06:30:00+00:00,400.24000000,400.86000000,398.60000000,399.11000000,91.27000000
1777358700000,2026-04-28T06:45:00+00:00,399.12000000,399.77000000,398.75000000,399.09000000,34.66000000
1777359600000,2026-04-28T07:00:00+00:00,399.10000000,399.26000000,397.21000000,397.73000000,163.59000000
1777360500000,2026-04-28T07:15:00+00:00,397.72000000,397.99000000,396.45000000,396.70000000,75.19000000
1777361400000,2026-04-28T07:30:00+00:00,396.71000000,398.50000000,396.45000000,397.74000000,263.11000000
1777362300000,2026-04-28T07:45:00+00:00,397.76000000,398.18000000,397.41000000,397.95000000,64.42000000
1777363200000,2026-04-28T08:00:00+00:00,398.04000000,400.09000000,396.95000000,397.58000000,109.36000000
1777364100000,2026-04-28T08:15:00+00:00,397.61000000,398.49000000,397.44000000,398.40000000,50.55000000
1777365000000,2026-04-28T08:30:00+00:00,398.41000000,398.90000000,398.36000000,398.45000000,15.09000000
1777365900000,2026-04-28T08:45:00+00:00,398.53000000,398.53000000,397.52000000,398.50000000,26.17000000
1777366800000,2026-04-28T09:00:00+00:00,398.50000000,398.51000000,397.55000000,397.79000000,12.55000000
1777367700000,2026-04-28T09:15:00+00:00,397.79000000,397.86000000,396.25000000,396.26000000,73.26000000
1777368600000,2026-04-28T09:30:00+00:00,396.42000000,396.50000000,393.62000000,394.43000000,137.43000000
1777369500000,2026-04-28T09:45:00+00:00,394.43000000,395.47000000,393.61000000,395.25000000,68.75000000
1777370400000,2026-04-28T10:00:00+00:00,395.26000000,395.80000000,394.81000000,394.82000000,31.91000000
1777371300000,2026-04-28T10:15:00+00:00,394.88000000,397.00000000,394.76000000,396.66000000,91.64000000
1777372200000,2026-04-28T10:30:00+00:00,396.66000000,397.23000000,395.99000000,395.99000000,12.57000000
1777373100000,2026-04-28T10:45:00+00:00,396.05000000,396.49000000,395.30000000,396.19000000,29.14000000
1777374000000,2026-04-28T11:00:00+00:00,396.19000000,396.92000000,393.75000000,394.48000000,52.38000000
1777374900000,2026-04-28T11:15:00+00:00,394.49000000,394.52000000,392.75000000,393.29000000,93.66000000
1777375800000,2026-04-28T11:30:00+00:00,393.30000000,393.34000000,391.04000000,392.42000000,223.56000000
1777376700000,2026-04-28T11:45:00+00:00,392.46000000,392.75000000,390.10000000,391.89000000,181.74000000
1777377600000,2026-04-28T12:00:00+00:00,391.90000000,392.80000000,391.16000000,391.61000000,220.24000000
1777378500000,2026-04-28T12:15:00+00:00,391.58000000,392.03000000,390.08000000,390.91000000,235.45000000
1777379400000,2026-04-28T12:30:00+00:00,390.92000000,391.92000000,390.23000000,391.05000000,545.93000000
1777380300000,2026-04-28T12:45:00+00:00,391.10000000,393.06000000,390.92000000,392.96000000,173.13000000
1777381200000,2026-04-28T13:00:00+00:00,392.95000000,393.27000000,391.71000000,392.03000000,126.19000000
1777382100000,2026-04-28T13:15:00+00:00,392.04000000,394.18000000,391.90000000,393.39000000,242.40000000
1777383000000,2026-04-28T13:30:00+00:00,393.56000000,399.12000000,386.82000000,398.05000000,2675.24000000
1777383900000,2026-04-28T13:45:00+00:00,398.05000000,398.41000000,393.28000000,395.07000000,721.07000000
1777384800000,2026-04-28T14:00:00+00:00,395.23000000,395.50000000,393.35000000,394.78000000,549.05000000
1777385700000,2026-04-28T14:15:00+00:00,394.79000000,395.42000000,391.32000000,391.73000000,479.60000000
1777386600000,2026-04-28T14:30:00+00:00,391.73000000,391.96000000,387.61000000,389.00000000,682.04000000
1777387500000,2026-04-28T14:45:00+00:00,388.98000000,389.18000000,385.33000000,388.85000000,749.94000000
1777388400000,2026-04-28T15:00:00+00:00,388.91000000,389.65000000,386.71000000,388.06000000,411.90000000
1777389300000,2026-04-28T15:15:00+00:00,388.16000000,389.01000000,387.43000000,388.21000000,201.76000000
1777390200000,2026-04-28T15:30:00+00:00,388.20000000,388.69000000,386.85000000,388.15000000,244.75000000
1777391100000,2026-04-28T15:45:00+00:00,388.22000000,389.31000000,387.65000000,389.20000000,301.37000000
1777392000000,2026-04-28T16:00:00+00:00,389.10000000,390.43000000,388.89000000,390.14000000,340.45000000
1777392900000,2026-04-28T16:15:00+00:00,390.14000000,391.14000000,389.77000000,390.27000000,132.37000000
1777393800000,2026-04-28T16:30:00+00:00,390.18000000,390.42000000,389.10000000,390.20000000,255.33000000
1777394700000,2026-04-28T16:45:00+00:00,390.25000000,391.14000000,390.01000000,390.98000000,174.57000000
1777395600000,2026-04-28T17:00:00+00:00,390.98000000,391.29000000,390.02000000,390.80000000,208.92000000
1777396500000,2026-04-28T17:15:00+00:00,390.82000000,391.76000000,390.39000000,391.32000000,99.37000000
1777397400000,2026-04-28T17:30:00+00:00,391.36000000,393.30000000,391.36000000,393.07000000,99.99000000
1777398300000,2026-04-28T17:45:00+00:00,393.07000000,393.13000000,392.22000000,392.62000000,110.16000000
1777399200000,2026-04-28T18:00:00+00:00,392.60000000,392.81000000,391.95000000,392.81000000,120.54000000
1777400100000,2026-04-28T18:15:00+00:00,392.82000000,393.93000000,392.70000000,393.84000000,75.96000000
1777401000000,2026-04-28T18:30:00+00:00,393.84000000,394.05000000,393.08000000,394.05000000,97.76000000
1777401900000,2026-04-28T18:45:00+00:00,394.07000000,394.10000000,392.96000000,393.55000000,21.30000000
1777402800000,2026-04-28T19:00:00+00:00,393.56000000,394.31000000,393.38000000,393.49000000,60.02000000
1777403700000,2026-04-28T19:15:00+00:00,393.37000000,393.47000000,392.67000000,393.01000000,49.11000000
1777404600000,2026-04-28T19:30:00+00:00,393.01000000,393.38000000,392.57000000,392.91000000,46.75000000
1777405500000,2026-04-28T19:45:00+00:00,392.90000000,393.26000000,391.98000000,392.69000000,45.52000000
1777406400000,2026-04-28T20:00:00+00:00,392.70000000,394.26000000,392.32000000,394.00000000,95.91000000
1777407300000,2026-04-28T20:15:00+00:00,393.99000000,394.88000000,393.99000000,394.33000000,70.78000000
1777408200000,2026-04-28T20:30:00+00:00,394.34000000,394.47000000,393.56000000,393.96000000,30.30000000
1777409100000,2026-04-28T20:45:00+00:00,393.96000000,394.33000000,393.57000000,393.66000000,29.07000000
1777410000000,2026-04-28T21:00:00+00:00,393.65000000,393.80000000,392.69000000,393.00000000,523.90000000
1777410900000,2026-04-28T21:15:00+00:00,393.00000000,394.89000000,392.81000000,394.24000000,467.78000000
1777411800000,2026-04-28T21:30:00+00:00,393.98000000,394.29000000,393.77000000,394.18000000,5.72000000
1777412700000,2026-04-28T21:45:00+00:00,394.17000000,394.47000000,394.17000000,394.30000000,4.98000000
1777413600000,2026-04-28T22:00:00+00:00,394.30000000,394.59000000,394.18000000,394.18000000,9.08000000
1777414500000,2026-04-28T22:15:00+00:00,394.45000000,394.49000000,394.28000000,394.38000000,8.48000000
1777415400000,2026-04-28T22:30:00+00:00,394.38000000,394.49000000,394.23000000,394.49000000,15.26000000
1777416300000,2026-04-28T22:45:00+00:00,394.30000000,394.72000000,394.30000000,394.70000000,1.05000000
1777417200000,2026-04-28T23:00:00+00:00,394.69000000,395.20000000,394.57000000,395.05000000,19.22000000
1777418100000,2026-04-28T23:15:00+00:00,395.23000000,395.23000000,394.83000000,395.07000000,6.63000000
1777419000000,2026-04-28T23:30:00+00:00,395.05000000,395.70000000,394.75000000,395.70000000,44.60000000
1777419900000,2026-04-28T23:45:00+00:00,395.70000000,396.36000000,395.51000000,396.31000000,19.93000000
1777420800000,2026-04-29T00:00:00+00:00,396.50000000,398.37000000,396.31000000,397.87000000,115.50000000
1777421700000,2026-04-29T00:15:00+00:00,397.84000000,398.24000000,396.95000000,397.89000000,166.95000000
1777422600000,2026-04-29T00:30:00+00:00,397.94000000,397.94000000,394.60000000,395.99000000,80.17000000
1777423500000,2026-04-29T00:45:00+00:00,395.97000000,396.26000000,393.32000000,393.71000000,83.53000000
1777424400000,2026-04-29T01:00:00+00:00,393.72000000,393.85000000,389.80000000,391.28000000,390.00000000
1777425300000,2026-04-29T01:15:00+00:00,391.13000000,391.33000000,389.35000000,390.08000000,66.60000000
1777426200000,2026-04-29T01:30:00+00:00,390.08000000,392.13000000,389.71000000,391.75000000,33.05000000
1777427100000,2026-04-29T01:45:00+00:00,391.77000000,392.58000000,391.42000000,392.15000000,53.06000000
1777428000000,2026-04-29T02:00:00+00:00,392.27000000,393.03000000,392.22000000,392.22000000,31.33000000
1777428900000,2026-04-29T02:15:00+00:00,392.44000000,392.80000000,391.57000000,391.77000000,31.07000000
1777429800000,2026-04-29T02:30:00+00:00,391.83000000,392.01000000,390.85000000,391.30000000,48.07000000
1777430700000,2026-04-29T02:45:00+00:00,391.33000000,392.15000000,391.16000000,392.15000000,42.07000000
1777431600000,2026-04-29T03:00:00+00:00,392.14000000,393.73000000,391.41000000,393.30000000,57.47000000
1777432500000,2026-04-29T03:15:00+00:00,393.56000000,393.95000000,393.09000000,393.84000000,35.31000000
1777433400000,2026-04-29T03:30:00+00:00,393.90000000,394.08000000,393.60000000,393.74000000,11.64000000
1777434300000,2026-04-29T03:45:00+00:00,393.73000000,394.48000000,393.70000000,394.48000000,15.06000000
1777435200000,2026-04-29T04:00:00+00:00,394.50000000,395.13000000,394.43000000,394.60000000,45.53000000
1777436100000,2026-04-29T04:15:00+00:00,394.70000000,394.93000000,394.53000000,394.65000000,22.74000000
1777437000000,2026-04-29T04:30:00+00:00,394.72000000,395.59000000,394.59000000,395.51000000,35.19000000
1777437900000,2026-04-29T04:45:00+00:00,395.52000000,395.52000000,394.29000000,394.66000000,41.51000000
1777438800000,2026-04-29T05:00:00+00:00,394.68000000,394.86000000,393.78000000,393.89000000,15.57000000
1777439700000,2026-04-29T05:15:00+00:00,393.79000000,394.04000000,392.63000000,393.75000000,62.11000000
1777440600000,2026-04-29T05:30:00+00:00,393.60000000,393.60000000,392.10000000,392.38000000,63.22000000
1777441500000,2026-04-29T05:45:00+00:00,392.32000000,393.19000000,392.00000000,393.19000000,20.38000000
1777442400000,2026-04-29T06:00:00+00:00,393.31000000,393.81000000,393.02000000,393.13000000,34.87000000
1777443300000,2026-04-29T06:15:00+00:00,393.09000000,393.44000000,392.88000000,393.27000000,61.72000000
1777444200000,2026-04-29T06:30:00+00:00,393.08000000,393.86000000,392.87000000,393.86000000,30.18000000
1777445100000,2026-04-29T06:45:00+00:00,393.77000000,393.77000000,392.99000000,393.12000000,30.54000000
1777446000000,2026-04-29T07:00:00+00:00,393.13000000,393.79000000,392.94000000,393.12000000,35.00000000
1777446900000,2026-04-29T07:15:00+00:00,393.16000000,393.16000000,392.34000000,392.59000000,72.30000000
1777447800000,2026-04-29T07:30:00+00:00,392.66000000,393.72000000,392.32000000,392.92000000,452.69000000
1777448700000,2026-04-29T07:45:00+00:00,393.00000000,393.13000000,392.08000000,392.84000000,153.54000000
1777449600000,2026-04-29T08:00:00+00:00,393.10000000,393.22000000,391.49000000,391.70000000,123.71000000
1777450500000,2026-04-29T08:15:00+00:00,391.69000000,392.89000000,391.50000000,392.73000000,111.26000000
1777451400000,2026-04-29T08:30:00+00:00,392.72000000,392.77000000,391.50000000,392.09000000,43.96000000
1777452300000,2026-04-29T08:45:00+00:00,392.11000000,392.57000000,391.89000000,392.44000000,75.92000000
1777453200000,2026-04-29T09:00:00+00:00,392.50000000,393.76000000,392.24000000,393.48000000,67.41000000
1777454100000,2026-04-29T09:15:00+00:00,393.49000000,394.57000000,392.17000000,392.86000000,139.75000000
1777455000000,2026-04-29T09:30:00+00:00,392.85000000,393.65000000,392.84000000,393.50000000,117.37000000
1777455900000,2026-04-29T09:45:00+00:00,393.44000000,393.44000000,391.23000000,392.29000000,657.90000000
1777456800000,2026-04-29T10:00:00+00:00,392.02000000,392.77000000,391.86000000,392.77000000,145.49000000
1777457700000,2026-04-29T10:15:00+00:00,392.80000000,394.14000000,392.73000000,393.86000000,118.90000000
1777458600000,2026-04-29T10:30:00+00:00,393.93000000,394.41000000,393.40000000,393.50000000,69.82000000
1777459500000,2026-04-29T10:45:00+00:00,393.49000000,393.99000000,393.46000000,393.74000000,27.72000000
1777460400000,2026-04-29T11:00:00+00:00,393.73000000,394.23000000,393.65000000,393.98000000,91.07000000
1777461300000,2026-04-29T11:15:00+00:00,394.01000000,394.28000000,393.63000000,393.65000000,92.96000000
1777462200000,2026-04-29T11:30:00+00:00,393.49000000,393.75000000,393.18000000,393.37000000,70.00000000
1777463100000,2026-04-29T11:45:00+00:00,393.44000000,393.57000000,393.25000000,393.39000000,89.44000000
1777464000000,2026-04-29T12:00:00+00:00,393.35000000,393.45000000,392.80000000,392.83000000,97.74000000
1777464900000,2026-04-29T12:15:00+00:00,392.73000000,393.33000000,392.67000000,393.14000000,92.66000000
1777465800000,2026-04-29T12:30:00+00:00,393.10000000,393.44000000,392.88000000,393.15000000,113.90000000
1777466700000,2026-04-29T12:45:00+00:00,393.19000000,393.27000000,392.61000000,392.84000000,75.10000000
1777467600000,2026-04-29T13:00:00+00:00,392.78000000,394.10000000,392.78000000,393.86000000,61.30000000
1777468500000,2026-04-29T13:15:00+00:00,393.82000000,394.06000000,392.72000000,393.17000000,57.46000000
1777469400000,2026-04-29T13:30:00+00:00,393.11000000,393.67000000,390.06000000,390.79000000,1048.28000000
1777470300000,2026-04-29T13:45:00+00:00,390.74000000,391.85000000,389.03000000,390.94000000,505.16000000
1777471200000,2026-04-29T14:00:00+00:00,390.99000000,392.37000000,389.63000000,392.31000000,386.51000000
1777472100000,2026-04-29T14:15:00+00:00,392.35000000,396.57000000,392.03000000,395.74000000,425.81000000
1777473000000,2026-04-29T14:30:00+00:00,395.58000000,396.58000000,394.55000000,395.10000000,331.91000000
1777473900000,2026-04-29T14:45:00+00:00,395.36000000,395.43000000,394.12000000,394.85000000,135.47000000
1777474800000,2026-04-29T15:00:00+00:00,394.93000000,395.37000000,393.00000000,393.62000000,196.74000000
1777475700000,2026-04-29T15:15:00+00:00,393.85000000,394.22000000,392.90000000,393.28000000,273.96000000
1777476600000,2026-04-29T15:30:00+00:00,393.39000000,393.76000000,391.73000000,393.50000000,143.85000000
1777477500000,2026-04-29T15:45:00+00:00,393.40000000,394.40000000,391.67000000,391.94000000,269.82000000
1777478400000,2026-04-29T16:00:00+00:00,392.16000000,392.76000000,391.12000000,392.26000000,447.02000000
1777479300000,2026-04-29T16:15:00+00:00,392.26000000,392.43000000,391.23000000,391.44000000,136.02000000
1777480200000,2026-04-29T16:30:00+00:00,391.22000000,392.03000000,390.22000000,391.76000000,127.67000000
1777481100000,2026-04-29T16:45:00+00:00,391.73000000,392.63000000,391.25000000,392.63000000,41.47000000
1777482000000,2026-04-29T17:00:00+00:00,392.72000000,394.12000000,392.37000000,393.85000000,72.14000000
1777482900000,2026-04-29T17:15:00+00:00,393.94000000,394.68000000,393.67000000,394.16000000,81.44000000
1777483800000,2026-04-29T17:30:00+00:00,394.15000000,394.57000000,393.85000000,394.34000000,44.40000000
1777484700000,2026-04-29T17:45:00+00:00,394.57000000,395.35000000,394.57000000,394.98000000,56.68000000
1777485600000,2026-04-29T18:00:00+00:00,395.21000000,395.26000000,393.02000000,393.18000000,128.18000000
1777486500000,2026-04-29T18:15:00+00:00,392.86000000,393.68000000,392.35000000,392.54000000,68.47000000
1777487400000,2026-04-29T18:30:00+00:00,392.55000000,393.76000000,391.64000000,392.38000000,121.74000000
1777488300000,2026-04-29T18:45:00+00:00,392.13000000,394.95000000,391.92000000,394.95000000,49.65000000
1777489200000,2026-04-29T19:00:00+00:00,394.62000000,395.00000000,394.07000000,395.00000000,44.15000000
1777490100000,2026-04-29T19:15:00+00:00,395.11000000,395.62000000,394.65000000,394.97000000,33.20000000
1777491000000,2026-04-29T19:30:00+00:00,394.88000000,394.98000000,393.63000000,393.74000000,43.86000000
1777491900000,2026-04-29T19:45:00+00:00,393.74000000,394.31000000,393.11000000,394.31000000,112.37000000
1777492800000,2026-04-29T20:00:00+00:00,394.18000000,395.24000000,390.83000000,390.83000000,203.58000000
1777493700000,2026-04-29T20:15:00+00:00,390.62000000,391.13000000,387.50000000,390.90000000,348.39000000
1777494600000,2026-04-29T20:30:00+00:00,391.01000000,391.48000000,390.36000000,391.12000000,103.36000000
1777495500000,2026-04-29T20:45:00+00:00,390.91000000,391.13000000,388.49000000,388.82000000,86.90000000
1777496400000,2026-04-29T21:00:00+00:00,388.73000000,390.14000000,388.73000000,390.05000000,115.87000000
1777497300000,2026-04-29T21:15:00+00:00,390.12000000,391.76000000,389.94000000,391.27000000,51.61000000
1777498200000,2026-04-29T21:30:00+00:00,391.04000000,391.55000000,390.81000000,391.38000000,15.74000000
1777499100000,2026-04-29T21:45:00+00:00,391.61000000,392.50000000,391.57000000,392.29000000,76.92000000
1777500000000,2026-04-29T22:00:00+00:00,392.27000000,394.43000000,391.67000000,394.02000000,56.14000000
1777500900000,2026-04-29T22:15:00+00:00,394.18000000,395.71000000,393.97000000,395.13000000,108.07000000
1777501800000,2026-04-29T22:30:00+00:00,395.14000000,396.42000000,395.14000000,396.42000000,57.53000000
1777502700000,2026-04-29T22:45:00+00:00,396.27000000,396.96000000,395.78000000,395.78000000,28.44000000
1777503600000,2026-04-29T23:00:00+00:00,396.26000000,396.75000000,395.65000000,396.62000000,66.11000000
1777504500000,2026-04-29T23:15:00+00:00,396.45000000,396.67000000,395.93000000,396.66000000,39.84000000
1777505400000,2026-04-29T23:30:00+00:00,396.68000000,398.27000000,396.66000000,398.25000000,76.55000000
1777506300000,2026-04-29T23:45:00+00:00,398.24000000,399.32000000,398.18000000,398.75000000,96.45000000
1777507200000,2026-04-30T00:00:00+00:00,398.85000000,401.23000000,397.42000000,400.27000000,417.08000000
1777508100000,2026-04-30T00:15:00+00:00,400.24000000,401.09000000,399.87000000,400.64000000,108.27000000
1777509000000,2026-04-30T00:30:00+00:00,400.61000000,402.50000000,400.61000000,401.10000000,211.97000000
1777509900000,2026-04-30T00:45:00+00:00,401.02000000,401.60000000,399.26000000,399.59000000,246.79000000
1777510800000,2026-04-30T01:00:00+00:00,399.66000000,400.09000000,397.17000000,397.83000000,236.36000000
1777511700000,2026-04-30T01:15:00+00:00,398.00000000,399.18000000,397.88000000,398.50000000,72.12000000
1777512600000,2026-04-30T01:30:00+00:00,398.59000000,398.65000000,395.45000000,397.15000000,212.57000000
1777513500000,2026-04-30T01:45:00+00:00,397.21000000,398.00000000,396.52000000,398.00000000,119.80000000
1777514400000,2026-04-30T02:00:00+00:00,397.92000000,398.40000000,397.73000000,398.13000000,39.97000000
1777515300000,2026-04-30T02:15:00+00:00,398.28000000,398.33000000,396.94000000,397.14000000,29.74000000
1777516200000,2026-04-30T02:30:00+00:00,397.08000000,397.46000000,395.19000000,396.58000000,104.65000000
1777517100000,2026-04-30T02:45:00+00:00,396.45000000,396.70000000,395.79000000,395.89000000,108.06000000
1777518000000,2026-04-30T03:00:00+00:00,395.87000000,396.62000000,395.66000000,396.25000000,82.61000000
1777518900000,2026-04-30T03:15:00+00:00,396.44000000,396.60000000,395.93000000,396.29000000,28.46000000
1777519800000,2026-04-30T03:30:00+00:00,396.20000000,396.68000000,395.88000000,396.13000000,29.83000000
1777520700000,2026-04-30T03:45:00+00:00,396.01000000,396.31000000,395.59000000,395.81000000,46.47000000
1777521600000,2026-04-30T04:00:00+00:00,395.63000000,395.97000000,392.46000000,392.48000000,146.29000000
1777522500000,2026-04-30T04:15:00+00:00,392.91000000,392.97000000,391.95000000,392.47000000,165.01000000
1777523400000,2026-04-30T04:30:00+00:00,392.46000000,392.46000000,390.42000000,391.05000000,267.53000000
1777524300000,2026-04-30T04:45:00+00:00,391.29000000,391.52000000,389.60000000,389.89000000,54.52000000
1777525200000,2026-04-30T05:00:00+00:00,389.90000000,392.74000000,389.90000000,392.56000000,142.40000000
1777526100000,2026-04-30T05:15:00+00:00,392.60000000,392.70000000,391.14000000,391.40000000,30.12000000
1777527000000,2026-04-30T05:30:00+00:00,391.38000000,391.75000000,390.71000000,391.04000000,48.00000000
1777527900000,2026-04-30T05:45:00+00:00,391.00000000,391.05000000,390.06000000,390.06000000,27.88000000
1777528800000,2026-04-30T06:00:00+00:00,389.88000000,390.04000000,388.51000000,388.73000000,53.89000000
1777529700000,2026-04-30T06:15:00+00:00,388.89000000,390.16000000,388.76000000,389.85000000,23.50000000
1777530600000,2026-04-30T06:30:00+00:00,389.96000000,391.03000000,389.95000000,390.21000000,97.99000000
1777531500000,2026-04-30T06:45:00+00:00,390.03000000,390.25000000,389.78000000,389.99000000,22.74000000
1777532400000,2026-04-30T07:00:00+00:00,390.03000000,392.68000000,389.93000000,392.22000000,85.35000000
1777533300000,2026-04-30T07:15:00+00:00,392.29000000,392.83000000,391.65000000,392.65000000,13.72000000
1777534200000,2026-04-30T07:30:00+00:00,392.86000000,393.67000000,392.35000000,392.53000000,109.03000000
1777535100000,2026-04-30T07:45:00+00:00,392.69000000,392.74000000,392.00000000,392.39000000,8.57000000
1777536000000,2026-04-30T08:00:00+00:00,392.54000000,393.39000000,392.16000000,393.10000000,160.46000000
1777536900000,2026-04-30T08:15:00+00:00,393.18000000,393.78000000,392.47000000,393.70000000,108.10000000
1777537800000,2026-04-30T08:30:00+00:00,393.62000000,395.35000000,393.62000000,395.04000000,108.15000000
1777538700000,2026-04-30T08:45:00+00:00,395.28000000,395.59000000,394.40000000,394.54000000,40.31000000
1777539600000,2026-04-30T09:00:00+00:00,394.61000000,395.22000000,394.13000000,394.42000000,18.96000000
1777540500000,2026-04-30T09:15:00+00:00,394.34000000,394.54000000,392.53000000,393.54000000,191.92000000
1777541400000,2026-04-30T09:30:00+00:00,393.79000000,394.70000000,393.65000000,393.87000000,75.43000000
1777542300000,2026-04-30T09:45:00+00:00,393.91000000,394.48000000,393.64000000,393.90000000,80.27000000
1777543200000,2026-04-30T10:00:00+00:00,393.82000000,394.99000000,393.82000000,394.46000000,67.11000000
1777544100000,2026-04-30T10:15:00+00:00,394.47000000,395.85000000,394.44000000,395.84000000,37.94000000
1777545000000,2026-04-30T10:30:00+00:00,395.80000000,396.63000000,395.59000000,395.65000000,60.21000000
1777545900000,2026-04-30T10:45:00+00:00,395.65000000,396.03000000,395.05000000,395.46000000,122.90000000
1777546800000,2026-04-30T11:00:00+00:00,395.43000000,396.53000000,395.21000000,395.27000000,46.74000000
1777547700000,2026-04-30T11:15:00+00:00,395.22000000,397.14000000,395.22000000,397.14000000,109.57000000
1777548600000,2026-04-30T11:30:00+00:00,397.17000000,397.21000000,396.03000000,396.45000000,61.43000000
1777549500000,2026-04-30T11:45:00+00:00,396.19000000,396.87000000,395.76000000,395.89000000,41.06000000
1777550400000,2026-04-30T12:00:00+00:00,395.93000000,396.97000000,395.84000000,396.95000000,37.29000000
1777551300000,2026-04-30T12:15:00+00:00,396.92000000,397.56000000,396.80000000,397.15000000,46.69000000
1777552200000,2026-04-30T12:30:00+00:00,397.37000000,397.47000000,396.49000000,396.79000000,107.21000000
1777553100000,2026-04-30T12:45:00+00:00,396.76000000,397.76000000,396.76000000,397.65000000,18.38000000
1777554000000,2026-04-30T13:00:00+00:00,397.79000000,398.18000000,397.25000000,397.58000000,55.84000000
1777554900000,2026-04-30T13:15:00+00:00,397.42000000,398.38000000,396.78000000,398.22000000,171.50000000
1777555800000,2026-04-30T13:30:00+00:00,398.13000000,399.00000000,392.89000000,395.32000000,1048.05000000
1777556700000,2026-04-30T13:45:00+00:00,395.51000000,395.51000000,391.17000000,392.85000000,353.79000000
1777557600000,2026-04-30T14:00:00+00:00,392.99000000,393.86000000,389.34000000,390.99000000,317.56000000
1777558500000,2026-04-30T14:15:00+00:00,390.91000000,390.91000000,387.48000000,387.60000000,324.91000000
1777559400000,2026-04-30T14:30:00+00:00,387.39000000,389.39000000,386.09000000,386.88000000,347.63000000
1777560300000,2026-04-30T14:45:00+00:00,387.30000000,390.68000000,387.30000000,390.49000000,212.25000000
1777561200000,2026-04-30T15:00:00+00:00,390.39000000,392.98000000,390.39000000,392.59000000,165.03000000
1777562100000,2026-04-30T15:15:00+00:00,392.88000000,392.88000000,391.10000000,392.13000000,113.16000000
1777563000000,2026-04-30T15:30:00+00:00,392.19000000,393.16000000,391.50000000,392.27000000,138.94000000
1777563900000,2026-04-30T15:45:00+00:00,392.34000000,393.47000000,391.53000000,392.29000000,111.00000000
1777564800000,2026-04-30T16:00:00+00:00,392.33000000,394.12000000,391.99000000,393.88000000,122.06000000
1777565700000,2026-04-30T16:15:00+00:00,394.01000000,394.74000000,393.75000000,394.55000000,159.54000000
1777566600000,2026-04-30T16:30:00+00:00,394.72000000,394.72000000,394.00000000,394.00000000,58.58000000
1777567500000,2026-04-30T16:45:00+00:00,393.72000000,394.17000000,392.94000000,394.17000000,58.05000000
1777568400000,2026-04-30T17:00:00+00:00,394.25000000,395.50000000,394.21000000,394.81000000,83.69000000
1777569300000,2026-04-30T17:15:00+00:00,394.83000000,395.11000000,394.22000000,394.87000000,105.36000000
1777570200000,2026-04-30T17:30:00+00:00,395.31000000,396.21000000,395.30000000,395.58000000,64.15000000
1777571100000,2026-04-30T17:45:00+00:00,395.48000000,395.92000000,395.00000000,395.33000000,23.59000000
1777572000000,2026-04-30T18:00:00+00:00,395.41000000,395.71000000,394.80000000,394.80000000,18.83000000
1777572900000,2026-04-30T18:15:00+00:00,394.94000000,395.66000000,394.14000000,394.59000000,112.59000000
1777573800000,2026-04-30T18:30:00+00:00,394.99000000,395.45000000,394.75000000,395.45000000,34.76000000
1777574700000,2026-04-30T18:45:00+00:00,395.42000000,395.71000000,395.10000000,395.42000000,51.45000000
1777575600000,2026-04-30T19:00:00+00:00,395.51000000,397.19000000,395.51000000,396.35000000,75.39000000
1777576500000,2026-04-30T19:15:00+00:00,396.44000000,396.88000000,396.30000000,396.30000000,53.94000000
1777577400000,2026-04-30T19:30:00+00:00,396.11000000,396.46000000,395.78000000,396.03000000,28.76000000
1777578300000,2026-04-30T19:45:00+00:00,396.01000000,396.75000000,395.79000000,396.24000000,76.81000000
1777579200000,2026-04-30T20:00:00+00:00,396.18000000,397.04000000,394.59000000,395.43000000,197.46000000
1777580100000,2026-04-30T20:15:00+00:00,395.22000000,395.76000000,394.33000000,394.73000000,91.65000000
1777581000000,2026-04-30T20:30:00+00:00,394.56000000,394.63000000,392.54000000,393.21000000,108.08000000
1777581900000,2026-04-30T20:45:00+00:00,393.20000000,394.40000000,393.19000000,394.40000000,31.65000000
1777582800000,2026-04-30T21:00:00+00:00,394.42000000,394.42000000,392.93000000,394.05000000,73.58000000
1777583700000,2026-04-30T21:15:00+00:00,394.15000000,394.15000000,392.91000000,393.64000000,67.20000000
1777584600000,2026-04-30T21:30:00+00:00,393.64000000,395.13000000,393.59000000,394.81000000,38.46000000
1777585500000,2026-04-30T21:45:00+00:00,394.97000000,394.97000000,394.06000000,394.68000000,6.34000000
1777586400000,2026-04-30T22:00:00+00:00,394.75000000,394.94000000,394.13000000,394.85000000,2.30000000
1777587300000,2026-04-30T22:15:00+00:00,394.70000000,394.70000000,394.12000000,394.29000000,3.66000000
1777588200000,2026-04-30T22:30:00+00:00,394.35000000,394.78000000,394.17000000,394.78000000,31.96000000
1777589100000,2026-04-30T22:45:00+00:00,394.92000000,395.03000000,394.10000000,394.10000000,36.09000000
1777590000000,2026-04-30T23:00:00+00:00,394.30000000,394.38000000,393.94000000,393.98000000,32.96000000
1777590900000,2026-04-30T23:15:00+00:00,393.93000000,394.48000000,393.70000000,394.47000000,20.52000000
1777591800000,2026-04-30T23:30:00+00:00,394.45000000,394.64000000,394.19000000,394.46000000,11.24000000
1777592700000,2026-04-30T23:45:00+00:00,394.46000000,394.50000000,394.13000000,394.21000000,4.61000000
1777593600000,2026-05-01T00:00:00+00:00,394.98000000,395.64000000,394.51000000,395.64000000,77.57000000
1777594500000,2026-05-01T00:15:00+00:00,395.72000000,396.28000000,395.72000000,396.18000000,20.92000000
1777595400000,2026-05-01T00:30:00+00:00,396.13000000,396.26000000,395.48000000,396.07000000,150.59000000
1777596300000,2026-05-01T00:45:00+00:00,396.07000000,396.07000000,395.44000000,396.00000000,10.96000000
1777597200000,2026-05-01T01:00:00+00:00,395.98000000,396.50000000,395.91000000,396.41000000,52.42000000
1777598100000,2026-05-01T01:15:00+00:00,396.49000000,396.99000000,396.22000000,396.43000000,161.52000000
1777599000000,2026-05-01T01:30:00+00:00,396.40000000,396.61000000,395.85000000,395.85000000,9.21000000
1777599900000,2026-05-01T01:45:00+00:00,395.81000000,395.97000000,395.73000000,395.86000000,10.83000000
1777600800000,2026-05-01T02:00:00+00:00,395.84000000,396.87000000,395.65000000,396.77000000,24.80000000
1777601700000,2026-05-01T02:15:00+00:00,396.61000000,396.80000000,396.45000000,396.45000000,8.63000000
1777602600000,2026-05-01T02:30:00+00:00,396.46000000,396.74000000,396.31000000,396.59000000,62.32000000
1777603500000,2026-05-01T02:45:00+00:00,396.45000000,396.79000000,396.35000000,396.79000000,13.42000000
1777604400000,2026-05-01T03:00:00+00:00,396.74000000,397.00000000,396.55000000,396.99000000,18.24000000
1777605300000,2026-05-01T03:15:00+00:00,396.98000000,397.18000000,396.71000000,396.87000000,26.98000000
1777606200000,2026-05-01T03:30:00+00:00,396.72000000,397.05000000,396.58000000,396.74000000,15.46000000
1777607100000,2026-05-01T03:45:00+00:00,396.73000000,396.74000000,396.43000000,396.50000000,9.72000000
1777608000000,2026-05-01T04:00:00+00:00,396.50000000,396.68000000,396.29000000,396.68000000,114.47000000
1777608900000,2026-05-01T04:15:00+00:00,396.53000000,396.74000000,396.53000000,396.73000000,0.91000000
1777609800000,2026-05-01T04:30:00+00:00,396.73000000,396.74000000,395.52000000,395.61000000,49.51000000
1777610700000,2026-05-01T04:45:00+00:00,395.72000000,395.94000000,395.52000000,395.94000000,2.36000000
1777611600000,2026-05-01T05:00:00+00:00,396.00000000,396.72000000,395.92000000,396.72000000,14.90000000
1777612500000,2026-05-01T05:15:00+00:00,396.70000000,396.99000000,396.34000000,396.99000000,15.91000000
1777613400000,2026-05-01T05:30:00+00:00,396.91000000,397.00000000,396.39000000,396.39000000,4.24000000
1777614300000,2026-05-01T05:45:00+00:00,396.61000000,396.61000000,396.60000000,396.60000000,0.32000000
1777615200000,2026-05-01T06:00:00+00:00,396.66000000,396.66000000,396.16000000,396.25000000,17.11000000
1777616100000,2026-05-01T06:15:00+00:00,396.25000000,396.41000000,395.88000000,396.06000000,10.63000000
1777617000000,2026-05-01T06:30:00+00:00,395.92000000,396.00000000,395.85000000,395.94000000,1.48000000
1777617900000,2026-05-01T06:45:00+00:00,395.99000000,396.38000000,395.93000000,396.23000000,59.96000000
1777618800000,2026-05-01T07:00:00+00:00,396.14000000,396.48000000,395.97000000,396.39000000,3.87000000
1777619700000,2026-05-01T07:15:00+00:00,396.54000000,396.66000000,396.38000000,396.62000000,6.58000000
1777620600000,2026-05-01T07:30:00+00:00,396.64000000,396.64000000,395.97000000,396.20000000,25.81000000
1777621500000,2026-05-01T07:45:00+00:00,396.19000000,396.48000000,395.49000000,395.92000000,47.13000000
1777622400000,2026-05-01T08:00:00+00:00,395.95000000,396.17000000,394.59000000,395.62000000,86.01000000
1777623300000,2026-05-01T08:15:00+00:00,395.68000000,395.68000000,394.97000000,395.35000000,40.29000000
1777624200000,2026-05-01T08:30:00+00:00,395.27000000,395.34000000,394.80000000,394.95000000,8.67000000
1777625100000,2026-05-01T08:45:00+00:00,395.03000000,395.07000000,393.95000000,394.04000000,51.08000000
1777626000000,2026-05-01T09:00:00+00:00,394.13000000,394.33000000,393.94000000,394.32000000,34.05000000
1777626900000,2026-05-01T09:15:00+00:00,394.32000000,394.85000000,394.23000000,394.68000000,94.37000000
1777627800000,2026-05-01T09:30:00+00:00,394.68000000,394.68000000,394.36000000,394.56000000,11.90000000
1777628700000,2026-05-01T09:45:00+00:00,394.52000000,394.64000000,394.26000000,394.40000000,13.76000000
1777629600000,2026-05-01T10:00:00+00:00,394.46000000,394.64000000,394.31000000,394.55000000,7.76000000
1777630500000,2026-05-01T10:15:00+00:00,394.53000000,394.86000000,394.37000000,394.73000000,21.88000000
1777631400000,2026-05-01T10:30:00+00:00,394.75000000,394.76000000,394.22000000,394.44000000,27.74000000
1777632300000,2026-05-01T10:45:00+00:00,394.45000000,394.95000000,394.45000000,394.68000000,32.37000000
1777633200000,2026-05-01T11:00:00+00:00,394.77000000,394.77000000,394.00000000,394.32000000,53.92000000
1777634100000,2026-05-01T11:15:00+00:00,394.24000000,394.91000000,393.99000000,394.38000000,34.55000000
1777635000000,2026-05-01T11:30:00+00:00,394.31000000,394.44000000,393.47000000,393.66000000,83.40000000
1777635900000,2026-05-01T11:45:00+00:00,393.77000000,394.19000000,393.61000000,394.06000000,18.82000000
1777636800000,2026-05-01T12:00:00+00:00,394.12000000,395.35000000,394.02000000,394.88000000,41.75000000
1777637700000,2026-05-01T12:15:00+00:00,394.75000000,395.49000000,394.75000000,395.06000000,25.51000000
1777638600000,2026-05-01T12:30:00+00:00,395.04000000,395.16000000,394.07000000,394.19000000,17.46000000
1777639500000,2026-05-01T12:45:00+00:00,393.94000000,394.01000000,393.44000000,393.99000000,11.10000000
1777640400000,2026-05-01T13:00:00+00:00,394.05000000,394.70000000,394.05000000,394.38000000,39.11000000
1777641300000,2026-05-01T13:15:00+00:00,394.52000000,394.95000000,393.84000000,394.95000000,26.95000000
1777642200000,2026-05-01T13:30:00+00:00,394.66000000,401.97000000,392.90000000,401.49000000,1085.33000000
1777643100000,2026-05-01T13:45:00+00:00,401.72000000,402.63000000,397.69000000,402.50000000,333.09000000
1777644000000,2026-05-01T14:00:00+00:00,402.50000000,403.89000000,400.68000000,401.65000000,482.12000000
1777644900000,2026-05-01T14:15:00+00:00,401.55000000,401.73000000,399.84000000,399.84000000,334.29000000
1777645800000,2026-05-01T14:30:00+00:00,399.58000000,399.66000000,395.21000000,398.88000000,238.14000000
1777646700000,2026-05-01T14:45:00+00:00,398.83000000,399.28000000,397.75000000,398.41000000,140.63000000
1777647600000,2026-05-01T15:00:00+00:00,398.36000000,399.00000000,396.97000000,398.53000000,215.01000000
1777648500000,2026-05-01T15:15:00+00:00,398.71000000,399.89000000,398.38000000,399.60000000,132.33000000
1777649400000,2026-05-01T15:30:00+00:00,399.55000000,400.00000000,399.25000000,399.75000000,76.18000000
1777650300000,2026-05-01T15:45:00+00:00,399.46000000,399.59000000,397.30000000,398.99000000,74.85000000
1777651200000,2026-05-01T16:00:00+00:00,398.72000000,399.48000000,398.50000000,398.98000000,188.55000000
1777652100000,2026-05-01T16:15:00+00:00,398.85000000,399.68000000,397.95000000,398.20000000,362.83000000
1777653000000,2026-05-01T16:30:00+00:00,398.20000000,399.06000000,397.99000000,398.44000000,92.63000000
1777653900000,2026-05-01T16:45:00+00:00,398.27000000,399.15000000,397.97000000,398.63000000,155.96000000
1777654800000,2026-05-01T17:00:00+00:00,398.39000000,398.80000000,398.22000000,398.54000000,70.18000000
1777655700000,2026-05-01T17:15:00+00:00,398.47000000,399.03000000,398.41000000,398.91000000,141.57000000
1777656600000,2026-05-01T17:30:00+00:00,398.90000000,399.12000000,398.74000000,398.96000000,68.24000000
1777657500000,2026-05-01T17:45:00+00:00,399.05000000,400.41000000,399.03000000,400.29000000,121.81000000
1777658400000,2026-05-01T18:00:00+00:00,400.33000000,400.50000000,399.02000000,399.02000000,216.73000000
1777659300000,2026-05-01T18:15:00+00:00,399.11000000,399.27000000,398.51000000,398.95000000,81.34000000
1777660200000,2026-05-01T18:30:00+00:00,398.85000000,399.06000000,398.54000000,398.71000000,85.63000000
1777661100000,2026-05-01T18:45:00+00:00,398.71000000,398.73000000,397.67000000,398.53000000,100.64000000
1777662000000,2026-05-01T19:00:00+00:00,398.47000000,399.00000000,398.40000000,398.60000000,86.96000000
1777662900000,2026-05-01T19:15:00+00:00,398.45000000,399.64000000,398.40000000,399.31000000,115.99000000
1777663800000,2026-05-01T19:30:00+00:00,399.12000000,399.19000000,398.31000000,398.85000000,97.84000000
1777664700000,2026-05-01T19:45:00+00:00,398.86000000,399.14000000,397.77000000,398.13000000,107.09000000
1777665600000,2026-05-01T20:00:00+00:00,398.23000000,398.50000000,397.35000000,397.35000000,96.66000000
1777666500000,2026-05-01T20:15:00+00:00,397.37000000,397.49000000,397.35000000,397.48000000,32.40000000
1777667400000,2026-05-01T20:30:00+00:00,397.49000000,397.64000000,397.20000000,397.46000000,83.79000000
1777668300000,2026-05-01T20:45:00+00:00,397.45000000,397.53000000,397.10000000,397.11000000,63.60000000
1777669200000,2026-05-01T21:00:00+00:00,397.21000000,397.21000000,396.90000000,396.97000000,69.24000000
1777670100000,2026-05-01T21:15:00+00:00,396.91000000,397.60000000,396.91000000,397.29000000,33.46000000
1777671000000,2026-05-01T21:30:00+00:00,397.17000000,397.55000000,397.17000000,397.25000000,14.65000000
1777671900000,2026-05-01T21:45:00+00:00,397.17000000,397.44000000,397.12000000,397.15000000,30.52000000
1777672800000,2026-05-01T22:00:00+00:00,397.23000000,397.65000000,397.19000000,397.53000000,20.48000000
1777673700000,2026-05-01T22:15:00+00:00,397.43000000,397.54000000,397.37000000,397.37000000,6.31000000
1777674600000,2026-05-01T22:30:00+00:00,397.44000000,397.82000000,397.40000000,397.47000000,17.53000000
1777675500000,2026-05-01T22:45:00+00:00,397.54000000,397.54000000,397.34000000,397.34000000,6.13000000
1777676400000,2026-05-01T23:00:00+00:00,397.34000000,397.40000000,397.17000000,397.35000000,33.78000000
1777677300000,2026-05-01T23:15:00+00:00,397.39000000,397.40000000,397.27000000,397.40000000,8.99000000
1777678200000,2026-05-01T23:30:00+00:00,397.38000000,397.64000000,397.25000000,397.30000000,22.16000000
1777679100000,2026-05-01T23:45:00+00:00,397.33000000,397.51000000,397.24000000,397.26000000,8.81000000
1777680000000,2026-05-02T00:00:00+00:00,397.35000000,397.87000000,397.28000000,397.81000000,58.85000000
1777680900000,2026-05-02T00:15:00+00:00,397.80000000,397.87000000,397.78000000,397.85000000,9.60000000
1777681800000,2026-05-02T00:30:00+00:00,397.84000000,397.89000000,397.78000000,397.82000000,10.07000000
1777682700000,2026-05-02T00:45:00+00:00,397.81000000,397.84000000,397.78000000,397.80000000,3.31000000
1777683600000,2026-05-02T01:00:00+00:00,397.79000000,397.91000000,397.78000000,397.91000000,9.05000000
1777684500000,2026-05-02T01:15:00+00:00,397.86000000,397.98000000,397.80000000,397.80000000,9.44000000
1777685400000,2026-05-02T01:30:00+00:00,397.80000000,397.96000000,397.71000000,397.93000000,33.12000000
1777686300000,2026-05-02T01:45:00+00:00,397.92000000,397.92000000,397.77000000,397.78000000,9.82000000
1777687200000,2026-05-02T02:00:00+00:00,397.78000000,397.84000000,397.77000000,397.77000000,3.51000000
1777688100000,2026-05-02T02:15:00+00:00,397.77000000,397.90000000,397.68000000,397.77000000,29.80000000
1777689000000,2026-05-02T02:30:00+00:00,397.77000000,397.87000000,397.77000000,397.81000000,5.89000000
1777689900000,2026-05-02T02:45:00+00:00,397.84000000,397.89000000,397.76000000,397.76000000,11.80000000
1777690800000,2026-05-02T03:00:00+00:00,397.78000000,397.85000000,397.75000000,397.75000000,28.32000000
1777691700000,2026-05-02T03:15:00+00:00,397.79000000,397.79000000,397.49000000,397.72000000,45.16000000
1777692600000,2026-05-02T03:30:00+00:00,397.72000000,397.81000000,397.72000000,397.79000000,16.12000000
1777693500000,2026-05-02T03:45:00+00:00,397.80000000,397.80000000,397.64000000,397.75000000,30.92000000
1777694400000,2026-05-02T04:00:00+00:00,397.74000000,397.95000000,397.73000000,397.74000000,66.58000000
1777695300000,2026-05-02T04:15:00+00:00,397.78000000,398.06000000,397.62000000,398.06000000,54.62000000
1777696200000,2026-05-02T04:30:00+00:00,397.77000000,397.87000000,397.72000000,397.72000000,43.92000000
1777697100000,2026-05-02T04:45:00+00:00,397.78000000,397.80000000,397.59000000,397.71000000,107.60000000
1777698000000,2026-05-02T05:00:00+00:00,397.71000000,397.95000000,397.62000000,397.72000000,51.83000000
1777698900000,2026-05-02T05:15:00+00:00,397.75000000,397.79000000,397.71000000,397.78000000,20.83000000
1777699800000,2026-05-02T05:30:00+00:00,397.76000000,397.81000000,397.73000000,397.79000000,3.04000000
1777700700000,2026-05-02T05:45:00+00:00,397.79000000,397.80000000,397.61000000,397.61000000,8.45000000
1777701600000,2026-05-02T06:00:00+00:00,397.59000000,397.79000000,397.36000000,397.77000000,45.35000000
1777702500000,2026-05-02T06:15:00+00:00,397.74000000,397.90000000,397.73000000,397.77000000,5.38000000
1777703400000,2026-05-02T06:30:00+00:00,397.84000000,397.85000000,397.77000000,397.82000000,3.42000000
1777704300000,2026-05-02T06:45:00+00:00,397.78000000,397.85000000,397.77000000,397.85000000,4.28000000
1777705200000,2026-05-02T07:00:00+00:00,397.90000000,397.99000000,397.77000000,397.99000000,13.73000000
1777706100000,2026-05-02T07:15:00+00:00,397.86000000,397.89000000,397.77000000,397.89000000,3.91000000
1777707000000,2026-05-02T07:30:00+00:00,397.81000000,397.90000000,397.81000000,397.81000000,0.79000000
1777707900000,2026-05-02T07:45:00+00:00,397.81000000,397.92000000,397.53000000,397.92000000,19.46000000
1777708800000,2026-05-02T08:00:00+00:00,397.92000000,397.92000000,397.74000000,397.91000000,8.58000000
1777709700000,2026-05-02T08:15:00+00:00,397.91000000,397.92000000,397.77000000,397.92000000,24.04000000
1777710600000,2026-05-02T08:30:00+00:00,397.78000000,397.91000000,397.77000000,397.85000000,3.70000000
1777711500000,2026-05-02T08:45:00+00:00,397.85000000,397.87000000,397.77000000,397.87000000,8.88000000
1777712400000,2026-05-02T09:00:00+00:00,397.91000000,397.91000000,397.91000000,397.91000000,0.11000000
1777713300000,2026-05-02T09:15:00+00:00,397.92000000,398.64000000,397.92000000,398.28000000,17.22000000
1777714200000,2026-05-02T09:30:00+00:00,398.25000000,398.37000000,398.00000000,398.23000000,10.13000000
1777715100000,2026-05-02T09:45:00+00:00,398.13000000,398.31000000,398.05000000,398.09000000,3.62000000
1777716000000,2026-05-02T10:00:00+00:00,398.25000000,398.25000000,398.00000000,398.14000000,33.27000000
1777716900000,2026-05-02T10:15:00+00:00,398.01000000,398.28000000,398.00000000,398.08000000,21.33000000
1777717800000,2026-05-02T10:30:00+00:00,398.08000000,398.24000000,398.08000000,398.10000000,1.30000000
1777718700000,2026-05-02T10:45:00+00:00,398.22000000,398.27000000,398.16000000,398.16000000,1.35000000
1777719600000,2026-05-02T11:00:00+00:00,398.26000000,398.27000000,398.08000000,398.14000000,3.65000000
1777720500000,2026-05-02T11:15:00+00:00,398.09000000,398.29000000,398.00000000,398.02000000,11.60000000
1777721400000,2026-05-02T11:30:00+00:00,398.11000000,398.14000000,398.02000000,398.14000000,0.95000000
1777722300000,2026-05-02T11:45:00+00:00,398.03000000,398.25000000,398.02000000,398.02000000,4.66000000
1777723200000,2026-05-02T12:00:00+00:00,398.02000000,398.20000000,398.00000000,398.20000000,4.69000000
1777724100000,2026-05-02T12:15:00+00:00,398.02000000,398.02000000,398.02000000,398.02000000,0.05000000
1777725000000,2026-05-02T12:30:00+00:00,398.21000000,398.31000000,398.20000000,398.31000000,2.29000000
1777725900000,2026-05-02T12:45:00+00:00,398.31000000,398.35000000,398.31000000,398.35000000,0.85000000
1777726800000,2026-05-02T13:00:00+00:00,398.22000000,398.22000000,398.01000000,398.03000000,1.69000000
1777727700000,2026-05-02T13:15:00+00:00,398.10000000,398.12000000,398.09000000,398.09000000,5.87000000
1777728600000,2026-05-02T13:30:00+00:00,398.09000000,398.09000000,398.00000000,398.01000000,10.28000000
1777729500000,2026-05-02T13:45:00+00:00,398.06000000,398.19000000,398.00000000,398.00000000,5.58000000
1777730400000,2026-05-02T14:00:00+00:00,398.31000000,398.64000000,398.28000000,398.64000000,14.53000000
1777731300000,2026-05-02T14:15:00+00:00,398.64000000,398.66000000,398.32000000,398.57000000,5.96000000
1777732200000,2026-05-02T14:30:00+00:00,398.61000000,398.64000000,397.86000000,397.88000000,17.86000000
1777733100000,2026-05-02T14:45:00+00:00,397.86000000,397.98000000,397.81000000,397.90000000,5.34000000
1777734000000,2026-05-02T15:00:00+00:00,397.91000000,398.10000000,397.83000000,397.94000000,2.78000000
1777734900000,2026-05-02T15:15:00+00:00,397.93000000,398.22000000,397.93000000,398.21000000,2.66000000
1777735800000,2026-05-02T15:30:00+00:00,398.12000000,398.12000000,397.92000000,398.06000000,6.61000000
1777736700000,2026-05-02T15:45:00+00:00,397.93000000,398.08000000,397.76000000,397.76000000,13.43000000
1777737600000,2026-05-02T16:00:00+00:00,397.76000000,398.33000000,397.44000000,397.72000000,55.89000000
1777738500000,2026-05-02T16:15:00+00:00,397.84000000,397.92000000,397.70000000,397.70000000,10.75000000
1777739400000,2026-05-02T16:30:00+00:00,397.71000000,397.77000000,397.70000000,397.71000000,2.21000000
1777740300000,2026-05-02T16:45:00+00:00,397.87000000,397.91000000,397.71000000,397.71000000,10.66000000
1777741200000,2026-05-02T17:00:00+00:00,397.85000000,397.85000000,397.70000000,397.73000000,1.49000000
1777742100000,2026-05-02T17:15:00+00:00,397.74000000,397.74000000,397.74000000,397.74000000,0.59000000
1777743000000,2026-05-02T17:30:00+00:00,397.78000000,398.60000000,397.78000000,398.57000000,138.98000000
1777743900000,2026-05-02T17:45:00+00:00,398.57000000,398.57000000,398.11000000,398.11000000,9.99000000
1777744800000,2026-05-02T18:00:00+00:00,398.09000000,398.09000000,397.78000000,397.79000000,21.68000000
1777745700000,2026-05-02T18:15:00+00:00,397.79000000,398.09000000,397.78000000,398.05000000,3.79000000
1777746600000,2026-05-02T18:30:00+00:00,398.09000000,398.33000000,398.08000000,398.21000000,5.83000000
1777747500000,2026-05-02T18:45:00+00:00,398.25000000,398.33000000,398.24000000,398.28000000,0.57000000
1777748400000,2026-05-02T19:00:00+00:00,398.33000000,398.59000000,398.11000000,398.46000000,9.33000000
1777749300000,2026-05-02T19:15:00+00:00,398.49000000,398.60000000,397.84000000,398.34000000,20.79000000
1777750200000,2026-05-02T19:30:00+00:00,398.41000000,398.54000000,398.18000000,398.28000000,4.59000000
1777751100000,2026-05-02T19:45:00+00:00,398.30000000,398.30000000,398.19000000,398.19000000,3.00000000
1777752000000,2026-05-02T20:00:00+00:00,398.13000000,398.13000000,398.12000000,398.12000000,0.04000000
1777752900000,2026-05-02T20:15:00+00:00,398.12000000,398.60000000,398.12000000,398.60000000,4.66000000
1777753800000,2026-05-02T20:30:00+00:00,398.53000000,398.53000000,398.45000000,398.45000000,0.54000000
1777754700000,2026-05-02T20:45:00+00:00,398.45000000,398.60000000,398.44000000,398.60000000,7.64000000
1777755600000,2026-05-02T21:00:00+00:00,398.41000000,398.58000000,398.35000000,398.40000000,6.26000000
1777756500000,2026-05-02T21:15:00+00:00,398.60000000,398.60000000,398.33000000,398.33000000,8.15000000
1777757400000,2026-05-02T21:30:00+00:00,398.45000000,398.60000000,398.06000000,398.55000000,5.02000000
1777758300000,2026-05-02T21:45:00+00:00,398.56000000,398.60000000,398.14000000,398.14000000,9.63000000
1777759200000,2026-05-02T22:00:00+00:00,398.16000000,398.66000000,398.16000000,398.31000000,11.58000000
1777760100000,2026-05-02T22:15:00+00:00,398.31000000,398.65000000,398.18000000,398.25000000,1.15000000
1777761000000,2026-05-02T22:30:00+00:00,398.18000000,398.66000000,398.09000000,398.09000000,14.29000000
1777761900000,2026-05-02T22:45:00+00:00,398.66000000,398.66000000,398.11000000,398.11000000,0.55000000
1777762800000,2026-05-02T23:00:00+00:00,398.11000000,398.11000000,398.11000000,398.11000000,0.00000000
1777763700000,2026-05-02T23:15:00+00:00,398.64000000,398.88000000,398.02000000,398.02000000,16.19000000
1777764600000,2026-05-02T23:30:00+00:00,398.01000000,398.48000000,398.00000000,398.07000000,0.34000000
1777765500000,2026-05-02T23:45:00+00:00,398.07000000,398.30000000,398.07000000,398.30000000,0.10000000
1777766400000,2026-05-03T00:00:00+00:00,398.48000000,398.79000000,398.08000000,398.77000000,4.46000000
1777767300000,2026-05-03T00:15:00+00:00,398.79000000,399.20000000,398.17000000,398.19000000,15.27000000
1777768200000,2026-05-03T00:30:00+00:00,398.38000000,399.20000000,398.18000000,398.18000000,13.93000000
1777769100000,2026-05-03T00:45:00+00:00,398.17000000,398.76000000,398.17000000,398.17000000,0.31000000
1777770000000,2026-05-03T01:00:00+00:00,398.79000000,398.98000000,398.79000000,398.98000000,3.08000000
1777770900000,2026-05-03T01:15:00+00:00,399.20000000,399.30000000,398.42000000,398.62000000,24.86000000
1777771800000,2026-05-03T01:30:00+00:00,398.62000000,399.35000000,398.52000000,398.78000000,2.64000000
1777772700000,2026-05-03T01:45:00+00:00,398.54000000,398.54000000,398.27000000,398.27000000,2.49000000
1777773600000,2026-05-03T02:00:00+00:00,398.90000000,399.37000000,398.43000000,398.82000000,34.51000000
1777774500000,2026-05-03T02:15:00+00:00,398.53000000,398.80000000,398.16000000,398.16000000,59.43000000
1777775400000,2026-05-03T02:30:00+00:00,398.16000000,399.00000000,397.58000000,397.79000000,29.54000000
1777776300000,2026-05-03T02:45:00+00:00,397.77000000,398.73000000,397.69000000,397.79000000,1.46000000
1777777200000,2026-05-03T03:00:00+00:00,397.79000000,399.30000000,397.79000000,398.89000000,10.27000000
1777778100000,2026-05-03T03:15:00+00:00,398.89000000,399.30000000,398.85000000,398.85000000,2.72000000
1777779000000,2026-05-03T03:30:00+00:00,398.85000000,398.86000000,398.47000000,398.47000000,3.19000000
1777779900000,2026-05-03T03:45:00+00:00,398.16000000,398.16000000,398.16000000,398.16000000,2.77000000
1777780800000,2026-05-03T04:00:00+00:00,398.78000000,398.86000000,398.70000000,398.86000000,3.68000000
1777781700000,2026-05-03T04:15:00+00:00,398.68000000,398.68000000,398.63000000,398.65000000,0.63000000
1777782600000,2026-05-03T04:30:00+00:00,398.34000000,398.88000000,398.34000000,398.34000000,2.37000000
1777783500000,2026-05-03T04:45:00+00:00,398.20000000,398.76000000,398.19000000,398.76000000,0.14000000
1777784400000,2026-05-03T05:00:00+00:00,398.54000000,398.79000000,398.32000000,398.58000000,17.64000000
1777785300000,2026-05-03T05:15:00+00:00,398.58000000,398.76000000,398.42000000,398.47000000,5.52000000
1777786200000,2026-05-03T05:30:00+00:00,398.74000000,398.89000000,398.47000000,398.75000000,5.10000000
1777787100000,2026-05-03T05:45:00+00:00,398.75000000,398.90000000,398.59000000,398.61000000,4.29000000
1777788000000,2026-05-03T06:00:00+00:00,398.86000000,398.86000000,398.27000000,398.36000000,5.27000000
1777788900000,2026-05-03T06:15:00+00:00,398.63000000,398.64000000,398.60000000,398.61000000,2.94000000
1777789800000,2026-05-03T06:30:00+00:00,398.52000000,398.75000000,398.44000000,398.75000000,7.40000000
1777790700000,2026-05-03T06:45:00+00:00,398.66000000,398.69000000,398.48000000,398.68000000,3.70000000
1777791600000,2026-05-03T07:00:00+00:00,398.69000000,399.05000000,398.55000000,398.93000000,7.76000000
1777792500000,2026-05-03T07:15:00+00:00,399.03000000,399.04000000,398.60000000,398.89000000,13.39000000
1777793400000,2026-05-03T07:30:00+00:00,398.79000000,399.05000000,398.79000000,398.82000000,2.34000000
1777794300000,2026-05-03T07:45:00+00:00,398.87000000,398.88000000,398.79000000,398.80000000,4.78000000
1777795200000,2026-05-03T08:00:00+00:00,398.93000000,399.11000000,398.81000000,398.81000000,13.58000000
1777796100000,2026-05-03T08:15:00+00:00,398.81000000,399.18000000,398.81000000,399.02000000,1.75000000
1777797000000,2026-05-03T08:30:00+00:00,399.17000000,399.30000000,399.05000000,399.20000000,20.97000000
1777797900000,2026-05-03T08:45:00+00:00,399.24000000,399.76000000,399.20000000,399.44000000,13.35000000
1777798800000,2026-05-03T09:00:00+00:00,399.14000000,399.16000000,399.12000000,399.14000000,2.71000000
1777799700000,2026-05-03T09:15:00+00:00,399.14000000,399.29000000,398.91000000,399.04000000,3.37000000
1777800600000,2026-05-03T09:30:00+00:00,398.94000000,399.07000000,398.81000000,399.00000000,1.96000000
1777801500000,2026-05-03T09:45:00+00:00,398.96000000,398.96000000,398.91000000,398.91000000,0.79000000
1777802400000,2026-05-03T10:00:00+00:00,398.91000000,398.91000000,398.77000000,398.77000000,3.59000000
1777803300000,2026-05-03T10:15:00+00:00,398.74000000,398.75000000,398.31000000,398.50000000,8.77000000
1777804200000,2026-05-03T10:30:00+00:00,398.57000000,398.57000000,398.52000000,398.52000000,0.24000000
1777805100000,2026-05-03T10:45:00+00:00,398.67000000,398.74000000,398.56000000,398.74000000,2.86000000
1777806000000,2026-05-03T11:00:00+00:00,398.58000000,398.74000000,398.42000000,398.70000000,2.16000000
1777806900000,2026-05-03T11:15:00+00:00,398.66000000,398.72000000,398.56000000,398.71000000,2.29000000
1777807800000,2026-05-03T11:30:00+00:00,398.71000000,398.91000000,398.52000000,398.68000000,14.07000000
1777808700000,2026-05-03T11:45:00+00:00,398.69000000,398.69000000,398.50000000,398.50000000,3.00000000
1777809600000,2026-05-03T12:00:00+00:00,398.41000000,398.53000000,398.41000000,398.53000000,3.21000000
1777810500000,2026-05-03T12:15:00+00:00,398.51000000,398.69000000,398.51000000,398.69000000,5.22000000
1777811400000,2026-05-03T12:30:00+00:00,398.69000000,398.87000000,398.64000000,398.75000000,12.60000000
1777812300000,2026-05-03T12:45:00+00:00,398.84000000,399.65000000,398.84000000,399.62000000,60.15000000
1777813200000,2026-05-03T13:00:00+00:00,399.60000000,399.64000000,398.76000000,398.97000000,12.54000000
1777814100000,2026-05-03T13:15:00+00:00,398.83000000,399.00000000,398.71000000,398.80000000,13.73000000
1777815000000,2026-05-03T13:30:00+00:00,398.72000000,398.89000000,398.29000000,398.34000000,46.69000000
1777815900000,2026-05-03T13:45:00+00:00,398.32000000,398.36000000,398.28000000,398.36000000,10.55000000
1777816800000,2026-05-03T14:00:00+00:00,398.36000000,398.44000000,396.78000000,397.08000000,135.47000000
1777817700000,2026-05-03T14:15:00+00:00,397.01000000,398.05000000,396.94000000,397.31000000,51.33000000
1777818600000,2026-05-03T14:30:00+00:00,397.20000000,397.28000000,397.00000000,397.09000000,13.57000000
1777819500000,2026-05-03T14:45:00+00:00,397.09000000,398.05000000,397.07000000,397.18000000,31.85000000
1777820400000,2026-05-03T15:00:00+00:00,397.18000000,397.71000000,397.11000000,397.19000000,35.37000000
1777821300000,2026-05-03T15:15:00+00:00,397.14000000,397.29000000,396.21000000,396.28000000,70.28000000
1777822200000,2026-05-03T15:30:00+00:00,396.25000000,398.82000000,396.21000000,397.71000000,97.12000000
1777823100000,2026-05-03T15:45:00+00:00,397.46000000,398.12000000,397.10000000,397.10000000,21.11000000
1777824000000,2026-05-03T16:00:00+00:00,397.05000000,397.46000000,397.01000000,397.38000000,35.76000000
1777824900000,2026-05-03T16:15:00+00:00,397.46000000,397.54000000,397.25000000,397.29000000,51.44000000
1777825800000,2026-05-03T16:30:00+00:00,397.29000000,398.95000000,397.27000000,398.62000000,64.66000000
1777826700000,2026-05-03T16:45:00+00:00,398.57000000,399.79000000,398.31000000,399.31000000,56.43000000
1777827600000,2026-05-03T17:00:00+00:00,399.28000000,400.05000000,399.17000000,399.38000000,48.78000000
1777828500000,2026-05-03T17:15:00+00:00,399.38000000,400.23000000,399.27000000,400.23000000,41.83000000
1777829400000,2026-05-03T17:30:00+00:00,400.30000000,400.99000000,399.49000000,400.99000000,35.80000000
1777830300000,2026-05-03T17:45:00+00:00,400.76000000,406.49000000,397.30000000,402.19000000,596.56000000
1777831200000,2026-05-03T18:00:00+00:00,402.24000000,402.57000000,389.16000000,400.41000000,617.37000000
1777832100000,2026-05-03T18:15:00+00:00,400.34000000,401.00000000,400.27000000,400.74000000,39.66000000
1777833000000,2026-05-03T18:30:00+00:00,400.93000000,400.94000000,399.73000000,399.74000000,5.68000000
1777833900000,2026-05-03T18:45:00+00:00,399.84000000,399.96000000,399.68000000,399.95000000,9.84000000
1777834800000,2026-05-03T19:00:00+00:00,399.78000000,399.91000000,399.70000000,399.73000000,2.81000000
1777835700000,2026-05-03T19:15:00+00:00,399.57000000,399.77000000,399.57000000,399.66000000,2.65000000
1777836600000,2026-05-03T19:30:00+00:00,399.74000000,399.89000000,399.72000000,399.88000000,7.26000000
1777837500000,2026-05-03T19:45:00+00:00,399.80000000,399.81000000,399.50000000,399.50000000,2.95000000
1777838400000,2026-05-03T20:00:00+00:00,399.39000000,399.74000000,399.37000000,399.40000000,17.07000000
1777839300000,2026-05-03T20:15:00+00:00,399.37000000,399.47000000,398.90000000,398.94000000,8.47000000
1777840200000,2026-05-03T20:30:00+00:00,399.17000000,399.41000000,398.84000000,399.36000000,5.00000000
1777841100000,2026-05-03T20:45:00+00:00,399.11000000,399.11000000,398.98000000,398.98000000,1.99000000
1777842000000,2026-05-03T21:00:00+00:00,399.15000000,399.83000000,398.60000000,398.76000000,28.50000000
1777842900000,2026-05-03T21:15:00+00:00,398.59000000,399.95000000,398.50000000,399.54000000,28.63000000
1777843800000,2026-05-03T21:30:00+00:00,399.96000000,400.00000000,398.33000000,399.07000000,11.22000000
1777844700000,2026-05-03T21:45:00+00:00,398.43000000,399.64000000,398.42000000,398.66000000,13.90000000
1777845600000,2026-05-03T22:00:00+00:00,398.55000000,399.84000000,398.30000000,399.03000000,13.90000000
1777846500000,2026-05-03T22:15:00+00:00,399.02000000,399.25000000,398.32000000,398.58000000,31.48000000
1777847400000,2026-05-03T22:30:00+00:00,398.58000000,399.47000000,398.50000000,398.58000000,12.20000000
1777848300000,2026-05-03T22:45:00+00:00,398.56000000,398.99000000,397.61000000,398.55000000,64.33000000
1777849200000,2026-05-03T23:00:00+00:00,398.68000000,399.15000000,398.26000000,398.41000000,27.52000000
1777850100000,2026-05-03T23:15:00+00:00,398.52000000,398.76000000,398.19000000,398.59000000,41.82000000
1777851000000,2026-05-03T23:30:00+00:00,398.66000000,398.77000000,398.17000000,398.26000000,43.25000000
1777851900000,2026-05-03T23:45:00+00:00,398.25000000,398.50000000,397.92000000,398.35000000,53.24000000
1777852800000,2026-05-04T00:00:00+00:00,398.45000000,402.35000000,398.45000000,402.10000000,344.59000000
1777853700000,2026-05-04T00:15:00+00:00,402.28000000,402.28000000,399.75000000,401.24000000,113.53000000
1777854600000,2026-05-04T00:30:00+00:00,401.00000000,401.45000000,400.76000000,401.27000000,41.17000000
1777855500000,2026-05-04T00:45:00+00:00,401.41000000,401.41000000,400.28000000,400.62000000,73.52000000
1777856400000,2026-05-04T01:00:00+00:00,400.69000000,402.20000000,399.98000000,402.20000000,44.55000000
1777857300000,2026-05-04T01:15:00+00:00,402.01000000,402.19000000,401.25000000,401.59000000,191.70000000
1777858200000,2026-05-04T01:30:00+00:00,401.47000000,403.06000000,401.41000000,402.84000000,83.60000000
1777859100000,2026-05-04T01:45:00+00:00,403.01000000,403.76000000,402.34000000,403.51000000,265.72000000
1777860000000,2026-05-04T02:00:00+00:00,403.52000000,405.05000000,403.27000000,405.01000000,129.88000000
1777860900000,2026-05-04T02:15:00+00:00,405.05000000,405.22000000,404.52000000,404.65000000,114.78000000
1777861800000,2026-05-04T02:30:00+00:00,404.70000000,406.51000000,404.56000000,405.79000000,171.81000000
1777862700000,2026-05-04T02:45:00+00:00,405.83000000,407.19000000,405.80000000,406.78000000,444.74000000
1777863600000,2026-05-04T03:00:00+00:00,406.77000000,406.93000000,406.37000000,406.59000000,127.25000000
1777864500000,2026-05-04T03:15:00+00:00,406.65000000,406.76000000,405.89000000,406.37000000,173.23000000
1777865400000,2026-05-04T03:30:00+00:00,406.37000000,406.48000000,405.73000000,406.27000000,63.46000000
1777866300000,2026-05-04T03:45:00+00:00,406.20000000,407.02000000,405.96000000,406.60000000,88.82000000
1777867200000,2026-05-04T04:00:00+00:00,406.55000000,406.90000000,406.31000000,406.32000000,64.01000000
1777868100000,2026-05-04T04:15:00+00:00,406.27000000,406.55000000,406.22000000,406.43000000,30.17000000
1777869000000,2026-05-04T04:30:00+00:00,406.43000000,406.84000000,406.41000000,406.56000000,21.42000000
1777869900000,2026-05-04T04:45:00+00:00,406.56000000,406.70000000,405.61000000,406.00000000,73.04000000
1777870800000,2026-05-04T05:00:00+00:00,405.92000000,406.50000000,405.83000000,406.50000000,144.86000000
1777871700000,2026-05-04T05:15:00+00:00,406.48000000,406.50000000,406.09000000,406.09000000,56.35000000
1777872600000,2026-05-04T05:30:00+00:00,406.09000000,406.50000000,405.97000000,406.49000000,195.38000000
1777873500000,2026-05-04T05:45:00+00:00,406.49000000,406.50000000,405.93000000,405.93000000,29.91000000
1777874400000,2026-05-04T06:00:00+00:00,406.12000000,406.12000000,405.10000000,405.69000000,9.37000000
1777875300000,2026-05-04T06:15:00+00:00,405.69000000,406.50000000,405.47000000,406.37000000,60.37000000
1777876200000,2026-05-04T06:30:00+00:00,406.32000000,406.46000000,405.15000000,405.52000000,37.41000000
1777877100000,2026-05-04T06:45:00+00:00,405.41000000,406.48000000,405.24000000,406.33000000,24.42000000
1777878000000,2026-05-04T07:00:00+00:00,406.32000000,406.63000000,406.06000000,406.62000000,92.50000000
1777878900000,2026-05-04T07:15:00+00:00,406.63000000,407.06000000,406.19000000,406.81000000,443.96000000
1777879800000,2026-05-04T07:30:00+00:00,407.01000000,407.01000000,406.32000000,406.61000000,23.36000000
1777880700000,2026-05-04T07:45:00+00:00,406.76000000,407.15000000,406.65000000,406.81000000,52.25000000
1777881600000,2026-05-04T08:00:00+00:00,406.90000000,407.21000000,405.50000000,406.21000000,187.97000000
1777882500000,2026-05-04T08:15:00+00:00,406.32000000,406.46000000,405.66000000,406.46000000,55.99000000
1777883400000,2026-05-04T08:30:00+00:00,406.42000000,407.14000000,406.37000000,406.96000000,24.34000000
1777884300000,2026-05-04T08:45:00+00:00,407.00000000,407.10000000,406.53000000,406.59000000,30.79000000
1777885200000,2026-05-04T09:00:00+00:00,406.59000000,407.38000000,406.17000000,407.20000000,47.67000000
1777886100000,2026-05-04T09:15:00+00:00,407.30000000,407.81000000,407.11000000,407.61000000,30.29000000
1777887000000,2026-05-04T09:30:00+00:00,407.70000000,407.86000000,406.72000000,406.77000000,24.58000000
1777887900000,2026-05-04T09:45:00+00:00,407.00000000,407.72000000,406.81000000,407.37000000,762.85000000
1777888800000,2026-05-04T10:00:00+00:00,407.14000000,407.43000000,401.00000000,402.26000000,690.87000000
1777889700000,2026-05-04T10:15:00+00:00,402.26000000,403.23000000,399.62000000,403.07000000,399.01000000
1777890600000,2026-05-04T10:30:00+00:00,403.40000000,404.89000000,402.78000000,403.89000000,104.29000000
1777891500000,2026-05-04T10:45:00+00:00,403.96000000,403.96000000,402.58000000,402.95000000,67.29000000
1777892400000,2026-05-04T11:00:00+00:00,402.85000000,403.78000000,402.84000000,403.78000000,80.25000000
1777893300000,2026-05-04T11:15:00+00:00,403.78000000,403.96000000,403.30000000,403.76000000,1329.82000000
1777894200000,2026-05-04T11:30:00+00:00,403.75000000,403.96000000,402.79000000,403.37000000,2013.26000000
1777895100000,2026-05-04T11:45:00+00:00,403.37000000,403.66000000,402.78000000,403.09000000,1974.02000000
1777896000000,2026-05-04T12:00:00+00:00,403.09000000,404.72000000,403.03000000,404.10000000,2118.74000000
1777896900000,2026-05-04T12:15:00+00:00,404.14000000,404.83000000,403.66000000,404.06000000,1516.84000000
1777897800000,2026-05-04T12:30:00+00:00,404.11000000,404.35000000,403.78000000,404.21000000,1512.42000000
1777898700000,2026-05-04T12:45:00+00:00,404.21000000,404.27000000,403.26000000,403.54000000,1912.09000000
1777899600000,2026-05-04T13:00:00+00:00,403.53000000,404.09000000,402.06000000,403.60000000,1910.78000000
1777900500000,2026-05-04T13:15:00+00:00,403.59000000,404.90000000,403.28000000,404.82000000,2022.98000000
1777901400000,2026-05-04T13:30:00+00:00,404.71000000,408.28000000,404.09000000,406.35000000,2308.57000000
1777902300000,2026-05-04T13:45:00+00:00,406.35000000,406.46000000,403.20000000,404.25000000,1866.05000000
1777903200000,2026-05-04T14:00:00+00:00,404.22000000,405.93000000,403.51000000,404.77000000,1309.43000000
1777904100000,2026-05-04T14:15:00+00:00,404.76000000,405.07000000,402.56000000,402.76000000,2020.71000000
1777905000000,2026-05-04T14:30:00+00:00,402.80000000,404.58000000,402.50000000,404.34000000,1949.70000000
1777905900000,2026-05-04T14:45:00+00:00,404.40000000,405.03000000,401.63000000,401.78000000,2017.20000000
1777906800000,2026-05-04T15:00:00+00:00,401.76000000,402.39000000,399.71000000,399.92000000,1942.92000000
1777907700000,2026-05-04T15:15:00+00:00,400.00000000,400.63000000,397.02000000,399.56000000,1667.91000000
1777908600000,2026-05-04T15:30:00+00:00,399.65000000,399.78000000,397.61000000,399.03000000,172.41000000
1777909500000,2026-05-04T15:45:00+00:00,399.01000000,399.50000000,397.30000000,398.33000000,1370.79000000
1777910400000,2026-05-04T16:00:00+00:00,398.39000000,398.61000000,396.23000000,396.45000000,2001.63000000
1777911300000,2026-05-04T16:15:00+00:00,396.44000000,398.89000000,395.58000000,398.58000000,2046.68000000
1777912200000,2026-05-04T16:30:00+00:00,398.58000000,399.26000000,397.67000000,398.27000000,1894.88000000
1777913100000,2026-05-04T16:45:00+00:00,398.35000000,399.60000000,398.14000000,398.88000000,1942.78000000
1777914000000,2026-05-04T17:00:00+00:00,398.90000000,400.39000000,398.85000000,399.99000000,1999.42000000
1777914900000,2026-05-04T17:15:00+00:00,400.01000000,401.31000000,399.77000000,401.27000000,1953.51000000
1777915800000,2026-05-04T17:30:00+00:00,401.27000000,401.74000000,400.57000000,401.57000000,1917.74000000
1777916700000,2026-05-04T17:45:00+00:00,401.62000000,401.81000000,400.99000000,401.36000000,1894.90000000
1777917600000,2026-05-04T18:00:00+00:00,401.27000000,401.44000000,400.30000000,400.49000000,1652.27000000
1777918500000,2026-05-04T18:15:00+00:00,400.47000000,400.61000000,399.49000000,399.90000000,752.87000000
1777919400000,2026-05-04T18:30:00+00:00,400.05000000,400.53000000,399.81000000,399.99000000,17.36000000
1777920300000,2026-05-04T18:45:00+00:00,399.77000000,401.08000000,399.77000000,401.08000000,23.09000000
1777921200000,2026-05-04T19:00:00+00:00,401.10000000,402.05000000,400.82000000,401.49000000,262.53000000
1777922100000,2026-05-04T19:15:00+00:00,401.53000000,401.72000000,400.81000000,401.25000000,89.50000000
1777923000000,2026-05-04T19:30:00+00:00,401.04000000,402.09000000,401.04000000,401.95000000,36.19000000
1777923900000,2026-05-04T19:45:00+00:00,401.94000000,402.47000000,401.63000000,402.32000000,93.49000000
1777924800000,2026-05-04T20:00:00+00:00,402.36000000,402.61000000,400.95000000,401.25000000,78.65000000
1777925700000,2026-05-04T20:15:00+00:00,401.21000000,401.68000000,401.08000000,401.44000000,17.07000000
1777926600000,2026-05-04T20:30:00+00:00,401.40000000,401.67000000,401.28000000,401.60000000,3.30000000
1777927500000,2026-05-04T20:45:00+00:00,401.45000000,401.62000000,401.14000000,401.29000000,5.04000000
1777928400000,2026-05-04T21:00:00+00:00,401.29000000,401.84000000,401.29000000,401.68000000,6.56000000
1777929300000,2026-05-04T21:15:00+00:00,401.70000000,401.97000000,401.34000000,401.54000000,7.62000000
1777930200000,2026-05-04T21:30:00+00:00,401.37000000,401.52000000,400.75000000,401.46000000,53.05000000
1777931100000,2026-05-04T21:45:00+00:00,401.29000000,401.65000000,401.12000000,401.29000000,24.88000000
1777932000000,2026-05-04T22:00:00+00:00,401.57000000,401.96000000,401.27000000,401.95000000,17.65000000
1777932900000,2026-05-04T22:15:00+00:00,401.90000000,401.95000000,401.64000000,401.84000000,0.47000000
1777933800000,2026-05-04T22:30:00+00:00,401.70000000,401.82000000,401.70000000,401.72000000,1.20000000
1777934700000,2026-05-04T22:45:00+00:00,401.72000000,401.78000000,401.09000000,401.28000000,27.41000000
1777935600000,2026-05-04T23:00:00+00:00,401.32000000,401.32000000,400.69000000,400.69000000,54.94000000
1777936500000,2026-05-04T23:15:00+00:00,400.67000000,400.87000000,400.55000000,400.62000000,9.88000000
1777937400000,2026-05-04T23:30:00+00:00,400.62000000,401.01000000,400.62000000,400.79000000,6.35000000
1777938300000,2026-05-04T23:45:00+00:00,400.92000000,401.06000000,400.59000000,400.66000000,4.26000000
1777939200000,2026-05-05T00:00:00+00:00,400.74000000,402.15000000,400.74000000,401.85000000,46.69000000
1777940100000,2026-05-05T00:15:00+00:00,401.91000000,401.91000000,400.26000000,400.75000000,37.35000000
1777941000000,2026-05-05T00:30:00+00:00,400.81000000,401.55000000,400.70000000,401.30000000,11.18000000
1777941900000,2026-05-05T00:45:00+00:00,401.31000000,401.68000000,401.10000000,401.68000000,17.52000000
1777942800000,2026-05-05T01:00:00+00:00,401.73000000,402.04000000,401.26000000,401.38000000,38.65000000
1777943700000,2026-05-05T01:15:00+00:00,401.36000000,401.74000000,401.06000000,401.06000000,6.30000000
1777944600000,2026-05-05T01:30:00+00:00,401.18000000,401.44000000,400.47000000,401.10000000,54.46000000
1777945500000,2026-05-05T01:45:00+00:00,400.96000000,401.39000000,400.37000000,400.43000000,38.14000000
1777946400000,2026-05-05T02:00:00+00:00,400.52000000,401.13000000,400.39000000,400.83000000,21.32000000
1777947300000,2026-05-05T02:15:00+00:00,400.88000000,401.36000000,400.67000000,401.36000000,3.98000000
1777948200000,2026-05-05T02:30:00+00:00,401.25000000,401.51000000,400.82000000,401.12000000,34.17000000
1777949100000,2026-05-05T02:45:00+00:00,401.00000000,401.11000000,399.33000000,399.89000000,106.28000000
1777950000000,2026-05-05T03:00:00+00:00,400.00000000,400.21000000,399.71000000,400.20000000,6.36000000
1777950900000,2026-05-05T03:15:00+00:00,400.13000000,400.35000000,399.92000000,400.33000000,339.87000000
1777951800000,2026-05-05T03:30:00+00:00,400.52000000,400.61000000,400.09000000,400.22000000,21.39000000
1777952700000,2026-05-05T03:45:00+00:00,400.28000000,400.66000000,400.09000000,400.54000000,15.60000000
1777953600000,2026-05-05T04:00:00+00:00,400.53000000,400.58000000,400.20000000,400.34000000,12.68000000
1777954500000,2026-05-05T04:15:00+00:00,400.34000000,400.60000000,400.22000000,400.52000000,27.01000000
1777955400000,2026-05-05T04:30:00+00:00,400.59000000,400.85000000,400.49000000,400.66000000,16.98000000
1777956300000,2026-05-05T04:45:00+00:00,400.66000000,400.80000000,400.44000000,400.44000000,5.28000000
1777957200000,2026-05-05T05:00:00+00:00,400.40000000,400.60000000,399.70000000,399.94000000,25.29000000
1777958100000,2026-05-05T05:15:00+00:00,399.96000000,400.26000000,399.87000000,400.07000000,18.58000000
1777959000000,2026-05-05T05:30:00+00:00,400.19000000,400.43000000,399.71000000,400.43000000,17.12000000
1777959900000,2026-05-05T05:45:00+00:00,400.43000000,400.86000000,400.35000000,400.67000000,3.50000000
1777960800000,2026-05-05T06:00:00+00:00,400.89000000,400.95000000,400.55000000,400.73000000,8.00000000
1777961700000,2026-05-05T06:15:00+00:00,400.66000000,400.71000000,400.34000000,400.52000000,2.37000000
1777962600000,2026-05-05T06:30:00+00:00,400.59000000,401.26000000,400.59000000,401.06000000,12.68000000
1777963500000,2026-05-05T06:45:00+00:00,401.26000000,401.41000000,401.15000000,401.32000000,2.00000000
1777964400000,2026-05-05T07:00:00+00:00,401.50000000,402.19000000,401.45000000,402.19000000,9.26000000
1777965300000,2026-05-05T07:15:00+00:00,402.13000000,402.13000000,401.38000000,401.42000000,5.81000000
1777966200000,2026-05-05T07:30:00+00:00,401.62000000,402.58000000,401.57000000,402.36000000,112.09000000
1777967100000,2026-05-05T07:45:00+00:00,402.38000000,402.57000000,401.24000000,401.33000000,31.68000000
1777968000000,2026-05-05T08:00:00+00:00,401.41000000,402.26000000,400.75000000,402.25000000,88.53000000
1777968900000,2026-05-05T08:15:00+00:00,402.18000000,403.08000000,402.18000000,402.93000000,22.57000000
1777969800000,2026-05-05T08:30:00+00:00,402.97000000,403.16000000,402.03000000,402.28000000,22.50000000
1777970700000,2026-05-05T08:45:00+00:00,402.26000000,402.70000000,402.26000000,402.26000000,13.41000000
1777971600000,2026-05-05T09:00:00+00:00,402.34000000,403.09000000,402.01000000,402.77000000,27.55000000
1777972500000,2026-05-05T09:15:00+00:00,402.20000000,402.66000000,401.80000000,402.18000000,42.03000000
1777973400000,2026-05-05T09:30:00+00:00,402.10000000,402.57000000,402.06000000,402.30000000,9.25000000
1777974300000,2026-05-05T09:45:00+00:00,402.30000000,402.66000000,401.40000000,401.40000000,27.41000000
1777975200000,2026-05-05T10:00:00+00:00,401.41000000,401.79000000,401.23000000,401.25000000,4.85000000
1777976100000,2026-05-05T10:15:00+00:00,401.25000000,401.45000000,400.61000000,400.61000000,5.47000000
1777977000000,2026-05-05T10:30:00+00:00,400.72000000,401.31000000,400.72000000,401.19000000,5.61000000
1777977900000,2026-05-05T10:45:00+00:00,401.26000000,401.31000000,401.00000000,401.20000000,8.13000000
1777978800000,2026-05-05T11:00:00+00:00,401.07000000,401.21000000,399.91000000,399.93000000,25.27000000
1777979700000,2026-05-05T11:15:00+00:00,400.06000000,400.84000000,400.04000000,400.75000000,75.13000000
1777980600000,2026-05-05T11:30:00+00:00,400.65000000,401.55000000,400.51000000,401.30000000,24.91000000
1777981500000,2026-05-05T11:45:00+00:00,401.32000000,402.00000000,401.16000000,401.88000000,14.08000000
1777982400000,2026-05-05T12:00:00+00:00,401.92000000,402.67000000,401.53000000,402.24000000,63.90000000
1777983300000,2026-05-05T12:15:00+00:00,402.68000000,403.32000000,402.40000000,403.29000000,31.51000000
1777984200000,2026-05-05T12:30:00+00:00,403.25000000,403.32000000,402.67000000,403.23000000,53.20000000
1777985100000,2026-05-05T12:45:00+00:00,403.03000000,403.15000000,402.77000000,402.80000000,4.02000000
1777986000000,2026-05-05T13:00:00+00:00,402.86000000,403.97000000,402.84000000,403.07000000,97.78000000
1777986900000,2026-05-05T13:15:00+00:00,403.07000000,405.29000000,402.37000000,405.23000000,97.54000000
1777987800000,2026-05-05T13:30:00+00:00,405.38000000,406.34000000,399.46000000,400.97000000,1125.10000000
1777988700000,2026-05-05T13:45:00+00:00,400.97000000,403.81000000,400.37000000,400.81000000,212.07000000
1777989600000,2026-05-05T14:00:00+00:00,400.82000000,401.85000000,397.90000000,398.34000000,1823.97000000
1777990500000,2026-05-05T14:15:00+00:00,397.98000000,399.48000000,396.28000000,398.69000000,594.05000000
1777991400000,2026-05-05T14:30:00+00:00,398.64000000,398.91000000,395.24000000,395.39000000,379.82000000
1777992300000,2026-05-05T14:45:00+00:00,395.32000000,396.53000000,394.50000000,396.03000000,429.96000000
1777993200000,2026-05-05T15:00:00+00:00,395.82000000,397.40000000,395.43000000,396.06000000,255.80000000
1777994100000,2026-05-05T15:15:00+00:00,396.08000000,396.31000000,394.96000000,394.96000000,233.94000000
1777995000000,2026-05-05T15:30:00+00:00,394.86000000,395.88000000,393.12000000,395.70000000,219.68000000
1777995900000,2026-05-05T15:45:00+00:00,395.67000000,399.32000000,395.67000000,398.22000000,390.45000000
1777996800000,2026-05-05T16:00:00+00:00,398.11000000,398.28000000,396.69000000,397.61000000,169.01000000
1777997700000,2026-05-05T16:15:00+00:00,397.51000000,397.90000000,396.02000000,396.49000000,25.31000000
1777998600000,2026-05-05T16:30:00+00:00,396.51000000,396.87000000,395.81000000,396.60000000,47.86000000
1777999500000,2026-05-05T16:45:00+00:00,396.46000000,397.66000000,396.46000000,397.08000000,57.59000000
1778000400000,2026-05-05T17:00:00+00:00,396.93000000,397.73000000,396.55000000,396.68000000,170.82000000
1778001300000,2026-05-05T17:15:00+00:00,396.91000000,397.90000000,396.76000000,397.48000000,159.51000000
1778002200000,2026-05-05T17:30:00+00:00,397.32000000,398.03000000,397.15000000,397.52000000,28.79000000
1778003100000,2026-05-05T17:45:00+00:00,397.46000000,398.47000000,397.14000000,398.46000000,16.34000000
1778004000000,2026-05-05T18:00:00+00:00,398.35000000,398.63000000,397.33000000,397.83000000,166.32000000
1778004900000,2026-05-05T18:15:00+00:00,397.90000000,397.92000000,397.06000000,397.40000000,84.59000000
1778005800000,2026-05-05T18:30:00+00:00,397.31000000,398.24000000,397.29000000,397.82000000,21.57000000
1778006700000,2026-05-05T18:45:00+00:00,397.65000000,398.02000000,396.73000000,397.27000000,27.82000000
1778007600000,2026-05-05T19:00:00+00:00,396.98000000,396.98000000,395.81000000,395.99000000,85.34000000
1778008500000,2026-05-05T19:15:00+00:00,395.76000000,395.76000000,394.47000000,394.55000000,347.52000000
1778009400000,2026-05-05T19:30:00+00:00,394.66000000,394.79000000,393.79000000,394.35000000,33.43000000
1778010300000,2026-05-05T19:45:00+00:00,394.51000000,395.57000000,394.26000000,394.88000000,35.27000000
1778011200000,2026-05-05T20:00:00+00:00,395.15000000,396.15000000,394.36000000,394.80000000,308.01000000
1778012100000,2026-05-05T20:15:00+00:00,394.59000000,398.01000000,393.63000000,397.25000000,172.07000000
1778013000000,2026-05-05T20:30:00+00:00,397.06000000,397.66000000,395.84000000,396.40000000,117.58000000
1778013900000,2026-05-05T20:45:00+00:00,396.44000000,396.64000000,395.77000000,396.44000000,20.92000000
1778014800000,2026-05-05T21:00:00+00:00,396.50000000,397.40000000,396.03000000,396.94000000,62.33000000
1778015700000,2026-05-05T21:15:00+00:00,396.96000000,397.33000000,396.60000000,397.09000000,68.64000000
1778016600000,2026-05-05T21:30:00+00:00,397.09000000,397.25000000,396.36000000,397.00000000,33.14000000
1778017500000,2026-05-05T21:45:00+00:00,396.81000000,397.33000000,396.58000000,397.00000000,22.34000000
1778018400000,2026-05-05T22:00:00+00:00,396.85000000,398.94000000,396.85000000,398.12000000,125.15000000
1778019300000,2026-05-05T22:15:00+00:00,398.04000000,399.00000000,397.82000000,398.27000000,60.91000000
1778020200000,2026-05-05T22:30:00+00:00,398.26000000,398.45000000,397.80000000,398.29000000,20.98000000
1778021100000,2026-05-05T22:45:00+00:00,398.16000000,398.93000000,397.36000000,398.51000000,91.33000000
1778022000000,2026-05-05T23:00:00+00:00,398.44000000,398.54000000,397.74000000,398.35000000,42.06000000
1778022900000,2026-05-05T23:15:00+00:00,398.25000000,398.41000000,397.94000000,398.35000000,44.77000000
1778023800000,2026-05-05T23:30:00+00:00,398.24000000,399.70000000,398.23000000,399.48000000,40.57000000
1778024700000,2026-05-05T23:45:00+00:00,399.41000000,399.86000000,399.03000000,399.28000000,61.90000000
1778025600000,2026-05-06T00:00:00+00:00,399.17000000,399.78000000,397.53000000,397.88000000,160.70000000
1778026500000,2026-05-06T00:15:00+00:00,397.89000000,397.89000000,396.94000000,397.12000000,105.63000000
1778027400000,2026-05-06T00:30:00+00:00,397.13000000,398.05000000,397.13000000,398.01000000,23.85000000
1778028300000,2026-05-06T00:45:00+00:00,397.99000000,398.02000000,397.30000000,397.82000000,16.24000000
1778029200000,2026-05-06T01:00:00+00:00,397.83000000,398.43000000,397.68000000,398.09000000,23.73000000
1778030100000,2026-05-06T01:15:00+00:00,398.09000000,398.27000000,397.11000000,397.53000000,64.74000000
1778031000000,2026-05-06T01:30:00+00:00,397.60000000,397.60000000,396.94000000,397.15000000,11.82000000
1778031900000,2026-05-06T01:45:00+00:00,397.16000000,397.69000000,395.21000000,397.30000000,257.85000000
1778032800000,2026-05-06T02:00:00+00:00,397.37000000,398.58000000,396.41000000,397.96000000,135.95000000
1778033700000,2026-05-06T02:15:00+00:00,398.11000000,398.49000000,398.00000000,398.29000000,3.78000000
1778034600000,2026-05-06T02:30:00+00:00,398.26000000,398.26000000,397.59000000,397.73000000,20.35000000
1778035500000,2026-05-06T02:45:00+00:00,397.63000000,398.24000000,397.63000000,398.07000000,13.40000000
1778036400000,2026-05-06T03:00:00+00:00,398.07000000,398.55000000,397.41000000,398.42000000,13.47000000
1778037300000,2026-05-06T03:15:00+00:00,398.49000000,399.00000000,398.16000000,398.65000000,21.96000000
1778038200000,2026-05-06T03:30:00+00:00,398.66000000,399.04000000,398.20000000,398.20000000,18.43000000
1778039100000,2026-05-06T03:45:00+00:00,398.20000000,398.58000000,397.88000000,398.49000000,9.59000000
1778040000000,2026-05-06T04:00:00+00:00,398.43000000,398.52000000,397.99000000,398.16000000,95.50000000
1778040900000,2026-05-06T04:15:00+00:00,398.17000000,398.24000000,397.57000000,397.72000000,56.31000000
1778041800000,2026-05-06T04:30:00+00:00,397.72000000,397.75000000,396.89000000,397.23000000,21.27000000
1778042700000,2026-05-06T04:45:00+00:00,397.24000000,397.76000000,397.12000000,397.66000000,17.75000000
1778043600000,2026-05-06T05:00:00+00:00,397.74000000,398.03000000,396.78000000,397.94000000,53.33000000
1778044500000,2026-05-06T05:15:00+00:00,398.04000000,398.25000000,397.57000000,397.77000000,81.45000000
1778045400000,2026-05-06T05:30:00+00:00,397.76000000,398.03000000,397.44000000,397.98000000,56.62000000
1778046300000,2026-05-06T05:45:00+00:00,397.99000000,398.11000000,397.74000000,397.93000000,41.35000000
1778047200000,2026-05-06T06:00:00+00:00,397.84000000,398.25000000,397.16000000,397.19000000,46.16000000
1778048100000,2026-05-06T06:15:00+00:00,397.21000000,397.70000000,396.74000000,397.67000000,48.58000000
1778049000000,2026-05-06T06:30:00+00:00,397.69000000,397.71000000,396.89000000,397.17000000,23.57000000
1778049900000,2026-05-06T06:45:00+00:00,397.28000000,397.55000000,396.90000000,397.36000000,48.21000000
1778050800000,2026-05-06T07:00:00+00:00,397.44000000,397.61000000,396.40000000,396.68000000,70.11000000
1778051700000,2026-05-06T07:15:00+00:00,396.77000000,397.41000000,396.68000000,396.90000000,24.05000000
1778052600000,2026-05-06T07:30:00+00:00,396.98000000,397.35000000,396.81000000,397.20000000,31.32000000
1778053500000,2026-05-06T07:45:00+00:00,397.36000000,398.07000000,397.36000000,398.00000000,8.37000000
1778054400000,2026-05-06T08:00:00+00:00,398.01000000,398.95000000,397.94000000,398.95000000,139.08000000
1778055300000,2026-05-06T08:15:00+00:00,398.81000000,398.83000000,397.80000000,398.58000000,63.25000000
1778056200000,2026-05-06T08:30:00+00:00,398.60000000,398.89000000,398.12000000,398.75000000,70.78000000
1778057100000,2026-05-06T08:45:00+00:00,398.68000000,402.00000000,398.47000000,400.92000000,205.98000000
1778058000000,2026-05-06T09:00:00+00:00,400.73000000,401.71000000,399.62000000,401.06000000,146.51000000
1778058900000,2026-05-06T09:15:00+00:00,401.02000000,401.42000000,398.80000000,400.31000000,307.31000000
1778059800000,2026-05-06T09:30:00+00:00,400.20000000,401.83000000,400.07000000,401.23000000,170.18000000
1778060700000,2026-05-06T09:45:00+00:00,401.32000000,401.83000000,399.56000000,400.79000000,379.75000000
1778061600000,2026-05-06T10:00:00+00:00,400.79000000,401.91000000,400.75000000,401.73000000,131.60000000
1778062500000,2026-05-06T10:15:00+00:00,401.61000000,402.21000000,401.10000000,402.04000000,74.47000000
1778063400000,2026-05-06T10:30:00+00:00,402.08000000,403.19000000,402.01000000,403.13000000,98.68000000
1778064300000,2026-05-06T10:45:00+00:00,403.13000000,403.59000000,402.44000000,402.93000000,218.89000000
1778065200000,2026-05-06T11:00:00+00:00,402.91000000,405.62000000,402.84000000,405.15000000,253.16000000
1778066100000,2026-05-06T11:15:00+00:00,405.05000000,405.54000000,404.21000000,404.21000000,173.40000000
1778067000000,2026-05-06T11:30:00+00:00,404.28000000,405.22000000,403.72000000,403.74000000,179.90000000
1778067900000,2026-05-06T11:45:00+00:00,403.70000000,403.70000000,402.72000000,403.60000000,96.94000000
1778068800000,2026-05-06T12:00:00+00:00,403.49000000,403.86000000,401.50000000,401.82000000,238.99000000
1778069700000,2026-05-06T12:15:00+00:00,401.82000000,402.61000000,400.96000000,402.42000000,265.77000000
1778070600000,2026-05-06T12:30:00+00:00,402.41000000,402.41000000,401.24000000,401.34000000,143.97000000
1778071500000,2026-05-06T12:45:00+00:00,401.38000000,402.06000000,401.18000000,401.74000000,93.26000000
1778072400000,2026-05-06T13:00:00+00:00,401.82000000,402.51000000,400.90000000,401.87000000,153.96000000
1778073300000,2026-05-06T13:15:00+00:00,401.97000000,403.33000000,401.97000000,402.53000000,126.36000000
1778074200000,2026-05-06T13:30:00+00:00,402.52000000,414.69000000,401.41000000,413.32000000,1965.67000000
1778075100000,2026-05-06T13:45:00+00:00,413.09000000,417.29000000,411.16000000,414.93000000,1386.62000000
1778076000000,2026-05-06T14:00:00+00:00,414.95000000,416.00000000,411.01000000,411.99000000,729.64000000
1778076900000,2026-05-06T14:15:00+00:00,411.97000000,412.35000000,407.72000000,409.97000000,705.17000000
1778077800000,2026-05-06T14:30:00+00:00,409.73000000,414.65000000,409.23000000,414.23000000,602.08000000
1778078700000,2026-05-06T14:45:00+00:00,414.26000000,417.19000000,413.51000000,415.94000000,326.79000000
1778079600000,2026-05-06T15:00:00+00:00,415.92000000,417.75000000,415.33000000,416.62000000,245.44000000
1778080500000,2026-05-06T15:15:00+00:00,416.64000000,418.97000000,416.42000000,417.56000000,268.40000000
1778081400000,2026-05-06T15:30:00+00:00,417.58000000,417.98000000,415.41000000,416.40000000,249.20000000
1778082300000,2026-05-06T15:45:00+00:00,416.41000000,416.89000000,415.20000000,415.82000000,169.16000000
1778083200000,2026-05-06T16:00:00+00:00,415.72000000,418.44000000,415.70000000,417.99000000,171.40000000
1778084100000,2026-05-06T16:15:00+00:00,418.03000000,418.14000000,416.57000000,416.69000000,98.77000000
1778085000000,2026-05-06T16:30:00+00:00,416.81000000,417.45000000,415.85000000,415.89000000,85.85000000
1778085900000,2026-05-06T16:45:00+00:00,415.87000000,416.56000000,414.76000000,415.75000000,144.80000000
1778086800000,2026-05-06T17:00:00+00:00,415.79000000,416.86000000,415.68000000,416.22000000,53.42000000
1778087700000,2026-05-06T17:15:00+00:00,416.38000000,416.62000000,415.69000000,416.03000000,33.55000000
1778088600000,2026-05-06T17:30:00+00:00,416.04000000,417.41000000,416.04000000,417.41000000,95.95000000
1778089500000,2026-05-06T17:45:00+00:00,417.43000000,417.51000000,415.62000000,416.27000000,38.72000000
1778090400000,2026-05-06T18:00:00+00:00,416.39000000,417.20000000,416.13000000,416.47000000,59.27000000
1778091300000,2026-05-06T18:15:00+00:00,416.39000000,417.20000000,416.30000000,417.03000000,205.68000000
1778092200000,2026-05-06T18:30:00+00:00,417.10000000,418.32000000,417.10000000,417.97000000,71.86000000
1778093100000,2026-05-06T18:45:00+00:00,418.04000000,418.52000000,417.30000000,417.33000000,91.66000000
1778094000000,2026-05-06T19:00:00+00:00,417.32000000,418.29000000,416.98000000,417.47000000,66.14000000
1778094900000,2026-05-06T19:15:00+00:00,417.49000000,419.43000000,417.09000000,419.23000000,101.25000000
1778095800000,2026-05-06T19:30:00+00:00,419.21000000,419.67000000,418.68000000,418.99000000,97.21000000
1778096700000,2026-05-06T19:45:00+00:00,418.99000000,419.75000000,418.55000000,419.54000000,228.43000000
1778097600000,2026-05-06T20:00:00+00:00,419.51000000,419.70000000,418.69000000,419.60000000,57.31000000
1778098500000,2026-05-06T20:15:00+00:00,419.63000000,420.80000000,419.57000000,420.73000000,67.08000000
1778099400000,2026-05-06T20:30:00+00:00,420.73000000,420.80000000,417.77000000,418.67000000,369.65000000
1778100300000,2026-05-06T20:45:00+00:00,418.64000000,418.71000000,417.50000000,417.56000000,61.26000000
1778101200000,2026-05-06T21:00:00+00:00,417.72000000,418.13000000,417.47000000,417.81000000,87.61000000
1778102100000,2026-05-06T21:15:00+00:00,417.79000000,417.79000000,416.45000000,416.45000000,92.55000000
1778103000000,2026-05-06T21:30:00+00:00,416.54000000,416.54000000,414.90000000,414.90000000,78.59000000
1778103900000,2026-05-06T21:45:00+00:00,414.97000000,415.80000000,414.66000000,415.04000000,36.81000000
1778104800000,2026-05-06T22:00:00+00:00,415.22000000,416.01000000,415.12000000,415.66000000,34.57000000
1778105700000,2026-05-06T22:15:00+00:00,415.51000000,415.86000000,414.84000000,415.11000000,39.95000000
1778106600000,2026-05-06T22:30:00+00:00,415.18000000,415.57000000,415.03000000,415.53000000,29.91000000
1778107500000,2026-05-06T22:45:00+00:00,415.58000000,416.77000000,415.44000000,416.37000000,127.19000000
1778108400000,2026-05-06T23:00:00+00:00,416.37000000,417.17000000,416.16000000,416.73000000,53.85000000
1778109300000,2026-05-06T23:15:00+00:00,416.83000000,417.50000000,416.79000000,417.39000000,38.58000000
1778110200000,2026-05-06T23:30:00+00:00,417.25000000,417.66000000,417.21000000,417.27000000,49.91000000
1778111100000,2026-05-06T23:45:00+00:00,417.30000000,417.80000000,417.30000000,417.80000000,24.53000000
1778112000000,2026-05-07T00:00:00+00:00,417.76000000,418.15000000,415.78000000,416.95000000,109.12000000
1778112900000,2026-05-07T00:15:00+00:00,416.71000000,417.65000000,416.12000000,417.22000000,94.84000000
1778113800000,2026-05-07T00:30:00+00:00,417.22000000,417.99000000,417.22000000,417.52000000,59.72000000
1778114700000,2026-05-07T00:45:00+00:00,417.53000000,418.23000000,417.53000000,417.84000000,116.57000000
1778115600000,2026-05-07T01:00:00+00:00,417.95000000,418.29000000,417.48000000,418.02000000,110.96000000
1778116500000,2026-05-07T01:15:00+00:00,418.01000000,418.70000000,417.57000000,417.82000000,60.11000000
1778117400000,2026-05-07T01:30:00+00:00,417.67000000,418.37000000,417.45000000,418.25000000,73.35000000
1778118300000,2026-05-07T01:45:00+00:00,418.21000000,419.07000000,418.19000000,418.42000000,100.77000000
1778119200000,2026-05-07T02:00:00+00:00,418.31000000,418.62000000,417.59000000,417.76000000,67.26000000
1778120100000,2026-05-07T02:15:00+00:00,417.64000000,418.73000000,417.64000000,418.47000000,42.01000000
1778121000000,2026-05-07T02:30:00+00:00,418.45000000,419.61000000,418.45000000,419.50000000,35.65000000
1778121900000,2026-05-07T02:45:00+00:00,419.56000000,419.57000000,418.32000000,419.18000000,92.67000000
1778122800000,2026-05-07T03:00:00+00:00,419.08000000,419.19000000,418.70000000,418.70000000,47.34000000
1778123700000,2026-05-07T03:15:00+00:00,418.86000000,419.48000000,418.86000000,419.30000000,30.52000000
1778124600000,2026-05-07T03:30:00+00:00,419.27000000,420.04000000,419.25000000,420.02000000,23.94000000
1778125500000,2026-05-07T03:45:00+00:00,420.27000000,420.27000000,419.66000000,419.70000000,30.45000000
1778126400000,2026-05-07T04:00:00+00:00,419.73000000,419.73000000,419.10000000,419.20000000,88.80000000
1778127300000,2026-05-07T04:15:00+00:00,419.35000000,419.35000000,418.90000000,419.03000000,85.13000000
1778128200000,2026-05-07T04:30:00+00:00,419.01000000,419.39000000,418.70000000,418.71000000,66.95000000
1778129100000,2026-05-07T04:45:00+00:00,418.78000000,418.95000000,418.27000000,418.40000000,19.35000000
1778130000000,2026-05-07T05:00:00+00:00,418.32000000,418.97000000,418.26000000,418.85000000,74.82000000
1778130900000,2026-05-07T05:15:00+00:00,419.13000000,419.22000000,418.42000000,418.53000000,21.78000000
1778131800000,2026-05-07T05:30:00+00:00,418.53000000,419.61000000,418.53000000,419.16000000,91.81000000
1778132700000,2026-05-07T05:45:00+00:00,419.26000000,419.59000000,419.15000000,419.31000000,51.36000000
1778133600000,2026-05-07T06:00:00+00:00,419.35000000,419.39000000,418.99000000,419.01000000,47.23000000
1778134500000,2026-05-07T06:15:00+00:00,419.12000000,419.55000000,419.01000000,419.40000000,71.71000000
1778135400000,2026-05-07T06:30:00+00:00,419.48000000,419.83000000,419.24000000,419.80000000,56.55000000
1778136300000,2026-05-07T06:45:00+00:00,419.80000000,420.61000000,419.49000000,420.61000000,127.63000000
1778137200000,2026-05-07T07:00:00+00:00,420.87000000,422.47000000,419.44000000,422.42000000,288.08000000
1778138100000,2026-05-07T07:15:00+00:00,422.50000000,423.73000000,421.73000000,422.42000000,186.99000000
1778139000000,2026-05-07T07:30:00+00:00,422.46000000,422.79000000,422.33000000,422.41000000,274.72000000
1778139900000,2026-05-07T07:45:00+00:00,422.65000000,423.05000000,422.22000000,422.35000000,153.87000000
1778140800000,2026-05-07T08:00:00+00:00,422.31000000,422.54000000,420.68000000,421.91000000,182.58000000
1778141700000,2026-05-07T08:15:00+00:00,421.90000000,422.27000000,421.68000000,421.81000000,49.39000000
1778142600000,2026-05-07T08:30:00+00:00,421.92000000,422.45000000,421.37000000,421.37000000,33.33000000
1778143500000,2026-05-07T08:45:00+00:00,421.50000000,421.55000000,420.34000000,420.88000000,37.41000000
1778144400000,2026-05-07T09:00:00+00:00,420.74000000,421.31000000,420.25000000,420.58000000,54.02000000
1778145300000,2026-05-07T09:15:00+00:00,420.52000000,421.63000000,420.42000000,421.06000000,108.91000000
1778146200000,2026-05-07T09:30:00+00:00,421.00000000,421.83000000,420.83000000,420.95000000,30.69000000
1778147100000,2026-05-07T09:45:00+00:00,420.92000000,421.53000000,420.06000000,420.50000000,56.70000000
1778148000000,2026-05-07T10:00:00+00:00,420.42000000,420.64000000,419.18000000,420.41000000,99.75000000
1778148900000,2026-05-07T10:15:00+00:00,420.63000000,421.04000000,419.79000000,420.80000000,75.29000000
1778149800000,2026-05-07T10:30:00+00:00,420.81000000,421.27000000,420.17000000,421.27000000,99.18000000
1778150700000,2026-05-07T10:45:00+00:00,421.28000000,421.47000000,420.07000000,420.16000000,25.37000000
1778151600000,2026-05-07T11:00:00+00:00,420.15000000,420.59000000,419.00000000,419.00000000,157.41000000
1778152500000,2026-05-07T11:15:00+00:00,418.97000000,419.12000000,418.06000000,418.44000000,52.28000000
1778153400000,2026-05-07T11:30:00+00:00,418.44000000,418.65000000,417.60000000,418.51000000,85.12000000
1778154300000,2026-05-07T11:45:00+00:00,418.22000000,418.22000000,416.98000000,417.29000000,70.90000000
1778155200000,2026-05-07T12:00:00+00:00,417.17000000,418.02000000,416.83000000,417.80000000,78.41000000
1778156100000,2026-05-07T12:15:00+00:00,417.68000000,417.68000000,416.50000000,417.43000000,185.15000000
1778157000000,2026-05-07T12:30:00+00:00,417.21000000,419.20000000,417.20000000,419.01000000,57.72000000
1778157900000,2026-05-07T12:45:00+00:00,418.88000000,418.88000000,417.74000000,417.74000000,41.00000000
1778158800000,2026-05-07T13:00:00+00:00,418.19000000,418.19000000,417.00000000,417.75000000,48.64000000
1778159700000,2026-05-07T13:15:00+00:00,417.71000000,418.92000000,417.27000000,418.92000000,211.71000000
1778160600000,2026-05-07T13:30:00+00:00,418.98000000,420.39000000,414.66000000,414.97000000,1243.44000000
1778161500000,2026-05-07T13:45:00+00:00,414.93000000,418.00000000,414.06000000,415.49000000,611.34000000
1778162400000,2026-05-07T14:00:00+00:00,415.46000000,416.89000000,415.18000000,415.71000000,349.48000000
1778163300000,2026-05-07T14:15:00+00:00,416.07000000,418.35000000,414.95000000,417.35000000,213.28000000
1778164200000,2026-05-07T14:30:00+00:00,417.32000000,419.45000000,416.61000000,417.09000000,246.09000000
1778165100000,2026-05-07T14:45:00+00:00,417.20000000,418.95000000,416.08000000,418.40000000,171.61000000
1778166000000,2026-05-07T15:00:00+00:00,418.20000000,418.40000000,416.89000000,417.10000000,176.10000000
1778166900000,2026-05-07T15:15:00+00:00,416.97000000,418.19000000,416.45000000,417.93000000,116.40000000
1778167800000,2026-05-07T15:30:00+00:00,417.95000000,420.04000000,417.94000000,419.62000000,181.63000000
1778168700000,2026-05-07T15:45:00+00:00,419.72000000,420.07000000,414.89000000,414.89000000,274.05000000
1778169600000,2026-05-07T16:00:00+00:00,414.70000000,415.67000000,411.93000000,412.81000000,288.40000000
1778170500000,2026-05-07T16:15:00+00:00,412.67000000,413.10000000,410.59000000,412.51000000,217.37000000
1778171400000,2026-05-07T16:30:00+00:00,412.39000000,413.98000000,411.59000000,411.94000000,83.87000000
1778172300000,2026-05-07T16:45:00+00:00,412.25000000,413.50000000,411.81000000,412.42000000,125.63000000
1778173200000,2026-05-07T17:00:00+00:00,412.33000000,412.64000000,410.64000000,411.58000000,142.15000000
1778174100000,2026-05-07T17:15:00+00:00,411.37000000,411.61000000,407.43000000,409.62000000,667.76000000
1778175000000,2026-05-07T17:30:00+00:00,409.69000000,412.44000000,409.43000000,411.62000000,158.77000000
1778175900000,2026-05-07T17:45:00+00:00,411.69000000,412.84000000,410.50000000,412.59000000,155.25000000
1778176800000,2026-05-07T18:00:00+00:00,412.71000000,413.11000000,411.64000000,412.23000000,158.90000000
1778177700000,2026-05-07T18:15:00+00:00,412.21000000,413.13000000,411.27000000,411.53000000,35.31000000
1778178600000,2026-05-07T18:30:00+00:00,411.75000000,412.92000000,411.24000000,411.66000000,109.18000000
1778179500000,2026-05-07T18:45:00+00:00,411.67000000,413.14000000,410.95000000,413.07000000,136.79000000
1778180400000,2026-05-07T19:00:00+00:00,413.28000000,413.71000000,412.57000000,413.70000000,25.87000000
1778181300000,2026-05-07T19:15:00+00:00,413.73000000,414.07000000,411.82000000,412.55000000,62.36000000
1778182200000,2026-05-07T19:30:00+00:00,412.77000000,415.05000000,412.61000000,415.05000000,179.15000000
1778183100000,2026-05-07T19:45:00+00:00,415.01000000,416.65000000,414.45000000,414.71000000,105.96000000
1778184000000,2026-05-07T20:00:00+00:00,414.70000000,416.60000000,414.48000000,415.47000000,178.28000000
1778184900000,2026-05-07T20:15:00+00:00,415.53000000,415.63000000,415.03000000,415.53000000,40.47000000
1778185800000,2026-05-07T20:30:00+00:00,415.52000000,415.98000000,414.66000000,414.83000000,50.85000000
1778186700000,2026-05-07T20:45:00+00:00,414.99000000,415.02000000,413.80000000,413.80000000,32.05000000
1778187600000,2026-05-07T21:00:00+00:00,413.92000000,414.34000000,413.56000000,413.78000000,28.97000000
1778188500000,2026-05-07T21:15:00+00:00,413.80000000,414.96000000,413.51000000,414.08000000,41.56000000
1778189400000,2026-05-07T21:30:00+00:00,414.33000000,414.62000000,413.18000000,413.31000000,3.70000000
1778190300000,2026-05-07T21:45:00+00:00,413.24000000,413.48000000,410.69000000,411.43000000,58.34000000
1778191200000,2026-05-07T22:00:00+00:00,411.63000000,412.98000000,411.63000000,412.82000000,30.35000000
1778192100000,2026-05-07T22:15:00+00:00,412.81000000,414.44000000,412.81000000,414.24000000,402.16000000
1778193000000,2026-05-07T22:30:00+00:00,413.80000000,413.94000000,413.07000000,413.37000000,54.83000000
1778193900000,2026-05-07T22:45:00+00:00,413.37000000,413.46000000,413.12000000,413.12000000,7.23000000
1778194800000,2026-05-07T23:00:00+00:00,413.13000000,413.55000000,413.13000000,413.55000000,5.79000000
1778195700000,2026-05-07T23:15:00+00:00,413.61000000,413.99000000,413.38000000,413.93000000,4.35000000
1778196600000,2026-05-07T23:30:00+00:00,414.05000000,414.05000000,413.71000000,413.82000000,4.98000000
1778197500000,2026-05-07T23:45:00+00:00,413.85000000,415.14000000,413.68000000,415.13000000,7.93000000
1778198400000,2026-05-08T00:00:00+00:00,415.22000000,416.38000000,415.22000000,416.17000000,73.71000000
1778199300000,2026-05-08T00:15:00+00:00,416.24000000,416.27000000,415.38000000,416.13000000,39.69000000
1778200200000,2026-05-08T00:30:00+00:00,415.78000000,416.29000000,415.72000000,416.21000000,29.01000000
1778201100000,2026-05-08T00:45:00+00:00,416.02000000,416.02000000,413.07000000,415.62000000,132.48000000
1778202000000,2026-05-08T01:00:00+00:00,415.71000000,416.50000000,415.42000000,416.46000000,36.02000000
1778202900000,2026-05-08T01:15:00+00:00,416.48000000,416.48000000,415.65000000,415.80000000,24.72000000
1778203800000,2026-05-08T01:30:00+00:00,415.80000000,416.40000000,415.57000000,416.18000000,24.77000000
1778204700000,2026-05-08T01:45:00+00:00,416.04000000,416.49000000,415.75000000,415.96000000,27.14000000
1778205600000,2026-05-08T02:00:00+00:00,415.86000000,415.94000000,414.74000000,414.85000000,56.07000000
1778206500000,2026-05-08T02:15:00+00:00,414.99000000,415.08000000,412.51000000,414.31000000,162.79000000
1778207400000,2026-05-08T02:30:00+00:00,413.97000000,414.79000000,413.56000000,414.79000000,71.12000000
1778208300000,2026-05-08T02:45:00+00:00,414.53000000,415.93000000,414.53000000,415.45000000,34.35000000
1778209200000,2026-05-08T03:00:00+00:00,415.44000000,415.52000000,414.92000000,415.52000000,28.80000000
1778210100000,2026-05-08T03:15:00+00:00,415.52000000,415.73000000,415.02000000,415.40000000,43.93000000
1778211000000,2026-05-08T03:30:00+00:00,415.38000000,416.00000000,415.34000000,415.37000000,13.30000000
1778211900000,2026-05-08T03:45:00+00:00,415.32000000,415.53000000,415.15000000,415.51000000,16.44000000
1778212800000,2026-05-08T04:00:00+00:00,415.68000000,415.76000000,415.42000000,415.64000000,6.06000000
1778213700000,2026-05-08T04:15:00+00:00,415.59000000,415.95000000,415.37000000,415.83000000,19.82000000
1778214600000,2026-05-08T04:30:00+00:00,415.94000000,415.94000000,415.29000000,415.51000000,8.42000000
1778215500000,2026-05-08T04:45:00+00:00,415.44000000,416.57000000,415.34000000,416.38000000,36.16000000
1778216400000,2026-05-08T05:00:00+00:00,416.32000000,416.93000000,416.32000000,416.86000000,66.40000000
1778217300000,2026-05-08T05:15:00+00:00,416.96000000,417.93000000,416.80000000,417.50000000,60.00000000
1778218200000,2026-05-08T05:30:00+00:00,417.69000000,418.00000000,415.96000000,416.59000000,93.68000000
1778219100000,2026-05-08T05:45:00+00:00,416.58000000,417.48000000,416.33000000,417.14000000,15.87000000
1778220000000,2026-05-08T06:00:00+00:00,417.03000000,417.18000000,416.42000000,417.09000000,204.17000000
1778220900000,2026-05-08T06:15:00+00:00,416.84000000,417.06000000,415.89000000,416.46000000,57.32000000
1778221800000,2026-05-08T06:30:00+00:00,416.60000000,416.64000000,416.17000000,416.42000000,7.24000000
1778222700000,2026-05-08T06:45:00+00:00,416.48000000,416.65000000,416.33000000,416.56000000,8.71000000
1778223600000,2026-05-08T07:00:00+00:00,416.63000000,416.63000000,415.86000000,416.15000000,22.56000000
1778224500000,2026-05-08T07:15:00+00:00,415.81000000,416.10000000,415.19000000,416.03000000,30.50000000
1778225400000,2026-05-08T07:30:00+00:00,416.07000000,416.31000000,415.51000000,416.17000000,25.54000000
1778226300000,2026-05-08T07:45:00+00:00,416.11000000,416.29000000,415.67000000,415.85000000,9.25000000
1778227200000,2026-05-08T08:00:00+00:00,416.01000000,416.12000000,414.98000000,415.83000000,93.19000000
1778228100000,2026-05-08T08:15:00+00:00,415.87000000,416.33000000,415.37000000,416.23000000,33.71000000
1778229000000,2026-05-08T08:30:00+00:00,416.21000000,417.85000000,416.19000000,416.97000000,95.54000000
1778229900000,2026-05-08T08:45:00+00:00,416.95000000,417.62000000,416.61000000,417.59000000,26.09000000
1778230800000,2026-05-08T09:00:00+00:00,417.50000000,418.03000000,417.27000000,417.64000000,57.14000000
1778231700000,2026-05-08T09:15:00+00:00,417.82000000,417.95000000,416.90000000,416.94000000,37.47000000
1778232600000,2026-05-08T09:30:00+00:00,416.77000000,416.77000000,415.58000000,415.68000000,14.19000000
1778233500000,2026-05-08T09:45:00+00:00,415.57000000,415.66000000,414.31000000,415.31000000,35.21000000
1778234400000,2026-05-08T10:00:00+00:00,415.23000000,415.52000000,414.27000000,414.71000000,45.23000000
1778235300000,2026-05-08T10:15:00+00:00,414.75000000,415.13000000,414.50000000,414.63000000,23.36000000
1778236200000,2026-05-08T10:30:00+00:00,414.77000000,415.70000000,414.60000000,415.50000000,10.35000000
1778237100000,2026-05-08T10:45:00+00:00,415.45000000,415.45000000,414.36000000,414.36000000,28.31000000
1778238000000,2026-05-08T11:00:00+00:00,414.37000000,415.23000000,414.37000000,414.65000000,20.35000000
1778238900000,2026-05-08T11:15:00+00:00,414.54000000,415.43000000,414.54000000,415.09000000,48.03000000
1778239800000,2026-05-08T11:30:00+00:00,415.25000000,415.29000000,414.86000000,415.27000000,8.86000000
1778240700000,2026-05-08T11:45:00+00:00,415.05000000,416.50000000,415.05000000,416.12000000,22.64000000
1778241600000,2026-05-08T12:00:00+00:00,416.31000000,416.31000000,415.54000000,416.18000000,25.85000000
1778242500000,2026-05-08T12:15:00+00:00,416.14000000,417.38000000,416.05000000,417.37000000,34.19000000
1778243400000,2026-05-08T12:30:00+00:00,417.10000000,418.14000000,416.76000000,417.75000000,107.22000000
1778244300000,2026-05-08T12:45:00+00:00,417.78000000,417.78000000,417.00000000,417.17000000,22.61000000
1778245200000,2026-05-08T13:00:00+00:00,417.30000000,417.73000000,416.72000000,417.16000000,80.18000000
1778246100000,2026-05-08T13:15:00+00:00,417.24000000,417.71000000,416.73000000,417.32000000,46.38000000
1778247000000,2026-05-08T13:30:00+00:00,417.31000000,417.39000000,412.81000000,416.11000000,422.08000000
1778247900000,2026-05-08T13:45:00+00:00,416.39000000,416.87000000,414.60000000,416.38000000,291.91000000
1778248800000,2026-05-08T14:00:00+00:00,416.46000000,417.58000000,414.33000000,414.34000000,380.27000000
1778249700000,2026-05-08T14:15:00+00:00,414.38000000,415.30000000,411.90000000,412.19000000,145.93000000
1778250600000,2026-05-08T14:30:00+00:00,412.07000000,414.49000000,411.90000000,414.29000000,350.26000000
1778251500000,2026-05-08T14:45:00+00:00,414.16000000,415.92000000,413.98000000,415.51000000,122.54000000
1778252400000,2026-05-08T15:00:00+00:00,415.46000000,416.37000000,414.00000000,414.13000000,114.14000000
1778253300000,2026-05-08T15:15:00+00:00,413.97000000,413.97000000,413.07000000,413.72000000,152.64000000
1778254200000,2026-05-08T15:30:00+00:00,413.78000000,414.87000000,412.87000000,413.21000000,146.31000000
1778255100000,2026-05-08T15:45:00+00:00,413.42000000,414.21000000,413.02000000,413.20000000,42.63000000
1778256000000,2026-05-08T16:00:00+00:00,413.29000000,414.17000000,412.85000000,412.98000000,184.31000000
1778256900000,2026-05-08T16:15:00+00:00,413.31000000,414.28000000,413.25000000,414.00000000,155.41000000
1778257800000,2026-05-08T16:30:00+00:00,413.95000000,413.97000000,412.59000000,412.85000000,163.90000000
1778258700000,2026-05-08T16:45:00+00:00,412.97000000,413.33000000,404.03000000,406.38000000,1103.16000000
1778259600000,2026-05-08T17:00:00+00:00,406.58000000,406.63000000,401.52000000,405.00000000,805.31000000
1778260500000,2026-05-08T17:15:00+00:00,404.86000000,409.00000000,404.06000000,408.45000000,502.32000000
1778261400000,2026-05-08T17:30:00+00:00,408.65000000,409.11000000,407.57000000,408.51000000,275.61000000
1778262300000,2026-05-08T17:45:00+00:00,408.58000000,409.34000000,407.59000000,408.81000000,67.85000000
1778263200000,2026-05-08T18:00:00+00:00,408.67000000,410.43000000,408.00000000,409.55000000,124.97000000
1778264100000,2026-05-08T18:15:00+00:00,409.69000000,410.17000000,408.68000000,410.09000000,267.42000000
1778265000000,2026-05-08T18:30:00+00:00,409.97000000,409.98000000,408.27000000,408.55000000,117.79000000
1778265900000,2026-05-08T18:45:00+00:00,408.55000000,409.49000000,408.20000000,408.77000000,114.64000000
1778266800000,2026-05-08T19:00:00+00:00,408.62000000,410.68000000,408.62000000,409.55000000,122.94000000
1778267700000,2026-05-08T19:15:00+00:00,409.56000000,410.13000000,408.54000000,408.63000000,263.12000000
1778268600000,2026-05-08T19:30:00+00:00,408.66000000,410.10000000,408.46000000,409.78000000,31.30000000
1778269500000,2026-05-08T19:45:00+00:00,409.60000000,411.82000000,409.39000000,411.68000000,85.58000000
1778270400000,2026-05-08T20:00:00+00:00,411.66000000,413.00000000,411.52000000,411.69000000,86.74000000
1778271300000,2026-05-08T20:15:00+00:00,411.67000000,411.99000000,411.45000000,411.64000000,23.29000000
1778272200000,2026-05-08T20:30:00+00:00,411.83000000,411.83000000,411.27000000,411.38000000,17.00000000
1778273100000,2026-05-08T20:45:00+00:00,411.38000000,411.57000000,411.02000000,411.02000000,17.43000000
1778274000000,2026-05-08T21:00:00+00:00,411.03000000,411.10000000,410.18000000,410.18000000,27.90000000
1778274900000,2026-05-08T21:15:00+00:00,410.29000000,410.95000000,410.22000000,410.51000000,71.59000000
1778275800000,2026-05-08T21:30:00+00:00,410.37000000,410.89000000,410.31000000,410.31000000,7.28000000
1778276700000,2026-05-08T21:45:00+00:00,410.92000000,411.42000000,410.74000000,411.09000000,20.61000000
1778277600000,2026-05-08T22:00:00+00:00,411.12000000,411.85000000,410.84000000,411.85000000,42.50000000
1778278500000,2026-05-08T22:15:00+00:00,411.67000000,412.52000000,411.45000000,411.75000000,33.69000000
1778279400000,2026-05-08T22:30:00+00:00,412.00000000,412.22000000,411.51000000,411.79000000,16.32000000
1778280300000,2026-05-08T22:45:00+00:00,411.51000000,412.00000000,411.41000000,411.48000000,32.75000000
1778281200000,2026-05-08T23:00:00+00:00,411.53000000,411.95000000,411.37000000,411.48000000,5.98000000
1778282100000,2026-05-08T23:15:00+00:00,411.57000000,413.00000000,411.14000000,412.25000000,97.52000000
1778283000000,2026-05-08T23:30:00+00:00,411.93000000,413.11000000,409.57000000,411.65000000,343.84000000
1778283900000,2026-05-08T23:45:00+00:00,411.90000000,412.11000000,411.46000000,411.47000000,30.81000000
1778284800000,2026-05-09T00:00:00+00:00,411.49000000,412.20000000,410.41000000,411.60000000,167.51000000
1778285700000,2026-05-09T00:15:00+00:00,411.60000000,412.21000000,411.55000000,411.95000000,25.33000000
1778286600000,2026-05-09T00:30:00+00:00,411.97000000,412.40000000,411.66000000,411.66000000,20.97000000
1778287500000,2026-05-09T00:45:00+00:00,411.69000000,411.96000000,410.98000000,411.42000000,35.98000000
1778288400000,2026-05-09T01:00:00+00:00,411.31000000,411.52000000,410.96000000,411.35000000,42.48000000
1778289300000,2026-05-09T01:15:00+00:00,411.36000000,411.44000000,410.74000000,411.27000000,62.81000000
1778290200000,2026-05-09T01:30:00+00:00,411.29000000,412.21000000,411.11000000,411.97000000,21.24000000
1778291100000,2026-05-09T01:45:00+00:00,411.65000000,412.31000000,411.40000000,411.59000000,101.84000000
1778292000000,2026-05-09T02:00:00+00:00,411.58000000,412.07000000,410.95000000,411.89000000,44.48000000
1778292900000,2026-05-09T02:15:00+00:00,411.66000000,412.01000000,410.94000000,411.21000000,47.63000000
1778293800000,2026-05-09T02:30:00+00:00,411.35000000,411.75000000,411.00000000,411.21000000,14.96000000
1778294700000,2026-05-09T02:45:00+00:00,411.27000000,411.73000000,411.00000000,411.67000000,27.83000000
1778295600000,2026-05-09T03:00:00+00:00,411.54000000,411.75000000,411.32000000,411.40000000,17.19000000
1778296500000,2026-05-09T03:15:00+00:00,411.27000000,411.75000000,410.99000000,411.54000000,40.41000000
1778297400000,2026-05-09T03:30:00+00:00,411.45000000,411.73000000,411.24000000,411.57000000,5.55000000
1778298300000,2026-05-09T03:45:00+00:00,411.57000000,411.75000000,411.00000000,411.58000000,40.39000000
1778299200000,2026-05-09T04:00:00+00:00,411.30000000,411.75000000,410.93000000,411.00000000,38.59000000
1778300100000,2026-05-09T04:15:00+00:00,411.40000000,411.45000000,410.98000000,411.43000000,17.29000000
1778301000000,2026-05-09T04:30:00+00:00,411.43000000,411.71000000,411.05000000,411.70000000,18.42000000
1778301900000,2026-05-09T04:45:00+00:00,411.75000000,411.75000000,411.21000000,411.44000000,12.31000000
1778302800000,2026-05-09T05:00:00+00:00,411.22000000,411.38000000,410.95000000,411.24000000,16.11000000
1778303700000,2026-05-09T05:15:00+00:00,411.13000000,411.38000000,411.07000000,411.35000000,19.54000000
1778304600000,2026-05-09T05:30:00+00:00,411.56000000,411.68000000,411.48000000,411.48000000,5.87000000
1778305500000,2026-05-09T05:45:00+00:00,411.48000000,411.57000000,411.39000000,411.47000000,2.65000000
1778306400000,2026-05-09T06:00:00+00:00,411.49000000,411.82000000,411.12000000,411.71000000,26.40000000
1778307300000,2026-05-09T06:15:00+00:00,411.61000000,411.63000000,411.06000000,411.07000000,22.81000000
1778308200000,2026-05-09T06:30:00+00:00,411.16000000,411.67000000,411.07000000,411.67000000,37.54000000
1778309100000,2026-05-09T06:45:00+00:00,411.33000000,411.80000000,411.16000000,411.65000000,24.27000000
1778310000000,2026-05-09T07:00:00+00:00,411.83000000,411.83000000,411.20000000,411.39000000,11.45000000
1778310900000,2026-05-09T07:15:00+00:00,411.53000000,411.53000000,411.06000000,411.18000000,30.74000000
1778311800000,2026-05-09T07:30:00+00:00,411.25000000,411.41000000,411.07000000,411.19000000,41.80000000
1778312700000,2026-05-09T07:45:00+00:00,411.34000000,411.50000000,411.13000000,411.37000000,4.74000000
1778313600000,2026-05-09T08:00:00+00:00,411.50000000,412.43000000,411.13000000,411.82000000,49.30000000
1778314500000,2026-05-09T08:15:00+00:00,411.66000000,411.80000000,411.25000000,411.55000000,10.25000000
1778315400000,2026-05-09T08:30:00+00:00,411.35000000,412.18000000,411.34000000,411.41000000,15.80000000
1778316300000,2026-05-09T08:45:00+00:00,411.56000000,411.56000000,411.01000000,411.38000000,12.56000000
1778317200000,2026-05-09T09:00:00+00:00,411.20000000,411.63000000,411.20000000,411.56000000,1.46000000
1778318100000,2026-05-09T09:15:00+00:00,411.38000000,411.68000000,411.33000000,411.40000000,11.26000000
1778319000000,2026-05-09T09:30:00+00:00,411.23000000,411.75000000,411.15000000,411.16000000,30.27000000
1778319900000,2026-05-09T09:45:00+00:00,411.10000000,411.29000000,410.78000000,411.11000000,91.32000000
1778320800000,2026-05-09T10:00:00+00:00,411.16000000,411.46000000,410.91000000,411.28000000,39.15000000
1778321700000,2026-05-09T10:15:00+00:00,411.30000000,411.46000000,411.09000000,411.30000000,6.81000000
1778322600000,2026-05-09T10:30:00+00:00,411.33000000,411.74000000,411.09000000,411.73000000,22.60000000
1778323500000,2026-05-09T10:45:00+00:00,411.65000000,411.77000000,411.41000000,411.48000000,21.06000000
1778324400000,2026-05-09T11:00:00+00:00,411.49000000,411.60000000,411.32000000,411.32000000,3.80000000
1778325300000,2026-05-09T11:15:00+00:00,411.30000000,411.44000000,411.23000000,411.24000000,11.23000000
1778326200000,2026-05-09T11:30:00+00:00,411.25000000,411.42000000,411.21000000,411.35000000,2.76000000
1778327100000,2026-05-09T11:45:00+00:00,411.33000000,411.56000000,411.33000000,411.56000000,2.87000000
1778328000000,2026-05-09T12:00:00+00:00,411.56000000,411.66000000,411.26000000,411.66000000,29.06000000
1778328900000,2026-05-09T12:15:00+00:00,411.65000000,411.65000000,411.40000000,411.50000000,7.26000000
1778329800000,2026-05-09T12:30:00+00:00,411.50000000,411.63000000,411.20000000,411.58000000,4.75000000
1778330700000,2026-05-09T12:45:00+00:00,411.64000000,411.67000000,411.41000000,411.63000000,18.74000000
1778331600000,2026-05-09T13:00:00+00:00,411.62000000,411.75000000,411.23000000,411.23000000,8.57000000
1778332500000,2026-05-09T13:15:00+00:00,411.23000000,411.42000000,411.07000000,411.34000000,9.95000000
1778333400000,2026-05-09T13:30:00+00:00,411.18000000,411.40000000,411.03000000,411.25000000,18.47000000
1778334300000,2026-05-09T13:45:00+00:00,411.27000000,411.46000000,411.24000000,411.36000000,3.07000000
1778335200000,2026-05-09T14:00:00+00:00,411.31000000,411.44000000,411.22000000,411.24000000,6.82000000
1778336100000,2026-05-09T14:15:00+00:00,411.25000000,411.39000000,411.05000000,411.39000000,13.09000000
1778337000000,2026-05-09T14:30:00+00:00,411.26000000,411.37000000,411.06000000,411.30000000,2.13000000
1778337900000,2026-05-09T14:45:00+00:00,411.31000000,411.36000000,411.08000000,411.14000000,6.33000000
1778338800000,2026-05-09T15:00:00+00:00,411.10000000,411.24000000,410.96000000,411.24000000,25.01000000
1778339700000,2026-05-09T15:15:00+00:00,411.12000000,411.25000000,411.03000000,411.05000000,1.68000000
1778340600000,2026-05-09T15:30:00+00:00,411.38000000,411.46000000,411.03000000,411.28000000,42.95000000
1778341500000,2026-05-09T15:45:00+00:00,411.39000000,411.45000000,411.15000000,411.27000000,8.43000000
1778342400000,2026-05-09T16:00:00+00:00,411.26000000,411.40000000,411.06000000,411.28000000,16.99000000
1778343300000,2026-05-09T16:15:00+00:00,411.22000000,411.45000000,411.17000000,411.39000000,4.11000000
1778344200000,2026-05-09T16:30:00+00:00,411.11000000,411.42000000,411.08000000,411.21000000,12.99000000
1778345100000,2026-05-09T16:45:00+00:00,411.15000000,411.32000000,411.15000000,411.27000000,0.57000000
1778346000000,2026-05-09T17:00:00+00:00,411.25000000,411.45000000,411.06000000,411.30000000,23.67000000
1778346900000,2026-05-09T17:15:00+00:00,411.42000000,411.45000000,411.26000000,411.40000000,5.84000000
1778347800000,2026-05-09T17:30:00+00:00,411.36000000,411.42000000,411.15000000,411.18000000,2.09000000
1778348700000,2026-05-09T17:45:00+00:00,411.40000000,411.40000000,411.40000000,411.40000000,0.02000000
1778349600000,2026-05-09T18:00:00+00:00,411.25000000,411.25000000,411.02000000,411.24000000,1.98000000
1778350500000,2026-05-09T18:15:00+00:00,411.40000000,411.40000000,411.39000000,411.39000000,0.55000000
1778351400000,2026-05-09T18:30:00+00:00,411.38000000,411.43000000,411.16000000,411.30000000,5.37000000
1778352300000,2026-05-09T18:45:00+00:00,411.30000000,411.31000000,411.01000000,411.24000000,5.04000000
1778353200000,2026-05-09T19:00:00+00:00,411.21000000,411.21000000,411.07000000,411.07000000,4.48000000
1778354100000,2026-05-09T19:15:00+00:00,411.07000000,411.07000000,411.07000000,411.07000000,0.00000000
1778355000000,2026-05-09T19:30:00+00:00,411.12000000,411.17000000,411.12000000,411.16000000,0.43000000
1778355900000,2026-05-09T19:45:00+00:00,411.17000000,411.19000000,411.15000000,411.15000000,1.22000000
1778356800000,2026-05-09T20:00:00+00:00,411.12000000,411.19000000,411.07000000,411.14000000,4.20000000
1778357700000,2026-05-09T20:15:00+00:00,411.14000000,411.14000000,411.08000000,411.08000000,0.45000000
1778358600000,2026-05-09T20:30:00+00:00,411.08000000,411.16000000,411.08000000,411.08000000,0.12000000
1778359500000,2026-05-09T20:45:00+00:00,411.16000000,411.23000000,411.16000000,411.23000000,1.63000000
1778360400000,2026-05-09T21:00:00+00:00,411.08000000,411.42000000,411.07000000,411.41000000,8.04000000
1778361300000,2026-05-09T21:15:00+00:00,411.28000000,411.45000000,411.27000000,411.41000000,1.38000000
1778362200000,2026-05-09T21:30:00+00:00,411.45000000,411.50000000,411.12000000,411.30000000,7.14000000
1778363100000,2026-05-09T21:45:00+00:00,411.30000000,411.30000000,411.08000000,411.08000000,0.41000000
1778364000000,2026-05-09T22:00:00+00:00,411.44000000,411.60000000,411.07000000,411.21000000,29.58000000
1778364900000,2026-05-09T22:15:00+00:00,411.10000000,411.35000000,411.01000000,411.24000000,19.91000000
1778365800000,2026-05-09T22:30:00+00:00,411.24000000,411.34000000,411.00000000,411.03000000,3.93000000
1778366700000,2026-05-09T22:45:00+00:00,411.02000000,411.17000000,410.96000000,411.01000000,24.50000000
1778367600000,2026-05-09T23:00:00+00:00,411.09000000,411.20000000,410.74000000,411.20000000,49.02000000
1778368500000,2026-05-09T23:15:00+00:00,411.20000000,411.26000000,411.09000000,411.22000000,1.28000000
1778369400000,2026-05-09T23:30:00+00:00,411.22000000,411.28000000,411.08000000,411.23000000,0.81000000
1778370300000,2026-05-09T23:45:00+00:00,411.16000000,411.17000000,411.13000000,411.14000000,0.80000000
1778371200000,2026-05-10T00:00:00+00:00,411.18000000,411.19000000,410.75000000,411.03000000,14.77000000
1778372100000,2026-05-10T00:15:00+00:00,411.13000000,411.22000000,410.99000000,411.18000000,8.93000000
1778373000000,2026-05-10T00:30:00+00:00,411.18000000,411.30000000,411.11000000,411.29000000,10.12000000
1778373900000,2026-05-10T00:45:00+00:00,411.27000000,411.39000000,411.21000000,411.33000000,4.78000000
1778374800000,2026-05-10T01:00:00+00:00,411.27000000,411.30000000,410.84000000,410.96000000,7.66000000
1778375700000,2026-05-10T01:15:00+00:00,410.92000000,411.03000000,410.79000000,410.86000000,3.60000000
1778376600000,2026-05-10T01:30:00+00:00,410.88000000,411.19000000,410.88000000,410.98000000,5.02000000
1778377500000,2026-05-10T01:45:00+00:00,411.07000000,411.20000000,411.07000000,411.09000000,0.81000000
1778378400000,2026-05-10T02:00:00+00:00,410.99000000,411.00000000,410.83000000,411.00000000,5.29000000
1778379300000,2026-05-10T02:15:00+00:00,411.28000000,411.40000000,411.28000000,411.40000000,5.03000000
1778380200000,2026-05-10T02:30:00+00:00,411.39000000,411.40000000,411.10000000,411.29000000,19.45000000
1778381100000,2026-05-10T02:45:00+00:00,411.19000000,411.31000000,411.05000000,411.31000000,4.46000000
1778382000000,2026-05-10T03:00:00+00:00,411.21000000,411.21000000,411.00000000,411.00000000,1.41000000
1778382900000,2026-05-10T03:15:00+00:00,411.01000000,411.01000000,411.01000000,411.01000000,1.45000000
1778383800000,2026-05-10T03:30:00+00:00,411.28000000,411.34000000,411.17000000,411.33000000,3.60000000
1778384700000,2026-05-10T03:45:00+00:00,411.22000000,411.22000000,411.22000000,411.22000000,0.33000000
1778385600000,2026-05-10T04:00:00+00:00,411.19000000,411.29000000,411.00000000,411.06000000,9.64000000
1778386500000,2026-05-10T04:15:00+00:00,411.06000000,411.07000000,411.00000000,411.06000000,0.66000000
1778387400000,2026-05-10T04:30:00+00:00,411.07000000,411.19000000,410.85000000,410.95000000,14.97000000
1778388300000,2026-05-10T04:45:00+00:00,411.08000000,411.26000000,411.02000000,411.12000000,11.93000000
1778389200000,2026-05-10T05:00:00+00:00,410.90000000,410.96000000,410.85000000,410.85000000,0.79000000
1778390100000,2026-05-10T05:15:00+00:00,410.91000000,410.99000000,410.85000000,410.90000000,3.48000000
1778391000000,2026-05-10T05:30:00+00:00,410.99000000,411.00000000,410.90000000,410.99000000,0.88000000
1778391900000,2026-05-10T05:45:00+00:00,410.99000000,411.20000000,410.79000000,411.19000000,18.39000000
1778392800000,2026-05-10T06:00:00+00:00,411.19000000,411.20000000,410.86000000,411.07000000,14.83000000
1778393700000,2026-05-10T06:15:00+00:00,411.07000000,411.16000000,410.83000000,411.16000000,4.07000000
1778394600000,2026-05-10T06:30:00+00:00,411.13000000,411.13000000,410.96000000,411.01000000,0.86000000
1778395500000,2026-05-10T06:45:00+00:00,411.18000000,411.20000000,411.07000000,411.19000000,10.41000000
1778396400000,2026-05-10T07:00:00+00:00,411.03000000,411.22000000,410.92000000,411.21000000,11.78000000
1778397300000,2026-05-10T07:15:00+00:00,411.21000000,411.21000000,411.01000000,411.01000000,0.73000000
1778398200000,2026-05-10T07:30:00+00:00,411.09000000,411.10000000,411.00000000,411.01000000,1.97000000
1778399100000,2026-05-10T07:45:00+00:00,411.01000000,411.12000000,410.83000000,411.02000000,15.16000000
1778400000000,2026-05-10T08:00:00+00:00,411.03000000,411.21000000,410.95000000,411.06000000,2.54000000
1778400900000,2026-05-10T08:15:00+00:00,410.99000000,411.21000000,410.90000000,411.19000000,9.70000000
1778401800000,2026-05-10T08:30:00+00:00,411.19000000,411.22000000,411.19000000,411.22000000,1.32000000
1778402700000,2026-05-10T08:45:00+00:00,411.19000000,411.19000000,411.11000000,411.12000000,1.86000000
1778403600000,2026-05-10T09:00:00+00:00,411.12000000,411.25000000,411.11000000,411.23000000,6.32000000
1778404500000,2026-05-10T09:15:00+00:00,411.17000000,411.17000000,410.59000000,411.02000000,39.94000000
1778405400000,2026-05-10T09:30:00+00:00,411.06000000,411.19000000,411.06000000,411.18000000,2.22000000
1778406300000,2026-05-10T09:45:00+00:00,411.18000000,411.20000000,411.18000000,411.20000000,1.55000000
1778407200000,2026-05-10T10:00:00+00:00,411.19000000,411.30000000,411.01000000,411.20000000,14.51000000
1778408100000,2026-05-10T10:15:00+00:00,411.06000000,411.22000000,411.05000000,411.09000000,3.17000000
1778409000000,2026-05-10T10:30:00+00:00,411.03000000,411.19000000,411.03000000,411.19000000,0.61000000
1778409900000,2026-05-10T10:45:00+00:00,411.19000000,411.19000000,411.19000000,411.19000000,0.18000000
1778410800000,2026-05-10T11:00:00+00:00,411.07000000,411.33000000,411.06000000,411.33000000,14.37000000
1778411700000,2026-05-10T11:15:00+00:00,411.32000000,411.35000000,411.23000000,411.32000000,11.50000000
1778412600000,2026-05-10T11:30:00+00:00,411.35000000,411.67000000,411.12000000,411.63000000,22.52000000
1778413500000,2026-05-10T11:45:00+00:00,411.64000000,411.64000000,411.51000000,411.64000000,0.86000000
1778414400000,2026-05-10T12:00:00+00:00,411.64000000,411.64000000,411.50000000,411.63000000,4.70000000
1778415300000,2026-05-10T12:15:00+00:00,411.63000000,412.09000000,411.63000000,412.09000000,18.27000000
1778416200000,2026-05-10T12:30:00+00:00,412.10000000,412.76000000,411.84000000,412.13000000,14.24000000
1778417100000,2026-05-10T12:45:00+00:00,412.12000000,412.80000000,412.02000000,412.80000000,15.61000000
1778418000000,2026-05-10T13:00:00+00:00,412.80000000,413.20000000,412.70000000,413.05000000,62.62000000
1778418900000,2026-05-10T13:15:00+00:00,412.99000000,413.04000000,412.32000000,412.62000000,62.53000000
1778419800000,2026-05-10T13:30:00+00:00,412.61000000,413.04000000,412.61000000,413.01000000,17.50000000
1778420700000,2026-05-10T13:45:00+00:00,413.02000000,413.02000000,412.09000000,412.44000000,27.27000000
1778421600000,2026-05-10T14:00:00+00:00,412.41000000,412.59000000,411.84000000,412.46000000,14.28000000
1778422500000,2026-05-10T14:15:00+00:00,412.36000000,412.48000000,412.28000000,412.40000000,9.08000000
1778423400000,2026-05-10T14:30:00+00:00,412.33000000,412.51000000,411.50000000,411.79000000,65.88000000
1778424300000,2026-05-10T14:45:00+00:00,411.52000000,411.83000000,411.21000000,411.82000000,40.84000000
1778425200000,2026-05-10T15:00:00+00:00,411.70000000,411.70000000,411.08000000,411.08000000,8.39000000
1778426100000,2026-05-10T15:15:00+00:00,411.09000000,411.72000000,411.09000000,411.39000000,7.95000000
1778427000000,2026-05-10T15:30:00+00:00,411.34000000,411.60000000,411.19000000,411.37000000,13.96000000
1778427900000,2026-05-10T15:45:00+00:00,411.32000000,412.30000000,411.14000000,411.21000000,160.68000000
1778428800000,2026-05-10T16:00:00+00:00,411.20000000,411.48000000,407.20000000,411.48000000,493.68000000
1778429700000,2026-05-10T16:15:00+00:00,411.29000000,411.66000000,411.02000000,411.25000000,95.74000000
1778430600000,2026-05-10T16:30:00+00:00,411.02000000,411.17000000,411.00000000,411.07000000,37.71000000
1778431500000,2026-05-10T16:45:00+00:00,411.02000000,411.37000000,411.00000000,411.15000000,21.50000000
1778432400000,2026-05-10T17:00:00+00:00,411.16000000,411.28000000,411.01000000,411.13000000,28.01000000
1778433300000,2026-05-10T17:15:00+00:00,411.16000000,411.61000000,411.00000000,411.61000000,32.72000000
1778434200000,2026-05-10T17:30:00+00:00,411.56000000,411.82000000,411.33000000,411.81000000,56.18000000
1778435100000,2026-05-10T17:45:00+00:00,411.81000000,412.10000000,411.66000000,412.03000000,24.47000000
1778436000000,2026-05-10T18:00:00+00:00,411.98000000,412.17000000,411.97000000,412.01000000,66.92000000
1778436900000,2026-05-10T18:15:00+00:00,412.01000000,412.01000000,411.13000000,411.33000000,119.22000000
1778437800000,2026-05-10T18:30:00+00:00,411.63000000,411.92000000,411.08000000,411.30000000,20.02000000
1778438700000,2026-05-10T18:45:00+00:00,411.43000000,411.43000000,411.18000000,411.25000000,0.60000000
1778439600000,2026-05-10T19:00:00+00:00,411.14000000,411.41000000,410.34000000,410.60000000,19.71000000
1778440500000,2026-05-10T19:15:00+00:00,410.44000000,410.82000000,410.28000000,410.50000000,6.53000000
1778441400000,2026-05-10T19:30:00+00:00,410.50000000,410.89000000,410.46000000,410.82000000,4.67000000
1778442300000,2026-05-10T19:45:00+00:00,410.87000000,410.92000000,410.36000000,410.39000000,5.70000000
1778443200000,2026-05-10T20:00:00+00:00,410.63000000,410.87000000,410.25000000,410.42000000,11.65000000
1778444100000,2026-05-10T20:15:00+00:00,410.46000000,411.10000000,410.38000000,410.84000000,62.84000000
1778445000000,2026-05-10T20:30:00+00:00,410.77000000,410.91000000,410.23000000,410.83000000,26.30000000
1778445900000,2026-05-10T20:45:00+00:00,410.75000000,410.95000000,410.00000000,410.45000000,93.25000000
1778446800000,2026-05-10T21:00:00+00:00,410.60000000,410.95000000,410.14000000,410.28000000,44.23000000
1778447700000,2026-05-10T21:15:00+00:00,410.37000000,410.56000000,410.16000000,410.47000000,14.27000000
1778448600000,2026-05-10T21:30:00+00:00,410.22000000,411.03000000,410.17000000,410.39000000,17.90000000
1778449500000,2026-05-10T21:45:00+00:00,410.26000000,410.62000000,410.16000000,410.16000000,4.01000000
1778450400000,2026-05-10T22:00:00+00:00,410.17000000,410.61000000,410.16000000,410.16000000,17.30000000
1778451300000,2026-05-10T22:15:00+00:00,410.31000000,410.51000000,410.00000000,410.51000000,6.79000000
1778452200000,2026-05-10T22:30:00+00:00,410.55000000,410.87000000,410.25000000,410.65000000,31.71000000
1778453100000,2026-05-10T22:45:00+00:00,410.69000000,411.35000000,410.66000000,411.07000000,33.65000000
1778454000000,2026-05-10T23:00:00+00:00,411.32000000,411.67000000,411.06000000,411.65000000,25.06000000
1778454900000,2026-05-10T23:15:00+00:00,411.65000000,411.73000000,411.05000000,411.20000000,18.19000000
1778455800000,2026-05-10T23:30:00+00:00,411.13000000,411.66000000,411.13000000,411.66000000,3.53000000
1778456700000,2026-05-10T23:45:00+00:00,411.63000000,411.75000000,411.04000000,411.47000000,29.59000000
1778457600000,2026-05-11T00:00:00+00:00,411.36000000,411.49000000,408.50000000,408.50000000,214.24000000
1778458500000,2026-05-11T00:15:00+00:00,408.63000000,409.12000000,408.39000000,408.48000000,119.90000000
1778459400000,2026-05-11T00:30:00+00:00,408.48000000,408.72000000,405.77000000,407.80000000,345.56000000
1778460300000,2026-05-11T00:45:00+00:00,407.80000000,408.63000000,406.40000000,407.55000000,173.16000000
1778461200000,2026-05-11T01:00:00+00:00,407.49000000,408.41000000,406.97000000,408.26000000,258.73000000
1778462100000,2026-05-11T01:15:00+00:00,408.21000000,408.42000000,407.78000000,407.84000000,82.06000000
1778463000000,2026-05-11T01:30:00+00:00,407.89000000,407.92000000,407.31000000,407.48000000,205.53000000
1778463900000,2026-05-11T01:45:00+00:00,407.47000000,408.27000000,406.74000000,408.09000000,173.36000000
1778464800000,2026-05-11T02:00:00+00:00,408.10000000,408.50000000,407.73000000,408.23000000,71.66000000
1778465700000,2026-05-11T02:15:00+00:00,408.36000000,408.36000000,407.10000000,407.41000000,44.77000000
1778466600000,2026-05-11T02:30:00+00:00,407.48000000,408.01000000,407.12000000,407.57000000,68.89000000
1778467500000,2026-05-11T02:45:00+00:00,407.57000000,408.17000000,407.43000000,408.06000000,27.32000000
1778468400000,2026-05-11T03:00:00+00:00,408.02000000,408.26000000,407.80000000,408.22000000,23.07000000
1778469300000,2026-05-11T03:15:00+00:00,408.25000000,408.34000000,407.88000000,407.91000000,87.05000000
1778470200000,2026-05-11T03:30:00+00:00,408.11000000,408.17000000,407.47000000,407.86000000,50.78000000
1778471100000,2026-05-11T03:45:00+00:00,407.75000000,407.90000000,407.20000000,407.23000000,106.67000000
1778472000000,2026-05-11T04:00:00+00:00,407.24000000,407.61000000,406.90000000,407.46000000,107.36000000
1778472900000,2026-05-11T04:15:00+00:00,407.37000000,407.76000000,407.16000000,407.62000000,43.65000000
1778473800000,2026-05-11T04:30:00+00:00,407.62000000,408.04000000,407.59000000,407.99000000,12.96000000
1778474700000,2026-05-11T04:45:00+00:00,407.95000000,408.27000000,407.92000000,408.15000000,22.14000000
1778475600000,2026-05-11T05:00:00+00:00,408.11000000,408.19000000,407.57000000,407.66000000,21.58000000
1778476500000,2026-05-11T05:15:00+00:00,407.74000000,407.94000000,406.92000000,407.32000000,49.70000000
1778477400000,2026-05-11T05:30:00+00:00,407.36000000,407.65000000,406.62000000,406.62000000,108.32000000
1778478300000,2026-05-11T05:45:00+00:00,406.76000000,407.02000000,406.31000000,406.82000000,61.49000000
1778479200000,2026-05-11T06:00:00+00:00,406.74000000,407.37000000,406.74000000,407.32000000,15.13000000
1778480100000,2026-05-11T06:15:00+00:00,407.27000000,407.47000000,407.01000000,407.21000000,52.02000000
1778481000000,2026-05-11T06:30:00+00:00,407.33000000,407.38000000,406.74000000,406.82000000,6.03000000
1778481900000,2026-05-11T06:45:00+00:00,406.79000000,407.16000000,406.65000000,407.07000000,10.04000000
1778482800000,2026-05-11T07:00:00+00:00,407.07000000,407.07000000,406.00000000,406.11000000,50.39000000
1778483700000,2026-05-11T07:15:00+00:00,406.16000000,406.41000000,405.12000000,406.16000000,137.25000000
1778484600000,2026-05-11T07:30:00+00:00,406.19000000,406.46000000,405.95000000,406.46000000,14.62000000
1778485500000,2026-05-11T07:45:00+00:00,406.53000000,406.87000000,406.50000000,406.70000000,37.92000000
1778486400000,2026-05-11T08:00:00+00:00,406.74000000,406.83000000,403.01000000,403.56000000,237.47000000
1778487300000,2026-05-11T08:15:00+00:00,403.76000000,404.51000000,403.70000000,403.80000000,68.79000000
1778488200000,2026-05-11T08:30:00+00:00,403.80000000,404.44000000,403.37000000,403.98000000,126.29000000
1778489100000,2026-05-11T08:45:00+00:00,404.19000000,405.47000000,403.61000000,404.76000000,137.39000000
1778490000000,2026-05-11T09:00:00+00:00,404.50000000,405.22000000,403.81000000,403.92000000,90.50000000
1778490900000,2026-05-11T09:15:00+00:00,403.75000000,404.22000000,403.53000000,403.88000000,76.34000000
1778491800000,2026-05-11T09:30:00+00:00,403.66000000,403.96000000,403.25000000,403.65000000,188.43000000
1778492700000,2026-05-11T09:45:00+00:00,403.66000000,404.32000000,402.99000000,402.99000000,75.69000000
1778493600000,2026-05-11T10:00:00+00:00,402.84000000,403.27000000,402.53000000,402.55000000,31.02000000
1778494500000,2026-05-11T10:15:00+00:00,402.64000000,402.84000000,401.67000000,401.89000000,78.83000000
1778495400000,2026-05-11T10:30:00+00:00,401.96000000,402.29000000,401.81000000,402.03000000,31.64000000
1778496300000,2026-05-11T10:45:00+00:00,402.19000000,402.98000000,401.94000000,402.43000000,28.63000000
1778497200000,2026-05-11T11:00:00+00:00,402.56000000,403.44000000,402.56000000,403.44000000,17.88000000
1778498100000,2026-05-11T11:15:00+00:00,403.50000000,404.29000000,403.06000000,404.29000000,35.06000000
1778499000000,2026-05-11T11:30:00+00:00,404.16000000,405.25000000,404.16000000,404.53000000,99.87000000
1778499900000,2026-05-11T11:45:00+00:00,404.53000000,405.02000000,404.05000000,405.02000000,49.37000000
1778500800000,2026-05-11T12:00:00+00:00,404.89000000,405.14000000,403.80000000,403.85000000,213.21000000
1778501700000,2026-05-11T12:15:00+00:00,403.91000000,404.52000000,403.74000000,404.27000000,56.42000000
1778502600000,2026-05-11T12:30:00+00:00,404.19000000,404.97000000,404.18000000,404.22000000,32.26000000
1778503500000,2026-05-11T12:45:00+00:00,404.18000000,405.13000000,403.88000000,404.84000000,105.00000000
1778504400000,2026-05-11T13:00:00+00:00,404.80000000,406.30000000,404.71000000,406.28000000,36.84000000
1778505300000,2026-05-11T13:15:00+00:00,406.37000000,408.20000000,406.34000000,408.12000000,106.08000000
1778506200000,2026-05-11T13:30:00+00:00,408.12000000,408.43000000,399.43000000,401.63000000,1560.16000000
1778507100000,2026-05-11T13:45:00+00:00,402.07000000,403.75000000,398.78000000,399.68000000,467.65000000
1778508000000,2026-05-11T14:00:00+00:00,399.63000000,404.00000000,399.44000000,403.47000000,278.45000000
1778508900000,2026-05-11T14:15:00+00:00,403.53000000,404.87000000,401.45000000,401.45000000,238.26000000
1778509800000,2026-05-11T14:30:00+00:00,401.42000000,404.01000000,400.76000000,403.37000000,234.65000000
1778510700000,2026-05-11T14:45:00+00:00,403.34000000,405.63000000,403.17000000,404.53000000,101.27000000
1778511600000,2026-05-11T15:00:00+00:00,404.72000000,405.06000000,403.66000000,403.66000000,146.12000000
1778512500000,2026-05-11T15:15:00+00:00,403.81000000,406.73000000,403.40000000,406.60000000,116.74000000
1778513400000,2026-05-11T15:30:00+00:00,406.60000000,407.48000000,406.06000000,406.06000000,283.46000000
1778514300000,2026-05-11T15:45:00+00:00,406.49000000,406.73000000,404.66000000,405.99000000,354.19000000
1778515200000,2026-05-11T16:00:00+00:00,405.61000000,407.19000000,405.34000000,407.19000000,180.64000000
1778516100000,2026-05-11T16:15:00+00:00,407.32000000,407.42000000,406.06000000,406.22000000,139.92000000
1778517000000,2026-05-11T16:30:00+00:00,406.20000000,406.63000000,404.07000000,404.58000000,67.76000000
1778517900000,2026-05-11T16:45:00+00:00,404.64000000,405.51000000,404.46000000,405.14000000,27.75000000
1778518800000,2026-05-11T17:00:00+00:00,405.31000000,406.19000000,405.29000000,405.68000000,97.87000000
1778519700000,2026-05-11T17:15:00+00:00,405.52000000,405.71000000,404.88000000,405.60000000,136.88000000
1778520600000,2026-05-11T17:30:00+00:00,405.59000000,406.07000000,405.31000000,405.75000000,69.65000000
1778521500000,2026-05-11T17:45:00+00:00,405.66000000,405.95000000,404.78000000,404.84000000,34.65000000
1778522400000,2026-05-11T18:00:00+00:00,404.70000000,405.86000000,404.70000000,405.48000000,47.42000000
1778523300000,2026-05-11T18:15:00+00:00,405.52000000,405.52000000,404.50000000,405.14000000,65.85000000
1778524200000,2026-05-11T18:30:00+00:00,405.14000000,405.84000000,404.71000000,404.99000000,85.04000000
1778525100000,2026-05-11T18:45:00+00:00,404.97000000,405.76000000,404.65000000,404.69000000,44.91000000
1778526000000,2026-05-11T19:00:00+00:00,404.54000000,405.50000000,404.52000000,405.01000000,40.51000000
1778526900000,2026-05-11T19:15:00+00:00,404.95000000,404.95000000,403.90000000,404.11000000,30.83000000
1778527800000,2026-05-11T19:30:00+00:00,404.10000000,405.63000000,403.76000000,405.63000000,53.67000000
1778528700000,2026-05-11T19:45:00+00:00,405.42000000,406.09000000,404.41000000,404.96000000,118.42000000
1778529600000,2026-05-11T20:00:00+00:00,404.83000000,406.21000000,404.33000000,404.77000000,96.26000000
1778530500000,2026-05-11T20:15:00+00:00,404.69000000,405.25000000,404.66000000,405.19000000,22.55000000
1778531400000,2026-05-11T20:30:00+00:00,405.07000000,405.20000000,404.61000000,405.06000000,40.03000000
1778532300000,2026-05-11T20:45:00+00:00,405.06000000,405.25000000,404.92000000,404.97000000,31.32000000
1778533200000,2026-05-11T21:00:00+00:00,405.03000000,405.14000000,404.84000000,404.84000000,8.43000000
1778534100000,2026-05-11T21:15:00+00:00,404.84000000,405.44000000,404.67000000,405.10000000,23.50000000
1778535000000,2026-05-11T21:30:00+00:00,405.14000000,405.60000000,404.10000000,404.15000000,11.31000000
1778535900000,2026-05-11T21:45:00+00:00,404.16000000,404.60000000,403.79000000,404.49000000,18.47000000
1778536800000,2026-05-11T22:00:00+00:00,404.38000000,404.76000000,404.37000000,404.72000000,4.43000000
1778537700000,2026-05-11T22:15:00+00:00,404.71000000,405.01000000,404.31000000,404.79000000,16.89000000
1778538600000,2026-05-11T22:30:00+00:00,404.78000000,404.80000000,404.27000000,404.59000000,12.48000000
1778539500000,2026-05-11T22:45:00+00:00,404.48000000,405.03000000,404.48000000,404.64000000,6.69000000
1778540400000,2026-05-11T23:00:00+00:00,404.81000000,404.81000000,404.17000000,404.30000000,24.78000000
1778541300000,2026-05-11T23:15:00+00:00,404.35000000,404.47000000,404.26000000,404.41000000,15.00000000
1778542200000,2026-05-11T23:30:00+00:00,404.41000000,404.75000000,404.39000000,404.47000000,14.29000000
1778543100000,2026-05-11T23:45:00+00:00,404.49000000,404.67000000,404.33000000,404.63000000,23.46000000
1778544000000,2026-05-12T00:00:00+00:00,404.63000000,405.18000000,403.90000000,404.68000000,67.09000000
1778544900000,2026-05-12T00:15:00+00:00,404.76000000,405.97000000,404.61000000,405.09000000,26.70000000
1778545800000,2026-05-12T00:30:00+00:00,405.11000000,405.60000000,404.20000000,404.53000000,39.67000000
1778546700000,2026-05-12T00:45:00+00:00,404.68000000,405.99000000,402.84000000,403.74000000,581.43000000
1778547600000,2026-05-12T01:00:00+00:00,403.74000000,404.24000000,403.58000000,404.05000000,104.67000000
1778548500000,2026-05-12T01:15:00+00:00,403.91000000,403.91000000,401.38000000,401.93000000,91.91000000
1778549400000,2026-05-12T01:30:00+00:00,401.92000000,402.41000000,399.87000000,401.33000000,451.85000000
1778550300000,2026-05-12T01:45:00+00:00,401.38000000,402.88000000,400.97000000,401.17000000,104.66000000
1778551200000,2026-05-12T02:00:00+00:00,401.19000000,402.71000000,400.61000000,402.50000000,82.78000000
1778552100000,2026-05-12T02:15:00+00:00,402.52000000,402.55000000,401.66000000,402.28000000,56.50000000
1778553000000,2026-05-12T02:30:00+00:00,402.33000000,402.33000000,401.65000000,402.16000000,51.17000000
1778553900000,2026-05-12T02:45:00+00:00,402.12000000,403.26000000,402.05000000,403.20000000,57.72000000
1778554800000,2026-05-12T03:00:00+00:00,403.23000000,404.65000000,403.12000000,404.12000000,83.55000000
1778555700000,2026-05-12T03:15:00+00:00,404.38000000,404.87000000,404.22000000,404.50000000,23.01000000
1778556600000,2026-05-12T03:30:00+00:00,404.52000000,404.88000000,404.01000000,404.41000000,28.89000000
1778557500000,2026-05-12T03:45:00+00:00,404.41000000,404.51000000,403.97000000,404.32000000,15.00000000
1778558400000,2026-05-12T04:00:00+00:00,404.32000000,405.03000000,404.31000000,404.36000000,39.03000000
1778559300000,2026-05-12T04:15:00+00:00,404.53000000,404.67000000,404.11000000,404.35000000,15.14000000
1778560200000,2026-05-12T04:30:00+00:00,404.33000000,404.91000000,404.16000000,404.58000000,25.31000000
1778561100000,2026-05-12T04:45:00+00:00,404.58000000,404.91000000,403.31000000,403.40000000,50.16000000
1778562000000,2026-05-12T05:00:00+00:00,403.33000000,403.72000000,402.50000000,402.50000000,23.99000000
1778562900000,2026-05-12T05:15:00+00:00,402.39000000,403.13000000,402.35000000,402.35000000,47.92000000
1778563800000,2026-05-12T05:30:00+00:00,402.51000000,402.55000000,401.78000000,401.83000000,14.88000000
1778564700000,2026-05-12T05:45:00+00:00,401.92000000,402.40000000,401.77000000,402.26000000,41.34000000
1778565600000,2026-05-12T06:00:00+00:00,402.23000000,402.29000000,401.71000000,401.96000000,29.55000000
1778566500000,2026-05-12T06:15:00+00:00,402.03000000,402.44000000,401.15000000,401.15000000,63.98000000
1778567400000,2026-05-12T06:30:00+00:00,401.34000000,401.93000000,400.93000000,401.17000000,57.47000000
1778568300000,2026-05-12T06:45:00+00:00,401.19000000,401.24000000,399.50000000,399.61000000,260.59000000
1778569200000,2026-05-12T07:00:00+00:00,399.61000000,400.05000000,398.85000000,399.93000000,240.78000000
1778570100000,2026-05-12T07:15:00+00:00,399.83000000,400.59000000,399.20000000,400.39000000,121.82000000
1778571000000,2026-05-12T07:30:00+00:00,400.39000000,400.48000000,400.07000000,400.36000000,12.75000000
1778571900000,2026-05-12T07:45:00+00:00,400.36000000,400.63000000,399.96000000,400.34000000,42.43000000
1778572800000,2026-05-12T08:00:00+00:00,400.36000000,400.70000000,398.43000000,398.80000000,206.13000000
1778573700000,2026-05-12T08:15:00+00:00,398.74000000,399.77000000,398.58000000,399.62000000,137.23000000
1778574600000,2026-05-12T08:30:00+00:00,399.90000000,400.29000000,399.66000000,399.84000000,60.63000000
1778575500000,2026-05-12T08:45:00+00:00,399.82000000,399.82000000,399.09000000,399.69000000,39.41000000
1778576400000,2026-05-12T09:00:00+00:00,399.69000000,399.69000000,398.97000000,399.25000000,151.16000000
1778577300000,2026-05-12T09:15:00+00:00,399.28000000,399.61000000,399.07000000,399.46000000,31.86000000
1778578200000,2026-05-12T09:30:00+00:00,399.51000000,400.03000000,399.46000000,399.78000000,60.49000000
1778579100000,2026-05-12T09:45:00+00:00,399.75000000,399.80000000,399.59000000,399.76000000,46.73000000
1778580000000,2026-05-12T10:00:00+00:00,399.75000000,400.07000000,399.35000000,399.88000000,62.00000000
1778580900000,2026-05-12T10:15:00+00:00,399.91000000,400.09000000,399.47000000,399.68000000,27.39000000
1778581800000,2026-05-12T10:30:00+00:00,399.67000000,399.85000000,399.35000000,399.48000000,22.03000000
1778582700000,2026-05-12T10:45:00+00:00,399.48000000,399.48000000,398.67000000,399.15000000,56.52000000
1778583600000,2026-05-12T11:00:00+00:00,399.23000000,399.68000000,398.47000000,398.64000000,57.75000000
1778584500000,2026-05-12T11:15:00+00:00,398.74000000,398.74000000,397.99000000,398.24000000,52.95000000
1778585400000,2026-05-12T11:30:00+00:00,398.22000000,398.26000000,397.32000000,397.71000000,38.62000000
1778586300000,2026-05-12T11:45:00+00:00,397.70000000,397.97000000,397.38000000,397.46000000,27.12000000
1778587200000,2026-05-12T12:00:00+00:00,397.46000000,397.57000000,396.21000000,396.47000000,70.53000000
1778588100000,2026-05-12T12:15:00+00:00,396.40000000,396.72000000,395.55000000,395.72000000,64.14000000
1778589000000,2026-05-12T12:30:00+00:00,395.83000000,398.82000000,395.24000000,397.89000000,397.60000000
1778589900000,2026-05-12T12:45:00+00:00,397.76000000,398.58000000,397.50000000,397.61000000,103.72000000
1778590800000,2026-05-12T13:00:00+00:00,397.59000000,397.95000000,397.09000000,397.60000000,251.83000000
1778591700000,2026-05-12T13:15:00+00:00,397.62000000,398.53000000,396.76000000,398.53000000,173.87000000
1778592600000,2026-05-12T13:30:00+00:00,398.29000000,402.60000000,395.37000000,402.00000000,898.03000000
1778593500000,2026-05-12T13:45:00+00:00,401.87000000,402.35000000,396.14000000,396.29000000,324.25000000
1778594400000,2026-05-12T14:00:00+00:00,396.31000000,397.08000000,394.70000000,395.67000000,329.51000000
1778595300000,2026-05-12T14:15:00+00:00,395.77000000,396.59000000,393.88000000,394.06000000,209.58000000
1778596200000,2026-05-12T14:30:00+00:00,394.30000000,395.93000000,392.58000000,394.39000000,336.95000000
1778597100000,2026-05-12T14:45:00+00:00,394.20000000,394.49000000,391.16000000,391.23000000,611.76000000
1778598000000,2026-05-12T15:00:00+00:00,391.17000000,391.80000000,389.46000000,389.56000000,455.55000000
1778598900000,2026-05-12T15:15:00+00:00,389.72000000,389.72000000,386.23000000,387.18000000,1352.84000000
1778599800000,2026-05-12T15:30:00+00:00,387.11000000,390.53000000,387.11000000,390.05000000,360.99000000
1778600700000,2026-05-12T15:45:00+00:00,390.08000000,390.50000000,388.69000000,389.00000000,150.57000000
1778601600000,2026-05-12T16:00:00+00:00,388.87000000,390.72000000,388.60000000,390.36000000,211.93000000
1778602500000,2026-05-12T16:15:00+00:00,390.33000000,390.44000000,388.76000000,388.80000000,78.42000000
1778603400000,2026-05-12T16:30:00+00:00,388.89000000,389.31000000,388.06000000,389.12000000,151.28000000
1778604300000,2026-05-12T16:45:00+00:00,389.13000000,389.62000000,388.21000000,388.93000000,240.59000000
1778605200000,2026-05-12T17:00:00+00:00,389.02000000,392.08000000,388.54000000,391.97000000,124.92000000
1778606100000,2026-05-12T17:15:00+00:00,391.92000000,393.38000000,391.55000000,392.05000000,157.31000000
1778607000000,2026-05-12T17:30:00+00:00,391.97000000,392.96000000,391.74000000,392.50000000,109.56000000
1778607900000,2026-05-12T17:45:00+00:00,392.59000000,393.44000000,392.13000000,393.35000000,43.61000000
1778608800000,2026-05-12T18:00:00+00:00,393.21000000,394.51000000,393.02000000,394.47000000,204.15000000
1778609700000,2026-05-12T18:15:00+00:00,394.53000000,395.95000000,394.17000000,395.66000000,86.80000000
1778610600000,2026-05-12T18:30:00+00:00,395.58000000,396.12000000,395.24000000,395.65000000,31.67000000
1778611500000,2026-05-12T18:45:00+00:00,395.62000000,396.62000000,394.59000000,395.15000000,174.94000000
1778612400000,2026-05-12T19:00:00+00:00,395.16000000,397.06000000,395.16000000,396.99000000,62.59000000
1778613300000,2026-05-12T19:15:00+00:00,397.01000000,397.27000000,395.98000000,396.55000000,103.62000000
1778614200000,2026-05-12T19:30:00+00:00,396.55000000,398.54000000,396.49000000,398.54000000,106.88000000
1778615100000,2026-05-12T19:45:00+00:00,398.44000000,398.63000000,397.31000000,397.85000000,107.48000000
1778616000000,2026-05-12T20:00:00+00:00,397.93000000,398.09000000,396.64000000,396.85000000,191.18000000
1778616900000,2026-05-12T20:15:00+00:00,396.79000000,397.03000000,396.35000000,396.56000000,33.19000000
1778617800000,2026-05-12T20:30:00+00:00,396.41000000,396.69000000,396.26000000,396.69000000,11.15000000
1778618700000,2026-05-12T20:45:00+00:00,396.60000000,396.72000000,396.34000000,396.34000000,32.11000000
1778619600000,2026-05-12T21:00:00+00:00,396.33000000,396.67000000,396.30000000,396.42000000,18.00000000
1778620500000,2026-05-12T21:15:00+00:00,396.55000000,397.00000000,396.42000000,396.62000000,16.52000000
1778621400000,2026-05-12T21:30:00+00:00,396.60000000,396.90000000,396.29000000,396.85000000,38.12000000
1778622300000,2026-05-12T21:45:00+00:00,396.83000000,397.25000000,396.41000000,396.60000000,22.93000000
1778623200000,2026-05-12T22:00:00+00:00,396.57000000,396.95000000,396.57000000,396.62000000,4.34000000
1778624100000,2026-05-12T22:15:00+00:00,396.65000000,397.26000000,396.65000000,396.96000000,5.46000000
1778625000000,2026-05-12T22:30:00+00:00,396.95000000,396.97000000,396.45000000,396.48000000,15.77000000
1778625900000,2026-05-12T22:45:00+00:00,396.40000000,396.65000000,395.89000000,395.89000000,11.32000000
1778626800000,2026-05-12T23:00:00+00:00,395.84000000,395.84000000,395.35000000,395.64000000,18.97000000
1778627700000,2026-05-12T23:15:00+00:00,395.62000000,395.70000000,395.47000000,395.47000000,5.93000000
1778628600000,2026-05-12T23:30:00+00:00,395.47000000,395.48000000,394.71000000,394.82000000,26.17000000
1778629500000,2026-05-12T23:45:00+00:00,394.97000000,395.14000000,394.80000000,394.91000000,9.04000000
1778630400000,2026-05-13T00:00:00+00:00,394.99000000,396.90000000,394.99000000,395.96000000,124.59000000
1778631300000,2026-05-13T00:15:00+00:00,395.91000000,396.34000000,395.88000000,396.05000000,13.78000000
1778632200000,2026-05-13T00:30:00+00:00,396.12000000,396.21000000,395.65000000,395.73000000,36.01000000
1778633100000,2026-05-13T00:45:00+00:00,395.80000000,396.16000000,395.01000000,396.06000000,27.00000000
1778634000000,2026-05-13T01:00:00+00:00,396.17000000,396.70000000,395.88000000,396.26000000,88.92000000
1778634900000,2026-05-13T01:15:00+00:00,396.26000000,396.48000000,395.51000000,396.48000000,64.24000000
1778635800000,2026-05-13T01:30:00+00:00,396.51000000,397.21000000,396.34000000,396.66000000,62.61000000
1778636700000,2026-05-13T01:45:00+00:00,396.83000000,398.17000000,396.62000000,396.93000000,54.68000000
1778637600000,2026-05-13T02:00:00+00:00,396.93000000,397.76000000,395.71000000,396.30000000,42.91000000
1778638500000,2026-05-13T02:15:00+00:00,396.28000000,396.66000000,396.10000000,396.66000000,106.15000000
1778639400000,2026-05-13T02:30:00+00:00,396.67000000,396.82000000,395.96000000,396.04000000,30.84000000
1778640300000,2026-05-13T02:45:00+00:00,395.99000000,396.29000000,395.43000000,395.85000000,22.16000000
1778641200000,2026-05-13T03:00:00+00:00,395.91000000,396.10000000,395.31000000,395.79000000,46.56000000
1778642100000,2026-05-13T03:15:00+00:00,396.11000000,396.64000000,395.81000000,396.64000000,122.54000000
1778643000000,2026-05-13T03:30:00+00:00,396.67000000,397.70000000,396.53000000,397.62000000,26.99000000
1778643900000,2026-05-13T03:45:00+00:00,397.64000000,397.71000000,397.03000000,397.09000000,50.45000000
1778644800000,2026-05-13T04:00:00+00:00,397.26000000,397.40000000,396.96000000,397.12000000,45.84000000
1778645700000,2026-05-13T04:15:00+00:00,397.22000000,397.83000000,396.99000000,397.67000000,10.06000000
1778646600000,2026-05-13T04:30:00+00:00,397.76000000,397.96000000,397.51000000,397.55000000,68.37000000
1778647500000,2026-05-13T04:45:00+00:00,397.71000000,397.71000000,397.22000000,397.34000000,94.42000000
1778648400000,2026-05-13T05:00:00+00:00,397.47000000,399.50000000,397.34000000,399.38000000,102.12000000
1778649300000,2026-05-13T05:15:00+00:00,399.34000000,399.81000000,398.81000000,399.28000000,125.69000000
1778650200000,2026-05-13T05:30:00+00:00,399.22000000,399.60000000,398.69000000,398.97000000,64.21000000
1778651100000,2026-05-13T05:45:00+00:00,398.98000000,399.45000000,398.79000000,399.41000000,46.41000000
1778652000000,2026-05-13T06:00:00+00:00,399.41000000,399.59000000,398.69000000,399.47000000,100.91000000
1778652900000,2026-05-13T06:15:00+00:00,399.48000000,400.11000000,399.41000000,399.57000000,58.13000000
1778653800000,2026-05-13T06:30:00+00:00,399.61000000,400.46000000,399.61000000,400.07000000,135.96000000
1778654700000,2026-05-13T06:45:00+00:00,400.14000000,400.37000000,399.89000000,400.29000000,37.74000000
1778655600000,2026-05-13T07:00:00+00:00,400.28000000,400.36000000,399.73000000,400.00000000,78.34000000
1778656500000,2026-05-13T07:15:00+00:00,400.07000000,400.47000000,399.88000000,400.06000000,53.93000000
1778657400000,2026-05-13T07:30:00+00:00,400.05000000,400.68000000,400.04000000,400.66000000,14.66000000
1778658300000,2026-05-13T07:45:00+00:00,400.59000000,400.87000000,400.36000000,400.70000000,32.35000000
1778659200000,2026-05-13T08:00:00+00:00,400.70000000,403.06000000,400.33000000,403.06000000,301.67000000
1778660100000,2026-05-13T08:15:00+00:00,403.00000000,403.56000000,402.24000000,402.24000000,236.10000000
1778661000000,2026-05-13T08:30:00+00:00,402.33000000,403.09000000,401.70000000,402.32000000,65.22000000
1778661900000,2026-05-13T08:45:00+00:00,402.31000000,402.67000000,401.75000000,402.05000000,43.34000000
1778662800000,2026-05-13T09:00:00+00:00,402.20000000,402.80000000,401.68000000,402.01000000,29.09000000
1778663700000,2026-05-13T09:15:00+00:00,401.92000000,402.21000000,401.25000000,402.21000000,33.22000000
1778664600000,2026-05-13T09:30:00+00:00,402.21000000,402.31000000,401.76000000,402.04000000,12.06000000
1778665500000,2026-05-13T09:45:00+00:00,402.16000000,402.46000000,401.73000000,402.37000000,69.02000000
1778666400000,2026-05-13T10:00:00+00:00,402.40000000,402.59000000,401.87000000,402.16000000,62.40000000
1778667300000,2026-05-13T10:15:00+00:00,402.23000000,402.23000000,401.94000000,402.05000000,5.95000000
1778668200000,2026-05-13T10:30:00+00:00,402.06000000,402.10000000,401.72000000,401.99000000,65.90000000
1778669100000,2026-05-13T10:45:00+00:00,401.98000000,402.12000000,401.60000000,401.60000000,11.99000000
1778670000000,2026-05-13T11:00:00+00:00,401.60000000,401.95000000,400.43000000,400.76000000,110.72000000
1778670900000,2026-05-13T11:15:00+00:00,400.80000000,401.01000000,400.28000000,400.94000000,36.26000000
1778671800000,2026-05-13T11:30:00+00:00,400.93000000,402.05000000,400.88000000,401.91000000,97.21000000
1778672700000,2026-05-13T11:45:00+00:00,401.74000000,402.02000000,401.34000000,401.64000000,8.48000000
1778673600000,2026-05-13T12:00:00+00:00,401.63000000,401.86000000,401.02000000,401.31000000,33.12000000
1778674500000,2026-05-13T12:15:00+00:00,401.26000000,401.40000000,400.59000000,401.38000000,35.65000000
1778675400000,2026-05-13T12:30:00+00:00,401.47000000,401.47000000,398.12000000,399.21000000,399.78000000
1778676300000,2026-05-13T12:45:00+00:00,399.25000000,399.71000000,398.67000000,399.48000000,153.70000000
1778677200000,2026-05-13T13:00:00+00:00,399.37000000,400.62000000,399.26000000,400.62000000,145.02000000
1778678100000,2026-05-13T13:15:00+00:00,400.71000000,400.76000000,398.14000000,398.41000000,238.46000000
1778679000000,2026-05-13T13:30:00+00:00,398.42000000,398.93000000,393.58000000,394.41000000,1103.09000000
1778679900000,2026-05-13T13:45:00+00:00,394.41000000,395.54000000,392.03000000,394.77000000,531.59000000
1778680800000,2026-05-13T14:00:00+00:00,394.83000000,395.37000000,393.25000000,394.06000000,397.13000000
1778681700000,2026-05-13T14:15:00+00:00,394.12000000,397.36000000,393.44000000,396.02000000,269.74000000
1778682600000,2026-05-13T14:30:00+00:00,395.99000000,396.23000000,395.02000000,395.56000000,211.17000000
1778683500000,2026-05-13T14:45:00+00:00,395.60000000,396.02000000,394.35000000,395.47000000,196.28000000
1778684400000,2026-05-13T15:00:00+00:00,395.37000000,396.29000000,395.03000000,395.55000000,140.59000000
1778685300000,2026-05-13T15:15:00+00:00,395.61000000,397.18000000,395.54000000,396.66000000,143.88000000
1778686200000,2026-05-13T15:30:00+00:00,396.72000000,399.94000000,396.17000000,399.54000000,348.76000000
1778687100000,2026-05-13T15:45:00+00:00,399.52000000,399.58000000,397.45000000,397.86000000,239.67000000
1778688000000,2026-05-13T16:00:00+00:00,397.81000000,399.96000000,397.69000000,399.83000000,139.01000000
1778688900000,2026-05-13T16:15:00+00:00,399.81000000,400.36000000,398.68000000,400.36000000,76.81000000
1778689800000,2026-05-13T16:30:00+00:00,400.47000000,401.96000000,400.02000000,401.66000000,107.69000000
1778690700000,2026-05-13T16:45:00+00:00,401.63000000,402.73000000,401.54000000,402.42000000,71.71000000
1778691600000,2026-05-13T17:00:00+00:00,402.46000000,404.58000000,402.43000000,404.23000000,539.85000000
1778692500000,2026-05-13T17:15:00+00:00,404.14000000,404.91000000,403.62000000,404.81000000,123.85000000
1778693400000,2026-05-13T17:30:00+00:00,404.72000000,405.12000000,404.05000000,404.52000000,148.82000000
1778694300000,2026-05-13T17:45:00+00:00,404.59000000,404.62000000,403.20000000,403.38000000,109.25000000
1778695200000,2026-05-13T18:00:00+00:00,403.39000000,404.31000000,403.27000000,404.24000000,51.54000000
1778696100000,2026-05-13T18:15:00+00:00,404.33000000,404.38000000,403.11000000,403.11000000,141.51000000
1778697000000,2026-05-13T18:30:00+00:00,403.08000000,403.22000000,402.04000000,402.24000000,44.19000000
1778697900000,2026-05-13T18:45:00+00:00,402.16000000,402.17000000,400.86000000,400.90000000,39.20000000
1778698800000,2026-05-13T19:00:00+00:00,400.87000000,401.66000000,399.85000000,401.58000000,614.90000000
1778699700000,2026-05-13T19:15:00+00:00,401.42000000,402.11000000,401.09000000,401.26000000,73.24000000
1778700600000,2026-05-13T19:30:00+00:00,401.31000000,401.50000000,400.55000000,401.15000000,96.58000000
1778701500000,2026-05-13T19:45:00+00:00,401.16000000,401.39000000,399.36000000,400.08000000,167.65000000
1778702400000,2026-05-13T20:00:00+00:00,400.06000000,400.72000000,399.58000000,400.23000000,102.56000000
1778703300000,2026-05-13T20:15:00+00:00,400.05000000,400.76000000,400.05000000,400.44000000,23.74000000
1778704200000,2026-05-13T20:30:00+00:00,400.36000000,400.64000000,400.25000000,400.62000000,42.46000000
1778705100000,2026-05-13T20:45:00+00:00,400.64000000,400.79000000,400.52000000,400.79000000,9.41000000
1778706000000,2026-05-13T21:00:00+00:00,400.69000000,400.95000000,400.30000000,400.30000000,22.30000000
1778706900000,2026-05-13T21:15:00+00:00,400.31000000,400.81000000,400.21000000,400.39000000,46.93000000
1778707800000,2026-05-13T21:30:00+00:00,400.39000000,400.86000000,400.30000000,400.71000000,53.43000000
1778708700000,2026-05-13T21:45:00+00:00,400.71000000,400.84000000,400.31000000,400.35000000,22.71000000
1778709600000,2026-05-13T22:00:00+00:00,400.29000000,400.69000000,400.28000000,400.66000000,12.87000000
1778710500000,2026-05-13T22:15:00+00:00,400.67000000,400.85000000,400.54000000,400.60000000,6.69000000
1778711400000,2026-05-13T22:30:00+00:00,400.61000000,400.75000000,400.47000000,400.71000000,21.12000000
1778712300000,2026-05-13T22:45:00+00:00,400.76000000,401.11000000,400.61000000,400.87000000,23.00000000
1778713200000,2026-05-13T23:00:00+00:00,400.84000000,401.71000000,400.70000000,401.68000000,132.77000000
1778714100000,2026-05-13T23:15:00+00:00,401.66000000,402.03000000,401.61000000,401.81000000,16.97000000
1778715000000,2026-05-13T23:30:00+00:00,401.78000000,401.82000000,401.44000000,401.75000000,45.26000000
1778715900000,2026-05-13T23:45:00+00:00,401.87000000,401.98000000,401.50000000,401.98000000,17.15000000
1778716800000,2026-05-14T00:00:00+00:00,401.89000000,402.75000000,398.04000000,402.51000000,394.04000000
1778717700000,2026-05-14T00:15:00+00:00,402.48000000,402.78000000,402.31000000,402.57000000,36.39000000
1778718600000,2026-05-14T00:30:00+00:00,402.45000000,402.98000000,402.38000000,402.93000000,34.66000000
1778719500000,2026-05-14T00:45:00+00:00,402.93000000,403.59000000,402.70000000,402.89000000,309.40000000
1778720400000,2026-05-14T01:00:00+00:00,403.03000000,403.91000000,402.68000000,403.39000000,100.98000000
1778721300000,2026-05-14T01:15:00+00:00,403.36000000,403.44000000,402.05000000,402.73000000,89.70000000
1778722200000,2026-05-14T01:30:00+00:00,402.85000000,402.86000000,400.59000000,400.59000000,17.45000000
1778723100000,2026-05-14T01:45:00+00:00,400.64000000,401.12000000,399.44000000,399.56000000,123.15000000
1778724000000,2026-05-14T02:00:00+00:00,399.63000000,401.18000000,399.50000000,400.90000000,76.95000000
1778724900000,2026-05-14T02:15:00+00:00,400.84000000,402.19000000,400.73000000,401.59000000,52.56000000
1778725800000,2026-05-14T02:30:00+00:00,401.64000000,401.79000000,401.09000000,401.31000000,65.20000000
1778726700000,2026-05-14T02:45:00+00:00,401.30000000,401.30000000,400.03000000,400.43000000,66.89000000
1778727600000,2026-05-14T03:00:00+00:00,400.26000000,401.20000000,400.10000000,401.08000000,47.93000000
1778728500000,2026-05-14T03:15:00+00:00,401.08000000,401.42000000,399.92000000,401.31000000,90.43000000
1778729400000,2026-05-14T03:30:00+00:00,401.43000000,401.61000000,400.58000000,401.21000000,83.00000000
1778730300000,2026-05-14T03:45:00+00:00,401.29000000,401.64000000,400.36000000,400.65000000,217.58000000
1778731200000,2026-05-14T04:00:00+00:00,400.67000000,400.92000000,399.94000000,400.92000000,118.60000000
1778732100000,2026-05-14T04:15:00+00:00,400.93000000,402.55000000,400.44000000,402.30000000,70.45000000
1778733000000,2026-05-14T04:30:00+00:00,402.44000000,404.06000000,402.44000000,403.59000000,117.21000000
1778733900000,2026-05-14T04:45:00+00:00,403.63000000,403.98000000,402.93000000,403.07000000,33.71000000
1778734800000,2026-05-14T05:00:00+00:00,403.12000000,403.45000000,402.75000000,402.75000000,38.44000000
1778735700000,2026-05-14T05:15:00+00:00,402.74000000,403.71000000,402.17000000,403.71000000,44.72000000
1778736600000,2026-05-14T05:30:00+00:00,403.70000000,403.98000000,402.99000000,403.26000000,39.22000000
1778737500000,2026-05-14T05:45:00+00:00,403.32000000,404.89000000,403.20000000,404.35000000,90.46000000
1778738400000,2026-05-14T06:00:00+00:00,404.22000000,405.40000000,404.21000000,404.73000000,55.13000000
1778739300000,2026-05-14T06:15:00+00:00,404.81000000,405.50000000,404.64000000,405.26000000,46.71000000
1778740200000,2026-05-14T06:30:00+00:00,405.26000000,406.09000000,405.02000000,406.09000000,137.48000000
1778741100000,2026-05-14T06:45:00+00:00,406.10000000,406.50000000,405.60000000,405.74000000,122.68000000
1778742000000,2026-05-14T07:00:00+00:00,405.67000000,405.86000000,404.87000000,405.27000000,79.96000000
1778742900000,2026-05-14T07:15:00+00:00,405.28000000,405.88000000,405.10000000,405.88000000,65.84000000
1778743800000,2026-05-14T07:30:00+00:00,405.88000000,407.78000000,405.82000000,406.82000000,322.04000000
1778744700000,2026-05-14T07:45:00+00:00,406.91000000,406.98000000,405.46000000,406.10000000,112.91000000
1778745600000,2026-05-14T08:00:00+00:00,405.97000000,407.13000000,404.92000000,407.11000000,265.89000000
1778746500000,2026-05-14T08:15:00+00:00,407.09000000,407.84000000,406.38000000,407.65000000,495.83000000
1778747400000,2026-05-14T08:30:00+00:00,407.65000000,408.03000000,406.82000000,406.98000000,135.21000000
1778748300000,2026-05-14T08:45:00+00:00,406.82000000,406.99000000,406.42000000,406.89000000,100.47000000
1778749200000,2026-05-14T09:00:00+00:00,406.95000000,407.05000000,406.50000000,406.50000000,267.53000000
1778750100000,2026-05-14T09:15:00+00:00,406.57000000,406.88000000,405.80000000,405.80000000,346.83000000
1778751000000,2026-05-14T09:30:00+00:00,405.92000000,406.16000000,404.70000000,405.40000000,156.91000000
1778751900000,2026-05-14T09:45:00+00:00,405.46000000,406.27000000,405.38000000,406.04000000,131.57000000
1778752800000,2026-05-14T10:00:00+00:00,405.91000000,406.19000000,405.29000000,405.53000000,148.57000000
1778753700000,2026-05-14T10:15:00+00:00,405.53000000,406.11000000,405.25000000,405.95000000,168.79000000
1778754600000,2026-05-14T10:30:00+00:00,405.96000000,406.00000000,405.30000000,405.32000000,28.99000000
1778755500000,2026-05-14T10:45:00+00:00,405.42000000,405.91000000,405.42000000,405.68000000,67.44000000
1778756400000,2026-05-14T11:00:00+00:00,405.74000000,406.60000000,405.72000000,406.50000000,45.69000000
1778757300000,2026-05-14T11:15:00+00:00,406.42000000,406.50000000,405.54000000,405.75000000,93.48000000
1778758200000,2026-05-14T11:30:00+00:00,405.81000000,406.11000000,405.19000000,405.35000000,70.27000000
1778759100000,2026-05-14T11:45:00+00:00,405.20000000,406.01000000,405.20000000,405.21000000,19.91000000
1778760000000,2026-05-14T12:00:00+00:00,405.31000000,405.99000000,405.20000000,405.87000000,90.66000000
1778760900000,2026-05-14T12:15:00+00:00,405.88000000,405.92000000,405.13000000,405.17000000,79.96000000
1778761800000,2026-05-14T12:30:00+00:00,405.21000000,405.39000000,404.58000000,405.23000000,83.93000000
1778762700000,2026-05-14T12:45:00+00:00,405.24000000,405.24000000,403.93000000,404.45000000,46.24000000
1778763600000,2026-05-14T13:00:00+00:00,404.36000000,404.40000000,403.55000000,403.75000000,29.32000000
1778764500000,2026-05-14T13:15:00+00:00,403.84000000,404.72000000,403.53000000,403.75000000,109.91000000
1778765400000,2026-05-14T13:30:00+00:00,403.74000000,409.98000000,402.40000000,408.16000000,941.28000000
1778766300000,2026-05-14T13:45:00+00:00,408.39000000,414.63000000,408.15000000,411.59000000,1412.49000000
1778767200000,2026-05-14T14:00:00+00:00,411.42000000,417.75000000,411.21000000,417.05000000,812.01000000
1778768100000,2026-05-14T14:15:00+00:00,416.96000000,419.77000000,416.41000000,417.74000000,750.36000000
1778769000000,2026-05-14T14:30:00+00:00,417.87000000,422.21000000,417.27000000,421.82000000,841.99000000
1778769900000,2026-05-14T14:45:00+00:00,421.89000000,421.96000000,417.80000000,418.04000000,715.92000000
1778770800000,2026-05-14T15:00:00+00:00,418.31000000,418.34000000,416.56000000,417.95000000,740.73000000
1778771700000,2026-05-14T15:15:00+00:00,418.01000000,419.39000000,417.87000000,418.27000000,257.10000000
1778772600000,2026-05-14T15:30:00+00:00,418.24000000,419.90000000,418.00000000,418.80000000,222.34000000
1778773500000,2026-05-14T15:45:00+00:00,418.89000000,419.27000000,417.59000000,418.74000000,135.95000000
1778774400000,2026-05-14T16:00:00+00:00,418.73000000,419.89000000,417.64000000,418.73000000,417.28000000
1778775300000,2026-05-14T16:15:00+00:00,418.72000000,419.55000000,417.94000000,418.16000000,238.01000000
1778776200000,2026-05-14T16:30:00+00:00,418.15000000,418.84000000,417.24000000,417.34000000,154.39000000
1778777100000,2026-05-14T16:45:00+00:00,417.37000000,418.43000000,416.84000000,418.20000000,243.07000000
1778778000000,2026-05-14T17:00:00+00:00,418.21000000,418.79000000,416.67000000,416.67000000,205.80000000
1778778900000,2026-05-14T17:15:00+00:00,416.62000000,416.97000000,414.61000000,415.22000000,170.03000000
1778779800000,2026-05-14T17:30:00+00:00,415.45000000,417.66000000,415.30000000,417.53000000,556.42000000
1778780700000,2026-05-14T17:45:00+00:00,417.71000000,418.99000000,417.62000000,418.16000000,158.52000000
1778781600000,2026-05-14T18:00:00+00:00,418.10000000,418.21000000,414.37000000,416.44000000,428.28000000
1778782500000,2026-05-14T18:15:00+00:00,416.32000000,417.07000000,415.94000000,416.97000000,126.28000000
1778783400000,2026-05-14T18:30:00+00:00,416.89000000,418.27000000,416.86000000,417.79000000,225.09000000
1778784300000,2026-05-14T18:45:00+00:00,417.79000000,419.43000000,417.46000000,419.16000000,152.25000000
1778785200000,2026-05-14T19:00:00+00:00,419.09000000,420.53000000,419.09000000,420.05000000,127.48000000
1778786100000,2026-05-14T19:15:00+00:00,420.17000000,420.92000000,419.37000000,419.60000000,114.91000000
1778787000000,2026-05-14T19:30:00+00:00,419.62000000,420.35000000,419.00000000,419.40000000,82.34000000
1778787900000,2026-05-14T19:45:00+00:00,419.39000000,419.98000000,417.50000000,417.97000000,115.43000000
1778788800000,2026-05-14T20:00:00+00:00,418.02000000,419.01000000,418.00000000,418.62000000,83.85000000
1778789700000,2026-05-14T20:15:00+00:00,418.58000000,418.72000000,417.72000000,417.72000000,688.36000000
1778790600000,2026-05-14T20:30:00+00:00,417.72000000,418.23000000,417.02000000,417.23000000,235.33000000
1778791500000,2026-05-14T20:45:00+00:00,417.23000000,417.84000000,417.00000000,417.84000000,54.05000000
1778792400000,2026-05-14T21:00:00+00:00,417.83000000,418.17000000,417.68000000,417.94000000,110.98000000
1778793300000,2026-05-14T21:15:00+00:00,417.91000000,418.56000000,417.72000000,418.37000000,107.55000000
1778794200000,2026-05-14T21:30:00+00:00,418.29000000,418.57000000,417.99000000,418.35000000,74.10000000
1778795100000,2026-05-14T21:45:00+00:00,418.44000000,418.48000000,417.98000000,418.27000000,19.97000000
1778796000000,2026-05-14T22:00:00+00:00,418.30000000,418.75000000,418.10000000,418.45000000,16.27000000
1778796900000,2026-05-14T22:15:00+00:00,418.47000000,418.59000000,418.23000000,418.33000000,9.00000000
1778797800000,2026-05-14T22:30:00+00:00,418.31000000,418.85000000,418.31000000,418.58000000,6.51000000
1778798700000,2026-05-14T22:45:00+00:00,418.52000000,418.69000000,418.50000000,418.63000000,3.20000000
1778799600000,2026-05-14T23:00:00+00:00,418.71000000,418.99000000,418.48000000,418.98000000,26.19000000
1778800500000,2026-05-14T23:15:00+00:00,418.99000000,419.42000000,418.86000000,419.12000000,56.04000000
1778801400000,2026-05-14T23:30:00+00:00,419.11000000,419.23000000,418.87000000,418.87000000,35.26000000
1778802300000,2026-05-14T23:45:00+00:00,419.02000000,419.02000000,418.29000000,418.30000000,56.49000000
1778803200000,2026-05-15T00:00:00+00:00,418.55000000,420.69000000,417.91000000,420.57000000,171.98000000
1778804100000,2026-05-15T00:15:00+00:00,420.70000000,422.08000000,420.66000000,421.57000000,76.51000000
1778805000000,2026-05-15T00:30:00+00:00,421.59000000,421.67000000,420.72000000,420.93000000,68.72000000
1778805900000,2026-05-15T00:45:00+00:00,420.89000000,420.89000000,419.93000000,420.19000000,73.83000000
1778806800000,2026-05-15T01:00:00+00:00,420.15000000,420.97000000,417.86000000,418.09000000,127.00000000
1778807700000,2026-05-15T01:15:00+00:00,418.23000000,418.23000000,415.63000000,415.63000000,130.01000000
1778808600000,2026-05-15T01:30:00+00:00,415.62000000,416.68000000,414.69000000,416.52000000,81.54000000
1778809500000,2026-05-15T01:45:00+00:00,416.46000000,416.77000000,413.33000000,413.53000000,186.79000000
1778810400000,2026-05-15T02:00:00+00:00,413.43000000,413.74000000,410.68000000,412.02000000,762.02000000
1778811300000,2026-05-15T02:15:00+00:00,412.01000000,412.81000000,410.89000000,411.72000000,325.41000000
1778812200000,2026-05-15T02:30:00+00:00,411.58000000,413.84000000,410.53000000,413.75000000,207.32000000
1778813100000,2026-05-15T02:45:00+00:00,413.80000000,414.88000000,412.85000000,414.50000000,115.25000000
1778814000000,2026-05-15T03:00:00+00:00,414.62000000,415.14000000,414.08000000,414.14000000,52.22000000
1778814900000,2026-05-15T03:15:00+00:00,414.16000000,414.20000000,413.46000000,413.59000000,19.29000000
1778815800000,2026-05-15T03:30:00+00:00,413.75000000,413.90000000,412.09000000,412.89000000,154.22000000
1778816700000,2026-05-15T03:45:00+00:00,412.89000000,412.94000000,411.95000000,412.25000000,128.45000000
1778817600000,2026-05-15T04:00:00+00:00,412.23000000,412.50000000,411.93000000,412.50000000,46.05000000
1778818500000,2026-05-15T04:15:00+00:00,412.50000000,412.64000000,410.92000000,411.11000000,60.79000000
1778819400000,2026-05-15T04:30:00+00:00,411.15000000,411.15000000,409.73000000,410.62000000,124.52000000
1778820300000,2026-05-15T04:45:00+00:00,410.56000000,410.56000000,407.83000000,407.98000000,208.67000000
1778821200000,2026-05-15T05:00:00+00:00,408.09000000,408.63000000,407.55000000,408.43000000,147.23000000
1778822100000,2026-05-15T05:15:00+00:00,408.50000000,409.11000000,407.25000000,407.93000000,137.49000000
1778823000000,2026-05-15T05:30:00+00:00,407.91000000,407.91000000,405.35000000,405.50000000,214.81000000
1778823900000,2026-05-15T05:45:00+00:00,405.63000000,406.54000000,404.65000000,404.92000000,187.02000000
1778824800000,2026-05-15T06:00:00+00:00,404.79000000,407.34000000,403.76000000,407.34000000,161.70000000
1778825700000,2026-05-15T06:15:00+00:00,407.21000000,408.34000000,406.27000000,407.33000000,150.79000000
1778826600000,2026-05-15T06:30:00+00:00,407.16000000,410.50000000,407.10000000,410.50000000,238.17000000
1778827500000,2026-05-15T06:45:00+00:00,410.39000000,410.86000000,410.10000000,410.41000000,85.69000000
1778828400000,2026-05-15T07:00:00+00:00,410.30000000,411.30000000,410.30000000,410.81000000,76.82000000
1778829300000,2026-05-15T07:15:00+00:00,410.83000000,411.33000000,410.50000000,410.66000000,51.58000000
1778830200000,2026-05-15T07:30:00+00:00,410.66000000,411.00000000,409.00000000,409.23000000,129.22000000
1778831100000,2026-05-15T07:45:00+00:00,409.18000000,409.50000000,408.62000000,408.62000000,47.31000000
1778832000000,2026-05-15T08:00:00+00:00,408.62000000,409.54000000,407.13000000,408.44000000,307.20000000
1778832900000,2026-05-15T08:15:00+00:00,408.62000000,408.62000000,406.41000000,406.58000000,169.23000000
1778833800000,2026-05-15T08:30:00+00:00,406.48000000,408.09000000,405.64000000,408.09000000,325.66000000
1778834700000,2026-05-15T08:45:00+00:00,408.11000000,408.11000000,406.45000000,406.74000000,106.84000000
1778835600000,2026-05-15T09:00:00+00:00,406.82000000,407.37000000,405.98000000,406.30000000,208.89000000
1778836500000,2026-05-15T09:15:00+00:00,406.35000000,406.76000000,404.00000000,406.64000000,165.08000000
1778837400000,2026-05-15T09:30:00+00:00,406.64000000,406.71000000,405.12000000,405.46000000,44.60000000
1778838300000,2026-05-15T09:45:00+00:00,405.46000000,406.30000000,404.80000000,405.80000000,49.08000000
1778839200000,2026-05-15T10:00:00+00:00,405.67000000,407.66000000,405.06000000,407.66000000,120.67000000
1778840100000,2026-05-15T10:15:00+00:00,407.51000000,407.96000000,406.82000000,406.94000000,59.17000000
1778841000000,2026-05-15T10:30:00+00:00,406.94000000,407.65000000,406.27000000,407.23000000,95.44000000
1778841900000,2026-05-15T10:45:00+00:00,407.28000000,408.86000000,407.03000000,408.70000000,245.17000000
1778842800000,2026-05-15T11:00:00+00:00,408.72000000,409.90000000,408.19000000,408.59000000,123.61000000
1778843700000,2026-05-15T11:15:00+00:00,408.43000000,408.82000000,407.29000000,408.38000000,216.64000000
1778844600000,2026-05-15T11:30:00+00:00,408.42000000,408.46000000,407.11000000,407.22000000,151.82000000
1778845500000,2026-05-15T11:45:00+00:00,407.25000000,407.91000000,406.44000000,406.44000000,261.87000000
1778846400000,2026-05-15T12:00:00+00:00,406.53000000,406.77000000,404.78000000,404.91000000,78.89000000
1778847300000,2026-05-15T12:15:00+00:00,404.94000000,406.53000000,404.94000000,406.19000000,73.57000000
1778848200000,2026-05-15T12:30:00+00:00,406.03000000,406.11000000,405.09000000,405.59000000,136.09000000
1778849100000,2026-05-15T12:45:00+00:00,405.55000000,407.03000000,405.30000000,406.78000000,76.26000000
1778850000000,2026-05-15T13:00:00+00:00,406.80000000,407.55000000,406.16000000,407.02000000,143.75000000
1778850900000,2026-05-15T13:15:00+00:00,406.95000000,408.18000000,406.53000000,406.88000000,286.51000000
1778851800000,2026-05-15T13:30:00+00:00,406.76000000,406.76000000,401.76000000,404.30000000,1761.38000000
1778852700000,2026-05-15T13:45:00+00:00,404.22000000,405.82000000,401.46000000,402.05000000,648.57000000
1778853600000,2026-05-15T14:00:00+00:00,402.29000000,407.90000000,402.00000000,407.51000000,315.98000000
1778854500000,2026-05-15T14:15:00+00:00,407.56000000,408.81000000,406.34000000,406.50000000,269.05000000
1778855400000,2026-05-15T14:30:00+00:00,406.57000000,407.46000000,405.64000000,406.86000000,243.34000000
1778856300000,2026-05-15T14:45:00+00:00,407.12000000,407.12000000,404.60000000,405.25000000,154.52000000
1778857200000,2026-05-15T15:00:00+00:00,405.43000000,406.08000000,404.13000000,404.43000000,81.77000000
1778858100000,2026-05-15T15:15:00+00:00,404.51000000,407.12000000,404.30000000,407.12000000,323.17000000
1778859000000,2026-05-15T15:30:00+00:00,407.22000000,408.85000000,407.04000000,407.28000000,313.66000000
1778859900000,2026-05-15T15:45:00+00:00,407.22000000,407.54000000,405.59000000,407.29000000,218.11000000
1778860800000,2026-05-15T16:00:00+00:00,407.40000000,407.80000000,406.30000000,406.59000000,97.15000000
1778861700000,2026-05-15T16:15:00+00:00,406.52000000,407.46000000,405.72000000,407.46000000,97.49000000
1778862600000,2026-05-15T16:30:00+00:00,407.48000000,407.70000000,406.62000000,407.31000000,100.82000000
1778863500000,2026-05-15T16:45:00+00:00,407.39000000,407.39000000,406.13000000,406.42000000,238.39000000
1778864400000,2026-05-15T17:00:00+00:00,406.42000000,407.13000000,406.16000000,407.13000000,58.92000000
1778865300000,2026-05-15T17:15:00+00:00,407.21000000,408.26000000,406.47000000,407.97000000,231.59000000
1778866200000,2026-05-15T17:30:00+00:00,407.95000000,409.65000000,407.80000000,408.98000000,322.80000000
1778867100000,2026-05-15T17:45:00+00:00,409.00000000,409.89000000,408.76000000,409.85000000,60.29000000
1778868000000,2026-05-15T18:00:00+00:00,409.85000000,410.32000000,409.60000000,409.86000000,105.27000000
1778868900000,2026-05-15T18:15:00+00:00,409.80000000,409.88000000,407.74000000,407.83000000,70.15000000
1778869800000,2026-05-15T18:30:00+00:00,407.94000000,408.15000000,406.75000000,407.79000000,366.12000000
1778870700000,2026-05-15T18:45:00+00:00,407.86000000,408.42000000,407.44000000,408.04000000,40.03000000
1778871600000,2026-05-15T19:00:00+00:00,408.28000000,408.32000000,406.38000000,406.96000000,42.30000000
1778872500000,2026-05-15T19:15:00+00:00,406.96000000,406.97000000,405.98000000,406.24000000,15.64000000
1778873400000,2026-05-15T19:30:00+00:00,406.23000000,407.09000000,406.17000000,406.23000000,25.69000000
1778874300000,2026-05-15T19:45:00+00:00,406.36000000,406.91000000,404.95000000,404.95000000,125.11000000
1778875200000,2026-05-15T20:00:00+00:00,404.93000000,405.25000000,403.92000000,404.45000000,55.88000000
1778876100000,2026-05-15T20:15:00+00:00,404.48000000,404.48000000,403.44000000,404.01000000,124.94000000
1778877000000,2026-05-15T20:30:00+00:00,403.95000000,404.32000000,403.62000000,404.21000000,29.29000000
1778877900000,2026-05-15T20:45:00+00:00,404.18000000,404.34000000,403.83000000,404.29000000,21.97000000
1778878800000,2026-05-15T21:00:00+00:00,404.31000000,404.60000000,404.06000000,404.26000000,35.18000000
1778879700000,2026-05-15T21:15:00+00:00,404.25000000,404.42000000,403.83000000,404.28000000,35.85000000
1778880600000,2026-05-15T21:30:00+00:00,404.24000000,404.83000000,404.01000000,404.61000000,21.08000000
1778881500000,2026-05-15T21:45:00+00:00,404.61000000,404.61000000,404.42000000,404.52000000,1.13000000
1778882400000,2026-05-15T22:00:00+00:00,404.52000000,404.52000000,403.54000000,403.54000000,30.46000000
1778883300000,2026-05-15T22:15:00+00:00,403.49000000,403.59000000,403.01000000,403.37000000,29.92000000
1778884200000,2026-05-15T22:30:00+00:00,403.39000000,403.58000000,403.29000000,403.57000000,8.22000000
1778885100000,2026-05-15T22:45:00+00:00,403.60000000,403.83000000,403.27000000,403.27000000,3.85000000
1778886000000,2026-05-15T23:00:00+00:00,403.24000000,403.33000000,402.97000000,402.97000000,4.59000000
1778886900000,2026-05-15T23:15:00+00:00,402.88000000,403.09000000,402.80000000,402.87000000,2.28000000
1778887800000,2026-05-15T23:30:00+00:00,402.95000000,403.11000000,402.54000000,402.62000000,9.93000000
1778888700000,2026-05-15T23:45:00+00:00,402.60000000,402.83000000,402.60000000,402.83000000,3.32000000
1778889600000,2026-05-16T00:00:00+00:00,402.95000000,404.25000000,402.95000000,403.90000000,16.99000000
1778890500000,2026-05-16T00:15:00+00:00,403.89000000,404.00000000,402.90000000,403.50000000,25.57000000
1778891400000,2026-05-16T00:30:00+00:00,403.33000000,403.44000000,402.98000000,403.19000000,9.81000000
1778892300000,2026-05-16T00:45:00+00:00,403.10000000,403.10000000,402.51000000,402.51000000,12.22000000
1778893200000,2026-05-16T01:00:00+00:00,402.56000000,402.70000000,402.45000000,402.68000000,10.90000000
1778894100000,2026-05-16T01:15:00+00:00,402.71000000,402.71000000,402.00000000,402.14000000,27.69000000
1778895000000,2026-05-16T01:30:00+00:00,402.16000000,402.22000000,402.01000000,402.07000000,2.04000000
1778895900000,2026-05-16T01:45:00+00:00,402.15000000,402.21000000,401.64000000,401.75000000,42.56000000
1778896800000,2026-05-16T02:00:00+00:00,401.75000000,402.39000000,401.24000000,402.39000000,36.22000000
1778897700000,2026-05-16T02:15:00+00:00,402.37000000,402.54000000,401.42000000,401.58000000,16.17000000
1778898600000,2026-05-16T02:30:00+00:00,401.50000000,402.12000000,401.44000000,402.12000000,3.17000000
1778899500000,2026-05-16T02:45:00+00:00,402.07000000,402.07000000,401.89000000,401.95000000,0.41000000
1778900400000,2026-05-16T03:00:00+00:00,402.13000000,402.25000000,401.53000000,401.55000000,13.62000000
1778901300000,2026-05-16T03:15:00+00:00,401.55000000,401.95000000,401.50000000,401.89000000,10.81000000
1778902200000,2026-05-16T03:30:00+00:00,401.76000000,402.07000000,401.64000000,401.95000000,18.06000000
1778903100000,2026-05-16T03:45:00+00:00,401.84000000,402.00000000,401.79000000,401.96000000,0.74000000
1778904000000,2026-05-16T04:00:00+00:00,402.01000000,402.35000000,401.90000000,402.09000000,25.20000000
1778904900000,2026-05-16T04:15:00+00:00,402.01000000,402.13000000,401.92000000,401.93000000,6.60000000
1778905800000,2026-05-16T04:30:00+00:00,401.98000000,402.02000000,401.51000000,401.56000000,9.27000000
1778906700000,2026-05-16T04:45:00+00:00,401.63000000,401.63000000,401.50000000,401.54000000,5.24000000
1778907600000,2026-05-16T05:00:00+00:00,401.66000000,402.07000000,401.52000000,401.56000000,34.07000000
1778908500000,2026-05-16T05:15:00+00:00,401.69000000,401.78000000,401.52000000,401.71000000,2.11000000
1778909400000,2026-05-16T05:30:00+00:00,401.75000000,401.92000000,401.74000000,401.81000000,2.31000000
1778910300000,2026-05-16T05:45:00+00:00,401.79000000,401.93000000,401.77000000,401.78000000,2.46000000
1778911200000,2026-05-16T06:00:00+00:00,401.94000000,402.16000000,401.68000000,401.82000000,11.79000000
1778912100000,2026-05-16T06:15:00+00:00,401.70000000,401.87000000,401.26000000,401.60000000,15.84000000
1778913000000,2026-05-16T06:30:00+00:00,401.53000000,401.53000000,401.20000000,401.22000000,6.41000000
1778913900000,2026-05-16T06:45:00+00:00,401.22000000,401.37000000,400.87000000,400.88000000,27.31000000
1778914800000,2026-05-16T07:00:00+00:00,400.91000000,401.38000000,400.70000000,400.96000000,27.14000000
1778915700000,2026-05-16T07:15:00+00:00,401.01000000,402.12000000,400.50000000,401.14000000,73.30000000
1778916600000,2026-05-16T07:30:00+00:00,401.22000000,401.89000000,401.12000000,401.44000000,33.59000000
1778917500000,2026-05-16T07:45:00+00:00,401.44000000,401.76000000,400.50000000,401.15000000,36.67000000
1778918400000,2026-05-16T08:00:00+00:00,401.17000000,401.17000000,400.70000000,400.70000000,11.88000000
1778919300000,2026-05-16T08:15:00+00:00,400.70000000,401.82000000,400.70000000,401.56000000,12.78000000
1778920200000,2026-05-16T08:30:00+00:00,401.70000000,401.74000000,401.25000000,401.46000000,8.42000000
1778921100000,2026-05-16T08:45:00+00:00,401.49000000,401.56000000,401.12000000,401.38000000,2.89000000
1778922000000,2026-05-16T09:00:00+00:00,401.28000000,401.28000000,400.67000000,400.67000000,7.50000000
1778922900000,2026-05-16T09:15:00+00:00,400.88000000,401.17000000,400.25000000,400.25000000,27.13000000
1778923800000,2026-05-16T09:30:00+00:00,400.48000000,400.68000000,400.05000000,400.06000000,22.97000000
1778924700000,2026-05-16T09:45:00+00:00,400.22000000,400.47000000,400.00000000,400.45000000,45.11000000
1778925600000,2026-05-16T10:00:00+00:00,400.36000000,400.48000000,400.00000000,400.10000000,66.82000000
1778926500000,2026-05-16T10:15:00+00:00,400.10000000,400.26000000,399.44000000,399.90000000,73.72000000
1778927400000,2026-05-16T10:30:00+00:00,399.90000000,400.27000000,399.46000000,400.17000000,38.92000000
1778928300000,2026-05-16T10:45:00+00:00,400.14000000,400.34000000,399.89000000,399.89000000,16.30000000
1778929200000,2026-05-16T11:00:00+00:00,400.01000000,400.10000000,399.74000000,399.89000000,23.84000000
1778930100000,2026-05-16T11:15:00+00:00,400.00000000,400.38000000,399.86000000,399.87000000,19.58000000
1778931000000,2026-05-16T11:30:00+00:00,399.87000000,400.09000000,398.93000000,399.10000000,48.24000000
1778931900000,2026-05-16T11:45:00+00:00,399.13000000,399.33000000,398.76000000,399.08000000,59.22000000
1778932800000,2026-05-16T12:00:00+00:00,399.08000000,399.21000000,398.75000000,398.91000000,34.41000000
1778933700000,2026-05-16T12:15:00+00:00,398.91000000,399.58000000,398.76000000,399.00000000,48.47000000
1778934600000,2026-05-16T12:30:00+00:00,399.05000000,399.46000000,399.00000000,399.20000000,61.24000000
1778935500000,2026-05-16T12:45:00+00:00,399.20000000,399.48000000,399.20000000,399.20000000,52.54000000
1778936400000,2026-05-16T13:00:00+00:00,399.20000000,399.40000000,398.35000000,398.62000000,103.24000000
1778937300000,2026-05-16T13:15:00+00:00,398.65000000,398.95000000,398.65000000,398.77000000,13.50000000
1778938200000,2026-05-16T13:30:00+00:00,398.82000000,398.95000000,398.44000000,398.44000000,21.16000000
1778939100000,2026-05-16T13:45:00+00:00,398.43000000,398.43000000,398.16000000,398.23000000,16.99000000
1778940000000,2026-05-16T14:00:00+00:00,398.33000000,398.36000000,397.70000000,398.04000000,68.29000000
1778940900000,2026-05-16T14:15:00+00:00,398.11000000,398.48000000,397.92000000,398.30000000,31.95000000
1778941800000,2026-05-16T14:30:00+00:00,398.24000000,399.11000000,398.24000000,398.64000000,55.66000000
1778942700000,2026-05-16T14:45:00+00:00,398.76000000,398.96000000,398.15000000,398.52000000,36.47000000
1778943600000,2026-05-16T15:00:00+00:00,398.52000000,398.52000000,398.10000000,398.35000000,32.03000000
1778944500000,2026-05-16T15:15:00+00:00,398.45000000,398.61000000,398.28000000,398.59000000,4.41000000
1778945400000,2026-05-16T15:30:00+00:00,398.47000000,398.79000000,398.47000000,398.75000000,3.50000000
1778946300000,2026-05-16T15:45:00+00:00,398.64000000,399.17000000,398.61000000,398.64000000,30.98000000
1778947200000,2026-05-16T16:00:00+00:00,398.67000000,400.36000000,398.50000000,400.17000000,64.35000000
1778948100000,2026-05-16T16:15:00+00:00,400.21000000,400.61000000,400.04000000,400.16000000,24.68000000
1778949000000,2026-05-16T16:30:00+00:00,400.10000000,400.12000000,399.75000000,399.90000000,11.33000000
1778949900000,2026-05-16T16:45:00+00:00,399.89000000,400.00000000,399.75000000,399.82000000,12.32000000
1778950800000,2026-05-16T17:00:00+00:00,399.91000000,399.99000000,399.70000000,399.73000000,4.86000000
1778951700000,2026-05-16T17:15:00+00:00,399.73000000,400.03000000,399.73000000,399.92000000,20.24000000
1778952600000,2026-05-16T17:30:00+00:00,399.90000000,399.99000000,399.82000000,399.90000000,13.10000000
1778953500000,2026-05-16T17:45:00+00:00,399.89000000,400.00000000,399.77000000,399.90000000,7.63000000
1778954400000,2026-05-16T18:00:00+00:00,400.01000000,400.01000000,399.86000000,399.86000000,3.94000000
1778955300000,2026-05-16T18:15:00+00:00,399.91000000,400.08000000,399.91000000,400.01000000,7.30000000
1778956200000,2026-05-16T18:30:00+00:00,399.93000000,400.04000000,399.92000000,399.94000000,1.28000000
1778957100000,2026-05-16T18:45:00+00:00,400.04000000,400.04000000,399.92000000,399.97000000,1.70000000
1778958000000,2026-05-16T19:00:00+00:00,399.97000000,400.01000000,399.92000000,399.94000000,0.33000000
1778958900000,2026-05-16T19:15:00+00:00,399.95000000,400.02000000,399.95000000,399.96000000,0.28000000
1778959800000,2026-05-16T19:30:00+00:00,399.96000000,400.04000000,399.93000000,400.04000000,1.84000000
1778960700000,2026-05-16T19:45:00+00:00,400.04000000,400.04000000,400.04000000,400.04000000,0.02000000
1778961600000,2026-05-16T20:00:00+00:00,400.04000000,400.04000000,400.04000000,400.04000000,0.00000000
1778962500000,2026-05-16T20:15:00+00:00,399.95000000,400.21000000,399.91000000,400.21000000,11.51000000
1778963400000,2026-05-16T20:30:00+00:00,400.16000000,400.27000000,400.05000000,400.22000000,6.56000000
1778964300000,2026-05-16T20:45:00+00:00,400.23000000,400.33000000,400.23000000,400.33000000,0.07000000
1778965200000,2026-05-16T21:00:00+00:00,400.37000000,401.00000000,400.28000000,400.86000000,20.43000000
1778966100000,2026-05-16T21:15:00+00:00,400.93000000,401.46000000,400.82000000,401.46000000,14.73000000
1778967000000,2026-05-16T21:30:00+00:00,401.40000000,401.43000000,400.82000000,400.98000000,5.79000000
1778967900000,2026-05-16T21:45:00+00:00,400.98000000,400.98000000,400.83000000,400.83000000,0.10000000
1778968800000,2026-05-16T22:00:00+00:00,400.97000000,400.97000000,400.82000000,400.87000000,0.80000000
1778969700000,2026-05-16T22:15:00+00:00,400.96000000,401.35000000,400.96000000,401.04000000,5.94000000
1778970600000,2026-05-16T22:30:00+00:00,401.04000000,401.04000000,401.04000000,401.04000000,0.00000000
1778971500000,2026-05-16T22:45:00+00:00,401.03000000,401.30000000,400.97000000,400.97000000,3.84000000
1778972400000,2026-05-16T23:00:00+00:00,400.93000000,400.93000000,400.82000000,400.82000000,0.23000000
1778973300000,2026-05-16T23:15:00+00:00,400.82000000,400.83000000,400.47000000,400.50000000,17.45000000
1778974200000,2026-05-16T23:30:00+00:00,400.50000000,400.50000000,400.50000000,400.50000000,0.00000000
1778975100000,2026-05-16T23:45:00+00:00,400.52000000,400.58000000,400.51000000,400.58000000,0.35000000
1778976000000,2026-05-17T00:00:00+00:00,400.59000000,400.59000000,400.59000000,400.59000000,0.09000000
1778976900000,2026-05-17T00:15:00+00:00,400.59000000,400.59000000,400.40000000,400.40000000,0.94000000
1778977800000,2026-05-17T00:30:00+00:00,400.42000000,400.53000000,400.40000000,400.53000000,3.03000000
1778978700000,2026-05-17T00:45:00+00:00,400.41000000,400.41000000,399.57000000,399.88000000,45.72000000
1778979600000,2026-05-17T01:00:00+00:00,399.84000000,400.09000000,399.44000000,399.75000000,20.56000000
1778980500000,2026-05-17T01:15:00+00:00,399.70000000,399.80000000,399.30000000,399.39000000,10.90000000
1778981400000,2026-05-17T01:30:00+00:00,399.28000000,399.80000000,398.94000000,399.11000000,43.30000000
1778982300000,2026-05-17T01:45:00+00:00,399.11000000,399.30000000,398.99000000,399.01000000,8.95000000
1778983200000,2026-05-17T02:00:00+00:00,399.01000000,399.47000000,398.97000000,399.21000000,53.11000000
1778984100000,2026-05-17T02:15:00+00:00,399.21000000,399.58000000,399.04000000,399.58000000,17.73000000
1778985000000,2026-05-17T02:30:00+00:00,399.62000000,399.64000000,399.39000000,399.58000000,6.07000000
1778985900000,2026-05-17T02:45:00+00:00,399.61000000,399.61000000,399.50000000,399.52000000,1.25000000
1778986800000,2026-05-17T03:00:00+00:00,399.63000000,400.14000000,399.63000000,400.10000000,18.58000000
1778987700000,2026-05-17T03:15:00+00:00,400.23000000,400.78000000,400.13000000,400.13000000,9.20000000
1778988600000,2026-05-17T03:30:00+00:00,400.26000000,400.29000000,399.78000000,400.08000000,19.31000000
1778989500000,2026-05-17T03:45:00+00:00,400.15000000,400.15000000,399.85000000,399.85000000,0.72000000
1778990400000,2026-05-17T04:00:00+00:00,399.86000000,400.18000000,399.85000000,400.18000000,1.32000000
1778991300000,2026-05-17T04:15:00+00:00,400.21000000,400.83000000,400.21000000,400.83000000,5.53000000
1778992200000,2026-05-17T04:30:00+00:00,400.73000000,401.00000000,400.17000000,400.93000000,19.62000000
1778993100000,2026-05-17T04:45:00+00:00,400.93000000,401.07000000,400.75000000,400.75000000,2.27000000
1778994000000,2026-05-17T05:00:00+00:00,400.70000000,401.01000000,400.56000000,400.62000000,16.18000000
1778994900000,2026-05-17T05:15:00+00:00,400.63000000,400.82000000,400.52000000,400.52000000,4.11000000
1778995800000,2026-05-17T05:30:00+00:00,400.50000000,400.66000000,400.48000000,400.66000000,2.70000000
1778996700000,2026-05-17T05:45:00+00:00,400.49000000,400.49000000,400.43000000,400.43000000,0.16000000
1778997600000,2026-05-17T06:00:00+00:00,400.47000000,400.47000000,400.40000000,400.40000000,0.29000000
1778998500000,2026-05-17T06:15:00+00:00,400.27000000,401.00000000,400.21000000,400.70000000,12.67000000
1778999400000,2026-05-17T06:30:00+00:00,400.69000000,400.78000000,400.39000000,400.40000000,1.83000000
1779000300000,2026-05-17T06:45:00+00:00,400.40000000,400.54000000,400.37000000,400.39000000,2.70000000
1779001200000,2026-05-17T07:00:00+00:00,400.32000000,400.32000000,400.27000000,400.27000000,0.26000000
1779002100000,2026-05-17T07:15:00+00:00,400.20000000,400.80000000,400.20000000,400.57000000,22.37000000
1779003000000,2026-05-17T07:30:00+00:00,400.51000000,400.56000000,400.38000000,400.41000000,0.66000000
1779003900000,2026-05-17T07:45:00+00:00,400.39000000,400.44000000,400.27000000,400.44000000,13.77000000
1779004800000,2026-05-17T08:00:00+00:00,400.40000000,400.40000000,399.94000000,400.04000000,7.98000000
1779005700000,2026-05-17T08:15:00+00:00,400.04000000,400.46000000,399.75000000,400.28000000,32.03000000
1779006600000,2026-05-17T08:30:00+00:00,400.18000000,400.33000000,399.86000000,399.92000000,4.79000000
1779007500000,2026-05-17T08:45:00+00:00,400.04000000,400.18000000,400.01000000,400.01000000,5.91000000
1779008400000,2026-05-17T09:00:00+00:00,400.03000000,400.10000000,399.94000000,400.10000000,1.37000000
1779009300000,2026-05-17T09:15:00+00:00,400.13000000,400.33000000,400.09000000,400.09000000,1.65000000
1779010200000,2026-05-17T09:30:00+00:00,400.25000000,401.78000000,400.25000000,401.51000000,56.56000000
1779011100000,2026-05-17T09:45:00+00:00,401.51000000,401.99000000,401.50000000,401.71000000,33.74000000
1779012000000,2026-05-17T10:00:00+00:00,401.88000000,402.33000000,401.50000000,402.13000000,36.82000000
1779012900000,2026-05-17T10:15:00+00:00,402.24000000,402.41000000,402.01000000,402.16000000,14.58000000
1779013800000,2026-05-17T10:30:00+00:00,402.01000000,402.41000000,401.67000000,402.40000000,31.52000000
1779014700000,2026-05-17T10:45:00+00:00,402.40000000,402.42000000,402.17000000,402.31000000,11.86000000
1779015600000,2026-05-17T11:00:00+00:00,402.30000000,402.42000000,401.99000000,402.20000000,17.10000000
1779016500000,2026-05-17T11:15:00+00:00,402.27000000,402.78000000,402.12000000,402.64000000,9.22000000
1779017400000,2026-05-17T11:30:00+00:00,402.78000000,403.17000000,402.35000000,402.44000000,41.42000000
1779018300000,2026-05-17T11:45:00+00:00,402.37000000,402.42000000,402.20000000,402.21000000,9.90000000
1779019200000,2026-05-17T12:00:00+00:00,402.29000000,402.37000000,402.12000000,402.33000000,16.03000000
1779020100000,2026-05-17T12:15:00+00:00,402.37000000,402.51000000,402.33000000,402.33000000,18.60000000
1779021000000,2026-05-17T12:30:00+00:00,402.39000000,402.63000000,402.25000000,402.54000000,11.25000000
1779021900000,2026-05-17T12:45:00+00:00,402.54000000,402.69000000,402.52000000,402.69000000,3.35000000
1779022800000,2026-05-17T13:00:00+00:00,402.57000000,402.61000000,402.23000000,402.25000000,3.82000000
1779023700000,2026-05-17T13:15:00+00:00,402.23000000,402.34000000,402.15000000,402.27000000,6.76000000
1779024600000,2026-05-17T13:30:00+00:00,402.25000000,402.27000000,401.86000000,401.95000000,17.25000000
1779025500000,2026-05-17T13:45:00+00:00,402.06000000,402.17000000,401.92000000,402.02000000,8.32000000
1779026400000,2026-05-17T14:00:00+00:00,402.10000000,402.10000000,401.70000000,401.73000000,8.17000000
1779027300000,2026-05-17T14:15:00+00:00,401.73000000,401.99000000,401.50000000,401.98000000,9.94000000
1779028200000,2026-05-17T14:30:00+00:00,401.79000000,402.00000000,401.79000000,401.79000000,6.90000000
1779029100000,2026-05-17T14:45:00+00:00,401.81000000,401.95000000,401.61000000,401.90000000,10.94000000
1779030000000,2026-05-17T15:00:00+00:00,401.90000000,402.19000000,401.74000000,402.01000000,13.33000000
1779030900000,2026-05-17T15:15:00+00:00,402.11000000,402.13000000,401.83000000,401.83000000,2.12000000
1779031800000,2026-05-17T15:30:00+00:00,401.92000000,401.98000000,401.83000000,401.88000000,3.51000000
1779032700000,2026-05-17T15:45:00+00:00,401.97000000,402.03000000,401.62000000,401.97000000,13.73000000
1779033600000,2026-05-17T16:00:00+00:00,401.85000000,401.85000000,401.61000000,401.61000000,7.33000000
1779034500000,2026-05-17T16:15:00+00:00,401.61000000,401.63000000,401.25000000,401.43000000,2.37000000
1779035400000,2026-05-17T16:30:00+00:00,401.51000000,401.63000000,401.27000000,401.27000000,5.19000000
1779036300000,2026-05-17T16:45:00+00:00,401.41000000,401.41000000,401.00000000,401.07000000,5.66000000
1779037200000,2026-05-17T17:00:00+00:00,401.13000000,401.23000000,401.01000000,401.06000000,5.42000000
1779038100000,2026-05-17T17:15:00+00:00,401.16000000,401.22000000,401.06000000,401.08000000,2.14000000
1779039000000,2026-05-17T17:30:00+00:00,401.18000000,401.26000000,401.02000000,401.24000000,0.64000000
1779039900000,2026-05-17T17:45:00+00:00,401.10000000,401.22000000,401.04000000,401.17000000,0.45000000
1779040800000,2026-05-17T18:00:00+00:00,401.24000000,401.29000000,401.14000000,401.29000000,0.52000000
1779041700000,2026-05-17T18:15:00+00:00,401.30000000,401.44000000,401.18000000,401.18000000,3.09000000
1779042600000,2026-05-17T18:30:00+00:00,401.18000000,401.18000000,401.18000000,401.18000000,0.00000000
1779043500000,2026-05-17T18:45:00+00:00,401.14000000,401.26000000,401.07000000,401.08000000,3.90000000
1779044400000,2026-05-17T19:00:00+00:00,401.17000000,401.27000000,401.13000000,401.21000000,3.57000000
1779045300000,2026-05-17T19:15:00+00:00,401.29000000,401.34000000,401.17000000,401.19000000,7.23000000
1779046200000,2026-05-17T19:30:00+00:00,401.32000000,402.06000000,401.24000000,401.83000000,26.91000000
1779047100000,2026-05-17T19:45:00+00:00,401.90000000,401.96000000,401.63000000,401.66000000,5.42000000
1779048000000,2026-05-17T20:00:00+00:00,401.66000000,401.71000000,401.66000000,401.70000000,0.73000000
1779048900000,2026-05-17T20:15:00+00:00,401.71000000,401.71000000,401.66000000,401.66000000,0.07000000
1779049800000,2026-05-17T20:30:00+00:00,401.51000000,401.52000000,401.21000000,401.22000000,1.43000000
1779050700000,2026-05-17T20:45:00+00:00,401.31000000,401.31000000,401.19000000,401.25000000,1.26000000
1779051600000,2026-05-17T21:00:00+00:00,401.22000000,401.66000000,401.11000000,401.66000000,6.02000000
1779052500000,2026-05-17T21:15:00+00:00,401.78000000,401.98000000,401.52000000,401.52000000,8.38000000
1779053400000,2026-05-17T21:30:00+00:00,401.77000000,402.33000000,401.71000000,402.33000000,13.02000000
1779054300000,2026-05-17T21:45:00+00:00,402.29000000,402.65000000,402.29000000,402.65000000,10.96000000
1779055200000,2026-05-17T22:00:00+00:00,402.65000000,403.17000000,401.05000000,403.13000000,55.08000000
1779056100000,2026-05-17T22:15:00+00:00,403.13000000,403.22000000,402.79000000,402.80000000,27.00000000
1779057000000,2026-05-17T22:30:00+00:00,402.80000000,403.54000000,402.47000000,403.30000000,32.77000000
1779057900000,2026-05-17T22:45:00+00:00,403.29000000,403.32000000,402.25000000,402.25000000,24.13000000
1779058800000,2026-05-17T23:00:00+00:00,402.18000000,402.21000000,401.60000000,401.60000000,11.21000000
1779059700000,2026-05-17T23:15:00+00:00,401.57000000,401.80000000,401.05000000,401.24000000,18.80000000
1779060600000,2026-05-17T23:30:00+00:00,401.17000000,401.76000000,400.56000000,400.73000000,63.43000000
1779061500000,2026-05-17T23:45:00+00:00,400.80000000,401.63000000,400.22000000,401.63000000,31.63000000
1779062400000,2026-05-18T00:00:00+00:00,401.60000000,402.06000000,397.00000000,397.91000000,302.52000000
1779063300000,2026-05-18T00:15:00+00:00,397.92000000,400.80000000,397.79000000,399.88000000,80.55000000
1779064200000,2026-05-18T00:30:00+00:00,399.76000000,399.84000000,398.77000000,399.14000000,62.23000000
1779065100000,2026-05-18T00:45:00+00:00,399.07000000,402.13000000,399.07000000,401.73000000,112.34000000
1779066000000,2026-05-18T01:00:00+00:00,401.71000000,403.40000000,398.95000000,398.95000000,130.30000000
1779066900000,2026-05-18T01:15:00+00:00,398.88000000,400.25000000,398.72000000,400.03000000,86.14000000
1779067800000,2026-05-18T01:30:00+00:00,400.00000000,401.95000000,399.96000000,401.43000000,51.93000000
1779068700000,2026-05-18T01:45:00+00:00,401.46000000,402.95000000,401.29000000,402.20000000,188.12000000
1779069600000,2026-05-18T02:00:00+00:00,402.22000000,402.67000000,401.65000000,402.49000000,117.43000000
1779070500000,2026-05-18T02:15:00+00:00,402.34000000,404.37000000,402.34000000,404.36000000,86.90000000
1779071400000,2026-05-18T02:30:00+00:00,404.30000000,405.76000000,402.64000000,403.66000000,186.80000000
1779072300000,2026-05-18T02:45:00+00:00,403.68000000,403.70000000,402.65000000,402.82000000,30.85000000
1779073200000,2026-05-18T03:00:00+00:00,402.85000000,403.90000000,402.84000000,403.04000000,73.45000000
1779074100000,2026-05-18T03:15:00+00:00,403.12000000,403.26000000,401.76000000,402.31000000,85.80000000
1779075000000,2026-05-18T03:30:00+00:00,402.34000000,403.16000000,401.35000000,403.00000000,57.61000000
1779075900000,2026-05-18T03:45:00+00:00,403.02000000,403.02000000,402.08000000,402.34000000,23.27000000
1779076800000,2026-05-18T04:00:00+00:00,402.44000000,403.49000000,402.21000000,403.33000000,174.28000000
1779077700000,2026-05-18T04:15:00+00:00,403.35000000,403.78000000,401.85000000,402.13000000,66.85000000
1779078600000,2026-05-18T04:30:00+00:00,401.94000000,403.76000000,401.72000000,403.50000000,73.05000000
1779079500000,2026-05-18T04:45:00+00:00,403.45000000,403.68000000,402.39000000,402.61000000,26.47000000
1779080400000,2026-05-18T05:00:00+00:00,402.57000000,403.23000000,402.57000000,402.98000000,41.08000000
1779081300000,2026-05-18T05:15:00+00:00,402.97000000,403.10000000,402.35000000,402.58000000,14.77000000
1779082200000,2026-05-18T05:30:00+00:00,402.44000000,402.47000000,401.79000000,402.24000000,18.10000000
1779083100000,2026-05-18T05:45:00+00:00,402.15000000,402.69000000,401.97000000,402.04000000,5.57000000
1779084000000,2026-05-18T06:00:00+00:00,401.97000000,402.17000000,401.24000000,401.65000000,47.45000000
1779084900000,2026-05-18T06:15:00+00:00,401.92000000,402.15000000,400.88000000,400.88000000,15.59000000
1779085800000,2026-05-18T06:30:00+00:00,400.75000000,402.21000000,400.43000000,402.21000000,20.79000000
1779086700000,2026-05-18T06:45:00+00:00,402.22000000,402.98000000,402.22000000,402.89000000,17.89000000
1779087600000,2026-05-18T07:00:00+00:00,403.00000000,403.51000000,402.34000000,403.32000000,31.13000000
1779088500000,2026-05-18T07:15:00+00:00,403.30000000,404.51000000,403.07000000,404.51000000,66.96000000
1779089400000,2026-05-18T07:30:00+00:00,404.56000000,405.20000000,404.26000000,404.41000000,58.23000000
1779090300000,2026-05-18T07:45:00+00:00,404.32000000,405.23000000,404.32000000,404.62000000,31.37000000
1779091200000,2026-05-18T08:00:00+00:00,404.61000000,407.00000000,404.61000000,407.00000000,287.63000000
1779092100000,2026-05-18T08:15:00+00:00,406.81000000,406.87000000,405.46000000,406.52000000,93.67000000
1779093000000,2026-05-18T08:30:00+00:00,406.59000000,407.83000000,406.51000000,407.05000000,84.28000000
1779093900000,2026-05-18T08:45:00+00:00,406.96000000,408.39000000,406.93000000,408.06000000,25.59000000
1779094800000,2026-05-18T09:00:00+00:00,408.01000000,408.66000000,407.35000000,407.83000000,98.29000000
1779095700000,2026-05-18T09:15:00+00:00,407.89000000,408.26000000,407.37000000,407.68000000,19.57000000
1779096600000,2026-05-18T09:30:00+00:00,407.61000000,409.74000000,407.45000000,409.07000000,98.14000000
1779097500000,2026-05-18T09:45:00+00:00,409.07000000,409.09000000,408.11000000,408.66000000,170.63000000
1779098400000,2026-05-18T10:00:00+00:00,408.56000000,408.69000000,406.58000000,406.91000000,38.47000000
1779099300000,2026-05-18T10:15:00+00:00,406.93000000,407.54000000,406.62000000,407.25000000,26.47000000
1779100200000,2026-05-18T10:30:00+00:00,407.25000000,407.36000000,405.76000000,407.01000000,94.23000000
1779101100000,2026-05-18T10:45:00+00:00,407.10000000,407.34000000,406.61000000,406.73000000,41.16000000
1779102000000,2026-05-18T11:00:00+00:00,406.55000000,406.55000000,404.85000000,405.72000000,67.73000000
1779102900000,2026-05-18T11:15:00+00:00,405.75000000,405.93000000,404.97000000,404.97000000,21.05000000
1779103800000,2026-05-18T11:30:00+00:00,405.16000000,407.93000000,405.02000000,407.31000000,89.14000000
1779104700000,2026-05-18T11:45:00+00:00,407.49000000,407.55000000,406.29000000,407.00000000,46.54000000
1779105600000,2026-05-18T12:00:00+00:00,406.92000000,407.63000000,406.92000000,407.11000000,37.58000000
1779106500000,2026-05-18T12:15:00+00:00,407.28000000,407.77000000,406.87000000,407.48000000,53.41000000
1779107400000,2026-05-18T12:30:00+00:00,407.40000000,409.62000000,407.03000000,409.51000000,216.40000000
1779108300000,2026-05-18T12:45:00+00:00,409.66000000,411.00000000,409.51000000,410.41000000,268.35000000
1779109200000,2026-05-18T13:00:00+00:00,410.51000000,410.82000000,409.46000000,410.42000000,105.34000000
1779110100000,2026-05-18T13:15:00+00:00,410.12000000,410.12000000,406.99000000,407.15000000,154.72000000
1779111000000,2026-05-18T13:30:00+00:00,407.21000000,407.30000000,399.60000000,399.95000000,810.64000000
1779111900000,2026-05-18T13:45:00+00:00,399.89000000,402.81000000,399.37000000,399.97000000,715.90000000
1779112800000,2026-05-18T14:00:00+00:00,399.80000000,400.48000000,397.05000000,400.28000000,388.45000000
1779113700000,2026-05-18T14:15:00+00:00,400.22000000,400.71000000,396.38000000,396.79000000,234.54000000
1779114600000,2026-05-18T14:30:00+00:00,396.84000000,397.25000000,394.18000000,396.19000000,554.01000000
1779115500000,2026-05-18T14:45:00+00:00,396.16000000,397.95000000,394.58000000,397.78000000,322.86000000
1779116400000,2026-05-18T15:00:00+00:00,397.58000000,399.25000000,396.47000000,397.29000000,391.09000000
1779117300000,2026-05-18T15:15:00+00:00,397.30000000,397.34000000,394.83000000,395.02000000,234.50000000
1779118200000,2026-05-18T15:30:00+00:00,394.85000000,397.46000000,394.82000000,396.44000000,150.70000000
1779119100000,2026-05-18T15:45:00+00:00,396.50000000,397.04000000,395.41000000,395.75000000,324.77000000
1779120000000,2026-05-18T16:00:00+00:00,395.79000000,396.12000000,394.54000000,395.58000000,1563.23000000
1779120900000,2026-05-18T16:15:00+00:00,395.60000000,396.45000000,392.39000000,393.05000000,414.02000000
1779121800000,2026-05-18T16:30:00+00:00,393.02000000,394.64000000,392.36000000,394.12000000,152.25000000
1779122700000,2026-05-18T16:45:00+00:00,394.21000000,396.43000000,393.72000000,395.56000000,103.95000000
1779123600000,2026-05-18T17:00:00+00:00,395.60000000,396.07000000,394.96000000,395.21000000,186.21000000
1779124500000,2026-05-18T17:15:00+00:00,395.20000000,395.74000000,394.60000000,395.65000000,60.40000000
1779125400000,2026-05-18T17:30:00+00:00,395.64000000,395.99000000,394.72000000,395.52000000,27.87000000
1779126300000,2026-05-18T17:45:00+00:00,395.56000000,395.73000000,394.46000000,395.24000000,25.75000000
1779127200000,2026-05-18T18:00:00+00:00,395.14000000,395.30000000,393.42000000,393.51000000,40.09000000
1779128100000,2026-05-18T18:15:00+00:00,393.46000000,393.54000000,391.48000000,392.35000000,113.40000000
1779129000000,2026-05-18T18:30:00+00:00,392.38000000,393.18000000,391.94000000,392.48000000,26.74000000
1779129900000,2026-05-18T18:45:00+00:00,392.52000000,392.61000000,391.32000000,392.34000000,39.57000000
1779130800000,2026-05-18T19:00:00+00:00,392.33000000,395.69000000,392.33000000,393.95000000,272.41000000
1779131700000,2026-05-18T19:15:00+00:00,393.90000000,394.30000000,392.46000000,392.97000000,83.30000000
1779132600000,2026-05-18T19:30:00+00:00,393.10000000,396.03000000,392.90000000,395.81000000,53.13000000
1779133500000,2026-05-18T19:45:00+00:00,395.85000000,397.26000000,395.58000000,396.33000000,58.45000000
1779134400000,2026-05-18T20:00:00+00:00,396.47000000,396.48000000,395.42000000,395.52000000,105.12000000
1779135300000,2026-05-18T20:15:00+00:00,395.53000000,396.28000000,395.53000000,395.88000000,30.31000000
1779136200000,2026-05-18T20:30:00+00:00,395.78000000,395.95000000,395.66000000,395.90000000,3.74000000
1779137100000,2026-05-18T20:45:00+00:00,395.91000000,396.00000000,395.75000000,395.90000000,6.49000000
1779138000000,2026-05-18T21:00:00+00:00,395.80000000,396.12000000,395.70000000,395.98000000,13.34000000
1779138900000,2026-05-18T21:15:00+00:00,395.97000000,396.40000000,395.85000000,396.09000000,6.76000000
1779139800000,2026-05-18T21:30:00+00:00,396.12000000,396.38000000,395.81000000,396.15000000,4.01000000
1779140700000,2026-05-18T21:45:00+00:00,396.16000000,396.25000000,395.83000000,396.20000000,6.49000000
1779141600000,2026-05-18T22:00:00+00:00,396.20000000,397.17000000,396.07000000,396.69000000,18.07000000
1779142500000,2026-05-18T22:15:00+00:00,396.64000000,397.30000000,396.63000000,397.30000000,3.14000000
1779143400000,2026-05-18T22:30:00+00:00,397.15000000,397.60000000,397.15000000,397.42000000,5.34000000
1779144300000,2026-05-18T22:45:00+00:00,397.45000000,397.75000000,397.35000000,397.75000000,6.10000000
1779145200000,2026-05-18T23:00:00+00:00,397.73000000,398.25000000,397.69000000,397.95000000,5.83000000
1779146100000,2026-05-18T23:15:00+00:00,397.90000000,397.90000000,397.50000000,397.50000000,5.80000000
1779147000000,2026-05-18T23:30:00+00:00,397.57000000,397.85000000,397.40000000,397.69000000,20.54000000
1779147900000,2026-05-18T23:45:00+00:00,397.57000000,397.68000000,396.81000000,397.10000000,12.81000000
1779148800000,2026-05-19T00:00:00+00:00,397.12000000,397.17000000,396.48000000,396.94000000,69.78000000
1779149700000,2026-05-19T00:15:00+00:00,396.95000000,397.90000000,396.81000000,397.36000000,27.27000000
1779150600000,2026-05-19T00:30:00+00:00,397.40000000,397.99000000,397.37000000,397.68000000,14.91000000
1779151500000,2026-05-19T00:45:00+00:00,397.68000000,397.70000000,396.25000000,396.25000000,21.99000000
1779152400000,2026-05-19T01:00:00+00:00,396.20000000,397.00000000,395.57000000,395.86000000,62.69000000
1779153300000,2026-05-19T01:15:00+00:00,395.98000000,396.16000000,394.34000000,394.68000000,33.80000000
1779154200000,2026-05-19T01:30:00+00:00,394.79000000,395.65000000,394.28000000,395.34000000,34.04000000
1779155100000,2026-05-19T01:45:00+00:00,395.38000000,395.38000000,393.40000000,393.40000000,32.38000000
1779156000000,2026-05-19T02:00:00+00:00,393.35000000,393.59000000,392.40000000,393.52000000,92.13000000
1779156900000,2026-05-19T02:15:00+00:00,393.60000000,393.72000000,392.93000000,393.51000000,57.12000000
1779157800000,2026-05-19T02:30:00+00:00,393.49000000,393.80000000,392.99000000,393.80000000,57.33000000
1779158700000,2026-05-19T02:45:00+00:00,393.81000000,394.05000000,393.35000000,393.35000000,25.17000000
1779159600000,2026-05-19T03:00:00+00:00,393.40000000,394.18000000,393.15000000,394.13000000,9.97000000
1779160500000,2026-05-19T03:15:00+00:00,394.08000000,394.30000000,393.89000000,394.28000000,5.61000000
1779161400000,2026-05-19T03:30:00+00:00,394.28000000,394.49000000,394.05000000,394.30000000,12.27000000
1779162300000,2026-05-19T03:45:00+00:00,394.17000000,394.19000000,393.24000000,393.35000000,34.44000000
1779163200000,2026-05-19T04:00:00+00:00,393.48000000,393.48000000,392.95000000,393.19000000,25.20000000
1779164100000,2026-05-19T04:15:00+00:00,393.15000000,393.36000000,392.88000000,392.99000000,51.65000000
1779165000000,2026-05-19T04:30:00+00:00,393.09000000,393.53000000,393.09000000,393.20000000,64.03000000
1779165900000,2026-05-19T04:45:00+00:00,393.15000000,393.63000000,392.83000000,393.35000000,31.35000000
1779166800000,2026-05-19T05:00:00+00:00,393.37000000,393.61000000,392.93000000,393.26000000,29.80000000
1779167700000,2026-05-19T05:15:00+00:00,393.42000000,393.50000000,392.59000000,393.39000000,20.16000000
1779168600000,2026-05-19T05:30:00+00:00,393.46000000,393.51000000,392.89000000,393.03000000,14.36000000
1779169500000,2026-05-19T05:45:00+00:00,393.05000000,393.24000000,392.94000000,393.24000000,4.29000000
1779170400000,2026-05-19T06:00:00+00:00,393.24000000,393.29000000,392.57000000,393.14000000,26.20000000
1779171300000,2026-05-19T06:15:00+00:00,393.25000000,393.75000000,392.97000000,393.62000000,13.85000000
1779172200000,2026-05-19T06:30:00+00:00,393.60000000,393.84000000,393.11000000,393.84000000,31.77000000
1779173100000,2026-05-19T06:45:00+00:00,393.85000000,393.93000000,393.52000000,393.84000000,6.68000000
1779174000000,2026-05-19T07:00:00+00:00,393.82000000,394.76000000,393.66000000,393.94000000,46.49000000
1779174900000,2026-05-19T07:15:00+00:00,394.07000000,394.40000000,393.91000000,394.38000000,27.41000000
1779175800000,2026-05-19T07:30:00+00:00,394.38000000,394.76000000,394.00000000,394.66000000,12.61000000
1779176700000,2026-05-19T07:45:00+00:00,394.75000000,395.75000000,394.69000000,394.89000000,21.63000000
1779177600000,2026-05-19T08:00:00+00:00,394.93000000,395.20000000,393.70000000,393.88000000,170.06000000
1779178500000,2026-05-19T08:15:00+00:00,393.75000000,394.19000000,392.69000000,392.84000000,60.05000000
1779179400000,2026-05-19T08:30:00+00:00,392.83000000,393.38000000,392.78000000,393.28000000,17.45000000
1779180300000,2026-05-19T08:45:00+00:00,393.32000000,393.43000000,393.18000000,393.18000000,8.22000000
1779181200000,2026-05-19T09:00:00+00:00,393.22000000,393.22000000,392.27000000,392.56000000,106.56000000
1779182100000,2026-05-19T09:15:00+00:00,392.36000000,392.38000000,390.65000000,390.65000000,119.88000000
1779183000000,2026-05-19T09:30:00+00:00,390.63000000,390.97000000,390.08000000,390.08000000,44.16000000
1779183900000,2026-05-19T09:45:00+00:00,390.07000000,391.55000000,390.07000000,391.47000000,60.76000000
1779184800000,2026-05-19T10:00:00+00:00,391.50000000,391.50000000,390.50000000,390.73000000,55.74000000
1779185700000,2026-05-19T10:15:00+00:00,390.84000000,390.91000000,389.85000000,389.97000000,104.95000000
1779186600000,2026-05-19T10:30:00+00:00,389.96000000,390.57000000,389.69000000,389.85000000,60.60000000
1779187500000,2026-05-19T10:45:00+00:00,389.88000000,390.90000000,389.81000000,390.89000000,51.71000000
1779188400000,2026-05-19T11:00:00+00:00,390.90000000,391.16000000,390.51000000,390.60000000,44.37000000
1779189300000,2026-05-19T11:15:00+00:00,390.55000000,390.69000000,390.15000000,390.15000000,14.87000000
1779190200000,2026-05-19T11:30:00+00:00,390.27000000,391.20000000,390.27000000,390.94000000,28.18000000
1779191100000,2026-05-19T11:45:00+00:00,390.94000000,390.99000000,390.57000000,390.80000000,14.08000000
1779192000000,2026-05-19T12:00:00+00:00,390.79000000,391.02000000,390.21000000,390.25000000,67.74000000
1779192900000,2026-05-19T12:15:00+00:00,390.30000000,390.43000000,389.79000000,389.96000000,11.91000000
1779193800000,2026-05-19T12:30:00+00:00,389.96000000,390.97000000,389.96000000,390.86000000,55.54000000
1779194700000,2026-05-19T12:45:00+00:00,390.91000000,391.53000000,390.91000000,391.14000000,12.99000000
1779195600000,2026-05-19T13:00:00+00:00,391.26000000,391.31000000,390.13000000,390.52000000,16.44000000
1779196500000,2026-05-19T13:15:00+00:00,390.48000000,391.11000000,389.27000000,390.06000000,162.22000000
1779197400000,2026-05-19T13:30:00+00:00,390.06000000,395.91000000,388.53000000,392.55000000,1235.53000000
1779198300000,2026-05-19T13:45:00+00:00,392.45000000,393.91000000,390.70000000,391.26000000,564.30000000
1779199200000,2026-05-19T14:00:00+00:00,391.26000000,391.47000000,387.32000000,387.54000000,748.97000000
1779200100000,2026-05-19T14:15:00+00:00,387.46000000,387.82000000,385.32000000,386.97000000,404.49000000
1779201000000,2026-05-19T14:30:00+00:00,386.90000000,388.67000000,386.43000000,387.84000000,313.90000000
1779201900000,2026-05-19T14:45:00+00:00,387.72000000,390.57000000,386.61000000,389.89000000,289.19000000
1779202800000,2026-05-19T15:00:00+00:00,389.99000000,390.35000000,388.32000000,389.64000000,159.42000000
1779203700000,2026-05-19T15:15:00+00:00,389.67000000,390.78000000,388.65000000,389.58000000,250.11000000
1779204600000,2026-05-19T15:30:00+00:00,389.55000000,392.02000000,389.38000000,392.02000000,138.63000000
1779205500000,2026-05-19T15:45:00+00:00,392.01000000,392.94000000,391.42000000,392.90000000,121.91000000
1779206400000,2026-05-19T16:00:00+00:00,392.97000000,394.40000000,392.97000000,394.15000000,111.69000000
1779207300000,2026-05-19T16:15:00+00:00,394.17000000,396.12000000,394.13000000,395.92000000,125.81000000
1779208200000,2026-05-19T16:30:00+00:00,395.79000000,397.30000000,395.69000000,396.40000000,193.70000000
1779209100000,2026-05-19T16:45:00+00:00,396.48000000,397.46000000,395.55000000,397.03000000,222.19000000
1779210000000,2026-05-19T17:00:00+00:00,396.99000000,398.55000000,396.99000000,398.40000000,98.78000000
1779210900000,2026-05-19T17:15:00+00:00,398.44000000,399.00000000,397.12000000,397.34000000,523.49000000
1779211800000,2026-05-19T17:30:00+00:00,397.42000000,397.83000000,396.70000000,396.82000000,283.16000000
1779212700000,2026-05-19T17:45:00+00:00,396.80000000,396.85000000,395.12000000,396.14000000,71.92000000
1779213600000,2026-05-19T18:00:00+00:00,396.12000000,397.20000000,396.12000000,396.76000000,16.72000000
1779214500000,2026-05-19T18:15:00+00:00,396.72000000,396.80000000,394.89000000,395.51000000,55.00000000
1779215400000,2026-05-19T18:30:00+00:00,395.52000000,395.96000000,394.88000000,395.16000000,57.16000000
1779216300000,2026-05-19T18:45:00+00:00,395.13000000,395.67000000,394.08000000,394.48000000,28.35000000
1779217200000,2026-05-19T19:00:00+00:00,394.47000000,395.88000000,394.43000000,395.83000000,45.74000000
1779218100000,2026-05-19T19:15:00+00:00,395.87000000,395.87000000,393.20000000,393.87000000,86.42000000
1779219000000,2026-05-19T19:30:00+00:00,393.93000000,394.16000000,393.24000000,393.44000000,42.89000000
1779219900000,2026-05-19T19:45:00+00:00,393.48000000,393.63000000,391.92000000,392.79000000,46.92000000
1779220800000,2026-05-19T20:00:00+00:00,392.83000000,393.79000000,392.69000000,393.42000000,49.84000000
1779221700000,2026-05-19T20:15:00+00:00,393.50000000,393.56000000,393.14000000,393.27000000,32.40000000
1779222600000,2026-05-19T20:30:00+00:00,393.25000000,393.36000000,393.14000000,393.15000000,2.56000000
1779223500000,2026-05-19T20:45:00+00:00,393.20000000,393.37000000,393.17000000,393.17000000,6.19000000
1779224400000,2026-05-19T21:00:00+00:00,393.18000000,393.50000000,393.13000000,393.50000000,6.43000000
1779225300000,2026-05-19T21:15:00+00:00,393.51000000,393.75000000,393.44000000,393.49000000,6.27000000
1779226200000,2026-05-19T21:30:00+00:00,393.61000000,393.61000000,393.40000000,393.40000000,0.18000000
1779227100000,2026-05-19T21:45:00+00:00,393.51000000,393.84000000,393.51000000,393.84000000,1.55000000
1779228000000,2026-05-19T22:00:00+00:00,393.69000000,394.45000000,393.62000000,394.19000000,25.33000000
1779228900000,2026-05-19T22:15:00+00:00,394.18000000,394.40000000,393.25000000,393.25000000,8.16000000
1779229800000,2026-05-19T22:30:00+00:00,393.25000000,393.55000000,393.20000000,393.32000000,4.33000000
1779230700000,2026-05-19T22:45:00+00:00,393.30000000,393.55000000,393.16000000,393.55000000,19.28000000
1779231600000,2026-05-19T23:00:00+00:00,393.55000000,394.05000000,393.45000000,393.75000000,9.01000000
1779232500000,2026-05-19T23:15:00+00:00,393.79000000,394.16000000,393.77000000,393.94000000,4.18000000
1779233400000,2026-05-19T23:30:00+00:00,394.05000000,394.47000000,394.05000000,394.20000000,3.04000000
1779234300000,2026-05-19T23:45:00+00:00,394.18000000,394.25000000,393.73000000,393.90000000,8.22000000
1779235200000,2026-05-20T00:00:00+00:00,393.75000000,393.76000000,391.71000000,391.79000000,105.64000000
1779236100000,2026-05-20T00:15:00+00:00,391.68000000,392.71000000,390.65000000,392.50000000,144.37000000
1779237000000,2026-05-20T00:30:00+00:00,392.69000000,393.54000000,392.58000000,392.75000000,34.58000000
1779237900000,2026-05-20T00:45:00+00:00,392.78000000,393.36000000,392.78000000,393.29000000,17.82000000
1779238800000,2026-05-20T01:00:00+00:00,393.21000000,393.81000000,392.82000000,393.81000000,59.43000000
1779239700000,2026-05-20T01:15:00+00:00,393.78000000,394.19000000,393.53000000,393.57000000,42.50000000
1779240600000,2026-05-20T01:30:00+00:00,393.63000000,393.67000000,392.93000000,393.37000000,14.20000000
1779241500000,2026-05-20T01:45:00+00:00,393.38000000,394.41000000,393.38000000,394.05000000,24.24000000
1779242400000,2026-05-20T02:00:00+00:00,394.15000000,394.65000000,394.15000000,394.65000000,16.12000000
1779243300000,2026-05-20T02:15:00+00:00,394.67000000,395.57000000,394.62000000,394.62000000,24.86000000
1779244200000,2026-05-20T02:30:00+00:00,394.61000000,394.61000000,393.50000000,393.50000000,12.33000000
1779245100000,2026-05-20T02:45:00+00:00,393.50000000,393.73000000,392.77000000,393.20000000,15.99000000
1779246000000,2026-05-20T03:00:00+00:00,393.19000000,393.22000000,391.74000000,392.33000000,33.15000000
1779246900000,2026-05-20T03:15:00+00:00,392.31000000,392.99000000,392.01000000,392.37000000,56.56000000
1779247800000,2026-05-20T03:30:00+00:00,392.43000000,392.64000000,392.07000000,392.26000000,45.24000000
1779248700000,2026-05-20T03:45:00+00:00,392.28000000,392.88000000,392.13000000,392.88000000,30.14000000
1779249600000,2026-05-20T04:00:00+00:00,392.91000000,393.28000000,392.91000000,393.28000000,12.94000000
1779250500000,2026-05-20T04:15:00+00:00,393.30000000,393.36000000,393.00000000,393.15000000,22.56000000
1779251400000,2026-05-20T04:30:00+00:00,393.17000000,393.17000000,392.37000000,392.63000000,32.31000000
1779252300000,2026-05-20T04:45:00+00:00,392.54000000,392.59000000,391.94000000,392.24000000,14.12000000
1779253200000,2026-05-20T05:00:00+00:00,392.19000000,393.18000000,392.19000000,393.18000000,4.91000000
1779254100000,2026-05-20T05:15:00+00:00,393.07000000,393.07000000,392.33000000,392.42000000,12.13000000
1779255000000,2026-05-20T05:30:00+00:00,392.43000000,393.89000000,392.43000000,393.61000000,80.99000000
1779255900000,2026-05-20T05:45:00+00:00,393.57000000,393.89000000,393.33000000,393.87000000,18.47000000
1779256800000,2026-05-20T06:00:00+00:00,393.88000000,394.20000000,393.88000000,394.08000000,13.09000000
1779257700000,2026-05-20T06:15:00+00:00,394.11000000,395.74000000,394.11000000,395.27000000,115.71000000
1779258600000,2026-05-20T06:30:00+00:00,395.28000000,395.28000000,394.04000000,394.56000000,60.11000000
1779259500000,2026-05-20T06:45:00+00:00,394.51000000,395.27000000,394.51000000,395.05000000,43.61000000
1779260400000,2026-05-20T07:00:00+00:00,395.07000000,395.43000000,394.80000000,395.31000000,117.76000000
1779261300000,2026-05-20T07:15:00+00:00,395.22000000,396.50000000,395.06000000,396.24000000,92.62000000
1779262200000,2026-05-20T07:30:00+00:00,396.22000000,396.22000000,395.30000000,395.84000000,86.68000000
1779263100000,2026-05-20T07:45:00+00:00,395.88000000,396.11000000,395.39000000,395.47000000,48.95000000
1779264000000,2026-05-20T08:00:00+00:00,395.45000000,396.80000000,395.14000000,396.65000000,121.81000000
1779264900000,2026-05-20T08:15:00+00:00,396.65000000,396.92000000,395.17000000,395.64000000,186.48000000
1779265800000,2026-05-20T08:30:00+00:00,395.74000000,396.60000000,395.74000000,396.23000000,21.90000000
1779266700000,2026-05-20T08:45:00+00:00,396.33000000,397.28000000,396.33000000,396.44000000,97.14000000
1779267600000,2026-05-20T09:00:00+00:00,396.53000000,396.60000000,395.60000000,395.72000000,66.44000000
1779268500000,2026-05-20T09:15:00+00:00,395.68000000,395.88000000,395.36000000,395.69000000,14.68000000
1779269400000,2026-05-20T09:30:00+00:00,395.72000000,396.71000000,395.72000000,396.29000000,77.21000000
1779270300000,2026-05-20T09:45:00+00:00,396.29000000,397.36000000,396.19000000,397.10000000,63.50000000
1779271200000,2026-05-20T10:00:00+00:00,397.15000000,397.92000000,397.15000000,397.92000000,15.05000000
1779272100000,2026-05-20T10:15:00+00:00,397.87000000,397.96000000,397.61000000,397.80000000,27.34000000
1779273000000,2026-05-20T10:30:00+00:00,397.78000000,398.32000000,397.73000000,398.24000000,21.32000000
1779273900000,2026-05-20T10:45:00+00:00,398.17000000,398.30000000,397.68000000,397.70000000,23.65000000
1779274800000,2026-05-20T11:00:00+00:00,397.67000000,398.08000000,397.67000000,397.85000000,39.24000000
1779275700000,2026-05-20T11:15:00+00:00,397.87000000,398.40000000,397.87000000,398.20000000,53.52000000
1779276600000,2026-05-20T11:30:00+00:00,398.21000000,398.29000000,397.42000000,397.64000000,78.80000000
1779277500000,2026-05-20T11:45:00+00:00,397.76000000,397.99000000,396.92000000,397.54000000,189.19000000
1779278400000,2026-05-20T12:00:00+00:00,397.55000000,398.02000000,397.46000000,397.81000000,29.43000000
1779279300000,2026-05-20T12:15:00+00:00,397.84000000,398.32000000,397.81000000,398.15000000,50.27000000
1779280200000,2026-05-20T12:30:00+00:00,398.29000000,398.29000000,397.29000000,397.61000000,76.61000000
1779281100000,2026-05-20T12:45:00+00:00,397.64000000,397.98000000,397.56000000,397.62000000,13.22000000
1779282000000,2026-05-20T13:00:00+00:00,397.53000000,397.87000000,396.71000000,396.71000000,53.96000000
1779282900000,2026-05-20T13:15:00+00:00,396.69000000,397.64000000,395.48000000,397.38000000,159.81000000
1779283800000,2026-05-20T13:30:00+00:00,397.37000000,400.25000000,396.49000000,399.84000000,708.03000000
1779284700000,2026-05-20T13:45:00+00:00,400.06000000,400.85000000,398.10000000,398.48000000,553.17000000
1779285600000,2026-05-20T14:00:00+00:00,398.59000000,399.44000000,396.73000000,398.50000000,344.63000000
1779286500000,2026-05-20T14:15:00+00:00,398.60000000,401.80000000,398.12000000,401.16000000,484.92000000
1779287400000,2026-05-20T14:30:00+00:00,401.20000000,402.39000000,400.03000000,400.45000000,304.90000000
1779288300000,2026-05-20T14:45:00+00:00,400.48000000,401.71000000,399.99000000,401.30000000,258.73000000
1779289200000,2026-05-20T15:00:00+00:00,401.29000000,403.26000000,401.12000000,401.84000000,355.93000000
1779290100000,2026-05-20T15:15:00+00:00,401.77000000,404.12000000,401.68000000,402.11000000,423.09000000
1779291000000,2026-05-20T15:30:00+00:00,402.08000000,402.91000000,401.88000000,402.12000000,230.02000000
1779291900000,2026-05-20T15:45:00+00:00,402.18000000,402.49000000,401.43000000,401.88000000,55.08000000
1779292800000,2026-05-20T16:00:00+00:00,401.83000000,401.99000000,401.10000000,401.39000000,177.61000000
1779293700000,2026-05-20T16:15:00+00:00,401.38000000,401.38000000,399.72000000,400.33000000,308.80000000
1779294600000,2026-05-20T16:30:00+00:00,400.36000000,401.68000000,400.02000000,401.60000000,101.35000000
1779295500000,2026-05-20T16:45:00+00:00,401.68000000,401.68000000,400.96000000,401.43000000,38.53000000
1779296400000,2026-05-20T17:00:00+00:00,401.36000000,402.14000000,401.13000000,401.64000000,90.54000000
1779297300000,2026-05-20T17:15:00+00:00,401.72000000,402.49000000,401.24000000,402.42000000,43.27000000
1779298200000,2026-05-20T17:30:00+00:00,402.46000000,402.75000000,401.93000000,401.93000000,31.87000000
1779299100000,2026-05-20T17:45:00+00:00,401.97000000,402.12000000,401.49000000,402.07000000,18.41000000
1779300000000,2026-05-20T18:00:00+00:00,402.04000000,402.48000000,401.64000000,402.19000000,29.69000000
1779300900000,2026-05-20T18:15:00+00:00,402.25000000,402.27000000,401.55000000,402.10000000,11.04000000
1779301800000,2026-05-20T18:30:00+00:00,402.13000000,402.91000000,402.13000000,402.24000000,11.16000000
1779302700000,2026-05-20T18:45:00+00:00,402.22000000,402.49000000,401.50000000,401.50000000,10.51000000
1779303600000,2026-05-20T19:00:00+00:00,401.52000000,402.21000000,401.32000000,401.97000000,16.25000000
1779304500000,2026-05-20T19:15:00+00:00,401.99000000,402.74000000,401.91000000,402.15000000,11.56000000
1779305400000,2026-05-20T19:30:00+00:00,402.16000000,402.75000000,402.00000000,402.22000000,25.44000000
1779306300000,2026-05-20T19:45:00+00:00,402.24000000,402.96000000,401.32000000,402.32000000,97.08000000
1779307200000,2026-05-20T20:00:00+00:00,402.44000000,403.06000000,402.30000000,402.95000000,21.30000000
1779308100000,2026-05-20T20:15:00+00:00,402.92000000,404.30000000,398.61000000,404.28000000,427.89000000
1779309000000,2026-05-20T20:30:00+00:00,404.32000000,404.84000000,401.76000000,403.44000000,205.66000000
1779309900000,2026-05-20T20:45:00+00:00,403.56000000,403.68000000,402.20000000,402.74000000,48.86000000
1779310800000,2026-05-20T21:00:00+00:00,402.53000000,402.82000000,401.08000000,401.08000000,31.63000000
1779311700000,2026-05-20T21:15:00+00:00,401.23000000,402.61000000,401.23000000,402.35000000,19.66000000
1779312600000,2026-05-20T21:30:00+00:00,402.48000000,402.90000000,402.16000000,402.44000000,45.07000000
1779313500000,2026-05-20T21:45:00+00:00,402.46000000,402.63000000,401.17000000,401.64000000,36.31000000
1779314400000,2026-05-20T22:00:00+00:00,401.55000000,401.76000000,399.12000000,399.59000000,171.35000000
1779315300000,2026-05-20T22:15:00+00:00,399.64000000,399.83000000,398.74000000,399.80000000,40.93000000
1779316200000,2026-05-20T22:30:00+00:00,399.85000000,400.77000000,399.72000000,400.77000000,105.46000000
1779317100000,2026-05-20T22:45:00+00:00,400.80000000,401.06000000,400.56000000,400.79000000,16.86000000
1779318000000,2026-05-20T23:00:00+00:00,400.87000000,401.49000000,400.81000000,401.08000000,20.68000000
1779318900000,2026-05-20T23:15:00+00:00,401.07000000,401.13000000,400.50000000,400.80000000,8.73000000
1779319800000,2026-05-20T23:30:00+00:00,400.83000000,400.87000000,400.53000000,400.76000000,4.33000000
1779320700000,2026-05-20T23:45:00+00:00,400.76000000,400.92000000,400.60000000,400.60000000,15.43000000
1779321600000,2026-05-21T00:00:00+00:00,400.62000000,402.00000000,400.40000000,401.88000000,137.88000000
1779322500000,2026-05-21T00:15:00+00:00,401.89000000,402.06000000,401.46000000,402.00000000,111.12000000
1779323400000,2026-05-21T00:30:00+00:00,402.00000000,402.50000000,401.64000000,402.10000000,65.15000000
1779324300000,2026-05-21T00:45:00+00:00,402.11000000,402.45000000,401.73000000,401.98000000,24.19000000
1779325200000,2026-05-21T01:00:00+00:00,402.07000000,403.65000000,402.07000000,403.57000000,80.92000000
1779326100000,2026-05-21T01:15:00+00:00,403.62000000,404.12000000,403.30000000,403.69000000,67.72000000
1779327000000,2026-05-21T01:30:00+00:00,403.58000000,405.00000000,403.56000000,404.54000000,143.93000000
1779327900000,2026-05-21T01:45:00+00:00,404.67000000,405.51000000,404.32000000,404.75000000,375.81000000
1779328800000,2026-05-21T02:00:00+00:00,404.72000000,405.26000000,404.61000000,405.06000000,147.24000000
1779329700000,2026-05-21T02:15:00+00:00,405.06000000,405.48000000,404.76000000,404.81000000,54.67000000
1779330600000,2026-05-21T02:30:00+00:00,404.81000000,404.88000000,403.78000000,404.12000000,76.82000000
1779331500000,2026-05-21T02:45:00+00:00,404.05000000,404.05000000,403.24000000,403.31000000,20.07000000
1779332400000,2026-05-21T03:00:00+00:00,403.46000000,404.26000000,403.24000000,404.08000000,153.66000000
1779333300000,2026-05-21T03:15:00+00:00,404.06000000,404.80000000,403.58000000,404.76000000,56.91000000
1779334200000,2026-05-21T03:30:00+00:00,404.79000000,404.90000000,404.50000000,404.71000000,17.26000000
1779335100000,2026-05-21T03:45:00+00:00,404.56000000,404.56000000,403.97000000,404.01000000,48.71000000
1779336000000,2026-05-21T04:00:00+00:00,404.00000000,404.53000000,404.00000000,404.20000000,73.92000000
1779336900000,2026-05-21T04:15:00+00:00,404.23000000,404.46000000,404.08000000,404.25000000,9.71000000
1779337800000,2026-05-21T04:30:00+00:00,404.24000000,404.33000000,404.04000000,404.23000000,7.09000000
1779338700000,2026-05-21T04:45:00+00:00,404.22000000,404.64000000,404.11000000,404.52000000,59.90000000
1779339600000,2026-05-21T05:00:00+00:00,404.50000000,405.17000000,404.50000000,404.77000000,106.08000000
1779340500000,2026-05-21T05:15:00+00:00,404.88000000,405.07000000,404.12000000,404.30000000,97.27000000
1779341400000,2026-05-21T05:30:00+00:00,404.19000000,404.50000000,403.79000000,404.28000000,103.42000000
1779342300000,2026-05-21T05:45:00+00:00,404.35000000,404.42000000,403.00000000,403.62000000,61.38000000
1779343200000,2026-05-21T06:00:00+00:00,403.53000000,403.89000000,403.42000000,403.77000000,26.57000000
1779344100000,2026-05-21T06:15:00+00:00,403.76000000,404.10000000,403.37000000,403.56000000,121.17000000
1779345000000,2026-05-21T06:30:00+00:00,403.72000000,403.86000000,402.88000000,402.88000000,70.19000000
1779345900000,2026-05-21T06:45:00+00:00,403.01000000,403.05000000,401.48000000,401.76000000,114.77000000
1779346800000,2026-05-21T07:00:00+00:00,401.73000000,402.36000000,399.36000000,399.94000000,135.99000000
1779347700000,2026-05-21T07:15:00+00:00,399.98000000,401.22000000,399.60000000,400.83000000,117.11000000
1779348600000,2026-05-21T07:30:00+00:00,400.90000000,401.50000000,400.54000000,401.41000000,141.26000000
1779349500000,2026-05-21T07:45:00+00:00,401.52000000,402.96000000,401.36000000,402.07000000,209.05000000
1779350400000,2026-05-21T08:00:00+00:00,402.17000000,403.24000000,400.93000000,403.10000000,196.22000000
1779351300000,2026-05-21T08:15:00+00:00,403.12000000,403.64000000,402.16000000,402.77000000,62.98000000
1779352200000,2026-05-21T08:30:00+00:00,402.88000000,402.92000000,401.14000000,401.55000000,71.37000000
1779353100000,2026-05-21T08:45:00+00:00,401.60000000,401.62000000,400.12000000,400.61000000,142.49000000
1779354000000,2026-05-21T09:00:00+00:00,400.50000000,401.95000000,400.50000000,401.80000000,60.84000000
1779354900000,2026-05-21T09:15:00+00:00,401.96000000,402.50000000,401.38000000,402.42000000,71.05000000
1779355800000,2026-05-21T09:30:00+00:00,402.48000000,402.56000000,401.82000000,401.82000000,48.07000000
1779356700000,2026-05-21T09:45:00+00:00,401.81000000,402.34000000,401.81000000,402.34000000,151.63000000
1779357600000,2026-05-21T10:00:00+00:00,402.34000000,402.96000000,402.32000000,402.82000000,52.12000000
1779358500000,2026-05-21T10:15:00+00:00,402.84000000,402.86000000,400.60000000,400.83000000,108.51000000
1779359400000,2026-05-21T10:30:00+00:00,400.84000000,401.16000000,398.91000000,399.77000000,176.08000000
1779360300000,2026-05-21T10:45:00+00:00,399.88000000,399.88000000,398.47000000,399.72000000,77.36000000
1779361200000,2026-05-21T11:00:00+00:00,399.80000000,400.12000000,399.44000000,399.98000000,33.13000000
1779362100000,2026-05-21T11:15:00+00:00,400.03000000,400.92000000,400.00000000,400.43000000,18.49000000
1779363000000,2026-05-21T11:30:00+00:00,400.52000000,400.68000000,399.72000000,399.84000000,12.76000000
1779363900000,2026-05-21T11:45:00+00:00,399.85000000,400.36000000,399.85000000,399.96000000,18.97000000
1779364800000,2026-05-21T12:00:00+00:00,399.97000000,400.32000000,399.92000000,400.04000000,4.00000000
1779365700000,2026-05-21T12:15:00+00:00,399.94000000,400.02000000,399.72000000,400.02000000,7.86000000
1779366600000,2026-05-21T12:30:00+00:00,400.02000000,401.16000000,399.82000000,400.35000000,34.00000000
1779367500000,2026-05-21T12:45:00+00:00,400.36000000,400.45000000,400.00000000,400.12000000,28.34000000
1779368400000,2026-05-21T13:00:00+00:00,400.04000000,400.69000000,400.02000000,400.23000000,64.51000000
1779369300000,2026-05-21T13:15:00+00:00,400.28000000,400.34000000,399.35000000,400.10000000,188.00000000
1779370200000,2026-05-21T13:30:00+00:00,400.15000000,407.00000000,400.05000000,405.50000000,1168.19000000
1779371100000,2026-05-21T13:45:00+00:00,405.54000000,408.00000000,403.85000000,407.19000000,1300.58000000
1779372000000,2026-05-21T14:00:00+00:00,407.19000000,408.25000000,405.98000000,406.75000000,513.99000000
1779372900000,2026-05-21T14:15:00+00:00,406.75000000,406.92000000,402.71000000,403.54000000,797.30000000
1779373800000,2026-05-21T14:30:00+00:00,403.53000000,404.82000000,403.41000000,404.28000000,138.60000000
1779374700000,2026-05-21T14:45:00+00:00,404.23000000,404.47000000,403.00000000,404.21000000,283.22000000
1779375600000,2026-05-21T15:00:00+00:00,404.20000000,404.94000000,402.19000000,404.29000000,448.88000000
1779376500000,2026-05-21T15:15:00+00:00,404.22000000,404.80000000,403.38000000,403.47000000,94.52000000
1779377400000,2026-05-21T15:30:00+00:00,403.35000000,403.95000000,402.60000000,403.56000000,100.65000000
1779378300000,2026-05-21T15:45:00+00:00,403.56000000,404.70000000,403.56000000,403.70000000,38.02000000
1779379200000,2026-05-21T16:00:00+00:00,403.69000000,404.72000000,403.68000000,404.33000000,81.53000000
1779380100000,2026-05-21T16:15:00+00:00,404.31000000,404.40000000,403.25000000,403.89000000,109.39000000
1779381000000,2026-05-21T16:30:00+00:00,403.89000000,404.42000000,403.62000000,403.89000000,68.34000000
1779381900000,2026-05-21T16:45:00+00:00,403.98000000,404.57000000,403.38000000,404.54000000,60.86000000
1779382800000,2026-05-21T17:00:00+00:00,404.46000000,406.47000000,404.46000000,406.03000000,148.59000000
1779383700000,2026-05-21T17:15:00+00:00,405.88000000,409.11000000,405.88000000,408.34000000,399.06000000
1779384600000,2026-05-21T17:30:00+00:00,408.44000000,409.80000000,408.20000000,409.71000000,209.84000000
1779385500000,2026-05-21T17:45:00+00:00,409.74000000,411.80000000,409.50000000,410.52000000,152.90000000
1779386400000,2026-05-21T18:00:00+00:00,410.50000000,411.07000000,409.49000000,409.49000000,153.82000000
1779387300000,2026-05-21T18:15:00+00:00,409.57000000,409.76000000,408.94000000,409.20000000,175.34000000
1779388200000,2026-05-21T18:30:00+00:00,409.28000000,409.33000000,408.21000000,409.05000000,469.54000000
1779389100000,2026-05-21T18:45:00+00:00,408.95000000,409.10000000,406.55000000,407.76000000,382.27000000
1779390000000,2026-05-21T19:00:00+00:00,407.80000000,408.57000000,407.54000000,408.25000000,91.94000000
1779390900000,2026-05-21T19:15:00+00:00,408.28000000,408.56000000,407.56000000,408.20000000,203.25000000
1779391800000,2026-05-21T19:30:00+00:00,408.19000000,408.30000000,406.60000000,406.65000000,153.91000000
1779392700000,2026-05-21T19:45:00+00:00,406.72000000,408.34000000,405.78000000,407.41000000,208.17000000
1779393600000,2026-05-21T20:00:00+00:00,407.41000000,408.02000000,407.24000000,408.02000000,55.76000000
1779394500000,2026-05-21T20:15:00+00:00,407.93000000,407.93000000,407.36000000,407.55000000,129.62000000
1779395400000,2026-05-21T20:30:00+00:00,407.55000000,407.70000000,407.44000000,407.54000000,34.10000000
1779396300000,2026-05-21T20:45:00+00:00,407.58000000,407.76000000,407.52000000,407.64000000,10.69000000
1779397200000,2026-05-21T21:00:00+00:00,407.75000000,407.78000000,407.32000000,407.43000000,34.87000000
1779398100000,2026-05-21T21:15:00+00:00,407.42000000,407.64000000,407.35000000,407.60000000,73.11000000
1779399000000,2026-05-21T21:30:00+00:00,407.60000000,407.88000000,407.54000000,407.88000000,54.83000000
1779399900000,2026-05-21T21:45:00+00:00,407.76000000,407.85000000,407.51000000,407.63000000,9.43000000
1779400800000,2026-05-21T22:00:00+00:00,407.63000000,408.63000000,407.60000000,408.55000000,17.40000000
1779401700000,2026-05-21T22:15:00+00:00,408.64000000,408.96000000,408.57000000,408.63000000,2.74000000
1779402600000,2026-05-21T22:30:00+00:00,408.79000000,408.79000000,408.48000000,408.48000000,0.81000000
1779403500000,2026-05-21T22:45:00+00:00,408.60000000,408.72000000,408.32000000,408.32000000,5.30000000
1779404400000,2026-05-21T23:00:00+00:00,408.48000000,408.64000000,408.15000000,408.15000000,24.73000000
1779405300000,2026-05-21T23:15:00+00:00,408.24000000,408.46000000,408.10000000,408.46000000,2.63000000
1779406200000,2026-05-21T23:30:00+00:00,408.48000000,408.57000000,408.39000000,408.51000000,3.06000000
1779407100000,2026-05-21T23:45:00+00:00,408.51000000,408.71000000,408.51000000,408.56000000,3.06000000
1779408000000,2026-05-22T00:00:00+00:00,408.67000000,409.05000000,408.39000000,408.88000000,20.36000000
1779408900000,2026-05-22T00:15:00+00:00,408.98000000,409.36000000,408.59000000,409.36000000,70.54000000
1779409800000,2026-05-22T00:30:00+00:00,409.20000000,409.38000000,409.13000000,409.14000000,4.68000000
1779410700000,2026-05-22T00:45:00+00:00,409.13000000,409.22000000,408.27000000,408.27000000,27.23000000
1779411600000,2026-05-22T01:00:00+00:00,408.25000000,408.25000000,407.06000000,407.97000000,48.40000000
1779412500000,2026-05-22T01:15:00+00:00,408.03000000,408.38000000,407.64000000,407.73000000,12.56000000
1779413400000,2026-05-22T01:30:00+00:00,407.70000000,407.70000000,406.42000000,407.12000000,173.41000000
1779414300000,2026-05-22T01:45:00+00:00,407.12000000,407.65000000,407.12000000,407.16000000,16.67000000
1779415200000,2026-05-22T02:00:00+00:00,407.31000000,407.52000000,407.22000000,407.47000000,6.75000000
1779416100000,2026-05-22T02:15:00+00:00,407.42000000,407.75000000,407.25000000,407.49000000,6.32000000
1779417000000,2026-05-22T02:30:00+00:00,407.49000000,407.76000000,407.39000000,407.76000000,11.93000000
1779417900000,2026-05-22T02:45:00+00:00,407.80000000,407.90000000,407.46000000,407.75000000,86.03000000
1779418800000,2026-05-22T03:00:00+00:00,407.76000000,407.90000000,406.92000000,407.17000000,37.34000000
1779419700000,2026-05-22T03:15:00+00:00,407.21000000,407.21000000,406.92000000,406.97000000,2.47000000
1779420600000,2026-05-22T03:30:00+00:00,406.97000000,407.65000000,406.96000000,407.65000000,22.45000000
1779421500000,2026-05-22T03:45:00+00:00,407.65000000,407.72000000,407.56000000,407.64000000,1.96000000
1779422400000,2026-05-22T04:00:00+00:00,407.68000000,408.28000000,407.59000000,408.28000000,29.28000000
1779423300000,2026-05-22T04:15:00+00:00,408.32000000,409.16000000,408.32000000,408.99000000,58.54000000
1779424200000,2026-05-22T04:30:00+00:00,409.08000000,409.23000000,408.82000000,409.12000000,32.69000000
1779425100000,2026-05-22T04:45:00+00:00,409.12000000,410.08000000,409.08000000,409.78000000,132.15000000
1779426000000,2026-05-22T05:00:00+00:00,409.88000000,409.96000000,409.63000000,409.70000000,87.15000000
1779426900000,2026-05-22T05:15:00+00:00,409.74000000,410.04000000,409.32000000,409.70000000,36.18000000
1779427800000,2026-05-22T05:30:00+00:00,409.67000000,409.89000000,409.24000000,409.35000000,26.92000000
1779428700000,2026-05-22T05:45:00+00:00,409.31000000,409.56000000,408.98000000,409.07000000,22.18000000
1779429600000,2026-05-22T06:00:00+00:00,408.97000000,409.16000000,408.84000000,408.95000000,12.67000000
1779430500000,2026-05-22T06:15:00+00:00,409.00000000,409.78000000,408.96000000,409.60000000,17.59000000
1779431400000,2026-05-22T06:30:00+00:00,409.66000000,409.98000000,409.65000000,409.76000000,45.98000000
1779432300000,2026-05-22T06:45:00+00:00,409.80000000,409.90000000,409.59000000,409.83000000,74.44000000
1779433200000,2026-05-22T07:00:00+00:00,409.82000000,409.95000000,409.25000000,409.38000000,96.34000000
1779434100000,2026-05-22T07:15:00+00:00,409.32000000,409.61000000,409.24000000,409.52000000,16.81000000
1779435000000,2026-05-22T07:30:00+00:00,409.62000000,409.85000000,409.23000000,409.62000000,147.36000000
1779435900000,2026-05-22T07:45:00+00:00,409.62000000,409.84000000,409.42000000,409.84000000,30.17000000
1779436800000,2026-05-22T08:00:00+00:00,409.78000000,409.81000000,409.09000000,409.44000000,132.03000000
1779437700000,2026-05-22T08:15:00+00:00,409.43000000,410.86000000,409.42000000,410.35000000,68.12000000
1779438600000,2026-05-22T08:30:00+00:00,410.23000000,410.30000000,409.65000000,409.90000000,42.74000000
1779439500000,2026-05-22T08:45:00+00:00,409.95000000,410.08000000,409.35000000,409.35000000,22.63000000
1779440400000,2026-05-22T09:00:00+00:00,409.32000000,409.32000000,408.32000000,408.81000000,40.21000000
1779441300000,2026-05-22T09:15:00+00:00,408.78000000,408.90000000,408.45000000,408.62000000,8.45000000
1779442200000,2026-05-22T09:30:00+00:00,408.70000000,409.16000000,408.24000000,409.00000000,45.26000000
1779443100000,2026-05-22T09:45:00+00:00,409.16000000,409.67000000,409.11000000,409.40000000,7.93000000
1779444000000,2026-05-22T10:00:00+00:00,409.57000000,409.59000000,408.60000000,408.60000000,21.08000000
1779444900000,2026-05-22T10:15:00+00:00,408.56000000,408.56000000,407.88000000,408.04000000,30.25000000
1779445800000,2026-05-22T10:30:00+00:00,408.01000000,408.50000000,407.52000000,407.79000000,209.57000000
1779446700000,2026-05-22T10:45:00+00:00,407.77000000,407.97000000,407.68000000,407.82000000,11.41000000
1779447600000,2026-05-22T11:00:00+00:00,407.84000000,408.13000000,407.84000000,407.95000000,5.54000000
1779448500000,2026-05-22T11:15:00+00:00,407.88000000,408.20000000,407.81000000,408.14000000,4.62000000
1779449400000,2026-05-22T11:30:00+00:00,408.16000000,408.23000000,407.50000000,408.20000000,23.74000000
1779450300000,2026-05-22T11:45:00+00:00,408.22000000,408.60000000,408.00000000,408.01000000,13.52000000
1779451200000,2026-05-22T12:00:00+00:00,408.01000000,408.93000000,407.85000000,408.56000000,43.84000000
1779452100000,2026-05-22T12:15:00+00:00,408.78000000,408.98000000,408.50000000,408.86000000,28.43000000
1779453000000,2026-05-22T12:30:00+00:00,408.81000000,409.70000000,408.72000000,409.56000000,84.21000000
1779453900000,2026-05-22T12:45:00+00:00,409.64000000,410.04000000,409.34000000,409.64000000,61.39000000
1779454800000,2026-05-22T13:00:00+00:00,409.68000000,410.44000000,409.28000000,410.05000000,26.87000000
1779455700000,2026-05-22T13:15:00+00:00,410.11000000,410.11000000,408.65000000,409.58000000,102.26000000
1779456600000,2026-05-22T13:30:00+00:00,409.58000000,411.00000000,407.99000000,409.00000000,631.72000000
1779457500000,2026-05-22T13:45:00+00:00,409.05000000,409.87000000,407.96000000,409.65000000,409.13000000
1779458400000,2026-05-22T14:00:00+00:00,409.55000000,409.55000000,406.38000000,407.55000000,307.30000000
1779459300000,2026-05-22T14:15:00+00:00,407.58000000,408.09000000,405.40000000,406.22000000,504.65000000
1779460200000,2026-05-22T14:30:00+00:00,406.29000000,408.21000000,406.08000000,407.43000000,206.48000000
1779461100000,2026-05-22T14:45:00+00:00,407.55000000,407.91000000,406.80000000,407.18000000,166.64000000
1779462000000,2026-05-22T15:00:00+00:00,407.15000000,408.33000000,407.03000000,407.68000000,164.58000000
1779462900000,2026-05-22T15:15:00+00:00,407.61000000,408.15000000,406.61000000,407.24000000,74.25000000
1779463800000,2026-05-22T15:30:00+00:00,407.36000000,407.48000000,406.72000000,406.98000000,96.54000000
1779464700000,2026-05-22T15:45:00+00:00,406.96000000,406.99000000,405.88000000,406.34000000,42.07000000
1779465600000,2026-05-22T16:00:00+00:00,406.42000000,406.60000000,405.97000000,406.48000000,104.43000000
1779466500000,2026-05-22T16:15:00+00:00,406.41000000,407.24000000,405.94000000,407.08000000,47.42000000
1779467400000,2026-05-22T16:30:00+00:00,407.19000000,407.54000000,406.93000000,407.12000000,31.53000000
1779468300000,2026-05-22T16:45:00+00:00,407.12000000,407.38000000,406.66000000,407.26000000,41.70000000
1779469200000,2026-05-22T17:00:00+00:00,407.33000000,407.74000000,407.22000000,407.40000000,54.11000000
1779470100000,2026-05-22T17:15:00+00:00,407.46000000,408.22000000,406.44000000,407.86000000,100.87000000
1779471000000,2026-05-22T17:30:00+00:00,407.92000000,408.16000000,407.00000000,407.00000000,47.53000000
1779471900000,2026-05-22T17:45:00+00:00,406.96000000,407.44000000,406.80000000,406.96000000,20.61000000
1779472800000,2026-05-22T18:00:00+00:00,406.92000000,407.32000000,406.51000000,406.88000000,68.40000000
1779473700000,2026-05-22T18:15:00+00:00,406.87000000,406.92000000,406.26000000,406.49000000,11.64000000
1779474600000,2026-05-22T18:30:00+00:00,406.47000000,406.47000000,405.51000000,405.96000000,109.52000000
1779475500000,2026-05-22T18:45:00+00:00,405.92000000,406.20000000,405.34000000,405.53000000,49.06000000
1779476400000,2026-05-22T19:00:00+00:00,405.59000000,405.59000000,404.18000000,404.44000000,156.04000000
1779477300000,2026-05-22T19:15:00+00:00,404.42000000,404.75000000,404.07000000,404.22000000,76.38000000
1779478200000,2026-05-22T19:30:00+00:00,404.21000000,404.98000000,404.00000000,404.66000000,119.78000000
1779479100000,2026-05-22T19:45:00+00:00,404.66000000,404.78000000,403.40000000,404.70000000,142.61000000
1779480000000,2026-05-22T20:00:00+00:00,404.60000000,404.90000000,404.14000000,404.79000000,49.79000000
1779480900000,2026-05-22T20:15:00+00:00,404.83000000,405.03000000,404.74000000,404.85000000,20.32000000
1779481800000,2026-05-22T20:30:00+00:00,404.93000000,404.97000000,404.60000000,404.67000000,17.16000000
1779482700000,2026-05-22T20:45:00+00:00,404.69000000,405.02000000,404.61000000,405.02000000,11.04000000
1779483600000,2026-05-22T21:00:00+00:00,405.00000000,405.22000000,404.96000000,405.17000000,14.19000000
1779484500000,2026-05-22T21:15:00+00:00,405.17000000,406.12000000,405.04000000,405.38000000,40.98000000
1779485400000,2026-05-22T21:30:00+00:00,405.36000000,405.36000000,405.00000000,405.15000000,7.61000000
1779486300000,2026-05-22T21:45:00+00:00,405.00000000,405.00000000,404.68000000,404.78000000,5.36000000
1779487200000,2026-05-22T22:00:00+00:00,404.78000000,404.83000000,404.62000000,404.79000000,4.86000000
1779488100000,2026-05-22T22:15:00+00:00,404.69000000,404.82000000,404.48000000,404.54000000,24.70000000
1779489000000,2026-05-22T22:30:00+00:00,404.52000000,404.79000000,404.44000000,404.44000000,5.65000000
1779489900000,2026-05-22T22:45:00+00:00,404.40000000,404.52000000,404.37000000,404.46000000,1.82000000
1779490800000,2026-05-22T23:00:00+00:00,404.53000000,404.80000000,404.21000000,404.35000000,33.67000000
1779491700000,2026-05-22T23:15:00+00:00,404.32000000,404.48000000,404.24000000,404.38000000,25.12000000
1779492600000,2026-05-22T23:30:00+00:00,404.36000000,404.44000000,404.12000000,404.12000000,19.47000000
1779493500000,2026-05-22T23:45:00+00:00,404.22000000,404.27000000,403.35000000,403.36000000,14.91000000
1779494400000,2026-05-23T00:00:00+00:00,403.36000000,404.24000000,403.13000000,403.95000000,39.08000000
1779495300000,2026-05-23T00:15:00+00:00,403.97000000,404.60000000,403.54000000,403.54000000,17.19000000
1779496200000,2026-05-23T00:30:00+00:00,403.50000000,403.50000000,402.17000000,402.39000000,53.64000000
1779497100000,2026-05-23T00:45:00+00:00,402.48000000,402.66000000,402.14000000,402.52000000,33.42000000
1779498000000,2026-05-23T01:00:00+00:00,402.53000000,403.05000000,402.50000000,402.50000000,6.48000000
1779498900000,2026-05-23T01:15:00+00:00,402.45000000,403.03000000,402.40000000,402.80000000,17.21000000
1779499800000,2026-05-23T01:30:00+00:00,402.85000000,403.10000000,402.85000000,403.10000000,2.47000000
1779500700000,2026-05-23T01:45:00+00:00,403.12000000,403.24000000,402.92000000,403.16000000,16.96000000
1779501600000,2026-05-23T02:00:00+00:00,403.16000000,403.74000000,403.12000000,403.71000000,8.15000000
1779502500000,2026-05-23T02:15:00+00:00,403.71000000,403.71000000,403.10000000,403.49000000,21.04000000
1779503400000,2026-05-23T02:30:00+00:00,403.49000000,403.82000000,403.11000000,403.68000000,20.70000000
1779504300000,2026-05-23T02:45:00+00:00,403.72000000,403.95000000,403.64000000,403.90000000,6.04000000
1779505200000,2026-05-23T03:00:00+00:00,403.75000000,404.00000000,403.50000000,403.50000000,7.72000000
1779506100000,2026-05-23T03:15:00+00:00,403.49000000,403.80000000,403.48000000,403.80000000,2.52000000
1779507000000,2026-05-23T03:30:00+00:00,403.75000000,404.28000000,403.56000000,404.18000000,12.13000000
1779507900000,2026-05-23T03:45:00+00:00,404.17000000,405.02000000,404.08000000,404.59000000,55.53000000
1779508800000,2026-05-23T04:00:00+00:00,404.74000000,404.79000000,404.46000000,404.60000000,8.21000000
1779509700000,2026-05-23T04:15:00+00:00,404.63000000,404.63000000,404.24000000,404.41000000,16.11000000
1779510600000,2026-05-23T04:30:00+00:00,404.44000000,404.82000000,404.44000000,404.54000000,10.33000000
1779511500000,2026-05-23T04:45:00+00:00,404.50000000,404.55000000,404.20000000,404.20000000,23.63000000
1779512400000,2026-05-23T05:00:00+00:00,404.19000000,404.23000000,403.97000000,404.15000000,9.26000000
1779513300000,2026-05-23T05:15:00+00:00,404.16000000,404.16000000,403.80000000,403.86000000,22.14000000
1779514200000,2026-05-23T05:30:00+00:00,403.91000000,404.53000000,403.85000000,404.51000000,8.42000000
1779515100000,2026-05-23T05:45:00+00:00,404.51000000,404.51000000,404.21000000,404.25000000,6.14000000
1779516000000,2026-05-23T06:00:00+00:00,404.38000000,404.72000000,404.32000000,404.68000000,12.07000000
1779516900000,2026-05-23T06:15:00+00:00,404.71000000,404.72000000,404.61000000,404.61000000,3.51000000
1779517800000,2026-05-23T06:30:00+00:00,404.70000000,404.75000000,404.31000000,404.35000000,17.12000000
1779518700000,2026-05-23T06:45:00+00:00,404.35000000,404.35000000,403.97000000,403.97000000,1.09000000
1779519600000,2026-05-23T07:00:00+00:00,403.96000000,404.26000000,403.46000000,404.26000000,19.71000000
1779520500000,2026-05-23T07:15:00+00:00,404.26000000,404.36000000,404.04000000,404.04000000,5.83000000
1779521400000,2026-05-23T07:30:00+00:00,404.11000000,404.44000000,403.79000000,403.88000000,7.91000000
1779522300000,2026-05-23T07:45:00+00:00,403.85000000,403.85000000,402.68000000,403.15000000,38.52000000
1779523200000,2026-05-23T08:00:00+00:00,403.10000000,403.29000000,402.73000000,402.88000000,19.28000000
1779524100000,2026-05-23T08:15:00+00:00,402.88000000,403.56000000,402.80000000,403.20000000,22.04000000
1779525000000,2026-05-23T08:30:00+00:00,403.20000000,403.38000000,402.02000000,402.30000000,69.36000000
1779525900000,2026-05-23T08:45:00+00:00,402.26000000,402.63000000,402.26000000,402.51000000,9.61000000
1779526800000,2026-05-23T09:00:00+00:00,402.47000000,402.47000000,401.28000000,402.12000000,109.62000000
1779527700000,2026-05-23T09:15:00+00:00,402.20000000,403.19000000,402.19000000,403.19000000,31.26000000
1779528600000,2026-05-23T09:30:00+00:00,403.19000000,403.55000000,402.74000000,403.15000000,28.89000000
1779529500000,2026-05-23T09:45:00+00:00,403.15000000,403.15000000,402.65000000,402.71000000,6.72000000
1779530400000,2026-05-23T10:00:00+00:00,402.71000000,403.11000000,402.71000000,402.95000000,15.23000000
1779531300000,2026-05-23T10:15:00+00:00,402.98000000,403.03000000,402.85000000,402.88000000,2.60000000
1779532200000,2026-05-23T10:30:00+00:00,402.91000000,403.00000000,402.79000000,402.82000000,6.60000000
1779533100000,2026-05-23T10:45:00+00:00,402.96000000,403.11000000,402.83000000,402.95000000,23.79000000
1779534000000,2026-05-23T11:00:00+00:00,403.02000000,403.08000000,402.79000000,402.96000000,19.25000000
1779534900000,2026-05-23T11:15:00+00:00,402.91000000,402.93000000,402.83000000,402.83000000,0.74000000
1779535800000,2026-05-23T11:30:00+00:00,402.80000000,402.82000000,402.25000000,402.46000000,10.34000000
1779536700000,2026-05-23T11:45:00+00:00,402.47000000,402.90000000,401.56000000,402.40000000,26.21000000
1779537600000,2026-05-23T12:00:00+00:00,402.38000000,402.61000000,401.85000000,401.85000000,11.28000000
1779538500000,2026-05-23T12:15:00+00:00,401.83000000,401.83000000,401.61000000,401.79000000,14.54000000
1779539400000,2026-05-23T12:30:00+00:00,401.78000000,402.03000000,401.33000000,401.88000000,118.98000000
1779540300000,2026-05-23T12:45:00+00:00,401.99000000,404.04000000,401.88000000,403.05000000,77.65000000
1779541200000,2026-05-23T13:00:00+00:00,403.10000000,403.80000000,403.04000000,403.45000000,19.37000000
1779542100000,2026-05-23T13:15:00+00:00,403.57000000,403.83000000,403.55000000,403.75000000,29.20000000
1779543000000,2026-05-23T13:30:00+00:00,403.77000000,403.79000000,403.25000000,403.40000000,13.82000000
1779543900000,2026-05-23T13:45:00+00:00,403.36000000,403.82000000,403.25000000,403.82000000,13.55000000
1779544800000,2026-05-23T14:00:00+00:00,403.82000000,404.14000000,403.62000000,403.86000000,6.18000000
1779545700000,2026-05-23T14:15:00+00:00,404.01000000,404.01000000,403.82000000,403.86000000,9.48000000
1779546600000,2026-05-23T14:30:00+00:00,404.00000000,405.62000000,403.71000000,405.45000000,139.55000000
1779547500000,2026-05-23T14:45:00+00:00,405.42000000,406.23000000,405.31000000,406.00000000,126.03000000
1779548400000,2026-05-23T15:00:00+00:00,406.14000000,406.27000000,405.93000000,406.10000000,33.70000000
1779549300000,2026-05-23T15:15:00+00:00,406.11000000,406.12000000,405.87000000,405.92000000,14.00000000
1779550200000,2026-05-23T15:30:00+00:00,405.89000000,406.02000000,405.41000000,405.72000000,21.01000000
1779551100000,2026-05-23T15:45:00+00:00,405.72000000,406.70000000,405.56000000,406.59000000,86.33000000
1779552000000,2026-05-23T16:00:00+00:00,406.69000000,406.80000000,406.35000000,406.60000000,46.50000000
1779552900000,2026-05-23T16:15:00+00:00,406.60000000,411.22000000,406.60000000,408.64000000,1507.77000000
1779553800000,2026-05-23T16:30:00+00:00,408.63000000,409.37000000,408.23000000,408.72000000,276.01000000
1779554700000,2026-05-23T16:45:00+00:00,408.75000000,408.99000000,408.64000000,408.87000000,37.80000000
1779555600000,2026-05-23T17:00:00+00:00,408.85000000,409.05000000,408.26000000,408.33000000,82.39000000
1779556500000,2026-05-23T17:15:00+00:00,408.25000000,408.70000000,407.63000000,408.70000000,31.93000000
1779557400000,2026-05-23T17:30:00+00:00,408.59000000,409.27000000,408.59000000,408.88000000,118.47000000
1779558300000,2026-05-23T17:45:00+00:00,408.88000000,409.24000000,408.88000000,409.11000000,21.25000000
1779559200000,2026-05-23T18:00:00+00:00,409.12000000,409.65000000,409.11000000,409.64000000,93.77000000
1779560100000,2026-05-23T18:15:00+00:00,409.62000000,409.85000000,408.20000000,409.51000000,390.81000000
1779561000000,2026-05-23T18:30:00+00:00,409.41000000,412.45000000,409.35000000,411.54000000,424.83000000
1779561900000,2026-05-23T18:45:00+00:00,411.55000000,411.87000000,409.86000000,410.40000000,188.33000000
1779562800000,2026-05-23T19:00:00+00:00,410.40000000,411.79000000,410.40000000,410.71000000,368.31000000
1779563700000,2026-05-23T19:15:00+00:00,410.73000000,410.84000000,409.86000000,409.86000000,68.65000000
1779564600000,2026-05-23T19:30:00+00:00,409.97000000,410.45000000,409.81000000,410.00000000,32.30000000
1779565500000,2026-05-23T19:45:00+00:00,410.12000000,410.31000000,409.77000000,410.22000000,38.08000000
1779566400000,2026-05-23T20:00:00+00:00,410.24000000,410.42000000,409.93000000,410.23000000,12.90000000
1779567300000,2026-05-23T20:15:00+00:00,410.21000000,410.60000000,410.15000000,410.25000000,5.91000000
1779568200000,2026-05-23T20:30:00+00:00,410.37000000,411.10000000,410.05000000,410.86000000,40.76000000
1779569100000,2026-05-23T20:45:00+00:00,410.86000000,411.44000000,410.60000000,411.43000000,6.88000000
1779570000000,2026-05-23T21:00:00+00:00,411.25000000,411.50000000,410.84000000,411.21000000,97.79000000
1779570900000,2026-05-23T21:15:00+00:00,411.12000000,411.33000000,410.83000000,411.01000000,81.69000000
1779571800000,2026-05-23T21:30:00+00:00,411.07000000,411.07000000,409.85000000,409.89000000,84.44000000
1779572700000,2026-05-23T21:45:00+00:00,409.86000000,410.45000000,409.74000000,410.19000000,17.44000000
1779573600000,2026-05-23T22:00:00+00:00,410.30000000,411.00000000,410.07000000,410.25000000,80.60000000
1779574500000,2026-05-23T22:15:00+00:00,410.39000000,411.29000000,409.97000000,411.19000000,159.42000000
1779575400000,2026-05-23T22:30:00+00:00,411.12000000,411.33000000,410.91000000,411.25000000,40.93000000
1779576300000,2026-05-23T22:45:00+00:00,411.19000000,411.31000000,411.13000000,411.22000000,16.76000000
1779577200000,2026-05-23T23:00:00+00:00,411.20000000,411.33000000,411.16000000,411.18000000,55.22000000
1779578100000,2026-05-23T23:15:00+00:00,411.30000000,411.33000000,411.16000000,411.27000000,19.96000000
1779579000000,2026-05-23T23:30:00+00:00,411.30000000,411.33000000,411.10000000,411.20000000,23.68000000
1779579900000,2026-05-23T23:45:00+00:00,411.24000000,412.00000000,411.10000000,411.76000000,78.68000000
1779580800000,2026-05-24T00:00:00+00:00,411.79000000,412.25000000,411.65000000,412.15000000,63.16000000
1779581700000,2026-05-24T00:15:00+00:00,412.13000000,412.22000000,412.01000000,412.03000000,12.38000000
1779582600000,2026-05-24T00:30:00+00:00,412.03000000,413.08000000,411.29000000,411.44000000,104.64000000
1779583500000,2026-05-24T00:45:00+00:00,411.48000000,411.92000000,411.48000000,411.83000000,22.80000000
1779584400000,2026-05-24T01:00:00+00:00,411.87000000,412.55000000,411.39000000,412.55000000,34.49000000
1779585300000,2026-05-24T01:15:00+00:00,412.55000000,412.96000000,412.46000000,412.71000000,23.68000000
1779586200000,2026-05-24T01:30:00+00:00,412.73000000,413.01000000,412.66000000,412.83000000,8.83000000
1779587100000,2026-05-24T01:45:00+00:00,412.78000000,413.00000000,412.78000000,412.94000000,4.17000000
1779588000000,2026-05-24T02:00:00+00:00,412.87000000,412.93000000,412.48000000,412.79000000,5.49000000
1779588900000,2026-05-24T02:15:00+00:00,412.76000000,412.76000000,412.45000000,412.51000000,5.72000000
1779589800000,2026-05-24T02:30:00+00:00,412.52000000,412.79000000,411.60000000,411.85000000,86.08000000
1779590700000,2026-05-24T02:45:00+00:00,411.86000000,412.38000000,411.78000000,412.19000000,5.75000000
1779591600000,2026-05-24T03:00:00+00:00,412.23000000,412.41000000,412.15000000,412.40000000,5.12000000
1779592500000,2026-05-24T03:15:00+00:00,412.40000000,412.40000000,412.07000000,412.15000000,9.71000000
1779593400000,2026-05-24T03:30:00+00:00,412.15000000,412.21000000,411.90000000,412.02000000,17.92000000
1779594300000,2026-05-24T03:45:00+00:00,412.02000000,412.25000000,412.02000000,412.23000000,1.08000000
1779595200000,2026-05-24T04:00:00+00:00,412.23000000,412.67000000,412.20000000,412.64000000,30.45000000
1779596100000,2026-05-24T04:15:00+00:00,412.64000000,412.64000000,412.07000000,412.07000000,5.63000000
1779597000000,2026-05-24T04:30:00+00:00,412.23000000,412.37000000,412.09000000,412.37000000,3.41000000
1779597900000,2026-05-24T04:45:00+00:00,412.37000000,412.47000000,412.23000000,412.23000000,11.90000000
1779598800000,2026-05-24T05:00:00+00:00,412.32000000,412.47000000,412.19000000,412.42000000,8.83000000
1779599700000,2026-05-24T05:15:00+00:00,412.38000000,412.40000000,412.15000000,412.29000000,7.27000000
1779600600000,2026-05-24T05:30:00+00:00,412.23000000,412.28000000,411.81000000,411.81000000,12.66000000
1779601500000,2026-05-24T05:45:00+00:00,411.81000000,412.30000000,411.81000000,412.09000000,45.79000000
1779602400000,2026-05-24T06:00:00+00:00,412.18000000,412.50000000,412.18000000,412.44000000,8.17000000
1779603300000,2026-05-24T06:15:00+00:00,412.35000000,412.43000000,412.04000000,412.05000000,8.29000000
1779604200000,2026-05-24T06:30:00+00:00,412.07000000,412.15000000,411.83000000,412.10000000,5.76000000
1779605100000,2026-05-24T06:45:00+00:00,412.20000000,412.50000000,412.20000000,412.40000000,1.94000000
1779606000000,2026-05-24T07:00:00+00:00,412.32000000,412.93000000,412.15000000,412.89000000,37.47000000
1779606900000,2026-05-24T07:15:00+00:00,412.95000000,413.41000000,412.23000000,413.18000000,48.76000000
1779607800000,2026-05-24T07:30:00+00:00,413.30000000,413.38000000,413.04000000,413.22000000,27.30000000
1779608700000,2026-05-24T07:45:00+00:00,413.30000000,413.31000000,413.04000000,413.27000000,14.40000000
1779609600000,2026-05-24T08:00:00+00:00,413.27000000,413.76000000,412.61000000,412.79000000,74.44000000
1779610500000,2026-05-24T08:15:00+00:00,412.79000000,413.22000000,412.79000000,413.21000000,9.17000000
1779611400000,2026-05-24T08:30:00+00:00,413.02000000,413.02000000,412.43000000,412.44000000,7.21000000
1779612300000,2026-05-24T08:45:00+00:00,412.45000000,412.45000000,412.15000000,412.15000000,6.82000000
1779613200000,2026-05-24T09:00:00+00:00,412.23000000,412.52000000,412.02000000,412.52000000,12.13000000
1779614100000,2026-05-24T09:15:00+00:00,412.52000000,412.64000000,412.00000000,412.33000000,10.94000000
1779615000000,2026-05-24T09:30:00+00:00,412.35000000,412.78000000,412.35000000,412.46000000,99.62000000
1779615900000,2026-05-24T09:45:00+00:00,412.52000000,412.80000000,412.10000000,412.28000000,156.21000000
1779616800000,2026-05-24T10:00:00+00:00,412.35000000,412.50000000,412.29000000,412.48000000,4.45000000
1779617700000,2026-05-24T10:15:00+00:00,412.39000000,412.62000000,412.02000000,412.28000000,60.56000000
1779618600000,2026-05-24T10:30:00+00:00,412.28000000,412.53000000,412.05000000,412.10000000,78.32000000
1779619500000,2026-05-24T10:45:00+00:00,412.09000000,412.64000000,412.01000000,412.53000000,36.61000000
1779620400000,2026-05-24T11:00:00+00:00,412.53000000,412.88000000,408.10000000,412.27000000,1215.94000000
1779621300000,2026-05-24T11:15:00+00:00,412.35000000,412.61000000,412.26000000,412.51000000,16.36000000
1779622200000,2026-05-24T11:30:00+00:00,412.51000000,412.66000000,412.04000000,412.52000000,25.84000000
1779623100000,2026-05-24T11:45:00+00:00,412.53000000,412.53000000,412.32000000,412.46000000,3.49000000
1779624000000,2026-05-24T12:00:00+00:00,412.46000000,412.58000000,411.67000000,411.92000000,42.82000000
1779624900000,2026-05-24T12:15:00+00:00,411.92000000,412.00000000,411.75000000,411.75000000,5.19000000
1779625800000,2026-05-24T12:30:00+00:00,411.75000000,412.09000000,411.67000000,412.06000000,23.93000000
1779626700000,2026-05-24T12:45:00+00:00,412.07000000,412.57000000,412.07000000,412.56000000,25.22000000
1779627600000,2026-05-24T13:00:00+00:00,412.50000000,413.07000000,412.50000000,413.01000000,15.41000000
1779628500000,2026-05-24T13:15:00+00:00,413.00000000,413.10000000,412.91000000,413.07000000,8.42000000
1779629400000,2026-05-24T13:30:00+00:00,413.05000000,413.67000000,413.05000000,413.63000000,26.28000000
1779630300000,2026-05-24T13:45:00+00:00,413.66000000,413.72000000,413.05000000,413.25000000,102.04000000
1779631200000,2026-05-24T14:00:00+00:00,413.34000000,413.42000000,412.03000000,412.35000000,70.62000000
1779632100000,2026-05-24T14:15:00+00:00,412.60000000,413.43000000,412.00000000,413.10000000,96.14000000
1779633000000,2026-05-24T14:30:00+00:00,413.03000000,413.37000000,413.03000000,413.20000000,9.77000000
1779633900000,2026-05-24T14:45:00+00:00,413.24000000,413.52000000,413.13000000,413.17000000,33.94000000
1779634800000,2026-05-24T15:00:00+00:00,413.26000000,414.28000000,413.13000000,413.91000000,72.32000000
1779635700000,2026-05-24T15:15:00+00:00,413.99000000,414.79000000,413.91000000,414.74000000,99.15000000
1779636600000,2026-05-24T15:30:00+00:00,414.80000000,415.15000000,414.63000000,414.68000000,66.64000000
1779637500000,2026-05-24T15:45:00+00:00,414.61000000,414.92000000,414.18000000,414.40000000,40.88000000
1779638400000,2026-05-24T16:00:00+00:00,414.41000000,414.89000000,414.41000000,414.89000000,29.79000000
1779639300000,2026-05-24T16:15:00+00:00,414.90000000,414.98000000,413.10000000,413.12000000,69.77000000
1779640200000,2026-05-24T16:30:00+00:00,413.08000000,415.10000000,412.95000000,414.82000000,196.35000000
1779641100000,2026-05-24T16:45:00+00:00,414.73000000,415.04000000,413.95000000,414.01000000,62.70000000
1779642000000,2026-05-24T17:00:00+00:00,414.03000000,414.25000000,412.23000000,412.41000000,210.38000000
1779642900000,2026-05-24T17:15:00+00:00,412.41000000,412.82000000,412.41000000,412.82000000,20.07000000
1779643800000,2026-05-24T17:30:00+00:00,412.82000000,412.83000000,412.56000000,412.68000000,5.34000000
1779644700000,2026-05-24T17:45:00+00:00,412.72000000,412.72000000,412.56000000,412.56000000,1.26000000
1779645600000,2026-05-24T18:00:00+00:00,412.67000000,412.78000000,412.57000000,412.68000000,4.75000000
1779646500000,2026-05-24T18:15:00+00:00,412.67000000,412.74000000,412.44000000,412.55000000,12.72000000
1779647400000,2026-05-24T18:30:00+00:00,412.56000000,412.56000000,412.43000000,412.52000000,2.93000000
1779648300000,2026-05-24T18:45:00+00:00,412.50000000,412.59000000,412.44000000,412.52000000,1.65000000
1779649200000,2026-05-24T19:00:00+00:00,412.51000000,412.51000000,412.31000000,412.31000000,3.71000000
1779650100000,2026-05-24T19:15:00+00:00,412.30000000,412.32000000,412.22000000,412.24000000,1.18000000
1779651000000,2026-05-24T19:30:00+00:00,412.35000000,412.51000000,412.34000000,412.50000000,4.83000000
1779651900000,2026-05-24T19:45:00+00:00,412.55000000,412.71000000,412.47000000,412.71000000,5.48000000
1779652800000,2026-05-24T20:00:00+00:00,412.59000000,412.59000000,412.29000000,412.33000000,2.16000000
1779653700000,2026-05-24T20:15:00+00:00,412.33000000,412.47000000,412.31000000,412.47000000,1.61000000
1779654600000,2026-05-24T20:30:00+00:00,412.46000000,412.54000000,412.31000000,412.35000000,5.96000000
1779655500000,2026-05-24T20:45:00+00:00,412.40000000,412.40000000,411.22000000,412.09000000,33.13000000
1779656400000,2026-05-24T21:00:00+00:00,412.07000000,412.31000000,412.01000000,412.17000000,5.26000000
1779657300000,2026-05-24T21:15:00+00:00,412.17000000,412.28000000,411.44000000,412.00000000,16.50000000
1779658200000,2026-05-24T21:30:00+00:00,411.99000000,411.99000000,411.00000000,411.29000000,11.41000000
1779659100000,2026-05-24T21:45:00+00:00,411.24000000,411.39000000,411.03000000,411.35000000,3.63000000
1779660000000,2026-05-24T22:00:00+00:00,411.20000000,412.67000000,411.18000000,412.67000000,27.49000000
1779660900000,2026-05-24T22:15:00+00:00,412.57000000,412.76000000,411.53000000,411.56000000,48.07000000
1779661800000,2026-05-24T22:30:00+00:00,411.52000000,412.16000000,411.37000000,411.71000000,27.07000000
1779662700000,2026-05-24T22:45:00+00:00,411.78000000,412.32000000,411.59000000,411.59000000,7.44000000
1779663600000,2026-05-24T23:00:00+00:00,411.77000000,412.06000000,411.71000000,411.99000000,3.45000000
1779664500000,2026-05-24T23:15:00+00:00,412.08000000,412.24000000,411.99000000,412.19000000,19.49000000
1779665400000,2026-05-24T23:30:00+00:00,412.06000000,412.81000000,412.00000000,412.64000000,23.55000000
1779666300000,2026-05-24T23:45:00+00:00,412.63000000,412.76000000,412.54000000,412.60000000,2.69000000
1779667200000,2026-05-25T00:00:00+00:00,412.62000000,413.18000000,412.49000000,413.18000000,9.45000000
1779668100000,2026-05-25T00:15:00+00:00,413.08000000,413.08000000,412.62000000,412.69000000,13.15000000
1779669000000,2026-05-25T00:30:00+00:00,412.79000000,413.37000000,412.62000000,412.80000000,27.48000000
1779669900000,2026-05-25T00:45:00+00:00,412.76000000,413.48000000,412.73000000,413.25000000,53.00000000
1779670800000,2026-05-25T01:00:00+00:00,413.24000000,414.19000000,412.61000000,414.15000000,68.45000000
1779671700000,2026-05-25T01:15:00+00:00,414.05000000,414.10000000,413.55000000,414.02000000,41.44000000
1779672600000,2026-05-25T01:30:00+00:00,413.95000000,414.15000000,413.32000000,413.42000000,30.88000000
1779673500000,2026-05-25T01:45:00+00:00,413.48000000,413.55000000,413.20000000,413.25000000,35.12000000
1779674400000,2026-05-25T02:00:00+00:00,413.20000000,413.22000000,412.72000000,413.06000000,15.19000000
1779675300000,2026-05-25T02:15:00+00:00,413.17000000,413.24000000,413.01000000,413.01000000,4.96000000
1779676200000,2026-05-25T02:30:00+00:00,413.02000000,413.12000000,412.85000000,413.09000000,7.64000000
1779677100000,2026-05-25T02:45:00+00:00,413.07000000,413.14000000,413.05000000,413.12000000,3.08000000
1779678000000,2026-05-25T03:00:00+00:00,413.07000000,413.36000000,413.07000000,413.13000000,4.41000000
1779678900000,2026-05-25T03:15:00+00:00,413.10000000,413.25000000,413.02000000,413.12000000,9.00000000
1779679800000,2026-05-25T03:30:00+00:00,413.14000000,413.52000000,413.13000000,413.51000000,9.48000000
1779680700000,2026-05-25T03:45:00+00:00,413.49000000,413.65000000,413.36000000,413.65000000,4.46000000
1779681600000,2026-05-25T04:00:00+00:00,413.58000000,413.70000000,413.05000000,413.05000000,15.59000000
1779682500000,2026-05-25T04:15:00+00:00,413.05000000,413.27000000,412.93000000,412.97000000,24.13000000
1779683400000,2026-05-25T04:30:00+00:00,412.97000000,413.60000000,412.75000000,413.53000000,64.41000000
1779684300000,2026-05-25T04:45:00+00:00,413.61000000,414.45000000,413.61000000,414.45000000,45.61000000
1779685200000,2026-05-25T05:00:00+00:00,414.29000000,414.64000000,414.20000000,414.50000000,54.69000000
1779686100000,2026-05-25T05:15:00+00:00,414.55000000,414.80000000,414.37000000,414.64000000,35.58000000
1779687000000,2026-05-25T05:30:00+00:00,414.55000000,414.87000000,414.55000000,414.64000000,24.22000000
1779687900000,2026-05-25T05:45:00+00:00,414.63000000,414.71000000,413.77000000,413.77000000,50.38000000
1779688800000,2026-05-25T06:00:00+00:00,413.80000000,413.99000000,412.47000000,412.98000000,53.37000000
1779689700000,2026-05-25T06:15:00+00:00,412.88000000,413.06000000,412.07000000,412.32000000,73.92000000
1779690600000,2026-05-25T06:30:00+00:00,412.40000000,413.21000000,412.13000000,413.08000000,90.20000000
1779691500000,2026-05-25T06:45:00+00:00,412.99000000,414.50000000,412.83000000,414.38000000,82.93000000
1779692400000,2026-05-25T07:00:00+00:00,414.31000000,414.49000000,413.75000000,413.75000000,26.73000000
1779693300000,2026-05-25T07:15:00+00:00,413.74000000,413.75000000,412.94000000,413.23000000,34.82000000
1779694200000,2026-05-25T07:30:00+00:00,413.25000000,413.38000000,413.07000000,413.18000000,9.59000000
1779695100000,2026-05-25T07:45:00+00:00,413.13000000,413.18000000,412.08000000,412.25000000,99.22000000
1779696000000,2026-05-25T08:00:00+00:00,412.23000000,412.25000000,411.70000000,411.70000000,36.64000000
1779696900000,2026-05-25T08:15:00+00:00,411.65000000,412.06000000,411.65000000,411.87000000,56.20000000
1779697800000,2026-05-25T08:30:00+00:00,411.79000000,411.84000000,410.89000000,411.55000000,120.21000000
1779698700000,2026-05-25T08:45:00+00:00,411.60000000,412.28000000,411.46000000,412.28000000,27.81000000
1779699600000,2026-05-25T09:00:00+00:00,412.25000000,414.51000000,412.25000000,414.27000000,132.52000000
1779700500000,2026-05-25T09:15:00+00:00,414.25000000,414.85000000,414.25000000,414.65000000,62.09000000
1779701400000,2026-05-25T09:30:00+00:00,414.68000000,414.73000000,413.87000000,414.24000000,62.70000000
1779702300000,2026-05-25T09:45:00+00:00,414.26000000,414.35000000,414.00000000,414.34000000,5.69000000
1779703200000,2026-05-25T10:00:00+00:00,414.35000000,414.95000000,414.35000000,414.51000000,32.61000000
1779704100000,2026-05-25T10:15:00+00:00,414.51000000,414.58000000,414.18000000,414.18000000,26.64000000
1779705000000,2026-05-25T10:30:00+00:00,414.31000000,414.65000000,414.28000000,414.61000000,44.70000000
1779705900000,2026-05-25T10:45:00+00:00,414.66000000,414.78000000,414.46000000,414.76000000,10.93000000
1779706800000,2026-05-25T11:00:00+00:00,414.78000000,414.79000000,414.28000000,414.61000000,27.67000000
1779707700000,2026-05-25T11:15:00+00:00,414.62000000,414.88000000,414.48000000,414.77000000,47.59000000
1779708600000,2026-05-25T11:30:00+00:00,414.77000000,415.08000000,414.67000000,415.03000000,63.39000000
1779709500000,2026-05-25T11:45:00+00:00,414.97000000,415.21000000,414.69000000,414.78000000,25.36000000
1779710400000,2026-05-25T12:00:00+00:00,414.70000000,415.21000000,414.50000000,415.12000000,51.21000000
1779711300000,2026-05-25T12:15:00+00:00,415.06000000,415.20000000,414.72000000,415.19000000,53.52000000
1779712200000,2026-05-25T12:30:00+00:00,415.19000000,416.50000000,415.15000000,415.95000000,53.33000000
1779713100000,2026-05-25T12:45:00+00:00,415.99000000,416.10000000,415.87000000,415.89000000,16.95000000
1779714000000,2026-05-25T13:00:00+00:00,415.85000000,416.01000000,414.35000000,415.34000000,54.95000000
1779714900000,2026-05-25T13:15:00+00:00,415.20000000,415.30000000,415.01000000,415.16000000,29.62000000
1779715800000,2026-05-25T13:30:00+00:00,415.20000000,415.20000000,414.48000000,414.55000000,41.79000000
1779716700000,2026-05-25T13:45:00+00:00,414.50000000,415.92000000,414.49000000,415.74000000,65.81000000
1779717600000,2026-05-25T14:00:00+00:00,415.75000000,415.94000000,415.66000000,415.79000000,24.62000000
1779718500000,2026-05-25T14:15:00+00:00,415.86000000,416.82000000,415.75000000,416.38000000,154.56000000
1779719400000,2026-05-25T14:30:00+00:00,416.48000000,416.60000000,416.28000000,416.28000000,8.71000000
1779720300000,2026-05-25T14:45:00+00:00,416.31000000,416.81000000,416.31000000,416.81000000,21.59000000
1779721200000,2026-05-25T15:00:00+00:00,416.84000000,417.91000000,416.84000000,417.31000000,70.22000000
1779722100000,2026-05-25T15:15:00+00:00,417.28000000,417.39000000,416.85000000,416.98000000,53.52000000
1779723000000,2026-05-25T15:30:00+00:00,417.08000000,417.18000000,416.99000000,417.10000000,11.87000000
1779723900000,2026-05-25T15:45:00+00:00,417.02000000,417.02000000,416.52000000,416.83000000,18.04000000
1779724800000,2026-05-25T16:00:00+00:00,416.83000000,416.83000000,415.81000000,416.38000000,36.06000000
1779725700000,2026-05-25T16:15:00+00:00,416.39000000,416.43000000,416.24000000,416.33000000,5.51000000
1779726600000,2026-05-25T16:30:00+00:00,416.35000000,416.61000000,416.12000000,416.55000000,16.79000000
1779727500000,2026-05-25T16:45:00+00:00,416.56000000,417.89000000,416.35000000,416.98000000,102.40000000
1779728400000,2026-05-25T17:00:00+00:00,417.04000000,417.84000000,416.80000000,417.35000000,111.64000000
1779729300000,2026-05-25T17:15:00+00:00,417.25000000,417.25000000,416.84000000,416.99000000,8.21000000
1779730200000,2026-05-25T17:30:00+00:00,416.99000000,417.08000000,416.96000000,417.00000000,1.65000000
1779731100000,2026-05-25T17:45:00+00:00,417.07000000,417.20000000,416.92000000,416.94000000,7.15000000
1779732000000,2026-05-25T18:00:00+00:00,416.92000000,417.00000000,416.47000000,416.47000000,16.46000000
1779732900000,2026-05-25T18:15:00+00:00,416.52000000,416.52000000,416.36000000,416.38000000,4.27000000
1779733800000,2026-05-25T18:30:00+00:00,416.37000000,418.25000000,416.32000000,417.02000000,175.70000000
1779734700000,2026-05-25T18:45:00+00:00,417.02000000,417.14000000,416.96000000,417.14000000,6.18000000
1779735600000,2026-05-25T19:00:00+00:00,417.00000000,417.20000000,416.75000000,417.16000000,2.13000000
1779736500000,2026-05-25T19:15:00+00:00,417.17000000,417.40000000,417.17000000,417.33000000,0.46000000
1779737400000,2026-05-25T19:30:00+00:00,417.44000000,418.60000000,417.20000000,418.26000000,26.65000000
1779738300000,2026-05-25T19:45:00+00:00,418.23000000,418.26000000,417.92000000,418.09000000,7.96000000
1779739200000,2026-05-25T20:00:00+00:00,418.06000000,418.37000000,416.96000000,417.18000000,146.47000000
1779740100000,2026-05-25T20:15:00+00:00,417.22000000,417.40000000,415.23000000,416.32000000,58.20000000
1779741000000,2026-05-25T20:30:00+00:00,416.33000000,416.74000000,415.73000000,416.74000000,47.20000000
1779741900000,2026-05-25T20:45:00+00:00,416.74000000,417.10000000,416.66000000,416.66000000,24.91000000
1779742800000,2026-05-25T21:00:00+00:00,416.67000000,417.09000000,416.67000000,416.96000000,10.17000000
1779743700000,2026-05-25T21:15:00+00:00,416.93000000,417.50000000,416.75000000,417.49000000,14.97000000
1779744600000,2026-05-25T21:30:00+00:00,417.49000000,417.56000000,417.40000000,417.54000000,8.30000000
1779745500000,2026-05-25T21:45:00+00:00,417.53000000,417.89000000,417.52000000,417.66000000,3.40000000
1779746400000,2026-05-25T22:00:00+00:00,417.73000000,418.09000000,417.57000000,417.71000000,24.65000000
1779747300000,2026-05-25T22:15:00+00:00,417.71000000,418.10000000,417.66000000,417.96000000,14.82000000
1779748200000,2026-05-25T22:30:00+00:00,417.95000000,418.24000000,417.68000000,417.98000000,52.69000000
1779749100000,2026-05-25T22:45:00+00:00,417.98000000,418.04000000,417.66000000,417.79000000,3.86000000
1779750000000,2026-05-25T23:00:00+00:00,417.74000000,417.74000000,416.64000000,416.88000000,25.98000000
1779750900000,2026-05-25T23:15:00+00:00,416.85000000,416.92000000,415.90000000,416.52000000,58.25000000
1779751800000,2026-05-25T23:30:00+00:00,416.55000000,416.86000000,415.97000000,416.86000000,32.67000000
1779752700000,2026-05-25T23:45:00+00:00,416.87000000,417.05000000,416.17000000,416.17000000,11.73000000
1779753600000,2026-05-26T00:00:00+00:00,416.17000000,418.58000000,412.00000000,413.22000000,873.00000000
1779754500000,2026-05-26T00:15:00+00:00,413.24000000,414.72000000,412.92000000,414.64000000,693.60000000
1779755400000,2026-05-26T00:30:00+00:00,414.64000000,416.13000000,414.40000000,415.05000000,275.89000000
1779756300000,2026-05-26T00:45:00+00:00,414.84000000,415.38000000,413.40000000,414.95000000,178.54000000
1779757200000,2026-05-26T01:00:00+00:00,415.03000000,415.41000000,413.12000000,414.39000000,170.18000000
1779758100000,2026-05-26T01:15:00+00:00,414.40000000,414.59000000,413.67000000,413.88000000,42.52000000
1779759000000,2026-05-26T01:30:00+00:00,413.84000000,413.99000000,411.65000000,412.21000000,62.99000000
1779759900000,2026-05-26T01:45:00+00:00,412.20000000,413.08000000,411.99000000,412.31000000,102.79000000
1779760800000,2026-05-26T02:00:00+00:00,412.21000000,412.79000000,412.00000000,412.58000000,138.08000000
1779761700000,2026-05-26T02:15:00+00:00,412.58000000,413.11000000,412.32000000,412.65000000,74.27000000
1779762600000,2026-05-26T02:30:00+00:00,412.72000000,413.88000000,412.72000000,412.88000000,53.80000000
1779763500000,2026-05-26T02:45:00+00:00,412.98000000,412.98000000,412.07000000,412.41000000,63.61000000
1779764400000,2026-05-26T03:00:00+00:00,412.44000000,412.50000000,412.01000000,412.01000000,63.45000000
1779765300000,2026-05-26T03:15:00+00:00,412.12000000,412.32000000,411.16000000,412.07000000,435.24000000
1779766200000,2026-05-26T03:30:00+00:00,412.11000000,412.28000000,411.60000000,411.63000000,20.47000000
1779767100000,2026-05-26T03:45:00+00:00,411.75000000,411.75000000,411.05000000,411.13000000,223.75000000
1779768000000,2026-05-26T04:00:00+00:00,411.24000000,411.53000000,410.83000000,411.42000000,70.04000000
1779768900000,2026-05-26T04:15:00+00:00,411.45000000,411.64000000,411.14000000,411.41000000,33.53000000
1779769800000,2026-05-26T04:30:00+00:00,411.35000000,411.77000000,410.01000000,410.24000000,241.48000000
1779770700000,2026-05-26T04:45:00+00:00,410.35000000,410.58000000,409.39000000,410.20000000,118.01000000
1779771600000,2026-05-26T05:00:00+00:00,410.16000000,410.38000000,409.89000000,410.25000000,21.03000000
1779772500000,2026-05-26T05:15:00+00:00,410.20000000,410.40000000,409.79000000,410.11000000,58.32000000
1779773400000,2026-05-26T05:30:00+00:00,410.12000000,411.45000000,410.12000000,411.34000000,40.28000000
1779774300000,2026-05-26T05:45:00+00:00,411.44000000,411.48000000,410.86000000,411.44000000,37.74000000
1779775200000,2026-05-26T06:00:00+00:00,411.37000000,412.62000000,411.04000000,412.51000000,108.35000000
1779776100000,2026-05-26T06:15:00+00:00,412.42000000,413.08000000,412.02000000,412.52000000,113.25000000
1779777000000,2026-05-26T06:30:00+00:00,412.40000000,412.43000000,412.09000000,412.32000000,21.38000000
1779777900000,2026-05-26T06:45:00+00:00,412.36000000,412.44000000,411.85000000,412.29000000,50.24000000
1779778800000,2026-05-26T07:00:00+00:00,412.20000000,412.39000000,411.50000000,411.61000000,110.24000000
1779779700000,2026-05-26T07:15:00+00:00,411.59000000,412.77000000,411.45000000,412.26000000,81.83000000
1779780600000,2026-05-26T07:30:00+00:00,412.30000000,412.42000000,411.00000000,411.22000000,135.54000000
1779781500000,2026-05-26T07:45:00+00:00,411.25000000,411.33000000,409.93000000,410.39000000,156.37000000
1779782400000,2026-05-26T08:00:00+00:00,410.29000000,411.15000000,409.85000000,411.15000000,64.19000000
1779783300000,2026-05-26T08:15:00+00:00,411.05000000,411.37000000,410.50000000,411.28000000,39.00000000
1779784200000,2026-05-26T08:30:00+00:00,411.27000000,411.39000000,410.82000000,411.25000000,22.93000000
1779785100000,2026-05-26T08:45:00+00:00,411.26000000,411.47000000,411.10000000,411.44000000,14.00000000
1779786000000,2026-05-26T09:00:00+00:00,411.42000000,411.75000000,411.29000000,411.30000000,47.01000000
1779786900000,2026-05-26T09:15:00+00:00,411.29000000,411.57000000,411.09000000,411.40000000,64.73000000
1779787800000,2026-05-26T09:30:00+00:00,411.33000000,411.77000000,411.24000000,411.62000000,62.14000000
1779788700000,2026-05-26T09:45:00+00:00,411.62000000,412.28000000,411.57000000,412.00000000,44.24000000
1779789600000,2026-05-26T10:00:00+00:00,412.00000000,412.59000000,411.74000000,412.48000000,85.37000000
1779790500000,2026-05-26T10:15:00+00:00,412.59000000,413.29000000,412.59000000,413.24000000,22.16000000
1779791400000,2026-05-26T10:30:00+00:00,413.24000000,413.40000000,412.59000000,412.59000000,97.24000000
1779792300000,2026-05-26T10:45:00+00:00,412.64000000,413.04000000,411.93000000,412.10000000,57.96000000
1779793200000,2026-05-26T11:00:00+00:00,412.02000000,412.66000000,411.80000000,412.55000000,66.81000000
1779794100000,2026-05-26T11:15:00+00:00,412.53000000,413.09000000,412.41000000,413.06000000,23.00000000
1779795000000,2026-05-26T11:30:00+00:00,413.06000000,413.46000000,412.64000000,412.80000000,77.28000000
1779795900000,2026-05-26T11:45:00+00:00,412.73000000,412.98000000,412.66000000,412.74000000,8.57000000
1779796800000,2026-05-26T12:00:00+00:00,412.71000000,413.18000000,411.99000000,412.37000000,76.21000000
1779797700000,2026-05-26T12:15:00+00:00,412.31000000,413.85000000,412.22000000,412.71000000,113.13000000
1779798600000,2026-05-26T12:30:00+00:00,412.68000000,413.26000000,412.55000000,412.72000000,49.05000000
1779799500000,2026-05-26T12:45:00+00:00,412.65000000,413.28000000,412.47000000,413.12000000,54.25000000
1779800400000,2026-05-26T13:00:00+00:00,413.11000000,413.36000000,412.74000000,413.36000000,19.12000000
1779801300000,2026-05-26T13:15:00+00:00,413.34000000,413.92000000,412.94000000,413.35000000,55.57000000
1779802200000,2026-05-26T13:30:00+00:00,413.36000000,415.53000000,411.23000000,414.49000000,651.37000000
1779803100000,2026-05-26T13:45:00+00:00,414.33000000,416.90000000,412.38000000,412.53000000,542.53000000
1779804000000,2026-05-26T14:00:00+00:00,412.56000000,412.89000000,410.93000000,412.82000000,273.35000000
1779804900000,2026-05-26T14:15:00+00:00,412.90000000,414.86000000,412.18000000,414.66000000,637.99000000
1779805800000,2026-05-26T14:30:00+00:00,414.69000000,415.71000000,414.33000000,414.59000000,1519.40000000
1779806700000,2026-05-26T14:45:00+00:00,414.60000000,414.64000000,413.47000000,414.02000000,190.79000000
1779807600000,2026-05-26T15:00:00+00:00,413.89000000,414.42000000,411.90000000,413.55000000,166.51000000
1779808500000,2026-05-26T15:15:00+00:00,413.60000000,413.76000000,412.29000000,413.53000000,555.07000000
1779809400000,2026-05-26T15:30:00+00:00,413.56000000,413.72000000,412.20000000,412.53000000,294.11000000
1779810300000,2026-05-26T15:45:00+00:00,412.56000000,412.98000000,410.78000000,412.20000000,237.51000000
1779811200000,2026-05-26T16:00:00+00:00,412.14000000,413.25000000,411.70000000,411.72000000,104.89000000
1779812100000,2026-05-26T16:15:00+00:00,411.76000000,412.17000000,410.94000000,411.80000000,185.09000000
1779813000000,2026-05-26T16:30:00+00:00,411.84000000,412.30000000,411.10000000,411.25000000,213.38000000
1779813900000,2026-05-26T16:45:00+00:00,411.12000000,411.92000000,411.10000000,411.72000000,87.05000000
1779814800000,2026-05-26T17:00:00+00:00,411.69000000,412.92000000,411.60000000,412.79000000,50.47000000
1779815700000,2026-05-26T17:15:00+00:00,412.76000000,412.83000000,411.99000000,412.21000000,32.43000000
1779816600000,2026-05-26T17:30:00+00:00,412.16000000,412.66000000,412.04000000,412.21000000,24.47000000
1779817500000,2026-05-26T17:45:00+00:00,412.28000000,412.95000000,412.28000000,412.79000000,9.48000000
1779818400000,2026-05-26T18:00:00+00:00,412.78000000,413.77000000,412.72000000,413.56000000,63.61000000
1779819300000,2026-05-26T18:15:00+00:00,413.58000000,413.68000000,413.21000000,413.25000000,13.96000000
1779820200000,2026-05-26T18:30:00+00:00,413.29000000,413.59000000,412.89000000,413.16000000,148.92000000
1779821100000,2026-05-26T18:45:00+00:00,413.04000000,413.72000000,412.82000000,413.20000000,251.29000000
1779822000000,2026-05-26T19:00:00+00:00,413.20000000,413.97000000,413.15000000,413.65000000,435.33000000
1779822900000,2026-05-26T19:15:00+00:00,413.66000000,414.30000000,413.60000000,413.93000000,9.60000000
1779823800000,2026-05-26T19:30:00+00:00,413.99000000,414.52000000,413.80000000,414.28000000,17.55000000
1779824700000,2026-05-26T19:45:00+00:00,414.24000000,414.65000000,412.95000000,413.22000000,242.82000000
1779825600000,2026-05-26T20:00:00+00:00,413.16000000,413.52000000,412.66000000,413.31000000,50.13000000
1779826500000,2026-05-26T20:15:00+00:00,413.32000000,413.42000000,413.06000000,413.19000000,19.86000000
1779827400000,2026-05-26T20:30:00+00:00,413.17000000,413.54000000,413.13000000,413.15000000,5.20000000
1779828300000,2026-05-26T20:45:00+00:00,413.19000000,413.30000000,412.68000000,412.68000000,58.91000000
1779829200000,2026-05-26T21:00:00+00:00,412.64000000,412.64000000,412.13000000,412.46000000,27.14000000
1779830100000,2026-05-26T21:15:00+00:00,412.54000000,412.75000000,412.37000000,412.64000000,31.36000000
1779831000000,2026-05-26T21:30:00+00:00,412.58000000,413.00000000,412.58000000,412.92000000,4.64000000
1779831900000,2026-05-26T21:45:00+00:00,412.92000000,413.02000000,412.82000000,412.82000000,1.21000000
1779832800000,2026-05-26T22:00:00+00:00,412.81000000,412.92000000,412.58000000,412.60000000,3.67000000
1779833700000,2026-05-26T22:15:00+00:00,412.67000000,412.68000000,412.34000000,412.45000000,36.72000000
1779834600000,2026-05-26T22:30:00+00:00,412.33000000,412.71000000,412.13000000,412.34000000,44.15000000
1779835500000,2026-05-26T22:45:00+00:00,412.45000000,412.61000000,412.23000000,412.44000000,8.40000000
1779836400000,2026-05-26T23:00:00+00:00,412.38000000,412.74000000,412.21000000,412.39000000,99.27000000
1779837300000,2026-05-26T23:15:00+00:00,412.39000000,412.56000000,412.26000000,412.50000000,24.19000000
1779838200000,2026-05-26T23:30:00+00:00,412.51000000,413.72000000,412.45000000,413.70000000,100.16000000
1779839100000,2026-05-26T23:45:00+00:00,413.70000000,416.03000000,413.70000000,415.98000000,205.09000000
1779840000000,2026-05-27T00:00:00+00:00,416.01000000,418.00000000,415.18000000,416.88000000,438.80000000
1779840900000,2026-05-27T00:15:00+00:00,416.97000000,416.99000000,414.94000000,415.91000000,349.15000000
1779841800000,2026-05-27T00:30:00+00:00,415.97000000,416.33000000,414.72000000,415.35000000,156.63000000
1779842700000,2026-05-27T00:45:00+00:00,415.35000000,415.96000000,415.20000000,415.47000000,38.66000000
1779843600000,2026-05-27T01:00:00+00:00,415.49000000,416.20000000,415.23000000,415.50000000,72.42000000
1779844500000,2026-05-27T01:15:00+00:00,415.56000000,416.88000000,415.51000000,416.84000000,89.78000000
1779845400000,2026-05-27T01:30:00+00:00,416.76000000,417.38000000,416.44000000,416.80000000,69.64000000
1779846300000,2026-05-27T01:45:00+00:00,416.84000000,416.84000000,416.37000000,416.37000000,7.33000000
1779847200000,2026-05-27T02:00:00+00:00,416.37000000,417.04000000,416.37000000,416.68000000,21.24000000
1779848100000,2026-05-27T02:15:00+00:00,416.88000000,417.22000000,416.62000000,416.69000000,90.35000000
1779849000000,2026-05-27T02:30:00+00:00,416.77000000,419.01000000,416.52000000,418.80000000,380.03000000
1779849900000,2026-05-27T02:45:00+00:00,418.80000000,419.15000000,418.57000000,418.79000000,75.14000000
1779850800000,2026-05-27T03:00:00+00:00,418.80000000,419.43000000,418.59000000,418.84000000,513.19000000
1779851700000,2026-05-27T03:15:00+00:00,418.91000000,418.91000000,417.54000000,418.15000000,129.30000000
1779852600000,2026-05-27T03:30:00+00:00,418.09000000,418.49000000,417.95000000,418.45000000,482.57000000
1779853500000,2026-05-27T03:45:00+00:00,418.48000000,418.53000000,416.66000000,416.66000000,833.51000000
1779854400000,2026-05-27T04:00:00+00:00,416.67000000,417.24000000,416.67000000,417.06000000,38.01000000
1779855300000,2026-05-27T04:15:00+00:00,417.07000000,417.08000000,415.01000000,415.01000000,538.42000000
1779856200000,2026-05-27T04:30:00+00:00,415.02000000,416.34000000,414.80000000,415.89000000,362.57000000
1779857100000,2026-05-27T04:45:00+00:00,415.90000000,416.69000000,415.90000000,416.26000000,59.59000000
1779858000000,2026-05-27T05:00:00+00:00,416.24000000,416.32000000,415.95000000,416.12000000,51.52000000
1779858900000,2026-05-27T05:15:00+00:00,416.12000000,416.39000000,415.61000000,415.84000000,28.02000000
1779859800000,2026-05-27T05:30:00+00:00,415.84000000,416.09000000,414.73000000,415.85000000,75.64000000
1779860700000,2026-05-27T05:45:00+00:00,415.85000000,415.92000000,415.24000000,415.47000000,58.33000000
1779861600000,2026-05-27T06:00:00+00:00,415.50000000,415.72000000,414.18000000,415.16000000,531.12000000
1779862500000,2026-05-27T06:15:00+00:00,415.18000000,415.71000000,415.18000000,415.58000000,158.34000000
1779863400000,2026-05-27T06:30:00+00:00,415.50000000,415.65000000,414.92000000,415.26000000,52.83000000
1779864300000,2026-05-27T06:45:00+00:00,415.35000000,415.58000000,414.86000000,415.21000000,329.53000000
1779865200000,2026-05-27T07:00:00+00:00,415.24000000,416.22000000,414.97000000,416.18000000,116.27000000
1779866100000,2026-05-27T07:15:00+00:00,416.20000000,416.72000000,416.04000000,416.44000000,52.98000000
1779867000000,2026-05-27T07:30:00+00:00,416.42000000,416.59000000,416.12000000,416.48000000,161.76000000
1779867900000,2026-05-27T07:45:00+00:00,416.48000000,416.87000000,415.78000000,416.87000000,23.60000000
1779868800000,2026-05-27T08:00:00+00:00,416.84000000,418.68000000,415.04000000,418.66000000,161.98000000
1779869700000,2026-05-27T08:15:00+00:00,418.72000000,419.88000000,418.56000000,419.40000000,335.48000000
1779870600000,2026-05-27T08:30:00+00:00,419.42000000,420.19000000,418.81000000,419.67000000,205.65000000
1779871500000,2026-05-27T08:45:00+00:00,419.68000000,420.75000000,419.32000000,420.61000000,108.46000000
1779872400000,2026-05-27T09:00:00+00:00,420.47000000,420.72000000,419.69000000,420.62000000,123.21000000
1779873300000,2026-05-27T09:15:00+00:00,420.62000000,421.27000000,420.02000000,420.92000000,137.96000000
1779874200000,2026-05-27T09:30:00+00:00,420.88000000,423.00000000,420.86000000,423.00000000,220.04000000
1779875100000,2026-05-27T09:45:00+00:00,423.04000000,423.44000000,422.72000000,422.95000000,642.59000000
1779876000000,2026-05-27T10:00:00+00:00,423.05000000,425.59000000,422.92000000,424.68000000,702.33000000
1779876900000,2026-05-27T10:15:00+00:00,424.70000000,425.54000000,424.70000000,425.46000000,172.54000000
1779877800000,2026-05-27T10:30:00+00:00,425.48000000,427.43000000,425.48000000,427.07000000,776.09000000
1779878700000,2026-05-27T10:45:00+00:00,426.92000000,427.37000000,426.14000000,426.85000000,361.10000000
1779879600000,2026-05-27T11:00:00+00:00,426.86000000,429.10000000,425.78000000,429.04000000,740.81000000
1779880500000,2026-05-27T11:15:00+00:00,429.04000000,431.45000000,428.84000000,430.18000000,1075.89000000
1779881400000,2026-05-27T11:30:00+00:00,430.28000000,431.63000000,429.63000000,431.63000000,1073.89000000
1779882300000,2026-05-27T11:45:00+00:00,431.52000000,434.42000000,431.52000000,433.94000000,1304.39000000
1779883200000,2026-05-27T12:00:00+00:00,433.96000000,434.29000000,432.44000000,432.83000000,770.95000000
1779884100000,2026-05-27T12:15:00+00:00,432.81000000,433.20000000,431.44000000,432.58000000,663.66000000
1779885000000,2026-05-27T12:30:00+00:00,432.57000000,432.57000000,429.59000000,429.96000000,542.38000000
1779885900000,2026-05-27T12:45:00+00:00,429.98000000,430.15000000,428.55000000,429.26000000,276.15000000
1779886800000,2026-05-27T13:00:00+00:00,429.27000000,430.19000000,428.10000000,428.24000000,504.14000000
1779887700000,2026-05-27T13:15:00+00:00,428.28000000,429.00000000,426.71000000,428.00000000,329.97000000
1779888600000,2026-05-27T13:30:00+00:00,428.05000000,429.24000000,419.94000000,421.27000000,6740.39000000
1779889500000,2026-05-27T13:45:00+00:00,421.25000000,430.99000000,419.10000000,429.57000000,4663.29000000
1779890400000,2026-05-27T14:00:00+00:00,429.55000000,430.56000000,422.53000000,423.75000000,2287.31000000
1779891300000,2026-05-27T14:15:00+00:00,423.78000000,425.73000000,417.20000000,417.71000000,2213.85000000
1779892200000,2026-05-27T14:30:00+00:00,417.74000000,419.72000000,416.51000000,418.46000000,1980.03000000
1779893100000,2026-05-27T14:45:00+00:00,418.35000000,421.59000000,417.46000000,417.83000000,1949.19000000
1779894000000,2026-05-27T15:00:00+00:00,418.05000000,419.96000000,416.47000000,418.63000000,986.76000000
1779894900000,2026-05-27T15:15:00+00:00,418.76000000,418.81000000,416.70000000,418.59000000,390.38000000
1779895800000,2026-05-27T15:30:00+00:00,418.65000000,419.40000000,417.10000000,417.14000000,201.66000000
1779896700000,2026-05-27T15:45:00+00:00,417.14000000,418.08000000,416.18000000,417.90000000,578.38000000
1779897600000,2026-05-27T16:00:00+00:00,417.87000000,421.39000000,417.30000000,421.12000000,685.62000000
1779898500000,2026-05-27T16:15:00+00:00,421.01000000,421.48000000,420.25000000,420.78000000,477.08000000
1779899400000,2026-05-27T16:30:00+00:00,420.69000000,422.01000000,420.11000000,421.76000000,355.29000000
1779900300000,2026-05-27T16:45:00+00:00,421.72000000,422.88000000,420.83000000,420.98000000,683.25000000
1779901200000,2026-05-27T17:00:00+00:00,421.09000000,421.25000000,418.16000000,418.60000000,184.57000000
1779902100000,2026-05-27T17:15:00+00:00,418.62000000,420.86000000,418.41000000,420.86000000,214.89000000
1779903000000,2026-05-27T17:30:00+00:00,420.68000000,421.24000000,419.96000000,419.97000000,354.85000000
1779903900000,2026-05-27T17:45:00+00:00,419.97000000,421.22000000,419.81000000,420.16000000,253.63000000
1779904800000,2026-05-27T18:00:00+00:00,420.14000000,421.12000000,419.76000000,421.05000000,85.47000000
1779905700000,2026-05-27T18:15:00+00:00,421.08000000,421.50000000,420.21000000,420.21000000,234.88000000
1779906600000,2026-05-27T18:30:00+00:00,420.42000000,421.32000000,420.11000000,421.05000000,69.11000000
1779907500000,2026-05-27T18:45:00+00:00,421.05000000,422.08000000,420.83000000,421.91000000,104.27000000
1779908400000,2026-05-27T19:00:00+00:00,421.88000000,423.59000000,421.45000000,423.52000000,348.87000000
1779909300000,2026-05-27T19:15:00+00:00,423.35000000,424.45000000,422.93000000,423.15000000,202.20000000
1779910200000,2026-05-27T19:30:00+00:00,423.12000000,425.54000000,423.01000000,425.12000000,235.81000000
1779911100000,2026-05-27T19:45:00+00:00,425.16000000,425.29000000,422.50000000,423.48000000,470.88000000
1779912000000,2026-05-27T20:00:00+00:00,423.50000000,424.16000000,422.73000000,423.76000000,142.59000000
1779912900000,2026-05-27T20:15:00+00:00,423.79000000,424.53000000,423.40000000,423.40000000,70.43000000
1779913800000,2026-05-27T20:30:00+00:00,423.40000000,424.00000000,423.33000000,423.79000000,38.59000000
1779914700000,2026-05-27T20:45:00+00:00,423.82000000,424.48000000,423.54000000,424.46000000,541.25000000
1779915600000,2026-05-27T21:00:00+00:00,424.36000000,424.47000000,423.46000000,423.75000000,64.55000000
1779916500000,2026-05-27T21:15:00+00:00,423.73000000,424.53000000,423.18000000,424.16000000,151.03000000
1779917400000,2026-05-27T21:30:00+00:00,424.18000000,424.96000000,423.88000000,424.06000000,54.78000000
1779918300000,2026-05-27T21:45:00+00:00,424.14000000,424.40000000,423.88000000,424.33000000,43.45000000
1779919200000,2026-05-27T22:00:00+00:00,424.33000000,424.51000000,422.49000000,423.25000000,336.23000000
1779920100000,2026-05-27T22:15:00+00:00,423.26000000,423.44000000,422.97000000,422.97000000,43.79000000
1779921000000,2026-05-27T22:30:00+00:00,423.01000000,423.37000000,422.88000000,423.27000000,34.39000000
1779921900000,2026-05-27T22:45:00+00:00,423.17000000,423.17000000,422.53000000,423.03000000,61.72000000
1779922800000,2026-05-27T23:00:00+00:00,423.03000000,424.08000000,423.03000000,423.68000000,64.46000000
1779923700000,2026-05-27T23:15:00+00:00,423.67000000,424.00000000,422.82000000,423.24000000,68.72000000
1779924600000,2026-05-27T23:30:00+00:00,423.11000000,423.21000000,421.92000000,422.17000000,115.56000000
1779925500000,2026-05-27T23:45:00+00:00,422.12000000,422.25000000,421.35000000,421.81000000,425.49000000
1779926400000,2026-05-28T00:00:00+00:00,421.78000000,422.83000000,419.55000000,420.06000000,349.62000000
1779927300000,2026-05-28T00:15:00+00:00,420.04000000,421.37000000,419.95000000,420.51000000,115.83000000
1779928200000,2026-05-28T00:30:00+00:00,420.51000000,422.04000000,419.90000000,422.04000000,96.64000000
1779929100000,2026-05-28T00:45:00+00:00,422.07000000,422.28000000,420.42000000,421.71000000,658.11000000
1779930000000,2026-05-28T01:00:00+00:00,421.74000000,421.89000000,419.50000000,421.49000000,213.94000000
1779930900000,2026-05-28T01:15:00+00:00,421.49000000,422.13000000,419.97000000,420.91000000,135.97000000
1779931800000,2026-05-28T01:30:00+00:00,420.73000000,421.22000000,420.25000000,420.86000000,57.06000000
1779932700000,2026-05-28T01:45:00+00:00,420.99000000,422.34000000,420.47000000,422.29000000,93.42000000
1779933600000,2026-05-28T02:00:00+00:00,422.29000000,422.58000000,419.33000000,419.36000000,187.22000000
1779934500000,2026-05-28T02:15:00+00:00,419.39000000,420.30000000,418.95000000,419.19000000,244.15000000
1779935400000,2026-05-28T02:30:00+00:00,419.25000000,419.63000000,418.38000000,418.59000000,347.98000000
1779936300000,2026-05-28T02:45:00+00:00,418.59000000,419.96000000,418.45000000,419.34000000,180.68000000
1779937200000,2026-05-28T03:00:00+00:00,419.45000000,419.63000000,418.03000000,418.49000000,232.59000000
1779938100000,2026-05-28T03:15:00+00:00,418.53000000,418.68000000,415.86000000,416.21000000,493.45000000
1779939000000,2026-05-28T03:30:00+00:00,416.18000000,417.22000000,402.76000000,412.74000000,3940.72000000
1779939900000,2026-05-28T03:45:00+00:00,412.53000000,415.01000000,411.38000000,412.35000000,546.80000000
1779940800000,2026-05-28T04:00:00+00:00,412.37000000,412.83000000,410.52000000,411.19000000,447.03000000
1779941700000,2026-05-28T04:15:00+00:00,411.03000000,411.66000000,409.28000000,410.99000000,452.21000000
1779942600000,2026-05-28T04:30:00+00:00,410.99000000,412.18000000,410.05000000,411.39000000,200.85000000
1779943500000,2026-05-28T04:45:00+00:00,411.38000000,411.44000000,410.06000000,410.37000000,118.12000000
1779944400000,2026-05-28T05:00:00+00:00,410.52000000,410.87000000,408.45000000,410.37000000,401.35000000
1779945300000,2026-05-28T05:15:00+00:00,410.36000000,412.11000000,408.77000000,412.10000000,565.04000000
1779946200000,2026-05-28T05:30:00+00:00,412.10000000,413.49000000,411.64000000,412.95000000,267.05000000
1779947100000,2026-05-28T05:45:00+00:00,413.04000000,414.24000000,412.67000000,413.73000000,219.02000000
1779948000000,2026-05-28T06:00:00+00:00,413.73000000,414.62000000,413.26000000,413.59000000,228.08000000
1779948900000,2026-05-28T06:15:00+00:00,413.58000000,414.94000000,413.55000000,414.36000000,118.97000000
1779949800000,2026-05-28T06:30:00+00:00,414.38000000,414.64000000,411.35000000,412.26000000,170.69000000
1779950700000,2026-05-28T06:45:00+00:00,412.25000000,412.99000000,411.06000000,412.46000000,465.97000000
1779951600000,2026-05-28T07:00:00+00:00,412.33000000,414.87000000,412.33000000,414.78000000,153.84000000
1779952500000,2026-05-28T07:15:00+00:00,414.78000000,415.92000000,414.33000000,415.88000000,234.20000000
1779953400000,2026-05-28T07:30:00+00:00,415.74000000,417.08000000,415.44000000,416.39000000,189.87000000
1779954300000,2026-05-28T07:45:00+00:00,416.39000000,417.04000000,415.23000000,416.60000000,159.07000000
1779955200000,2026-05-28T08:00:00+00:00,416.50000000,417.15000000,414.41000000,414.80000000,307.70000000
1779956100000,2026-05-28T08:15:00+00:00,414.81000000,416.12000000,414.38000000,415.45000000,150.29000000
1779957000000,2026-05-28T08:30:00+00:00,415.47000000,416.30000000,414.55000000,416.18000000,43.80000000
1779957900000,2026-05-28T08:45:00+00:00,416.10000000,416.46000000,415.75000000,416.32000000,24.39000000
1779958800000,2026-05-28T09:00:00+00:00,416.31000000,416.72000000,415.55000000,415.64000000,49.67000000
1779959700000,2026-05-28T09:15:00+00:00,415.89000000,416.24000000,415.70000000,415.96000000,8.79000000
1779960600000,2026-05-28T09:30:00+00:00,416.03000000,416.09000000,415.13000000,415.46000000,56.87000000
1779961500000,2026-05-28T09:45:00+00:00,415.42000000,416.52000000,415.39000000,416.43000000,31.69000000
1779962400000,2026-05-28T10:00:00+00:00,416.44000000,416.60000000,414.78000000,414.90000000,72.99000000
1779963300000,2026-05-28T10:15:00+00:00,414.90000000,415.26000000,413.86000000,414.81000000,57.77000000
1779964200000,2026-05-28T10:30:00+00:00,414.71000000,415.02000000,414.15000000,414.15000000,14.92000000
1779965100000,2026-05-28T10:45:00+00:00,414.10000000,414.70000000,413.77000000,413.82000000,77.82000000
1779966000000,2026-05-28T11:00:00+00:00,413.90000000,415.40000000,413.90000000,414.36000000,113.37000000
1779966900000,2026-05-28T11:15:00+00:00,414.36000000,415.58000000,414.36000000,414.67000000,69.94000000
1779967800000,2026-05-28T11:30:00+00:00,414.60000000,415.61000000,414.36000000,415.42000000,64.67000000
1779968700000,2026-05-28T11:45:00+00:00,415.47000000,415.50000000,414.67000000,414.72000000,61.30000000
1779969600000,2026-05-28T12:00:00+00:00,414.71000000,416.16000000,414.63000000,415.93000000,97.55000000
1779970500000,2026-05-28T12:15:00+00:00,415.98000000,416.54000000,415.44000000,416.22000000,64.93000000
1779971400000,2026-05-28T12:30:00+00:00,416.24000000,418.35000000,416.21000000,418.27000000,308.99000000
1779972300000,2026-05-28T12:45:00+00:00,418.36000000,419.57000000,418.11000000,419.41000000,375.06000000
1779973200000,2026-05-28T13:00:00+00:00,419.35000000,420.19000000,418.38000000,419.80000000,455.00000000
1779974100000,2026-05-28T13:15:00+00:00,419.69000000,422.25000000,419.69000000,422.02000000,217.34000000
1779975000000,2026-05-28T13:30:00+00:00,422.22000000,424.90000000,416.73000000,416.86000000,1515.84000000
1779975900000,2026-05-28T13:45:00+00:00,417.05000000,418.28000000,415.19000000,417.31000000,1392.02000000
1779976800000,2026-05-28T14:00:00+00:00,417.22000000,420.67000000,416.38000000,420.00000000,833.89000000
1779977700000,2026-05-28T14:15:00+00:00,420.03000000,421.34000000,418.72000000,420.42000000,623.74000000
1779978600000,2026-05-28T14:30:00+00:00,420.54000000,422.04000000,419.81000000,421.87000000,259.24000000
1779979500000,2026-05-28T14:45:00+00:00,421.89000000,422.69000000,420.98000000,422.58000000,1824.27000000
1779980400000,2026-05-28T15:00:00+00:00,422.60000000,423.50000000,422.50000000,423.03000000,334.04000000
1779981300000,2026-05-28T15:15:00+00:00,423.00000000,425.10000000,422.85000000,424.95000000,727.43000000
1779982200000,2026-05-28T15:30:00+00:00,424.96000000,425.62000000,424.55000000,425.37000000,601.89000000
1779983100000,2026-05-28T15:45:00+00:00,425.29000000,427.24000000,425.01000000,426.91000000,1174.87000000
1779984000000,2026-05-28T16:00:00+00:00,426.99000000,427.00000000,425.83000000,426.38000000,195.23000000
1779984900000,2026-05-28T16:15:00+00:00,426.42000000,427.86000000,426.16000000,427.80000000,304.39000000
1779985800000,2026-05-28T16:30:00+00:00,427.72000000,427.78000000,426.55000000,426.75000000,320.84000000
1779986700000,2026-05-28T16:45:00+00:00,426.76000000,426.77000000,425.18000000,425.74000000,349.87000000
1779987600000,2026-05-28T17:00:00+00:00,425.62000000,425.80000000,424.36000000,424.49000000,959.94000000
1779988500000,2026-05-28T17:15:00+00:00,424.45000000,424.65000000,423.20000000,423.34000000,633.62000000
1779989400000,2026-05-28T17:30:00+00:00,423.30000000,423.68000000,422.64000000,423.43000000,176.28000000
1779990300000,2026-05-28T17:45:00+00:00,423.45000000,424.78000000,423.24000000,424.30000000,308.62000000
1779991200000,2026-05-28T18:00:00+00:00,424.25000000,424.94000000,423.54000000,423.68000000,296.01000000
1779992100000,2026-05-28T18:15:00+00:00,423.67000000,424.18000000,423.51000000,423.69000000,168.82000000
1779993000000,2026-05-28T18:30:00+00:00,423.64000000,423.97000000,423.11000000,423.67000000,37.68000000
1779993900000,2026-05-28T18:45:00+00:00,423.68000000,424.11000000,422.52000000,423.85000000,229.49000000
1779994800000,2026-05-28T19:00:00+00:00,423.82000000,424.46000000,423.53000000,423.93000000,74.82000000
1779995700000,2026-05-28T19:15:00+00:00,423.94000000,424.00000000,421.98000000,423.30000000,1834.27000000
1779996600000,2026-05-28T19:30:00+00:00,423.25000000,424.12000000,423.18000000,423.90000000,189.17000000
1779997500000,2026-05-28T19:45:00+00:00,423.87000000,424.94000000,423.03000000,424.88000000,395.40000000
1779998400000,2026-05-28T20:00:00+00:00,424.87000000,425.13000000,424.17000000,424.88000000,78.14000000
1779999300000,2026-05-28T20:15:00+00:00,424.84000000,424.89000000,423.57000000,423.87000000,58.44000000
1780000200000,2026-05-28T20:30:00+00:00,423.91000000,424.32000000,423.76000000,423.79000000,64.78000000
1780001100000,2026-05-28T20:45:00+00:00,423.74000000,423.92000000,423.22000000,423.27000000,49.46000000
1780002000000,2026-05-28T21:00:00+00:00,423.36000000,423.87000000,423.24000000,423.82000000,37.18000000
1780002900000,2026-05-28T21:15:00+00:00,423.83000000,424.93000000,423.76000000,424.55000000,65.46000000
1780003800000,2026-05-28T21:30:00+00:00,424.44000000,424.87000000,424.30000000,424.84000000,16.83000000
1780004700000,2026-05-28T21:45:00+00:00,424.88000000,425.20000000,424.88000000,425.03000000,10.11000000
1780005600000,2026-05-28T22:00:00+00:00,425.03000000,425.16000000,424.26000000,424.39000000,24.38000000
1780006500000,2026-05-28T22:15:00+00:00,424.48000000,424.97000000,424.20000000,424.71000000,88.68000000
1780007400000,2026-05-28T22:30:00+00:00,424.69000000,425.25000000,424.62000000,425.07000000,18.59000000
1780008300000,2026-05-28T22:45:00+00:00,425.08000000,425.34000000,425.06000000,425.09000000,51.32000000
1780009200000,2026-05-28T23:00:00+00:00,425.15000000,425.35000000,425.02000000,425.09000000,80.47000000
1780010100000,2026-05-28T23:15:00+00:00,425.24000000,425.85000000,425.10000000,425.38000000,251.28000000
1780011000000,2026-05-28T23:30:00+00:00,425.34000000,425.40000000,425.12000000,425.22000000,30.24000000
1780011900000,2026-05-28T23:45:00+00:00,425.22000000,425.23000000,424.88000000,425.00000000,53.37000000
1780012800000,2026-05-29T00:00:00+00:00,425.00000000,425.28000000,424.53000000,424.75000000,38.51000000
1780013700000,2026-05-29T00:15:00+00:00,424.79000000,424.93000000,424.40000000,424.49000000,90.97000000
1780014600000,2026-05-29T00:30:00+00:00,424.49000000,424.49000000,422.82000000,422.90000000,166.72000000
1780015500000,2026-05-29T00:45:00+00:00,422.88000000,424.30000000,422.88000000,423.55000000,150.93000000
1780016400000,2026-05-29T01:00:00+00:00,423.55000000,424.39000000,423.30000000,423.86000000,164.78000000
1780017300000,2026-05-29T01:15:00+00:00,423.77000000,423.81000000,423.28000000,423.38000000,72.52000000
1780018200000,2026-05-29T01:30:00+00:00,423.37000000,425.79000000,423.32000000,425.75000000,59.71000000
1780019100000,2026-05-29T01:45:00+00:00,425.77000000,426.86000000,425.19000000,426.54000000,220.35000000
1780020000000,2026-05-29T02:00:00+00:00,426.62000000,427.85000000,426.18000000,427.73000000,342.36000000
1780020900000,2026-05-29T02:15:00+00:00,427.77000000,429.40000000,426.72000000,427.55000000,439.29000000
1780021800000,2026-05-29T02:30:00+00:00,427.60000000,428.12000000,427.12000000,427.12000000,76.95000000
1780022700000,2026-05-29T02:45:00+00:00,427.11000000,427.62000000,426.83000000,427.08000000,134.22000000
1780023600000,2026-05-29T03:00:00+00:00,427.10000000,427.44000000,426.28000000,427.25000000,105.84000000
1780024500000,2026-05-29T03:15:00+00:00,427.20000000,427.20000000,426.33000000,426.55000000,68.21000000
1780025400000,2026-05-29T03:30:00+00:00,426.58000000,426.72000000,426.00000000,426.52000000,130.42000000
1780026300000,2026-05-29T03:45:00+00:00,426.54000000,426.70000000,425.96000000,426.55000000,152.52000000
1780027200000,2026-05-29T04:00:00+00:00,426.63000000,427.52000000,426.55000000,427.50000000,45.26000000
1780028100000,2026-05-29T04:15:00+00:00,427.50000000,427.65000000,427.26000000,427.40000000,37.82000000
1780029000000,2026-05-29T04:30:00+00:00,427.40000000,428.34000000,427.40000000,428.08000000,29.18000000
1780029900000,2026-05-29T04:45:00+00:00,428.09000000,428.13000000,427.58000000,427.92000000,73.34000000
1780030800000,2026-05-29T05:00:00+00:00,427.91000000,428.48000000,427.79000000,428.05000000,98.99000000
1780031700000,2026-05-29T05:15:00+00:00,428.03000000,428.24000000,427.90000000,427.90000000,46.87000000
1780032600000,2026-05-29T05:30:00+00:00,427.90000000,427.90000000,426.59000000,427.12000000,165.45000000
1780033500000,2026-05-29T05:45:00+00:00,426.98000000,427.22000000,426.68000000,426.75000000,50.50000000
1780034400000,2026-05-29T06:00:00+00:00,426.72000000,427.96000000,426.67000000,427.06000000,207.65000000
1780035300000,2026-05-29T06:15:00+00:00,427.04000000,427.48000000,426.80000000,426.97000000,181.26000000
1780036200000,2026-05-29T06:30:00+00:00,426.95000000,427.16000000,426.90000000,427.00000000,41.47000000
1780037100000,2026-05-29T06:45:00+00:00,427.00000000,427.50000000,426.80000000,427.49000000,79.40000000
1780038000000,2026-05-29T07:00:00+00:00,427.49000000,428.08000000,427.48000000,427.97000000,166.63000000
1780038900000,2026-05-29T07:15:00+00:00,427.95000000,428.05000000,427.33000000,427.36000000,32.27000000
1780039800000,2026-05-29T07:30:00+00:00,427.43000000,427.47000000,426.73000000,426.89000000,50.03000000
1780040700000,2026-05-29T07:45:00+00:00,426.97000000,427.64000000,426.97000000,427.35000000,24.16000000
1780041600000,2026-05-29T08:00:00+00:00,427.37000000,427.99000000,426.90000000,427.84000000,81.81000000
1780042500000,2026-05-29T08:15:00+00:00,427.88000000,428.39000000,427.71000000,427.75000000,219.68000000
1780043400000,2026-05-29T08:30:00+00:00,427.79000000,428.60000000,427.20000000,427.88000000,280.48000000
1780044300000,2026-05-29T08:45:00+00:00,427.87000000,428.13000000,427.27000000,427.78000000,308.72000000
1780045200000,2026-05-29T09:00:00+00:00,427.78000000,429.56000000,427.59000000,429.15000000,280.68000000
1780046100000,2026-05-29T09:15:00+00:00,429.12000000,429.64000000,428.51000000,429.58000000,310.14000000
1780047000000,2026-05-29T09:30:00+00:00,429.45000000,429.75000000,429.20000000,429.51000000,362.06000000
1780047900000,2026-05-29T09:45:00+00:00,429.56000000,429.77000000,428.91000000,428.93000000,54.62000000
1780048800000,2026-05-29T10:00:00+00:00,428.99000000,428.99000000,427.22000000,427.71000000,138.49000000
1780049700000,2026-05-29T10:15:00+00:00,427.71000000,428.22000000,426.69000000,428.00000000,752.91000000
1780050600000,2026-05-29T10:30:00+00:00,427.83000000,428.69000000,427.77000000,428.69000000,135.77000000
1780051500000,2026-05-29T10:45:00+00:00,428.72000000,428.96000000,428.40000000,428.67000000,100.26000000
1780052400000,2026-05-29T11:00:00+00:00,428.71000000,429.45000000,428.71000000,429.12000000,88.45000000
1780053300000,2026-05-29T11:15:00+00:00,429.24000000,430.00000000,429.11000000,429.46000000,116.06000000
1780054200000,2026-05-29T11:30:00+00:00,429.48000000,429.56000000,428.50000000,429.26000000,77.99000000
1780055100000,2026-05-29T11:45:00+00:00,429.28000000,429.48000000,428.21000000,429.27000000,119.23000000
1780056000000,2026-05-29T12:00:00+00:00,429.27000000,429.40000000,427.63000000,427.92000000,84.61000000
1780056900000,2026-05-29T12:15:00+00:00,427.95000000,428.47000000,427.82000000,428.46000000,18.99000000
1780057800000,2026-05-29T12:30:00+00:00,428.50000000,428.64000000,427.63000000,428.12000000,61.86000000
1780058700000,2026-05-29T12:45:00+00:00,428.19000000,428.94000000,427.92000000,428.75000000,28.54000000
1780059600000,2026-05-29T13:00:00+00:00,428.75000000,428.87000000,427.83000000,427.93000000,94.51000000
1780060500000,2026-05-29T13:15:00+00:00,427.93000000,428.11000000,426.47000000,427.07000000,249.33000000
1780061400000,2026-05-29T13:30:00+00:00,426.97000000,428.95000000,423.33000000,428.12000000,884.08000000
1780062300000,2026-05-29T13:45:00+00:00,428.21000000,430.50000000,427.79000000,428.61000000,766.11000000
1780063200000,2026-05-29T14:00:00+00:00,428.67000000,429.17000000,425.26000000,426.21000000,540.41000000
1780064100000,2026-05-29T14:15:00+00:00,426.18000000,426.48000000,421.83000000,423.63000000,450.94000000
1780065000000,2026-05-29T14:30:00+00:00,423.69000000,424.16000000,419.19000000,419.24000000,616.54000000
1780065900000,2026-05-29T14:45:00+00:00,419.23000000,422.97000000,418.56000000,421.17000000,1363.27000000
1780066800000,2026-05-29T15:00:00+00:00,420.98000000,421.92000000,420.34000000,421.50000000,460.57000000
1780067700000,2026-05-29T15:15:00+00:00,421.50000000,421.86000000,419.17000000,419.42000000,195.47000000
1780068600000,2026-05-29T15:30:00+00:00,419.38000000,420.35000000,419.00000000,419.13000000,980.12000000
1780069500000,2026-05-29T15:45:00+00:00,419.13000000,420.12000000,418.46000000,418.84000000,305.88000000
1780070400000,2026-05-29T16:00:00+00:00,418.88000000,420.22000000,418.88000000,419.64000000,158.16000000
1780071300000,2026-05-29T16:15:00+00:00,419.65000000,419.79000000,418.51000000,418.77000000,151.58000000
1780072200000,2026-05-29T16:30:00+00:00,418.76000000,420.61000000,417.71000000,420.53000000,214.88000000
1780073100000,2026-05-29T16:45:00+00:00,420.63000000,421.12000000,420.12000000,421.00000000,231.99000000
1780074000000,2026-05-29T17:00:00+00:00,421.04000000,421.31000000,419.96000000,420.31000000,64.74000000
1780074900000,2026-05-29T17:15:00+00:00,420.21000000,420.34000000,419.39000000,419.51000000,67.68000000
1780075800000,2026-05-29T17:30:00+00:00,419.48000000,419.88000000,418.45000000,418.63000000,148.21000000
1780076700000,2026-05-29T17:45:00+00:00,418.63000000,418.95000000,417.52000000,417.91000000,223.27000000
1780077600000,2026-05-29T18:00:00+00:00,417.82000000,419.37000000,417.68000000,418.73000000,176.70000000
1780078500000,2026-05-29T18:15:00+00:00,418.72000000,419.84000000,418.68000000,419.65000000,24.29000000
1780079400000,2026-05-29T18:30:00+00:00,419.60000000,420.03000000,419.20000000,419.60000000,23.48000000
1780080300000,2026-05-29T18:45:00+00:00,419.67000000,419.67000000,418.29000000,418.41000000,24.67000000
1780081200000,2026-05-29T19:00:00+00:00,418.33000000,419.17000000,418.08000000,418.87000000,34.38000000
1780082100000,2026-05-29T19:15:00+00:00,418.78000000,419.08000000,418.53000000,418.62000000,61.79000000
1780083000000,2026-05-29T19:30:00+00:00,418.75000000,419.26000000,418.37000000,418.97000000,95.25000000
1780083900000,2026-05-29T19:45:00+00:00,418.92000000,420.61000000,418.58000000,419.16000000,269.57000000
1780084800000,2026-05-29T20:00:00+00:00,419.20000000,419.56000000,418.66000000,419.20000000,201.53000000
1780085700000,2026-05-29T20:15:00+00:00,419.17000000,419.23000000,418.84000000,419.05000000,23.70000000
1780086600000,2026-05-29T20:30:00+00:00,419.03000000,419.20000000,418.59000000,419.20000000,28.32000000
1780087500000,2026-05-29T20:45:00+00:00,419.08000000,419.39000000,418.94000000,419.18000000,18.00000000
1780088400000,2026-05-29T21:00:00+00:00,419.28000000,419.40000000,419.18000000,419.40000000,7.67000000
1780089300000,2026-05-29T21:15:00+00:00,419.40000000,420.04000000,419.34000000,419.86000000,23.38000000
1780090200000,2026-05-29T21:30:00+00:00,419.78000000,420.08000000,419.45000000,419.72000000,14.27000000
1780091100000,2026-05-29T21:45:00+00:00,419.60000000,419.81000000,419.52000000,419.81000000,6.29000000
1780092000000,2026-05-29T22:00:00+00:00,419.84000000,420.00000000,419.63000000,419.73000000,4.06000000
1780092900000,2026-05-29T22:15:00+00:00,419.64000000,419.83000000,419.63000000,419.74000000,12.33000000
1780093800000,2026-05-29T22:30:00+00:00,419.77000000,419.77000000,418.84000000,419.12000000,32.80000000
1780094700000,2026-05-29T22:45:00+00:00,419.16000000,419.46000000,419.11000000,419.28000000,15.70000000
1780095600000,2026-05-29T23:00:00+00:00,419.20000000,419.40000000,418.91000000,419.38000000,18.07000000
1780096500000,2026-05-29T23:15:00+00:00,419.37000000,419.39000000,419.26000000,419.36000000,2.37000000
1780097400000,2026-05-29T23:30:00+00:00,419.31000000,419.49000000,419.31000000,419.36000000,3.63000000
1780098300000,2026-05-29T23:45:00+00:00,419.43000000,419.44000000,419.42000000,419.42000000,2.20000000
1780099200000,2026-05-30T00:00:00+00:00,419.45000000,419.60000000,418.97000000,418.97000000,35.61000000
1780100100000,2026-05-30T00:15:00+00:00,419.11000000,419.22000000,419.05000000,419.22000000,4.92000000
1780101000000,2026-05-30T00:30:00+00:00,419.21000000,419.75000000,419.16000000,419.75000000,4.58000000
1780101900000,2026-05-30T00:45:00+00:00,419.73000000,419.81000000,419.27000000,419.50000000,89.81000000
1780102800000,2026-05-30T01:00:00+00:00,419.48000000,419.96000000,419.48000000,419.80000000,23.61000000
1780103700000,2026-05-30T01:15:00+00:00,419.78000000,419.98000000,419.74000000,419.80000000,16.68000000
1780104600000,2026-05-30T01:30:00+00:00,419.81000000,420.00000000,419.56000000,419.69000000,22.60000000
1780105500000,2026-05-30T01:45:00+00:00,419.69000000,419.90000000,419.61000000,419.72000000,15.07000000
1780106400000,2026-05-30T02:00:00+00:00,419.73000000,419.73000000,419.47000000,419.51000000,13.15000000
1780107300000,2026-05-30T02:15:00+00:00,419.49000000,419.54000000,419.48000000,419.51000000,3.40000000
1780108200000,2026-05-30T02:30:00+00:00,419.49000000,419.55000000,418.54000000,419.13000000,150.14000000
1780109100000,2026-05-30T02:45:00+00:00,419.21000000,419.37000000,419.13000000,419.19000000,16.53000000
1780110000000,2026-05-30T03:00:00+00:00,419.13000000,419.29000000,419.13000000,419.16000000,1.77000000
1780110900000,2026-05-30T03:15:00+00:00,419.20000000,419.22000000,419.15000000,419.22000000,0.62000000
1780111800000,2026-05-30T03:30:00+00:00,419.10000000,419.20000000,419.06000000,419.20000000,2.83000000
1780112700000,2026-05-30T03:45:00+00:00,419.23000000,419.89000000,417.84000000,418.98000000,87.20000000
1780113600000,2026-05-30T04:00:00+00:00,418.97000000,419.72000000,418.97000000,419.44000000,13.07000000
1780114500000,2026-05-30T04:15:00+00:00,419.45000000,419.49000000,418.55000000,418.89000000,47.08000000
1780115400000,2026-05-30T04:30:00+00:00,418.94000000,419.11000000,417.47000000,418.54000000,138.26000000
1780116300000,2026-05-30T04:45:00+00:00,418.63000000,418.79000000,418.48000000,418.79000000,19.32000000
1780117200000,2026-05-30T05:00:00+00:00,418.75000000,418.94000000,418.74000000,418.93000000,14.39000000
1780118100000,2026-05-30T05:15:00+00:00,418.93000000,419.06000000,418.86000000,418.91000000,8.51000000
1780119000000,2026-05-30T05:30:00+00:00,418.95000000,418.95000000,418.95000000,418.95000000,0.76000000
1780119900000,2026-05-30T05:45:00+00:00,418.94000000,419.16000000,418.94000000,419.06000000,15.69000000
1780120800000,2026-05-30T06:00:00+00:00,419.00000000,419.06000000,418.82000000,419.02000000,6.07000000
1780121700000,2026-05-30T06:15:00+00:00,418.99000000,419.24000000,418.99000000,419.14000000,8.28000000
1780122600000,2026-05-30T06:30:00+00:00,419.14000000,419.23000000,419.05000000,419.19000000,10.88000000
1780123500000,2026-05-30T06:45:00+00:00,419.17000000,419.74000000,419.17000000,419.69000000,5.01000000
1780124400000,2026-05-30T07:00:00+00:00,419.69000000,419.80000000,419.55000000,419.62000000,14.99000000
1780125300000,2026-05-30T07:15:00+00:00,419.62000000,419.90000000,419.56000000,419.73000000,17.54000000
1780126200000,2026-05-30T07:30:00+00:00,419.74000000,420.29000000,419.61000000,420.12000000,99.64000000
1780127100000,2026-05-30T07:45:00+00:00,420.12000000,420.72000000,419.94000000,420.25000000,37.70000000
1780128000000,2026-05-30T08:00:00+00:00,420.24000000,420.70000000,419.93000000,420.66000000,15.42000000
1780128900000,2026-05-30T08:15:00+00:00,420.66000000,420.67000000,420.42000000,420.58000000,7.63000000
1780129800000,2026-05-30T08:30:00+00:00,420.54000000,420.63000000,420.54000000,420.54000000,1.97000000
1780130700000,2026-05-30T08:45:00+00:00,420.54000000,420.54000000,420.25000000,420.44000000,20.62000000
1780131600000,2026-05-30T09:00:00+00:00,420.42000000,420.79000000,420.40000000,420.65000000,38.98000000
1780132500000,2026-05-30T09:15:00+00:00,420.65000000,420.66000000,420.31000000,420.35000000,9.51000000
1780133400000,2026-05-30T09:30:00+00:00,420.35000000,420.54000000,420.32000000,420.46000000,5.30000000
1780134300000,2026-05-30T09:45:00+00:00,420.50000000,420.64000000,420.50000000,420.53000000,5.15000000
1780135200000,2026-05-30T10:00:00+00:00,420.57000000,420.61000000,420.47000000,420.47000000,1.01000000
1780136100000,2026-05-30T10:15:00+00:00,420.49000000,420.81000000,420.48000000,420.77000000,11.55000000
1780137000000,2026-05-30T10:30:00+00:00,420.79000000,420.83000000,420.60000000,420.79000000,6.63000000
1780137900000,2026-05-30T10:45:00+00:00,420.73000000,420.81000000,420.62000000,420.73000000,2.43000000
1780138800000,2026-05-30T11:00:00+00:00,420.64000000,420.65000000,420.29000000,420.40000000,11.01000000
1780139700000,2026-05-30T11:15:00+00:00,420.42000000,420.44000000,420.26000000,420.26000000,1.95000000
1780140600000,2026-05-30T11:30:00+00:00,420.31000000,420.39000000,420.31000000,420.39000000,0.24000000
1780141500000,2026-05-30T11:45:00+00:00,420.38000000,420.80000000,420.31000000,420.64000000,11.59000000
1780142400000,2026-05-30T12:00:00+00:00,420.66000000,420.73000000,420.58000000,420.62000000,6.70000000
1780143300000,2026-05-30T12:15:00+00:00,420.63000000,420.79000000,420.63000000,420.79000000,3.64000000
1780144200000,2026-05-30T12:30:00+00:00,420.80000000,421.03000000,420.71000000,420.95000000,12.14000000
1780145100000,2026-05-30T12:45:00+00:00,420.97000000,421.33000000,420.97000000,421.33000000,21.27000000
1780146000000,2026-05-30T13:00:00+00:00,421.28000000,421.64000000,421.25000000,421.64000000,34.52000000
1780146900000,2026-05-30T13:15:00+00:00,421.64000000,421.80000000,421.53000000,421.74000000,30.42000000
1780147800000,2026-05-30T13:30:00+00:00,421.66000000,421.81000000,421.37000000,421.41000000,42.46000000
1780148700000,2026-05-30T13:45:00+00:00,421.42000000,421.85000000,421.32000000,421.83000000,35.91000000
1780149600000,2026-05-30T14:00:00+00:00,421.84000000,422.38000000,421.74000000,422.18000000,46.36000000
1780150500000,2026-05-30T14:15:00+00:00,422.26000000,422.42000000,421.38000000,422.42000000,62.31000000
1780151400000,2026-05-30T14:30:00+00:00,422.33000000,422.41000000,421.23000000,421.75000000,45.66000000
1780152300000,2026-05-30T14:45:00+00:00,421.81000000,421.81000000,421.40000000,421.51000000,14.03000000
1780153200000,2026-05-30T15:00:00+00:00,421.43000000,421.56000000,421.40000000,421.56000000,7.66000000
1780154100000,2026-05-30T15:15:00+00:00,421.50000000,421.51000000,421.26000000,421.28000000,32.38000000
1780155000000,2026-05-30T15:30:00+00:00,421.28000000,421.36000000,420.86000000,420.86000000,6.44000000
1780155900000,2026-05-30T15:45:00+00:00,420.86000000,421.03000000,420.01000000,420.17000000,51.17000000
1780156800000,2026-05-30T16:00:00+00:00,420.20000000,420.25000000,420.00000000,420.23000000,7.08000000
1780157700000,2026-05-30T16:15:00+00:00,420.24000000,420.25000000,420.00000000,420.00000000,9.06000000
1780158600000,2026-05-30T16:30:00+00:00,420.00000000,420.30000000,419.55000000,420.27000000,39.72000000
1780159500000,2026-05-30T16:45:00+00:00,420.26000000,420.40000000,420.11000000,420.30000000,11.55000000
1780160400000,2026-05-30T17:00:00+00:00,420.30000000,420.42000000,419.96000000,420.42000000,33.29000000
1780161300000,2026-05-30T17:15:00+00:00,420.43000000,420.79000000,420.41000000,420.72000000,2.50000000
1780162200000,2026-05-30T17:30:00+00:00,420.72000000,420.75000000,420.55000000,420.63000000,11.35000000
1780163100000,2026-05-30T17:45:00+00:00,420.68000000,420.77000000,420.65000000,420.77000000,1.92000000
1780164000000,2026-05-30T18:00:00+00:00,420.74000000,420.75000000,420.58000000,420.62000000,3.46000000
1780164900000,2026-05-30T18:15:00+00:00,420.60000000,420.67000000,420.60000000,420.67000000,1.20000000
1780165800000,2026-05-30T18:30:00+00:00,420.69000000,420.79000000,420.69000000,420.78000000,0.82000000
1780166700000,2026-05-30T18:45:00+00:00,420.78000000,420.79000000,420.78000000,420.78000000,0.45000000
1780167600000,2026-05-30T19:00:00+00:00,420.77000000,421.07000000,420.69000000,420.88000000,12.71000000
1780168500000,2026-05-30T19:15:00+00:00,420.95000000,420.95000000,420.70000000,420.72000000,4.45000000
1780169400000,2026-05-30T19:30:00+00:00,420.70000000,420.70000000,419.66000000,419.76000000,40.53000000
1780170300000,2026-05-30T19:45:00+00:00,419.78000000,420.40000000,419.73000000,420.18000000,13.64000000
1780171200000,2026-05-30T20:00:00+00:00,420.14000000,420.20000000,419.98000000,420.03000000,9.45000000
1780172100000,2026-05-30T20:15:00+00:00,420.03000000,420.13000000,419.95000000,420.05000000,7.31000000
1780173000000,2026-05-30T20:30:00+00:00,420.09000000,420.20000000,419.96000000,420.20000000,15.96000000
1780173900000,2026-05-30T20:45:00+00:00,420.20000000,421.98000000,420.14000000,421.74000000,82.80000000
1780174800000,2026-05-30T21:00:00+00:00,421.85000000,422.22000000,421.68000000,421.91000000,20.20000000
1780175700000,2026-05-30T21:15:00+00:00,421.93000000,422.03000000,421.56000000,422.02000000,10.93000000
1780176600000,2026-05-30T21:30:00+00:00,422.02000000,422.06000000,421.86000000,422.06000000,7.18000000
1780177500000,2026-05-30T21:45:00+00:00,422.10000000,422.14000000,421.86000000,422.14000000,1.93000000
1780178400000,2026-05-30T22:00:00+00:00,422.14000000,422.24000000,420.16000000,421.18000000,63.02000000
1780179300000,2026-05-30T22:15:00+00:00,421.19000000,421.39000000,420.98000000,421.04000000,7.70000000
1780180200000,2026-05-30T22:30:00+00:00,421.12000000,422.25000000,421.00000000,422.09000000,120.38000000
1780181100000,2026-05-30T22:45:00+00:00,422.09000000,422.40000000,422.07000000,422.23000000,15.98000000
1780182000000,2026-05-30T23:00:00+00:00,422.23000000,422.41000000,421.88000000,422.19000000,17.38000000
1780182900000,2026-05-30T23:15:00+00:00,422.16000000,422.77000000,422.16000000,422.63000000,62.14000000
1780183800000,2026-05-30T23:30:00+00:00,422.68000000,422.70000000,422.15000000,422.62000000,24.08000000
1780184700000,2026-05-30T23:45:00+00:00,422.68000000,422.82000000,422.55000000,422.82000000,4.15000000
1780185600000,2026-05-31T00:00:00+00:00,422.82000000,422.95000000,422.80000000,422.95000000,8.51000000
1780186500000,2026-05-31T00:15:00+00:00,422.94000000,423.00000000,422.62000000,422.98000000,32.40000000
1780187400000,2026-05-31T00:30:00+00:00,422.87000000,423.36000000,422.82000000,423.22000000,33.68000000
1780188300000,2026-05-31T00:45:00+00:00,423.22000000,423.40000000,422.28000000,422.73000000,150.18000000
1780189200000,2026-05-31T01:00:00+00:00,422.73000000,423.30000000,422.73000000,423.30000000,26.92000000
1780190100000,2026-05-31T01:15:00+00:00,423.33000000,424.25000000,423.31000000,423.66000000,84.49000000
1780191000000,2026-05-31T01:30:00+00:00,423.67000000,423.67000000,422.56000000,422.70000000,28.40000000
1780191900000,2026-05-31T01:45:00+00:00,422.70000000,423.00000000,422.55000000,422.96000000,16.81000000
1780192800000,2026-05-31T02:00:00+00:00,422.93000000,422.99000000,422.71000000,422.80000000,5.48000000
1780193700000,2026-05-31T02:15:00+00:00,422.77000000,422.81000000,422.58000000,422.61000000,19.80000000
1780194600000,2026-05-31T02:30:00+00:00,422.68000000,422.81000000,422.65000000,422.71000000,2.04000000
1780195500000,2026-05-31T02:45:00+00:00,422.73000000,423.21000000,422.73000000,423.17000000,16.45000000
1780196400000,2026-05-31T03:00:00+00:00,423.16000000,423.21000000,422.72000000,422.72000000,8.27000000
1780197300000,2026-05-31T03:15:00+00:00,422.71000000,422.79000000,422.42000000,422.79000000,12.64000000
1780198200000,2026-05-31T03:30:00+00:00,422.78000000,422.83000000,422.29000000,422.60000000,11.18000000
1780199100000,2026-05-31T03:45:00+00:00,422.61000000,422.75000000,422.57000000,422.75000000,6.72000000
1780200000000,2026-05-31T04:00:00+00:00,422.80000000,422.85000000,422.36000000,422.73000000,38.32000000
1780200900000,2026-05-31T04:15:00+00:00,422.71000000,422.81000000,422.70000000,422.74000000,2.03000000
1780201800000,2026-05-31T04:30:00+00:00,422.74000000,423.00000000,421.94000000,422.38000000,66.97000000
1780202700000,2026-05-31T04:45:00+00:00,422.38000000,422.39000000,422.05000000,422.37000000,6.01000000
1780203600000,2026-05-31T05:00:00+00:00,422.37000000,422.52000000,422.02000000,422.12000000,21.80000000
1780204500000,2026-05-31T05:15:00+00:00,422.15000000,423.43000000,422.13000000,423.43000000,116.84000000
1780205400000,2026-05-31T05:30:00+00:00,423.42000000,423.42000000,421.06000000,421.34000000,208.37000000
1780206300000,2026-05-31T05:45:00+00:00,421.39000000,421.40000000,420.92000000,421.40000000,16.49000000
1780207200000,2026-05-31T06:00:00+00:00,421.42000000,421.76000000,421.42000000,421.70000000,13.00000000
1780208100000,2026-05-31T06:15:00+00:00,421.76000000,422.30000000,421.69000000,422.30000000,9.81000000
1780209000000,2026-05-31T06:30:00+00:00,422.25000000,422.40000000,422.08000000,422.09000000,7.91000000
1780209900000,2026-05-31T06:45:00+00:00,422.08000000,422.42000000,421.90000000,422.38000000,8.12000000
1780210800000,2026-05-31T07:00:00+00:00,422.41000000,422.95000000,422.14000000,422.80000000,113.77000000
1780211700000,2026-05-31T07:15:00+00:00,422.80000000,423.70000000,422.74000000,423.70000000,178.21000000
1780212600000,2026-05-31T07:30:00+00:00,423.75000000,426.57000000,423.55000000,425.83000000,297.92000000
1780213500000,2026-05-31T07:45:00+00:00,425.83000000,426.80000000,424.87000000,426.11000000,139.28000000
1780214400000,2026-05-31T08:00:00+00:00,426.11000000,426.65000000,425.26000000,425.83000000,129.18000000
1780215300000,2026-05-31T08:15:00+00:00,425.84000000,425.99000000,425.49000000,425.99000000,58.31000000
1780216200000,2026-05-31T08:30:00+00:00,426.00000000,426.05000000,424.84000000,425.54000000,53.42000000
1780217100000,2026-05-31T08:45:00+00:00,425.52000000,426.08000000,425.41000000,425.75000000,66.83000000
1780218000000,2026-05-31T09:00:00+00:00,425.70000000,425.84000000,425.41000000,425.81000000,11.65000000
1780218900000,2026-05-31T09:15:00+00:00,425.77000000,425.77000000,425.47000000,425.58000000,19.19000000
1780219800000,2026-05-31T09:30:00+00:00,425.58000000,425.60000000,425.30000000,425.41000000,11.37000000
1780220700000,2026-05-31T09:45:00+00:00,425.41000000,425.50000000,425.30000000,425.43000000,9.09000000
1780221600000,2026-05-31T10:00:00+00:00,425.41000000,426.00000000,425.38000000,425.99000000,88.47000000
1780222500000,2026-05-31T10:15:00+00:00,426.00000000,426.85000000,425.99000000,426.78000000,86.08000000
1780223400000,2026-05-31T10:30:00+00:00,426.79000000,427.02000000,426.46000000,426.62000000,95.49000000
1780224300000,2026-05-31T10:45:00+00:00,426.64000000,427.13000000,426.64000000,427.13000000,126.28000000
1780225200000,2026-05-31T11:00:00+00:00,427.14000000,427.53000000,427.14000000,427.53000000,44.02000000
1780226100000,2026-05-31T11:15:00+00:00,427.55000000,427.79000000,426.80000000,427.46000000,70.13000000
1780227000000,2026-05-31T11:30:00+00:00,427.46000000,427.83000000,427.33000000,427.55000000,126.44000000
1780227900000,2026-05-31T11:45:00+00:00,427.59000000,427.79000000,427.36000000,427.71000000,30.03000000
1780228800000,2026-05-31T12:00:00+00:00,427.74000000,427.74000000,427.15000000,427.70000000,128.78000000
1780229700000,2026-05-31T12:15:00+00:00,427.71000000,427.76000000,427.60000000,427.69000000,25.88000000
1780230600000,2026-05-31T12:30:00+00:00,427.67000000,427.77000000,427.17000000,427.32000000,60.54000000
1780231500000,2026-05-31T12:45:00+00:00,427.44000000,427.77000000,427.44000000,427.73000000,23.23000000
1780232400000,2026-05-31T13:00:00+00:00,427.71000000,428.07000000,427.65000000,428.07000000,58.32000000
1780233300000,2026-05-31T13:15:00+00:00,428.07000000,429.05000000,428.07000000,428.85000000,75.33000000
1780234200000,2026-05-31T13:30:00+00:00,428.85000000,429.17000000,428.64000000,429.17000000,34.92000000
1780235100000,2026-05-31T13:45:00+00:00,429.10000000,429.20000000,428.16000000,428.49000000,98.61000000
1780236000000,2026-05-31T14:00:00+00:00,428.50000000,429.25000000,428.50000000,428.79000000,72.12000000
1780236900000,2026-05-31T14:15:00+00:00,428.76000000,429.47000000,428.47000000,428.88000000,168.61000000
1780237800000,2026-05-31T14:30:00+00:00,428.99000000,429.47000000,428.52000000,429.47000000,58.21000000
1780238700000,2026-05-31T14:45:00+00:00,429.45000000,429.47000000,428.92000000,429.11000000,22.55000000
1780239600000,2026-05-31T15:00:00+00:00,429.10000000,429.10000000,428.40000000,428.66000000,44.53000000
1780240500000,2026-05-31T15:15:00+00:00,428.66000000,428.78000000,428.58000000,428.72000000,10.37000000
1780241400000,2026-05-31T15:30:00+00:00,428.60000000,428.62000000,426.73000000,428.62000000,169.91000000
1780242300000,2026-05-31T15:45:00+00:00,428.64000000,429.30000000,428.05000000,428.37000000,162.85000000
1780243200000,2026-05-31T16:00:00+00:00,428.41000000,428.41000000,427.39000000,427.66000000,27.34000000
1780244100000,2026-05-31T16:15:00+00:00,427.65000000,427.65000000,427.45000000,427.47000000,4.70000000
1780245000000,2026-05-31T16:30:00+00:00,427.41000000,427.41000000,426.67000000,426.97000000,32.41000000
1780245900000,2026-05-31T16:45:00+00:00,426.90000000,427.29000000,426.67000000,427.29000000,10.87000000
1780246800000,2026-05-31T17:00:00+00:00,427.28000000,427.39000000,425.77000000,426.19000000,92.53000000
1780247700000,2026-05-31T17:15:00+00:00,426.12000000,426.29000000,424.39000000,425.57000000,198.48000000
1780248600000,2026-05-31T17:30:00+00:00,425.73000000,426.66000000,425.56000000,426.57000000,46.91000000
1780249500000,2026-05-31T17:45:00+00:00,426.49000000,426.59000000,426.45000000,426.57000000,2.47000000
1780250400000,2026-05-31T18:00:00+00:00,426.58000000,426.58000000,426.43000000,426.56000000,3.98000000
1780251300000,2026-05-31T18:15:00+00:00,426.58000000,426.71000000,426.42000000,426.47000000,8.07000000
1780252200000,2026-05-31T18:30:00+00:00,426.51000000,427.65000000,426.47000000,427.00000000,40.77000000
1780253100000,2026-05-31T18:45:00+00:00,427.03000000,428.33000000,426.73000000,428.17000000,95.76000000
1780254000000,2026-05-31T19:00:00+00:00,428.33000000,428.58000000,424.45000000,426.10000000,338.20000000
1780254900000,2026-05-31T19:15:00+00:00,426.02000000,427.13000000,426.02000000,426.45000000,63.20000000
1780255800000,2026-05-31T19:30:00+00:00,426.45000000,426.79000000,426.12000000,426.76000000,7.61000000
1780256700000,2026-05-31T19:45:00+00:00,426.67000000,426.69000000,426.14000000,426.45000000,14.67000000
1780257600000,2026-05-31T20:00:00+00:00,426.50000000,427.51000000,426.50000000,427.46000000,59.99000000
1780258500000,2026-05-31T20:15:00+00:00,427.44000000,428.22000000,427.28000000,428.08000000,33.29000000
1780259400000,2026-05-31T20:30:00+00:00,427.99000000,428.67000000,427.97000000,428.57000000,42.54000000
1780260300000,2026-05-31T20:45:00+00:00,428.57000000,428.70000000,428.37000000,428.67000000,39.94000000
1780261200000,2026-05-31T21:00:00+00:00,428.63000000,429.58000000,428.60000000,429.28000000,146.92000000
1780262100000,2026-05-31T21:15:00+00:00,429.31000000,429.62000000,428.05000000,429.08000000,84.98000000
1780263000000,2026-05-31T21:30:00+00:00,429.10000000,429.75000000,428.74000000,429.47000000,50.96000000
1780263900000,2026-05-31T21:45:00+00:00,429.54000000,430.09000000,429.07000000,429.73000000,108.32000000
1780264800000,2026-05-31T22:00:00+00:00,429.69000000,430.26000000,429.00000000,430.06000000,175.13000000
1780265700000,2026-05-31T22:15:00+00:00,430.02000000,430.14000000,429.20000000,429.91000000,128.74000000
1780266600000,2026-05-31T22:30:00+00:00,429.95000000,430.10000000,429.24000000,430.10000000,55.96000000
1780267500000,2026-05-31T22:45:00+00:00,430.10000000,430.14000000,428.73000000,429.86000000,73.44000000
1780268400000,2026-05-31T23:00:00+00:00,429.90000000,430.52000000,429.35000000,430.38000000,135.43000000
1780269300000,2026-05-31T23:15:00+00:00,430.33000000,430.84000000,429.85000000,430.68000000,99.74000000
1780270200000,2026-05-31T23:30:00+00:00,430.68000000,430.72000000,429.81000000,430.54000000,158.92000000
1780271100000,2026-05-31T23:45:00+00:00,430.46000000,431.24000000,430.40000000,431.13000000,163.47000000
1780272000000,2026-06-01T00:00:00+00:00,431.08000000,431.08000000,421.18000000,423.10000000,1374.28000000
1780272900000,2026-06-01T00:15:00+00:00,423.26000000,425.31000000,422.84000000,425.00000000,208.29000000
1780273800000,2026-06-01T00:30:00+00:00,425.08000000,425.44000000,424.54000000,425.25000000,217.07000000
1780274700000,2026-06-01T00:45:00+00:00,425.12000000,425.14000000,422.65000000,423.73000000,354.55000000
1780275600000,2026-06-01T01:00:00+00:00,423.71000000,424.14000000,421.84000000,422.85000000,478.75000000
1780276500000,2026-06-01T01:15:00+00:00,422.67000000,424.52000000,422.67000000,424.21000000,285.61000000
1780277400000,2026-06-01T01:30:00+00:00,424.15000000,424.81000000,424.07000000,424.58000000,137.18000000
1780278300000,2026-06-01T01:45:00+00:00,424.54000000,424.96000000,424.09000000,424.82000000,120.09000000
1780279200000,2026-06-01T02:00:00+00:00,424.76000000,425.53000000,424.71000000,425.15000000,147.51000000
1780280100000,2026-06-01T02:15:00+00:00,425.26000000,428.17000000,424.50000000,428.17000000,487.39000000
1780281000000,2026-06-01T02:30:00+00:00,428.17000000,428.81000000,424.81000000,425.25000000,575.57000000
1780281900000,2026-06-01T02:45:00+00:00,425.19000000,425.37000000,424.04000000,424.45000000,206.27000000
1780282800000,2026-06-01T03:00:00+00:00,424.47000000,425.69000000,424.24000000,424.34000000,150.48000000
1780283700000,2026-06-01T03:15:00+00:00,424.32000000,424.70000000,423.96000000,424.35000000,57.51000000
1780284600000,2026-06-01T03:30:00+00:00,424.41000000,424.90000000,422.85000000,422.99000000,182.81000000
1780285500000,2026-06-01T03:45:00+00:00,422.97000000,424.58000000,422.91000000,424.05000000,100.26000000
1780286400000,2026-06-01T04:00:00+00:00,424.01000000,424.51000000,423.82000000,424.40000000,29.47000000
1780287300000,2026-06-01T04:15:00+00:00,424.37000000,424.44000000,423.34000000,424.05000000,341.78000000
1780288200000,2026-06-01T04:30:00+00:00,424.02000000,424.07000000,423.54000000,424.07000000,189.54000000
1780289100000,2026-06-01T04:45:00+00:00,424.10000000,425.14000000,424.10000000,424.53000000,162.01000000
1780290000000,2026-06-01T05:00:00+00:00,424.45000000,425.08000000,423.90000000,424.70000000,160.70000000
1780290900000,2026-06-01T05:15:00+00:00,424.62000000,424.74000000,423.68000000,423.77000000,68.34000000
1780291800000,2026-06-01T05:30:00+00:00,423.69000000,425.16000000,423.66000000,424.65000000,92.08000000
1780292700000,2026-06-01T05:45:00+00:00,424.78000000,425.38000000,424.78000000,424.98000000,85.03000000
1780293600000,2026-06-01T06:00:00+00:00,425.03000000,425.75000000,424.49000000,425.65000000,79.72000000
1780294500000,2026-06-01T06:15:00+00:00,425.68000000,425.96000000,425.12000000,425.31000000,40.04000000
1780295400000,2026-06-01T06:30:00+00:00,425.36000000,425.56000000,424.87000000,424.95000000,67.85000000
1780296300000,2026-06-01T06:45:00+00:00,424.93000000,425.85000000,424.92000000,425.61000000,69.08000000
1780297200000,2026-06-01T07:00:00+00:00,425.64000000,425.89000000,424.87000000,425.01000000,49.76000000
1780298100000,2026-06-01T07:15:00+00:00,425.23000000,425.30000000,424.50000000,424.90000000,56.27000000
1780299000000,2026-06-01T07:30:00+00:00,424.88000000,424.92000000,423.67000000,424.00000000,139.93000000
1780299900000,2026-06-01T07:45:00+00:00,424.11000000,425.08000000,423.65000000,425.08000000,48.21000000
1780300800000,2026-06-01T08:00:00+00:00,425.07000000,425.50000000,422.94000000,423.20000000,165.82000000
1780301700000,2026-06-01T08:15:00+00:00,423.07000000,423.84000000,422.65000000,422.69000000,126.92000000
1780302600000,2026-06-01T08:30:00+00:00,422.85000000,423.50000000,421.66000000,423.23000000,407.53000000
1780303500000,2026-06-01T08:45:00+00:00,423.23000000,424.05000000,422.94000000,424.00000000,146.65000000
1780304400000,2026-06-01T09:00:00+00:00,424.03000000,424.45000000,423.77000000,423.92000000,32.22000000
1780305300000,2026-06-01T09:15:00+00:00,424.02000000,425.49000000,423.93000000,425.32000000,205.41000000
1780306200000,2026-06-01T09:30:00+00:00,425.19000000,425.46000000,424.80000000,425.20000000,52.74000000
1780307100000,2026-06-01T09:45:00+00:00,425.17000000,425.17000000,424.13000000,424.69000000,72.66000000
1780308000000,2026-06-01T10:00:00+00:00,424.76000000,427.31000000,424.66000000,427.31000000,136.54000000
1780308900000,2026-06-01T10:15:00+00:00,427.32000000,427.85000000,426.88000000,427.64000000,118.66000000
1780309800000,2026-06-01T10:30:00+00:00,427.78000000,428.53000000,427.44000000,427.88000000,230.41000000
1780310700000,2026-06-01T10:45:00+00:00,427.91000000,427.92000000,426.70000000,426.87000000,190.19000000
1780311600000,2026-06-01T11:00:00+00:00,426.81000000,426.99000000,425.93000000,426.14000000,174.83000000
1780312500000,2026-06-01T11:15:00+00:00,426.20000000,426.59000000,425.73000000,426.09000000,119.33000000
1780313400000,2026-06-01T11:30:00+00:00,426.07000000,426.91000000,425.31000000,426.61000000,203.09000000
1780314300000,2026-06-01T11:45:00+00:00,426.49000000,426.88000000,425.56000000,425.95000000,151.18000000
1780315200000,2026-06-01T12:00:00+00:00,425.89000000,425.92000000,424.66000000,424.87000000,113.68000000
1780316100000,2026-06-01T12:15:00+00:00,424.67000000,425.40000000,424.43000000,425.12000000,125.57000000
1780317000000,2026-06-01T12:30:00+00:00,425.01000000,425.77000000,424.52000000,425.77000000,87.99000000
1780317900000,2026-06-01T12:45:00+00:00,425.77000000,425.77000000,424.62000000,424.82000000,92.04000000
1780318800000,2026-06-01T13:00:00+00:00,424.82000000,425.45000000,423.87000000,425.10000000,196.34000000
1780319700000,2026-06-01T13:15:00+00:00,425.16000000,426.01000000,424.70000000,425.05000000,658.88000000
1780320600000,2026-06-01T13:30:00+00:00,425.14000000,434.84000000,422.45000000,432.40000000,4719.42000000
1780321500000,2026-06-01T13:45:00+00:00,432.27000000,435.22000000,430.48000000,431.76000000,1359.02000000
1780322400000,2026-06-01T14:00:00+00:00,431.52000000,436.84000000,430.96000000,435.43000000,1689.94000000
1780323300000,2026-06-01T14:15:00+00:00,435.57000000,441.48000000,435.57000000,439.09000000,1934.60000000
1780324200000,2026-06-01T14:30:00+00:00,439.29000000,443.59000000,438.96000000,440.30000000,1110.14000000
1780325100000,2026-06-01T14:45:00+00:00,440.17000000,441.72000000,438.03000000,438.20000000,662.17000000
1780326000000,2026-06-01T15:00:00+00:00,438.23000000,440.00000000,437.96000000,439.41000000,528.89000000
1780326900000,2026-06-01T15:15:00+00:00,439.24000000,441.26000000,438.76000000,440.67000000,434.42000000
1780327800000,2026-06-01T15:30:00+00:00,440.77000000,442.25000000,440.00000000,441.84000000,1604.95000000
1780328700000,2026-06-01T15:45:00+00:00,441.92000000,442.03000000,440.38000000,440.71000000,405.09000000
1780329600000,2026-06-01T16:00:00+00:00,440.71000000,442.30000000,440.00000000,442.15000000,794.89000000
1780330500000,2026-06-01T16:15:00+00:00,442.08000000,442.74000000,441.40000000,442.47000000,2354.40000000
1780331400000,2026-06-01T16:30:00+00:00,442.68000000,444.14000000,442.06000000,443.40000000,881.67000000
1780332300000,2026-06-01T16:45:00+00:00,443.46000000,448.86000000,443.00000000,448.78000000,690.17000000
1780333200000,2026-06-01T17:00:00+00:00,448.84000000,449.99000000,446.00000000,446.86000000,453.92000000
1780334100000,2026-06-01T17:15:00+00:00,446.87000000,447.31000000,444.51000000,446.60000000,341.76000000
1780335000000,2026-06-01T17:30:00+00:00,446.49000000,446.81000000,444.90000000,446.40000000,465.95000000
1780335900000,2026-06-01T17:45:00+00:00,446.30000000,446.84000000,445.30000000,445.67000000,283.39000000
1780336800000,2026-06-01T18:00:00+00:00,445.62000000,445.84000000,443.67000000,443.88000000,339.97000000
1780337700000,2026-06-01T18:15:00+00:00,443.73000000,444.10000000,443.11000000,443.20000000,58.31000000
1780338600000,2026-06-01T18:30:00+00:00,443.24000000,443.24000000,442.18000000,442.65000000,127.31000000
1780339500000,2026-06-01T18:45:00+00:00,442.62000000,442.62000000,441.45000000,441.53000000,92.07000000
1780340400000,2026-06-01T19:00:00+00:00,441.51000000,441.59000000,440.31000000,440.41000000,69.73000000
1780341300000,2026-06-01T19:15:00+00:00,440.36000000,440.36000000,439.27000000,439.32000000,257.25000000
1780342200000,2026-06-01T19:30:00+00:00,439.26000000,439.30000000,438.26000000,438.42000000,211.59000000
1780343100000,2026-06-01T19:45:00+00:00,438.39000000,438.39000000,435.52000000,436.55000000,1073.83000000
1780344000000,2026-06-01T20:00:00+00:00,436.60000000,437.01000000,435.96000000,436.78000000,144.10000000
1780344900000,2026-06-01T20:15:00+00:00,436.78000000,436.96000000,436.40000000,436.70000000,63.51000000
1780345800000,2026-06-01T20:30:00+00:00,436.70000000,437.52000000,436.70000000,437.30000000,62.28000000
1780346700000,2026-06-01T20:45:00+00:00,437.28000000,438.91000000,437.18000000,438.63000000,87.97000000
1780347600000,2026-06-01T21:00:00+00:00,438.60000000,438.75000000,438.27000000,438.33000000,25.77000000
1780348500000,2026-06-01T21:15:00+00:00,438.36000000,439.25000000,438.09000000,439.25000000,97.42000000
1780349400000,2026-06-01T21:30:00+00:00,439.08000000,439.08000000,438.25000000,438.69000000,62.17000000
1780350300000,2026-06-01T21:45:00+00:00,438.69000000,439.38000000,438.55000000,438.79000000,145.64000000
1780351200000,2026-06-01T22:00:00+00:00,438.93000000,438.93000000,437.77000000,438.03000000,79.48000000
1780352100000,2026-06-01T22:15:00+00:00,437.96000000,438.35000000,437.96000000,438.17000000,15.75000000
1780353000000,2026-06-01T22:30:00+00:00,438.10000000,438.45000000,437.62000000,438.11000000,168.21000000
1780353900000,2026-06-01T22:45:00+00:00,438.04000000,438.43000000,437.67000000,438.16000000,92.45000000
1780354800000,2026-06-01T23:00:00+00:00,438.08000000,438.19000000,437.81000000,437.81000000,33.54000000
1780355700000,2026-06-01T23:15:00+00:00,437.80000000,438.11000000,437.77000000,437.99000000,32.76000000
1780356600000,2026-06-01T23:30:00+00:00,437.94000000,438.72000000,437.94000000,438.13000000,42.68000000
1780357500000,2026-06-01T23:45:00+00:00,438.17000000,438.61000000,437.94000000,438.32000000,101.72000000
1780358400000,2026-06-02T00:00:00+00:00,438.32000000,438.71000000,436.27000000,436.36000000,225.35000000
1780359300000,2026-06-02T00:15:00+00:00,436.34000000,437.05000000,434.89000000,435.87000000,711.02000000
1780360200000,2026-06-02T00:30:00+00:00,435.98000000,436.41000000,435.24000000,435.38000000,39.12000000
1780361100000,2026-06-02T00:45:00+00:00,435.25000000,435.93000000,433.56000000,433.77000000,380.45000000
1780362000000,2026-06-02T01:00:00+00:00,433.90000000,435.68000000,432.47000000,435.37000000,338.56000000
1780362900000,2026-06-02T01:15:00+00:00,435.37000000,435.37000000,431.94000000,433.44000000,221.10000000
1780363800000,2026-06-02T01:30:00+00:00,433.45000000,434.35000000,432.02000000,432.25000000,333.09000000
1780364700000,2026-06-02T01:45:00+00:00,432.26000000,433.38000000,431.61000000,433.13000000,446.24000000
1780365600000,2026-06-02T02:00:00+00:00,433.11000000,433.32000000,431.88000000,432.26000000,210.59000000
1780366500000,2026-06-02T02:15:00+00:00,432.14000000,433.00000000,432.14000000,432.52000000,253.50000000
1780367400000,2026-06-02T02:30:00+00:00,432.60000000,434.19000000,432.60000000,433.58000000,280.77000000
1780368300000,2026-06-02T02:45:00+00:00,433.65000000,434.00000000,432.49000000,433.03000000,174.82000000
1780369200000,2026-06-02T03:00:00+00:00,432.96000000,432.96000000,432.35000000,432.44000000,91.92000000
1780370100000,2026-06-02T03:15:00+00:00,432.47000000,432.48000000,430.88000000,430.88000000,207.66000000
1780371000000,2026-06-02T03:30:00+00:00,430.88000000,432.49000000,430.87000000,432.30000000,106.14000000
1780371900000,2026-06-02T03:45:00+00:00,432.28000000,432.99000000,432.07000000,432.41000000,58.97000000
1780372800000,2026-06-02T04:00:00+00:00,432.50000000,434.46000000,432.42000000,433.49000000,235.72000000
1780373700000,2026-06-02T04:15:00+00:00,433.49000000,434.05000000,433.27000000,433.95000000,71.39000000
1780374600000,2026-06-02T04:30:00+00:00,433.86000000,435.27000000,433.71000000,435.02000000,60.47000000
1780375500000,2026-06-02T04:45:00+00:00,435.00000000,435.99000000,434.78000000,435.86000000,165.92000000
1780376400000,2026-06-02T05:00:00+00:00,435.94000000,436.89000000,435.30000000,436.33000000,1758.63000000
1780377300000,2026-06-02T05:15:00+00:00,436.30000000,436.45000000,435.30000000,435.71000000,439.92000000
1780378200000,2026-06-02T05:30:00+00:00,435.76000000,437.39000000,435.76000000,436.72000000,249.59000000
1780379100000,2026-06-02T05:45:00+00:00,436.80000000,437.21000000,436.06000000,436.49000000,117.38000000
1780380000000,2026-06-02T06:00:00+00:00,436.47000000,437.27000000,436.16000000,436.95000000,69.88000000
1780380900000,2026-06-02T06:15:00+00:00,436.88000000,438.20000000,436.87000000,437.68000000,94.19000000
1780381800000,2026-06-02T06:30:00+00:00,437.73000000,438.68000000,437.52000000,437.72000000,122.14000000
1780382700000,2026-06-02T06:45:00+00:00,437.68000000,438.45000000,437.64000000,438.20000000,46.82000000
1780383600000,2026-06-02T07:00:00+00:00,438.28000000,438.54000000,438.05000000,438.31000000,70.47000000
1780384500000,2026-06-02T07:15:00+00:00,438.29000000,438.88000000,437.94000000,438.51000000,155.20000000
1780385400000,2026-06-02T07:30:00+00:00,438.48000000,438.73000000,437.40000000,437.99000000,210.50000000
1780386300000,2026-06-02T07:45:00+00:00,437.98000000,437.98000000,436.90000000,437.40000000,109.74000000
1780387200000,2026-06-02T08:00:00+00:00,437.55000000,438.85000000,437.53000000,438.69000000,176.07000000
1780388100000,2026-06-02T08:15:00+00:00,438.77000000,439.20000000,438.43000000,439.10000000,149.63000000
1780389000000,2026-06-02T08:30:00+00:00,438.99000000,440.31000000,438.98000000,439.84000000,128.51000000
1780389900000,2026-06-02T08:45:00+00:00,439.75000000,440.49000000,438.79000000,439.22000000,128.55000000
1780390800000,2026-06-02T09:00:00+00:00,439.25000000,439.35000000,438.12000000,438.14000000,268.21000000
1780391700000,2026-06-02T09:15:00+00:00,438.15000000,438.63000000,436.78000000,437.88000000,631.31000000
1780392600000,2026-06-02T09:30:00+00:00,438.01000000,439.53000000,438.01000000,439.10000000,150.60000000
1780393500000,2026-06-02T09:45:00+00:00,439.15000000,440.05000000,438.96000000,439.52000000,225.03000000
1780394400000,2026-06-02T10:00:00+00:00,439.53000000,439.69000000,438.89000000,439.00000000,44.52000000
1780395300000,2026-06-02T10:15:00+00:00,438.98000000,440.25000000,438.98000000,439.35000000,123.24000000
1780396200000,2026-06-02T10:30:00+00:00,439.35000000,439.49000000,438.28000000,438.41000000,92.41000000
1780397100000,2026-06-02T10:45:00+00:00,438.41000000,438.41000000,437.64000000,438.12000000,62.86000000
1780398000000,2026-06-02T11:00:00+00:00,437.96000000,438.41000000,437.25000000,438.00000000,430.46000000
1780398900000,2026-06-02T11:15:00+00:00,438.16000000,438.70000000,437.48000000,437.86000000,95.37000000
1780399800000,2026-06-02T11:30:00+00:00,437.95000000,439.06000000,437.92000000,438.63000000,90.99000000
1780400700000,2026-06-02T11:45:00+00:00,438.88000000,438.95000000,438.22000000,438.22000000,35.51000000
1780401600000,2026-06-02T12:00:00+00:00,438.28000000,439.22000000,438.28000000,438.33000000,153.88000000
1780402500000,2026-06-02T12:15:00+00:00,438.33000000,439.43000000,438.02000000,438.98000000,295.80000000
1780403400000,2026-06-02T12:30:00+00:00,438.98000000,439.78000000,438.72000000,439.66000000,81.36000000
1780404300000,2026-06-02T12:45:00+00:00,439.63000000,439.90000000,439.10000000,439.28000000,67.56000000
1780405200000,2026-06-02T13:00:00+00:00,439.10000000,439.52000000,437.96000000,439.03000000,148.99000000
1780406100000,2026-06-02T13:15:00+00:00,439.18000000,441.40000000,438.89000000,441.40000000,392.78000000
1780407000000,2026-06-02T13:30:00+00:00,441.34000000,442.17000000,436.73000000,441.17000000,1735.09000000
1780407900000,2026-06-02T13:45:00+00:00,441.13000000,445.59000000,440.64000000,444.16000000,1029.89000000
1780408800000,2026-06-02T14:00:00+00:00,444.16000000,444.55000000,441.25000000,441.63000000,770.49000000
1780409700000,2026-06-02T14:15:00+00:00,441.84000000,441.93000000,439.26000000,440.05000000,754.43000000
1780410600000,2026-06-02T14:30:00+00:00,440.10000000,442.41000000,440.07000000,441.99000000,461.70000000
1780411500000,2026-06-02T14:45:00+00:00,442.25000000,443.89000000,441.07000000,443.51000000,372.87000000
1780412400000,2026-06-02T15:00:00+00:00,443.64000000,445.52000000,443.37000000,444.68000000,213.53000000
1780413300000,2026-06-02T15:15:00+00:00,444.50000000,445.10000000,444.36000000,444.46000000,317.21000000
1780414200000,2026-06-02T15:30:00+00:00,444.45000000,446.66000000,443.84000000,445.51000000,294.51000000
1780415100000,2026-06-02T15:45:00+00:00,445.50000000,448.72000000,445.50000000,448.35000000,442.69000000
1780416000000,2026-06-02T16:00:00+00:00,448.27000000,448.34000000,446.50000000,447.74000000,774.21000000
1780416900000,2026-06-02T16:15:00+00:00,447.51000000,447.65000000,445.17000000,445.37000000,633.57000000
1780417800000,2026-06-02T16:30:00+00:00,445.37000000,445.78000000,443.72000000,444.51000000,381.23000000
1780418700000,2026-06-02T16:45:00+00:00,444.53000000,445.33000000,444.39000000,445.14000000,247.44000000
1780419600000,2026-06-02T17:00:00+00:00,445.05000000,445.41000000,444.60000000,444.84000000,150.65000000
1780420500000,2026-06-02T17:15:00+00:00,444.79000000,444.90000000,443.57000000,443.85000000,309.46000000
1780421400000,2026-06-02T17:30:00+00:00,443.76000000,443.94000000,442.56000000,442.84000000,195.34000000
1780422300000,2026-06-02T17:45:00+00:00,442.84000000,444.12000000,442.59000000,443.81000000,169.10000000
1780423200000,2026-06-02T18:00:00+00:00,443.93000000,445.08000000,443.93000000,444.86000000,38.97000000
1780424100000,2026-06-02T18:15:00+00:00,444.86000000,445.28000000,444.69000000,445.04000000,86.52000000
1780425000000,2026-06-02T18:30:00+00:00,445.10000000,445.32000000,443.90000000,444.14000000,443.18000000
1780425900000,2026-06-02T18:45:00+00:00,444.06000000,445.04000000,443.68000000,444.97000000,81.21000000
1780426800000,2026-06-02T19:00:00+00:00,444.97000000,446.58000000,444.97000000,446.49000000,45.29000000
1780427700000,2026-06-02T19:15:00+00:00,446.44000000,446.95000000,446.08000000,446.08000000,174.35000000
1780428600000,2026-06-02T19:30:00+00:00,446.06000000,446.54000000,445.98000000,446.03000000,161.57000000
1780429500000,2026-06-02T19:45:00+00:00,446.07000000,447.37000000,445.59000000,447.30000000,256.77000000
1780430400000,2026-06-02T20:00:00+00:00,447.20000000,448.19000000,446.52000000,447.64000000,145.56000000
1780431300000,2026-06-02T20:15:00+00:00,447.77000000,448.48000000,447.66000000,448.32000000,58.13000000
1780432200000,2026-06-02T20:30:00+00:00,448.34000000,448.78000000,447.83000000,447.97000000,63.91000000
1780433100000,2026-06-02T20:45:00+00:00,447.94000000,448.36000000,447.93000000,448.03000000,48.54000000
1780434000000,2026-06-02T21:00:00+00:00,447.97000000,448.18000000,447.37000000,447.46000000,22.33000000
1780434900000,2026-06-02T21:15:00+00:00,447.47000000,447.64000000,447.38000000,447.43000000,10.18000000
1780435800000,2026-06-02T21:30:00+00:00,447.39000000,447.55000000,447.33000000,447.33000000,27.16000000
1780436700000,2026-06-02T21:45:00+00:00,447.33000000,447.34000000,447.13000000,447.13000000,9.77000000
1780437600000,2026-06-02T22:00:00+00:00,447.13000000,447.81000000,446.93000000,447.57000000,151.12000000
1780438500000,2026-06-02T22:15:00+00:00,447.56000000,447.98000000,447.32000000,447.77000000,89.21000000
1780439400000,2026-06-02T22:30:00+00:00,447.89000000,448.15000000,447.33000000,447.49000000,45.04000000
1780440300000,2026-06-02T22:45:00+00:00,447.46000000,447.52000000,447.00000000,447.11000000,174.35000000
1780441200000,2026-06-02T23:00:00+00:00,447.00000000,447.12000000,447.00000000,447.04000000,636.89000000
1780442100000,2026-06-02T23:15:00+00:00,447.06000000,447.15000000,445.22000000,445.22000000,462.93000000
1780443000000,2026-06-02T23:30:00+00:00,445.35000000,446.70000000,445.21000000,446.51000000,275.92000000
1780443900000,2026-06-02T23:45:00+00:00,446.53000000,446.60000000,446.00000000,446.28000000,143.28000000
1780444800000,2026-06-03T00:00:00+00:00,446.27000000,446.77000000,445.80000000,446.10000000,370.17000000
1780445700000,2026-06-03T00:15:00+00:00,445.94000000,446.14000000,445.80000000,445.99000000,318.10000000
1780446600000,2026-06-03T00:30:00+00:00,446.00000000,446.77000000,445.87000000,446.70000000,53.02000000
1780447500000,2026-06-03T00:45:00+00:00,446.72000000,447.99000000,446.72000000,447.36000000,114.49000000
1780448400000,2026-06-03T01:00:00+00:00,447.23000000,448.25000000,446.00000000,446.01000000,135.88000000
1780449300000,2026-06-03T01:15:00+00:00,446.00000000,446.50000000,445.87000000,446.34000000,69.26000000
1780450200000,2026-06-03T01:30:00+00:00,446.40000000,447.50000000,445.50000000,445.78000000,821.17000000
1780451100000,2026-06-03T01:45:00+00:00,445.76000000,447.01000000,445.76000000,447.01000000,47.12000000
1780452000000,2026-06-03T02:00:00+00:00,446.86000000,447.80000000,446.38000000,447.01000000,112.64000000
1780452900000,2026-06-03T02:15:00+00:00,447.01000000,448.20000000,446.71000000,448.20000000,77.33000000
1780453800000,2026-06-03T02:30:00+00:00,448.01000000,448.56000000,447.98000000,448.56000000,23.19000000
1780454700000,2026-06-03T02:45:00+00:00,448.55000000,448.57000000,447.90000000,448.02000000,37.07000000
1780455600000,2026-06-03T03:00:00+00:00,448.14000000,448.14000000,447.05000000,447.13000000,44.14000000
1780456500000,2026-06-03T03:15:00+00:00,447.13000000,447.77000000,447.13000000,447.60000000,60.05000000
1780457400000,2026-06-03T03:30:00+00:00,447.47000000,447.74000000,447.25000000,447.55000000,58.48000000
1780458300000,2026-06-03T03:45:00+00:00,447.54000000,447.80000000,447.20000000,447.25000000,101.49000000
1780459200000,2026-06-03T04:00:00+00:00,447.24000000,447.61000000,446.51000000,446.52000000,157.55000000
1780460100000,2026-06-03T04:15:00+00:00,446.51000000,447.23000000,446.46000000,447.23000000,75.08000000
1780461000000,2026-06-03T04:30:00+00:00,447.23000000,448.16000000,447.07000000,447.65000000,112.03000000
1780461900000,2026-06-03T04:45:00+00:00,447.73000000,448.07000000,447.43000000,447.63000000,179.30000000
1780462800000,2026-06-03T05:00:00+00:00,447.55000000,448.03000000,447.29000000,447.67000000,173.53000000
1780463700000,2026-06-03T05:15:00+00:00,447.76000000,448.22000000,447.60000000,447.64000000,115.85000000
1780464600000,2026-06-03T05:30:00+00:00,447.67000000,447.75000000,447.16000000,447.66000000,93.29000000
1780465500000,2026-06-03T05:45:00+00:00,447.64000000,447.65000000,446.65000000,447.12000000,102.46000000
1780466400000,2026-06-03T06:00:00+00:00,447.03000000,447.86000000,446.85000000,446.85000000,40.57000000
1780467300000,2026-06-03T06:15:00+00:00,446.86000000,447.01000000,446.57000000,446.77000000,65.81000000
1780468200000,2026-06-03T06:30:00+00:00,446.73000000,447.79000000,446.55000000,447.53000000,188.26000000
1780469100000,2026-06-03T06:45:00+00:00,447.31000000,447.45000000,446.78000000,446.85000000,20.41000000
1780470000000,2026-06-03T07:00:00+00:00,447.00000000,448.48000000,446.97000000,448.34000000,46.27000000
1780470900000,2026-06-03T07:15:00+00:00,448.35000000,448.65000000,448.04000000,448.16000000,75.77000000
1780471800000,2026-06-03T07:30:00+00:00,448.09000000,448.65000000,448.07000000,448.44000000,24.02000000
1780472700000,2026-06-03T07:45:00+00:00,448.44000000,449.46000000,448.44000000,449.02000000,153.29000000
1780473600000,2026-06-03T08:00:00+00:00,449.10000000,450.88000000,447.93000000,450.22000000,414.06000000
1780474500000,2026-06-03T08:15:00+00:00,450.24000000,450.64000000,448.87000000,449.45000000,267.39000000
1780475400000,2026-06-03T08:30:00+00:00,449.50000000,449.69000000,449.16000000,449.34000000,51.03000000
1780476300000,2026-06-03T08:45:00+00:00,449.37000000,449.61000000,448.63000000,448.88000000,743.73000000
1780477200000,2026-06-03T09:00:00+00:00,448.92000000,449.67000000,448.62000000,449.24000000,215.73000000
1780478100000,2026-06-03T09:15:00+00:00,449.37000000,451.46000000,449.22000000,449.98000000,361.86000000
1780479000000,2026-06-03T09:30:00+00:00,449.75000000,449.96000000,448.72000000,449.19000000,143.28000000
1780479900000,2026-06-03T09:45:00+00:00,449.12000000,449.35000000,448.50000000,448.61000000,87.96000000
1780480800000,2026-06-03T10:00:00+00:00,448.52000000,449.42000000,448.47000000,449.07000000,452.15000000
1780481700000,2026-06-03T10:15:00+00:00,449.03000000,449.03000000,446.88000000,448.27000000,225.95000000
1780482600000,2026-06-03T10:30:00+00:00,448.15000000,448.61000000,448.15000000,448.29000000,67.30000000
1780483500000,2026-06-03T10:45:00+00:00,448.36000000,448.53000000,447.49000000,447.79000000,44.26000000
1780484400000,2026-06-03T11:00:00+00:00,447.98000000,448.56000000,447.25000000,447.92000000,58.09000000
1780485300000,2026-06-03T11:15:00+00:00,447.92000000,448.00000000,446.97000000,447.45000000,104.05000000
1780486200000,2026-06-03T11:30:00+00:00,447.40000000,447.65000000,446.94000000,447.60000000,240.16000000
1780487100000,2026-06-03T11:45:00+00:00,447.60000000,448.35000000,447.46000000,448.34000000,57.00000000
1780488000000,2026-06-03T12:00:00+00:00,448.20000000,448.94000000,448.19000000,448.29000000,138.73000000
1780488900000,2026-06-03T12:15:00+00:00,448.32000000,448.32000000,447.50000000,447.84000000,260.53000000
1780489800000,2026-06-03T12:30:00+00:00,447.83000000,447.85000000,445.54000000,447.61000000,737.90000000
1780490700000,2026-06-03T12:45:00+00:00,447.76000000,448.93000000,447.61000000,448.59000000,226.58000000
1780491600000,2026-06-03T13:00:00+00:00,448.35000000,448.81000000,448.03000000,448.35000000,89.81000000
1780492500000,2026-06-03T13:15:00+00:00,448.35000000,450.87000000,448.32000000,450.87000000,390.45000000
1780493400000,2026-06-03T13:30:00+00:00,450.65000000,450.65000000,440.82000000,441.07000000,1883.75000000
1780494300000,2026-06-03T13:45:00+00:00,440.92000000,440.97000000,434.80000000,439.40000000,3144.38000000
1780495200000,2026-06-03T14:00:00+00:00,439.27000000,442.25000000,439.08000000,442.00000000,738.12000000
1780496100000,2026-06-03T14:15:00+00:00,442.04000000,443.11000000,439.72000000,441.42000000,560.14000000
1780497000000,2026-06-03T14:30:00+00:00,441.29000000,441.74000000,439.99000000,440.39000000,316.88000000
1780497900000,2026-06-03T14:45:00+00:00,440.36000000,441.85000000,440.08000000,440.50000000,333.04000000
1780498800000,2026-06-03T15:00:00+00:00,440.68000000,442.56000000,440.61000000,441.95000000,210.42000000
1780499700000,2026-06-03T15:15:00+00:00,442.11000000,443.46000000,440.54000000,442.34000000,337.70000000
1780500600000,2026-06-03T15:30:00+00:00,442.35000000,443.38000000,439.50000000,439.50000000,150.59000000
1780501500000,2026-06-03T15:45:00+00:00,439.48000000,439.94000000,438.48000000,439.56000000,301.31000000
1780502400000,2026-06-03T16:00:00+00:00,439.56000000,440.26000000,438.76000000,439.96000000,333.74000000
1780503300000,2026-06-03T16:15:00+00:00,439.95000000,439.95000000,437.36000000,437.90000000,422.98000000
1780504200000,2026-06-03T16:30:00+00:00,437.76000000,438.56000000,436.73000000,437.03000000,425.86000000
1780505100000,2026-06-03T16:45:00+00:00,437.00000000,439.92000000,436.97000000,439.83000000,346.57000000
1780506000000,2026-06-03T17:00:00+00:00,439.94000000,440.83000000,439.27000000,439.86000000,181.64000000
1780506900000,2026-06-03T17:15:00+00:00,439.84000000,440.05000000,439.08000000,439.99000000,42.12000000
1780507800000,2026-06-03T17:30:00+00:00,440.00000000,440.78000000,439.53000000,440.52000000,104.28000000
1780508700000,2026-06-03T17:45:00+00:00,440.68000000,440.97000000,439.67000000,440.50000000,93.98000000
1780509600000,2026-06-03T18:00:00+00:00,440.56000000,440.74000000,439.43000000,439.58000000,474.98000000
1780510500000,2026-06-03T18:15:00+00:00,439.69000000,441.04000000,438.66000000,440.89000000,126.01000000
1780511400000,2026-06-03T18:30:00+00:00,440.92000000,441.00000000,440.00000000,440.15000000,187.60000000
1780512300000,2026-06-03T18:45:00+00:00,440.18000000,440.46000000,439.83000000,440.30000000,45.24000000
1780513200000,2026-06-03T19:00:00+00:00,440.32000000,441.45000000,440.10000000,440.32000000,110.82000000
1780514100000,2026-06-03T19:15:00+00:00,440.44000000,441.25000000,439.94000000,440.30000000,98.03000000
1780515000000,2026-06-03T19:30:00+00:00,440.38000000,440.63000000,439.76000000,440.00000000,22.22000000
1780515900000,2026-06-03T19:45:00+00:00,439.92000000,440.52000000,437.40000000,437.47000000,172.11000000
1780516800000,2026-06-03T20:00:00+00:00,437.48000000,440.48000000,437.48000000,439.75000000,554.53000000
1780517700000,2026-06-03T20:15:00+00:00,439.73000000,439.74000000,436.75000000,437.10000000,454.20000000
1780518600000,2026-06-03T20:30:00+00:00,437.10000000,437.86000000,435.79000000,435.79000000,192.30000000
1780519500000,2026-06-03T20:45:00+00:00,435.86000000,436.56000000,435.68000000,436.32000000,75.20000000
1780520400000,2026-06-03T21:00:00+00:00,436.45000000,437.12000000,434.43000000,434.67000000,300.48000000
1780521300000,2026-06-03T21:15:00+00:00,434.71000000,435.85000000,434.17000000,434.17000000,240.47000000
1780522200000,2026-06-03T21:30:00+00:00,434.16000000,435.68000000,432.75000000,434.33000000,162.42000000
1780523100000,2026-06-03T21:45:00+00:00,434.31000000,435.00000000,433.49000000,434.87000000,98.84000000
1780524000000,2026-06-03T22:00:00+00:00,434.90000000,435.09000000,433.60000000,433.66000000,272.26000000
1780524900000,2026-06-03T22:15:00+00:00,433.62000000,433.73000000,432.54000000,432.91000000,37.01000000
1780525800000,2026-06-03T22:30:00+00:00,432.83000000,433.62000000,432.45000000,432.56000000,70.18000000
1780526700000,2026-06-03T22:45:00+00:00,432.56000000,432.76000000,430.95000000,432.44000000,148.34000000
1780527600000,2026-06-03T23:00:00+00:00,432.63000000,432.78000000,431.29000000,431.68000000,69.49000000
1780528500000,2026-06-03T23:15:00+00:00,431.63000000,431.68000000,430.50000000,430.50000000,255.92000000
1780529400000,2026-06-03T23:30:00+00:00,430.60000000,431.15000000,430.22000000,430.80000000,394.65000000
1780530300000,2026-06-03T23:45:00+00:00,430.79000000,431.97000000,430.53000000,431.69000000,249.15000000
1780531200000,2026-06-04T00:00:00+00:00,431.60000000,434.64000000,430.81000000,432.90000000,350.49000000
1780532100000,2026-06-04T00:15:00+00:00,432.86000000,435.45000000,432.48000000,435.34000000,96.49000000
1780533000000,2026-06-04T00:30:00+00:00,435.17000000,436.64000000,435.11000000,436.51000000,159.74000000
1780533900000,2026-06-04T00:45:00+00:00,436.65000000,436.65000000,435.32000000,435.86000000,180.55000000
1780534800000,2026-06-04T01:00:00+00:00,435.95000000,438.80000000,435.41000000,438.32000000,485.76000000
1780535700000,2026-06-04T01:15:00+00:00,438.30000000,438.55000000,436.75000000,437.48000000,196.43000000
1780536600000,2026-06-04T01:30:00+00:00,437.48000000,438.99000000,437.45000000,438.03000000,154.26000000
1780537500000,2026-06-04T01:45:00+00:00,438.00000000,438.10000000,436.91000000,437.30000000,97.97000000
1780538400000,2026-06-04T02:00:00+00:00,437.31000000,437.40000000,436.03000000,436.61000000,230.08000000
1780539300000,2026-06-04T02:15:00+00:00,436.55000000,437.28000000,435.83000000,437.10000000,130.49000000
1780540200000,2026-06-04T02:30:00+00:00,437.03000000,437.24000000,436.44000000,436.93000000,144.14000000
1780541100000,2026-06-04T02:45:00+00:00,436.93000000,437.20000000,436.40000000,436.53000000,43.21000000
1780542000000,2026-06-04T03:00:00+00:00,436.39000000,437.19000000,436.21000000,436.85000000,90.18000000
1780542900000,2026-06-04T03:15:00+00:00,436.90000000,437.76000000,436.89000000,437.71000000,95.31000000
1780543800000,2026-06-04T03:30:00+00:00,437.72000000,438.95000000,437.45000000,437.45000000,53.98000000
1780544700000,2026-06-04T03:45:00+00:00,437.59000000,437.89000000,437.15000000,437.65000000,25.05000000
1780545600000,2026-06-04T04:00:00+00:00,437.63000000,437.65000000,437.28000000,437.39000000,53.78000000
1780546500000,2026-06-04T04:15:00+00:00,437.55000000,438.08000000,437.42000000,437.97000000,114.83000000
1780547400000,2026-06-04T04:30:00+00:00,437.99000000,438.62000000,437.70000000,438.54000000,46.98000000
1780548300000,2026-06-04T04:45:00+00:00,438.52000000,438.64000000,437.87000000,438.33000000,24.71000000
1780549200000,2026-06-04T05:00:00+00:00,438.35000000,438.35000000,436.78000000,437.10000000,44.04000000
1780550100000,2026-06-04T05:15:00+00:00,436.99000000,437.21000000,435.39000000,435.39000000,44.87000000
1780551000000,2026-06-04T05:30:00+00:00,435.39000000,436.71000000,435.28000000,436.40000000,100.44000000
1780551900000,2026-06-04T05:45:00+00:00,436.60000000,436.72000000,435.68000000,436.04000000,77.55000000
1780552800000,2026-06-04T06:00:00+00:00,436.05000000,436.38000000,435.57000000,435.83000000,56.90000000
1780553700000,2026-06-04T06:15:00+00:00,435.75000000,436.02000000,435.43000000,435.87000000,36.01000000
1780554600000,2026-06-04T06:30:00+00:00,435.88000000,436.31000000,435.73000000,436.04000000,50.79000000
1780555500000,2026-06-04T06:45:00+00:00,436.17000000,436.84000000,436.04000000,436.64000000,52.50000000
1780556400000,2026-06-04T07:00:00+00:00,436.52000000,436.78000000,435.58000000,436.39000000,223.16000000
1780557300000,2026-06-04T07:15:00+00:00,436.39000000,436.39000000,435.29000000,435.80000000,159.81000000
1780558200000,2026-06-04T07:30:00+00:00,435.99000000,436.04000000,435.30000000,435.34000000,181.29000000
1780559100000,2026-06-04T07:45:00+00:00,435.35000000,435.44000000,435.04000000,435.08000000,74.88000000
1780560000000,2026-06-04T08:00:00+00:00,435.14000000,435.14000000,430.30000000,431.53000000,454.15000000
1780560900000,2026-06-04T08:15:00+00:00,431.38000000,432.20000000,430.30000000,431.14000000,236.27000000
1780561800000,2026-06-04T08:30:00+00:00,431.15000000,432.51000000,431.13000000,431.40000000,116.16000000
1780562700000,2026-06-04T08:45:00+00:00,431.36000000,431.73000000,429.48000000,429.48000000,181.17000000
1780563600000,2026-06-04T09:00:00+00:00,429.57000000,429.67000000,427.26000000,427.84000000,1417.23000000
1780564500000,2026-06-04T09:15:00+00:00,427.81000000,429.48000000,426.95000000,429.10000000,198.89000000
1780565400000,2026-06-04T09:30:00+00:00,429.11000000,430.14000000,428.51000000,428.62000000,292.34000000
1780566300000,2026-06-04T09:45:00+00:00,428.67000000,430.62000000,428.37000000,430.38000000,166.00000000
1780567200000,2026-06-04T10:00:00+00:00,430.35000000,430.62000000,429.00000000,429.26000000,84.23000000
1780568100000,2026-06-04T10:15:00+00:00,429.34000000,429.74000000,428.23000000,428.81000000,139.92000000
1780569000000,2026-06-04T10:30:00+00:00,428.81000000,429.70000000,427.53000000,427.62000000,56.46000000
1780569900000,2026-06-04T10:45:00+00:00,427.62000000,429.26000000,427.18000000,429.26000000,126.62000000
1780570800000,2026-06-04T11:00:00+00:00,429.28000000,429.71000000,428.05000000,428.83000000,130.14000000
1780571700000,2026-06-04T11:15:00+00:00,428.82000000,431.55000000,428.70000000,430.94000000,174.67000000
1780572600000,2026-06-04T11:30:00+00:00,431.14000000,431.46000000,428.15000000,428.40000000,335.87000000
1780573500000,2026-06-04T11:45:00+00:00,428.40000000,430.31000000,428.40000000,429.75000000,52.55000000
1780574400000,2026-06-04T12:00:00+00:00,429.95000000,430.38000000,428.85000000,429.07000000,106.45000000
1780575300000,2026-06-04T12:15:00+00:00,429.10000000,430.14000000,428.53000000,429.67000000,441.74000000
1780576200000,2026-06-04T12:30:00+00:00,429.67000000,431.74000000,429.56000000,431.14000000,233.46000000
1780577100000,2026-06-04T12:45:00+00:00,431.25000000,432.05000000,430.97000000,431.70000000,393.02000000
1780578000000,2026-06-04T13:00:00+00:00,431.84000000,432.13000000,430.57000000,431.90000000,1238.33000000
1780578900000,2026-06-04T13:15:00+00:00,431.90000000,432.11000000,430.33000000,430.33000000,84.15000000
1780579800000,2026-06-04T13:30:00+00:00,430.33000000,436.08000000,428.00000000,432.14000000,1293.41000000
1780580700000,2026-06-04T13:45:00+00:00,432.00000000,434.60000000,431.36000000,431.61000000,811.65000000
1780581600000,2026-06-04T14:00:00+00:00,431.78000000,433.45000000,429.26000000,433.18000000,420.96000000
1780582500000,2026-06-04T14:15:00+00:00,433.29000000,438.16000000,432.77000000,438.02000000,503.18000000
1780583400000,2026-06-04T14:30:00+00:00,438.16000000,439.64000000,437.44000000,438.19000000,771.18000000
1780584300000,2026-06-04T14:45:00+00:00,438.01000000,443.40000000,437.96000000,443.00000000,607.08000000
1780585200000,2026-06-04T15:00:00+00:00,443.12000000,445.95000000,442.65000000,445.95000000,670.31000000
1780586100000,2026-06-04T15:15:00+00:00,445.92000000,446.87000000,444.76000000,444.96000000,693.11000000
1780587000000,2026-06-04T15:30:00+00:00,445.09000000,453.78000000,444.73000000,447.10000000,5185.02000000
1780587900000,2026-06-04T15:45:00+00:00,447.04000000,447.16000000,443.58000000,445.24000000,1182.63000000
1780588800000,2026-06-04T16:00:00+00:00,445.24000000,446.17000000,444.58000000,445.98000000,284.66000000
1780589700000,2026-06-04T16:15:00+00:00,445.83000000,447.71000000,445.71000000,447.12000000,699.61000000
1780590600000,2026-06-04T16:30:00+00:00,447.20000000,447.26000000,445.63000000,446.86000000,247.40000000
1780591500000,2026-06-04T16:45:00+00:00,446.68000000,447.51000000,445.00000000,445.52000000,463.07000000
1780592400000,2026-06-04T17:00:00+00:00,445.40000000,445.40000000,443.84000000,444.36000000,582.49000000
1780593300000,2026-06-04T17:15:00+00:00,444.42000000,444.66000000,443.72000000,444.38000000,87.76000000
1780594200000,2026-06-04T17:30:00+00:00,444.25000000,445.74000000,444.25000000,444.66000000,182.71000000
1780595100000,2026-06-04T17:45:00+00:00,444.66000000,445.40000000,444.12000000,445.16000000,66.98000000
1780596000000,2026-06-04T18:00:00+00:00,445.11000000,447.97000000,445.11000000,447.83000000,519.75000000
1780596900000,2026-06-04T18:15:00+00:00,447.64000000,447.90000000,446.45000000,447.65000000,168.04000000
1780597800000,2026-06-04T18:30:00+00:00,447.84000000,447.95000000,446.44000000,447.34000000,168.67000000
1780598700000,2026-06-04T18:45:00+00:00,447.21000000,448.30000000,446.44000000,446.45000000,278.55000000
1780599600000,2026-06-04T19:00:00+00:00,446.50000000,448.52000000,446.42000000,447.06000000,173.02000000
1780600500000,2026-06-04T19:15:00+00:00,447.15000000,447.68000000,446.25000000,447.56000000,91.20000000
1780601400000,2026-06-04T19:30:00+00:00,447.60000000,448.15000000,446.68000000,446.72000000,34.11000000
1780602300000,2026-06-04T19:45:00+00:00,447.00000000,447.68000000,444.87000000,445.44000000,424.40000000
1780603200000,2026-06-04T20:00:00+00:00,445.32000000,445.56000000,444.76000000,444.76000000,93.29000000
1780604100000,2026-06-04T20:15:00+00:00,444.75000000,444.76000000,443.13000000,443.39000000,119.45000000
1780605000000,2026-06-04T20:30:00+00:00,443.39000000,443.39000000,442.62000000,442.71000000,85.29000000
1780605900000,2026-06-04T20:45:00+00:00,442.64000000,442.92000000,441.44000000,442.16000000,178.01000000
1780606800000,2026-06-04T21:00:00+00:00,442.16000000,442.35000000,441.88000000,442.18000000,38.90000000
1780607700000,2026-06-04T21:15:00+00:00,442.21000000,442.39000000,441.56000000,441.90000000,84.26000000
1780608600000,2026-06-04T21:30:00+00:00,441.88000000,442.89000000,441.64000000,442.24000000,92.13000000
1780609500000,2026-06-04T21:45:00+00:00,442.24000000,442.44000000,441.54000000,441.56000000,39.27000000
1780610400000,2026-06-04T22:00:00+00:00,441.58000000,441.91000000,440.62000000,440.90000000,276.03000000
1780611300000,2026-06-04T22:15:00+00:00,440.90000000,441.07000000,440.44000000,440.50000000,11.57000000
1780612200000,2026-06-04T22:30:00+00:00,440.50000000,441.60000000,440.50000000,441.56000000,44.38000000
1780613100000,2026-06-04T22:45:00+00:00,441.56000000,441.99000000,441.56000000,441.86000000,29.11000000
1780614000000,2026-06-04T23:00:00+00:00,441.84000000,441.90000000,441.16000000,441.16000000,100.45000000
1780614900000,2026-06-04T23:15:00+00:00,441.15000000,441.30000000,440.28000000,440.47000000,59.41000000
1780615800000,2026-06-04T23:30:00+00:00,440.47000000,440.53000000,439.85000000,440.20000000,275.75000000
1780616700000,2026-06-04T23:45:00+00:00,440.32000000,440.32000000,439.50000000,440.03000000,58.60000000
1780617600000,2026-06-05T00:00:00+00:00,440.04000000,440.75000000,438.44000000,438.45000000,299.82000000
1780618500000,2026-06-05T00:15:00+00:00,438.45000000,438.58000000,436.66000000,437.20000000,470.98000000
1780619400000,2026-06-05T00:30:00+00:00,437.20000000,438.16000000,436.53000000,437.28000000,209.53000000
1780620300000,2026-06-05T00:45:00+00:00,437.40000000,438.12000000,436.68000000,437.51000000,168.92000000
1780621200000,2026-06-05T01:00:00+00:00,437.55000000,438.44000000,435.83000000,436.49000000,186.66000000
1780622100000,2026-06-05T01:15:00+00:00,436.64000000,436.74000000,432.96000000,434.68000000,428.83000000
1780623000000,2026-06-05T01:30:00+00:00,434.68000000,437.83000000,434.68000000,436.90000000,344.76000000
1780623900000,2026-06-05T01:45:00+00:00,437.04000000,438.57000000,436.84000000,438.36000000,206.24000000
1780624800000,2026-06-05T02:00:00+00:00,438.36000000,438.69000000,437.31000000,438.42000000,125.54000000
1780625700000,2026-06-05T02:15:00+00:00,438.28000000,438.98000000,438.26000000,438.86000000,23.10000000
1780626600000,2026-06-05T02:30:00+00:00,438.99000000,439.10000000,438.45000000,438.47000000,106.75000000
1780627500000,2026-06-05T02:45:00+00:00,438.47000000,438.96000000,438.21000000,438.38000000,220.95000000
1780628400000,2026-06-05T03:00:00+00:00,438.38000000,439.00000000,438.28000000,438.52000000,138.95000000
1780629300000,2026-06-05T03:15:00+00:00,438.49000000,439.10000000,438.40000000,438.40000000,70.33000000
1780630200000,2026-06-05T03:30:00+00:00,438.46000000,438.62000000,425.08000000,437.85000000,4130.50000000
1780631100000,2026-06-05T03:45:00+00:00,437.91000000,438.01000000,431.84000000,436.55000000,3090.39000000
1780632000000,2026-06-05T04:00:00+00:00,436.56000000,436.66000000,435.97000000,436.55000000,163.44000000
1780632900000,2026-06-05T04:15:00+00:00,436.55000000,436.98000000,435.63000000,436.20000000,215.58000000
1780633800000,2026-06-05T04:30:00+00:00,436.20000000,437.38000000,435.77000000,436.51000000,269.91000000
1780634700000,2026-06-05T04:45:00+00:00,436.39000000,436.79000000,435.90000000,436.13000000,116.13000000
1780635600000,2026-06-05T05:00:00+00:00,436.18000000,436.43000000,435.16000000,435.71000000,319.09000000
1780636500000,2026-06-05T05:15:00+00:00,435.79000000,436.49000000,435.49000000,435.72000000,259.34000000
1780637400000,2026-06-05T05:30:00+00:00,435.72000000,437.77000000,435.60000000,436.24000000,191.78000000
1780638300000,2026-06-05T05:45:00+00:00,436.22000000,436.22000000,435.50000000,435.70000000,77.04000000
1780639200000,2026-06-05T06:00:00+00:00,435.79000000,437.05000000,435.39000000,435.60000000,198.72000000
1780640100000,2026-06-05T06:15:00+00:00,435.45000000,436.00000000,434.25000000,435.59000000,266.41000000
1780641000000,2026-06-05T06:30:00+00:00,435.49000000,436.63000000,435.36000000,435.92000000,149.16000000
1780641900000,2026-06-05T06:45:00+00:00,435.92000000,436.34000000,435.10000000,435.78000000,110.70000000
1780642800000,2026-06-05T07:00:00+00:00,435.90000000,436.00000000,434.94000000,435.25000000,78.13000000
1780643700000,2026-06-05T07:15:00+00:00,435.23000000,436.73000000,434.88000000,436.73000000,86.53000000
1780644600000,2026-06-05T07:30:00+00:00,436.74000000,437.34000000,435.60000000,435.65000000,139.60000000
1780645500000,2026-06-05T07:45:00+00:00,435.75000000,436.11000000,435.17000000,435.39000000,93.58000000
1780646400000,2026-06-05T08:00:00+00:00,435.40000000,435.60000000,433.17000000,434.02000000,308.57000000
1780647300000,2026-06-05T08:15:00+00:00,433.92000000,436.20000000,433.60000000,436.17000000,78.57000000
1780648200000,2026-06-05T08:30:00+00:00,436.10000000,436.60000000,435.51000000,435.83000000,129.53000000
1780649100000,2026-06-05T08:45:00+00:00,435.85000000,436.14000000,435.46000000,435.89000000,75.51000000
1780650000000,2026-06-05T09:00:00+00:00,435.79000000,437.81000000,435.70000000,437.20000000,231.24000000
1780650900000,2026-06-05T09:15:00+00:00,437.22000000,438.70000000,437.06000000,437.72000000,175.49000000
1780651800000,2026-06-05T09:30:00+00:00,437.71000000,437.77000000,436.99000000,437.20000000,36.89000000
1780652700000,2026-06-05T09:45:00+00:00,437.25000000,438.10000000,437.06000000,437.58000000,79.89000000
1780653600000,2026-06-05T10:00:00+00:00,437.56000000,437.72000000,436.90000000,437.23000000,52.75000000
1780654500000,2026-06-05T10:15:00+00:00,437.28000000,437.80000000,437.18000000,437.60000000,33.45000000
1780655400000,2026-06-05T10:30:00+00:00,437.77000000,438.18000000,437.56000000,438.04000000,51.62000000
1780656300000,2026-06-05T10:45:00+00:00,438.03000000,438.04000000,437.30000000,437.48000000,21.71000000
1780657200000,2026-06-05T11:00:00+00:00,437.38000000,437.38000000,436.80000000,436.90000000,28.23000000
1780658100000,2026-06-05T11:15:00+00:00,436.89000000,437.70000000,435.91000000,437.70000000,75.37000000
1780659000000,2026-06-05T11:30:00+00:00,437.62000000,437.65000000,435.54000000,435.68000000,41.62000000
1780659900000,2026-06-05T11:45:00+00:00,435.64000000,436.55000000,435.16000000,435.26000000,81.89000000
1780660800000,2026-06-05T12:00:00+00:00,435.19000000,435.48000000,434.10000000,434.17000000,79.79000000
1780661700000,2026-06-05T12:15:00+00:00,434.08000000,434.71000000,433.64000000,433.65000000,205.04000000
1780662600000,2026-06-05T12:30:00+00:00,433.71000000,435.24000000,431.64000000,433.50000000,364.09000000
1780663500000,2026-06-05T12:45:00+00:00,433.53000000,433.72000000,430.79000000,430.99000000,202.81000000
1780664400000,2026-06-05T13:00:00+00:00,430.93000000,431.72000000,430.50000000,431.17000000,152.19000000
1780665300000,2026-06-05T13:15:00+00:00,431.07000000,431.76000000,429.35000000,430.47000000,397.96000000
1780666200000,2026-06-05T13:30:00+00:00,430.31000000,434.77000000,427.85000000,428.43000000,1754.21000000
1780667100000,2026-06-05T13:45:00+00:00,428.52000000,430.55000000,426.67000000,426.88000000,2489.37000000
1780668000000,2026-06-05T14:00:00+00:00,426.79000000,430.53000000,426.50000000,430.28000000,814.82000000
1780668900000,2026-06-05T14:15:00+00:00,430.38000000,431.99000000,428.93000000,429.69000000,677.16000000
1780669800000,2026-06-05T14:30:00+00:00,429.59000000,432.05000000,429.41000000,430.46000000,290.51000000
1780670700000,2026-06-05T14:45:00+00:00,430.48000000,431.27000000,429.68000000,430.29000000,271.05000000
1780671600000,2026-06-05T15:00:00+00:00,430.22000000,430.44000000,425.23000000,425.43000000,713.64000000
1780672500000,2026-06-05T15:15:00+00:00,425.33000000,426.71000000,424.70000000,425.18000000,748.87000000
1780673400000,2026-06-05T15:30:00+00:00,425.04000000,426.03000000,423.71000000,425.14000000,2222.56000000
1780674300000,2026-06-05T15:45:00+00:00,425.11000000,426.69000000,425.08000000,425.76000000,439.69000000
1780675200000,2026-06-05T16:00:00+00:00,425.76000000,425.85000000,422.65000000,423.31000000,707.84000000
1780676100000,2026-06-05T16:15:00+00:00,423.30000000,423.65000000,422.12000000,422.26000000,775.92000000
1780677000000,2026-06-05T16:30:00+00:00,422.24000000,422.37000000,419.43000000,419.96000000,693.19000000
1780677900000,2026-06-05T16:45:00+00:00,419.86000000,422.20000000,418.50000000,421.10000000,903.22000000
1780678800000,2026-06-05T17:00:00+00:00,421.13000000,421.20000000,418.74000000,419.57000000,623.95000000
1780679700000,2026-06-05T17:15:00+00:00,419.63000000,421.29000000,418.85000000,421.22000000,175.69000000
1780680600000,2026-06-05T17:30:00+00:00,421.10000000,423.50000000,420.54000000,421.27000000,120.85000000
1780681500000,2026-06-05T17:45:00+00:00,421.32000000,422.40000000,421.20000000,422.39000000,74.49000000
1780682400000,2026-06-05T18:00:00+00:00,422.37000000,422.47000000,419.46000000,419.68000000,194.48000000
1780683300000,2026-06-05T18:15:00+00:00,419.73000000,419.96000000,418.06000000,418.82000000,274.07000000
1780684200000,2026-06-05T18:30:00+00:00,418.79000000,418.96000000,416.07000000,417.28000000,708.63000000
1780685100000,2026-06-05T18:45:00+00:00,417.30000000,419.28000000,415.65000000,419.28000000,445.64000000
1780686000000,2026-06-05T19:00:00+00:00,419.29000000,419.35000000,413.80000000,414.56000000,509.05000000
1780686900000,2026-06-05T19:15:00+00:00,414.46000000,417.34000000,413.37000000,417.34000000,330.96000000
1780687800000,2026-06-05T19:30:00+00:00,417.36000000,417.66000000,414.61000000,417.09000000,324.99000000
1780688700000,2026-06-05T19:45:00+00:00,417.10000000,420.00000000,415.27000000,415.78000000,574.35000000
1780689600000,2026-06-05T20:00:00+00:00,415.86000000,421.19000000,413.24000000,413.24000000,1572.25000000
1780690500000,2026-06-05T20:15:00+00:00,413.34000000,414.54000000,411.76000000,411.84000000,423.23000000
1780691400000,2026-06-05T20:30:00+00:00,411.75000000,411.75000000,405.15000000,408.57000000,2034.20000000
1780692300000,2026-06-05T20:45:00+00:00,408.74000000,410.58000000,407.10000000,410.20000000,379.51000000
1780693200000,2026-06-05T21:00:00+00:00,410.46000000,412.50000000,410.23000000,412.26000000,129.67000000
1780694100000,2026-06-05T21:15:00+00:00,412.25000000,413.75000000,412.21000000,413.71000000,83.45000000
1780695000000,2026-06-05T21:30:00+00:00,413.65000000,413.82000000,411.77000000,412.23000000,180.18000000
1780695900000,2026-06-05T21:45:00+00:00,412.23000000,412.63000000,412.14000000,412.24000000,82.65000000
1780696800000,2026-06-05T22:00:00+00:00,412.19000000,413.79000000,412.12000000,412.66000000,99.08000000
1780697700000,2026-06-05T22:15:00+00:00,412.63000000,413.05000000,412.20000000,412.44000000,96.66000000
1780698600000,2026-06-05T22:30:00+00:00,412.40000000,413.02000000,411.32000000,411.32000000,57.47000000
1780699500000,2026-06-05T22:45:00+00:00,411.32000000,412.26000000,410.94000000,412.16000000,57.20000000
1780700400000,2026-06-05T23:00:00+00:00,412.11000000,412.64000000,411.38000000,411.61000000,136.74000000
1780701300000,2026-06-05T23:15:00+00:00,411.58000000,412.20000000,410.50000000,410.72000000,179.68000000
1780702200000,2026-06-05T23:30:00+00:00,410.85000000,411.41000000,409.81000000,410.88000000,199.78000000
1780703100000,2026-06-05T23:45:00+00:00,410.75000000,411.34000000,410.13000000,411.21000000,42.67000000
1780704000000,2026-06-06T00:00:00+00:00,411.35000000,412.72000000,411.08000000,412.62000000,42.27000000
1780704900000,2026-06-06T00:15:00+00:00,412.70000000,413.69000000,412.59000000,413.40000000,90.05000000
1780705800000,2026-06-06T00:30:00+00:00,413.35000000,413.97000000,413.10000000,413.64000000,43.42000000
1780706700000,2026-06-06T00:45:00+00:00,413.65000000,414.25000000,413.26000000,413.72000000,96.15000000
1780707600000,2026-06-06T01:00:00+00:00,413.71000000,413.79000000,412.93000000,412.93000000,24.90000000
1780708500000,2026-06-06T01:15:00+00:00,412.90000000,412.90000000,411.19000000,411.61000000,95.75000000
1780709400000,2026-06-06T01:30:00+00:00,411.61000000,411.70000000,409.79000000,410.04000000,110.29000000
1780710300000,2026-06-06T01:45:00+00:00,410.02000000,410.07000000,409.01000000,409.24000000,181.34000000
1780711200000,2026-06-06T02:00:00+00:00,409.22000000,409.52000000,402.31000000,402.57000000,927.80000000
1780712100000,2026-06-06T02:15:00+00:00,402.57000000,403.90000000,397.46000000,401.89000000,2205.30000000
1780713000000,2026-06-06T02:30:00+00:00,401.67000000,401.90000000,398.00000000,398.00000000,855.00000000
1780713900000,2026-06-06T02:45:00+00:00,398.01000000,400.61000000,398.00000000,400.32000000,197.06000000
1780714800000,2026-06-06T03:00:00+00:00,400.31000000,402.29000000,400.26000000,402.21000000,122.35000000
1780715700000,2026-06-06T03:15:00+00:00,402.21000000,403.27000000,401.74000000,402.61000000,170.80000000
1780716600000,2026-06-06T03:30:00+00:00,402.65000000,402.66000000,400.23000000,401.08000000,170.74000000
1780717500000,2026-06-06T03:45:00+00:00,401.09000000,402.81000000,401.01000000,402.50000000,92.77000000
1780718400000,2026-06-06T04:00:00+00:00,402.50000000,402.63000000,400.24000000,400.40000000,227.44000000
1780719300000,2026-06-06T04:15:00+00:00,400.36000000,400.37000000,398.36000000,399.88000000,306.28000000
1780720200000,2026-06-06T04:30:00+00:00,400.12000000,400.20000000,395.94000000,396.34000000,209.93000000
1780721100000,2026-06-06T04:45:00+00:00,396.35000000,396.45000000,393.98000000,394.49000000,367.87000000
1780722000000,2026-06-06T05:00:00+00:00,394.41000000,397.65000000,394.41000000,397.25000000,126.15000000
1780722900000,2026-06-06T05:15:00+00:00,397.25000000,400.57000000,396.85000000,400.03000000,123.59000000
1780723800000,2026-06-06T05:30:00+00:00,400.04000000,402.50000000,399.71000000,402.36000000,95.77000000
1780724700000,2026-06-06T05:45:00+00:00,402.47000000,402.99000000,401.56000000,402.08000000,167.85000000
1780725600000,2026-06-06T06:00:00+00:00,402.07000000,402.76000000,401.92000000,402.55000000,121.30000000
1780726500000,2026-06-06T06:15:00+00:00,402.55000000,404.74000000,402.18000000,404.31000000,172.49000000
1780727400000,2026-06-06T06:30:00+00:00,404.31000000,404.73000000,402.62000000,402.73000000,88.02000000
1780728300000,2026-06-06T06:45:00+00:00,402.67000000,403.35000000,402.42000000,402.46000000,22.91000000
1780729200000,2026-06-06T07:00:00+00:00,402.57000000,403.08000000,401.50000000,401.63000000,51.13000000
1780730100000,2026-06-06T07:15:00+00:00,401.72000000,402.91000000,400.88000000,401.05000000,85.94000000
1780731000000,2026-06-06T07:30:00+00:00,401.07000000,402.29000000,395.11000000,399.44000000,691.87000000
1780731900000,2026-06-06T07:45:00+00:00,399.30000000,401.16000000,399.30000000,400.91000000,129.66000000
1780732800000,2026-06-06T08:00:00+00:00,400.91000000,401.29000000,400.21000000,401.19000000,50.49000000
1780733700000,2026-06-06T08:15:00+00:00,401.23000000,401.42000000,401.02000000,401.33000000,46.53000000
1780734600000,2026-06-06T08:30:00+00:00,401.36000000,401.65000000,400.07000000,400.63000000,114.77000000
1780735500000,2026-06-06T08:45:00+00:00,400.61000000,401.89000000,399.25000000,401.43000000,263.93000000
1780736400000,2026-06-06T09:00:00+00:00,401.44000000,402.81000000,401.10000000,402.30000000,72.67000000
1780737300000,2026-06-06T09:15:00+00:00,402.21000000,403.78000000,402.01000000,403.65000000,331.08000000
1780738200000,2026-06-06T09:30:00+00:00,403.50000000,403.63000000,402.45000000,403.02000000,68.19000000
1780739100000,2026-06-06T09:45:00+00:00,402.94000000,403.00000000,401.90000000,402.77000000,69.77000000
1780740000000,2026-06-06T10:00:00+00:00,402.74000000,402.76000000,401.33000000,401.41000000,36.26000000
1780740900000,2026-06-06T10:15:00+00:00,401.40000000,402.21000000,401.19000000,401.51000000,84.14000000
1780741800000,2026-06-06T10:30:00+00:00,401.50000000,401.70000000,400.65000000,401.38000000,59.11000000
1780742700000,2026-06-06T10:45:00+00:00,401.35000000,402.12000000,401.11000000,402.05000000,47.02000000
1780743600000,2026-06-06T11:00:00+00:00,402.05000000,402.08000000,401.42000000,401.67000000,110.75000000
1780744500000,2026-06-06T11:15:00+00:00,401.80000000,402.21000000,401.55000000,402.16000000,37.54000000
1780745400000,2026-06-06T11:30:00+00:00,402.15000000,402.77000000,401.96000000,402.67000000,14.54000000
1780746300000,2026-06-06T11:45:00+00:00,402.64000000,403.02000000,402.47000000,402.47000000,21.43000000
1780747200000,2026-06-06T12:00:00+00:00,402.61000000,404.33000000,402.61000000,404.12000000,130.49000000
1780748100000,2026-06-06T12:15:00+00:00,404.15000000,404.80000000,404.07000000,404.53000000,58.51000000
1780749000000,2026-06-06T12:30:00+00:00,404.57000000,404.91000000,404.23000000,404.91000000,65.01000000
1780749900000,2026-06-06T12:45:00+00:00,404.92000000,405.58000000,404.77000000,405.41000000,52.42000000
1780750800000,2026-06-06T13:00:00+00:00,405.44000000,405.91000000,405.03000000,405.86000000,26.15000000
1780751700000,2026-06-06T13:15:00+00:00,405.85000000,406.11000000,405.35000000,405.75000000,80.63000000
1780752600000,2026-06-06T13:30:00+00:00,405.66000000,406.38000000,405.25000000,406.28000000,76.97000000
1780753500000,2026-06-06T13:45:00+00:00,406.28000000,406.32000000,405.91000000,406.08000000,55.58000000
1780754400000,2026-06-06T14:00:00+00:00,406.06000000,406.53000000,405.80000000,406.22000000,96.46000000
1780755300000,2026-06-06T14:15:00+00:00,406.27000000,406.96000000,406.27000000,406.89000000,37.71000000
1780756200000,2026-06-06T14:30:00+00:00,406.91000000,408.60000000,406.48000000,406.83000000,606.95000000
1780757100000,2026-06-06T14:45:00+00:00,406.70000000,407.42000000,406.46000000,407.00000000,451.07000000
1780758000000,2026-06-06T15:00:00+00:00,406.95000000,407.14000000,406.39000000,407.02000000,43.78000000
1780758900000,2026-06-06T15:15:00+00:00,407.02000000,407.36000000,406.78000000,406.84000000,38.93000000
1780759800000,2026-06-06T15:30:00+00:00,406.84000000,407.27000000,406.52000000,407.27000000,16.09000000
1780760700000,2026-06-06T15:45:00+00:00,407.29000000,407.34000000,406.50000000,406.68000000,17.54000000
1780761600000,2026-06-06T16:00:00+00:00,406.64000000,407.23000000,406.53000000,406.99000000,26.73000000
1780762500000,2026-06-06T16:15:00+00:00,406.92000000,407.34000000,406.85000000,407.34000000,18.33000000
1780763400000,2026-06-06T16:30:00+00:00,407.27000000,407.33000000,406.86000000,407.23000000,50.21000000
1780764300000,2026-06-06T16:45:00+00:00,407.23000000,407.60000000,407.15000000,407.33000000,27.90000000
1780765200000,2026-06-06T17:00:00+00:00,407.39000000,407.39000000,407.00000000,407.15000000,20.50000000
1780766100000,2026-06-06T17:15:00+00:00,407.13000000,407.34000000,405.69000000,405.69000000,40.08000000
1780767000000,2026-06-06T17:30:00+00:00,405.65000000,405.67000000,404.48000000,405.20000000,146.56000000
1780767900000,2026-06-06T17:45:00+00:00,405.20000000,405.20000000,404.47000000,404.53000000,57.65000000
1780768800000,2026-06-06T18:00:00+00:00,404.58000000,404.75000000,403.81000000,403.98000000,48.84000000
1780769700000,2026-06-06T18:15:00+00:00,404.04000000,404.32000000,403.83000000,404.32000000,22.24000000
1780770600000,2026-06-06T18:30:00+00:00,404.32000000,404.45000000,403.73000000,404.04000000,29.31000000
1780771500000,2026-06-06T18:45:00+00:00,403.99000000,404.34000000,403.96000000,404.21000000,11.95000000
1780772400000,2026-06-06T19:00:00+00:00,404.27000000,405.27000000,404.24000000,405.17000000,22.71000000
1780773300000,2026-06-06T19:15:00+00:00,405.16000000,405.28000000,404.22000000,404.69000000,11.87000000
1780774200000,2026-06-06T19:30:00+00:00,404.70000000,405.10000000,404.70000000,404.82000000,4.12000000
1780775100000,2026-06-06T19:45:00+00:00,404.93000000,405.32000000,404.87000000,405.32000000,8.34000000
1780776000000,2026-06-06T20:00:00+00:00,405.34000000,405.85000000,405.06000000,405.76000000,70.69000000
1780776900000,2026-06-06T20:15:00+00:00,405.76000000,405.76000000,405.21000000,405.32000000,8.32000000
1780777800000,2026-06-06T20:30:00+00:00,405.33000000,405.58000000,405.19000000,405.26000000,8.30000000
1780778700000,2026-06-06T20:45:00+00:00,405.30000000,405.38000000,405.00000000,405.10000000,12.02000000
1780779600000,2026-06-06T21:00:00+00:00,405.10000000,405.30000000,404.75000000,405.22000000,19.25000000
1780780500000,2026-06-06T21:15:00+00:00,405.29000000,405.29000000,403.60000000,404.20000000,81.91000000
1780781400000,2026-06-06T21:30:00+00:00,404.29000000,404.45000000,403.75000000,403.75000000,11.96000000
1780782300000,2026-06-06T21:45:00+00:00,403.85000000,404.02000000,403.80000000,403.89000000,8.17000000
1780783200000,2026-06-06T22:00:00+00:00,403.89000000,403.94000000,403.61000000,403.74000000,18.29000000
1780784100000,2026-06-06T22:15:00+00:00,403.72000000,403.72000000,402.91000000,402.91000000,10.61000000
1780785000000,2026-06-06T22:30:00+00:00,402.92000000,403.17000000,402.91000000,403.09000000,6.14000000
1780785900000,2026-06-06T22:45:00+00:00,403.16000000,403.25000000,402.86000000,403.10000000,17.08000000
1780786800000,2026-06-06T23:00:00+00:00,403.11000000,403.49000000,403.11000000,403.45000000,11.45000000
1780787700000,2026-06-06T23:15:00+00:00,403.50000000,403.82000000,403.29000000,403.29000000,16.15000000
1780788600000,2026-06-06T23:30:00+00:00,403.26000000,403.95000000,403.17000000,403.90000000,42.95000000
1780789500000,2026-06-06T23:45:00+00:00,403.90000000,404.40000000,403.72000000,404.39000000,32.71000000
1780790400000,2026-06-07T00:00:00+00:00,404.39000000,404.63000000,403.63000000,403.79000000,44.47000000
1780791300000,2026-06-07T00:15:00+00:00,403.79000000,403.83000000,402.48000000,402.81000000,54.15000000
1780792200000,2026-06-07T00:30:00+00:00,402.82000000,403.58000000,402.82000000,403.43000000,23.96000000
1780793100000,2026-06-07T00:45:00+00:00,403.42000000,403.94000000,403.40000000,403.93000000,22.51000000
1780794000000,2026-06-07T01:00:00+00:00,403.89000000,404.63000000,403.83000000,404.52000000,55.57000000
1780794900000,2026-06-07T01:15:00+00:00,404.52000000,405.35000000,404.42000000,405.28000000,29.14000000
1780795800000,2026-06-07T01:30:00+00:00,405.34000000,406.98000000,404.96000000,406.91000000,120.36000000
1780796700000,2026-06-07T01:45:00+00:00,406.88000000,407.54000000,406.67000000,406.95000000,54.45000000
1780797600000,2026-06-07T02:00:00+00:00,406.96000000,407.71000000,406.96000000,407.71000000,44.89000000
1780798500000,2026-06-07T02:15:00+00:00,407.71000000,409.44000000,407.66000000,407.87000000,246.18000000
1780799400000,2026-06-07T02:30:00+00:00,407.89000000,407.93000000,406.04000000,407.09000000,184.39000000
1780800300000,2026-06-07T02:45:00+00:00,407.09000000,407.27000000,406.54000000,407.18000000,26.04000000
1780801200000,2026-06-07T03:00:00+00:00,407.18000000,407.18000000,406.85000000,406.95000000,17.27000000
1780802100000,2026-06-07T03:15:00+00:00,406.94000000,407.43000000,406.73000000,407.43000000,27.26000000
1780803000000,2026-06-07T03:30:00+00:00,407.40000000,407.50000000,406.38000000,407.49000000,117.88000000
1780803900000,2026-06-07T03:45:00+00:00,407.50000000,407.52000000,407.13000000,407.39000000,17.24000000
1780804800000,2026-06-07T04:00:00+00:00,407.31000000,408.97000000,407.08000000,408.81000000,40.71000000
1780805700000,2026-06-07T04:15:00+00:00,408.81000000,408.83000000,408.09000000,408.28000000,16.14000000
1780806600000,2026-06-07T04:30:00+00:00,408.27000000,408.53000000,408.03000000,408.53000000,29.59000000
1780807500000,2026-06-07T04:45:00+00:00,408.53000000,409.98000000,408.37000000,409.54000000,58.68000000
1780808400000,2026-06-07T05:00:00+00:00,409.51000000,410.90000000,409.27000000,410.86000000,57.56000000
1780809300000,2026-06-07T05:15:00+00:00,410.90000000,411.33000000,410.31000000,410.78000000,108.31000000
1780810200000,2026-06-07T05:30:00+00:00,410.67000000,411.27000000,410.43000000,410.66000000,106.94000000
1780811100000,2026-06-07T05:45:00+00:00,410.72000000,411.04000000,409.73000000,410.84000000,195.48000000
1780812000000,2026-06-07T06:00:00+00:00,410.84000000,412.76000000,409.99000000,410.55000000,570.69000000
1780812900000,2026-06-07T06:15:00+00:00,410.46000000,411.98000000,410.25000000,411.45000000,397.76000000
1780813800000,2026-06-07T06:30:00+00:00,411.46000000,412.65000000,411.37000000,411.70000000,175.21000000
1780814700000,2026-06-07T06:45:00+00:00,411.75000000,412.20000000,411.02000000,411.65000000,97.74000000
1780815600000,2026-06-07T07:00:00+00:00,411.60000000,412.70000000,411.48000000,411.99000000,84.39000000
1780816500000,2026-06-07T07:15:00+00:00,411.98000000,412.20000000,411.70000000,412.12000000,18.39000000
1780817400000,2026-06-07T07:30:00+00:00,412.12000000,413.45000000,412.00000000,412.52000000,201.55000000
1780818300000,2026-06-07T07:45:00+00:00,412.51000000,413.14000000,411.67000000,411.93000000,293.22000000
1780819200000,2026-06-07T08:00:00+00:00,411.93000000,412.78000000,411.87000000,412.21000000,42.39000000
1780820100000,2026-06-07T08:15:00+00:00,412.21000000,412.71000000,412.19000000,412.43000000,68.04000000
1780821000000,2026-06-07T08:30:00+00:00,412.41000000,413.00000000,412.40000000,412.63000000,101.47000000
1780821900000,2026-06-07T08:45:00+00:00,412.65000000,413.05000000,411.58000000,412.98000000,162.27000000
1780822800000,2026-06-07T09:00:00+00:00,413.02000000,413.99000000,413.01000000,413.27000000,182.96000000
1780823700000,2026-06-07T09:15:00+00:00,413.35000000,413.39000000,412.58000000,412.95000000,68.34000000
1780824600000,2026-06-07T09:30:00+00:00,413.04000000,413.05000000,411.86000000,412.17000000,93.81000000
1780825500000,2026-06-07T09:45:00+00:00,412.12000000,412.64000000,411.75000000,411.79000000,63.40000000
1780826400000,2026-06-07T10:00:00+00:00,411.74000000,411.80000000,407.64000000,408.15000000,347.41000000
1780827300000,2026-06-07T10:15:00+00:00,408.16000000,409.51000000,408.01000000,409.49000000,44.09000000
1780828200000,2026-06-07T10:30:00+00:00,409.49000000,409.96000000,409.20000000,409.90000000,103.74000000
1780829100000,2026-06-07T10:45:00+00:00,409.95000000,410.85000000,409.82000000,410.40000000,42.37000000
1780830000000,2026-06-07T11:00:00+00:00,410.35000000,410.87000000,410.07000000,410.84000000,42.66000000
1780830900000,2026-06-07T11:15:00+00:00,410.88000000,411.37000000,410.67000000,411.05000000,47.22000000
1780831800000,2026-06-07T11:30:00+00:00,411.08000000,411.88000000,410.95000000,411.87000000,18.60000000
1780832700000,2026-06-07T11:45:00+00:00,411.88000000,412.29000000,411.81000000,412.14000000,69.31000000
1780833600000,2026-06-07T12:00:00+00:00,412.04000000,412.05000000,410.10000000,410.64000000,60.37000000
1780834500000,2026-06-07T12:15:00+00:00,410.59000000,410.94000000,409.13000000,409.32000000,48.81000000
1780835400000,2026-06-07T12:30:00+00:00,409.34000000,409.50000000,408.40000000,409.26000000,46.60000000
1780836300000,2026-06-07T12:45:00+00:00,409.27000000,410.35000000,408.59000000,409.66000000,122.05000000
1780837200000,2026-06-07T13:00:00+00:00,409.67000000,411.74000000,409.67000000,410.76000000,180.40000000
1780838100000,2026-06-07T13:15:00+00:00,410.76000000,411.37000000,410.51000000,411.28000000,48.39000000
1780839000000,2026-06-07T13:30:00+00:00,411.21000000,412.59000000,411.09000000,411.77000000,118.24000000
1780839900000,2026-06-07T13:45:00+00:00,411.75000000,412.31000000,408.52000000,411.36000000,347.84000000
1780840800000,2026-06-07T14:00:00+00:00,411.39000000,412.84000000,410.87000000,412.65000000,135.40000000
1780841700000,2026-06-07T14:15:00+00:00,412.61000000,414.48000000,409.63000000,409.90000000,381.50000000
1780842600000,2026-06-07T14:30:00+00:00,409.88000000,412.47000000,408.43000000,412.05000000,542.46000000
1780843500000,2026-06-07T14:45:00+00:00,411.98000000,412.67000000,411.80000000,412.64000000,117.71000000
1780844400000,2026-06-07T15:00:00+00:00,412.60000000,413.68000000,411.40000000,412.84000000,258.72000000
1780845300000,2026-06-07T15:15:00+00:00,412.84000000,413.26000000,412.49000000,413.14000000,37.29000000
1780846200000,2026-06-07T15:30:00+00:00,413.18000000,414.30000000,413.18000000,414.09000000,157.00000000
1780847100000,2026-06-07T15:45:00+00:00,414.07000000,414.11000000,412.40000000,413.06000000,159.60000000
1780848000000,2026-06-07T16:00:00+00:00,413.06000000,413.06000000,411.31000000,412.18000000,160.83000000
1780848900000,2026-06-07T16:15:00+00:00,412.18000000,414.17000000,411.97000000,414.17000000,63.86000000
1780849800000,2026-06-07T16:30:00+00:00,414.06000000,414.44000000,413.57000000,413.74000000,38.74000000
1780850700000,2026-06-07T16:45:00+00:00,413.73000000,415.25000000,413.63000000,415.07000000,128.38000000
1780851600000,2026-06-07T17:00:00+00:00,415.04000000,416.39000000,414.94000000,415.71000000,148.11000000
1780852500000,2026-06-07T17:15:00+00:00,415.78000000,416.02000000,414.80000000,415.20000000,85.80000000
1780853400000,2026-06-07T17:30:00+00:00,415.22000000,415.83000000,415.21000000,415.70000000,38.48000000
1780854300000,2026-06-07T17:45:00+00:00,415.74000000,415.82000000,414.80000000,415.01000000,41.40000000
1780855200000,2026-06-07T18:00:00+00:00,414.94000000,415.12000000,413.57000000,414.44000000,155.61000000
1780856100000,2026-06-07T18:15:00+00:00,414.44000000,414.55000000,406.42000000,406.47000000,457.70000000
1780857000000,2026-06-07T18:30:00+00:00,406.53000000,412.84000000,406.43000000,412.70000000,810.19000000
1780857900000,2026-06-07T18:45:00+00:00,412.71000000,412.80000000,411.60000000,412.54000000,64.10000000
1780858800000,2026-06-07T19:00:00+00:00,412.54000000,412.59000000,410.27000000,410.35000000,94.09000000
1780859700000,2026-06-07T19:15:00+00:00,410.27000000,411.69000000,407.80000000,411.60000000,336.07000000
1780860600000,2026-06-07T19:30:00+00:00,411.55000000,411.84000000,409.08000000,409.71000000,84.88000000
1780861500000,2026-06-07T19:45:00+00:00,409.68000000,409.78000000,408.34000000,409.30000000,34.34000000
1780862400000,2026-06-07T20:00:00+00:00,409.35000000,409.65000000,408.94000000,409.42000000,25.08000000
1780863300000,2026-06-07T20:15:00+00:00,409.45000000,409.68000000,408.40000000,409.46000000,66.81000000
1780864200000,2026-06-07T20:30:00+00:00,409.51000000,409.77000000,409.22000000,409.38000000,18.43000000
1780865100000,2026-06-07T20:45:00+00:00,409.36000000,409.88000000,409.33000000,409.88000000,18.07000000
1780866000000,2026-06-07T21:00:00+00:00,409.88000000,410.16000000,409.10000000,410.10000000,18.23000000
1780866900000,2026-06-07T21:15:00+00:00,410.13000000,410.19000000,407.05000000,408.12000000,164.20000000
1780867800000,2026-06-07T21:30:00+00:00,408.14000000,408.42000000,406.63000000,406.93000000,62.21000000
1780868700000,2026-06-07T21:45:00+00:00,406.94000000,407.01000000,406.11000000,406.38000000,19.89000000
1780869600000,2026-06-07T22:00:00+00:00,406.40000000,411.31000000,405.93000000,411.00000000,553.25000000
1780870500000,2026-06-07T22:15:00+00:00,411.00000000,411.32000000,406.48000000,408.52000000,493.15000000
1780871400000,2026-06-07T22:30:00+00:00,408.53000000,408.92000000,407.06000000,407.99000000,161.28000000
1780872300000,2026-06-07T22:45:00+00:00,407.97000000,409.02000000,406.23000000,406.83000000,152.84000000
1780873200000,2026-06-07T23:00:00+00:00,406.66000000,408.07000000,405.67000000,407.69000000,320.32000000
1780874100000,2026-06-07T23:15:00+00:00,407.70000000,408.92000000,407.17000000,408.75000000,92.85000000
1780875000000,2026-06-07T23:30:00+00:00,408.76000000,408.99000000,407.81000000,408.85000000,160.50000000
1780875900000,2026-06-07T23:45:00+00:00,408.93000000,409.23000000,408.57000000,409.14000000,75.17000000
1780876800000,2026-06-08T00:00:00+00:00,409.02000000,422.59000000,408.25000000,418.05000000,1821.03000000
1780877700000,2026-06-08T00:15:00+00:00,418.15000000,421.41000000,417.50000000,420.21000000,967.64000000
1780878600000,2026-06-08T00:30:00+00:00,420.30000000,421.10000000,418.91000000,419.06000000,633.77000000
1780879500000,2026-06-08T00:45:00+00:00,418.94000000,418.94000000,413.70000000,417.39000000,1392.58000000
1780880400000,2026-06-08T01:00:00+00:00,417.39000000,422.30000000,417.39000000,420.63000000,1751.12000000
1780881300000,2026-06-08T01:15:00+00:00,420.71000000,420.99000000,418.10000000,418.25000000,578.61000000
1780882200000,2026-06-08T01:30:00+00:00,418.20000000,420.63000000,417.41000000,420.58000000,649.34000000
1780883100000,2026-06-08T01:45:00+00:00,420.62000000,421.65000000,420.12000000,421.60000000,276.94000000
1780884000000,2026-06-08T02:00:00+00:00,421.61000000,424.05000000,421.05000000,423.30000000,443.09000000
1780884900000,2026-06-08T02:15:00+00:00,423.27000000,424.49000000,422.07000000,424.33000000,491.52000000
1780885800000,2026-06-08T02:30:00+00:00,424.37000000,424.40000000,422.37000000,423.97000000,414.48000000
1780886700000,2026-06-08T02:45:00+00:00,424.07000000,424.81000000,423.41000000,423.85000000,255.20000000
1780887600000,2026-06-08T03:00:00+00:00,423.86000000,424.56000000,421.98000000,422.14000000,146.18000000
1780888500000,2026-06-08T03:15:00+00:00,422.13000000,422.97000000,420.58000000,422.10000000,510.40000000
1780889400000,2026-06-08T03:30:00+00:00,422.13000000,423.41000000,421.68000000,422.29000000,150.89000000
1780890300000,2026-06-08T03:45:00+00:00,422.17000000,422.56000000,421.75000000,422.25000000,71.06000000
1780891200000,2026-06-08T04:00:00+00:00,422.25000000,422.94000000,421.30000000,421.51000000,153.76000000
1780892100000,2026-06-08T04:15:00+00:00,421.57000000,421.97000000,420.55000000,421.31000000,122.85000000
1780893000000,2026-06-08T04:30:00+00:00,421.34000000,421.58000000,420.07000000,420.24000000,264.42000000
1780893900000,2026-06-08T04:45:00+00:00,420.28000000,421.36000000,419.57000000,419.85000000,173.46000000
1780894800000,2026-06-08T05:00:00+00:00,419.94000000,420.95000000,419.48000000,419.58000000,104.05000000
1780895700000,2026-06-08T05:15:00+00:00,419.55000000,420.07000000,417.35000000,418.14000000,311.42000000
1780896600000,2026-06-08T05:30:00+00:00,418.06000000,418.06000000,415.40000000,416.25000000,622.90000000
1780897500000,2026-06-08T05:45:00+00:00,416.20000000,416.74000000,415.25000000,416.52000000,168.93000000
1780898400000,2026-06-08T06:00:00+00:00,416.62000000,418.36000000,416.14000000,417.67000000,450.49000000
1780899300000,2026-06-08T06:15:00+00:00,417.66000000,419.73000000,416.62000000,419.45000000,319.07000000
1780900200000,2026-06-08T06:30:00+00:00,419.54000000,419.57000000,417.86000000,419.06000000,186.31000000
1780901100000,2026-06-08T06:45:00+00:00,419.08000000,419.59000000,418.23000000,419.59000000,55.56000000
1780902000000,2026-06-08T07:00:00+00:00,419.67000000,422.87000000,419.48000000,422.13000000,228.74000000
1780902900000,2026-06-08T07:15:00+00:00,422.25000000,423.21000000,421.03000000,422.56000000,275.89000000
1780903800000,2026-06-08T07:30:00+00:00,422.50000000,422.89000000,421.83000000,422.41000000,111.70000000
1780904700000,2026-06-08T07:45:00+00:00,422.42000000,423.94000000,422.38000000,422.97000000,116.92000000
1780905600000,2026-06-08T08:00:00+00:00,422.90000000,425.05000000,420.90000000,424.66000000,768.01000000
1780906500000,2026-06-08T08:15:00+00:00,424.57000000,425.25000000,423.85000000,424.47000000,359.99000000
1780907400000,2026-06-08T08:30:00+00:00,424.43000000,425.30000000,423.40000000,423.83000000,427.96000000
1780908300000,2026-06-08T08:45:00+00:00,423.81000000,424.00000000,422.50000000,423.67000000,131.24000000
1780909200000,2026-06-08T09:00:00+00:00,423.61000000,424.06000000,422.29000000,423.24000000,127.21000000
1780910100000,2026-06-08T09:15:00+00:00,423.13000000,424.37000000,423.12000000,424.18000000,223.88000000
1780911000000,2026-06-08T09:30:00+00:00,424.20000000,424.74000000,423.32000000,424.55000000,167.28000000
1780911900000,2026-06-08T09:45:00+00:00,424.50000000,425.14000000,424.26000000,424.92000000,50.72000000
1780912800000,2026-06-08T10:00:00+00:00,424.79000000,425.19000000,423.72000000,424.90000000,272.02000000
1780913700000,2026-06-08T10:15:00+00:00,424.89000000,424.91000000,423.74000000,424.20000000,108.89000000
1780914600000,2026-06-08T10:30:00+00:00,424.15000000,425.78000000,423.97000000,425.62000000,250.46000000
1780915500000,2026-06-08T10:45:00+00:00,425.70000000,425.78000000,424.38000000,425.00000000,119.46000000
1780916400000,2026-06-08T11:00:00+00:00,424.95000000,427.97000000,424.68000000,427.97000000,134.50000000
1780917300000,2026-06-08T11:15:00+00:00,427.97000000,429.17000000,427.39000000,429.12000000,275.85000000
1780918200000,2026-06-08T11:30:00+00:00,429.06000000,430.44000000,429.05000000,429.86000000,664.95000000
1780919100000,2026-06-08T11:45:00+00:00,429.79000000,430.75000000,429.16000000,430.04000000,158.38000000
1780920000000,2026-06-08T12:00:00+00:00,430.04000000,430.83000000,429.81000000,430.56000000,205.00000000
1780920900000,2026-06-08T12:15:00+00:00,430.61000000,432.06000000,430.51000000,431.77000000,279.52000000
1780921800000,2026-06-08T12:30:00+00:00,431.82000000,432.23000000,430.66000000,431.43000000,285.35000000
1780922700000,2026-06-08T12:45:00+00:00,431.56000000,432.38000000,430.59000000,432.01000000,220.03000000
1780923600000,2026-06-08T13:00:00+00:00,432.15000000,432.50000000,420.95000000,425.03000000,2341.96000000
1780924500000,2026-06-08T13:15:00+00:00,425.04000000,426.45000000,422.96000000,424.59000000,1347.89000000
1780925400000,2026-06-08T13:30:00+00:00,424.56000000,433.07000000,423.22000000,431.36000000,2711.26000000
1780926300000,2026-06-08T13:45:00+00:00,431.31000000,432.58000000,426.67000000,426.67000000,1507.27000000
1780927200000,2026-06-08T14:00:00+00:00,426.74000000,428.55000000,425.97000000,427.41000000,948.84000000
1780928100000,2026-06-08T14:15:00+00:00,427.43000000,429.02000000,425.42000000,428.88000000,877.98000000
1780929000000,2026-06-08T14:30:00+00:00,428.76000000,432.31000000,428.40000000,430.93000000,1354.63000000
1780929900000,2026-06-08T14:45:00+00:00,430.89000000,432.14000000,430.65000000,431.67000000,371.92000000
1780930800000,2026-06-08T15:00:00+00:00,431.66000000,434.05000000,431.37000000,433.43000000,393.02000000
1780931700000,2026-06-08T15:15:00+00:00,433.46000000,434.28000000,430.32000000,430.32000000,528.12000000
1780932600000,2026-06-08T15:30:00+00:00,430.48000000,432.00000000,429.41000000,432.00000000,453.83000000
1780933500000,2026-06-08T15:45:00+00:00,432.02000000,432.30000000,429.48000000,429.84000000,209.31000000
1780934400000,2026-06-08T16:00:00+00:00,429.82000000,431.24000000,429.43000000,430.48000000,192.99000000
1780935300000,2026-06-08T16:15:00+00:00,430.48000000,431.21000000,429.11000000,429.34000000,238.13000000
1780936200000,2026-06-08T16:30:00+00:00,429.37000000,430.07000000,428.78000000,429.45000000,339.49000000
1780937100000,2026-06-08T16:45:00+00:00,429.55000000,430.47000000,428.84000000,429.99000000,748.69000000
1780938000000,2026-06-08T17:00:00+00:00,429.96000000,430.02000000,427.61000000,427.98000000,224.47000000
1780938900000,2026-06-08T17:15:00+00:00,428.09000000,428.65000000,427.08000000,428.62000000,131.93000000
1780939800000,2026-06-08T17:30:00+00:00,428.65000000,428.85000000,427.84000000,427.90000000,275.73000000
1780940700000,2026-06-08T17:45:00+00:00,427.90000000,429.80000000,427.89000000,429.18000000,288.40000000
1780941600000,2026-06-08T18:00:00+00:00,429.21000000,430.40000000,429.16000000,429.50000000,474.68000000
1780942500000,2026-06-08T18:15:00+00:00,429.50000000,429.82000000,428.93000000,429.33000000,165.83000000
1780943400000,2026-06-08T18:30:00+00:00,429.31000000,429.86000000,428.31000000,428.38000000,101.06000000
1780944300000,2026-06-08T18:45:00+00:00,428.36000000,428.95000000,428.19000000,428.28000000,81.04000000
1780945200000,2026-06-08T19:00:00+00:00,428.29000000,428.76000000,427.12000000,427.44000000,133.69000000
1780946100000,2026-06-08T19:15:00+00:00,427.41000000,427.92000000,426.57000000,427.27000000,144.01000000
1780947000000,2026-06-08T19:30:00+00:00,427.29000000,428.83000000,426.50000000,426.50000000,130.03000000
1780947900000,2026-06-08T19:45:00+00:00,426.58000000,428.12000000,426.50000000,427.38000000,177.81000000
1780948800000,2026-06-08T20:00:00+00:00,427.37000000,428.17000000,426.85000000,427.86000000,159.49000000
1780949700000,2026-06-08T20:15:00+00:00,427.76000000,428.05000000,427.15000000,427.86000000,142.07000000
1780950600000,2026-06-08T20:30:00+00:00,427.86000000,428.20000000,427.54000000,428.02000000,109.22000000
1780951500000,2026-06-08T20:45:00+00:00,428.02000000,428.11000000,427.59000000,427.67000000,113.74000000
1780952400000,2026-06-08T21:00:00+00:00,427.65000000,427.98000000,427.65000000,427.85000000,24.44000000
1780953300000,2026-06-08T21:15:00+00:00,427.92000000,428.51000000,427.56000000,427.95000000,229.19000000
1780954200000,2026-06-08T21:30:00+00:00,427.88000000,427.97000000,427.53000000,427.71000000,15.34000000
1780955100000,2026-06-08T21:45:00+00:00,427.83000000,429.08000000,427.55000000,427.59000000,152.24000000
1780956000000,2026-06-08T22:00:00+00:00,427.66000000,427.71000000,426.94000000,427.14000000,128.64000000
1780956900000,2026-06-08T22:15:00+00:00,427.12000000,427.30000000,426.49000000,426.56000000,168.22000000
1780957800000,2026-06-08T22:30:00+00:00,426.59000000,427.00000000,426.46000000,426.76000000,81.37000000
1780958700000,2026-06-08T22:45:00+00:00,426.73000000,427.08000000,426.59000000,426.96000000,19.66000000
1780959600000,2026-06-08T23:00:00+00:00,426.94000000,427.83000000,426.81000000,427.50000000,128.25000000
1780960500000,2026-06-08T23:15:00+00:00,427.54000000,427.70000000,427.10000000,427.45000000,297.03000000
1780961400000,2026-06-08T23:30:00+00:00,427.40000000,428.87000000,427.21000000,428.30000000,65.53000000
1780962300000,2026-06-08T23:45:00+00:00,428.18000000,428.44000000,427.89000000,428.44000000,87.98000000
1780963200000,2026-06-09T00:00:00+00:00,428.44000000,429.12000000,426.05000000,426.58000000,211.64000000
1780964100000,2026-06-09T00:15:00+00:00,426.69000000,427.32000000,425.76000000,426.23000000,133.24000000
1780965000000,2026-06-09T00:30:00+00:00,426.38000000,426.56000000,425.66000000,426.23000000,140.90000000
1780965900000,2026-06-09T00:45:00+00:00,426.30000000,426.80000000,423.11000000,424.73000000,206.81000000
1780966800000,2026-06-09T01:00:00+00:00,424.73000000,426.09000000,423.17000000,424.26000000,423.17000000
1780967700000,2026-06-09T01:15:00+00:00,424.21000000,425.59000000,423.21000000,424.85000000,198.54000000
1780968600000,2026-06-09T01:30:00+00:00,424.95000000,425.61000000,424.42000000,425.24000000,230.30000000
1780969500000,2026-06-09T01:45:00+00:00,425.22000000,426.37000000,424.66000000,424.69000000,200.87000000
1780970400000,2026-06-09T02:00:00+00:00,424.85000000,425.50000000,424.64000000,425.41000000,156.62000000
1780971300000,2026-06-09T02:15:00+00:00,425.26000000,425.26000000,423.69000000,424.18000000,421.37000000
1780972200000,2026-06-09T02:30:00+00:00,424.34000000,424.85000000,423.33000000,424.77000000,243.34000000
1780973100000,2026-06-09T02:45:00+00:00,424.76000000,425.29000000,423.66000000,424.88000000,634.30000000
1780974000000,2026-06-09T03:00:00+00:00,424.85000000,425.64000000,424.68000000,425.47000000,196.40000000
1780974900000,2026-06-09T03:15:00+00:00,425.48000000,426.20000000,425.38000000,426.00000000,286.05000000
1780975800000,2026-06-09T03:30:00+00:00,426.07000000,426.86000000,425.85000000,426.67000000,123.23000000
1780976700000,2026-06-09T03:45:00+00:00,426.66000000,427.29000000,426.41000000,426.90000000,90.01000000
1780977600000,2026-06-09T04:00:00+00:00,426.94000000,428.01000000,426.53000000,427.85000000,86.92000000
1780978500000,2026-06-09T04:15:00+00:00,427.68000000,428.92000000,427.68000000,428.63000000,208.69000000
1780979400000,2026-06-09T04:30:00+00:00,428.65000000,429.36000000,428.05000000,428.44000000,190.23000000
1780980300000,2026-06-09T04:45:00+00:00,428.48000000,429.95000000,428.40000000,428.53000000,253.02000000
1780981200000,2026-06-09T05:00:00+00:00,428.63000000,428.93000000,428.00000000,428.73000000,126.53000000
1780982100000,2026-06-09T05:15:00+00:00,428.63000000,429.48000000,428.31000000,428.45000000,194.54000000
1780983000000,2026-06-09T05:30:00+00:00,428.43000000,430.13000000,428.35000000,429.86000000,230.64000000
1780983900000,2026-06-09T05:45:00+00:00,429.90000000,430.47000000,429.28000000,429.70000000,352.64000000
1780984800000,2026-06-09T06:00:00+00:00,429.80000000,430.92000000,429.55000000,430.57000000,151.72000000
1780985700000,2026-06-09T06:15:00+00:00,430.50000000,432.39000000,430.49000000,432.04000000,873.42000000
1780986600000,2026-06-09T06:30:00+00:00,431.95000000,432.82000000,431.06000000,432.47000000,200.32000000
1780987500000,2026-06-09T06:45:00+00:00,432.61000000,432.63000000,430.32000000,430.95000000,191.79000000
1780988400000,2026-06-09T07:00:00+00:00,431.07000000,433.07000000,430.96000000,431.68000000,243.10000000
1780989300000,2026-06-09T07:15:00+00:00,431.58000000,432.19000000,429.47000000,430.00000000,212.60000000
1780990200000,2026-06-09T07:30:00+00:00,430.00000000,430.99000000,429.65000000,430.85000000,165.37000000
1780991100000,2026-06-09T07:45:00+00:00,430.71000000,431.07000000,428.78000000,429.61000000,500.73000000
1780992000000,2026-06-09T08:00:00+00:00,429.61000000,430.50000000,428.85000000,430.06000000,198.66000000
1780992900000,2026-06-09T08:15:00+00:00,430.06000000,430.52000000,429.36000000,430.29000000,121.49000000
1780993800000,2026-06-09T08:30:00+00:00,430.38000000,431.30000000,430.35000000,431.14000000,88.08000000
1780994700000,2026-06-09T08:45:00+00:00,431.01000000,431.15000000,430.39000000,430.55000000,41.08000000
1780995600000,2026-06-09T09:00:00+00:00,430.49000000,431.40000000,430.11000000,431.03000000,189.02000000
1780996500000,2026-06-09T09:15:00+00:00,431.08000000,431.87000000,430.97000000,431.51000000,209.52000000
1780997400000,2026-06-09T09:30:00+00:00,431.54000000,431.54000000,430.75000000,430.96000000,97.78000000
1780998300000,2026-06-09T09:45:00+00:00,430.96000000,431.00000000,430.58000000,430.73000000,72.78000000
1780999200000,2026-06-09T10:00:00+00:00,430.74000000,431.36000000,423.24000000,428.35000000,2522.80000000
1781000100000,2026-06-09T10:15:00+00:00,428.39000000,429.52000000,426.97000000,427.98000000,560.46000000
1781001000000,2026-06-09T10:30:00+00:00,427.92000000,428.05000000,426.15000000,426.70000000,222.05000000
1781001900000,2026-06-09T10:45:00+00:00,426.79000000,427.62000000,426.52000000,427.49000000,99.24000000
1781002800000,2026-06-09T11:00:00+00:00,427.56000000,428.30000000,427.19000000,428.10000000,126.44000000
1781003700000,2026-06-09T11:15:00+00:00,428.11000000,428.51000000,427.81000000,428.35000000,93.45000000
1781004600000,2026-06-09T11:30:00+00:00,428.36000000,429.71000000,428.17000000,429.61000000,65.22000000
1781005500000,2026-06-09T11:45:00+00:00,429.55000000,429.88000000,429.12000000,429.47000000,131.84000000
1781006400000,2026-06-09T12:00:00+00:00,429.47000000,429.70000000,428.36000000,428.60000000,155.85000000
1781007300000,2026-06-09T12:15:00+00:00,428.45000000,428.60000000,427.32000000,428.04000000,225.84000000
1781008200000,2026-06-09T12:30:00+00:00,428.05000000,429.32000000,428.05000000,428.76000000,75.63000000
1781009100000,2026-06-09T12:45:00+00:00,428.73000000,429.59000000,428.17000000,429.25000000,983.46000000
1781010000000,2026-06-09T13:00:00+00:00,429.31000000,430.26000000,429.08000000,429.51000000,203.68000000
1781010900000,2026-06-09T13:15:00+00:00,429.56000000,430.93000000,429.55000000,430.78000000,147.54000000
1781011800000,2026-06-09T13:30:00+00:00,430.88000000,438.24000000,430.88000000,435.26000000,3418.42000000
1781012700000,2026-06-09T13:45:00+00:00,435.30000000,438.52000000,433.18000000,433.18000000,898.90000000
1781013600000,2026-06-09T14:00:00+00:00,433.15000000,434.33000000,428.95000000,429.20000000,1489.70000000
1781014500000,2026-06-09T14:15:00+00:00,429.18000000,432.61000000,427.38000000,430.87000000,2271.93000000
1781015400000,2026-06-09T14:30:00+00:00,430.85000000,431.28000000,426.19000000,426.19000000,2205.96000000
1781016300000,2026-06-09T14:45:00+00:00,426.19000000,428.73000000,423.12000000,428.73000000,3524.94000000
1781017200000,2026-06-09T15:00:00+00:00,428.66000000,428.85000000,425.45000000,428.05000000,1336.49000000
1781018100000,2026-06-09T15:15:00+00:00,428.01000000,428.19000000,419.18000000,419.48000000,1379.45000000
1781019000000,2026-06-09T15:30:00+00:00,419.45000000,422.16000000,418.31000000,421.39000000,1703.79000000
1781019900000,2026-06-09T15:45:00+00:00,421.40000000,422.45000000,415.22000000,415.43000000,1407.10000000
1781020800000,2026-06-09T16:00:00+00:00,415.41000000,417.53000000,411.85000000,413.17000000,1758.31000000
1781021700000,2026-06-09T16:15:00+00:00,413.19000000,413.37000000,407.62000000,411.37000000,2012.59000000
1781022600000,2026-06-09T16:30:00+00:00,411.30000000,411.75000000,405.85000000,409.47000000,2238.66000000
1781023500000,2026-06-09T16:45:00+00:00,409.25000000,411.01000000,406.55000000,411.01000000,997.05000000
1781024400000,2026-06-09T17:00:00+00:00,411.00000000,415.86000000,410.20000000,415.31000000,1050.01000000
1781025300000,2026-06-09T17:15:00+00:00,415.22000000,419.05000000,414.30000000,418.40000000,517.94000000
1781026200000,2026-06-09T17:30:00+00:00,418.28000000,421.71000000,417.39000000,420.32000000,1386.14000000
1781027100000,2026-06-09T17:45:00+00:00,420.25000000,421.16000000,416.62000000,420.57000000,549.33000000
1781028000000,2026-06-09T18:00:00+00:00,420.58000000,421.38000000,418.79000000,421.12000000,426.56000000
1781028900000,2026-06-09T18:15:00+00:00,421.16000000,424.86000000,420.49000000,424.70000000,340.25000000
1781029800000,2026-06-09T18:30:00+00:00,424.72000000,427.00000000,424.29000000,424.67000000,385.37000000
1781030700000,2026-06-09T18:45:00+00:00,424.66000000,428.88000000,424.57000000,428.62000000,259.42000000
1781031600000,2026-06-09T19:00:00+00:00,428.55000000,429.83000000,425.07000000,425.22000000,348.17000000
1781032500000,2026-06-09T19:15:00+00:00,425.31000000,426.12000000,422.16000000,425.76000000,460.55000000
1781033400000,2026-06-09T19:30:00+00:00,425.73000000,426.40000000,422.82000000,424.37000000,332.16000000
1781034300000,2026-06-09T19:45:00+00:00,424.50000000,428.58000000,423.31000000,428.05000000,418.09000000
1781035200000,2026-06-09T20:00:00+00:00,428.14000000,428.95000000,426.45000000,426.58000000,325.78000000
1781036100000,2026-06-09T20:15:00+00:00,426.58000000,427.05000000,425.55000000,427.05000000,160.41000000
1781037000000,2026-06-09T20:30:00+00:00,426.92000000,428.20000000,426.09000000,427.46000000,133.08000000
1781037900000,2026-06-09T20:45:00+00:00,427.40000000,427.44000000,426.79000000,427.13000000,41.93000000
1781038800000,2026-06-09T21:00:00+00:00,427.19000000,427.47000000,426.56000000,426.89000000,174.16000000
1781039700000,2026-06-09T21:15:00+00:00,426.98000000,427.18000000,424.45000000,424.61000000,318.17000000
1781040600000,2026-06-09T21:30:00+00:00,424.63000000,425.07000000,424.26000000,424.75000000,28.70000000
1781041500000,2026-06-09T21:45:00+00:00,424.71000000,425.35000000,424.25000000,425.35000000,20.98000000
1781042400000,2026-06-09T22:00:00+00:00,425.40000000,425.75000000,424.61000000,425.17000000,43.10000000
1781043300000,2026-06-09T22:15:00+00:00,425.24000000,425.45000000,424.21000000,424.60000000,24.28000000
1781044200000,2026-06-09T22:30:00+00:00,424.47000000,424.74000000,423.57000000,423.98000000,175.97000000
1781045100000,2026-06-09T22:45:00+00:00,423.95000000,424.40000000,423.56000000,424.35000000,131.43000000
1781046000000,2026-06-09T23:00:00+00:00,424.29000000,425.93000000,423.68000000,425.04000000,174.22000000
1781046900000,2026-06-09T23:15:00+00:00,424.95000000,425.17000000,424.26000000,424.34000000,132.81000000
1781047800000,2026-06-09T23:30:00+00:00,424.32000000,424.73000000,424.31000000,424.55000000,36.95000000
1781048700000,2026-06-09T23:45:00+00:00,424.59000000,426.32000000,424.11000000,425.26000000,1314.24000000
1781049600000,2026-06-10T00:00:00+00:00,425.33000000,429.68000000,420.90000000,427.45000000,1672.93000000
1781050500000,2026-06-10T00:15:00+00:00,427.43000000,428.50000000,426.38000000,428.34000000,117.44000000
1781051400000,2026-06-10T00:30:00+00:00,428.25000000,428.37000000,424.89000000,425.59000000,652.99000000
1781052300000,2026-06-10T00:45:00+00:00,425.43000000,427.04000000,424.52000000,426.92000000,722.15000000
1781053200000,2026-06-10T01:00:00+00:00,426.79000000,426.88000000,425.35000000,426.21000000,111.92000000
1781054100000,2026-06-10T01:15:00+00:00,426.27000000,427.57000000,424.29000000,424.57000000,351.28000000
1781055000000,2026-06-10T01:30:00+00:00,424.47000000,424.65000000,422.24000000,422.78000000,276.29000000
1781055900000,2026-06-10T01:45:00+00:00,422.68000000,424.36000000,422.62000000,423.19000000,301.11000000
1781056800000,2026-06-10T02:00:00+00:00,423.28000000,423.53000000,421.55000000,422.43000000,214.34000000
1781057700000,2026-06-10T02:15:00+00:00,422.44000000,422.94000000,421.66000000,422.20000000,85.81000000
1781058600000,2026-06-10T02:30:00+00:00,422.25000000,422.64000000,422.04000000,422.06000000,171.51000000
1781059500000,2026-06-10T02:45:00+00:00,422.16000000,422.45000000,421.13000000,421.53000000,1121.81000000
1781060400000,2026-06-10T03:00:00+00:00,421.55000000,422.79000000,421.48000000,422.14000000,92.42000000
1781061300000,2026-06-10T03:15:00+00:00,422.07000000,423.82000000,422.00000000,423.60000000,125.72000000
1781062200000,2026-06-10T03:30:00+00:00,423.60000000,423.83000000,422.93000000,423.15000000,88.00000000
1781063100000,2026-06-10T03:45:00+00:00,423.13000000,423.43000000,422.54000000,422.68000000,24.74000000
1781064000000,2026-06-10T04:00:00+00:00,422.72000000,423.10000000,421.18000000,421.33000000,88.88000000
1781064900000,2026-06-10T04:15:00+00:00,421.34000000,421.83000000,420.47000000,420.67000000,118.46000000
1781065800000,2026-06-10T04:30:00+00:00,420.58000000,421.28000000,419.01000000,419.05000000,444.58000000
1781066700000,2026-06-10T04:45:00+00:00,419.13000000,420.53000000,419.13000000,420.06000000,113.58000000
1781067600000,2026-06-10T05:00:00+00:00,420.06000000,420.63000000,419.50000000,419.86000000,63.66000000
1781068500000,2026-06-10T05:15:00+00:00,419.81000000,420.34000000,418.19000000,420.31000000,206.43000000
1781069400000,2026-06-10T05:30:00+00:00,420.32000000,423.30000000,418.47000000,421.70000000,801.79000000
1781070300000,2026-06-10T05:45:00+00:00,421.86000000,422.63000000,420.32000000,421.47000000,230.15000000
1781071200000,2026-06-10T06:00:00+00:00,421.58000000,423.37000000,421.39000000,423.03000000,98.44000000
1781072100000,2026-06-10T06:15:00+00:00,423.03000000,424.42000000,422.34000000,423.60000000,508.95000000
1781073000000,2026-06-10T06:30:00+00:00,423.50000000,424.12000000,422.70000000,423.35000000,74.00000000
1781073900000,2026-06-10T06:45:00+00:00,423.41000000,423.67000000,422.65000000,422.91000000,77.72000000
1781074800000,2026-06-10T07:00:00+00:00,422.93000000,423.66000000,422.39000000,423.24000000,130.72000000
1781075700000,2026-06-10T07:15:00+00:00,423.13000000,423.87000000,422.61000000,423.21000000,237.55000000
1781076600000,2026-06-10T07:30:00+00:00,423.21000000,423.88000000,422.33000000,422.65000000,85.87000000
1781077500000,2026-06-10T07:45:00+00:00,422.73000000,422.99000000,421.82000000,422.36000000,255.42000000
1781078400000,2026-06-10T08:00:00+00:00,422.44000000,423.35000000,420.05000000,420.18000000,805.97000000
1781079300000,2026-06-10T08:15:00+00:00,420.14000000,421.29000000,420.04000000,420.60000000,252.95000000
1781080200000,2026-06-10T08:30:00+00:00,420.45000000,421.00000000,418.42000000,418.50000000,657.37000000
1781081100000,2026-06-10T08:45:00+00:00,418.43000000,419.54000000,417.84000000,418.12000000,642.62000000
1781082000000,2026-06-10T09:00:00+00:00,418.11000000,418.41000000,414.86000000,414.93000000,784.13000000
1781082900000,2026-06-10T09:15:00+00:00,415.03000000,416.10000000,414.14000000,415.53000000,328.61000000
1781083800000,2026-06-10T09:30:00+00:00,415.60000000,417.16000000,415.20000000,415.98000000,303.00000000
1781084700000,2026-06-10T09:45:00+00:00,415.90000000,416.73000000,415.63000000,416.26000000,141.13000000
1781085600000,2026-06-10T10:00:00+00:00,416.35000000,416.63000000,414.96000000,415.38000000,170.12000000
1781086500000,2026-06-10T10:15:00+00:00,415.33000000,415.33000000,413.04000000,415.25000000,258.90000000
1781087400000,2026-06-10T10:30:00+00:00,415.16000000,416.63000000,414.93000000,416.16000000,287.43000000
1781088300000,2026-06-10T10:45:00+00:00,416.26000000,417.58000000,415.67000000,417.20000000,280.20000000
1781089200000,2026-06-10T11:00:00+00:00,417.25000000,417.39000000,413.22000000,414.58000000,593.81000000
1781090100000,2026-06-10T11:15:00+00:00,414.56000000,415.34000000,412.88000000,413.21000000,293.80000000
1781091000000,2026-06-10T11:30:00+00:00,413.05000000,413.67000000,411.56000000,411.86000000,580.10000000
1781091900000,2026-06-10T11:45:00+00:00,411.87000000,413.23000000,411.52000000,412.36000000,193.42000000
1781092800000,2026-06-10T12:00:00+00:00,412.35000000,412.75000000,411.64000000,412.08000000,126.98000000
1781093700000,2026-06-10T12:15:00+00:00,412.11000000,413.85000000,411.89000000,413.85000000,239.35000000
1781094600000,2026-06-10T12:30:00+00:00,413.88000000,423.12000000,413.58000000,418.35000000,2292.89000000
1781095500000,2026-06-10T12:45:00+00:00,418.38000000,420.07000000,416.79000000,416.91000000,702.18000000
1781096400000,2026-06-10T13:00:00+00:00,416.90000000,418.32000000,416.42000000,417.99000000,247.53000000
1781097300000,2026-06-10T13:15:00+00:00,417.87000000,418.67000000,413.42000000,414.51000000,1260.12000000
1781098200000,2026-06-10T13:30:00+00:00,414.46000000,419.90000000,412.95000000,419.28000000,2282.24000000
1781099100000,2026-06-10T13:45:00+00:00,419.11000000,422.70000000,416.95000000,417.58000000,2275.37000000
1781100000000,2026-06-10T14:00:00+00:00,417.75000000,421.94000000,416.43000000,419.49000000,1505.00000000
1781100900000,2026-06-10T14:15:00+00:00,419.54000000,424.00000000,418.41000000,423.53000000,711.52000000
1781101800000,2026-06-10T14:30:00+00:00,423.51000000,426.62000000,422.04000000,423.39000000,1265.89000000
1781102700000,2026-06-10T14:45:00+00:00,423.37000000,423.76000000,416.44000000,417.58000000,1196.09000000
1781103600000,2026-06-10T15:00:00+00:00,417.68000000,419.18000000,414.09000000,414.19000000,1242.48000000
1781104500000,2026-06-10T15:15:00+00:00,414.18000000,417.25000000,412.11000000,415.45000000,850.92000000
1781105400000,2026-06-10T15:30:00+00:00,415.53000000,417.07000000,414.28000000,416.81000000,886.19000000
1781106300000,2026-06-10T15:45:00+00:00,416.75000000,417.18000000,410.56000000,415.97000000,1035.34000000
1781107200000,2026-06-10T16:00:00+00:00,416.07000000,416.54000000,413.27000000,413.64000000,375.34000000
1781108100000,2026-06-10T16:15:00+00:00,413.79000000,415.12000000,413.49000000,414.30000000,222.18000000
1781109000000,2026-06-10T16:30:00+00:00,414.27000000,416.65000000,413.64000000,414.75000000,196.36000000
1781109900000,2026-06-10T16:45:00+00:00,414.73000000,415.29000000,413.37000000,414.52000000,142.68000000
1781110800000,2026-06-10T17:00:00+00:00,414.44000000,415.91000000,413.16000000,413.34000000,633.35000000
1781111700000,2026-06-10T17:15:00+00:00,413.26000000,413.87000000,412.80000000,413.46000000,52.46000000
1781112600000,2026-06-10T17:30:00+00:00,413.46000000,413.62000000,412.30000000,412.31000000,102.52000000
1781113500000,2026-06-10T17:45:00+00:00,412.30000000,415.52000000,412.22000000,415.18000000,275.55000000
1781114400000,2026-06-10T18:00:00+00:00,415.18000000,415.37000000,413.59000000,414.60000000,113.27000000
1781115300000,2026-06-10T18:15:00+00:00,414.48000000,415.32000000,413.21000000,413.27000000,110.26000000
1781116200000,2026-06-10T18:30:00+00:00,413.27000000,413.34000000,411.60000000,411.89000000,94.97000000
1781117100000,2026-06-10T18:45:00+00:00,411.80000000,411.80000000,409.96000000,410.31000000,159.12000000
1781118000000,2026-06-10T19:00:00+00:00,410.34000000,411.56000000,409.58000000,409.80000000,155.25000000
1781118900000,2026-06-10T19:15:00+00:00,409.85000000,410.00000000,408.24000000,409.10000000,69.59000000
1781119800000,2026-06-10T19:30:00+00:00,409.07000000,411.81000000,408.57000000,411.56000000,105.52000000
1781120700000,2026-06-10T19:45:00+00:00,411.52000000,411.90000000,408.54000000,409.08000000,357.04000000
1781121600000,2026-06-10T20:00:00+00:00,409.22000000,410.12000000,408.17000000,409.50000000,236.57000000
1781122500000,2026-06-10T20:15:00+00:00,409.37000000,410.10000000,409.16000000,409.20000000,69.40000000
1781123400000,2026-06-10T20:30:00+00:00,409.28000000,410.10000000,409.00000000,409.48000000,39.26000000
1781124300000,2026-06-10T20:45:00+00:00,409.39000000,409.80000000,408.70000000,409.48000000,59.15000000
1781125200000,2026-06-10T21:00:00+00:00,409.55000000,409.81000000,408.55000000,409.03000000,138.44000000
1781126100000,2026-06-10T21:15:00+00:00,408.97000000,409.54000000,408.74000000,409.25000000,53.21000000
1781127000000,2026-06-10T21:30:00+00:00,409.30000000,409.64000000,408.57000000,409.00000000,49.53000000
1781127900000,2026-06-10T21:45:00+00:00,409.06000000,409.06000000,408.15000000,408.54000000,60.10000000
1781128800000,2026-06-10T22:00:00+00:00,408.70000000,409.08000000,406.29000000,407.03000000,693.89000000
1781129700000,2026-06-10T22:15:00+00:00,407.12000000,408.08000000,406.80000000,407.78000000,43.51000000
1781130600000,2026-06-10T22:30:00+00:00,407.78000000,408.09000000,407.33000000,407.67000000,40.62000000
1781131500000,2026-06-10T22:45:00+00:00,407.65000000,407.80000000,406.49000000,406.69000000,178.93000000
1781132400000,2026-06-10T23:00:00+00:00,406.65000000,407.05000000,405.78000000,405.90000000,184.35000000
1781133300000,2026-06-10T23:15:00+00:00,405.94000000,408.35000000,405.80000000,408.21000000,302.87000000
1781134200000,2026-06-10T23:30:00+00:00,408.32000000,408.75000000,407.35000000,408.53000000,81.10000000
1781135100000,2026-06-10T23:45:00+00:00,408.57000000,408.70000000,407.23000000,407.23000000,62.62000000
1781136000000,2026-06-11T00:00:00+00:00,407.37000000,410.58000000,402.92000000,407.31000000,2729.57000000
1781136900000,2026-06-11T00:15:00+00:00,407.24000000,409.93000000,407.21000000,408.36000000,602.79000000
1781137800000,2026-06-11T00:30:00+00:00,408.29000000,409.78000000,408.28000000,409.42000000,127.79000000
1781138700000,2026-06-11T00:45:00+00:00,409.37000000,411.64000000,409.29000000,411.56000000,98.38000000
1781139600000,2026-06-11T01:00:00+00:00,411.52000000,416.19000000,411.48000000,416.19000000,712.26000000
1781140500000,2026-06-11T01:15:00+00:00,416.09000000,416.19000000,414.03000000,414.74000000,103.93000000
1781141400000,2026-06-11T01:30:00+00:00,414.70000000,415.02000000,413.75000000,414.29000000,78.14000000
1781142300000,2026-06-11T01:45:00+00:00,414.43000000,414.48000000,412.92000000,412.99000000,484.30000000
1781143200000,2026-06-11T02:00:00+00:00,413.00000000,414.09000000,412.28000000,412.31000000,162.18000000
1781144100000,2026-06-11T02:15:00+00:00,412.37000000,412.91000000,409.77000000,410.05000000,1116.20000000
1781145000000,2026-06-11T02:30:00+00:00,410.05000000,410.84000000,409.08000000,410.54000000,148.25000000
1781145900000,2026-06-11T02:45:00+00:00,410.48000000,412.79000000,410.38000000,412.40000000,172.82000000
1781146800000,2026-06-11T03:00:00+00:00,412.34000000,412.94000000,411.57000000,411.57000000,23.01000000
1781147700000,2026-06-11T03:15:00+00:00,411.59000000,412.15000000,411.55000000,412.15000000,14.94000000
1781148600000,2026-06-11T03:30:00+00:00,412.20000000,414.40000000,412.20000000,414.32000000,58.67000000
1781149500000,2026-06-11T03:45:00+00:00,414.33000000,415.03000000,413.90000000,415.01000000,80.52000000
1781150400000,2026-06-11T04:00:00+00:00,415.01000000,415.80000000,414.50000000,414.58000000,121.49000000
1781151300000,2026-06-11T04:15:00+00:00,414.58000000,415.10000000,413.93000000,414.13000000,78.87000000
1781152200000,2026-06-11T04:30:00+00:00,414.11000000,415.35000000,414.11000000,414.86000000,57.97000000
1781153100000,2026-06-11T04:45:00+00:00,414.86000000,415.28000000,414.81000000,415.04000000,43.00000000
1781154000000,2026-06-11T05:00:00+00:00,415.12000000,415.24000000,414.46000000,414.61000000,43.10000000
1781154900000,2026-06-11T05:15:00+00:00,414.60000000,415.24000000,413.24000000,414.62000000,193.92000000
1781155800000,2026-06-11T05:30:00+00:00,414.56000000,415.41000000,414.03000000,415.02000000,144.80000000
1781156700000,2026-06-11T05:45:00+00:00,414.96000000,415.12000000,414.22000000,414.62000000,208.57000000
1781157600000,2026-06-11T06:00:00+00:00,414.59000000,415.19000000,413.36000000,414.57000000,201.76000000
1781158500000,2026-06-11T06:15:00+00:00,414.63000000,415.37000000,414.43000000,414.67000000,41.37000000
1781159400000,2026-06-11T06:30:00+00:00,414.65000000,415.05000000,412.85000000,414.65000000,380.42000000
1781160300000,2026-06-11T06:45:00+00:00,414.69000000,415.39000000,414.49000000,415.23000000,68.88000000
1781161200000,2026-06-11T07:00:00+00:00,415.22000000,415.62000000,414.54000000,414.99000000,127.90000000
1781162100000,2026-06-11T07:15:00+00:00,414.84000000,416.86000000,414.46000000,416.86000000,146.60000000
1781163000000,2026-06-11T07:30:00+00:00,416.79000000,416.95000000,416.10000000,416.73000000,95.98000000
1781163900000,2026-06-11T07:45:00+00:00,416.67000000,416.73000000,415.31000000,415.79000000,98.54000000
1781164800000,2026-06-11T08:00:00+00:00,415.75000000,418.62000000,415.10000000,418.31000000,575.74000000
1781165700000,2026-06-11T08:15:00+00:00,418.32000000,418.62000000,417.18000000,417.89000000,190.09000000
1781166600000,2026-06-11T08:30:00+00:00,417.95000000,419.44000000,417.59000000,419.10000000,364.24000000
1781167500000,2026-06-11T08:45:00+00:00,419.13000000,419.29000000,418.18000000,418.44000000,108.73000000
1781168400000,2026-06-11T09:00:00+00:00,418.50000000,419.01000000,417.70000000,418.36000000,164.12000000
1781169300000,2026-06-11T09:15:00+00:00,418.28000000,419.07000000,417.85000000,418.52000000,112.75000000
1781170200000,2026-06-11T09:30:00+00:00,418.48000000,419.25000000,418.06000000,418.72000000,80.90000000
1781171100000,2026-06-11T09:45:00+00:00,418.69000000,419.24000000,418.33000000,418.49000000,181.70000000
1781172000000,2026-06-11T10:00:00+00:00,418.51000000,419.11000000,418.14000000,418.64000000,78.11000000
1781172900000,2026-06-11T10:15:00+00:00,418.64000000,419.23000000,418.23000000,418.39000000,579.13000000
1781173800000,2026-06-11T10:30:00+00:00,418.36000000,419.09000000,418.33000000,418.33000000,30.79000000
1781174700000,2026-06-11T10:45:00+00:00,418.31000000,418.64000000,416.69000000,417.16000000,225.77000000
1781175600000,2026-06-11T11:00:00+00:00,417.05000000,417.26000000,415.65000000,416.65000000,240.84000000
1781176500000,2026-06-11T11:15:00+00:00,416.64000000,416.90000000,415.48000000,416.31000000,191.53000000
1781177400000,2026-06-11T11:30:00+00:00,416.34000000,417.26000000,416.05000000,416.60000000,101.10000000
1781178300000,2026-06-11T11:45:00+00:00,416.55000000,417.39000000,416.54000000,417.05000000,33.10000000
1781179200000,2026-06-11T12:00:00+00:00,417.02000000,417.29000000,416.60000000,417.04000000,27.31000000
1781180100000,2026-06-11T12:15:00+00:00,417.10000000,417.11000000,413.43000000,414.25000000,480.58000000
1781181000000,2026-06-11T12:30:00+00:00,414.20000000,415.19000000,412.05000000,414.41000000,632.64000000
1781181900000,2026-06-11T12:45:00+00:00,414.33000000,415.75000000,413.89000000,415.03000000,143.85000000
1781182800000,2026-06-11T13:00:00+00:00,414.96000000,415.03000000,410.99000000,412.49000000,571.54000000
1781183700000,2026-06-11T13:15:00+00:00,412.58000000,414.46000000,412.41000000,413.93000000,525.59000000
1781184600000,2026-06-11T13:30:00+00:00,413.92000000,417.01000000,411.00000000,415.02000000,2587.46000000
1781185500000,2026-06-11T13:45:00+00:00,415.00000000,420.86000000,414.69000000,419.68000000,2006.53000000
1781186400000,2026-06-11T14:00:00+00:00,419.69000000,422.30000000,416.53000000,416.65000000,899.94000000
1781187300000,2026-06-11T14:15:00+00:00,416.73000000,419.55000000,416.23000000,417.54000000,503.81000000
1781188200000,2026-06-11T14:30:00+00:00,417.65000000,418.70000000,415.17000000,415.26000000,428.49000000
1781189100000,2026-06-11T14:45:00+00:00,415.30000000,415.69000000,411.35000000,412.50000000,532.75000000
1781190000000,2026-06-11T15:00:00+00:00,412.43000000,414.69000000,410.95000000,414.05000000,389.55000000
1781190900000,2026-06-11T15:15:00+00:00,414.18000000,415.03000000,412.50000000,412.74000000,205.65000000
1781191800000,2026-06-11T15:30:00+00:00,412.87000000,414.56000000,412.45000000,412.83000000,145.47000000
1781192700000,2026-06-11T15:45:00+00:00,412.87000000,413.85000000,412.21000000,413.51000000,109.19000000
1781193600000,2026-06-11T16:00:00+00:00,413.36000000,414.54000000,412.84000000,414.30000000,339.28000000
1781194500000,2026-06-11T16:15:00+00:00,414.29000000,414.53000000,412.30000000,412.30000000,193.57000000
1781195400000,2026-06-11T16:30:00+00:00,412.27000000,414.14000000,411.90000000,412.31000000,168.46000000
1781196300000,2026-06-11T16:45:00+00:00,412.30000000,412.59000000,409.66000000,409.66000000,184.01000000
1781197200000,2026-06-11T17:00:00+00:00,409.65000000,411.31000000,409.25000000,410.38000000,161.88000000
1781198100000,2026-06-11T17:15:00+00:00,410.37000000,415.78000000,409.50000000,415.67000000,642.04000000
1781199000000,2026-06-11T17:30:00+00:00,415.66000000,418.95000000,415.33000000,418.60000000,1953.28000000
1781199900000,2026-06-11T17:45:00+00:00,418.53000000,419.11000000,415.81000000,417.28000000,1085.84000000
1781200800000,2026-06-11T18:00:00+00:00,417.20000000,417.88000000,414.60000000,416.85000000,516.67000000
1781201700000,2026-06-11T18:15:00+00:00,416.86000000,417.63000000,415.31000000,416.30000000,247.37000000
1781202600000,2026-06-11T18:30:00+00:00,416.17000000,417.18000000,415.90000000,417.18000000,275.01000000
1781203500000,2026-06-11T18:45:00+00:00,417.04000000,418.67000000,416.98000000,418.07000000,180.10000000
1781204400000,2026-06-11T19:00:00+00:00,417.96000000,419.65000000,416.80000000,419.20000000,280.07000000
1781205300000,2026-06-11T19:15:00+00:00,419.24000000,420.25000000,418.82000000,419.67000000,328.77000000
1781206200000,2026-06-11T19:30:00+00:00,419.65000000,421.35000000,419.04000000,419.65000000,236.36000000
1781207100000,2026-06-11T19:45:00+00:00,419.62000000,421.22000000,417.75000000,421.22000000,145.74000000
1781208000000,2026-06-11T20:00:00+00:00,421.10000000,421.22000000,419.82000000,420.65000000,167.86000000
1781208900000,2026-06-11T20:15:00+00:00,420.77000000,421.10000000,419.74000000,420.20000000,201.21000000
1781209800000,2026-06-11T20:30:00+00:00,420.07000000,420.20000000,419.04000000,419.27000000,129.24000000
1781210700000,2026-06-11T20:45:00+00:00,419.30000000,420.79000000,419.07000000,420.01000000,225.27000000
1781211600000,2026-06-11T21:00:00+00:00,419.92000000,420.23000000,419.37000000,420.18000000,18.70000000
1781212500000,2026-06-11T21:15:00+00:00,420.07000000,420.46000000,419.65000000,420.20000000,211.02000000
1781213400000,2026-06-11T21:30:00+00:00,420.22000000,420.36000000,419.86000000,420.12000000,49.18000000
1781214300000,2026-06-11T21:45:00+00:00,420.12000000,420.50000000,420.05000000,420.36000000,146.41000000
1781215200000,2026-06-11T22:00:00+00:00,420.45000000,421.55000000,420.36000000,421.43000000,207.45000000
1781216100000,2026-06-11T22:15:00+00:00,421.40000000,421.88000000,421.14000000,421.81000000,45.11000000
1781217000000,2026-06-11T22:30:00+00:00,421.87000000,422.24000000,421.73000000,422.14000000,79.80000000
1781217900000,2026-06-11T22:45:00+00:00,422.20000000,423.40000000,422.20000000,422.57000000,171.83000000
1781218800000,2026-06-11T23:00:00+00:00,422.60000000,422.73000000,421.83000000,422.01000000,25.84000000
1781219700000,2026-06-11T23:15:00+00:00,422.05000000,422.65000000,421.96000000,422.35000000,90.52000000
1781220600000,2026-06-11T23:30:00+00:00,422.29000000,422.80000000,422.25000000,422.71000000,26.79000000
1781221500000,2026-06-11T23:45:00+00:00,422.75000000,423.30000000,422.52000000,422.83000000,163.62000000
1781222400000,2026-06-12T00:00:00+00:00,422.80000000,424.47000000,422.24000000,424.22000000,296.01000000
1781223300000,2026-06-12T00:15:00+00:00,424.21000000,425.90000000,423.74000000,425.89000000,292.23000000
1781224200000,2026-06-12T00:30:00+00:00,425.76000000,427.99000000,425.51000000,426.81000000,326.64000000
1781225100000,2026-06-12T00:45:00+00:00,426.89000000,427.74000000,425.69000000,427.40000000,287.16000000
1781226000000,2026-06-12T01:00:00+00:00,427.45000000,428.21000000,425.27000000,426.41000000,329.05000000
1781226900000,2026-06-12T01:15:00+00:00,426.35000000,426.35000000,422.88000000,423.39000000,861.60000000
1781227800000,2026-06-12T01:30:00+00:00,423.35000000,424.78000000,422.60000000,423.56000000,247.01000000
1781228700000,2026-06-12T01:45:00+00:00,423.55000000,424.80000000,423.48000000,424.12000000,137.94000000
1781229600000,2026-06-12T02:00:00+00:00,424.12000000,424.75000000,423.91000000,424.00000000,60.20000000
1781230500000,2026-06-12T02:15:00+00:00,423.97000000,425.05000000,423.65000000,423.77000000,297.03000000
1781231400000,2026-06-12T02:30:00+00:00,423.75000000,424.33000000,423.43000000,423.84000000,473.06000000
1781232300000,2026-06-12T02:45:00+00:00,423.88000000,424.66000000,423.67000000,424.62000000,382.93000000
1781233200000,2026-06-12T03:00:00+00:00,424.50000000,424.68000000,423.80000000,424.15000000,106.21000000
1781234100000,2026-06-12T03:15:00+00:00,424.06000000,424.22000000,423.55000000,423.61000000,89.04000000
1781235000000,2026-06-12T03:30:00+00:00,423.65000000,424.19000000,423.41000000,424.02000000,33.98000000
1781235900000,2026-06-12T03:45:00+00:00,423.90000000,423.90000000,423.04000000,423.43000000,23.52000000
1781236800000,2026-06-12T04:00:00+00:00,423.44000000,423.68000000,422.74000000,423.56000000,494.82000000
1781237700000,2026-06-12T04:15:00+00:00,423.56000000,423.88000000,423.37000000,423.88000000,372.15000000
1781238600000,2026-06-12T04:30:00+00:00,423.88000000,423.99000000,423.64000000,423.89000000,145.74000000
